"","mean","se_mean","sd","2.5%","25%","50%","75%","97.5%","n_eff","Rhat"
"eps2[1,1]",-0.784371008931246,0.0110461306744928,0.678360889232068,-2.06668242575191,-1.24744731490399,-0.806235814097968,-0.355851318183715,0.626761613309096,3771.3882916788,1.00192276503854
"eps2[1,2]",0.0808631971359831,0.00957718281813347,0.656785431164888,-1.20091618655526,-0.347646037269213,0.0709842618863906,0.508360828245788,1.36953904551261,4702.96195977483,1.00160811911545
"eps2[1,3]",-0.0364566896879547,0.0164307578326263,0.995619801037683,-1.95502679472704,-0.721664659445169,-0.0442330792392157,0.636901820876124,1.8942529254964,3671.73949593803,1.00064460436777
"eps2[1,4]",-0.127340760328516,0.00930281997917655,0.672513277041236,-1.46339245372558,-0.570208780514982,-0.122409576860459,0.30625833813222,1.20021022845846,5226.0371391135,1.0004598161973
"eps2[1,5]",0.556093702329779,0.0134121954287072,0.940645711525767,-1.35107914271123,-0.0666586269383083,0.57385352776918,1.19622646948132,2.36635018468376,4918.72354535055,1.00052845644777
"eps2[1,6]",-0.0150465803374199,0.013728806694105,0.983916813898523,-1.96049011389637,-0.66571890608755,-0.0102827589194662,0.636447057615637,1.92464650879872,5136.30948795242,0.999700284841069
"eps2[1,7]",0.000182532497245065,0.0167757944516188,1.01060820573821,-1.96795274415305,-0.693721735377639,0.000890206445126314,0.68604793189539,1.97310525181533,3629.10428364221,1.00038629397515
"eps2[1,8]",0.533471617855167,0.0109254901103145,0.814331521668544,-1.09092202733175,-0.012069894486321,0.541482848367436,1.07530405864776,2.14374253073495,5555.46781177401,1.00012401004127
"eps2[1,9]",0.348806239164365,0.0116103132945413,0.823896211563258,-1.2921075471099,-0.198345747413813,0.362163484170085,0.901749647319543,1.9544347388779,5035.66851440148,0.999799619635549
"eps2[1,10]",0.0922074384909622,0.0119221681889232,0.912164906301928,-1.7063344613389,-0.534541627816446,0.0938156286163625,0.703737367119568,1.88338220821319,5853.77776619472,1.00015900384771
"eps2[1,11]",1.16474879663804,0.0114826295167209,0.852813889166915,-0.55821181009535,0.587467731012999,1.18837956358516,1.74238106333868,2.77837095703283,5516.0198987492,1.00123765506283
"eps2[1,12]",0.0941083945418703,0.0115000211649767,0.949030934822336,-1.75613122527539,-0.538148357473833,0.0869365726507756,0.723122719462768,1.96399829198191,6810.25633309355,1.00028113171496
"eps2[1,13]",-0.164444428525245,0.0100587206774599,0.887284614721959,-1.8872094500125,-0.768709910179675,-0.155300458139062,0.425859138622926,1.57733610873991,7781.08940582434,0.999709624867599
"eps2[1,14]",0.284869874748921,0.00974506140360441,0.921179007085961,-1.52682501706816,-0.333597449502363,0.282031506176306,0.894430652359509,2.08470318368793,8935.50093253384,1.00018978802731
"eps2[1,15]",-0.0542604378650392,0.00949487474776557,0.952379579021204,-1.90042433122365,-0.700119533419761,-0.0677838943692792,0.582301640680438,1.80299187193799,10061.0120500514,0.999608234208988
"eps2[2,1]",0.791120371444988,0.0113908391755103,0.691517168843447,-0.63637632301404,0.336822847097228,0.809994566154737,1.27234981646057,2.08951332994439,3685.48369264526,1.00047107565968
"eps2[2,2]",0.852752718906736,0.0090760262237259,0.659269327377304,-0.483332952640204,0.414456683799212,0.857788498936795,1.29116240670761,2.13170522858237,5276.35802930167,0.999889297222503
"eps2[2,3]",-0.0839066896304581,0.0167210799875148,1.02639605688878,-2.12815047090605,-0.763403428292252,-0.0898373086672178,0.611839209549386,1.93558884255384,3767.91677054745,1.00037701348269
"eps2[2,4]",-0.734300509989161,0.0108942269547112,0.696073997786145,-2.04900554489887,-1.20734716854326,-0.757386348457607,-0.270185539699286,0.677583702178498,4082.42283473185,1.00135320149206
"eps2[2,5]",0.534926804939351,0.0132606171212565,0.933630379253534,-1.30212799525422,-0.102942245919527,0.531272731074364,1.17692845642674,2.30808337248456,4957.04062373713,1.00019394420408
"eps2[2,6]",0.147463883355305,0.0142710466319502,0.99511820788206,-1.83597809481752,-0.523655874723798,0.140426560092054,0.832844301031153,2.07831656690043,4862.25458915959,0.999890991366165
"eps2[2,7]",-0.00202675465550465,0.0168537918552559,1.02381485757504,-2.00491796606368,-0.690653640788784,-0.00679295618968089,0.685705186528295,2.01543792716042,3690.18044677066,0.999933636824235
"eps2[2,8]",0.50273067342981,0.0109717635041091,0.835589984430144,-1.17934878428673,-0.0552211938783291,0.500868503887258,1.06719871346838,2.12664413637877,5800.0745526468,1.00051224374751
"eps2[2,9]",-0.467861841540843,0.0125531750453802,0.852247177043878,-2.11921371226985,-1.03823889940728,-0.47461170277881,0.0933657959613038,1.25089795564059,4609.18323029694,1.00070290346265
"eps2[2,10]",0.500893821671128,0.0125445875363753,0.868872815047647,-1.20098363738889,-0.0760584112186788,0.501470849397547,1.08269634476415,2.16992988798292,4797.33057672696,0.999776210544847
"eps2[2,11]",1.18421594624593,0.0103812881878499,0.847937989996199,-0.527560915552471,0.637354154646117,1.18787266479049,1.75425632386818,2.82384985129151,6671.53381937474,1.00026240429711
"eps2[2,12]",0.161327521039835,0.0105337578063458,0.949611862818796,-1.69360986348715,-0.474038121818947,0.158123861059654,0.80091913712071,2.04878966904307,8126.91289682274,1.00002786827038
"eps2[2,13]",-0.21275054039968,0.0097862401184016,0.888293239066754,-1.95269098324831,-0.817658084690678,-0.216615863722747,0.387756851866944,1.53091983108215,8239.12284441021,1.00042940984162
"eps2[2,14]",-0.0753524067126954,0.0101471473554083,0.949946022992218,-1.91146830845302,-0.727412467070998,-0.0823900801669011,0.576762614758678,1.75938156015899,8764.1524504368,1.00068667437119
"eps2[2,15]",-0.146954923474819,0.00878258210619456,0.942031609850523,-1.98041523183733,-0.773997584474806,-0.161611918482685,0.477986647666046,1.75395728700638,11504.9971220995,1.00008924921481
"eps2[3,1]",-0.306746887118287,0.00801040464862019,0.640449771037472,-1.55860987496168,-0.741404491924401,-0.310959115168242,0.124023246188557,0.937705854587155,6392.36020340196,0.999906648077047
"eps2[3,2]",0.697315851031011,0.0103179027418082,0.653032452774943,-0.516518725623657,0.243871684803207,0.681999579814839,1.11791080743876,2.06301755758742,4005.7760804053,1.00003712195219
"eps2[3,3]",-0.0327227235528781,0.0175653837920524,1.02680228807101,-2.07785064647296,-0.732504459829389,-0.0357965833687431,0.66880292545311,1.96919722812983,3417.10535450671,1.00060081660796
"eps2[3,4]",1.09886513526315,0.00932356214041823,0.699107084707172,-0.322753284073981,0.638832722975039,1.11102647356546,1.56448763212988,2.42747663478026,5622.42495143669,1.00060214022428
"eps2[3,5]",0.370014034031179,0.0126356671926575,0.940709614639717,-1.52441381423774,-0.250998032745148,0.382670600531916,0.998348516603996,2.18928529668806,5542.61622019432,1.00059953536567
"eps2[3,6]",0.227366508698825,0.013607937424716,0.969686576851542,-1.68141789562829,-0.417908913361901,0.245115471746029,0.872034507398501,2.10365245838023,5077.83004055603,1.00003506398506
"eps2[3,7]",-0.0452612990340917,0.0154057845138304,1.0085459189362,-2.02177170292654,-0.728847589505674,-0.0357224169481004,0.642255681816648,1.94188063364797,4285.71922118064,1.00047945495655
"eps2[3,8]",0.231755630363199,0.0110466277136417,0.82212064634632,-1.38762193168231,-0.306034925325906,0.24274750681423,0.786296676775034,1.82113263636005,5538.74886611304,0.99985409651905
"eps2[3,9]",-0.580084228538523,0.0115618045447193,0.864493973583803,-2.2672270030384,-1.15373320399806,-0.594452110226153,-0.00592627234555183,1.14627841488435,5590.78374492009,1.00028948880578
"eps2[3,10]",0.301729087608495,0.0108158313198607,0.854903133075661,-1.38692374277603,-0.277272935694549,0.317772538083791,0.892609672608911,1.95014660753114,6247.611365974,1.00039122209934
"eps2[3,11]",0.735208397652634,0.0114006357723156,0.85306085180292,-0.925788388873635,0.159987799267019,0.740080102206385,1.30414722176934,2.39844618338926,5598.88931445384,1.00009900295119
"eps2[3,12]",0.810159612888287,0.0111109932596074,0.897244125870407,-1.01573334599536,0.222167867372208,0.816291842619907,1.41321855659836,2.55163427500543,6521.01920482427,1.00041310408475
"eps2[3,13]",0.0135321888141218,0.0104234132007238,0.907819009787115,-1.76586110206043,-0.595975715260083,0.00852539849150722,0.618948133449617,1.81241042617564,7585.40261149091,0.999623424241494
"eps2[3,14]",-0.0731075290640208,0.0101069711950326,0.959572956112586,-1.949430349187,-0.722798188669179,-0.0724269345634808,0.570427666454061,1.81360106212842,9013.92506508384,0.999992807515363
"eps2[3,15]",0.358974520229844,0.00958499590343831,0.959357603337656,-1.52830787324449,-0.286863897601327,0.371216876860229,1.02162915254229,2.17628572467825,10017.9112653369,0.999818272111413
"eps2[4,1]",-0.2186947485767,0.00821391257035236,0.644370390095526,-1.46501929468382,-0.642373401499415,-0.228460767903412,0.189493543911218,1.08147395716944,6154.19140758272,1.00075947883296
"eps2[4,2]",1.20522299165364,0.0084058155166865,0.642593605590869,-0.0319444028047881,0.775091813535466,1.192901617544,1.63098087292193,2.49090853345877,5844.03880006875,1.00053967300915
"eps2[4,3]",-0.00827544018381372,0.0171212035209718,0.995765853043954,-2.00916825770436,-0.663942895110059,-0.00516714061800586,0.66691694993376,1.93903775875972,3382.56288298185,1.00098512712775
"eps2[4,4]",1.12426218733125,0.00938102742376896,0.695756638574771,-0.275364509174461,0.675612642174635,1.12463126908469,1.58417922051977,2.48240347885732,5500.64866302737,1.00054723196176
"eps2[4,5]",0.441450613595094,0.0115682553778842,0.922985908669547,-1.40492396652077,-0.18013353995744,0.446939812465724,1.06585289298166,2.23118863597263,6365.82076368753,1.00040300170588
"eps2[4,6]",0.130093723590029,0.0119665159012684,0.957334782899061,-1.74922935615262,-0.514236843004388,0.119845567361131,0.761217904444415,2.02218647648961,6400.18064931233,1.00014762851153
"eps2[4,7]",-0.00293670279132443,0.0123071661219642,0.974086156220762,-1.88080397525051,-0.66400068201519,0.00332445518645077,0.656665215162962,1.90713152953457,6264.3875369289,1.00042005718138
"eps2[4,8]",0.178795491317749,0.010691903359849,0.817761835681033,-1.47082944361153,-0.354540917633174,0.182396641244563,0.720204988056004,1.76591622462881,5849.83514913245,0.999674799301696
"eps2[4,9]",0.426009380749701,0.0108156847303021,0.840557013068138,-1.22146014970339,-0.141217455516931,0.427754420389454,0.997710801604363,2.09095822152955,6039.852227017,0.999785864864509
"eps2[4,10]",0.220999495738001,0.0106770179814688,0.838215729458496,-1.41214959701836,-0.335725757741384,0.223079956717271,0.789881718594619,1.84515375642295,6163.27667888505,0.999735293287842
"eps2[4,11]",0.591919340148253,0.0108824090109939,0.841500045489351,-1.06722242005529,0.0175887074204314,0.595948741082023,1.17149649792249,2.23813252373222,5979.40813900385,0.999910217428273
"eps2[4,12]",-0.25401923866516,0.0106918500733723,0.889116356422588,-1.99978852327211,-0.863794324253068,-0.248104097890469,0.346195948149432,1.49951205249452,6915.3072216682,1.00092922042729
"eps2[4,13]",0.67253341032621,0.00989462145006005,0.880906831361215,-1.06607669972783,0.0859377028904551,0.669628521679346,1.27080228592037,2.37638841899694,7926.13725662198,0.999889272601827
"eps2[4,14]",0.159345974321851,0.0101422316204919,0.930704782596699,-1.64095266796533,-0.457459075171807,0.144015952070573,0.786163416036382,2.00336557715606,8420.86766515223,1.00011032942959
"eps2[4,15]",0.181435710689178,0.0094337808719706,0.938683603973985,-1.67963531317586,-0.438123008163249,0.189001350424957,0.807367055715335,2.04526272698188,9900.72267247897,0.999834087670413
"eps2[5,1]",0.83496077118611,0.00801813057921909,0.649111726812983,-0.463278309185749,0.419408117306083,0.831649038423651,1.261032778187,2.11796141307546,6553.79210602992,0.999933475224514
"eps2[5,2]",1.20115714869532,0.0090394642497056,0.668572445468,-0.13276862114671,0.76796782448205,1.20188258089961,1.64874010283951,2.50657919355991,5470.30528825155,1.00037695177321
"eps2[5,3]",0.0685705901304176,0.0178995189201715,1.03159842011926,-1.94863260571686,-0.627214327632994,0.0752482735692819,0.755715669775305,2.10781953569517,3321.53336430363,1.00081900627909
"eps2[5,4]",1.1009088904584,0.0103680997460164,0.707475240937222,-0.332599433939072,0.645604840711705,1.12091107611776,1.57316670536091,2.44662041862692,4656.11993013313,1.00062783610095
"eps2[5,5]",0.359896383091299,0.0137026725005278,0.957038488774408,-1.55352803946718,-0.27454241552791,0.378790315404474,1.00301869097049,2.22134580404673,4878.07251269511,1.00044479060546
"eps2[5,6]",-0.000231998148243707,0.0152897748157805,0.988514117611316,-1.96191175898392,-0.661473915085548,-0.0135707296638997,0.677448196013422,1.92177596077862,4179.87768928866,0.999917294255988
"eps2[5,7]",0.00644018877914358,0.0157225356932235,1.0280796715116,-2.00848847094249,-0.690213067878887,-0.00836768361715467,0.711731343514705,2.00036159655076,4275.71121535529,1.00003137627696
"eps2[5,8]",0.355580880117973,0.0115943102728721,0.838001200807245,-1.32112260970786,-0.205512572721849,0.369540459417191,0.910116919708093,1.9762100136795,5223.95521885332,0.999942986798259
"eps2[5,9]",0.807765773559553,0.0121276323593144,0.833813850714699,-0.852113678976619,0.257392487096357,0.817152507640151,1.36618487940778,2.41594910944079,4727.00611114316,0.999991023477583
"eps2[5,10]",-0.278258999476795,0.011613782116978,0.875055501459272,-1.97584707314243,-0.862800243780397,-0.282512320520995,0.315969543197119,1.45467842425901,5677.06479314287,1.00016579514334
"eps2[5,11]",-0.349105499143018,0.01176442205235,0.87225868611647,-1.99553124496214,-0.946804771255704,-0.367769489088466,0.234424264673028,1.39996292018592,5497.29967958783,1.00009154097113
"eps2[5,12]",-0.751683098914419,0.0113421366692711,0.904870427065853,-2.4785423522698,-1.37482482869452,-0.761882030463616,-0.129394078255331,1.0268273696045,6364.77473496122,1.00000101702295
"eps2[5,13]",0.613681291367396,0.0111214982600312,0.92616612853402,-1.22337143029958,-0.00825043149656951,0.636088953386964,1.23673773280298,2.41269783751833,6935.07547102414,1.00045554133994
"eps2[5,14]",0.569180182061332,0.0101574763331067,0.919793269960985,-1.25287340149204,-0.0480956235396264,0.57857864117417,1.19703272682612,2.35506894766962,8199.90492511641,0.999826214588099
"eps2[5,15]",0.135471767737268,0.00957350554931721,0.940217527789294,-1.6750891651949,-0.500375013366179,0.123867246466136,0.7789034922485,1.97407185074696,9645.27689030549,0.999776302719477
"eps2[6,1]",0.448595272425195,0.00839856011239238,0.655522690891461,-0.876886480713634,0.0288108013337408,0.463097930971113,0.885786347497526,1.713851953663,6092.08267863026,0.999845866252959
"eps2[6,2]",-1.02643400467966,0.0104211295321359,0.650168826204625,-2.25767448777746,-1.46201279421746,-1.05060313367146,-0.614263413832295,0.314845977913531,3892.44689954812,0.999879236995549
"eps2[6,3]",0.00799460632375847,0.0116241291262739,0.909905727564244,-1.76019892173299,-0.598182386936101,0.0136540162472536,0.61176405653234,1.80599600217072,6127.33952976041,1.00022792687947
"eps2[6,4]",-0.384807163105003,0.00859339741379695,0.650299932877362,-1.62598689202983,-0.82894961093737,-0.395790537968283,0.0309917361751288,0.917951234744115,5726.6102296097,1.00025378545329
"eps2[6,5]",-0.135362835555649,0.0115671553357681,0.907088012127821,-1.89583163437395,-0.739806641538514,-0.137512088679556,0.474497456530576,1.6509527618353,6149.58373399932,0.999906753742396
"eps2[6,6]",-0.0294455564527175,0.0111741176818129,0.923760942492572,-1.82955712480817,-0.65250997779184,-0.0278890395230204,0.592533638060911,1.80117765473947,6834.27909052874,1.00038583032652
"eps2[6,7]",0.00453273732799109,0.011807751876976,0.941957005057716,-1.85294205641365,-0.610269993162628,0.00300344833448066,0.634354485863266,1.83124939626051,6363.96413397186,0.999936922299386
"eps2[6,8]",-0.719234455579798,0.0090425687942183,0.772079806870922,-2.23969429460816,-1.23532580467621,-0.719910331320003,-0.206477373834201,0.810772771765605,7290.22185652083,0.999760467001734
"eps2[6,9]",0.0176105602137435,0.00959895307859792,0.79056965219357,-1.53614123723643,-0.51794470738898,0.0179487410766221,0.564336020407638,1.54108398268081,6783.16748312152,0.999664133543424
"eps2[6,10]",0.0432752544964771,0.00950497679735994,0.81789784398364,-1.58464631827473,-0.503229676452566,0.0471213081384611,0.590508117159861,1.65390677145289,7404.5045555543,0.999833467210085
"eps2[6,11]",-0.352442537386393,0.00966286998475191,0.827275220159202,-1.95088199054118,-0.918364579594548,-0.362068889422634,0.192496712459894,1.28392227192278,7329.72632740795,0.99990111627115
"eps2[6,12]",-0.0668884633363359,0.00953290513037175,0.855209098356994,-1.78091994175115,-0.63450649303888,-0.0595713177399587,0.495631307238641,1.58601797125511,8048.11332621041,1.00013357375132
"eps2[6,13]",0.324209435289777,0.00963039096807172,0.906433575640234,-1.46694869976615,-0.286256934472654,0.335550839391949,0.934543177895915,2.08507002317611,8858.98835428275,0.999803576641154
"eps2[6,14]",0.350339030793644,0.00899145826114998,0.909402789494475,-1.46284694925929,-0.24887840364775,0.364993912082499,0.957399581483457,2.09183016861223,10229.4503514689,0.999846648800315
"eps2[6,15]",-0.101653621993921,0.00916335732021785,0.92287725209984,-1.86865496499108,-0.746422612673157,-0.115600287863399,0.526038427665849,1.69550059745743,10143.2852411652,0.999959306431247
"eps2[7,1]",-1.16502706141994,0.0109536659517975,0.66049943547248,-2.42342790862999,-1.60774151622623,-1.18061090201003,-0.736399578685075,0.161725059923616,3636.01709843785,1.00178821133936
"eps2[7,2]",0.0747544145527037,0.0101713978124087,0.674507094922618,-1.24248871209436,-0.383887998525452,0.0794915950085256,0.531441207615517,1.39681074367298,4397.55990119784,1.00134323858062
"eps2[7,3]",-0.0421810712044934,0.0179280860605315,1.01638430740435,-2.09144750121698,-0.734091008814515,-0.0371415141768719,0.641404920502249,1.94665134221012,3214.01608263477,1.0016913798868
"eps2[7,4]",-0.6573890042989,0.0096299384599637,0.675149194624189,-1.9637922839765,-1.10611259435967,-0.662530491804865,-0.214252055242013,0.65641868860538,4915.3277813889,1.00005296127797
"eps2[7,5]",-0.526406488915796,0.0140416378849233,0.960582952066295,-2.32741768506581,-1.18895087015545,-0.553176655586526,0.114118291330561,1.42289779124506,4679.87455129731,1.00092941915395
"eps2[7,6]",-0.114839552860152,0.014290368799447,0.982850217780334,-2.05568784852871,-0.788205802686325,-0.109933406777436,0.552323203097085,1.79133456301776,4730.29038752667,1.00075223367125
"eps2[7,7]",0.0123555939488303,0.0157128774342766,1.00423118306084,-1.93237035192442,-0.677929364886943,0.0170685136921326,0.681802594661892,1.9881848755916,4084.66044610857,1.00039800555402
"eps2[7,8]",-1.01653975150658,0.0112292940257855,0.823212094979121,-2.60151788032535,-1.57234105396702,-1.03532045105215,-0.475257206038191,0.645814582076744,5374.25882571329,1.00110932846276
"eps2[7,9]",-0.681266073608201,0.0115074227517029,0.826256833123043,-2.28555841936648,-1.23302321936075,-0.69514079929864,-0.132929001148922,0.954873839603747,5155.53799487852,1.00051560191843
"eps2[7,10]",-0.00776873457105059,0.0103501809926263,0.833221521734487,-1.64199223572464,-0.584361229869823,-0.0050328047918616,0.552214699218298,1.59952638526425,6480.74702927516,1.00057195820918
"eps2[7,11]",-0.272025687789627,0.00985257751045641,0.833818996753663,-1.91175323283358,-0.835967662031427,-0.270595959302505,0.288035201578673,1.35219768663385,7162.15722356072,1.00034431209499
"eps2[7,12]",0.00463836810659516,0.0105131971865957,0.888119697143632,-1.72711860737631,-0.587082271598865,0.0114818867779014,0.597591127412199,1.75775398874702,7136.30468498493,1.00043991442945
"eps2[7,13]",0.118009670623079,0.0116138638315962,0.938225332971772,-1.68794402436683,-0.532339412529756,0.113258515149908,0.749193711574472,1.96008419611352,6526.20708961466,0.999915320040194
"eps2[7,14]",-0.582498917217736,0.0113633811903463,0.925744888219179,-2.36864496741368,-1.19842132061081,-0.58757487207303,0.019839310399559,1.32067112985195,6636.93392807546,1.0007803640799
"eps2[7,15]",-0.217530016968387,0.00973691954884878,0.932169862318302,-2.00759762760655,-0.842973425043085,-0.228897196174869,0.410827694206375,1.64472909743486,9165.3056413981,0.9998254389529
"eps2[8,1]",0.0752903348572242,0.00893189694454685,0.663810661425489,-1.22727542544962,-0.365208460002374,0.0797130759630804,0.516669831981406,1.37957192032624,5523.33060868405,1.00032971303841
"eps2[8,2]",-0.353600645550787,0.00855270795890575,0.634506696709302,-1.62098883603798,-0.770090791409406,-0.356632071099301,0.0695797055612797,0.892261695986679,5503.83156320647,1.00017968371067
"eps2[8,3]",0.0320900410142561,0.0177887970761325,1.03306465551975,-1.97930135639341,-0.662095899618846,0.0385476536852894,0.710945703132186,2.07287286905063,3372.57677082349,1.00010162240873
"eps2[8,4]",-0.534138657933425,0.00933242089863006,0.686777124325277,-1.92935966387348,-0.982865268807581,-0.528671281792614,-0.0859109943215336,0.815720378428065,5415.55544787365,0.999978086864983
"eps2[8,5]",0.254057778289638,0.013564403447356,0.94037304986658,-1.60643029358747,-0.390457368392641,0.279135293597976,0.903219414762751,2.01275554753235,4806.1680413196,0.999968703490227
"eps2[8,6]",-0.188077557445936,0.0158103815294516,1.03736923410945,-2.20488129046584,-0.910355089949388,-0.202733645810144,0.517379341320255,1.88137787265363,4305.08793678598,1.00082032414929
"eps2[8,7]",-0.00630437840108212,0.0169465951479124,1.05939926052085,-2.03164181834064,-0.741286005225598,-0.018270719220028,0.711505125482064,2.11116826901887,3907.99880488007,1.00016582407138
"eps2[8,8]",0.768746349893008,0.0154696399332593,0.863269760181906,-1.00814906552215,0.208104868510833,0.790227312071025,1.35637065843572,2.39360997717436,3114.10065301439,1.00174873361692
"eps2[8,9]",-0.158336683928664,0.011573468890333,0.845814839899179,-1.84964206098289,-0.729323841976784,-0.149772663433171,0.418793301048809,1.48687142778819,5341.01138899581,0.999923655840758
"eps2[8,10]",-1.42468104744061,0.0109857488687482,0.848238729718258,-3.09151963145851,-1.98652311340106,-1.42565589146085,-0.856602029238942,0.243103141665242,5961.79257961473,1.00024380683901
"eps2[8,11]",0.479422701593426,0.0097570434987123,0.819624619565572,-1.14405048727463,-0.0608167499342528,0.488615279985504,1.0310917069507,2.05465365693862,7056.56762528204,1.00031237716725
"eps2[8,12]",0.378194901597935,0.00950888077455587,0.862626480165647,-1.29859280002831,-0.205029626438694,0.374641933263261,0.975833798811885,2.03944445231871,8229.75235774094,1.00078768049445
"eps2[8,13]",0.235141577728772,0.00873326778216171,0.867893585402739,-1.46591769189833,-0.35190990204217,0.226640616046255,0.828224969242787,1.93875562082609,9875.96184391907,0.999959688386619
"eps2[8,14]",0.0448842408415277,0.00890506162782383,0.913829241103887,-1.72639277100926,-0.569492678996841,0.0538987344384302,0.652915081099564,1.83714459504208,10530.6757993029,0.999975714216453
"eps2[8,15]",0.0423660362887421,0.00981734356256456,0.94898795368066,-1.82373669563448,-0.595051529592958,0.0421292258624916,0.677105901187287,1.90216208314659,9344.01269856847,0.999586648174686
"eps2[9,1]",0.116890661663496,0.00793337832210514,0.63781501447118,-1.14262335314195,-0.308929737357056,0.123690218582191,0.5458802374537,1.35564778049556,6463.58027230224,0.99986733907274
"eps2[9,2]",-0.635551461124912,0.00799933860406365,0.620449071886981,-1.84782249509667,-1.04472395027692,-0.645159182946636,-0.246143289293193,0.644767377556437,6015.94860870596,0.999753530058727
"eps2[9,3]",0.00224207794569618,0.0117463946785887,0.892514257992566,-1.76898800712087,-0.596164188176494,0.0122946185484293,0.595788939861917,1.73569627532106,5773.26041084618,1.00006624606344
"eps2[9,4]",-0.339658467898244,0.00772636825559312,0.640738406194448,-1.61750364075784,-0.766761958437076,-0.338339376204948,0.0854802449866478,0.890741346271065,6877.1849764366,1.00142532884298
"eps2[9,5]",-0.0915795719278845,0.0104191183819261,0.85079373604896,-1.73446804369553,-0.658158622314079,-0.096516144425456,0.480483652193993,1.5648261659197,6667.862299934,1.00013359763633
"eps2[9,6]",-0.203201855449143,0.0105664196621132,0.896830520054465,-1.95425357162802,-0.807087621399075,-0.212146322669726,0.393105022424965,1.57513147169273,7203.85641258822,1.00001110542129
"eps2[9,7]",0.00119896247084052,0.0105776152569946,0.925228738335907,-1.7739914974516,-0.636624699975446,-0.0174348383103047,0.626321473192455,1.794718567564,7651.07915812737,1.00004944749104
"eps2[9,8]",-0.382237518403758,0.00947032224460083,0.773342694920984,-1.85030350162325,-0.901130565893286,-0.387360650189308,0.140699889984643,1.1409868028667,6668.2897298928,0.999848186743715
"eps2[9,9]",-0.184082414128708,0.00950849401324223,0.761767721169441,-1.67958276019058,-0.696264710544516,-0.186712049348672,0.325484142957326,1.31618295447466,6418.3243062979,0.999891267847009
"eps2[9,10]",-0.283905229344765,0.00979873128704123,0.799600774242636,-1.84338764782368,-0.824785609452825,-0.282218326546191,0.246698213518206,1.3100839762311,6658.96474825438,1.00007033900663
"eps2[9,11]",0.0744335361612202,0.0093490858063772,0.790638670248108,-1.47284392522633,-0.458365247402783,0.0740346328669666,0.60179906132301,1.63055773486514,7151.84036872385,1.00005792361733
"eps2[9,12]",-0.427334584568972,0.00984536746452601,0.835355463459299,-2.06948930581818,-0.998009830256677,-0.435577627310769,0.124530970611595,1.25103665644563,7199.10941680337,1.00024069636416
"eps2[9,13]",0.247338414690854,0.00923561099266293,0.858854393445694,-1.47532257584684,-0.323259387882295,0.243615946206255,0.825201436539115,1.92040650019751,8647.84345355292,0.999978492798955
"eps2[9,14]",0.132916372316624,0.00909488026288845,0.895972984610564,-1.62407593108681,-0.463454361025086,0.131787869488877,0.7383376847796,1.89023757775345,9705.00712131937,0.999806508936531
"eps2[9,15]",0.13328479898094,0.00905995473510749,0.921009331051416,-1.6639285856193,-0.500620197106817,0.130939633745724,0.75422040238892,1.95879789042422,10334.179591967,1.0000883825324
"eps2[10,1]",0.718859997510078,0.00884931481994688,0.632260715344968,-0.566382872838067,0.312391204180355,0.732558145070408,1.14520433441564,1.93405751857743,5104.73386812561,1.00041267452726
"eps2[10,2]",-0.292622146320459,0.00718494058160441,0.620330538821336,-1.48789972762875,-0.710555539582902,-0.284942274998892,0.111931857166456,0.94628391995792,7454.18148289579,0.999842062890838
"eps2[10,3]",-0.00713927547619959,0.011849680780256,0.890728776710126,-1.77174907426002,-0.614525352454596,0.00348041417738868,0.604008669122646,1.69930403646378,5650.38011058972,1.00069254476004
"eps2[10,4]",-0.829233126708947,0.00782969556535969,0.637335319782482,-2.09495062400351,-1.24633142317211,-0.834175267717639,-0.411773372990602,0.429091718649823,6625.92050990105,0.999812265044201
"eps2[10,5]",-0.361732246252573,0.00910040078900705,0.716169732747983,-1.75723089417034,-0.849698729894381,-0.365387786257414,0.117965683563486,1.05777313608364,6193.13983961388,1.00066934871958
"eps2[10,6]",-0.0263451006373478,0.0103777685399023,0.894222699538786,-1.76123415542604,-0.62492267227662,-0.0409120876500376,0.579451122207405,1.74360819318604,7424.7770930744,0.999909684679934
"eps2[10,7]",-0.0190297424007231,0.00982739409538759,0.893459205294769,-1.79123649767691,-0.614239845531656,-0.028077694519677,0.577513300848877,1.71865360134892,8265.56814455878,0.999919113333276
"eps2[10,8]",-0.04431346337021,0.00810937128723306,0.75399124664438,-1.53258051647438,-0.544806494027504,-0.0411126369072676,0.464203525035025,1.39702993333111,8644.86544485862,0.999693970678777
"eps2[10,9]",-0.390308346032294,0.0094219987413706,0.774135248492454,-1.91148465472902,-0.9099868646588,-0.392861318406063,0.129456155363841,1.12696465832271,6750.68123562395,1.00050986695865
"eps2[10,10]",-0.251068665517945,0.00944954185967108,0.781174344948209,-1.76594631894734,-0.794008219836519,-0.258851539295848,0.292369092316335,1.28186296121456,6833.99154887858,1.00025138146361
"eps2[10,11]",-0.151434103850598,0.00830713324711639,0.771542968289473,-1.63691906283027,-0.672147295589947,-0.156381251184738,0.358827928106626,1.37194045600607,8626.16739875177,1.00013368002494
"eps2[10,12]",0.0570899592323189,0.00939740805427781,0.830604670395518,-1.57236717395647,-0.501466054996164,0.0658480374253793,0.6062772474921,1.68342110509683,7812.185861471,1.00011051866371
"eps2[10,13]",0.0664122284463059,0.00912441165162891,0.8489767954037,-1.65619583879562,-0.486790656756698,0.0754989680202844,0.627418068223377,1.69921570392964,8657.28867756715,0.999928873229691
"eps2[10,14]",0.00587056486965069,0.00928849530838593,0.898036867190381,-1.75055543004547,-0.583526691990823,0.0154646229098791,0.596100718685031,1.75799581958578,9347.54576662309,0.999902532068314
"eps2[10,15]",-0.0337794106541319,0.00921902887448135,0.953558898899098,-1.87785093941724,-0.686381055520099,-0.0368246995243823,0.618401452321269,1.82248030260613,10698.5444773576,0.99970315171256
"eps2[11,1]",-0.160526666295196,0.00846748014596052,0.637813653627073,-1.38460813107083,-0.585210333190942,-0.172514803877682,0.26351133513472,1.11067165033397,5673.86828608792,1.00108224252376
"eps2[11,2]",1.07506335674478,0.00948965264641185,0.655669902542814,-0.287311940308624,0.655541309915966,1.08827388262819,1.51845167591695,2.30939231134091,4773.86204883495,1.00066174465991
"eps2[11,3]",-0.0537223846462579,0.012551045490984,0.924347155622403,-1.83178357063515,-0.688985446675496,-0.0639415916819133,0.579221262242524,1.7757542082263,5423.88422764705,1.00024045385573
"eps2[11,4]",0.0867795323535597,0.00906481430757553,0.675865681364312,-1.24964843955636,-0.366912882374181,0.0952241443534469,0.540767704415307,1.3844316961015,5559.08053011992,1.00004044437686
"eps2[11,5]",0.168466933319951,0.00884476908166625,0.7078766046923,-1.26358184522153,-0.28679802171578,0.179884976882627,0.645276079321269,1.54249608765204,6405.33901443523,1.00003052677388
"eps2[11,6]",0.147006478504568,0.0135042270802956,0.94996032332805,-1.73992715795619,-0.47871012298613,0.153522558736102,0.782032384478677,1.9993253374439,4948.47600620475,1.00041795305333
"eps2[11,7]",-0.00644339557110491,0.0136883890926867,0.961367833005378,-1.83998919868224,-0.658440722871611,-0.0160446580213678,0.658880759476607,1.86965642755568,4932.58400561817,1.00019098074528
"eps2[11,8]",0.100487651740267,0.010370093122197,0.783994808218988,-1.43449471288657,-0.426729387979447,0.0971096295831851,0.61860649621473,1.65593119225086,5715.58990853597,1.00047290566059
"eps2[11,9]",-0.244761148447645,0.0106320878357204,0.805917086061246,-1.82547791333519,-0.776833578686119,-0.245134860151144,0.288997657474407,1.33516970740012,5745.70884294334,1.00018913237393
"eps2[11,10]",0.630562983952127,0.0102497176988363,0.813172543465325,-0.996928672487383,0.089814457876413,0.638005964931728,1.17085941297798,2.22438603728407,6294.21544950245,1.00004679800579
"eps2[11,11]",-0.334761532087472,0.0106145365749896,0.814817422704867,-1.90927843368495,-0.889124172303577,-0.342260679133445,0.207344533423246,1.29782228038626,5892.75707036322,0.999958258083664
"eps2[11,12]",0.169859648355949,0.0105119262213043,0.880809705506121,-1.57719154355456,-0.430143326656439,0.170307965796748,0.775919051072672,1.88743789906422,7021.00972563327,0.99982316655991
"eps2[11,13]",-0.693781452172357,0.0123134296558447,0.9181786580111,-2.44544772652275,-1.31733645081776,-0.715958755979253,-0.0857847011511375,1.17906460037508,5560.27562650199,1.00110362707168
"eps2[11,14]",-0.478704048918033,0.0102699779201922,0.946052655352563,-2.27745442235659,-1.12337639509252,-0.478097277435525,0.149107365325662,1.4295865678981,8485.77667968356,1.00041811612156
"eps2[11,15]",-0.0647026652791437,0.00913601035371184,0.922748631446158,-1.89546246396958,-0.686198042977891,-0.0680025257276285,0.545337897622917,1.76429727469783,10201.2561654701,0.999869455213621
"eps2[12,1]",-0.546127635612635,0.00772139452147645,0.640622450999538,-1.82097680105265,-0.963499000900206,-0.534333399678307,-0.110028402585689,0.702593357069174,6883.55557649046,0.999928072943167
"eps2[12,2]",-0.0910069197134086,0.0103048426386964,0.645187580632926,-1.32970257453758,-0.522964875982931,-0.0993187692884078,0.331553337448896,1.20250684056072,3920.02890593048,1.000319773585
"eps2[12,3]",-0.0477173878508998,0.0145662802819618,0.943371374102088,-1.86575636169097,-0.683569879137771,-0.0547335258025706,0.57645673202228,1.8221374179393,4194.38279137147,0.999752088085134
"eps2[12,4]",0.554021495458281,0.00821285296666361,0.652393849917815,-0.747227170122478,0.124556749522489,0.562434613668379,0.988289298845931,1.80640646304658,6310.0328624596,0.999967257090065
"eps2[12,5]",-0.3283864021212,0.0085947380134815,0.715457440190645,-1.73275152904039,-0.801227231633505,-0.328515956281772,0.145333377665723,1.07936190491802,6929.5067598739,1.00008384824533
"eps2[12,6]",0.0845998857284704,0.0128800277930699,0.943002061684905,-1.77491296679459,-0.543922451322134,0.0847893764970796,0.713947396213116,1.9370061226333,5360.33193773251,0.999828830446433
"eps2[12,7]",-0.00634528116489334,0.0141619728611141,0.977150088711647,-1.87176272468992,-0.682978829503717,-0.0156889522890699,0.659390603174381,1.89504622034399,4760.7462716896,0.999693276098398
"eps2[12,8]",-0.806092664904182,0.0105815116940818,0.798386913599686,-2.34699326756374,-1.34433297332343,-0.81590020545309,-0.277207313340083,0.777698017600463,5692.87158038962,1.00006521378039
"eps2[12,9]",-0.628197587947547,0.00974706529217889,0.791083039055192,-2.14496096360028,-1.15956636973256,-0.640929433151681,-0.100055721145284,0.921055016394003,6587.1324494607,0.999951030842698
"eps2[12,10]",0.513625779608156,0.0100125789290113,0.789953565512946,-1.05493068453321,-0.00850832702806104,0.511992279654041,1.04118707795882,2.06623704670733,6224.59675537864,0.999936781459902
"eps2[12,11]",-0.013469093741698,0.0101927018038046,0.826133883012024,-1.62414669975784,-0.565071028290812,-0.0134273671653645,0.53990689605556,1.58679591250351,6569.34744558128,0.999938515402279
"eps2[12,12]",0.132073237280819,0.0101250230295119,0.8620337395224,-1.58476967485907,-0.433814759422033,0.140033385809273,0.716075945891748,1.80971171618663,7248.63929459997,0.999771473480846
"eps2[12,13]",0.204883427382375,0.0097161609961563,0.880288645030515,-1.49726726370902,-0.375683327834986,0.209370208010532,0.80425516776817,1.90280600953023,8208.4431534962,0.999956138741085
"eps2[12,14]",-0.471040850980774,0.00993051548979155,0.918019717042242,-2.25868251587774,-1.07373840474599,-0.480575491911475,0.13639210188083,1.3684273130627,8545.95165493578,0.999686380652919
"eps2[12,15]",0.103578309559007,0.00906196667098774,0.923035089367145,-1.72812102476539,-0.512647790150951,0.111318837361371,0.720670927120187,1.92172811981566,10375.081123039,0.999855382329225
"eps2[13,1]",-0.585375935819466,0.00806653310184962,0.629573391622805,-1.82906624540321,-1.00252432912409,-0.591215325391372,-0.173173395254243,0.642649634792995,6091.42482190945,1.00005340642653
"eps2[13,2]",0.650860423453271,0.00836130120443332,0.635195093060418,-0.599162938087241,0.229525985033516,0.655774717188912,1.08504350836376,1.88564769074939,5771.20540587807,0.999988353701119
"eps2[13,3]",0.0259191469082877,0.0140949437830787,0.950236574792575,-1.850615537978,-0.607789657117295,0.0309294673415176,0.663217135503084,1.90883582292133,4545.03036303122,1.00015742249273
"eps2[13,4]",0.764030821793434,0.00862460537329634,0.649859612125773,-0.572919192065134,0.336901571782747,0.774660834138273,1.20639143164647,2.0104684921407,5677.54556981408,1.00021876875355
"eps2[13,5]",-0.66186360825031,0.00901927447734086,0.70970483071977,-2.05174656874739,-1.13280483198213,-0.677078939106009,-0.191404623894628,0.750425847217779,6191.73435186879,1.0019884259392
"eps2[13,6]",-0.109334949266856,0.0114898853225276,0.92529269119835,-1.9096764662226,-0.724929386598864,-0.117773918482039,0.503398799622838,1.71546439732943,6485.25228210983,0.999664563089133
"eps2[13,7]",-0.0190659048284597,0.011250873744282,0.933164667576003,-1.85349620335866,-0.640685338386691,-0.0242840598675299,0.613069178524039,1.82345741309945,6879.29718330757,0.999627439007724
"eps2[13,8]",-0.418373590924554,0.00975033346035883,0.795852847626137,-1.98428017394096,-0.94198612075628,-0.427890202342096,0.104441661248746,1.1736700996844,6662.33722697426,1.00004654169133
"eps2[13,9]",-0.0872528357081287,0.00992763547279716,0.808905964284677,-1.65562996203916,-0.626405298075679,-0.10735184487159,0.451736878345038,1.543014093983,6639.0269387238,1.00012807875238
"eps2[13,10]",0.207069342564412,0.00963633449215017,0.799435120566935,-1.34794254719911,-0.336479074085558,0.202853888283732,0.735013654532872,1.78355251378967,6882.44443853252,0.999963634104272
"eps2[13,11]",-0.315499530551109,0.00973503048023954,0.817283044315496,-1.92068590450053,-0.859657472276384,-0.320095159272727,0.230802883171187,1.28959968365365,7048.07223828716,1.00000633097542
"eps2[13,12]",-0.614084635552371,0.0105434086427831,0.86259740646432,-2.29053642527893,-1.19422982110246,-0.632877724770251,-0.0400087215826587,1.12091336816416,6693.51463833767,1.00039152361319
"eps2[13,13]",-0.0302230363856981,0.00965559757717941,0.919060575300753,-1.83464062225478,-0.649172212014462,-0.0354756859075795,0.592215736467299,1.79151040274287,9060.03674809785,0.999514778935964
"eps2[13,14]",-0.0760081856590134,0.00970734741282488,0.901343843384627,-1.85607743982602,-0.683092861018723,-0.0715061936742744,0.515158092088292,1.69189852017838,8621.44074893676,1.00013937787829
"eps2[13,15]",0.179066727737696,0.00938284601408008,0.948955494373618,-1.70465384316839,-0.44993145059307,0.177479951114776,0.825013675310747,2.0383889045419,10228.7487558429,0.999611118910338
"eps2[14,1]",-0.458143613289278,0.00907068968635772,0.644250024535304,-1.66485088684342,-0.907919475238435,-0.474833169583169,-0.0317404900984624,0.859231118475538,5044.61780117908,1.0005443357704
"eps2[14,2]",0.146885033694995,0.00802587955759345,0.631682354807506,-1.10189928043044,-0.270593432708292,0.141226341082249,0.554409614784095,1.41308878742226,6194.58497879604,0.999879106384947
"eps2[14,3]",0.0289067189052644,0.0140673272190205,0.952498242767301,-1.83248505696181,-0.597600503313305,0.0318592487577384,0.660570111704149,1.91537454402214,4584.63944813276,1.00130707228539
"eps2[14,4]",0.224347699039716,0.00814358336532303,0.657820395912126,-1.0816435115116,-0.201151431458434,0.222205359046254,0.649276899430397,1.55172905986255,6525.04598069612,0.999712141318724
"eps2[14,5]",0.522215201225298,0.00919967265971947,0.705398429705395,-0.907459836339944,0.0559526516463015,0.52963829530513,0.994548410205354,1.87117372592145,5879.2811350511,1.00028896419467
"eps2[14,6]",0.135233485419014,0.0128239117015781,0.950587146848385,-1.7359484722617,-0.498441050912679,0.126141171881157,0.774687866710534,1.99989414278373,5494.68547186685,1.00038127640605
"eps2[14,7]",0.00218925679723451,0.0135000545580798,0.980361034432292,-1.88448750997648,-0.669304950069369,-0.0103514382540116,0.671310853931925,1.9219223024335,5273.52531991906,1.00009937265703
"eps2[14,8]",-0.132717533664399,0.010136206113114,0.794640158431761,-1.67368813385349,-0.672568433893531,-0.144528745004876,0.397205399044455,1.46766655242307,6145.96598034458,1.00009536234078
"eps2[14,9]",0.908047028071762,0.0102464116802562,0.810762459252825,-0.71827095080058,0.372351491595317,0.930679872328637,1.45442295890152,2.46331809470857,6260.99937945941,1.00073362777285
"eps2[14,10]",0.448897187192568,0.0101783028627873,0.800651649351346,-1.14125100779423,-0.0821906656204611,0.452943538234722,0.993565736346032,2.00875595219106,6187.80282376323,0.999992334935824
"eps2[14,11]",-0.431346489860405,0.0100340386895011,0.824777311219153,-2.03181731319973,-0.992634266915155,-0.434497736420314,0.117318407458535,1.18686795226657,6756.50135764092,1.00081785532488
"eps2[14,12]",-0.0705641902337279,0.0108888686864832,0.863299166935271,-1.74196005714702,-0.641136663656125,-0.0685389021669879,0.503776876927106,1.63575328241772,6285.75026941598,1.00162721563177
"eps2[14,13]",0.143310836173223,0.0106473617171024,0.959196480573818,-1.75248402319187,-0.501096175505005,0.147222580863321,0.805122887172892,1.98425998845258,8115.79627041689,1.00055742399738
"eps2[14,14]",0.37404639740215,0.009884985171706,0.949397442975065,-1.5080478133572,-0.273032249999464,0.374007370328975,1.02595542527342,2.20645112007062,9224.52624959405,1.00070008380859
"eps2[14,15]",-0.477160114925991,0.00977631497672358,0.939727867274555,-2.29511678010972,-1.12378310933651,-0.486782674153852,0.140637775865812,1.39425691686695,9239.61427197878,0.999954093839122
"eps2[15,1]",1.13946016995408,0.00899842752501092,0.655080404502463,-0.197496660990565,0.719532924630092,1.15131633131053,1.57657664340167,2.39041588911469,5299.75716665667,1.00132900575574
"eps2[15,2]",-0.157851606203523,0.0083901120284339,0.64414371667657,-1.42950696043609,-0.585614996144459,-0.151107452096764,0.264041531257534,1.10740627146575,5894.27005860422,0.99994084977151
"eps2[15,3]",0.0439676161370924,0.0160930960231409,1.00106144307117,-1.94088939377264,-0.628870797179719,0.049632311876571,0.723809763911941,2.00784962000511,3869.38784945055,1.00114435120413
"eps2[15,4]",0.210735620261214,0.00861845770785597,0.67762052788257,-1.14387244655652,-0.233298319197631,0.20846169332547,0.665927774045527,1.51916897579281,6181.78645334637,1.0002088035534
"eps2[15,5]",0.0265022653510027,0.00947617995994851,0.731693705646797,-1.4120320921117,-0.464615756135231,0.0225619454930742,0.519795311599802,1.47509072916388,5962.0009195666,1.00014168713484
"eps2[15,6]",0.315097946217426,0.0149896112392187,1.00078328702967,-1.62093808867161,-0.367401813461744,0.325489638975833,1.00597287328663,2.23661847137929,4457.58208500295,0.999923654946854
"eps2[15,7]",0.0182428999832069,0.0158879048763938,1.02892595502052,-2.0036800543848,-0.690405913340899,0.0320941740923877,0.716951066963077,2.02982745397757,4194.06332293719,1.00088506551627
"eps2[15,8]",0.266408811612534,0.0118118861819384,0.824828444184768,-1.36647856758828,-0.278010914646146,0.262639002095946,0.822466371633323,1.88950393622878,4876.28130388714,1.00064259674143
"eps2[15,9]",1.10453500747758,0.0105432620470998,0.833416310093604,-0.572818824634967,0.556194220054854,1.11538562822898,1.65076671195758,2.72007332479236,6248.47431891147,1.00002168299185
"eps2[15,10]",0.482310952872229,0.0111991666080507,0.844469862112637,-1.21447361886725,-0.0726714210747762,0.48390006062476,1.05102840803091,2.10531975464421,5685.86964099407,1.00032188257629
"eps2[15,11]",-0.792835995437854,0.0107850744639496,0.845253756827972,-2.43918223990637,-1.35354277647821,-0.792867836060969,-0.234313501522151,0.852612989281885,6142.25614511956,1.00094868420772
"eps2[15,12]",-0.0151057454886674,0.0100609285300314,0.876472935582002,-1.76357085958195,-0.5998223617212,0.000574739316227884,0.577926262376193,1.72262742281109,7589.28552984602,1.00061484915003
"eps2[15,13]",0.427712704360654,0.012415252127818,0.912272000317796,-1.37693390666386,-0.190556960243809,0.439614749831898,1.04713063762594,2.20928204058726,5399.3018058971,1.00096703099689
"eps2[15,14]",0.474015171917817,0.00970995770494199,0.942239565946597,-1.40107661719487,-0.152789683543018,0.475007616045546,1.10406415453609,2.29978708325854,9416.46718823525,0.999801755805935
"eps2[15,15]",-0.328867523615469,0.00995718734026848,0.950042786242169,-2.15885778286585,-0.970209214513266,-0.329279357938311,0.313061406784269,1.54505431060396,9103.59592586992,0.99972354830583
"eps2[16,1]",0.145414721061923,0.0107855001655125,0.700479071337298,-1.20058293657275,-0.326580565259026,0.122059264303681,0.610722734452768,1.54917832172251,4218.03081904664,1.00105760591831
"eps2[16,2]",-1.31140411528618,0.00934398804312733,0.676976671166459,-2.66150187891748,-1.75408097659032,-1.31768888830974,-0.861862482640196,0.0386126890911575,5249.07596517651,1.0003825424372
"eps2[16,3]",0.011608669905031,0.0244643236965913,1.17423178637426,-2.33150452864027,-0.769474902860701,0.0335444716110683,0.806553484197143,2.28035999324894,2303.78123348185,1.00251763300051
"eps2[16,4]",-1.0093312545216,0.0129368728146422,0.746316395064453,-2.40783884046333,-1.52047022917053,-1.03481785458694,-0.523017021227074,0.52732154147148,3328.03088154706,1.00100555981409
"eps2[16,5]",0.102166320777761,0.0112908480355244,0.791809909681646,-1.4441917371332,-0.427998452912739,0.108119654089397,0.633913442121079,1.65959995048811,4918.00245295882,1.00038151563381
"eps2[16,6]",0.262742706894989,0.0138674582822092,0.871842089056356,-1.44376345634363,-0.323741742406024,0.264493050493324,0.841869150479614,1.9817726124376,3952.59144457696,1.00086899802528
"eps2[16,7]",0.0235576573591608,0.0242580155652057,1.23005241460693,-2.36361940548025,-0.821493301265039,0.021423127684789,0.871259641834712,2.41351431827245,2571.20494663116,1.00217089053919
"eps2[16,8]",0.269903675221876,0.0141435438873504,0.911207841036166,-1.54905780159434,-0.334905754525231,0.280079466987149,0.890043482138868,2.02152711755704,4150.67196485656,0.999986339345587
"eps2[16,9]",0.305648335231461,0.0156435793633706,0.961946164578153,-1.56861236350843,-0.340421244443132,0.306831086489433,0.933198186631254,2.20119437643453,3781.19674335839,1.00006758246366
"eps2[16,10]",-0.0696058353249797,0.0160725926739098,0.988983899457439,-2.01070215212943,-0.734856130373283,-0.0795331632539301,0.586556557244269,1.86753954139269,3786.22628067061,0.999914817453139
"eps2[16,11]",-2.20972009574916,0.0242042800051582,0.980146071011054,-4.07552012653709,-2.8820929037964,-2.23190785953737,-1.57222044864961,-0.188650685960684,1639.82411929517,1.00615802253387
"eps2[16,12]",-0.770226437705287,0.0119958866815569,0.930333413915092,-2.53823120786333,-1.39711912410292,-0.790668837805915,-0.154125769544546,1.10333601140065,6014.68004407434,0.999920021929603
"eps2[16,13]",-0.605796620874136,0.0108558767651019,0.919530575492699,-2.40524904317844,-1.23228061696758,-0.612798623610032,-0.00352140344782255,1.23832872791145,7174.68007087269,1.00031906498427
"eps2[16,14]",-0.21253932765395,0.0106679163164817,0.929714645631507,-2.05301064650025,-0.826384228765853,-0.221299178690612,0.414317794973155,1.6212663877926,7595.21626243442,0.999955770815633
"eps2[16,15]",-0.480008036143222,0.00952958832900135,0.953405035589977,-2.31744933521076,-1.13163176392621,-0.477208303322914,0.166115394803092,1.37641412607873,10009.3667666827,0.999751779543658
"eps2[17,1]",0.857801805575348,0.00817820543674432,0.658673100825911,-0.486568945141729,0.424514503693669,0.875460492988006,1.30405971874347,2.10365046804636,6486.7001668982,0.999810763151339
"eps2[17,2]",0.644247188373452,0.00962203918122427,0.653735993444629,-0.671914969421261,0.218870848901225,0.647344688795864,1.06939164689684,1.93460835122775,4616.05050669845,0.999978515984476
"eps2[17,3]",-0.00489230672620606,0.017776733479453,0.96428339395836,-1.90541266400353,-0.669572036355833,0.00330008824184906,0.655179699626045,1.86397213050947,2942.42534727545,1.00039219812233
"eps2[17,4]",0.888708422521934,0.00997038518817808,0.685049239987796,-0.506265000797652,0.443006196211248,0.910109892065669,1.34569128994879,2.20290855357261,4720.84459337569,1.00050097649887
"eps2[17,5]",0.58780857765051,0.0110502633999841,0.735112069991739,-0.861881301118501,0.100220679570796,0.592806197892305,1.07469497641851,2.02187122670893,4425.49492202488,1.00113278635579
"eps2[17,6]",0.183367769951208,0.0106638197241038,0.762317665246945,-1.34103163547919,-0.329520426978643,0.194410890396017,0.703966407107588,1.63291594736905,5110.29979307756,0.999889156392716
"eps2[17,7]",-0.0228588831231129,0.0153438711530361,0.97528441782841,-1.92858706899135,-0.683483386209163,-0.0300126296181725,0.635375332056348,1.86387907494857,4040.10530550537,1.00014042544706
"eps2[17,8]",1.07763197696538,0.0106297178387318,0.794627077453511,-0.506361794415572,0.555727869673038,1.08555474182847,1.60693594345484,2.62484561135988,5588.34547546679,1.00022348097231
"eps2[17,9]",0.100540947241839,0.0102730167107514,0.801695146928406,-1.47960408067773,-0.429467690011876,0.0963478488063407,0.642641673963666,1.668266421601,6090.07330336958,1.00001294270141
"eps2[17,10]",-0.0770895136712985,0.0105471636211658,0.819086336769642,-1.69065001474814,-0.610342727290125,-0.0766503373048042,0.456780411811715,1.54633854459752,6030.98149899385,0.99999573665196
"eps2[17,11]",0.804430195407848,0.0141318704843751,0.842413607853762,-0.884821043259003,0.246192228157633,0.828802896918409,1.39243398689252,2.38183414392835,3553.46015468189,1.00262866503423
"eps2[17,12]",0.0201499336650002,0.00912918908534404,0.843982929827607,-1.67992376891624,-0.541543546532946,0.0262631413522807,0.592565690941377,1.666519901141,8546.78778943116,1.00052983852145
"eps2[17,13]",-0.150121856930582,0.009853561055448,0.878268091809307,-1.83560764803078,-0.745819764781937,-0.163247209568941,0.43556563877444,1.59865295113879,7944.52224922545,0.999906707024828
"eps2[17,14]",0.0988326978642736,0.0097328259850998,0.90185998234037,-1.67343976820702,-0.504803401285107,0.104665413782477,0.705064141660864,1.87801308684726,8586.18647226677,0.999803146955315
"eps2[17,15]",0.239262652825599,0.00973854724037544,0.925872455863444,-1.60106302933451,-0.394694263487443,0.245590985678939,0.876387569625711,2.03292166344327,9038.86662235944,1.00003534239508
"eps2[18,1]",-0.251686765460648,0.00730004548589166,0.608205932370193,-1.46131738999657,-0.649185499903651,-0.243941954331454,0.157283653291355,0.924088058775789,6941.44954739747,0.999850580862888
"eps2[18,2]",-0.220208275083027,0.00720322857431209,0.620128706109506,-1.43883756721835,-0.627146631380409,-0.21682173326016,0.188909561263991,1.01148151199953,7411.55402860381,1.00067255170729
"eps2[18,3]",0.00759495264623671,0.0103882799798034,0.870983741539392,-1.70180933744267,-0.58888827539532,0.01394224697379,0.589807238608754,1.68510641701059,7029.63546423031,1.0002356938649
"eps2[18,4]",0.299329115979429,0.00799150050051667,0.633846445458636,-0.974731305443046,-0.107564086278645,0.298731778996009,0.720139533726848,1.52541665868147,6290.88080262565,1.00033622409888
"eps2[18,5]",-0.188714959540451,0.00807472107285209,0.668431542869806,-1.48758468319331,-0.644340140591722,-0.179579553656677,0.254072578272007,1.11739694170119,6852.6541374191,1.00095178353204
"eps2[18,6]",-0.2814346079701,0.0085350725146828,0.715820468617716,-1.6959650975579,-0.759765337265365,-0.282660649193889,0.192394200943946,1.15212445618257,7033.86121328009,1.00052736462662
"eps2[18,7]",-0.0190049461688387,0.010055797616321,0.884987735185795,-1.78716763856853,-0.609081624557958,-0.0207415272599603,0.57116724947127,1.72067702734984,7745.35727762499,0.999958258248462
"eps2[18,8]",-0.236998939094432,0.00929893271014849,0.749509968435241,-1.72724704299353,-0.738224220566762,-0.234456117041395,0.264771947890423,1.22715506987446,6496.63722939213,1.00050454022903
"eps2[18,9]",-0.0249571389169251,0.00883293043554883,0.756123167849706,-1.51489599842656,-0.536157762412883,-0.0292576029055734,0.478148987746945,1.44817235905612,7327.83142796257,1.00021356284908
"eps2[18,10]",-0.235792551715976,0.00947436082149209,0.765906018059597,-1.73317021963348,-0.750870046475477,-0.232400799663767,0.276913949856498,1.27760228163607,6535.08323206889,1.00044777074903
"eps2[18,11]",0.145897683412392,0.00934989811016394,0.786498735256237,-1.37640798755511,-0.38621059916537,0.137387697630868,0.665781339725665,1.6941643874349,7075.91000600654,0.999922331191386
"eps2[18,12]",-0.0674749556310977,0.00955716383614161,0.843231802798816,-1.70697248654908,-0.641280986981529,-0.0632968958495354,0.496395676330631,1.59525346421782,7784.5926768037,1.00018123558823
"eps2[18,13]",-0.333758977912265,0.00946771263988303,0.849645241817736,-1.99595915518662,-0.895403068749376,-0.345062178385975,0.225489651207973,1.36694208847291,8053.50853683813,1.00032829393347
"eps2[18,14]",0.068921891756076,0.0103250134722966,0.912735306227464,-1.74762473901396,-0.534186232809887,0.0714811039824939,0.688148261796439,1.83176325143771,7814.63046794827,1.00019083049969
"eps2[18,15]",0.363186844244929,0.00973447035315438,0.929007679856122,-1.480171474943,-0.257661933451228,0.367050983269326,0.991922900327614,2.17684382902141,9107.80984695075,0.999969129060999
"eps2[19,1]",-1.78275410750953,0.00945204872980505,0.6817171847704,-3.10704184834538,-2.23224603274276,-1.79867701897821,-1.34378195498556,-0.404338998741876,5201.83508811036,1.00074141903634
"eps2[19,2]",-0.853833324473914,0.0104788857237328,0.715253874509454,-2.27890070488541,-1.32873330213164,-0.844901145118206,-0.38019359518842,0.561389942012525,4658.97338636446,1.00061175609089
"eps2[19,3]",-0.00844911735485269,0.0218198650247947,1.0979784300596,-2.13856512841632,-0.761082244360922,0.000891497507953808,0.750397221747895,2.12121470812986,2532.11541601297,1.00164292615538
"eps2[19,4]",-0.730708199330329,0.0109413655778676,0.749053636942462,-2.20119668933518,-1.22067969485996,-0.733592369154344,-0.231000502939909,0.752774993234467,4686.86857733874,1.0016376119881
"eps2[19,5]",-1.15115435578588,0.0120266332651124,0.796817589711447,-2.69138118519788,-1.6831034896942,-1.17204345107327,-0.622290658857802,0.433427424292553,4389.64792911061,1.00209191802753
"eps2[19,6]",-1.13719835837952,0.0128471447452045,0.832413978020779,-2.71095464546125,-1.70352411618514,-1.16183701129398,-0.597388088829389,0.546796168455953,4198.22290952529,1.00002459174296
"eps2[19,7]",-0.0147227973569451,0.0147759160597232,1.03087918633635,-2.04764968159425,-0.718485081256217,-0.0162585276488729,0.655881748174407,2.03999546592175,4867.50842514546,1.00026049758362
"eps2[19,8]",-0.925278628092349,0.0114569273650804,0.867349133153245,-2.57577921839838,-1.53265371308943,-0.933971972728481,-0.33962536166742,0.827058551914193,5731.27936331613,0.999804374402908
"eps2[19,9]",-0.878604704454875,0.0107939371648905,0.839175307278412,-2.47639703258355,-1.44057620816903,-0.875323360812495,-0.326513374038028,0.754015743410096,6044.29456699406,1.00023280757479
"eps2[19,10]",-0.636691298838258,0.0101020681441045,0.836420806554473,-2.2452249704741,-1.21155634988524,-0.658689006530874,-0.0802980564791301,1.08282668658638,6855.34108502884,1.0008545725532
"eps2[19,11]",0.557826565049524,0.00940152462337055,0.838438055136313,-1.11095254032952,-0.00209952512588069,0.564861206521675,1.13899824965493,2.17625880231956,7953.26380776784,0.999858292255228
"eps2[19,12]",0.0334919075463511,0.00893791908759941,0.843232187216511,-1.59114191470815,-0.532559254070022,0.0319861920864365,0.5994594062382,1.67683007685682,8900.64570155699,1.00008276319004
"eps2[19,13]",0.0456728141266561,0.0101280035044936,0.881584061011916,-1.67091505785143,-0.558032504686557,0.0436766529839994,0.661556199254069,1.79093952394783,7576.69444443657,1.00059626728521
"eps2[19,14]",0.163532178882279,0.00926152240168168,0.916295326375635,-1.65291232434186,-0.448288303533851,0.179291893356203,0.78121844494929,1.93308108069968,9788.27539440985,0.999964062169903
"eps2[19,15]",-0.0718895670809647,0.00959071672114022,0.943136321052957,-1.91756572313599,-0.703694158093464,-0.0809863751783336,0.564619684298962,1.74373774385419,9670.45288742594,1.00001222854445
"eps2[20,1]",0.201562983729238,0.012433606436792,0.697374143177681,-1.24217550567663,-0.237426241053052,0.225992689356114,0.678718040989728,1.49665205910779,3145.84592874051,1.00133410965666
"eps2[20,2]",-0.595368356388048,0.00984860547302194,0.672034240588202,-1.94810964608208,-1.03094960405608,-0.576378209594908,-0.150423681376339,0.710063645628094,4656.21817556403,1.00082079218092
"eps2[20,3]",-0.0564640871322784,0.0180165681365476,1.04971709494178,-2.10114215378444,-0.787366345919843,-0.0508356868749929,0.652012153763641,2.00078917833658,3394.69220215243,1.0010811373692
"eps2[20,4]",-1.36138992996119,0.0117323162536978,0.715388933104496,-2.69669667669488,-1.85785220483098,-1.39572326332244,-0.888749811192243,0.10912010974108,3718.06443935829,1.00210803256028
"eps2[20,5]",-0.329816290776358,0.0108573052270217,0.772226242165307,-1.86893751423291,-0.848318145224515,-0.330871890809808,0.185481325787011,1.14949608579887,5058.77096912993,1.00028656907177
"eps2[20,6]",0.270070782797355,0.0119302017843068,0.799826311945027,-1.34133829287162,-0.255906696757229,0.269144975334201,0.807430947724642,1.82470604505115,4494.64913924177,1.00100978204217
"eps2[20,7]",0.016580548985966,0.0152038426090549,1.01766610459742,-1.96413761608717,-0.67140584973999,0.0198331783714506,0.696310810228937,2.01312816688587,4480.26692563646,1.0013441012704
"eps2[20,8]",0.422289166607315,0.014297666588789,0.851330459687074,-1.2757090542314,-0.147704519283262,0.430785133612073,0.997479605573942,2.04825293188878,3545.40631309564,1.00204278706993
"eps2[20,9]",0.0974278328248347,0.0137412120325788,0.865660866742157,-1.60315068049381,-0.477479771808144,0.0974266035209282,0.674277253279324,1.79024370767013,3968.67456921415,1.00068827033276
"eps2[20,10]",0.373856005176831,0.0133529962368374,0.887433071232125,-1.40475306108271,-0.21081432850273,0.390587089624541,0.976505217071738,2.06313610260939,4416.86133603719,1.0006209343545
"eps2[20,11]",0.486977667970577,0.0117072507415593,0.870688694107708,-1.23545324149819,-0.0915527324186794,0.485338368915927,1.08078150562095,2.18553899578859,5531.15680126683,1.00053352426723
"eps2[20,12]",0.530208622433682,0.0120666043732433,0.924351866476729,-1.25969610829435,-0.101763929689559,0.532600959016533,1.17387336658288,2.34991877281385,5868.1944650417,1.00119192124306
"eps2[20,13]",0.254998093201336,0.0124152550734549,0.948515473389488,-1.62286956295179,-0.40069990316168,0.271738338647744,0.908156395697279,2.10555607946906,5836.83675121399,1.00029460416408
"eps2[20,14]",-0.378516833502978,0.0125190960481521,0.987382373776247,-2.27375005817414,-1.06039250685337,-0.385605305353988,0.297072573250004,1.5580021400584,6220.49288252545,1.00009091366202
"eps2[20,15]",-0.754988101387936,0.0106061416718367,0.971275267794722,-2.63069643586343,-1.41502031233742,-0.765100603533834,-0.0991339655290476,1.16747925470591,8386.28876670418,0.999992489286025
"eps2[21,1]",-0.556840257695018,0.00997171969892266,0.678496476471054,-1.95085902364809,-0.99392285666792,-0.547814858905339,-0.116486160033719,0.775129332072496,4629.72365421334,1.00087951672721
"eps2[21,2]",-1.41495149540948,0.00917268155566696,0.664178268915831,-2.70175131958271,-1.86000451821445,-1.42123443220229,-0.981604436407647,-0.0566539731282867,5242.96176725169,1.00015530845735
"eps2[21,3]",-0.0368185110470005,0.0223268433342595,1.10515385636293,-2.20890370200203,-0.799946422062265,-0.0363204864463771,0.7143030350759,2.13172070169117,2450.13964172733,1.0011965945094
"eps2[21,4]",0.129986246804798,0.0157514175521715,0.769143356287518,-1.44868553585217,-0.373281930407092,0.149658910809827,0.64240074058562,1.61545496522836,2384.37905086958,1.00142823289713
"eps2[21,5]",-1.62074756277774,0.0141156817268658,0.798597239230411,-3.14653672334366,-2.16618326410128,-1.64321451062501,-1.09435391465125,0.00753162608364138,3200.75102978959,1.00168219978679
"eps2[21,6]",-0.425451879479608,0.0132441249648437,0.834510407540085,-2.08805817758078,-0.982479898058003,-0.423619100446306,0.134368239351579,1.19770788099951,3970.24195941388,1.00121860662795
"eps2[21,7]",-0.00335625433694308,0.017612056756268,1.05030351345547,-2.08319100730252,-0.722434123192204,0.00783494690148143,0.727704197235869,2.01462870139947,3556.39084735244,1.00005048208486
"eps2[21,8]",-1.02255384599837,0.0126120592208319,0.844859007525922,-2.62100518268517,-1.60823421914828,-1.03914409140572,-0.461048526628803,0.719003077671638,4487.41747359057,1.00064282751201
"eps2[21,9]",-0.584202470721478,0.0117772059465145,0.869818117790625,-2.21520434961261,-1.18701977962073,-0.603346939245871,-0.00268616874354327,1.16854338909123,5454.71871212639,1.0005833241398
"eps2[21,10]",0.400277182089888,0.0132701765080909,0.889475620352613,-1.33724817202677,-0.200905637434522,0.411082924697793,0.997129041927914,2.1758071374921,4492.77530522049,1.00021985119234
"eps2[21,11]",-0.517459368444341,0.0133147270920825,0.876437396331971,-2.22734012330479,-1.11016304692594,-0.526684483294771,0.0622272416194321,1.24944010872345,4332.88598773752,1.00079365405158
"eps2[21,12]",-0.357582252211073,0.0116069785528096,0.91097641712624,-2.11878471747702,-0.980779448035875,-0.355693097006739,0.239441174178851,1.46693037574462,6159.93181235785,1.00009282910737
"eps2[21,13]",-0.672055270379156,0.0117872948239014,0.919374338672835,-2.43342011794358,-1.30581327423798,-0.686839966281948,-0.0675316969752478,1.16242066569303,6083.54132967327,1.00070156106535
"eps2[21,14]",-0.635442081468951,0.0102298231293993,0.938865198672867,-2.50351378997214,-1.26459881694822,-0.624144958478823,-0.0077878664393636,1.17176000081018,8423.06655789842,0.999963549075762
"eps2[21,15]",0.244892549495852,0.00942556345203634,0.931206367187908,-1.58652902203207,-0.394547323474146,0.244611784520164,0.881314102228224,2.0322923625616,9760.61608254163,1.00055820558585
"eps2[22,1]",-0.0965677829958379,0.00865698520243751,0.641406310932748,-1.33993943055397,-0.521297562300775,-0.109859445858924,0.324163020086181,1.17809481099026,5489.50401576408,1.00062858002704
"eps2[22,2]",-0.15063700562866,0.00871389967615124,0.639517920896123,-1.41018300365194,-0.574303994046826,-0.152488182801752,0.280939097876662,1.08088994949326,5386.17335179402,1.00083498942547
"eps2[22,3]",-0.044342898189904,0.0159684442883141,0.952917729143872,-1.92249366745315,-0.691605551424975,-0.0345451496721469,0.604022384665277,1.80492625806589,3561.1117256653,1.0008965827011
"eps2[22,4]",-0.639244380857135,0.00898940971186637,0.662812591787113,-1.9549053853135,-1.07759299934038,-0.64335115842302,-0.199548618063945,0.668062749219447,5436.49697970017,1.00006513997691
"eps2[22,5]",0.920033504551615,0.0150858142172897,0.753942003935242,-0.635569487071859,0.41214202865055,0.94401508435065,1.45329750873674,2.3108379071476,2497.68904534419,1.00100863176833
"eps2[22,6]",-0.276574456022273,0.0100013975521744,0.7509812961922,-1.71848332971865,-0.77280523873166,-0.290076647319423,0.225186330955814,1.17582199565351,5638.15303957548,1.00067664022629
"eps2[22,7]",0.00261603803754941,0.0139133101174579,0.979466391761963,-1.94772743884822,-0.666166048717746,0.00170692315383258,0.669914897453722,1.9094291181784,4955.84992886082,0.99987659628902
"eps2[22,8]",0.222966283714719,0.0105803533178396,0.804168002428211,-1.37723771337512,-0.31750827485165,0.234334885564549,0.765845790880982,1.79745361752096,5776.87853349979,0.999834767013243
"eps2[22,9]",-0.413111768122892,0.0109090755039131,0.82154375659271,-1.97279834874645,-0.966916926428019,-0.417352364675896,0.134738008553939,1.21182765776078,5671.33764408585,1.00009710023036
"eps2[22,10]",-0.338655737510744,0.0108888611144516,0.820172840063996,-1.91254789769851,-0.886427345698719,-0.337708607154017,0.191658961260353,1.33346846899388,5673.431951088,1.00048240770792
"eps2[22,11]",0.591395242021979,0.0114114214339813,0.839742689525244,-1.06688909900814,0.0315421676913583,0.594508106816474,1.16140974790396,2.21600652909971,5415.18096336316,1.0002257625938
"eps2[22,12]",-0.640777326949053,0.012150240563571,0.858611635506421,-2.30946245304002,-1.21645361774207,-0.645113095140373,-0.0595621467664808,1.04387186750593,4993.71537944501,1.00054113131585
"eps2[22,13]",-0.463607328330686,0.0100266723781205,0.872662561454145,-2.16113824705927,-1.04415684199858,-0.471240359403282,0.120360720182008,1.25125926576154,7574.9372542034,1.00015316140851
"eps2[22,14]",0.349046021824602,0.00973599752316038,0.908265229815911,-1.4570991675937,-0.255691491841117,0.359160563096488,0.966241166070983,2.13240159115996,8702.90951693001,1.00015119681061
"eps2[22,15]",0.0195271733021418,0.00965112608074944,0.938433386082447,-1.82574871264218,-0.610404857824215,0.0219809601716285,0.640127815852781,1.85662368629111,9454.76897894234,0.999816745339169
"eps2[23,1]",0.688573413751534,0.0113524678398583,0.699685191909024,-0.734082537891112,0.233818360863286,0.696743163555373,1.16386077018772,2.02660247627652,3798.61085288779,1.00140111337233
"eps2[23,2]",-0.00847699303282066,0.0172454735264561,0.937450078109006,-1.84698778899756,-0.64327207982188,-0.0240566233145913,0.616125628771442,1.8563185711656,2954.92220597802,1.00020957829324
"eps2[23,3]",0.0815310194350319,0.0229193213758276,1.12572208221869,-2.13252607043338,-0.67525296559947,0.0997015239025145,0.84921863792086,2.24414688943983,2412.45300481841,1.00100124126965
"eps2[23,4]",-0.830480870010566,0.010774194975766,0.72804078349932,-2.26226551887437,-1.31926002954157,-0.834442022876303,-0.347250537665098,0.564894281834112,4566.06148982409,1.00005682039847
"eps2[23,5]",-0.339596599123855,0.015360753194442,0.825514691624849,-1.90236654203379,-0.908011241505613,-0.350685053716445,0.209978846655348,1.32036212370251,2888.18222598936,1.0005056527355
"eps2[23,6]",-1.00108750159288,0.0163306645904502,0.849702452217356,-2.63605650200772,-1.57502727554871,-1.01758881569536,-0.427576109594348,0.696017661565457,2707.23542994545,1.0004579204517
"eps2[23,7]",0.0206618024380808,0.0202714446356545,1.11765486020984,-2.17199596149554,-0.734509281430987,0.0337153579732519,0.768083565447818,2.19265547359123,3039.80708461278,0.999741862591599
"eps2[23,8]",0.466862657277162,0.0138947825381686,0.883515589426548,-1.25854483822298,-0.122754347319445,0.478666774523258,1.04443876719443,2.21054301029299,4043.19721552164,1.00069879226978
"eps2[23,9]",1.22429845866244,0.0151382079454813,0.90960238577535,-0.618492116016431,0.636662742221076,1.24768634499564,1.85357677998503,2.94965834203275,3610.39108674985,1.00070120941053
"eps2[23,10]",-1.13248159685943,0.0142352765328889,0.880292385874102,-2.82292214179282,-1.72596559248238,-1.16124591281959,-0.552219651782219,0.661828214294744,3824.03690231281,1.00435786192057
"eps2[23,11]",-0.493904688958239,0.0115463141672567,0.857501636941093,-2.16605040690552,-1.08007612178586,-0.513878889500429,0.0758213292453567,1.22369911111474,5515.47823568718,1.00080987654637
"eps2[23,12]",-0.446711624886876,0.0107701979597732,0.904006005322402,-2.20816469035565,-1.0544113735432,-0.443347581514505,0.145139974669934,1.3558158482608,7045.23135587919,1.00006034676796
"eps2[23,13]",-0.718677968762793,0.00975109604831513,0.88277056010911,-2.42132813008974,-1.30694183425071,-0.738815341848483,-0.140585036373911,1.07621468410127,8195.75210639328,1.00011321511757
"eps2[23,14]",0.183854418646026,0.00966493268147285,0.899920591495072,-1.5962809918252,-0.416738788337138,0.192699280493502,0.781576462509381,1.91146302935266,8669.83259124513,0.999959462518379
"eps2[23,15]",0.202909612997659,0.00946928737987135,0.944199376354692,-1.67335780399849,-0.437094535591548,0.211022936599174,0.824899462909158,2.04322141717816,9942.43646724619,0.999920942052031
"eps2[24,1]",-1.09067758818146,0.015064331071642,0.752238604789791,-2.46506387835257,-1.60900248677013,-1.12616878577943,-0.612120185100948,0.4782950399103,2493.51239745589,1.00244616166327
"eps2[24,2]",1.28738103394217,0.0172068274188619,0.923593859620897,-0.576874657672987,0.670393413111433,1.30614954585126,1.93957897541008,3.04207490223072,2881.11416817057,0.999924539726006
"eps2[24,3]",-0.101793156370596,0.0211402079394426,1.11828205640623,-2.28291618585432,-0.864429354739127,-0.113458331880689,0.651350507092755,2.11411167647154,2798.23512120494,1.00091570500612
"eps2[24,4]",-0.802757681523448,0.0145606127848314,0.778246983116433,-2.27182841908307,-1.34963335628217,-0.820355032681669,-0.286094253192393,0.762500308863031,2856.77203734521,1.00032678618935
"eps2[24,5]",1.2835992155801,0.0139312263330238,0.80281834553066,-0.343407124199232,0.751095061020066,1.30792496583446,1.83996675623479,2.76881715908552,3320.90062783141,1.00000271108642
"eps2[24,6]",1.17633842518681,0.0138216073748101,0.858108494539861,-0.548366764776627,0.610738332748258,1.19436841922475,1.76184319926687,2.79690877420519,3854.49332869191,1.00043701601746
"eps2[24,7]",-0.0034853661304355,0.0147578629888702,1.01321651390649,-1.97289402353959,-0.683298801948955,-0.011822240072287,0.68748262251566,1.99108372351244,4713.6525935593,1.00031360435023
"eps2[24,8]",0.223403127849958,0.0127852860480437,0.880082055182284,-1.47729430147418,-0.355048155383165,0.209952854557721,0.830361796238887,1.96831462609489,4738.33141645612,0.999863433205168
"eps2[24,9]",-0.706326497448771,0.0129656832954194,0.872187339202413,-2.39942705444119,-1.29896894591844,-0.725136210268074,-0.126299399797479,1.06370711465607,4525.10580136118,1.00031190448775
"eps2[24,10]",0.488003366971583,0.0127060127392597,0.876278202178159,-1.28047101895527,-0.100436038623431,0.51154173493761,1.08884152182839,2.15700273026226,4756.25843423191,1.00058060817579
"eps2[24,11]",0.294612155283021,0.0120832466847315,0.874857133162182,-1.42136820959413,-0.306963216604809,0.290175409960378,0.880761674791853,2.01582876877064,5242.12038926694,1.00013416903263
"eps2[24,12]",0.887499314821191,0.0115925321662492,0.899369321819566,-0.90014480646995,0.292997498675556,0.908366469767047,1.49267412754477,2.61425533442078,6018.93314550758,1.00102843254837
"eps2[24,13]",0.604752404122415,0.0114814381466738,0.897969748704468,-1.17951891294685,-0.00217653958783475,0.611290708438849,1.21411561770655,2.29368186111586,6116.89226291531,1.0018438075297
"eps2[24,14]",-0.0124442834196206,0.00999544278234393,0.913777031845422,-1.77481542048695,-0.63147271697207,-0.0142392816642792,0.590982429155242,1.77009774009395,8357.5002931565,1.00003488700098
"eps2[24,15]",-0.144849834477348,0.00966262016433778,0.934048344552124,-1.96822723429887,-0.769804917927957,-0.146029394796859,0.454920865681231,1.6710728290322,9344.34564333642,1.00025437631489
"eps2[25,1]",1.01033996895967,0.0100805962216944,0.679734589269005,-0.369060069758731,0.574077013035665,1.02523874610828,1.46949356044464,2.29502983346735,4546.80471324264,1.00132944966058
"eps2[25,2]",-0.146525182985856,0.0117655052661843,0.835284031592276,-1.79115623968467,-0.709784777992063,-0.138061738692807,0.427200255990193,1.46132006371415,5040.19330044844,1.00064414053625
"eps2[25,3]",0.0112885357952362,0.0191022038124759,1.0360931004106,-2.01704749003649,-0.693594257047863,0.0122550278911499,0.716961069784428,2.05515620959018,2941.91834423837,1.00037347800969
"eps2[25,4]",1.69735779878611,0.0147404497318446,0.729386032933264,0.179020498694661,1.21554114971608,1.7251457016747,2.20102734362633,3.05225250515071,2448.46227692474,1.00264449500526
"eps2[25,5]",-0.17971533576644,0.0106137266958142,0.759301299261001,-1.61084466313977,-0.702280293686506,-0.188065942113073,0.317443327869695,1.35053196899715,5117.90812575159,1.00004771096257
"eps2[25,6]",0.353082832733483,0.01042983781217,0.777753539016456,-1.16100392964995,-0.163575900331591,0.357813939360587,0.86870620083696,1.88564954481742,5560.69252675101,0.999780919523732
"eps2[25,7]",-0.0278712594902554,0.0112967125278915,0.983693970874874,-1.94487884683486,-0.703936376688157,-0.0449707851159177,0.626820012157113,1.89525511099211,7582.56016031889,1.00005333795379
"eps2[25,8]",-0.00651337693502669,0.0111313768101734,0.897479182110269,-1.75281752754489,-0.620175649255036,-0.00202862075606058,0.586794020049094,1.74947815834819,6500.56339856664,0.999825937660615
"eps2[25,9]",-0.151572543758402,0.0106539694617223,0.824599076117499,-1.78814032521762,-0.708130054278932,-0.163774869032455,0.397011787616303,1.47587557658053,5990.49613862131,1.00060629875571
"eps2[25,10]",-0.127945667794525,0.0125629835171571,0.870421133296943,-1.84468218129308,-0.713587324758064,-0.126704077865069,0.439933005606842,1.6225846287688,4800.35409307681,1.00035938242577
"eps2[25,11]",-0.378181211352475,0.0114395362183044,0.859774153832098,-2.02587987227875,-0.959925645297549,-0.391889275682018,0.198788986603211,1.36505275002226,5648.74455236261,0.999776047408022
"eps2[25,12]",0.513282876458721,0.0109278571178643,0.895848362134005,-1.24966591148405,-0.0954389709133364,0.517036639173741,1.12528699548651,2.20861003525283,6720.45986973156,0.999947310126606
"eps2[25,13]",-0.0319370381693616,0.0118673253549986,0.986379915905818,-1.92506069288507,-0.714086733251047,-0.0458424266856519,0.618899214333581,1.9367700186813,6908.48379678936,1.00017238392181
"eps2[25,14]",-0.250968713934823,0.0117656417747538,0.962896847868802,-2.13139450654963,-0.900249007363113,-0.264754511221382,0.387804817220313,1.6282505833853,6697.74003960112,1.0002488842796
"eps2[25,15]",0.708286042880757,0.0103502427647393,0.957318602831814,-1.204705945527,0.0645221208217056,0.731748262201875,1.34798595427878,2.56204086045394,8554.84064301098,0.999932294953113
"eps2[26,1]",0.343304593402041,0.0090339119832481,0.659863367022005,-0.919947474484708,-0.10049763443805,0.326567956713265,0.765521400642063,1.66955030732795,5335.26907970084,1.00026807326685
"eps2[26,2]",0.0319235898802705,0.0136519765319148,0.893970036631575,-1.7752441750065,-0.559072995160775,0.043132732419017,0.640862379923741,1.75598699198089,4288.00081594849,1.00014680325006
"eps2[26,3]",-0.0909179289474393,0.0156287311561299,0.976159208133571,-2.02006668701679,-0.741132248112585,-0.0924433161022655,0.560954824978386,1.79835840260727,3901.16096120436,1.00010058720316
"eps2[26,4]",0.127027089685841,0.0139441671537922,0.71334234269855,-1.22919690572802,-0.358742943036233,0.101809591733544,0.592797448345794,1.60684408705589,2617.04293119929,1.00285616506387
"eps2[26,5]",0.46809462317242,0.0105745612177211,0.753326487405085,-1.06364769212019,-0.0313174703313017,0.490387408800609,0.979277923671242,1.90117196940666,5075.06681209546,0.9999602826237
"eps2[26,6]",0.430832075881299,0.0142062154319463,0.982995093597078,-1.5251677310219,-0.21775578044989,0.450038841744146,1.09038811898723,2.32199133898425,4787.9092225329,1.00075027438667
"eps2[26,7]",0.00401730462329755,0.0153528532160968,1.00704533178644,-1.95139237015065,-0.667803015155246,0.00217288764208507,0.684973893719214,1.98308958722482,4302.48976266029,1.00058352714972
"eps2[26,8]",0.197254661633205,0.0118712143838111,0.902360656598689,-1.55146485287262,-0.419919429403288,0.20288364805903,0.814615579633286,1.96214173579792,5777.89981367489,0.99995762072754
"eps2[26,9]",0.325278400675584,0.011769501796473,0.850870222131567,-1.37679457348281,-0.243976669868716,0.344523511580377,0.896004631756484,1.98803937901252,5226.4944170603,1.00011355799136
"eps2[26,10]",1.0531434494274,0.0134572312140634,0.867652944456024,-0.710249893295843,0.487117080313361,1.07210091292545,1.65128687739624,2.67786770664164,4157.00609580372,1.00063756306396
"eps2[26,11]",-0.129231398047916,0.00985296578859075,0.821813019338415,-1.76480948761784,-0.681444449664863,-0.135110112347858,0.42931313150665,1.47972741048766,6956.84111333349,0.999691235193475
"eps2[26,12]",0.516523747873562,0.00962809507423055,0.869240493690872,-1.20273773811829,-0.0587558379948435,0.513546218150367,1.11198064771917,2.19249993156664,8150.77977802959,1.00061998495501
"eps2[26,13]",-0.0312607713689788,0.0105997884350396,0.978637430164582,-1.92417197767382,-0.687197199368452,-0.0309549669991996,0.615184582444504,1.90827172526119,8524.1140218861,0.999720675432878
"eps2[26,14]",-0.545467259150439,0.0104773077614289,0.922228214507083,-2.32135265463456,-1.17725713927878,-0.561753143953346,0.0659165565581234,1.302133413107,7747.78226760724,0.999884255568774
"eps2[26,15]",0.00974203076355609,0.00926460305525137,0.94721653357942,-1.86045515346595,-0.622177523453288,0.0165653018253868,0.648181681946699,1.85281920741264,10453.0952288566,0.999724048888568
"eps2[27,1]",0.639472261314981,0.00934187991986756,0.663913781276122,-0.678153865078333,0.205979573427442,0.640522713801131,1.07158767853692,1.93236626370627,5050.73759859034,1.00066444956735
"eps2[27,2]",-0.689433535194764,0.0124332704711148,0.839786822078775,-2.31384357574198,-1.26405471052815,-0.690139453344442,-0.112256583777628,0.962647329629073,4562.1267609534,1.00017353452398
"eps2[27,3]",0.402446335089694,0.00978210998493217,0.727729684717541,-1.05146993826325,-0.07590495702045,0.410686884899096,0.892697219510551,1.80231922533377,5534.45802619554,1.00006862933409
"eps2[27,4]",0.62474769757609,0.00973042395438543,0.69845293873573,-0.785379374683326,0.173318619440241,0.63436869266889,1.0972816523749,1.95821227753766,5152.41424420357,0.999862924605782
"eps2[27,5]",-0.575827024232235,0.0108668167916131,0.750940014087594,-2.04032488630611,-1.07641075075618,-0.593665340397694,-0.085487096426717,0.93957071628527,4775.35653974929,1.0003832988358
"eps2[27,6]",-0.0677974565287653,0.013683999781993,0.957522632649897,-1.87747509117654,-0.740675302288192,-0.0800941310926518,0.594123551969188,1.77146999936996,4896.34463890395,1.00008557996333
"eps2[27,7]",0.0862239557853325,0.0108926831138679,0.795496240032218,-1.48288450777108,-0.449734195234038,0.0868106562365283,0.627748036749076,1.63746228922699,5333.42906827719,1.00007881789812
"eps2[27,8]",-0.118722297164186,0.0107580796334915,0.823873767778115,-1.74127603569822,-0.664802661416902,-0.120135587970683,0.429616728848388,1.4987827610081,5864.7815575042,1.0003504434665
"eps2[27,9]",0.367034821577293,0.0124229632061146,0.831304911587156,-1.30183785664719,-0.189283406759812,0.372200544054211,0.934451426716564,2.00917355437994,4477.85777013507,1.00063030772426
"eps2[27,10]",-0.735046008030085,0.0125148832951928,0.848603213780912,-2.34604108710919,-1.31413039435617,-0.75677290761335,-0.180813065670674,0.991909270117925,4597.85992507493,1.001040525096
"eps2[27,11]",-0.330820164649258,0.0106375915630757,0.838946245039962,-1.99113868136094,-0.896723969514113,-0.335868482254468,0.238092494716162,1.31106539468889,6219.87485282744,1.00027962414915
"eps2[27,12]",0.176686936916485,0.0112107025043845,0.960865066435296,-1.71257747969512,-0.47867779847513,0.184466022945666,0.821358731952567,2.06984230286538,7346.13918763324,1.00009469776142
"eps2[27,13]",0.20889655851857,0.0118106122085961,0.975724649063199,-1.71620872295323,-0.437851034439262,0.215558270111434,0.854845395782709,2.08517318848753,6825.11121703403,1.00020901109339
"eps2[27,14]",0.517428058058455,0.0101928717360137,0.924833747973195,-1.31373408958013,-0.104442833488331,0.518861161579921,1.14396104711145,2.31510450624492,8232.54701992384,0.999623414555274
"eps2[27,15]",0.000352411870126414,0.0098812744358658,0.971858750591002,-1.91727903894437,-0.662417910950273,0.00820138019210794,0.671068131736942,1.90401857626482,9673.42739279896,0.999922577345783
"eps_slope[1]",-0.485887858149831,0.011111582649149,0.648898149664543,-1.86976315267448,-0.868355558767841,-0.450566234926456,-0.0708766609806133,0.693359749439456,3410.36788255384,1.00072222489401
"eps_slope[2]",0.994903972602928,0.0134250503563087,0.708953608882037,-0.189155830165024,0.526319649089435,0.928098249113825,1.37894255018396,2.58750639591673,2788.71278959149,1.00169818154895
"eps_slope[3]",0.20745022194814,0.0801130427093042,1.99627940601723,-3.00289149051215,-0.732242507817715,0.0592310773307816,0.877903086698191,4.5267034684955,620.920787728005,1.00187446720896
"eps_slope[4]",0.352545641328736,0.00923884574251486,0.574724772665981,-0.750292415459529,-0.0182204873338818,0.336069825527265,0.708548812845501,1.56674408395915,3869.76330836852,1.0001042502947
"eps_slope[5]",-0.812610521469927,0.0202616540649332,1.20759068752601,-3.63798524099417,-1.42887218112829,-0.685518719294391,-0.0342313790180468,1.23402147763751,3552.13708712546,1.00188770030879
"eps_slope[6]",-0.193396902976141,0.0215776811187706,1.28429634171772,-2.87846827190157,-0.854158996733437,-0.149298409981684,0.542399347419511,2.20713800483339,3542.59046682946,1.00039407862686
"eps_slope[7]",0.0265705103770571,0.0287074071233053,1.5607994032875,-3.15880827522636,-0.719331424373389,0.0252137943254923,0.765847979383396,3.0427524722655,2956.01234768806,1.0003933292749
"eps_slope[8]",0.126758573946002,0.00995050369718622,0.597254277365161,-1.0731990649207,-0.239614488079622,0.125164104293039,0.486996632809997,1.34551001103414,3602.70254752486,1.00063715631288
"eps_slope[9]",-0.68427508496208,0.0109758472594129,0.684442502375362,-2.22178174493812,-1.08915005557736,-0.631789440457537,-0.226266851550753,0.548546479968858,3888.64082585558,1.0008636503332
"eps_slope[10]",-0.52112894791246,0.013432204777035,0.816080484344146,-2.32343622816042,-0.963227887089184,-0.452674163529502,-0.0191697299747264,0.967148968879421,3691.23229109047,1.00033701579034
"eps_slope[11]",2.99908998770516,0.0383038290036834,1.67201560058093,0.585882410090536,1.89201651912661,2.70906607170256,3.76884436625037,7.14082758577584,1905.44435548341,1.00056776348058
"eps_slope[12]",-1.16031421189788,0.0199133025485426,1.12418064767776,-3.78760865417907,-1.753434522986,-1.03726352515007,-0.415144818495735,0.720700858939193,3187.02613813205,1.00074284814446
"eps_slope[13]",1.38270718511235,0.0160515932544261,0.846180253567768,0.00139479575198519,0.815376337743667,1.28705190027744,1.83734230941671,3.367618110712,2779.00597421636,1.00035018879943
"eps_slope[14]",-0.415493835377667,0.011130551822189,0.669312674223245,-1.83716731404734,-0.809772162578138,-0.370833601711403,0.0154443845877061,0.806993957016929,3615.96906118001,0.99990433618694
"eps_slope[15]",-0.0307708503532387,0.00998981967157191,0.645375690998894,-1.36351018585114,-0.416444840057293,-0.0212604568635398,0.371638496412855,1.25538712214361,4173.59120569089,0.99974089453393
"slope_mu",0.0325790723343245,0.000174575090308552,0.00864985341821154,0.0148285687298301,0.0271214618761859,0.0327117935331342,0.0381936021691133,0.0494631272847988,2455.00818871224,1.00096448678083
"sigma_slope",0.0207689905807713,0.000196804452743337,0.00842141575520348,0.00822397999865027,0.0147470438137651,0.0194188692990396,0.0252597114653639,0.0408476445414692,1831.05072900621,1.00260476470786
"log_N_0[1]",5.96270583973334,0.00331930643263974,0.212468235272154,5.53294118713614,5.82314625244762,5.96435434703442,6.10630688861367,6.37417786924075,4097.25813611198,1.00118628496032
"log_N_0[2]",4.96956364042115,0.00285179673535404,0.183521488419414,4.61527793234465,4.84509034455991,4.96760052300415,5.08948355295095,5.33319116372925,4141.30017433215,1.00071761297202
"log_N_0[3]",4.99943545739139,0.048207554636651,1.19195643684021,2.38313909534888,4.60190295816375,5.07698340558039,5.56006131352361,6.96196078323791,611.350908970858,1.00220654325067
"log_N_0[4]",5.20797588866249,0.00223359151742904,0.169055671041865,4.86939588645282,5.10046501388291,5.20880028692138,5.31498713905053,5.54603797821018,5728.64598230308,0.999732836578472
"log_N_0[5]",5.86188061362875,0.0122139337003958,0.652792573673339,4.75134428557582,5.42064399624685,5.78939520644299,6.23711562338358,7.35825636208193,2856.53331708672,1.00360623553023
"log_N_0[6]",5.332779645048,0.0133931391702937,0.746910597114932,3.8854579542586,4.87247246294984,5.3079004410711,5.77652592542858,6.87118407763581,3110.08657853267,1.00000783895382
"log_N_0[7]",3.76875584170328,0.0212071108105949,0.991254943183606,1.9455218737871,3.31897790862001,3.76815806905161,4.21484285685166,5.68780642868729,2184.78004693455,1.00060913157867
"log_N_0[8]",5.57873517116809,0.00261625206042125,0.192001760376151,5.20348988569134,5.45336089297052,5.57683666160482,5.70100382063739,5.96576804012885,5385.81280313336,1.00102446762197
"log_N_0[9]",5.95343045538131,0.00331423385268728,0.227292433900318,5.51699947789762,5.80180423573628,5.95191801980133,6.10500452883583,6.40277242676242,4703.31060474142,1.00160514268364
"log_N_0[10]",4.51738099356613,0.00585408489289212,0.370731504212656,3.81111748966846,4.26570262459317,4.5169164854448,4.75983564708713,5.25726805988544,4010.52247510251,1.00099994123474
"log_N_0[11]",3.03072833026303,0.0107041590504746,0.385620300454843,2.331759459258,2.75913304975753,3.00712517866387,3.27927420806879,3.83293151265689,1297.82062068431,1.00389782052476
"log_N_0[12]",2.45617417717109,0.00883254652733629,0.48462984988726,1.53358158303973,2.13013056854098,2.443644258705,2.77042632534,3.42697099414799,3010.56808030236,1.00068781498912
"log_N_0[13]",4.83800957021132,0.00294566200116531,0.210985906963814,4.42987981139588,4.69713480750392,4.83443392567785,4.96830682206806,5.27800481167176,5130.28000825615,1.00084540439557
"log_N_0[14]",5.30656430183913,0.00268963126577072,0.215462218101802,4.87201084824324,5.1681018518419,5.30536129476992,5.44437996129462,5.73903213771425,6417.36532979985,1.00016706627095
"log_N_0[15]",5.74213670833479,0.00272840605706541,0.20932289976557,5.32452493990238,5.60309849418855,5.7437338453365,5.88233501027848,6.14800902184637,5885.93517754076,1.00000709703141
"mu_log_sigma_total",-0.748038871367405,0.00202098617970959,0.0805884428764599,-0.911843242994648,-0.799016931459053,-0.74756435128443,-0.695439929287279,-0.590549286659015,1590.07951133493,1.00371930479512
"sd_log_sigma_total",0.202116934222727,0.00115611428398734,0.0672638998741602,0.0965261266761819,0.15451348000753,0.193799047989204,0.239574307230199,0.358419210072347,3385.03024230431,1.00064506598315
"z_log_sigma_total[1]",-0.175875409553866,0.00935079865216281,0.653033566328775,-1.46470554211605,-0.600998604959605,-0.176807928986234,0.24593832405371,1.12585951694458,4877.23406615053,1.00037816160079
"z_log_sigma_total[2]",-0.710880559167631,0.00936125307752055,0.674026553496985,-2.06947936791559,-1.1555142062038,-0.699079407139276,-0.257390736473307,0.583387939805403,5184.25122964911,0.999780968045376
"z_log_sigma_total[3]",-0.308361402559932,0.010357669538253,0.958745479690676,-2.15648979025247,-0.971293293209786,-0.311506407822161,0.335549689425351,1.57379736475231,8568.06114712621,1.00009201475826
"z_log_sigma_total[4]",-0.676342548378253,0.00896571677984683,0.646441853536842,-1.98362326528769,-1.0949469539743,-0.665153883205991,-0.242630205005583,0.575568715697371,5198.6299232775,1.00034257181788
"z_log_sigma_total[5]",-0.319640254145404,0.00908287877326163,0.692554370160243,-1.66880028381186,-0.767323516659442,-0.326270945533518,0.125574846307443,1.0629825093457,5813.80836684142,0.999954512383904
"z_log_sigma_total[6]",-0.356201374091785,0.00934802921884694,0.770116675952461,-1.85223839090994,-0.865086390151174,-0.368094970474037,0.140130307784818,1.17735069628045,6786.9231699261,0.99992246163887
"z_log_sigma_total[7]",-0.389875837023265,0.0100372211321034,1.01019462057741,-2.36544782586279,-1.08274694151894,-0.387007965121586,0.297280321772875,1.60431814072664,10129.3859382123,0.999598527623578
"z_log_sigma_total[8]",-0.189091981600959,0.00834385271733346,0.637705883781697,-1.4586361118232,-0.605335357323934,-0.195084121322452,0.224630920855373,1.10372360863695,5841.27414335932,1.00020950014273
"z_log_sigma_total[9]",0.5495844559853,0.00821022057619863,0.60481360586458,-0.569115314509071,0.155992826415294,0.528517310188802,0.926567261616141,1.79308476250535,5426.67052786933,1.00010203757691
"z_log_sigma_total[10]",0.287370783955487,0.00829713701069655,0.633138194065569,-0.947202539056577,-0.128832726167542,0.282023879860446,0.68908075771182,1.5355342540524,5822.91570255531,1.00035010370907
"z_log_sigma_total[11]",2.13278914270499,0.0087069430527171,0.640123598527253,0.977111084141234,1.68744454825061,2.09803174048428,2.54400378372416,3.47467015215035,5405.00709079525,1.00018582417939
"z_log_sigma_total[12]",-0.10580027520238,0.0079996968817292,0.638919773762723,-1.3638013782071,-0.528158644493449,-0.109664479994173,0.313860583045538,1.13507829131194,6378.89708879678,1.00032950437122
"z_log_sigma_total[13]",-0.191186758475097,0.00796415829904432,0.654659448909401,-1.48364884572428,-0.618874225559405,-0.190049657722814,0.234230064537299,1.11077757946096,6756.95635656036,1.0001886989777
"z_log_sigma_total[14]",0.312520578293442,0.0086252187292506,0.618648928758487,-0.921614197837323,-0.0990391982892066,0.312468037477769,0.720478933184411,1.55717554071163,5144.5607019836,0.99993567750146
"z_log_sigma_total[15]",0.337142642370175,0.00819628665159699,0.633841805570545,-0.893360653738096,-0.0786563757883878,0.333754164497735,0.747225299100907,1.61500131439217,5980.36212944447,1.00085853204585
"mu_logit_prop_proc",0.962444623536154,0.0289331161989936,0.51822557747641,-0.00352198101850664,0.60098883042349,0.943630425112083,1.2923812795606,2.04085820573971,320.809533610047,1.0211381860469
"sd_logit_prop_proc",0.328743562259293,0.00698018658645013,0.250212678927066,0.0119327265002968,0.129647074314347,0.274351236960357,0.475955020427751,0.92968855971978,1284.94506807238,1.00031764425818
"z_logit_prop_proc[1]",-0.331054366415949,0.0158341508748862,1.00543048134266,-2.22778710830644,-1.01227796732583,-0.340831266521841,0.338821126534147,1.66629269101619,4031.94442577837,0.999955962148862
"z_logit_prop_proc[2]",0.0644209017706216,0.0127779154859048,0.977681533912669,-1.8564209459045,-0.592942477322572,0.0652388951731723,0.724970039094827,1.99928972799645,5854.29768706412,0.999872347454719
"z_logit_prop_proc[3]",-0.0326703629537139,0.00959761712845137,0.99309978255211,-1.97285769236625,-0.693427503326183,-0.0348642641503043,0.635801687966863,1.92555481399936,10706.7813009362,0.99976717989505
"z_logit_prop_proc[4]",0.353236913403122,0.0149925811606401,1.01451981370578,-1.63176367375701,-0.332207555493488,0.355824723793394,1.03919691036784,2.33255029387368,4578.97475877182,1.00080297782077
"z_logit_prop_proc[5]",0.0030300460422787,0.0116950190543508,0.970112901360307,-1.91875321999185,-0.653234135264949,-5.40935592176928e-05,0.650833405858773,1.91769002407955,6880.85954604736,1.00047261259321
"z_logit_prop_proc[6]",0.0649229840615218,0.0106969461398688,0.979503355433363,-1.89206435084138,-0.591357597742112,0.070690010107069,0.732405119851974,1.96683423403951,8384.7909254315,0.99990861782125
"z_logit_prop_proc[7]",-0.0167142835157196,0.00962616993726178,0.996956247416587,-2.00740249682611,-0.692817058873398,-0.0205126342002622,0.655534591890019,1.92360608193864,10726.1817060077,1.00004994570279
"z_logit_prop_proc[8]",0.176805320438046,0.0131110307109119,0.979850142938141,-1.76436573766107,-0.467849148240915,0.162009175337449,0.83132970129712,2.09398440950247,5585.28901959915,1.0007211226068
"z_logit_prop_proc[9]",-0.132376700150643,0.0126727486075973,0.971422828652188,-2.00213153841464,-0.780291515169982,-0.143604460767447,0.508572319114724,1.80166578204214,5875.90777937147,1.00044749934482
"z_logit_prop_proc[10]",-0.0129535346090894,0.011987515099142,0.956216857882252,-1.92405610305238,-0.649581140753387,-0.00286694720912819,0.62384098719653,1.86607321970284,6362.89061737237,0.999605172713927
"z_logit_prop_proc[11]",-0.0532942057467569,0.0131721671509792,0.941518654654804,-1.86937876716315,-0.697104347499921,-0.0534954751935919,0.573112174545312,1.8018423650989,5109.08810741419,1.00065439398193
"z_logit_prop_proc[12]",0.110621659191836,0.0123925098769052,0.980958123586081,-1.7977218795609,-0.546506943923457,0.117172987191035,0.773081030739165,2.02556683491524,6265.88455005432,1.000133853974
"z_logit_prop_proc[13]",-0.0147993010237247,0.0128175048464719,0.980697994503009,-1.9111945944209,-0.67498387472691,-0.00487419674738159,0.640240531987902,1.93483266398898,5854.14659789256,1.00044972708026
"z_logit_prop_proc[14]",0.00843564516855113,0.011681344414042,0.976038813358613,-1.92825938189334,-0.623978781669117,0.0163657696031246,0.645174593651624,1.95822096935849,6981.4964045093,0.999786953377231
"z_logit_prop_proc[15]",-0.0367158485984909,0.0133828485980976,0.993284342326144,-1.97851216300326,-0.699727336896193,-0.02798124753731,0.625978600652142,1.87519474386878,5508.71176921582,0.999966700102528
"L[1,1]",1,NA,0,1,1,1,1,1,NA,NA
"L[1,2]",0,NA,0,0,0,0,0,0,NA,NA
"L[1,3]",0,NA,0,0,0,0,0,0,NA,NA
"L[1,4]",0,NA,0,0,0,0,0,0,NA,NA
"L[1,5]",0,NA,0,0,0,0,0,0,NA,NA
"L[1,6]",0,NA,0,0,0,0,0,0,NA,NA
"L[1,7]",0,NA,0,0,0,0,0,0,NA,NA
"L[1,8]",0,NA,0,0,0,0,0,0,NA,NA
"L[1,9]",0,NA,0,0,0,0,0,0,NA,NA
"L[1,10]",0,NA,0,0,0,0,0,0,NA,NA
"L[1,11]",0,NA,0,0,0,0,0,0,NA,NA
"L[1,12]",0,NA,0,0,0,0,0,0,NA,NA
"L[1,13]",0,NA,0,0,0,0,0,0,NA,NA
"L[1,14]",0,NA,0,0,0,0,0,0,NA,NA
"L[1,15]",0,NA,0,0,0,0,0,0,NA,NA
"L[2,1]",-0.0882539723290896,0.0035537891055014,0.204800746912305,-0.476208517899079,-0.23180485649714,-0.0939279634523108,0.0543138968383616,0.320073052984481,3321.08330215466,1.00068919267873
"L[2,2]",0.974220543366183,0.000507447222973735,0.0341703407264687,0.87620151951347,0.964378088293588,0.987506615360831,0.997117358426978,0.999972780663416,4534.36898891702,1.00099176654338
"L[2,3]",0,NA,0,0,0,0,0,0,NA,NA
"L[2,4]",0,NA,0,0,0,0,0,0,NA,NA
"L[2,5]",0,NA,0,0,0,0,0,0,NA,NA
"L[2,6]",0,NA,0,0,0,0,0,0,NA,NA
"L[2,7]",0,NA,0,0,0,0,0,0,NA,NA
"L[2,8]",0,NA,0,0,0,0,0,0,NA,NA
"L[2,9]",0,NA,0,0,0,0,0,0,NA,NA
"L[2,10]",0,NA,0,0,0,0,0,0,NA,NA
"L[2,11]",0,NA,0,0,0,0,0,0,NA,NA
"L[2,12]",0,NA,0,0,0,0,0,0,NA,NA
"L[2,13]",0,NA,0,0,0,0,0,0,NA,NA
"L[2,14]",0,NA,0,0,0,0,0,0,NA,NA
"L[2,15]",0,NA,0,0,0,0,0,0,NA,NA
"L[3,1]",0.0179210041417183,0.00238206895361842,0.236357682842015,-0.438472821559328,-0.148253752291729,0.0177850211586049,0.182110010665117,0.471778899033227,9845.34160939915,0.99955518692878
"L[3,2]",-0.0209384345881964,0.00243804917015224,0.233782475529341,-0.467616559614746,-0.191008441507266,-0.024368847853949,0.142548419549229,0.435897459762877,9194.73010600208,0.999854251520318
"L[3,3]",0.941160356646025,0.000942241260341044,0.0543377080463312,0.799089073837197,0.917270290462932,0.956466566972571,0.981411908920557,0.998341859894157,3325.6642066769,1.00141911871082
"L[3,4]",0,NA,0,0,0,0,0,0,NA,NA
"L[3,5]",0,NA,0,0,0,0,0,0,NA,NA
"L[3,6]",0,NA,0,0,0,0,0,0,NA,NA
"L[3,7]",0,NA,0,0,0,0,0,0,NA,NA
"L[3,8]",0,NA,0,0,0,0,0,0,NA,NA
"L[3,9]",0,NA,0,0,0,0,0,0,NA,NA
"L[3,10]",0,NA,0,0,0,0,0,0,NA,NA
"L[3,11]",0,NA,0,0,0,0,0,0,NA,NA
"L[3,12]",0,NA,0,0,0,0,0,0,NA,NA
"L[3,13]",0,NA,0,0,0,0,0,0,NA,NA
"L[3,14]",0,NA,0,0,0,0,0,0,NA,NA
"L[3,15]",0,NA,0,0,0,0,0,0,NA,NA
"L[4,1]",0.0757968796391836,0.00320172763689324,0.194146647255087,-0.301498745950283,-0.060859698859993,0.0806720078630807,0.211430310834383,0.451227967225187,3676.97790785124,1.0008101363546
"L[4,2]",0.18853536782754,0.00336578448947949,0.188064015395427,-0.17932375620932,0.0608006634274942,0.192542197075861,0.320041527404223,0.541466089087511,3122.04242040461,1.00245722269929
"L[4,3]",0.0155716381291746,0.00580709537265063,0.232003438967041,-0.437751180629569,-0.147276706678357,0.0198080858585087,0.175794551031233,0.462543551199698,1596.1398019703,1.00213345999638
"L[4,4]",0.909427451150023,0.00124259701273769,0.0673670630961033,0.741645750134347,0.873416835410703,0.925174723919337,0.960680274224545,0.99320796832177,2939.23708437679,1.00211982021649
"L[4,5]",0,NA,0,0,0,0,0,0,NA,NA
"L[4,6]",0,NA,0,0,0,0,0,0,NA,NA
"L[4,7]",0,NA,0,0,0,0,0,0,NA,NA
"L[4,8]",0,NA,0,0,0,0,0,0,NA,NA
"L[4,9]",0,NA,0,0,0,0,0,0,NA,NA
"L[4,10]",0,NA,0,0,0,0,0,0,NA,NA
"L[4,11]",0,NA,0,0,0,0,0,0,NA,NA
"L[4,12]",0,NA,0,0,0,0,0,0,NA,NA
"L[4,13]",0,NA,0,0,0,0,0,0,NA,NA
"L[4,14]",0,NA,0,0,0,0,0,0,NA,NA
"L[4,15]",0,NA,0,0,0,0,0,0,NA,NA
"L[5,1]",-0.00432193140677524,0.00364886728054431,0.212366580719499,-0.408221373315832,-0.15492694098111,-0.00971086473917697,0.143011046712624,0.408462100321761,3387.3199104887,1.00173913804455
"L[5,2]",0.246816408418917,0.00295434572664808,0.201750854050824,-0.158034004087855,0.11253633347195,0.256507361092698,0.38921274745385,0.61884993929662,4663.4586557397,1.00000742349748
"L[5,3]",-0.0155968927825625,0.00451136464022876,0.226300641647667,-0.455424463796972,-0.174872914428568,-0.0159354355651158,0.14019463822336,0.424869612611515,2516.26112595348,1.00026934834761
"L[5,4]",-0.030118060666687,0.00334877401602841,0.203111246373966,-0.405866620762009,-0.173983157751519,-0.0395533361829108,0.10577480589877,0.384034046218711,3678.71598914328,1.00050062933547
"L[5,5]",0.867679647650203,0.00130908634873219,0.0824539434920071,0.666743751438164,0.820247522615937,0.882607275781142,0.929961279323733,0.981849610231584,3967.21990741624,1.00098816643451
"L[5,6]",0,NA,0,0,0,0,0,0,NA,NA
"L[5,7]",0,NA,0,0,0,0,0,0,NA,NA
"L[5,8]",0,NA,0,0,0,0,0,0,NA,NA
"L[5,9]",0,NA,0,0,0,0,0,0,NA,NA
"L[5,10]",0,NA,0,0,0,0,0,0,NA,NA
"L[5,11]",0,NA,0,0,0,0,0,0,NA,NA
"L[5,12]",0,NA,0,0,0,0,0,0,NA,NA
"L[5,13]",0,NA,0,0,0,0,0,0,NA,NA
"L[5,14]",0,NA,0,0,0,0,0,0,NA,NA
"L[5,15]",0,NA,0,0,0,0,0,0,NA,NA
"L[6,1]",0.0818486187262783,0.00290834412129019,0.216049968926795,-0.33276878890815,-0.0681464991406891,0.0815020726844935,0.228536755252761,0.504425533199727,5518.446451028,1.00064084276171
"L[6,2]",0.150865050846029,0.00339835529518377,0.217641695357934,-0.280360379540619,-0.000412538063381914,0.153975349978695,0.30681892099888,0.554063548953719,4101.5370262772,0.999886660197588
"L[6,3]",-0.00559302324074088,0.00421503757192544,0.235493878773485,-0.459770324066682,-0.174095340111767,-0.00530324654118708,0.161069633502737,0.442018927688069,3121.44973253715,1.00004808044758
"L[6,4]",0.0797829709442942,0.00296738245887215,0.207935743011454,-0.327481197032581,-0.0631333171949979,0.0814234433706277,0.224575766397573,0.483558868408854,4910.33641046097,1.00098959713433
"L[6,5]",0.200061410999775,0.00335084239685411,0.216337622373093,-0.241973088154141,0.0537875234882216,0.209599515276623,0.355224472786762,0.590825527757125,4168.27248123076,1.00112523236049
"L[6,6]",0.822272879207576,0.00132722726543754,0.0920629034723248,0.611613755072843,0.765815154858102,0.834167016282726,0.892474390692719,0.961979414073955,4811.4806688249,1.00144090497489
"L[6,7]",0,NA,0,0,0,0,0,0,NA,NA
"L[6,8]",0,NA,0,0,0,0,0,0,NA,NA
"L[6,9]",0,NA,0,0,0,0,0,0,NA,NA
"L[6,10]",0,NA,0,0,0,0,0,0,NA,NA
"L[6,11]",0,NA,0,0,0,0,0,0,NA,NA
"L[6,12]",0,NA,0,0,0,0,0,0,NA,NA
"L[6,13]",0,NA,0,0,0,0,0,0,NA,NA
"L[6,14]",0,NA,0,0,0,0,0,0,NA,NA
"L[6,15]",0,NA,0,0,0,0,0,0,NA,NA
"L[7,1]",0.00435531175424584,0.0022570914551649,0.23953202178585,-0.461570904514415,-0.162326991932368,0.000368129517175991,0.170117096315387,0.467341637831253,11262.3455228093,1.00008525253313
"L[7,2]",-0.00395908101779738,0.00225746749935348,0.233503542869985,-0.458521197369291,-0.166835085714565,-0.00381856092073748,0.159765140069528,0.44704790399201,10699.0184312376,0.999719378931392
"L[7,3]",0.0071998466537802,0.0024210715448132,0.23425432037046,-0.447871469014282,-0.159580091588281,0.00361834588734019,0.169955810580298,0.450621955869062,9361.81321414834,1.00000623565915
"L[7,4]",0.00456306381473615,0.00224269839418624,0.23693798927562,-0.458256296641118,-0.16225176415426,0.00307691284795611,0.17085053368624,0.456310793288049,11161.6307998982,0.999664587823947
"L[7,5]",-0.00158362831132782,0.00230350690689744,0.230768323786655,-0.451914649548025,-0.161996453540436,-0.00192525927575445,0.158921668166424,0.446476526008016,10036.2935041935,1.000055139458
"L[7,6]",-0.000437749327615253,0.00226030772285039,0.231063592454817,-0.446322835864117,-0.160133519244612,-0.00209485075730862,0.160402705202673,0.447760227602073,10450.2794656448,0.999734037241982
"L[7,7]",0.813301163038107,0.00157893240446363,0.0944189127927679,0.595279228861668,0.75668641754699,0.826238311794964,0.883677033923326,0.957873676566687,3575.94569557056,0.999915004194108
"L[7,8]",0,NA,0,0,0,0,0,0,NA,NA
"L[7,9]",0,NA,0,0,0,0,0,0,NA,NA
"L[7,10]",0,NA,0,0,0,0,0,0,NA,NA
"L[7,11]",0,NA,0,0,0,0,0,0,NA,NA
"L[7,12]",0,NA,0,0,0,0,0,0,NA,NA
"L[7,13]",0,NA,0,0,0,0,0,0,NA,NA
"L[7,14]",0,NA,0,0,0,0,0,0,NA,NA
"L[7,15]",0,NA,0,0,0,0,0,0,NA,NA
"L[8,1]",0.27216089725918,0.00275952277304022,0.191051935563973,-0.125255642162458,0.146584685346365,0.28067860247684,0.409993867631737,0.609237776183541,4793.3033968441,1.00055740983255
"L[8,2]",0.215431431210877,0.00301952276745403,0.185801780190724,-0.160003874921135,0.0910439992963793,0.220165367140735,0.347725459368929,0.557313715940798,3786.3706432478,1.00061295659939
"L[8,3]",-0.00586996191889963,0.00497031964775321,0.229012197004925,-0.447259367507348,-0.16285025044403,-0.00290001918564434,0.151686899050775,0.440436920867788,2122.99312077268,1.00024908754002
"L[8,4]",-0.0078186079373689,0.00314116979230927,0.188016184265463,-0.374283993067988,-0.136027822769613,-0.00819512868874528,0.117372597025898,0.362736440535827,3582.67690770312,1.00182016366335
"L[8,5]",0.275462915683406,0.00384139298070063,0.20401948336153,-0.150790348142823,0.141896901449702,0.286274951313347,0.421530173798053,0.639626146087803,2820.75787970864,1.00260071170042
"L[8,6]",0.112925875295846,0.00368424625592451,0.208250080337221,-0.293308694616191,-0.0319904176828988,0.115025815929451,0.260231310284851,0.505526394510442,3195.01611908073,1.00048226583901
"L[8,7]",-0.00529944762079323,0.00411693378627215,0.213592849267011,-0.425228538094672,-0.153958972613501,-0.00699824654800866,0.140019103191893,0.407868973803249,2691.69379851047,0.999573883514784
"L[8,8]",0.698934232193392,0.00178808726622855,0.113388540273373,0.46187582244151,0.621746247761363,0.70526144648073,0.782069595347048,0.897177882609006,4021.24846343524,0.999819156758245
"L[8,9]",0,NA,0,0,0,0,0,0,NA,NA
"L[8,10]",0,NA,0,0,0,0,0,0,NA,NA
"L[8,11]",0,NA,0,0,0,0,0,0,NA,NA
"L[8,12]",0,NA,0,0,0,0,0,0,NA,NA
"L[8,13]",0,NA,0,0,0,0,0,0,NA,NA
"L[8,14]",0,NA,0,0,0,0,0,0,NA,NA
"L[8,15]",0,NA,0,0,0,0,0,0,NA,NA
"L[9,1]",0.298637717476364,0.0028699089436139,0.191617487640289,-0.101999677441899,0.170448774636365,0.312067921181187,0.433210959367546,0.635157668750483,4457.93824556773,1.00163189636961
"L[9,2]",0.117246250462086,0.00312574897336524,0.194938782927801,-0.274762855607137,-0.0174670075983571,0.122309064423145,0.25438195110284,0.483137878056799,3889.45101439455,0.999950870737555
"L[9,3]",0.0189128204478118,0.00504667909847838,0.22963426475398,-0.423550168577205,-0.14261433840605,0.0163149676297105,0.182887377415205,0.457242976840895,2070.43691631371,1.00337919854645
"L[9,4]",0.143764080131372,0.00314145647895593,0.188761759997642,-0.235517945245669,0.0151888639128385,0.148101534703043,0.275252843290126,0.49601480674909,3610.48829252641,1.00078639962008
"L[9,5]",0.114059513431528,0.00334959774124408,0.200973613078823,-0.281805441037189,-0.02404670513625,0.115196693033135,0.253647071266638,0.501709810876264,3599.91934375224,1.00055261842932
"L[9,6]",0.0186677728432616,0.00424959507023677,0.216500217200332,-0.38637915526142,-0.133948584114546,0.0146014213967964,0.167386757363841,0.445087383938987,2595.5032300364,1.00053149790454
"L[9,7]",0.0046152423733915,0.00459208511493094,0.225336628344879,-0.431012265008437,-0.153481667421835,0.00278229599385174,0.159135070026897,0.440172569661392,2407.92926632269,1.00013450676694
"L[9,8]",0.223466271034447,0.0037893191972527,0.205406144619058,-0.19399642416582,0.0846287633657137,0.228321621569659,0.375933103155018,0.589891773129468,2938.35647408145,1.00030208961865
"L[9,9]",0.675926606123603,0.0016536856442909,0.112169050907755,0.442553929652588,0.600976324079787,0.680779375881765,0.757856419386542,0.874102623317054,4600.87228422957,1.00036595715386
"L[9,10]",0,NA,0,0,0,0,0,0,NA,NA
"L[9,11]",0,NA,0,0,0,0,0,0,NA,NA
"L[9,12]",0,NA,0,0,0,0,0,0,NA,NA
"L[9,13]",0,NA,0,0,0,0,0,0,NA,NA
"L[9,14]",0,NA,0,0,0,0,0,0,NA,NA
"L[9,15]",0,NA,0,0,0,0,0,0,NA,NA
"L[10,1]",-0.00863644495072173,0.00294878359388104,0.196257654263043,-0.383763885063496,-0.144476037643131,-0.0137750994115959,0.122974842277868,0.383899919230449,4429.62951455221,1.00012567579339
"L[10,2]",0.22155571850843,0.00333626778709952,0.197580351086477,-0.187594181103035,0.0895581989132889,0.229022553474399,0.362479495791721,0.584680381503974,3507.24174086648,1.0006756783444
"L[10,3]",-0.0264124436168342,0.0051730675183249,0.229410904389006,-0.460526214308864,-0.186663791856667,-0.028085477552877,0.130937861654242,0.427651937560321,1966.67148242034,1.00133415886439
"L[10,4]",0.200162261611814,0.00316305623241445,0.191700646872744,-0.186564080713043,0.0715209831354316,0.204119046465899,0.335573088221551,0.559150672512584,3673.10489636975,1.00076666175988
"L[10,5]",0.118364283397371,0.00378521872358483,0.208075666995486,-0.302308161779745,-0.0226187834120439,0.1241506132226,0.264467068919658,0.503614950233904,3021.76461712349,1.00053204033927
"L[10,6]",0.161655738318547,0.00408889523685646,0.219853492262902,-0.286693380628286,0.0121838306505826,0.168037955779485,0.317721002005239,0.564161046523768,2891.0444576527,1.00044683794584
"L[10,7]",-0.00103118408255983,0.00436361854966663,0.229330581375006,-0.440136409887127,-0.163755845293966,-0.000863862334090699,0.160846717271457,0.44142441795823,2762.04268238418,1.00041564171478
"L[10,8]",-0.021620198665155,0.00373202396916588,0.212598856598912,-0.421050049500832,-0.172788472549988,-0.0270173461729366,0.125294199927923,0.397031626102397,3245.13673143353,1.00147421790375
"L[10,9]",0.0150179258586701,0.00366921072576935,0.208770230293784,-0.386935840180436,-0.131975514057027,0.0144826826917737,0.159046126990576,0.425480200115929,3237.36622783395,0.999967872450558
"L[10,10]",0.675206934994244,0.00185172000680502,0.115957220627271,0.428241212531939,0.601207510281347,0.682716788695194,0.759291737341074,0.877121577000357,3921.4344213133,1.00077730252747
"L[10,11]",0,NA,0,0,0,0,0,0,NA,NA
"L[10,12]",0,NA,0,0,0,0,0,0,NA,NA
"L[10,13]",0,NA,0,0,0,0,0,0,NA,NA
"L[10,14]",0,NA,0,0,0,0,0,0,NA,NA
"L[10,15]",0,NA,0,0,0,0,0,0,NA,NA
"L[11,1]",-0.139336346335827,0.0025680367234831,0.178981416093936,-0.480768206702059,-0.264329166197143,-0.144117026685561,-0.0178757402643624,0.215109483081025,4857.50682939442,1.00066979566673
"L[11,2]",0.204661166414159,0.00246831191879236,0.169102329110817,-0.131416961154539,0.0927731237746654,0.207890676524569,0.323970212983616,0.523874283430175,4693.52459575612,1.00040981561363
"L[11,3]",-0.0196635243282063,0.00541207031247014,0.231190649322931,-0.476532101319933,-0.17828808814785,-0.0190564282397607,0.13982381714273,0.422614467693509,1824.79326361485,1.00269123666975
"L[11,4]",-0.050124603303735,0.00246483838356991,0.171882753528708,-0.396176272085491,-0.166166253804809,-0.0468805273521921,0.068852741411831,0.278014575589732,4862.81455566358,0.999703825042699
"L[11,5]",0.120749288705281,0.0036842751707074,0.198523267527678,-0.293705142955103,-0.0101612300381713,0.127065337903675,0.261956848914643,0.486029810760458,2903.47914453704,1.00178217950277
"L[11,6]",-0.045213549103984,0.0039265333419835,0.213725786332858,-0.454164189622041,-0.195241485169905,-0.0485041212691437,0.105638987726938,0.372350917180311,2962.75178196039,1.00021236547594
"L[11,7]",-0.00277416035897845,0.00554610470249734,0.240418969496102,-0.465607383153929,-0.171969314688566,0.00115330444451338,0.166325099261088,0.455616215991934,1879.14950654674,1.00177059238061
"L[11,8]",0.100071518690183,0.00346772061884995,0.201560523099192,-0.306458831076749,-0.0374334431595052,0.105307107670589,0.243094882339103,0.477206457539603,3378.49088903948,1.00035424854676
"L[11,9]",-0.143243570199772,0.00374741487494516,0.19812291074306,-0.521106177065461,-0.281861381616627,-0.14717791069857,-0.0123217257852262,0.260890305125924,2795.15468549084,1.00032789860898
"L[11,10]",-0.0113474369152423,0.00418909219810146,0.206922383492882,-0.418827093152659,-0.151554650679305,-0.0118469484545564,0.130494902537909,0.39057735057098,2439.91730267535,1.00044266526775
"L[11,11]",0.682561573930856,0.0020401620545625,0.116008697258277,0.435414343095487,0.608131425680282,0.692128067440016,0.766879977842923,0.878426144579089,3233.34292688337,1.00157306394714
"L[11,12]",0,NA,0,0,0,0,0,0,NA,NA
"L[11,13]",0,NA,0,0,0,0,0,0,NA,NA
"L[11,14]",0,NA,0,0,0,0,0,0,NA,NA
"L[11,15]",0,NA,0,0,0,0,0,0,NA,NA
"L[12,1]",-0.0242703138177123,0.00296178903575047,0.201372473721114,-0.412646070218888,-0.162096257243916,-0.0263144842443795,0.115575737593808,0.367432096885346,4622.66017160536,1.00178392138936
"L[12,2]",0.121825472439788,0.00367232158068481,0.199717245405406,-0.275291788871704,-0.0149617348997568,0.126418329922049,0.257354739078561,0.507518314990943,2957.670060938,0.999904611039197
"L[12,3]",-0.0099922548837952,0.00507237310497025,0.239732441675492,-0.456852880321131,-0.179800867451595,-0.0145501286851679,0.156585984850316,0.460178865326916,2233.73287049589,1.00110402196996
"L[12,4]",0.0068552705956836,0.00332072787228412,0.19210280680955,-0.374867717532729,-0.12411129327548,0.00844852418016292,0.135199427875562,0.377103312047548,3346.57718488904,0.999753915974019
"L[12,5]",0.131655534982488,0.00408310038683508,0.215486984831094,-0.290489322766129,-0.0158461421371892,0.134164637451534,0.288178576089544,0.528946012091856,2785.23583125531,1.00147575507709
"L[12,6]",0.131523224370983,0.00404629460381451,0.221979528101478,-0.318939963565305,-0.018309880143045,0.139516804865896,0.290300868355763,0.539395497636591,3009.61434315952,1.00040228982559
"L[12,7]",-0.00459798107054815,0.00503597379246598,0.237437269452388,-0.462441732298081,-0.169821460095234,-0.00644254316781315,0.162091629926129,0.449187065622682,2222.95594436517,1.00085178606011
"L[12,8]",0.109287896236335,0.00361698229557563,0.211140942094302,-0.318899163204513,-0.0356834697470714,0.115179400418265,0.258064985326992,0.502937083478398,3407.62773274318,1.00022611336244
"L[12,9]",-0.119392097746102,0.00362529364669805,0.212266339285241,-0.51058623472183,-0.269856269843406,-0.126374352495501,0.0223219438060922,0.312462100163613,3428.27680625937,1.00009779587445
"L[12,10]",0.0916683485355758,0.00358785384533287,0.210517623171221,-0.329131860522159,-0.0467857978274203,0.0945445526136297,0.235780325337799,0.488969345129152,3442.76539790993,1.00026419688117
"L[12,11]",0.240296935659092,0.00338572704364751,0.196658250683365,-0.165629142964199,0.109461559256895,0.252263374800135,0.380557580361565,0.591349525508955,3373.8087359459,1.00089701482801
"L[12,12]",0.584817987417864,0.00189893018855813,0.12629210945447,0.3264105606727,0.498121050633192,0.590912881692336,0.675163003980754,0.816198771457037,4423.1782053826,1.00054143173352
"L[12,13]",0,NA,0,0,0,0,0,0,NA,NA
"L[12,14]",0,NA,0,0,0,0,0,0,NA,NA
"L[12,15]",0,NA,0,0,0,0,0,0,NA,NA
"L[13,1]",-0.0208480522651688,0.00290406744195183,0.203612354474796,-0.417015376483756,-0.162308280378446,-0.0201427360712039,0.122305937435448,0.373034275156615,4915.80736656391,1.00022718152932
"L[13,2]",0.209413714381466,0.00368581995080004,0.209123704860391,-0.21515588556696,0.0682736827595063,0.215093334406875,0.35519882590164,0.595687597491949,3219.12837125263,1.00070739852773
"L[13,3]",-0.000324169955529312,0.00489111215152449,0.238684666328659,-0.457344685203679,-0.163971543731656,-0.00262888294970094,0.165926518714041,0.455361898956711,2381.40793979707,1.00085202769592
"L[13,4]",0.175874438121489,0.00300750771619894,0.194449378823695,-0.221353403629697,0.0431910751503353,0.181826068801573,0.313490373270814,0.540258347512011,4180.22462913606,1.00016557265609
"L[13,5]",0.0903964538109098,0.00312833379276132,0.210746957640492,-0.32252014972792,-0.057401449029987,0.0956928282480433,0.236867728456307,0.490053987713575,4538.33400916097,1.00043835254034
"L[13,6]",0.131590952891247,0.00328411134652181,0.210521973217254,-0.288640510081947,-0.0119046045455571,0.136449504871813,0.281990779089463,0.526130578012977,4109.21739063582,1.00035187723629
"L[13,7]",-0.000977521409710946,0.0042089791766016,0.22977115649783,-0.443707565294104,-0.162540852539738,-0.000756555519277773,0.16299142199916,0.439466413397102,2980.14548528144,1.00008336539981
"L[13,8]",-0.0310057454740684,0.00356851865260331,0.213782030096892,-0.442639200890097,-0.18165663625598,-0.0319304289499643,0.115410729447619,0.388205456530835,3588.94209549103,1.00018792943695
"L[13,9]",-0.0230341575034704,0.00336178005222202,0.215687070701074,-0.42974904146585,-0.178046786437594,-0.0246191470229063,0.125763507058688,0.403455240680773,4116.32477233335,1.00005665335958
"L[13,10]",0.0726677257509275,0.00346958591605357,0.211040517327908,-0.351134564307485,-0.0719568533164062,0.0757825622260908,0.220282585050454,0.475581185925499,3699.78419778107,1.00102130659387
"L[13,11]",0.120831585742195,0.00379276820589306,0.195131007989616,-0.274085211567111,-0.00974787982954509,0.125172996312337,0.257545868361112,0.488948039795766,2646.9148627129,1.00235994645194
"L[13,12]",0.124074458385835,0.00382924275708209,0.215996086955761,-0.314007150551699,-0.0233358608578863,0.130439871276773,0.279114350506142,0.518219097914778,3181.74937669128,1.00161195012738
"L[13,13]",0.5500818193917,0.00205072872350611,0.130426226378003,0.288735869069068,0.460969524079677,0.553961125122029,0.642698687306234,0.791907875610758,4044.95252969089,1.00171742284507
"L[13,14]",0,NA,0,0,0,0,0,0,NA,NA
"L[13,15]",0,NA,0,0,0,0,0,0,NA,NA
"L[14,1]",0.193420596668787,0.00287675464750893,0.197138295766393,-0.201925740448921,0.0615990010847336,0.202413695098489,0.332198681157916,0.559858176220413,4696.08932248731,1.00014538623167
"L[14,2]",0.0688052317506816,0.00320840722551076,0.195872580376769,-0.315520607239928,-0.0668888372217787,0.0682400788024779,0.205807148952034,0.446848823843797,3727.07659359701,1.00067488309733
"L[14,3]",0.0317725871278057,0.00470550129941801,0.234977344794035,-0.420069038501831,-0.129681348073461,0.0331232512694611,0.192812103167639,0.495316619719846,2493.67693709109,1.0005341858835
"L[14,4]",0.0834566803287231,0.00320184451367577,0.193960925849722,-0.305014025232056,-0.0483092025670123,0.0866062414855553,0.218573198014728,0.450441899845831,3669.67852823341,1.00103725358848
"L[14,5]",0.150549484158495,0.00339424396711861,0.204687602657326,-0.269388042419097,0.0111086554946309,0.157312910655234,0.293892514755869,0.527383075807328,3636.61201647249,1.00003818117458
"L[14,6]",-0.0423992166983323,0.00470791596684656,0.226656952115362,-0.475880148722524,-0.201288779336213,-0.0449717524675155,0.113471841065437,0.404395317003513,2317.82522055102,1.00201589567893
"L[14,7]",0.00134418648085994,0.00482873185748865,0.234008090443375,-0.438443080196475,-0.166221538621965,-0.00231818203401943,0.165936758199961,0.462047104907864,2348.52704907694,1.00024065376137
"L[14,8]",0.144151090232046,0.00364852069180623,0.211636856299645,-0.276884797400463,4.75781728243015e-05,0.152314559976564,0.293060300296834,0.541266726613044,3364.72036235952,1.00077926226593
"L[14,9]",0.236836207984895,0.0037035602961075,0.20490301310481,-0.178581436347637,0.10168666473278,0.247164578190237,0.379313187468393,0.607216930302632,3060.96138099275,1.0008502577236
"L[14,10]",-0.178799126011811,0.00321520449153178,0.201358788177651,-0.544614269859682,-0.321623948269908,-0.188065809100287,-0.0485942752913854,0.23457623324895,3922.14800434764,1.00071705725082
"L[14,11]",0.0589905668256252,0.00325851213070356,0.188990452043106,-0.315017007837553,-0.0736547095965237,0.0647456835685252,0.190807510594496,0.4173812230645,3363.88424927893,1.00125112997173
"L[14,12]",-0.0897701941569853,0.003258689061812,0.207069793306219,-0.490978318904909,-0.233884015166308,-0.0920358916172422,0.0523156952089092,0.312435444151617,4037.82650303852,1.00021804399367
"L[14,13]",0.100255255303056,0.00364072054727367,0.210417842375618,-0.320836886690164,-0.0440397723201398,0.106961538160137,0.248850368867483,0.490606818543168,3340.33817102194,1.00033214362885
"L[14,14]",0.456932939586381,0.00197089050287693,0.134105595515876,0.205928000164364,0.35942907547999,0.455742367995709,0.550664935003926,0.718792857989571,4629.87008205527,1.00038593893876
"L[14,15]",0,NA,0,0,0,0,0,0,NA,NA
"L[15,1]",0.0760488501710798,0.00301411075168453,0.202971478601111,-0.327538728289708,-0.0603914529102692,0.0785088481326418,0.214961080519337,0.472055682135874,4534.73192699521,1.00056238231454
"L[15,2]",0.120392400763629,0.00348105254224208,0.20095205298669,-0.270406085010393,-0.0193228480642225,0.121769192057631,0.26016258779715,0.504322807999795,3332.4507360077,1.0019111143315
"L[15,3]",0.00546978986400581,0.00513104606506774,0.236371096622288,-0.454734040361306,-0.158272410805791,0.0049096458966533,0.17112694169095,0.452497935654839,2122.15407995667,1.00223365952515
"L[15,4]",0.441385165131247,0.00498031954936885,0.189713389985153,0.00986313721886387,0.32573688595502,0.460759773846772,0.57892603566073,0.755222546156279,1451.04723820775,1.00812403799691
"L[15,5]",-0.0491051837106054,0.00298143561409553,0.195573453269518,-0.423186244589689,-0.183986364528013,-0.0517046188934136,0.0830761903820089,0.343578480696253,4302.97614664408,1.00025766211248
"L[15,6]",-0.0610384226656575,0.00315782560748313,0.199458695832512,-0.431750280134868,-0.198853607312044,-0.0657526511255222,0.0727949223149023,0.347681155483401,3989.60285250634,1.00085606738532
"L[15,7]",-0.00750525967540992,0.00333595505185721,0.20837409400036,-0.408901812480508,-0.149902470948723,-0.0073340221134543,0.13628864452225,0.395744213600637,3901.63886163613,1.00292835567805
"L[15,8]",-0.0260228741048506,0.0031779957641788,0.203947564790835,-0.412178163476753,-0.169610743149502,-0.0284214166187459,0.116851385109308,0.372913018368391,4118.41796869177,1.00078144472863
"L[15,9]",-0.0625735733960979,0.00329386539770956,0.19930353312078,-0.437953806694302,-0.2022071293034,-0.0675648743591924,0.0754155264965846,0.333582713136458,3661.15654844376,1.0001358931158
"L[15,10]",-0.0924894519919146,0.00337343388474184,0.201913562285886,-0.470951913451465,-0.231602856796523,-0.100181768659848,0.037765523918832,0.329302568640502,3582.5031097409,1.00024596246432
"L[15,11]",0.0985650734139906,0.00306686792990278,0.182618975824676,-0.267997239411242,-0.0235508939569262,0.100119494976821,0.222948638254111,0.450552152407252,3545.69730560825,1.00003824902557
"L[15,12]",-0.00634558554573808,0.00311623003370122,0.203316529669151,-0.401066861569397,-0.146011992640272,-0.00713892018045965,0.127920005456978,0.393225349533197,4256.83051108403,1.00144338175906
"L[15,13]",-0.0333788308331957,0.00352828454706609,0.20851506214068,-0.428709538727835,-0.179911250680217,-0.0371447094910946,0.107540991507261,0.383338036064774,3492.59042007087,1.00068045394438
"L[15,14]",-9.73106070227937e-05,0.00353376323506324,0.209776806795342,-0.403512515127947,-0.148523420000816,-0.00172668554434063,0.146915604050967,0.404998923352992,3524.03363220848,1.0013502490435
"L[15,15]",0.396957470378333,0.00217235405444788,0.134198501364152,0.149692961796439,0.299777767492217,0.392775140523135,0.48851256507595,0.666101856878881,3816.2262476405,1.00250976412881
"slope[1]",0.0234083049169072,0.000141196896004519,0.0102119652170665,0.00328279565716722,0.016638380436645,0.0236204985764844,0.0303279236207951,0.0434064288985005,5230.80288644366,1.00044280508697
"slope[2]",0.0513919594245175,0.000134153083086239,0.00984443724177161,0.0321205179092613,0.0449178134095596,0.05140294475993,0.0578212411715001,0.0714743067354488,5384.93509849386,1.00018052100813
"slope[3]",0.0372456367247764,0.0017885936414381,0.0437020254190814,-0.0344281003120391,0.017757836127036,0.0339556084211333,0.0507135038420758,0.13103086877648,597.007470570432,1.00258379448703
"slope[4]",0.0393578921884939,0.000113723877168696,0.0085922202416516,0.0222130544161436,0.0335940538638521,0.0394960235008045,0.0449961741027032,0.0556493590837779,5708.30915671298,1.00005429955553
"slope[5]",0.0157948090886557,0.000447472309538137,0.0245153268139768,-0.0408002909403475,0.00214015624527828,0.0190263592337493,0.0323555698383726,0.0574641256190133,3001.53245336147,1.00275826159015
"slope[6]",0.0282287384449531,0.000524837027951141,0.028364934501933,-0.0352961899887779,0.0145044645783405,0.030213079564352,0.0442909554555092,0.0807768566264137,2920.8861883627,1.0002929942777
"slope[7]",0.0331859504212859,0.000786690157439756,0.0362497167422111,-0.0374774189332211,0.0183703499679407,0.0332380900794986,0.0483894751460808,0.0989922724969816,2123.25326919737,1.00053823256005
"slope[8]",0.0350914381804876,0.000117152175723075,0.00927596889714344,0.0165354565429372,0.0290439762990552,0.0351701812361698,0.0410432008542054,0.0535171497298238,6269.28264789713,1.00025636101028
"slope[9]",0.019449857116843,0.000168354552904973,0.0112969091802872,-0.00348640368348326,0.0120691366150323,0.0198542810375991,0.0270886220794674,0.040800151820297,4502.66403238156,1.00096510729839
"slope[10]",0.0224031666048805,0.00023051950431492,0.0146126948368416,-0.00754861494226237,0.0129706012672532,0.0229352104195035,0.0323106655245814,0.0499022121002692,4018.32700057446,1.00076953339883
"slope[11]",0.087759324942356,0.000442188964615821,0.0201179034005544,0.0450147726985342,0.0749286962846158,0.0889717755992308,0.101955940681126,0.123865280384687,2069.90129829025,1.00309978554346
"slope[12]",0.00953249376132131,0.000385680572161869,0.0212625237011392,-0.03548455988695,-0.00418397080775707,0.011318917271796,0.0247185042865958,0.0462725998425539,3039.30368011368,0.99997683670736
"slope[13]",0.0586017728416468,0.000174827138966338,0.0117410681575,0.0347545444325921,0.0508724152199789,0.059167084415512,0.0665492261439463,0.0805071065284726,4510.21782955583,1.00130576901454
"slope[14]",0.024900535133538,0.000134234004575172,0.0106030230710021,0.00329922534954348,0.0181963442364456,0.0251660861116274,0.0320117274433738,0.0451217579770182,6239.27775429705,1.00056411130804
"slope[15]",0.0322940457057391,0.000132405632642858,0.0104877669526934,0.0115116519918216,0.0254769021318757,0.0323657705349793,0.0389993515633582,0.0534228469981345,6274.12454298806,1.00008987944062
"eps[1,1]",-0.784671278113864,0.0108091976635185,0.656025842765625,-1.9999883046728,-1.23874563019528,-0.807437918658866,-0.369193853483255,0.571161243659121,3683.45169019118,1.00174371553958
"eps[1,2]",0.0808438682104702,0.00913340268928478,0.62235413933991,-1.13222974808983,-0.339756092596064,0.0696205451352584,0.484829475848955,1.30492446185493,4643.12047947564,1.00122523038781
"eps[1,3]",-0.0389885653262796,0.0162977116925809,0.979033662078495,-1.934968639355,-0.717720993671049,-0.0354603070476737,0.624652170929683,1.86419053671749,3608.62694081494,1.00078529340372
"eps[1,4]",-0.125501047248765,0.00879423613013177,0.635770413983438,-1.37715603899914,-0.541549548887386,-0.123752081812755,0.289422765074058,1.1392260765951,5226.420910118,1.00054713446237
"eps[1,5]",0.552226195778719,0.0131817492214375,0.920746988483739,-1.27306241816863,-0.0573298808839903,0.566864487352685,1.18240691465835,2.29690767090961,4879.04163326668,1.00066511476845
"eps[1,6]",-0.014573583833265,0.0136115968293971,0.962164688119366,-1.88816506732902,-0.652110173110047,-0.0117540376404929,0.620399478780672,1.88823637381078,4996.67007273397,0.999735566696001
"eps[1,7]",0.000179328290572306,0.0163716759333056,0.994047091202252,-1.95421274710293,-0.683433614921135,0.00106556379817214,0.690305484978805,1.97025804542413,3686.61375091788,1.00038522451459
"eps[1,8]",0.533889670078816,0.0107654278043766,0.788254459931115,-1.03214713908451,0.00933830400942477,0.545755126002112,1.05394750858063,2.07729839859857,5361.30219929861,1.00003146001379
"eps[1,9]",0.354284887233022,0.0114185667142679,0.800984044683934,-1.26985474977049,-0.167425996717108,0.358263092019684,0.893045939898047,1.91344910645785,4920.67342838852,0.99983384355215
"eps[1,10]",0.086360754721933,0.011837883772324,0.891876990925955,-1.66945390135109,-0.520891850445154,0.0838488670064243,0.687458040161874,1.84487486098317,5676.25342028169,1.00058220334039
"eps[1,11]",1.16330987698858,0.0112700782452187,0.830894282278671,-0.527554536227453,0.611525539003892,1.19137058443006,1.72387227477572,2.72204376865335,5435.4771997632,1.00157410678813
"eps[1,12]",0.0940031194079606,0.0114971892757976,0.934977964851919,-1.70879517784567,-0.534920640866681,0.0930962410769408,0.716575241983144,1.91980383286219,6613.31774210757,1.00028445552017
"eps[1,13]",-0.167135901301572,0.00982021369544077,0.867134538819371,-1.86212336222815,-0.742133375398986,-0.171139370597246,0.400598924503616,1.53497933321865,7797.06389085255,0.999732415367467
"eps[1,14]",0.285425702948099,0.00937503494687579,0.897034658197013,-1.47893614682744,-0.319176280437002,0.278215000009562,0.88646253751687,2.01977463181653,9155.30159158824,1.00015571693279
"eps[1,15]",-0.0559527688182586,0.00928569137451654,0.931588651530202,-1.87835158874595,-0.690188883082355,-0.0624567763208956,0.575888314411436,1.75620566078331,10065.1415898516,0.999614486109858
"eps[2,1]",0.79082010226237,0.0109197119562901,0.664530981675193,-0.589166296480814,0.360448252502017,0.812369567138741,1.2528224424533,2.05612337087021,3703.46378025032,1.00043477842486
"eps[2,2]",0.852733389981223,0.0085122827823411,0.626217896410999,-0.390084257785076,0.437044761414357,0.861355304186371,1.26354620321028,2.06123881067709,5412.01341708635,0.99983694882992
"eps[2,3]",-0.0864385652687829,0.0165516318740278,1.00593598861864,-2.09113658224248,-0.765637700636596,-0.0964142112157144,0.601545683529453,1.90210425747386,3693.67818556843,1.00042160442839
"eps[2,4]",-0.73246079690941,0.01070424399957,0.673009842302686,-2.00387433287133,-1.18565577782287,-0.748375034692535,-0.296340413023201,0.647014642792606,3953.03655836603,1.00140871831099
"eps[2,5]",0.531059298388291,0.0129204530505784,0.917073197452736,-1.28192863978646,-0.101573935946965,0.536096722708279,1.15635696737328,2.29669243459065,5037.93450421697,1.00042557978855
"eps[2,6]",0.14793687985946,0.0141504569851669,0.979871246934843,-1.78780021496912,-0.51791920789011,0.150339609425599,0.820678289124504,2.06220548951291,4795.0936890456,0.999916340253628
"eps[2,7]",-0.00202995886217741,0.0166786318445778,1.00149289995988,-1.97108886279951,-0.660484692042673,-0.00626979451217623,0.6778633782223,1.95947979942224,3605.57807893018,1.00000363508744
"eps[2,8]",0.503148725653459,0.0106091591153438,0.813520683198252,-1.13131335180536,-0.0459997705929227,0.511793685755252,1.04892921161044,2.08701627998067,5879.97219153982,1.00054230225561
"eps[2,9]",-0.462383193472186,0.0123614889822938,0.832224770346608,-2.06902792142322,-1.01546056611041,-0.467559094616636,0.0814556753431127,1.2219270012015,4532.51973536884,1.00069401095067
"eps[2,10]",0.495047137902099,0.0123197320301916,0.852401559139367,-1.17765674159732,-0.0752581988271864,0.490550280561148,1.07011683355025,2.14337544057248,4787.24823699987,0.999833805576143
"eps[2,11]",1.18277702659647,0.00999530800485844,0.826020330300851,-0.470134340871367,0.655221379686024,1.19112795417072,1.74581833874635,2.76542595718827,6829.50315632629,1.00047224595867
"eps[2,12]",0.161222245905925,0.0102327963808822,0.925141989055639,-1.65563184627478,-0.459580680050812,0.154921160004679,0.791194465470946,1.96193734448101,8173.87741915341,0.999981315664708
"eps[2,13]",-0.215442013176006,0.00958746907217605,0.864040651098972,-1.90656526820891,-0.801095705363224,-0.228553622558293,0.370287860041199,1.48733138295502,8121.95163554548,1.00053973479029
"eps[2,14]",-0.0747965785135175,0.00988894810073082,0.927853521888629,-1.85906293687412,-0.708784571928599,-0.0740834619115291,0.554743784264592,1.75994739472221,8803.56643339305,1.00058747314394
"eps[2,15]",-0.148647254428038,0.0085373163541224,0.923523466322292,-1.96001842209372,-0.764383927361554,-0.148738480595832,0.457278764583973,1.69519232617506,11701.8121183559,1.00009056364404
"eps[3,1]",-0.307047156300904,0.00747524486849757,0.614985466658447,-1.51146729966753,-0.723840663147237,-0.312166094209002,0.100472980965407,0.912010016965258,6768.28843620094,0.999629907581169
"eps[3,2]",0.697296522105498,0.0103889257663038,0.628185849150991,-0.460763761388295,0.254161162345048,0.667935747425809,1.10585509186621,2.01152181114202,3656.24266327206,1.00011741341884
"eps[3,3]",-0.035254599191203,0.0174720008813285,1.00849821069526,-2.00508343317355,-0.723563637074321,-0.0332060574690852,0.654794473102674,1.93626040493382,3331.69301379628,1.00077566731037
"eps[3,4]",1.1007048483429,0.00907675900367466,0.671449355682871,-0.246955863032831,0.658289588804162,1.11606616697263,1.54985618464644,2.38914983426071,5472.23719237863,1.00060277144515
"eps[3,5]",0.366146527480119,0.0125726419299948,0.923721345253892,-1.45335714168127,-0.251299921625106,0.385657662107211,0.979205946706939,2.16774423959704,5397.9500908125,1.00060858882655
"eps[3,6]",0.22783950520298,0.0136005206198747,0.948947280295035,-1.63547281177312,-0.409125053751272,0.229378708401218,0.857794465395045,2.06568538730212,4868.25259955364,0.999928964042195
"eps[3,7]",-0.0452645032407644,0.0152489952412666,0.988044137780318,-1.97858098049306,-0.721714982687043,-0.0403301001482176,0.616318236358593,1.89276685384309,4198.26872562141,1.00050449134987
"eps[3,8]",0.232173682586848,0.0111105607536675,0.807004498825978,-1.36415828161564,-0.297919238810578,0.242110392139526,0.765343972139222,1.77736809835543,5275.69833574473,0.999890835033607
"eps[3,9]",-0.574605580469866,0.0110602627482117,0.837439479920717,-2.19644904341923,-1.13707888709589,-0.595666658415673,-0.0250429979680141,1.11560753369662,5732.92122248487,1.00018755230519
"eps[3,10]",0.295882403839466,0.0105448787465294,0.834416924623523,-1.33718842566034,-0.273837692221713,0.312597110617938,0.863007640612034,1.91183385042888,6261.56694667524,1.00024269220905
"eps[3,11]",0.73376947800318,0.0111010404406209,0.830836962178085,-0.903441142535811,0.189046158334372,0.733347894901447,1.29739239634788,2.38382274556439,5601.49881876648,1.00025910237212
"eps[3,12]",0.810054337754378,0.0109492998118455,0.874767641202216,-0.983692696153541,0.23954504795866,0.81943587191416,1.38834683458715,2.50632930126058,6382.82185880415,1.00035858928723
"eps[3,13]",0.0108407160377957,0.0102744971013774,0.887620563768412,-1.72663865078394,-0.582709003615389,0.00178567768444923,0.598505875420588,1.81073644844033,7463.34576547946,0.999653745383057
"eps[3,14]",-0.0725517008648428,0.0100066021162442,0.944213458080888,-1.92306983068724,-0.708673225977571,-0.0630004536697577,0.570545295056792,1.76669191132319,8903.63010311468,1.00008214678442
"eps[3,15]",0.357282189276625,0.00929919361617478,0.934520866562947,-1.4696491870896,-0.274156740027904,0.368723948432601,0.999847523920885,2.14173761411817,10099.2105318404,0.999928740254364
"eps[4,1]",-0.218995017759318,0.00772096057593321,0.614336364228222,-1.39008617484069,-0.627432678605664,-0.237821133004943,0.169216826710034,1.02385033577618,6330.96301591677,1.00070233869032
"eps[4,2]",1.20520366272813,0.00786822012747354,0.613771885396504,-0.00800495466724691,0.792331517122576,1.19665241283457,1.60779412907663,2.44854682691292,6085.00555621478,1.00065463977764
"eps[4,3]",-0.0108073158221386,0.0170159957413219,0.981889686185816,-1.97720063438948,-0.65595047813223,-0.0119659118160062,0.649773225888172,1.90095830318543,3329.74258146588,1.00111014398266
"eps[4,4]",1.126101900411,0.00881894099550292,0.662839580131501,-0.210576603686874,0.702457414442944,1.1285756599263,1.54939975816403,2.45155650490065,5649.16153419079,1.00057616493419
"eps[4,5]",0.437583107044034,0.0113192789342944,0.898830631994669,-1.356731607657,-0.166144572312655,0.444345360808788,1.05517818328291,2.18124511337032,6305.48076398041,1.00053745211997
"eps[4,6]",0.130566720094184,0.0117178464286373,0.938695893517843,-1.73665257625643,-0.493644463731018,0.125711086602832,0.748465441135712,1.97735835190253,6417.32792180592,1.00032330168103
"eps[4,7]",-0.00293990699799719,0.0121888942499456,0.954913349896542,-1.86626064709497,-0.646218746416508,-0.00377932718344588,0.643523621117353,1.87965756900344,6137.6103218654,1.00041951441979
"eps[4,8]",0.179213543541398,0.0103213432637948,0.792078499411008,-1.41831608405947,-0.337650924734466,0.179315203443512,0.701926886779154,1.71940562805189,5889.30444614175,0.99973876503863
"eps[4,9]",0.431488028818358,0.0106250209749471,0.818789798125871,-1.14967428748954,-0.123571220408342,0.447187901692487,0.981109679974125,2.03100000581443,5938.6161301393,0.999920068986846
"eps[4,10]",0.215152811968972,0.0104617893438602,0.819219476999543,-1.39120497858391,-0.333534396419869,0.217449982757536,0.770823287664389,1.80617521075686,6131.80868771909,0.999837220303783
"eps[4,11]",0.590480420498799,0.01053167621027,0.823145168654684,-1.04128426866567,0.0307867427129629,0.598853293368168,1.15992721742806,2.16662141369201,6108.82761470758,0.999837190967233
"eps[4,12]",-0.25412451379907,0.0104129152535415,0.868396927415753,-1.96351085038448,-0.847780332700461,-0.248735928657655,0.332041212230617,1.47176572784708,6954.91599267802,1.00088291823711
"eps[4,13]",0.669841937549884,0.0097470043124132,0.863018003892435,-1.03547460489413,0.0974109998858184,0.6633138664981,1.25062132832087,2.33684409338638,7839.66301876578,0.999876988929912
"eps[4,14]",0.159901802521029,0.0100972294608066,0.908267859306045,-1.61117354676384,-0.44689541957871,0.156038950246946,0.767761967678834,1.96546933127251,8091.39570850231,1.00014658180804
"eps[4,15]",0.179743379735959,0.00920406605987001,0.92036227771419,-1.66017315010255,-0.440473354386419,0.194510627754995,0.786025816474611,1.9909609266763,9999.03679080393,0.999811923349691
"eps[5,1]",0.834660502003493,0.00743361947717594,0.619722103884945,-0.408046402296144,0.430145400300117,0.831076875213526,1.23716043639039,2.03542985738553,6950.1362907598,1.00000074128964
"eps[5,2]",1.20113781976981,0.00862412637886869,0.631376703539238,-0.0660529917000793,0.78880863709125,1.20854259239188,1.62851760069286,2.42385809144458,5359.77899581691,1.00041585448771
"eps[5,3]",0.0660387144920928,0.0178613206589636,1.01295106137653,-1.91503488564097,-0.615045326815481,0.0742928113759953,0.740479789967293,2.0606101029413,3216.24995441,1.00092951985925
"eps[5,4]",1.10274860353815,0.00974794774217163,0.677137531335045,-0.266156347866882,0.662626494976741,1.12342234238551,1.55956515585421,2.4042119876895,4825.33408228728,1.00060307093694
"eps[5,5]",0.356028876540239,0.0136907852878206,0.933932992614439,-1.52221043117468,-0.271414100793064,0.372294522321404,0.992803914234319,2.17678378806413,4653.44640739409,1.00052084928265
"eps[5,6]",0.000240998355911215,0.0151658554432245,0.969524440951052,-1.92854456927802,-0.639425914506265,-0.00405202974362821,0.653107570175606,1.88564517112528,4086.80296096494,1.00000098305925
"eps[5,7]",0.00643698457247082,0.0157084633341041,1.01227442554253,-1.96894051529216,-0.679555250915574,-0.0062039095681426,0.700742289883203,1.96810596268406,4152.68629239703,1.00018163962336
"eps[5,8]",0.355998932341622,0.0114830772291396,0.815301708673365,-1.27657526815594,-0.180681811586659,0.364840166567825,0.911810902723702,1.92813340734186,5041.03988550536,1.00000462630376
"eps[5,9]",0.81324442162821,0.011915086582045,0.810124114213154,-0.805041730683005,0.268435089094439,0.820890422951017,1.3582722298729,2.3715101472011,4622.83842149489,0.999917646823731
"eps[5,10]",-0.284105683245824,0.0111094070667197,0.854576552520185,-1.97606763020623,-0.855823034677491,-0.288569241849101,0.286193833201484,1.40743648538946,5917.25362948788,0.999924969569551
"eps[5,11]",-0.350544418792473,0.0116185326043002,0.850014317120356,-1.96484139134573,-0.931442025682475,-0.370147771861886,0.21744077310676,1.35350269787357,5352.4167289571,0.999871463043015
"eps[5,12]",-0.751788374048329,0.0110635340763158,0.881907614514779,-2.45123097316276,-1.36223922755826,-0.767180909641068,-0.153088061144918,1.01757582081114,6354.16413695986,1.00008165142729
"eps[5,13]",0.61098981859107,0.0109187294126226,0.907103167851335,-1.19147351576104,-0.00204633046419083,0.633450941131482,1.22715785909449,2.3800025991416,6901.90790969581,1.00039611535038
"eps[5,14]",0.56973601026051,0.010123800606224,0.901828883109944,-1.21235643849664,-0.036135077441177,0.578298112011251,1.18365526344978,2.28349067391247,7935.2591605442,0.999804066198155
"eps[5,15]",0.133779436784048,0.00942427582276235,0.92212054514191,-1.65110320748427,-0.49557980769433,0.129501429946958,0.771166085032047,1.90837791720662,9573.69131121037,0.999776738269128
"eps[6,1]",0.448295003242578,0.0080260768897779,0.625945188270352,-0.82549021383777,0.0441708523787587,0.464284437727049,0.85909359081475,1.64797054160794,6082.27397093832,0.999805262796621
"eps[6,2]",-1.02645333360517,0.0098135799352139,0.62212428403792,-2.19559927861928,-1.44779590430088,-1.04553089389653,-0.629472211089662,0.248042629243902,4018.82762859155,0.999779035028667
"eps[6,3]",0.00546273068543362,0.0114195192216967,0.89224348909406,-1.73687786170463,-0.583565456160314,-0.000569200397620553,0.608537197487795,1.74380595143527,6104.79570849619,1.00035257449266
"eps[6,4]",-0.382967450025253,0.00793802088133465,0.618720826233792,-1.56103786979487,-0.800813402603048,-0.401740504923106,0.0151682663667661,0.898655068413457,6075.26176809204,1.00036188869007
"eps[6,5]",-0.139230342106709,0.0113755821499344,0.886083591081631,-1.85456374082164,-0.735949917368552,-0.144397438359147,0.446508822918983,1.61236127735868,6067.39299941519,0.999789833774223
"eps[6,6]",-0.0289725599485626,0.0108851858645694,0.899441603249966,-1.7940741949794,-0.632678005458327,-0.0282191987458988,0.575055171073894,1.73134543087122,6827.69709132793,1.0003989808638
"eps[6,7]",0.00452953312131833,0.0117051901782621,0.921310622314875,-1.82938528317216,-0.600775857453357,0.0128375891500684,0.619205661880449,1.74898454743188,6195.19824688253,0.999951527995271
"eps[6,8]",-0.718816403356149,0.00885425950921307,0.746113612937107,-2.16587925136861,-1.22580240373069,-0.724213618364548,-0.231917474790867,0.804810592187414,7100.76981730587,0.999763728373104
"eps[6,9]",0.0230892082824005,0.00946608397292423,0.766045183050894,-1.48650596932828,-0.498752085676934,0.0250011349893049,0.548222855058318,1.51383810596414,6548.89559208154,0.999676729832901
"eps[6,10]",0.037428570727448,0.00920528565548359,0.795649771957494,-1.52576992246755,-0.492131835812442,0.0343691830833152,0.557991504205648,1.60006093993277,7470.83845197463,0.999992335636852
"eps[6,11]",-0.353881457035847,0.00926988410715466,0.801612661244483,-1.91506033955754,-0.908407954744032,-0.354031148743407,0.18288999125568,1.2224488936738,7477.91504783689,0.999835166314249
"eps[6,12]",-0.0669937384702456,0.00918152514358963,0.835170450739359,-1.73347909939645,-0.620260396027041,-0.0669727219146058,0.491901919529561,1.54352433423382,8274.09655236704,1.00013354051385
"eps[6,13]",0.321517962513451,0.00942158975928587,0.886346563436274,-1.42377547177003,-0.274823741513958,0.338765871818965,0.919196574024047,2.05942613241904,8850.31544861852,0.999776658133045
"eps[6,14]",0.350894858992822,0.00880462486959689,0.887311765427534,-1.40313753436351,-0.227729396559222,0.369610998210063,0.943274906102558,2.03197220663287,10156.1888090329,0.999882091160928
"eps[6,15]",-0.10334595294714,0.00904832794276662,0.904696310264083,-1.84481116115138,-0.72290670352898,-0.11118645677973,0.520523179331875,1.64975297155445,9996.98344887828,1.00006964801167
"eps[7,1]",-1.16532733060256,0.0104176476206903,0.631713166399693,-2.36255161431787,-1.59105537465632,-1.17474794583691,-0.753710911761981,0.10518171200548,3677.05842927934,1.00148559929977
"eps[7,2]",0.0747350856271909,0.0100791264666089,0.643645113790686,-1.20055955511676,-0.363717669263324,0.0875284447937396,0.510711763178106,1.31366094988316,4077.99946393013,1.00159629635963
"eps[7,3]",-0.0447129468428182,0.0177617022796483,0.99573612832613,-2.01267682732166,-0.71960245955929,-0.0299624809053148,0.622040781112831,1.9147684900092,3142.81890955336,1.00161998156743
"eps[7,4]",-0.65554929121915,0.00926668459520185,0.655202304778434,-1.92164293253024,-1.08952574760814,-0.658434252348578,-0.228759616656416,0.644167981050551,4999.21793852373,1.0000955831702
"eps[7,5]",-0.530273995466856,0.0139258072267567,0.940160678483132,-2.29457176812306,-1.18309295497006,-0.557793635296649,0.098745622056802,1.34406508973052,4557.88547322398,1.00086869488167
"eps[7,6]",-0.114366556355997,0.0142309010607421,0.962318661418514,-2.01688400260483,-0.767744352604003,-0.107746363412432,0.536553958412228,1.75729167378249,4572.70323619713,1.00085428356137
"eps[7,7]",0.0123523897421576,0.0158607311528537,0.986586425847853,-1.90410481908075,-0.663353602232203,0.0141178105146136,0.672796909042923,1.95655047370146,3869.2239230147,1.0004174353872
"eps[7,8]",-1.01612169928293,0.0109869060750213,0.805496159892132,-2.55190729070613,-1.56437670535619,-1.03059520882898,-0.48723537986116,0.592181687796011,5374.97099446877,1.00099788497317
"eps[7,9]",-0.675787425539544,0.0111254671315471,0.802433883278043,-2.22300166184356,-1.21253489614553,-0.698591699240832,-0.147235364473327,0.92199223199549,5202.13966146546,1.00023726482384
"eps[7,10]",-0.0136154183400798,0.0102422448647711,0.813091413691953,-1.61682473320365,-0.563262322343812,-0.011966878237493,0.530664152997459,1.55224711126746,6302.14572123558,1.00078819049602
"eps[7,11]",-0.273464607439081,0.00945199357630965,0.810530452232164,-1.86235726784103,-0.827148040604264,-0.270745769364925,0.276274624248612,1.29994945917648,7353.46173605526,1.00040221980659
"eps[7,12]",0.00453309297268547,0.0102077777170504,0.866533311975069,-1.68622774422912,-0.573866963317841,0.0081027989250015,0.581244123316827,1.70318527599876,7206.22996229202,1.00058388442495
"eps[7,13]",0.115318197846753,0.0114399955879664,0.914150623517459,-1.62218592009271,-0.526611588676514,0.114860338147911,0.738797362478548,1.90608409307294,6385.33674522532,1.0000176739445
"eps[7,14]",-0.581943089018558,0.0112807002745732,0.907905131661765,-2.34083751924104,-1.19487251135894,-0.590177870791792,0.00821184034077323,1.26156493143851,6477.52087253139,1.00082100571414
"eps[7,15]",-0.219222347921607,0.00959517037882281,0.916913461071365,-1.98476904043525,-0.836431230583018,-0.222591416546637,0.397333141577088,1.59839780594357,9131.69327673827,0.999773469018105
"eps[8,1]",0.0749900656746068,0.00865684015167491,0.63979170167125,-1.18944284476287,-0.349917220752694,0.07731492031826,0.500213154145806,1.34716025090044,5462.08442997783,1.00062537664238
"eps[8,2]",-0.3536199744763,0.00791873703955218,0.609379619014536,-1.56592193988568,-0.753079779266812,-0.352766966978736,0.0472470828455204,0.862462004055915,5921.9400567111,1.00010027011319
"eps[8,3]",0.0295581653759312,0.0176826649959962,1.01910447101137,-1.94563357790262,-0.64814484661777,0.0410638645532201,0.705750284879542,2.03900417065525,3321.55903401022,1.00001551289653
"eps[8,4]",-0.532298944853675,0.0088721853650733,0.653564304461455,-1.84408939224021,-0.94910645409713,-0.533088632627855,-0.104582329042388,0.757619316885436,5426.4453692744,1.00010479540662
"eps[8,5]",0.250190271738578,0.0134345438737152,0.917273990663326,-1.59391015119604,-0.385582119118924,0.272570858940395,0.881929562756166,2.00553204654047,4661.78571321446,1.00002661362613
"eps[8,6]",-0.187604560941781,0.0157183517409333,1.01935558265943,-2.1485294544975,-0.890439091544767,-0.199430751999046,0.504488927391568,1.8285292739433,4205.69142857576,1.00079743952781
"eps[8,7]",-0.00630758260775488,0.017173596368683,1.0399976229574,-1.99550729110173,-0.73177743370889,-0.0153067197049552,0.693617679892803,2.07281161202395,3667.26412862781,1.00017366396381
"eps[8,8]",0.769164402116657,0.0155236857771613,0.840959338264402,-0.964907082101781,0.222892193033545,0.793771291804145,1.33688819488311,2.35269125178908,2934.6769987298,1.00172967043911
"eps[8,9]",-0.152858035860007,0.0113498583595552,0.822353827610102,-1.77016344065471,-0.704209856417313,-0.148088829150248,0.410581359971872,1.44067703107027,5249.7249843423,0.999789643072076
"eps[8,10]",-1.43052773120964,0.0107590537730889,0.828158832527744,-3.03493017755409,-1.98467555826902,-1.43329005882053,-0.879308192131393,0.214950049738721,5924.8740139025,0.999956407319458
"eps[8,11]",0.477983781943972,0.00934351791785013,0.79179631782619,-1.09650231397371,-0.0464441423956584,0.492332246012913,1.01296750864491,1.98765696334605,7181.35027134336,1.0003280540415
"eps[8,12]",0.378089626464025,0.0093165407208464,0.841132424162259,-1.23808316002042,-0.192648441715111,0.378976396000592,0.963723661186194,1.9967607171249,8151.15921312783,1.00078668922961
"eps[8,13]",0.232450104952446,0.00856625580325713,0.84324840368546,-1.43094228049482,-0.339480375400799,0.225930523712362,0.803623750732813,1.88234456223218,9690.11603018458,0.999957051060133
"eps[8,14]",0.0454400690407057,0.00879673477043491,0.897672247424224,-1.70938467141226,-0.547459298325576,0.046183132106797,0.640069893150176,1.82003963642279,10413.4012207171,1.00000582800935
"eps[8,15]",0.0406737053355228,0.00959564675795881,0.925917923627443,-1.76922565100669,-0.591858457905283,0.0466396644644922,0.677316449873155,1.84633454790791,9311.00324890973,0.999579195630252
"eps[9,1]",0.116590392480879,0.00726967149087552,0.606879669854589,-1.09031964785592,-0.277384084619244,0.124195778973088,0.523588831358764,1.29774654828219,6969.08250845865,0.999714573717136
"eps[9,2]",-0.635570790050424,0.00735655621718615,0.587778532896136,-1.76804119937695,-1.02860588642305,-0.645093123820696,-0.260118026743573,0.570512118959769,6383.78607172977,0.999620470585463
"eps[9,3]",-0.000289797692628666,0.011326421455232,0.875214599537041,-1.74084782698396,-0.582961567878681,0.011119018069442,0.585643297728105,1.71499878069685,5970.95326306228,1.00000823343416
"eps[9,4]",-0.337818754818493,0.00717810791219703,0.611455283927081,-1.55691496491958,-0.73864736060191,-0.336804465764297,0.0681840425871029,0.84015529466415,7256.20324312375,1.00143120814412
"eps[9,5]",-0.0954470784789445,0.0101780740467652,0.833036263706795,-1.71771918605613,-0.642961352314219,-0.110915464485368,0.457674291526066,1.53983225849274,6698.79369418514,1.0000734719875
"eps[9,6]",-0.202728858944988,0.0103050348854268,0.877828104345643,-1.9061674494612,-0.787734483006888,-0.215008147854735,0.375463023620113,1.56198660240119,7256.38019554734,1.0001570391982
"eps[9,7]",0.00119575826416776,0.0103672173784954,0.905172082078917,-1.70982989725959,-0.611598486641314,-0.00751770291204734,0.611575872656106,1.77815869801408,7623.21014065316,1.00011865899946
"eps[9,8]",-0.381819466180109,0.00900412496910854,0.743826030111765,-1.81889611237271,-0.883303323625363,-0.394914122944984,0.124546530837443,1.06902623734498,6824.3252419609,0.999924841682254
"eps[9,9]",-0.178603766060052,0.00913474689253587,0.746271489778451,-1.66272256965618,-0.675867023089431,-0.182871679780892,0.316060257476007,1.30145781992546,6674.2222432743,1.00010959964993
"eps[9,10]",-0.289751913113794,0.0096215814774331,0.774149279126977,-1.81100033485239,-0.80720657767316,-0.291501403317047,0.227288493875385,1.25981880351355,6473.75863991761,0.99994406663136
"eps[9,11]",0.0729946165117657,0.00894308206920373,0.765951302826005,-1.41507142666647,-0.438838743500859,0.0682554276369094,0.584762456960041,1.5890022722572,7335.4689980833,0.999969001704522
"eps[9,12]",-0.427439859702881,0.00971007443622587,0.814293721096246,-1.99017964260626,-0.986368277796099,-0.442540774264181,0.118815621959235,1.18766085702744,7032.61841779959,1.00023087918587
"eps[9,13]",0.244646941914528,0.00880935449940892,0.831411909045542,-1.43281706653385,-0.301446484619103,0.237220234480037,0.812024647882116,1.86190490101051,8907.26366717686,0.999969168310853
"eps[9,14]",0.133472200515802,0.00883234742178797,0.877251087686567,-1.59355554537958,-0.44681425195641,0.129557444413003,0.711489991244677,1.85000897618558,9864.96487374037,0.999898351732322
"eps[9,15]",0.131592468027721,0.0087991969390022,0.900922843773778,-1.65688342048064,-0.479064514905014,0.133162744511216,0.728427339400005,1.92026318673023,10483.0853599668,1.00006960443692
"eps[10,1]",0.71855972832746,0.00866121795603612,0.603427238988844,-0.520602720425355,0.331067642680037,0.729874512655765,1.12419215711165,1.88301649748132,4853.91186002507,1.00038361499348
"eps[10,2]",-0.292641475245972,0.00671336386761265,0.587978417288964,-1.46137439207791,-0.676039571161089,-0.292358362395351,0.0882214159482079,0.889494481382478,7670.83067280878,0.999807215404707
"eps[10,3]",-0.00967115111452444,0.0115601209158837,0.870077433791981,-1.71523181044467,-0.604045791294552,-0.00550983314752924,0.584245328598446,1.67887728643193,5664.88446094789,1.00071241549803
"eps[10,4]",-0.827393413629196,0.00706187768031068,0.608987019507853,-2.04620518251967,-1.2260393244417,-0.827661853283774,-0.432782656682344,0.371474585947881,7436.62170677702,0.999842713679494
"eps[10,5]",-0.365599752803633,0.00860339733344322,0.683144609302198,-1.66167895379511,-0.8247535873875,-0.370329801510548,0.0902493302428633,0.991136188784832,6305.0034751412,1.00051198646349
"eps[10,6]",-0.0258721041331929,0.00997152642582084,0.867694551779992,-1.71198855019073,-0.603029153631836,-0.03372665559766,0.563558062405563,1.6845361615578,7571.99732786034,0.999884220550318
"eps[10,7]",-0.0190329466073959,0.00957061089100633,0.870674937656163,-1.73043615866956,-0.595647212807668,-0.0181302480842465,0.567556312355917,1.66147187618949,8276.23412252841,0.999965527968165
"eps[10,8]",-0.0438954111465609,0.00778537549925605,0.729077853263132,-1.50521625518917,-0.521564202547504,-0.0468955707989857,0.448422706451595,1.37983019115685,8769.77970760959,0.999725586589198
"eps[10,9]",-0.384829697963637,0.00917279720735346,0.749049352890382,-1.87151904435601,-0.88757400434192,-0.390202274672785,0.114599947114184,1.07499832807669,6668.33304020687,1.0002135365491
"eps[10,10]",-0.256915349286974,0.00895659268716825,0.760227679559468,-1.73042079065069,-0.774463447026868,-0.262132899918666,0.254790870606051,1.26104105120755,7204.46452059117,1.00034004542265
"eps[10,11]",-0.152873023500053,0.00804115173728127,0.749256869821255,-1.61083608907243,-0.650177229138311,-0.165898014566708,0.352721909130396,1.32276198733742,8682.10337403782,1.00011733782757
"eps[10,12]",0.0569846840984093,0.00918435306550321,0.806922157280627,-1.5522984661768,-0.480077640940393,0.0710020455592006,0.585686125131524,1.62670361600009,7719.09064291406,1.0000453152018
"eps[10,13]",0.0637207556699798,0.00885889196036013,0.830747858508369,-1.62568294361752,-0.481247243582007,0.0760708688951183,0.612841047079057,1.66816944588901,8793.86208814114,0.999963765868768
"eps[10,14]",0.00642639306882866,0.00891245927178909,0.874443951146821,-1.71589177816122,-0.561831159303681,0.00993094132557493,0.58230450204635,1.74104408835697,9626.50940353079,0.999871325069955
"eps[10,15]",-0.0354717416073512,0.00919615498634516,0.930411363868241,-1.84384239491253,-0.658837093427102,-0.0380240820893294,0.599729300860046,1.74595601441987,10236.1690186657,0.999799922488019
"eps[11,1]",-0.160826935477814,0.00785439296148472,0.60977500378309,-1.32816344204206,-0.569426100076003,-0.171106209870572,0.239750791192202,1.07452838871487,6027.17753309144,1.00107669477992
"eps[11,2]",1.07504402781927,0.00851665732297296,0.625071763367067,-0.221503897977847,0.674134602112373,1.0962119635472,1.49268955745903,2.26676222536453,5386.68295548262,1.00079541739177
"eps[11,3]",-0.0562542602845827,0.0126575662640451,0.908418866570961,-1.79457537899704,-0.677741318589691,-0.0685065891583296,0.558810754762805,1.73076984283749,5150.76660561362,1.00010792001246
"eps[11,4]",0.0886192454333102,0.00853158090459753,0.645698260477753,-1.20427921675876,-0.330306862027466,0.0905539884729284,0.523528152088623,1.35870824573531,5727.96302374226,1.00004912648802
"eps[11,5]",0.164599426768891,0.00843979267172295,0.683117029854468,-1.23358893000945,-0.277387658344948,0.170817477357066,0.630703283931904,1.45568074056076,6551.28764720003,1.00025073532765
"eps[11,6]",0.147479475008722,0.0134277757887606,0.93653686445503,-1.75221104614978,-0.474568235045852,0.157554703458664,0.784263291504959,1.95224166806004,4864.53790714492,1.00029149485846
"eps[11,7]",-0.00644659977777766,0.0133795275677691,0.940832407793617,-1.84100765063506,-0.645023456953696,-0.0170035305145475,0.635176105776576,1.80040836192648,4944.73452334775,1.00018474404461
"eps[11,8]",0.100905703963916,0.0101182056903735,0.765506185419051,-1.40753335472202,-0.409797790820384,0.0970277991969182,0.614809801511692,1.61626489060032,5723.87842518388,1.00032359411512
"eps[11,9]",-0.239282500378988,0.0101655542412608,0.776535961128305,-1.75123790428138,-0.753198687535728,-0.244016209304794,0.274889535899461,1.29879237203859,5835.27087760645,1.00006887024617
"eps[11,10]",0.624716300183098,0.0102422085099725,0.788007046311971,-0.951916922831243,0.106095228335312,0.627732139925915,1.14976200315497,2.1729322354099,5919.33577467039,0.999796979814425
"eps[11,11]",-0.336200451736926,0.0103935634121788,0.791341798650933,-1.85968934861415,-0.871219512899729,-0.348197980771021,0.191683397956904,1.23909813590536,5796.94622076754,0.999949860481828
"eps[11,12]",0.169754373222039,0.0103263623935988,0.858942310704861,-1.5101066879666,-0.420535790998622,0.181494620167672,0.768146712848398,1.82228170984175,6918.83969161856,0.999913165520037
"eps[11,13]",-0.696472924948683,0.0122690371847322,0.898722421666134,-2.43436915969082,-1.30368736986175,-0.726101012366697,-0.10110127489825,1.12569387348335,5365.74695901629,1.00131095629773
"eps[11,14]",-0.478148220718855,0.0100079642972002,0.923950615934602,-2.24001923997202,-1.10908666870743,-0.483530131088352,0.129013607596632,1.36025834078623,8523.26563642048,1.00052578713653
"eps[11,15]",-0.066394996232363,0.00905258256274096,0.905409295389252,-1.82475284765256,-0.675706833837432,-0.0673441180238277,0.530479468300006,1.74776401311161,10003.3372071291,0.999891159395491
"eps[12,1]",-0.546427904795252,0.00711206994198687,0.607204153771679,-1.79871992186445,-0.941754295369054,-0.536826730409462,-0.140357670353828,0.627178659568635,7289.15910170614,0.999856878093983
"eps[12,2]",-0.0910262486389214,0.0102183625138017,0.618363640710828,-1.25199434490368,-0.509211657428968,-0.105111861866251,0.305733351258725,1.16536569585942,3662.0585114771,1.00031093591544
"eps[12,3]",-0.0502492634892246,0.014458278583367,0.924523999895323,-1.859804580154,-0.670394635001794,-0.055492845257069,0.556582081701122,1.79116492731112,4088.86905042019,0.999778006878906
"eps[12,4]",0.555861208538032,0.00774332345529698,0.620373872643053,-0.679174406632121,0.146249940269097,0.56392224785837,0.978648691207565,1.75705242768811,6418.77564190852,0.999975616439427
"eps[12,5]",-0.33225390867226,0.00851544561026914,0.693472076716301,-1.71010839630429,-0.789004895901843,-0.321808819739725,0.131222258886385,1.03959298511341,6631.97985356779,1.00027775335478
"eps[12,6]",0.0850728822326254,0.0126123509129918,0.925148599606823,-1.75456097417433,-0.527114281411647,0.0817034389368004,0.707108931711606,1.87868713130273,5380.60239166178,0.99985420623182
"eps[12,7]",-0.0063484853715661,0.0141440135069137,0.956512945585754,-1.86024717343217,-0.668703796038085,-0.0140285636425261,0.65952738165875,1.86631223032458,4573.37043199736,0.999687105475406
"eps[12,8]",-0.805674612680533,0.0104282461050916,0.772071836816384,-2.30227250378505,-1.31839391653415,-0.820047346332112,-0.299443635157431,0.746763035430847,5481.41744709363,1.00011824180415
"eps[12,9]",-0.622718939878889,0.00936137238058204,0.76206754212632,-2.09536502722359,-1.12202783654165,-0.626772565507465,-0.117756079317773,0.865959336808982,6626.8613921361,0.999755210992654
"eps[12,10]",0.507779095839127,0.00966200941107376,0.767072156708331,-1.03092607406677,-0.00254518482994461,0.510175108317093,1.02934647846585,2.01888003754676,6302.85803997768,0.999928527364083
"eps[12,11]",-0.0149080133911524,0.010103567970297,0.804632793126133,-1.59054141845471,-0.54138968062196,-0.0154274099551331,0.524504477329576,1.54565615875606,6342.28745564396,1.00007084249686
"eps[12,12]",0.131967962146909,0.00985327374687908,0.841184278604911,-1.5603204293426,-0.412330498930594,0.135032974899812,0.703014766585317,1.75516121631296,7288.21536186966,0.999828714132151
"eps[12,13]",0.202191954606048,0.00944566377124774,0.861665756376435,-1.48905143344133,-0.378982984962948,0.210871109313582,0.794541926124752,1.88297981080381,8321.7124143097,0.999940216618928
"eps[12,14]",-0.470485022781596,0.00957889305254652,0.893615434469434,-2.20893120218468,-1.06282338631962,-0.47838151066159,0.124477431135698,1.33281892406372,8703.03387023784,0.999707421358005
"eps[12,15]",0.101885978605788,0.00869784485025021,0.901581839342463,-1.69171088338986,-0.490855346926391,0.112309728981318,0.702755165909785,1.87124222682817,10744.5194658504,0.999886480871519
"eps[13,1]",-0.585676205002083,0.00749540602354536,0.600432679419007,-1.75685521316474,-0.984066328124761,-0.592861409078243,-0.191852928458644,0.586369262187838,6417.09274094886,1.00013238368777
"eps[13,2]",0.650841094527759,0.00811317870042734,0.605923778746687,-0.559045466879,0.247949741829825,0.654284472940363,1.06142786474471,1.80495120957494,5577.68403553921,1.00000868774832
"eps[13,3]",0.0233872712699629,0.0140696721082667,0.933077055159547,-1.80767904205378,-0.601333155193255,0.0220170245267097,0.640554672486647,1.87484112137336,4398.11992574443,1.0001096000222
"eps[13,4]",0.765870534873184,0.00801096424042097,0.621546839358542,-0.507061214838646,0.364777437375158,0.776007164523102,1.18300819771404,1.96032594614877,6019.74560696484,1.00015282450087
"eps[13,5]",-0.66573111480137,0.00851426287516873,0.68005234179825,-1.99243314192058,-1.11512216756666,-0.681857868972163,-0.216947305879346,0.690039336759573,6379.55772445136,1.00186141827956
"eps[13,6]",-0.108861952762701,0.0113114530423418,0.907313935687948,-1.86897689427142,-0.712322938396519,-0.117545544127772,0.489034722810062,1.68463074406162,6433.96018232653,0.999756969377335
"eps[13,7]",-0.0190691090351325,0.0111423373919166,0.917702900062508,-1.78307582310031,-0.634156602848209,-0.0275050708011535,0.587251079316581,1.79604988546109,6783.46515688978,0.999638963489726
"eps[13,8]",-0.417955538700905,0.00943320201584302,0.775551166874652,-1.9522957570018,-0.92267093923341,-0.428422647612633,0.0904512697702327,1.1052169704144,6759.31429802558,0.999904990386713
"eps[13,9]",-0.0817741876394717,0.00993731523878827,0.785113150300881,-1.61094091440084,-0.603619962426608,-0.100903332159342,0.438176025929729,1.49846481959397,6242.03743970393,0.999991823992382
"eps[13,10]",0.201222658795383,0.00920037292933372,0.773004409607559,-1.31497468124656,-0.326520861026183,0.197223313177257,0.717991195579427,1.71931311487874,7059.16088181411,1.0000149975927
"eps[13,11]",-0.316938450200563,0.00935923714827794,0.795266876652495,-1.8751460939905,-0.845785009570785,-0.319473128086094,0.217634977765756,1.25345703554724,7220.12780040279,0.999975216375514
"eps[13,12]",-0.614189910686281,0.0101603572972217,0.843679595244579,-2.24744317248491,-1.18516894140282,-0.628503774769185,-0.0628808472795454,1.10251941215894,6895.04540147736,1.00050128741727
"eps[13,13]",-0.0329145091620242,0.00938793012870767,0.899863781976078,-1.79207374274369,-0.643775803296479,-0.0382973676018612,0.574506312969629,1.74926569586409,9187.84897369644,0.999538181033995
"eps[13,14]",-0.0754523574598354,0.009639547081844,0.884425087720931,-1.83075345246379,-0.675772124641246,-0.0746670224649219,0.503051720388248,1.64545254446476,8417.99859499019,1.00014863571083
"eps[13,15]",0.177374396784477,0.00932744584326213,0.931447796113699,-1.65878060199337,-0.439100637297272,0.183155722333501,0.811971341329989,1.98892332327847,9972.21347029957,0.99960780424987
"eps[14,1]",-0.458443882471896,0.00895684066469965,0.614023860214728,-1.61185300046723,-0.880986734829126,-0.470941267816515,-0.0582415711634509,0.796365904556424,4699.59895113278,1.00067811778542
"eps[14,2]",0.146865704769482,0.00738230577715937,0.59616725765589,-1.04965010615431,-0.252466461520977,0.144113608477904,0.534706250577794,1.3290382919097,6521.57031123808,0.999765420047275
"eps[14,3]",0.0263748432669395,0.0138820953576339,0.931099272187692,-1.81477913369903,-0.593055619620978,0.0361531737309898,0.633881084478697,1.88910458844666,4498.64711906191,1.00135364610288
"eps[14,4]",0.226187412119467,0.00756542424336091,0.628377280935569,-1.02251581632676,-0.188168417749071,0.216967046698445,0.639784725311551,1.48856560143898,6898.81304244484,0.999808318548125
"eps[14,5]",0.518347694674238,0.00863242760828537,0.677732565715513,-0.856543678139051,0.0653700973612487,0.529448755235834,0.979757017260212,1.82590721611761,6163.83236320321,1.00048974766244
"eps[14,6]",0.135706481923169,0.0127871486915784,0.931476464210124,-1.72374174915793,-0.490304486018473,0.130720778407857,0.760301554494274,1.9488057850586,5306.35548975647,1.00056551148759
"eps[14,7]",0.00218605259056175,0.0130901350647436,0.962979431080044,-1.86940576817177,-0.648842544981314,-0.0124236059560871,0.65551992109285,1.8957576735351,5411.85019448336,1.00005581825534
"eps[14,8]",-0.13229948144075,0.00997628902636339,0.770326922067262,-1.63819730864708,-0.654815076960966,-0.14455410685417,0.380854407093966,1.40994757987079,5962.27642390607,1.00035359214655
"eps[14,9]",0.913525676140419,0.00995828569002159,0.787127378761201,-0.66846890372243,0.391859507783728,0.927760987301457,1.45207136674673,2.42848564421136,6247.71017232791,1.0008551260015
"eps[14,10]",0.443050503423539,0.00990975162840363,0.7834927076701,-1.10032467894784,-0.0868483374032035,0.447734007175325,0.96712606719687,1.96841585667829,6250.92628996982,1.00000970888034
"eps[14,11]",-0.432785409509859,0.00952059957595066,0.798396888437385,-1.9859170870477,-0.973094389646787,-0.431398587740554,0.113448060359253,1.14575361132741,7032.48917098127,1.00073112554286
"eps[14,12]",-0.0706694653676376,0.010560596612377,0.845011959109831,-1.71669750638903,-0.627227790523462,-0.0762951325565661,0.490905774874754,1.58295390679519,6402.48843641032,1.00179253091352
"eps[14,13]",0.140619363396897,0.0106372830459858,0.940982311153906,-1.70651555560815,-0.504846139767071,0.140951121256643,0.784253105995374,1.93193370833414,7825.30886348417,1.00051165496159
"eps[14,14]",0.374602225601327,0.00974516440214826,0.926668658246796,-1.45342233047987,-0.250770411662164,0.376755379281508,1.00128965866809,2.17674177909073,9042.12713225771,1.00083598093371
"eps[14,15]",-0.47885244587921,0.00954446155792181,0.921162523734676,-2.24935319856956,-1.10943892362894,-0.480729458163158,0.125448883026415,1.35614628214035,9314.71680801727,0.999934692662533
"eps[15,1]",1.13915990077146,0.00851616422018566,0.62569456410122,-0.140546766911593,0.725944073382318,1.15860648757521,1.56251058867018,2.32441912714105,5398.04758791345,1.00106469261496
"eps[15,2]",-0.157870935129036,0.00795171977777102,0.613665145486188,-1.36910640884627,-0.556273666206805,-0.154945608566132,0.240501656798523,1.05438827561575,5955.80925979722,1.00008427224238
"eps[15,3]",0.0414357404987675,0.0160652074684756,0.983140581486273,-1.89079783625978,-0.622490007541331,0.0412344953548494,0.709933745126211,1.99681229734392,3745.05818163815,1.0012945762964
"eps[15,4]",0.212575333340964,0.00803992333989592,0.647041152960942,-1.08238459222595,-0.20769851280404,0.209522621455118,0.641183056352891,1.48270081320503,6476.79261487069,1.00028714496638
"eps[15,5]",0.0226347587999428,0.00896901698228264,0.70162653309733,-1.35605557828731,-0.458845839070867,0.0163810427806119,0.498961715151227,1.40036078281879,6119.58985130916,1.00002493016274
"eps[15,6]",0.31557094272158,0.0147023530887411,0.976668368076393,-1.59078649095099,-0.359512963495529,0.3202296823397,0.991665433970399,2.1811393325054,4412.86404397398,0.999960002811103
"eps[15,7]",0.0182396957765341,0.0157786973936402,1.0094029120632,-1.95619963965068,-0.676150361788316,0.03376019081869,0.706463030799715,1.97085447259495,4092.48232162635,1.00100645337321
"eps[15,8]",0.266826863836183,0.0116110975792215,0.800841486923629,-1.31143290964476,-0.264629785332544,0.27993466626129,0.802909942207216,1.8462161855634,4757.14705682743,1.00080408986149
"eps[15,9]",1.11001365554624,0.0103405131833752,0.812703537111077,-0.543711844305463,0.590436129797873,1.11500353446678,1.64799293546341,2.69191160045852,6177.03574593074,0.999991467409808
"eps[15,10]",0.4764642691032,0.010842559506884,0.823422535587088,-1.16818889545241,-0.0759055906271619,0.473838410215081,1.03018436556856,2.06372243135873,5767.42384491147,1.00010663478163
"eps[15,11]",-0.794274915087309,0.0103353343168371,0.822763211612713,-2.38255276231145,-1.34062946372246,-0.805843396221817,-0.239726430437731,0.839826404296282,6337.24753144529,1.00062907439974
"eps[15,12]",-0.015211020622577,0.00994713051852801,0.859269760349971,-1.730226825204,-0.587652049259338,-0.00745141647603042,0.562251982335982,1.66134885178574,7462.14053020535,1.00071382872326
"eps[15,13]",0.425021231584328,0.0120090177305631,0.890470637528839,-1.33176133661169,-0.183397852613597,0.433294238460918,1.03571508640248,2.13769592627014,5498.24686233305,1.00090716823006
"eps[15,14]",0.474571000116995,0.00965764952417542,0.920656790069437,-1.36789829373279,-0.138401474730212,0.481777305759877,1.09335477020605,2.25748079487524,9087.67191033846,0.999738277274502
"eps[15,15]",-0.330559854568688,0.00971380863323415,0.933096280487894,-2.13247946727232,-0.964174106981658,-0.338887551441468,0.304982866496848,1.481202333938,9227.2827680469,0.999683191407603
"eps[16,1]",0.145114451879305,0.0104425482978603,0.676967142859677,-1.13731156475477,-0.322322745631702,0.123285202912949,0.587900226057509,1.50466893546484,4202.64005609435,1.00127284315249
"eps[16,2]",-1.31142344421169,0.00896388933940658,0.6511474624814,-2.6076873501548,-1.73473310236871,-1.31392252925889,-0.889702906735397,0.00651084268137868,5276.74043985326,1.00036371205127
"eps[16,3]",0.00907679426670613,0.0246907930173168,1.16097158187602,-2.29517657047817,-0.760839540393995,0.02599387762493,0.795962486269926,2.26949301822525,2210.92036952205,1.00237297195768
"eps[16,4]",-1.00749154144185,0.0124624658511775,0.72250704466009,-2.34505772895474,-1.49839661352099,-1.03446042333111,-0.546445422279439,0.473740415247277,3361.05956627423,1.00123882352478
"eps[16,5]",0.0982988142267013,0.0111363238309728,0.767777333546551,-1.39872818786061,-0.419705617089539,0.108069341072227,0.611935089387265,1.58434178442268,4753.20856342515,1.00023719437994
"eps[16,6]",0.263215703399144,0.0135915834411483,0.850273744192935,-1.4281601221383,-0.289081236433342,0.268079628692557,0.832163042527791,1.95349095828614,3913.60892565756,1.00066448885331
"eps[16,7]",0.023554453152488,0.0242756289131378,1.21739678872183,-2.36852580210229,-0.819130092516188,0.033068196790998,0.857214725927558,2.36406767261509,2514.91507128027,1.00226944919671
"eps[16,8]",0.270321727445525,0.0139624972107806,0.887853470774293,-1.49941732983047,-0.314639003055135,0.268263604297743,0.869393905697784,1.96951454527154,4043.49019928726,0.999992031666599
"eps[16,9]",0.311126983300118,0.0156516458898702,0.941688282476713,-1.52907521908145,-0.314179582854803,0.304114285035935,0.938690300234854,2.16550689470052,3619.88109902342,1.00003962053494
"eps[16,10]",-0.0754525190940088,0.0159356854981546,0.965133913184888,-1.94250625937741,-0.730983480103916,-0.0873168052243018,0.571814267174327,1.80728528064334,3668.03653215589,0.999748805096067
"eps[16,11]",-2.21115901539862,0.0231766386479133,0.961340546291791,-4.02154541637882,-2.86410751319564,-2.24002144875314,-1.5797404828892,-0.219021837052075,1720.49581453075,1.00658001032599
"eps[16,12]",-0.770331712839197,0.0120027344897969,0.90893354987883,-2.49259879406746,-1.38108384449119,-0.795876364433612,-0.179275202328057,1.07848263873921,5734.60976145832,0.999925637152131
"eps[16,13]",-0.608488093650462,0.0107008450575052,0.899897198972492,-2.36541499029607,-1.22087778023758,-0.624378952180545,-0.025583485766016,1.2165915244298,7072.120445551,1.00043433442883
"eps[16,14]",-0.211983499454772,0.0104476574723698,0.913212496348402,-2.05907016082833,-0.818433089733438,-0.219803122425501,0.396421221008388,1.5817486511592,7640.2195714705,0.999960562958393
"eps[16,15]",-0.481700367096442,0.00937426623308898,0.931096352809235,-2.26962306640133,-1.11603660586065,-0.485370420219037,0.149154532441554,1.34331362922726,9865.39966407047,0.999783565451915
"eps[17,1]",0.857501536392731,0.00785285876495353,0.62970330340059,-0.422797337003279,0.449067448816627,0.87231104672956,1.27830935796799,2.05729470826001,6430.0799058192,0.999704853387976
"eps[17,2]",0.644227859447939,0.00905961998298189,0.624291705851504,-0.625995255847382,0.23781533307394,0.651206532826798,1.06051883174298,1.85937552285706,4748.48606724344,1.0001952178439
"eps[17,3]",-0.00742418236453091,0.0178698279011612,0.947650582331509,-1.8471945871005,-0.652474088720499,-0.00195541808583893,0.640707294217833,1.84172810340709,2812.26167036814,1.00051499443718
"eps[17,4]",0.890548135601685,0.00919627421055639,0.651143364370985,-0.453154480880798,0.466350778016346,0.913929250133764,1.33429035406463,2.10980010995841,5013.36602435685,1.00048171888075
"eps[17,5]",0.58394107109945,0.0107761115744979,0.703024072669437,-0.816323238805027,0.117983333080473,0.588677712974692,1.0592200185833,1.93797786462616,4256.1432206516,1.00150096010575
"eps[17,6]",0.183840766455363,0.0105250863522127,0.732772651919579,-1.28320631664949,-0.298671889822688,0.192174066244088,0.676733356292916,1.59272270503167,4847.15792502108,1.00000138302503
"eps[17,7]",-0.0228620873297856,0.0150244507700212,0.952234205602292,-1.87980851218875,-0.674485910680879,-0.0317258565261726,0.620728361918696,1.83233498468006,4016.89376218345,1.0001030393948
"eps[17,8]",1.07805002918903,0.010372051756499,0.774651111435458,-0.478730701122277,0.572664969363489,1.09006031488854,1.59313365876666,2.59349841946333,5578.05697867627,1.00010468833504
"eps[17,9]",0.106019595310496,0.0100292832254977,0.778756579479058,-1.43229779700495,-0.410549941577299,0.103543819119969,0.625208201736911,1.64991133105213,6029.25519164402,1.00007888569021
"eps[17,10]",-0.0829361974403277,0.0102399864004182,0.79403115989969,-1.65852121775508,-0.611668157476341,-0.0841349772189863,0.441468745169339,1.50232398240634,6012.79408999016,1.0000596870179
"eps[17,11]",0.802991275758393,0.0140043048200716,0.819852536142683,-0.809170883967035,0.252129504772429,0.82451135976021,1.37346114733158,2.33744190500206,3427.27046730437,1.00253848009157
"eps[17,12]",0.0200446585310905,0.00875726039435843,0.818000609059034,-1.60452836335437,-0.515041516207482,0.031979302625076,0.570413698011833,1.61854274394279,8725.10630558191,1.00041350750264
"eps[17,13]",-0.152813329706908,0.00969389708663259,0.855205001364484,-1.79068254040903,-0.731560415522617,-0.169163914487086,0.426662979689727,1.52230758552405,7782.93949862608,0.999997254409263
"eps[17,14]",0.0993885260634515,0.00946188758265983,0.876412712752222,-1.60425787808962,-0.482969857034539,0.106244766307377,0.681745658420696,1.81668204141586,8579.49586800177,0.99974521255678
"eps[17,15]",0.23757032187238,0.00942823771611302,0.903144880235774,-1.55558551907705,-0.370927045618233,0.239167842947911,0.860026145425262,1.99053680193779,9176.00836434218,1.00002174990647
"eps[18,1]",-0.251987034643265,0.00665211784096662,0.582687486807103,-1.41176776498818,-0.628086063163214,-0.244693164809388,0.123805434325995,0.880587748201684,7672.75825880104,0.999924023160186
"eps[18,2]",-0.22022760400854,0.00671090434241988,0.589573650687801,-1.38546333036706,-0.608007294721547,-0.216073675843477,0.177857798999263,0.910209175293129,7718.16457193577,1.00039317081178
"eps[18,3]",0.00506307700791186,0.0102024002912143,0.845590726250263,-1.6347028533315,-0.561747218692179,0.00762808920885713,0.574226475963538,1.63263886973234,6869.35094686451,1.00019661879268
"eps[18,4]",0.30116882905918,0.00726356504981883,0.601855623563027,-0.904490528417835,-0.0937529234876189,0.306352444655998,0.693262117348906,1.47417064577169,6865.70256534829,1.00039262284277
"eps[18,5]",-0.192582466091511,0.00768026592173054,0.641516042754071,-1.43871057506491,-0.617870557480587,-0.182606167661242,0.231399004800816,1.06604511964379,6976.90048326821,1.0007845483441
"eps[18,6]",-0.280961611465945,0.00799518627168859,0.690892549469512,-1.633665283184,-0.735134089131446,-0.274046121128839,0.171046373400217,1.12749316672871,7467.30423533087,1.00039468487735
"eps[18,7]",-0.0190081503755114,0.00992892981981308,0.867429768628484,-1.73623773988687,-0.602845912556292,-0.0154336511184917,0.563413931247088,1.68086420944873,7632.44639045953,0.999870461913154
"eps[18,8]",-0.236580886870783,0.00882591841482011,0.723864070040909,-1.66570802059895,-0.705557926724879,-0.237184672792701,0.243418915831193,1.19179764933845,6726.57863541299,1.00048737423207
"eps[18,9]",-0.0194784908482681,0.00862763077560115,0.735630673885939,-1.48481081482621,-0.509097594632042,-0.0237526407742653,0.4713410491006,1.42549142941262,7270.0359410056,1.00022517892699
"eps[18,10]",-0.241639235485006,0.00906444626264634,0.744074236933589,-1.6852241539939,-0.743748893609243,-0.236887520876858,0.247868621470084,1.22234236366874,6738.29434325739,1.00044369220838
"eps[18,11]",0.144458763762937,0.00884047255153779,0.763644797412153,-1.31080884655353,-0.37364712846451,0.141111308557173,0.638665284144536,1.67260390986657,7461.59777970845,0.999801463010283
"eps[18,12]",-0.0675802307650074,0.00929289661528121,0.824131361781434,-1.66047688272726,-0.633748424589327,-0.0657121589504896,0.483789484276699,1.56327097979344,7864.85411491137,1.00028009531305
"eps[18,13]",-0.336450450688591,0.00921496402567458,0.826402983993196,-1.9420505092577,-0.884772914659902,-0.358099716212871,0.205578827733194,1.329978496823,8042.59991822559,1.00042887647106
"eps[18,14]",0.0694777199552539,0.0101532021042134,0.893620312936327,-1.69887109261546,-0.517845715433289,0.0730307454290666,0.681207400365106,1.7978244948641,7746.40148640053,1.00016707228409
"eps[18,15]",0.361494513291709,0.00959470591710723,0.912722391933032,-1.44737711376274,-0.24366483876707,0.365737828500367,0.973133282223296,2.16243151341627,9049.28100986995,1.00003859617265
"eps[19,1]",-1.78305437669214,0.00892667612928282,0.650252783797865,-3.0403478933446,-2.21011701624757,-1.79220337841455,-1.37532827315766,-0.459644355539885,5306.21549649349,1.00030083687252
"eps[19,2]",-0.853852653399427,0.0102503482840749,0.687214322313974,-2.22092196844917,-1.31707206551034,-0.848938434159413,-0.396311819184703,0.500669395676766,4494.76675699465,1.00050771501004
"eps[19,3]",-0.0109809929931775,0.0215908158544832,1.08164721368058,-2.09882092323907,-0.746362050914628,-0.000744007610722682,0.734104899958187,2.08133299983263,2509.76561522901,1.00163543643179
"eps[19,4]",-0.728868486250578,0.0106446292745372,0.725651621485642,-2.14506702702901,-1.20613634667546,-0.733150395260927,-0.247709844784218,0.746499775093617,4647.24168201336,1.00174700287318
"eps[19,5]",-1.15502186233694,0.0119409090624909,0.773581838573043,-2.65031106654971,-1.66973299042904,-1.1727098697583,-0.643834863266725,0.400860665745773,4196.98820422181,1.00180060456364
"eps[19,6]",-1.13672536187537,0.0124956390610636,0.808475397925728,-2.64669665577905,-1.68943137976126,-1.15367715672992,-0.607324825816923,0.537389679065941,4186.16819223102,1.00010419620629
"eps[19,7]",-0.0147260015636178,0.0147298678797678,1.01055388748117,-1.99903805808715,-0.694263676620817,-0.0139967123658983,0.6610181718847,1.99080073839969,4706.75130087939,1.00030333444545
"eps[19,8]",-0.9248605758687,0.0112889545425761,0.842276567586501,-2.52592311931144,-1.50611079089922,-0.937266584644553,-0.367361944777153,0.765521532916198,5566.75347324865,0.999766000269304
"eps[19,9]",-0.873126056386218,0.0104678360799941,0.81628486655929,-2.42668950587377,-1.42451012515652,-0.882787095923952,-0.333084269483208,0.741008725912333,6080.92523170646,0.999948632409736
"eps[19,10]",-0.642537982607287,0.00991563880820942,0.81246752842129,-2.19614328873657,-1.20246499971276,-0.659430527376739,-0.101961927768533,0.997887245045321,6713.83445166815,1.00048239507069
"eps[19,11]",0.55638764540007,0.00903000573232102,0.815599529138991,-1.04041194100906,0.00741921852215963,0.571993093131125,1.10661645569444,2.14005443431042,8157.89067057135,0.999940558907131
"eps[19,12]",0.0333866324124414,0.00879844516635118,0.824329610742832,-1.54916980222824,-0.529559596867588,0.0402177346836159,0.587216820361523,1.63415824972114,8777.88602029571,1.00021037331824
"eps[19,13]",0.04298134135033,0.00970177761911653,0.859942622835897,-1.61407378591028,-0.547059378225006,0.0342251137291708,0.639216112872005,1.7313019232419,7856.6303270913,1.00056125549415
"eps[19,14]",0.164088007081457,0.00927991803599341,0.89316837050132,-1.62161492717801,-0.439911283897515,0.186025991764157,0.769570008728655,1.89808546189066,9263.57004108127,0.999962937456776
"eps[19,15]",-0.0735818980341841,0.00932737397186856,0.91980216097616,-1.88266616803643,-0.685449618028675,-0.0769455200096032,0.543603123594402,1.71310957946921,9724.56249559864,0.999984654440283
"eps[20,1]",0.201262714546621,0.0122042051760809,0.672004353113332,-1.20695117966432,-0.219112737052348,0.232714543607131,0.65733593369531,1.43610750285034,3031.97189989262,1.00136797713233
"eps[20,2]",-0.595387685313561,0.00938360735207791,0.64527861220068,-1.91119093333731,-1.01420161670802,-0.567546524966759,-0.174179153441791,0.636606614689717,4728.84291381944,1.0011626427655
"eps[20,3]",-0.0589959627706032,0.0179476653062085,1.02508779750901,-2.06899077689308,-0.757293724304313,-0.0563387282145229,0.626127703738268,1.93420887271152,3262.16709991459,1.00118284926422
"eps[20,4]",-1.35955021688144,0.0121209389572078,0.692193942383815,-2.6472566143407,-1.83264742094173,-1.37465635706009,-0.911336996261889,0.0727904452536604,3261.24225342463,1.00247287923416
"eps[20,5]",-0.333683797327418,0.0108383292708247,0.747224763518652,-1.84246348183788,-0.831732307037005,-0.327559954142399,0.171137625261018,1.08026389106518,4753.10962433646,1.00052991656736
"eps[20,6]",0.27054377930151,0.0116961110660562,0.775351253049149,-1.29486535675314,-0.24407038898606,0.266090486362655,0.782593099883866,1.7873887358994,4394.54604036373,1.0008676090533
"eps[20,7]",0.0165773447792932,0.0148497020833562,0.996903720363588,-1.92423600646245,-0.650241872928514,0.0269697587185539,0.688376917318405,1.96879954190521,4506.82766722784,1.00123013813124
"eps[20,8]",0.422707218830964,0.0144522253910407,0.831744829248809,-1.25378342064391,-0.135631760547979,0.444151818598331,0.990257916675831,2.0035541586848,3312.15587574383,1.0019615212806
"eps[20,9]",0.102906480893492,0.0135238499616937,0.838376708906884,-1.54947248510328,-0.448333607614408,0.112792853624852,0.65588783358814,1.76868980113825,3843.0649236759,1.00090286004373
"eps[20,10]",0.368009321407802,0.0131293515822457,0.865786477327041,-1.38430578174422,-0.206111671988778,0.386425190959771,0.954168983558003,2.04624861125392,4348.4556021913,1.00098321285942
"eps[20,11]",0.485538748321123,0.0114957666041643,0.849044614412237,-1.18275517424606,-0.0734274941850536,0.487029567777342,1.05336568423175,2.14188326061459,5454.87932522262,1.00049456780894
"eps[20,12]",0.530103347299772,0.0118846225326345,0.899751880443966,-1.23527504744465,-0.0718064432910005,0.532300981198789,1.14653398041779,2.2798577252575,5731.58504250291,1.00130479347912
"eps[20,13]",0.25230662042501,0.0123305677440913,0.928811071267427,-1.5925076890189,-0.38834203455702,0.259930265651946,0.887420947439784,2.0798101973385,5673.99070295212,1.00026170086523
"eps[20,14]",-0.3779610053038,0.0125232716354757,0.96918229769446,-2.22914568903461,-1.04167611454454,-0.386379062752236,0.281006945083766,1.50140512720235,5989.29003640483,1.00018227465291
"eps[20,15]",-0.756680432341155,0.0105067514984332,0.951677100057531,-2.56871025171432,-1.41095211705892,-0.757187318217565,-0.121579918215717,1.16792872839566,8204.31482092516,0.99989829710562
"eps[21,1]",-0.557140526877636,0.00949096180213219,0.651396256896632,-1.88873736478152,-0.972059733484917,-0.551995880753484,-0.128044163007149,0.71611597679423,4710.53316993134,1.00091002086177
"eps[21,2]",-1.41497082433499,0.00900668603806603,0.63683914985151,-2.65171325755718,-1.83427081459916,-1.41736210475241,-0.997958542361695,-0.122726332074558,4999.53323503139,1.00025313173033
"eps[21,3]",-0.0393503866853253,0.0219728650492447,1.08344291004676,-2.18082045372328,-0.785475404352793,-0.0386283736423567,0.687266907842418,2.07657972560258,2431.30076677634,1.00111360408752
"eps[21,4]",0.131825959884549,0.0154401855304235,0.743914830804267,-1.39527196004398,-0.352436989661991,0.151058747339085,0.634131302613712,1.56155636773858,2321.35416368562,1.00142699006316
"eps[21,5]",-1.6246150693288,0.0136833629909065,0.777064772608587,-3.09543203436334,-2.15050774435832,-1.64796701807739,-1.11125994937498,-0.027492486290249,3224.99277638065,1.00155709319202
"eps[21,6]",-0.424978882975453,0.013061557376729,0.812592837313073,-2.00946468890637,-0.970183265330994,-0.423748996160464,0.119077447406313,1.16256409753332,3870.40181508612,1.00114795346622
"eps[21,7]",-0.00335945854361584,0.0177405887978741,1.0343390665235,-2.03873605506833,-0.702921082712282,0.00696701657665294,0.712227863230143,1.9791941781866,3399.30236850646,1.00014854385376
"eps[21,8]",-1.02213579377472,0.012382094610416,0.825171209092621,-2.55690498145858,-1.59427261831687,-1.04254438008099,-0.476205647755045,0.685653192360479,4441.19556195628,1.00079551887835
"eps[21,9]",-0.578723822652821,0.0115835759855586,0.84896858903524,-2.17517981536112,-1.16790832763522,-0.592916239655742,-0.0125926044987741,1.11486020367664,5371.52919368779,1.00044974080433
"eps[21,10]",0.394430498320859,0.0129501818947236,0.865506295275924,-1.30161512361615,-0.187398284452657,0.398824605538524,0.97739049933532,2.10058543929225,4466.719959268,1.00014958854533
"eps[21,11]",-0.518898288093796,0.0132280629997022,0.851855048642434,-2.13627613417289,-1.09748182306306,-0.529882752239762,0.0395298002659416,1.21580795378573,4147.04639540639,1.00094157802004
"eps[21,12]",-0.357687527344983,0.0115555835116826,0.891696549183009,-2.06383815463345,-0.961262090935857,-0.363628639149935,0.234736174231036,1.40972853883169,5954.57007911828,1.00014111047439
"eps[21,13]",-0.674746743155483,0.0115668619377367,0.898058182582399,-2.3942216239172,-1.28957202780945,-0.69793103794341,-0.0734186052507535,1.12895567585616,6028.06386407231,1.00085495714748
"eps[21,14]",-0.634886253269773,0.0100455092671057,0.923709184618902,-2.44667523638781,-1.25261234363913,-0.621859309683387,-0.0208057670887983,1.17628901937659,8455.25298797198,0.99993828441756
"eps[21,15]",0.243200218542632,0.00932644742700841,0.917753883270671,-1.54992544577507,-0.384823770840281,0.238742505672892,0.875850230609527,2.01971334628174,9683.2237828717,1.00045241256099
"eps[22,1]",-0.0968680521784553,0.00810348330820437,0.611574319294626,-1.29726330125175,-0.501396358158708,-0.1075930134391,0.305259200738895,1.11935058782074,5695.80349091184,1.00060687908904
"eps[22,2]",-0.150656334554173,0.00808468706128005,0.60702436584926,-1.36807230663087,-0.549526495264478,-0.15014790985021,0.254595443185001,1.04254804378205,5637.49045671599,1.00068038986029
"eps[22,3]",-0.0468747738282288,0.0157432047860311,0.932378619566853,-1.89096789610854,-0.678452891083,-0.0414933397824534,0.587786213176763,1.76668464114514,3507.50519360092,1.00095292506491
"eps[22,4]",-0.637404667777385,0.00848195456724348,0.63667533870867,-1.90486007840455,-1.05664062495594,-0.642020760509592,-0.223405034637951,0.638075396063179,5634.35455207182,1.00030514684608
"eps[22,5]",0.916165998000555,0.0145218280205159,0.726496166234111,-0.595765065387525,0.435474859625269,0.941943728592406,1.42386137902701,2.2574697350803,2502.78806516285,1.00106027458907
"eps[22,6]",-0.276101459518118,0.00967709712804393,0.72559362425704,-1.68176079723423,-0.758885808595421,-0.289647689252455,0.206077144333678,1.14161670330886,5622.07604733875,1.00064115320023
"eps[22,7]",0.00261283383087665,0.0137415354616009,0.959213255064825,-1.89330295435174,-0.656622957789982,-0.00432691352924791,0.658133229131227,1.88328776038178,4872.589411616,0.999870369532163
"eps[22,8]",0.223384335938368,0.0102569295270564,0.780784830916175,-1.34371710938749,-0.292957141955712,0.235082949818535,0.755394105469952,1.75306368416925,5794.6604324633,0.999752776610878
"eps[22,9]",-0.407633120054235,0.010597444776569,0.800955912785538,-1.95073405148758,-0.94654005034396,-0.411293523964979,0.131292732055408,1.17014919909423,5712.35118548811,1.0001883385206
"eps[22,10]",-0.344502421279773,0.0106392861549344,0.79852765719521,-1.8956567391617,-0.87667036850144,-0.353140816223991,0.173884385604706,1.28378635696934,5633.19708053245,1.00040441396256
"eps[22,11]",0.589956322372524,0.01110635906206,0.81879106869645,-1.02525550641442,0.0419377614507178,0.596016683068925,1.14472798303302,2.16445468909549,5435.0403648031,1.00000476279362
"eps[22,12]",-0.640882602082962,0.0120230795835979,0.833605390543882,-2.27363795509924,-1.20445337031809,-0.651902807199563,-0.0747763320479309,0.990372726149922,4807.17115497596,1.00048901360711
"eps[22,13]",-0.466298801107012,0.00986860243805933,0.849807790522969,-2.12970034429663,-1.02240351216677,-0.478327542929408,0.104099898838323,1.22343906261616,7415.32361791576,1.00006153314483
"eps[22,14]",0.349601850023779,0.00937447251620426,0.887937817150046,-1.42034071954147,-0.243909125399869,0.356874079995544,0.948376455759359,2.0610258005764,8971.63146746952,1.00016728448061
"eps[22,15]",0.0178348423489224,0.00924164313424111,0.919995173722679,-1.78603201931847,-0.601459293647661,0.012229146602405,0.632792825064081,1.80047593321419,9909.97843960202,0.999790774843662
"eps[23,1]",0.688273144568916,0.0114860720780082,0.678691241147016,-0.712025531865888,0.253875485044718,0.705516488212237,1.14163647463342,1.95793503547425,3491.41452514935,1.00165971145104
"eps[23,2]",-0.00849632195833352,0.0169097490569068,0.913714584796555,-1.7625711383493,-0.634884958936761,-0.0312541385010409,0.602062924554974,1.82577728701998,2919.75754328486,1.00010990184734
"eps[23,3]",0.0789991437967071,0.0229075120048742,1.11395021468331,-2.1301672858511,-0.679764802853978,0.0819132925235537,0.850255690267863,2.21662232163324,2364.69818150151,1.00093298682184
"eps[23,4]",-0.828641156930816,0.0104202584543006,0.702885466678197,-2.24371137657862,-1.29135400986228,-0.828582481205258,-0.361037696689609,0.531697330710477,4550.00784486817,0.999992363149061
"eps[23,5]",-0.343464105674915,0.0153799533248704,0.803518147158435,-1.85470974096066,-0.895861815774129,-0.361924453579524,0.183737350444631,1.27585507712305,2729.48897377388,1.00053914398685
"eps[23,6]",-1.00061450508872,0.0162803479386235,0.82596471077668,-2.59711485646965,-1.56422261501508,-1.00802162768901,-0.458288067429602,0.650711001311275,2573.9234143552,1.00054432124301
"eps[23,7]",0.0206585982314081,0.0202319200970286,1.10042050474718,-2.13590749822614,-0.722287976293994,0.0231211279912159,0.766476663426467,2.16883912401342,2958.30635297563,0.999757978642999
"eps[23,8]",0.467280709500811,0.0135169162790154,0.861415922837359,-1.21952968516784,-0.108253046451353,0.478827377172017,1.0260432760966,2.16525972718885,4061.35116752912,1.0007631715729
"eps[23,9]",1.2297771067311,0.0152022069344352,0.888455189333248,-0.558354674629755,0.651694375763989,1.26129639881897,1.84187597226457,2.88393228018267,3415.52742523777,1.00103086840735
"eps[23,10]",-1.13832828062846,0.0138683515626743,0.857702921075894,-2.7774312576947,-1.71154175523898,-1.16475193394748,-0.58077240366472,0.616652169267008,3824.93530011418,1.00381024337161
"eps[23,11]",-0.495343608607694,0.0115242902481345,0.83607525120164,-2.11016898099806,-1.05663216607727,-0.517772679274363,0.0583356193758416,1.18739634477799,5263.35133219192,1.00081432113284
"eps[23,12]",-0.446816900020786,0.0106173478515996,0.881360931318306,-2.15194986643779,-1.04051865713293,-0.442449348228453,0.131326866059353,1.32931459428471,6890.89287194031,1.00006417493839
"eps[23,13]",-0.721369441539119,0.00960092680149455,0.861722516891393,-2.36489160683593,-1.29231308644994,-0.739169754768511,-0.163711946536551,1.03889649662584,8055.7979555858,1.00019492620366
"eps[23,14]",0.184410246845204,0.00946352975082961,0.878409420868406,-1.55307828387146,-0.401838055034189,0.194700670436169,0.777017009436246,1.88738642873347,8615.64242748405,0.999884291066814
"eps[23,15]",0.20121728204444,0.0092815112098691,0.921915653382164,-1.63244930871841,-0.407303082186354,0.211412786976852,0.802318983182153,2.01415452898219,9866.08813952509,0.999885754463358
"eps[24,1]",-1.09097785736408,0.0145490987273296,0.720723203671327,-2.39902101428065,-1.58507771023438,-1.13060146298328,-0.643330264373224,0.431185473898295,2453.94501254334,1.00237820416636
"eps[24,2]",1.28736170501665,0.0171957911660112,0.903624647339698,-0.533753394477009,0.663132256708368,1.30139977797578,1.91968706412297,3.01483475710084,2761.41584264712,1.00007435764976
"eps[24,3]",-0.104325032008921,0.0210232959455452,1.09510501408425,-2.20959526391766,-0.856850218545835,-0.103137105155532,0.635732433296865,2.04726985456096,2713.37567333225,1.0010870303296
"eps[24,4]",-0.800917968443697,0.0143655184916206,0.752899087108208,-2.20170150585251,-1.31855586011224,-0.816201663192971,-0.305899856790369,0.738450848824674,2746.82461204391,1.00046918301414
"eps[24,5]",1.27973170902904,0.0138122041421543,0.775092211611046,-0.328515325129353,0.769491210074821,1.31014434300621,1.82255036492904,2.71677917502544,3149.05879220785,1.00013880353506
"eps[24,6]",1.17681142169096,0.0137527815365367,0.835266348904417,-0.526136983910139,0.616700014406074,1.19195983211308,1.75671584503711,2.72497585090266,3688.66216720354,1.00031730335728
"eps[24,7]",-0.00348857033710826,0.0146489798291902,0.995987380260336,-1.95971400400174,-0.673766749840598,-0.0111235588646149,0.679471476996907,1.95407426899235,4622.67019107195,1.00026170695608
"eps[24,8]",0.223821180073607,0.012702709032206,0.855379501847375,-1.45366370847246,-0.342839987977156,0.214894047859619,0.793958691245565,1.92252895970997,4534.45375273818,0.99989612450712
"eps[24,9]",-0.700847849380114,0.0127195382296066,0.848769578198272,-2.32683279121774,-1.27372521568662,-0.717577973181029,-0.12880098145939,1.02618836647197,4452.83825656082,1.00027499893377
"eps[24,10]",0.482156683202554,0.0126207088810691,0.854500042574038,-1.21743263150989,-0.0917516986658402,0.502172725240281,1.07543333564735,2.11952613655005,4584.12740400742,1.00086857867488
"eps[24,11]",0.293173235633567,0.0117062949309468,0.854731326415977,-1.38071899979768,-0.283973718483837,0.298305691002037,0.870333826342517,1.98115560334416,5331.1428474218,1.0000857781224
"eps[24,12]",0.887394039687282,0.0113738860932443,0.877650859835073,-0.856450592609037,0.305732238883781,0.899125954749863,1.48927396742598,2.58531262973382,5954.23287314183,1.00114338029735
"eps[24,13]",0.602060931346089,0.0113748219447011,0.878061210782127,-1.15681626972639,0.00408054785416532,0.611876810542335,1.20013915032376,2.26448938660929,5958.82141720146,1.00175521929688
"eps[24,14]",-0.0118884552204426,0.00977457463397377,0.893959481734862,-1.73541220339695,-0.614220639229986,-0.0103914894002917,0.584869384565047,1.74310826373859,8364.49904808552,1.00000447143236
"eps[24,15]",-0.146542165430568,0.00948909341025904,0.914400387908345,-1.93863847548844,-0.754138358414067,-0.145165489454083,0.448598685250104,1.64893073867409,9285.88625484653,1.00023590387359
"eps[25,1]",1.01003969977706,0.00977804622284213,0.653030194207129,-0.314859254406735,0.600885649482649,1.0226369852274,1.45277489627191,2.24880037239376,4460.28235852326,1.00124139089392
"eps[25,2]",-0.146544511911369,0.0116162932985989,0.817052333016724,-1.78185227140539,-0.693348913391101,-0.138790628172878,0.411170585009833,1.42455239993826,4947.25858640881,1.00081973462029
"eps[25,3]",0.00875666015691138,0.0191613379912621,1.02109945051954,-1.99895252772093,-0.685455600250789,0.00735015119135922,0.702163946621632,2.02261634742981,2839.7782059326,1.00048482006765
"eps[25,4]",1.69919751186586,0.014316397150503,0.700101508236909,0.254784434875769,1.23287976411567,1.72826525912219,2.18091576196501,2.99002498020664,2391.4128098685,1.00269334809295
"eps[25,5]",-0.1835828423175,0.0104097144794609,0.735130094889956,-1.56210522996794,-0.680298938210084,-0.194920416765704,0.295395583069517,1.30601992152866,4987.13091946562,1.00001237110097
"eps[25,6]",0.353555829237638,0.0101056788171405,0.753281924841385,-1.12837575286293,-0.143532371691004,0.361509019194824,0.85174328656735,1.85772852770585,5556.27984065392,0.999914718109015
"eps[25,7]",-0.0278744636969282,0.0112463742792569,0.964261626086029,-1.88704236415546,-0.68276440105042,-0.0446163334881591,0.61314395428284,1.84839612603463,7351.30941069272,1.00007368051341
"eps[25,8]",-0.00609532471137767,0.0109248511619654,0.875682336471543,-1.6943848595097,-0.599251446010576,-0.00558390364220429,0.575201416083526,1.72509017996533,6424.83710801002,0.99995978191763
"eps[25,9]",-0.146093895689745,0.0105316294509025,0.804507607203531,-1.7192885991066,-0.691813058872116,-0.153754428113861,0.385293333311427,1.46111091465752,5835.38036095597,1.00034726600468
"eps[25,10]",-0.133792351563554,0.012265477780659,0.850675283918289,-1.79982001118126,-0.702015054623391,-0.127915468817355,0.418382139659809,1.57613674056617,4810.15077122226,1.00032311339307
"eps[25,11]",-0.379620131001929,0.0113878986686608,0.832036906343863,-1.96671651983173,-0.946296482659948,-0.393299824000718,0.185006728643457,1.27912780155833,5338.23874360628,0.999795699179587
"eps[25,12]",0.513177601324811,0.0105675239558119,0.871131078254721,-1.19997879931037,-0.0823273370359763,0.52184471202576,1.1033890113737,2.18931234974995,6795.48617966213,0.999903113276618
"eps[25,13]",-0.0346285109456878,0.011671197260182,0.967306264552195,-1.87905046319507,-0.703072830212249,-0.0465299408588939,0.610082500690089,1.91740750955467,6869.05797959872,1.00028366658684
"eps[25,14]",-0.250412885735645,0.0114483229598186,0.942592936908958,-2.09434262161773,-0.887151666056655,-0.255234887574619,0.376170258138862,1.62020850354118,6778.984132599,1.00028039482461
"eps[25,15]",0.706593711927537,0.0102220970055571,0.944022593711379,-1.196654913833,0.0763556525314497,0.718919800487395,1.33208957731286,2.52437433567225,8528.73815577721,1.00002624113869
"eps[26,1]",0.343004324219424,0.00876662106941923,0.635721520919297,-0.872302463152172,-0.0856920374510657,0.322411467715584,0.756874165316401,1.62178294400458,5258.59056252359,1.00044855041614
"eps[26,2]",0.0319042609547576,0.0134182745623735,0.87462913174417,-1.72259822443324,-0.54926570197264,0.0312011075659754,0.628333705621548,1.71906395527245,4248.6849554795,1.00019795933905
"eps[26,3]",-0.0934498045857641,0.0156678967140692,0.957670685911082,-1.97147427036642,-0.737814361660273,-0.0929483167142542,0.548767072646651,1.79686383939324,3736.03544672244,1.00015910393429
"eps[26,4]",0.128866802765592,0.0135286809968499,0.68422608241339,-1.13763639619359,-0.328940798722163,0.0909913618058208,0.57124792533047,1.53515453287294,2557.92812966354,1.00316211115844
"eps[26,5]",0.46422711662136,0.0104334179531692,0.724629125938221,-1.00669047204989,-0.0165849186352724,0.471193355357089,0.956492631202256,1.81539074543117,4823.67858722194,1.00006126122642
"eps[26,6]",0.431305072385453,0.0140873039709957,0.96472073852357,-1.4899060974276,-0.194869675365365,0.441663086217546,1.08007973051388,2.28445179500392,4689.72587225571,1.0007598394709
"eps[26,7]",0.00401410041662479,0.0147402821596473,0.992160091149448,-1.92920199104258,-0.668654083754341,-0.000606009675996701,0.68590818550645,1.97045950262481,4530.56028882199,1.00053841804717
"eps[26,8]",0.197672713856854,0.0117987837614669,0.885553560684172,-1.54034123564519,-0.415133201904171,0.209342028253898,0.811233254745271,1.91668971636969,5633.20016909063,0.999897959866506
"eps[26,9]",0.330757048744241,0.0115201695586832,0.827899777677992,-1.30780188152863,-0.227358489235396,0.344118403287145,0.889651287231071,1.92513506033808,5164.61306339076,1.00029934428472
"eps[26,10]",1.04729676565837,0.0131892227570949,0.845416899814708,-0.660556436915702,0.500648850325066,1.05641200132452,1.62821991875364,2.62201362108397,4108.69064910949,1.00113046266969
"eps[26,11]",-0.130670317697371,0.00962023914065266,0.796601451447885,-1.68927087125244,-0.672610644922121,-0.134652867303038,0.404025010588434,1.43072434041443,6856.62583870726,0.999678134288164
"eps[26,12]",0.516418472739652,0.00933058182355525,0.843522190833885,-1.16189908217421,-0.0490982951143651,0.521127445735094,1.09152482621493,2.14989286552834,8172.88848017357,1.00057061801924
"eps[26,13]",-0.033952244145305,0.0103086682540528,0.958783215092208,-1.88461518655812,-0.679276886096623,-0.0299396433268981,0.605530122016126,1.8473210307221,8650.39058939019,0.999754329051744
"eps[26,14]",-0.544911430951261,0.0102400293231683,0.903455718531115,-2.27434851393766,-1.16857711100612,-0.562108686355522,0.0539986942718183,1.26536881607046,7784.15260941166,0.999881371852323
"eps[26,15]",0.00804969981033676,0.00925727786826259,0.928704382890382,-1.82073524368244,-0.603195228574668,0.00940114909232964,0.638221108296548,1.81479430837221,10064.4116250507,0.999731351207596
"eps[27,1]",0.639171992132363,0.00865365844042203,0.631209566095626,-0.608433424244139,0.231134921918647,0.634995085837577,1.0510885186176,1.87886179235128,5320.44116377381,1.00016882903473
"eps[27,2]",-0.689452864120277,0.0122280035568133,0.814202270336655,-2.24897531137669,-1.24546482946092,-0.686504474132509,-0.133714698901438,0.90259990252556,4433.5693420621,1.00010973574828
"eps[27,3]",0.399914459451369,0.00959042052187279,0.704061856107108,-1.00009638210775,-0.0714006776707228,0.410063623587292,0.87837912402956,1.76195410968217,5389.47338135838,1.00013694759714
"eps[27,4]",0.62658741065584,0.00919555213235486,0.670027370411649,-0.722090332185241,0.189863214280202,0.64113240278346,1.0810763548758,1.93857687849068,5309.20464832431,0.999952147737371
"eps[27,5]",-0.579694530783295,0.0104858368027284,0.723665651385217,-1.96561445048165,-1.06025763791813,-0.594744325426692,-0.107941467777628,0.891239573997191,4762.88099468889,1.00029189659835
"eps[27,6]",-0.0673244600246104,0.0136325336473101,0.934742138278671,-1.83022040007182,-0.720405561224817,-0.0717875556463531,0.562472534772469,1.74524751135193,4701.43553791808,1.00012055815937
"eps[27,7]",0.0862207515786597,0.0105507400576577,0.770596104170398,-1.45999787794533,-0.436860236466944,0.0871603925326756,0.616523867323554,1.58877969704729,5334.42694107504,1.00003970031315
"eps[27,8]",-0.118304244940537,0.010529346397507,0.800651154621966,-1.67875362357954,-0.648546159775369,-0.117123341246537,0.418169088992646,1.45495020999581,5782.07661059407,1.00051123645585
"eps[27,9]",0.37251346964595,0.0121718236116523,0.811073764594129,-1.22338788315843,-0.161265057209378,0.370779797211122,0.911812572866165,1.98166016280202,4440.2702867117,1.00025464758597
"eps[27,10]",-0.740892691799115,0.0122906827868052,0.824663336032423,-2.28565661754212,-1.30717944525167,-0.761062765388792,-0.193978359413696,0.951158050056754,4501.95710923387,1.00059007005822
"eps[27,11]",-0.332259084298712,0.0104057600282378,0.817310883401607,-1.93219272256002,-0.882648986354496,-0.332830893586477,0.223158958399336,1.25375607119856,6169.17303568651,1.00012263824379
"eps[27,12]",0.176581661782575,0.0110933366862202,0.940377387496491,-1.69550813959513,-0.4597332954693,0.176970749277672,0.8088441644527,2.00579387604592,7185.88010099788,1.00009353966652
"eps[27,13]",0.206205085742244,0.011484746319776,0.95434241861081,-1.6601265812506,-0.435846186717152,0.217470006007337,0.835739085015492,2.08514829180671,6905.03114923611,1.00012317022585
"eps[27,14]",0.517983886257633,0.0100556435608361,0.908896439936818,-1.29174102651155,-0.0786015118459326,0.521573717663574,1.12762129505305,2.28500476845528,8169.75557458104,0.999556286031842
"eps[27,15]",-0.00133991908309291,0.00969274257799678,0.950923297473,-1.87263452495052,-0.656478657298154,-0.00188832562096202,0.644849385130106,1.85197223466082,9624.93084405303,0.999845511863751
"mean_eps[1]",0.000300269182617377,0.0028495234375882,0.190219575297546,-0.375525964759149,-0.127736771662146,-0.00195820345071926,0.129702261746896,0.373109871284593,4456.21307443855,1.00119815360568
"mean_eps[2]",1.93289255128531e-05,0.00281880385990662,0.195038254985859,-0.384185599887859,-0.13167342685171,-0.00115915862193167,0.135646884105346,0.382201794558862,4787.51216198503,1.00015875479377
"mean_eps[3]",0.00253187563832485,0.00182654180012731,0.190140954703478,-0.36869624740009,-0.127493972786638,0.00301774460069187,0.132680462367091,0.36648425359166,10836.5767074918,0.999896534481083
"mean_eps[4]",-0.00183971307975058,0.00291695985530491,0.196050678507542,-0.384522744142223,-0.135696337144026,-0.00197022204166039,0.129677569534878,0.384229132652251,4517.26735402869,0.999740813023887
"mean_eps[5]",0.00386750655105998,0.0024047390127521,0.195959782346963,-0.379507664679933,-0.127938588364557,0.00330249162460818,0.135502102236914,0.39041042684512,6640.45745558554,1.00008128374868
"mean_eps[6]",-0.000472996504154923,0.00216347304895625,0.194769609325862,-0.375243158247884,-0.132612442613192,-0.000730526031043087,0.130606874828436,0.371860891214145,8104.74597507072,0.999887464790756
"mean_eps[7]",3.20420667275961e-06,0.00187176116080873,0.192686352543844,-0.380809037234373,-0.129985138270578,0.00382707797488197,0.129802896355327,0.37519295696991,10597.4420133243,0.999790776056782
"mean_eps[8]",-0.00041805222364903,0.00216069155143385,0.191815153320918,-0.384017668929413,-0.126112525666801,0.00191765852466106,0.125555860181571,0.379355707793571,7880.98097276902,0.999963233639079
"mean_eps[9]",-0.00547864806865698,0.00219930047475016,0.193693537381969,-0.388093659923687,-0.137932641081283,-0.00471156874571306,0.128373109002983,0.372436702682443,7756.41656791217,1.00087548779916
"mean_eps[10]",0.00584668376902917,0.00230203252671193,0.190991869948277,-0.369342051810995,-0.122037285034252,0.00552427242033048,0.132028800940439,0.385439602248372,6883.46090474378,1.00086781166548
"mean_eps[11]",0.00143891964945449,0.00237099795905088,0.194563193121411,-0.390189288783757,-0.125001899760214,0.00534543137100641,0.129554879602099,0.378972516215916,6733.7813439749,1.00042572245095
"mean_eps[12]",0.000105275133909688,0.00215078625113287,0.193602203549107,-0.376518661008687,-0.130739711791191,-0.000805910913724849,0.13072273288575,0.380377117293959,8102.63151677603,0.999790798336803
"mean_eps[13]",0.00269147277632614,0.00196627811550707,0.193714414487708,-0.377703151346751,-0.128923894056204,0.00225113882329445,0.134495314883242,0.381535947861518,9705.85916470331,0.999720617250826
"mean_eps[14]",-0.000555828199177966,0.00197683408898506,0.191732654082375,-0.378649186247911,-0.126789077142414,-0.000794648093658086,0.129541610995948,0.374059269048993,9407.01258634914,0.99987499706763
"mean_eps[15]",0.00169233095321933,0.00180723247389004,0.190095788487239,-0.371558342657578,-0.125431038141538,0.00366704988497584,0.128360739362108,0.375919404908019,11064.1217754046,0.999873813933209
"N[1,1]",397.484620816855,1.31417220854465,84.8663456529254,252.886605132101,338.033924685128,389.301593373949,448.678632076377,586.503050951813,4170.2918208024,1.00104072355062
"N[1,2]",146.421101704821,0.430471814584216,27.338034116183,101.015900905455,127.114765627333,143.681712550011,162.306018193791,207.097804146705,4033.15692579045,1.00070780532718
"N[1,3]",283.82476844455,22.3724503305804,1192.18924143814,10.8388738209243,99.6738104015809,160.28979662608,259.838769000013,1055.70250960394,2839.64004191034,1.00042615798978
"N[1,4]",185.350387474657,0.41936953932386,31.5801495754958,130.242212256024,164.098197842236,182.874529575108,203.361897687645,256.220391448584,5670.67294625694,0.999733661515104
"N[1,5]",453.292494204135,9.48263107975556,511.105569291581,115.739767683398,226.024644273388,326.815314754644,511.38137400621,1569.09932626857,2905.11626002184,1.00143776671143
"N[1,6]",286.93466240411,10.5119910933851,434.408604515774,48.6892377748321,130.643529310307,201.92582814585,322.636380895278,964.08944760088,1707.7601268972,1.00186403867696
"N[1,7]",452.886238384799,369.479748269398,14876.7102820723,6.99728283750025,27.6320936046242,43.3002353237029,67.6835290382521,295.245268254682,1621.18483523568,1.0020188945091
"N[1,8]",269.680669580205,0.736245659914223,52.6408880156142,181.90596646498,233.541757372883,264.234419467449,299.167560873323,389.852336699501,5112.11857248404,1.00140322351166
"N[1,9]",395.177034798886,1.32851709095495,91.4473367617885,248.887124388982,330.896036113435,384.49009208272,448.094670863911,603.515925105829,4738.13938192612,1.00155457860501
"N[1,10]",98.1737875128607,0.598465935502342,38.4186384601114,45.2009240780762,71.2149399877204,91.5528578673274,116.726739945502,191.956367758374,4121.0232819881,1.00082082194786
"N[1,11]",22.3728080512152,0.256446141035389,9.47697604038449,10.2960410716026,15.7861512066248,20.2291614011868,26.5564912685577,46.1977736836146,1365.67458960344,1.00352477534863
"N[1,12]",13.1494157422975,0.127274635495056,7.03575367451452,4.63474686222697,8.41596560188704,11.5149277574336,15.9654393105814,30.7832593497531,3055.88867149667,1.00044095981592
"N[1,13]",129.09246255546,0.405994911052302,28.1506359368404,83.921331123542,109.632603556566,125.767369475215,143.783230615181,195.978471125251,4807.67653866729,1.00132020806136
"N[1,14]",206.411687614196,0.579225108178679,45.4279783438724,130.583236189803,175.581242045745,201.413759086649,231.453725286566,310.763490294293,6151.08971675481,1.00040603894141
"N[1,15]",318.628607824701,0.870794064110244,67.5229780719244,205.310802332358,271.265621752715,312.228048451205,358.645706163278,467.785110333974,6012.73767716477,1.00016864320309
"N[2,1]",299.449507921748,1.10844410495851,62.6371502248224,196.720665096275,254.904957878927,293.100695497231,335.466138036634,441.924472788263,3193.27547215841,1.00213571799038
"N[2,2]",161.263301842613,0.348781501238607,28.4597862419084,114.655219054799,141.638025802101,158.060025409232,177.478749350099,226.867359684141,6658.19303864653,1.00104615276259
"N[2,3]",291.841939580252,20.0512285434392,1091.61190613292,11.7819721190006,94.018798588788,163.533602141363,277.483140040038,1110.67334885025,2963.83862497727,1.00039353517841
"N[2,4]",181.40451861614,0.303333654510505,29.6585192798702,129.189317517715,161.360883694236,179.251387187112,199.285781572312,245.424910164005,9559.9965320487,0.999861691740971
"N[2,5]",558.465797446535,9.19737080007927,544.178455467008,135.319949774171,284.83043095303,429.289292004103,654.744871130402,1780.40026417408,3500.70323358456,1.00132030317976
"N[2,6]",301.273589265522,10.0882311598391,422.081991174415,49.4746875034917,132.797193835165,213.734165805524,340.104585449181,1046.07239216173,1750.50596610314,1.00100978044528
"N[2,7]",322.554045069782,235.117138582735,9611.35929526255,6.4286192972921,26.6587024700934,44.61306693621,75.1658236881992,314.581142815836,1671.09465338009,1.00196622211567
"N[2,8]",335.198551686168,0.787175543144959,62.5816707672687,230.960955839079,291.903710591056,328.568054380929,371.474330663327,481.140047962572,6320.49543540404,1.00111554633009
"N[2,9]",475.910739899496,1.13515863738151,104.919612286798,299.374740182259,403.602845159999,465.891952580672,536.72131191624,711.025070812346,8542.79998182178,1.00010409165653
"N[2,10]",102.044880274013,0.279017051395796,23.2681292819568,64.4734555501348,85.8406732895857,98.9169031891712,114.719197708533,155.004788753148,6954.4285030515,1.00071007318905
"N[2,11]",57.5549393020428,0.213829967338717,17.9145405698002,31.0761546262427,45.1683585857739,54.5611915675939,66.701022966559,100.282325018169,7018.9833226827,1.000484675305
"N[2,12]",16.653244900253,0.117962711525249,7.06225263041326,7.0996067363844,11.714122605231,15.2831473771443,19.9931713622759,34.2385145277865,3584.23935832977,1.00036627165514
"N[2,13]",139.105469038766,0.307659503385675,26.6873067421485,93.6731745088177,120.586403305527,136.595189357314,154.640391320795,197.553312325659,7524.34716931245,0.999742225199261
"N[2,14]",267.430684705732,0.632145008342753,57.7850814012524,168.809583152139,227.461230855739,262.521926891789,300.828036740226,396.874361003757,8355.99233509577,0.999883170746848
"N[2,15]",315.356738716334,0.681937273684047,64.7003753749815,207.548837050628,270.44029727255,309.27686057948,352.254137055925,461.573242621761,9001.70430319245,0.999865860659173
"N[3,1]",416.646210280704,1.22520345882768,82.8440122396032,273.415736795186,359.169092613304,409.971386817403,466.596116810733,597.201083925418,4571.99577048989,1.00002973556669
"N[3,2]",220.94447501301,0.442994320476386,37.8500410035318,156.232557144637,194.825092207844,218.124928136309,243.049115015206,304.313170346406,7300.22746052711,1.00013123746687
"N[3,3]",303.548226876858,19.2715939904543,1094.42692453722,11.3256598038452,88.7727359013603,162.380365766799,295.33793236188,1204.25075540736,3225.0634446763,1.00020265131497
"N[3,4]",156.401290738789,0.614754893428447,28.7350161909875,110.739785540697,136.107298432406,152.827118693265,172.562524180095,223.317654015212,2184.83630392624,1.00293711547279
"N[3,5]",744.886222343355,11.1351309745099,687.708141443309,177.298265279804,385.034955651409,582.033800043464,898.987568431697,2250.02047918268,3814.32480471819,1.00099782352782
"N[3,6]",364.816595633438,11.3231328685291,477.01127591668,54.3781610735363,156.141523264585,259.137030235209,419.896990218077,1306.97508712744,1774.69646274673,1.00081041353047
"N[3,7]",185.253275334809,98.1016868081428,3579.04550615145,6.22952603414106,25.944834884253,46.5260497962949,81.1079372748905,340.872926040533,1331.01052838197,1.00269415352923
"N[3,8]",534.397224089876,1.16749896469696,99.9210907483747,364.034606226182,466.271968107025,525.024766446264,593.226735655642,755.023258960179,7324.89365994532,0.999729497112208
"N[3,9]",487.531142844299,1.1399139230656,107.505376663845,307.546003858681,411.999115409989,476.76701171404,550.09317842099,733.322272000034,8894.39174995222,0.999807623970228
"N[3,10]",136.489449902559,0.312637192031501,29.1881793088354,87.8185362183962,116.232635141303,133.574833437492,152.925789081821,202.549226514599,8716.31121441437,0.999986679882359
"N[3,11]",164.668759177539,0.616879537223565,50.0805506508755,85.1528229075942,129.513560696066,158.71850363808,193.081729985517,280.663909232437,6590.78982000379,0.999931460588674
"N[3,12]",23.4889021308292,0.0613961116115926,4.91017163293046,15.5425688603513,20.0497081044227,22.8806615031622,26.3281995817205,34.5123349620345,6396.04649454402,0.999910306246407
"N[3,13]",154.908722820033,0.372810360817116,30.3166852571334,104.826462305901,133.774836786839,151.850915506833,171.830654422614,223.067504948733,6612.83190408656,1.00002016993976
"N[3,14]",277.031584577785,1.12721581892577,94.5922598664572,137.198922226567,211.244594772538,261.415815658816,325.677427687822,509.959342110292,7042.01673085649,0.999948520002247
"N[3,15]",279.074560096528,1.11033759610921,62.7119361365921,180.331782983323,234.799861731572,270.334328882931,315.808250240387,420.881514485528,3189.99739003509,1.0018840227448
"N[4,1]",377.977177249643,0.837943381960768,71.8403915221133,252.725040118213,328.847757248453,372.363955573306,420.299775931218,535.204456789174,7350.35018981503,0.999973126020419
"N[4,2]",295.130516167085,0.674177581476741,51.3207168386113,208.792599663647,260.035062184942,289.715741475056,325.122301511323,409.127938436806,5794.77815485782,0.999768825600142
"N[4,3]",323.930615137666,20.8526208601669,1301.58530093679,11.8934751677727,85.8766439961868,164.139986098279,315.461676373264,1382.57428506453,3896.04511060165,0.999932588724368
"N[4,4]",250.406092733259,0.447868786174717,41.1244008200337,178.488866159681,222.321189095498,247.148188475182,274.352428255515,342.567112701777,8431.35887757942,0.999645345206666
"N[4,5]",901.728842578346,11.9229017871615,732.6399815884,209.040452123311,470.776258087624,713.292670070129,1092.71301933812,2706.63878249887,3775.87229492817,1.00054473575441
"N[4,6]",458.934080915559,12.0482047604064,573.638817923734,64.2909696488302,187.173298749637,318.228662545579,542.490852758255,1618.63770175744,2266.90011658284,1.00029819646752
"N[4,7]",158.05825601963,66.9664457375991,2613.06104922871,6.0372117697894,25.5382522996197,46.7783904591448,87.7550983832163,394.922118066772,1522.59575319653,1.00231057998497
"N[4,8]",651.573209228413,1.29752840465216,121.444459694461,444.480106502261,567.587495107872,641.768400334298,726.870240672823,914.698422056867,8760.35420543823,1.00005906377835
"N[4,9]",438.264641465307,1.3533460443659,100.037257924142,277.814306020347,369.685770814741,425.23546036648,494.573896274204,670.092803227342,5463.93899941137,1.00146762284327
"N[4,10]",196.712030200839,0.440031755441514,40.9363540884493,127.892837891408,168.217474330695,192.14311730031,221.276779639144,289.150372284391,8654.66541597414,0.999877650202922
"N[4,11]",327.226336401971,1.12784915806133,99.1113971936789,168.950759944993,257.754126091879,315.160484037283,380.400262929167,556.607617627829,7722.27312115771,0.999635950672908
"N[4,12]",43.6375752925954,0.168013656000607,8.83443041268778,28.2846552416193,37.3839673190362,42.9799003236857,49.1300648728965,62.7203091435116,2764.82688578997,1.0040698228707
"N[4,13]",221.591427510798,0.592945146929326,43.5070289255822,150.488195916105,191.564031288841,216.79258289133,246.187597995453,321.416087678957,5383.81112290588,1.00060591813586
"N[4,14]",243.682778631404,0.793394581919008,54.826189261039,155.188658124199,205.328357833667,237.055691154121,274.50834599459,370.712809321992,4775.26701996778,1.00165867340062
"N[4,15]",469.85963148717,1.05181174233759,98.07883316893,304.154176770181,401.247029577954,460.993694023371,527.881957174009,691.68899822985,8695.09939909484,1.0000717486431
"N[5,1]",354.572194382093,0.947655715536628,69.6555636202145,239.937805485735,306.463309840107,347.127382046845,394.479716264728,512.39895509226,5402.69497419483,1.00124608938928
"N[5,2]",469.412669793173,0.90488337580488,79.1211578893256,334.154100752428,414.240744941279,463.044672208868,516.834848442518,647.644157700377,7645.39713325055,0.999970658316944
"N[5,3]",348.064316748556,20.0173911385086,1275.48258703759,11.9244588533288,82.5856666193295,166.126206201622,335.436376290207,1598.43416184291,4060.07557098732,1.00002202787096
"N[5,4]",415.516883256418,0.709671423436325,67.5257147147512,298.185025736054,368.580592514206,410.203176321914,456.596103823746,564.369495263182,9053.65088499838,0.999837264868357
"N[5,5]",1157.42856445225,13.5119306096624,847.350192166639,288.343694425189,635.370081629092,940.645507606865,1422.55193083983,3359.01686024448,3932.70211781219,1.00058210955048
"N[5,6]",553.863833880019,11.6465984528419,632.353589474332,76.1820383752144,235.021214598628,392.254312683239,662.883247443755,2023.18005541336,2947.96125751334,1.00012263370657
"N[5,7]",156.534778506261,55.4794005651295,2402.88709984566,5.52617647613311,24.8673973974644,48.3246394169432,95.6823183576327,434.78940311925,1875.87204608444,1.00178339798024
"N[5,8]",821.083857527189,1.51687924014134,148.84814316677,569.704480077214,719.231536232694,806.591481827479,905.429820787244,1153.32257613198,9629.08071888114,0.999697018145007
"N[5,9]",642.983434769737,1.56884652650446,138.866405180777,409.932298729694,547.428502895784,629.500735507227,722.600291559692,954.683255053281,7834.90013443735,1.00056534548514
"N[5,10]",290.913836338321,0.70560127400299,59.8961543680531,188.015385292862,249.148218350011,285.672712797078,326.580895031233,424.835769344951,7205.74959975034,1.00003334441506
"N[5,11]",592.574135525424,2.82144623351819,184.285286095733,302.547982459591,460.078068177871,571.912681283545,697.690977314496,1014.44109097401,4266.16614701793,1.00123928380354
"N[5,12]",46.5189985903581,0.12167443064834,8.84273625027132,30.9698413256455,40.3850056759844,46.0162850172086,51.8438005366601,65.5001432632281,5281.71177393866,1.00129251678001
"N[5,13]",397.399613479944,0.828035700661283,74.1747049171642,271.76929123618,345.307455582384,390.377894541576,442.016440811708,563.288986397568,8024.41777138095,0.999847911761111
"N[5,14]",338.40517589759,0.92459894347322,73.1817434202626,222.916491146067,287.821361219557,329.263309933916,378.304697689774,510.699858177784,6264.67747961169,1.00012565080502
"N[5,15]",693.640146832636,1.60641210495822,142.972456839496,452.995461158472,596.613707571517,679.512156134827,775.25547151983,1012.60000386839,7921.19718019577,0.999962044070581
"N[6,1]",496.676495474849,1.17421785744169,97.0394071137828,331.286387016268,428.649760835363,487.441991172773,556.570275205421,715.673320112233,6829.65722340902,0.999913068349915
"N[6,2]",728.340707955462,2.35835837938693,128.110638890637,495.60164293387,640.707003563919,721.108015667562,809.140283866595,1001.42318273675,2950.87484715707,1.00023576009926
"N[6,3]",389.849137602384,22.3995840528682,1420.88989459592,11.6667530417851,81.757380580809,175.335960572876,373.326840017248,1855.82311785017,4023.8422231364,1.00022833830202
"N[6,4]",708.343656485167,2.13735794711788,120.685420421598,483.609978043191,624.767667807694,702.744765021779,786.326307481164,956.981595164546,3188.27001497131,1.00125142605023
"N[6,5]",1449.26553549049,14.8515050156946,972.447468193974,370.764343698904,818.571072546051,1217.49940127111,1780.7124784993,3933.52866768108,4287.37397545169,1.000880980324
"N[6,6]",651.000269435224,11.2566922931887,706.007839534582,96.8831412617582,286.088780452995,470.96443941602,779.823159319921,2316.63273641797,3933.66578016487,0.999970874400778
"N[6,7]",166.325902817621,58.3051439139407,2924.99938931501,4.96780945961746,24.2881121246792,50.4391964290796,106.16613773416,505.492680398787,2516.736896906,1.00111207173174
"N[6,8]",1239.80701139222,3.78105013918052,238.838612595092,823.415263430017,1072.98296965819,1227.73156658842,1386.75581435492,1744.98290370121,3990.10391805835,0.99987378442923
"N[6,9]",1291.32710707267,5.03754502117918,299.160662840772,790.683971570306,1081.95132812368,1263.6059455879,1470.16998309894,1959.46401994381,3526.72090850362,1.00072939306911
"N[6,10]",331.746757716956,0.728507118225684,68.6824874744838,215.070015768032,284.967914944086,324.952709510556,372.33395042652,484.334522375745,8888.41721892102,0.999875498851561
"N[6,11]",507.622793505077,1.73459678440554,156.449655239217,266.099595746522,397.924224864445,486.689193589185,592.75306970489,870.595164405833,8134.8986575184,0.999896440411008
"N[6,12]",32.886680992362,0.076171883038472,6.46291072658951,22.4095596642771,28.4536473852928,32.1239268701512,36.5917549242721,47.4073527256209,7198.91308456703,1.00070556674261
"N[6,13]",577.708215106558,1.26268174892525,116.297867063762,376.054038224882,497.650464810639,566.914929621748,646.461277533255,837.527589350611,8483.12161572433,0.99991013190758
"N[6,14]",711.287188915972,1.99365546717366,150.351074925672,450.030994588647,606.980718490148,699.43907612792,801.001626732309,1048.18124292518,5687.38801906424,1.00055545604648
"N[6,15]",1023.60901271312,3.12308499802254,217.847235079255,650.981082160117,871.294186765554,1004.65395349055,1155.79396490187,1488.92547659237,4865.60104560995,1.00174810383806
"N[7,1]",604.319938729634,1.97297826615587,118.240051774751,400.465043311334,521.252013782957,594.933627913626,677.848250209576,863.220597515797,3591.57235490215,1.00135283207621
"N[7,2]",525.961046517122,1.38252597020309,92.620625536991,372.925487702501,461.488743238809,516.546180970183,578.201829298805,737.125653996806,4488.1650899332,1.00022144908027
"N[7,3]",377.428472336861,20.5309830958885,1336.47783201217,13.1722618023413,88.169208696902,186.440142903558,374.739965038096,1791.30025739121,4237.44455093631,1.00029257229519
"N[7,4]",601.553704307261,1.04044750914466,97.7654037513137,429.555717987783,534.488696005287,595.500271510993,659.711618440562,811.778543170982,8829.37671104107,1.00037918336147
"N[7,5]",1214.96900478616,9.74452385987163,675.07089439103,374.025570961493,752.475296211654,1075.49667879145,1503.53812519205,2922.28883652608,4799.29583225502,1.00060793004022
"N[7,6]",593.529216740244,9.59177656760918,572.337784700086,103.526312632103,279.642882296706,450.426408545546,721.472405848831,1944.1349105628,3560.46506618437,1.00009488741402
"N[7,7]",152.90439023144,50.6929663550593,2419.48139675211,5.93063741322903,26.2615179233541,52.474658018865,105.383743196487,483.737864963566,2277.97610397557,1.00133230491074
"N[7,8]",914.322750385142,1.79251729630557,167.904816446197,633.047353384298,798.763416629789,900.429924174776,1010.78779983033,1290.06015179934,8774.03977259358,0.9997308987837
"N[7,9]",1159.08043127696,3.12896290482494,257.357676744498,734.568895740069,978.504086489421,1134.6477847284,1309.85088091405,1728.67256666499,6765.0876207511,1.00111670366439
"N[7,10]",306.125845763956,0.718480455077216,63.8272373875844,196.120268759016,261.627972361183,301.28449988937,343.753788777806,447.479270381428,7891.91098201403,1.00027212575373
"N[7,11]",340.156056810525,1.12779836669676,105.032855084087,180.490549437403,267.540326461254,326.041622887159,394.76070305246,591.651605239729,8673.36093031188,1.00039333804772
"N[7,12]",27.8274294451121,0.0569435357219569,5.36399907568019,18.7788381354999,24.1700215083074,27.3076204049989,31.0060402600102,39.7351097280727,8873.36873705195,1.00037274917439
"N[7,13]",608.91012944075,2.5348636976414,193.268578091521,316.694239339799,476.85094206679,581.121035279811,708.27958107779,1072.25560284066,5813.17342299863,1.00086689937629
"N[7,14]",808.840265629539,3.32683530335373,177.167266375422,504.171824552469,683.850574464194,794.436899558475,917.091181016324,1202.58845333417,2835.98784787088,1.0019768571651
"N[7,15]",864.649023972143,2.0676222536132,178.607287311233,563.889829699141,742.434016264296,849.003078175947,968.356793380057,1255.25707952014,7462.01217553897,0.999633811590669
"N[8,1]",396.603706433606,1.27235821168895,78.6731175606512,267.155695546586,340.760125040712,388.931609073173,442.469498096077,574.238191139836,3823.26082008435,1.00217452057665
"N[8,2]",595.328540756976,1.34620551821877,101.588796423806,415.813761232944,525.99902749224,588.918392309967,657.405695643473,818.323632474876,5694.67439210704,1.00090433849579
"N[8,3]",344.035432509108,14.3613023114166,864.437944929962,15.8281045687412,93.7991108827526,186.922295245415,364.343161582783,1486.75648376564,3623.09728555014,1.00035356846206
"N[8,4]",484.713740905437,0.886255558108573,79.0917588421892,349.191568390167,430.671672854879,477.759092389135,530.330748461775,661.11568409423,7964.24338112239,0.999841659062093
"N[8,5]",1003.45326592269,6.05093335497847,471.934199300561,382.616110999704,681.360712479192,907.577183493515,1217.46287337739,2176.82552702077,6083.00482688035,0.999933083302021
"N[8,6]",509.662378874296,7.32663469965026,432.800324606811,102.80056127145,259.572324099654,403.847887062623,624.7598413509,1556.13764169649,3489.52310842722,0.999902451055347
"N[8,7]",145.985039559131,50.7344376182554,2533.39078459192,7.12083589658648,28.5546086231021,54.4846221608675,102.076230887846,425.692513942993,2493.43856094092,1.00117332884179
"N[8,8]",529.795373980305,2.41403951693735,107.131430157411,359.05725530341,453.661814229499,514.591798309979,591.624384124839,777.09781735695,1969.45043333823,1.00333422304002
"N[8,9]",598.224714495722,1.84847951919201,132.311857566991,381.792772604372,506.032146664623,582.968568636182,672.802444462146,898.984720149329,5123.51777549047,1.00098588316449
"N[8,10]",291.67466237384,1.23972169070434,64.4743211085321,182.312072276653,246.597224287781,286.025186882359,330.785706310842,432.824069747493,2704.73770938602,1.00169600954038
"N[8,11]",339.125687158548,1.49274908949779,104.38453646391,178.263151912424,266.860190089529,323.81696561348,394.916445457277,584.76969044035,4889.88565931283,1.00108841324312
"N[8,12]",25.5684479319176,0.0607810987384649,4.92663801162363,17.5512157720304,22.1949760446224,25.0596327385797,28.3100624482119,37.0259670399409,6569.98251246005,1.00022808209043
"N[8,13]",612.497542795826,1.24609240559678,118.725026934317,409.461150828795,530.712450232765,602.62118189625,681.767522864656,874.966913934116,9077.87200799126,0.999916248438925
"N[8,14]",413.979849383321,1.67191475050208,90.7979863586854,269.563905309211,350.765542863619,402.706856667784,465.403476709494,621.526313155244,2949.3354823779,1.00357678950812
"N[8,15]",683.865611938775,1.73830837474289,143.884399688246,447.937852762123,583.314745833614,667.204764048836,767.523016163253,1007.37638473547,6851.31244451362,0.999746296470274
"N[9,1]",418.49161198882,1.0071512435624,81.9322529176453,283.469954600914,360.865244656908,409.630398535848,467.143802407158,604.83645087249,6617.90315208524,0.999996860892337
"N[9,2]",553.694496216718,0.989684447960508,90.463629812208,396.073104335675,490.350246877508,547.012651864984,609.777768858764,746.884795596334,8355.15532060905,1.00011765830038
"N[9,3]",360.806650775293,14.711460208261,947.507566267195,16.2682347271839,98.6998628467245,196.516654815575,387.832168784418,1570.09247471421,4148.14386925746,1.00015415964764
"N[9,4]",410.745758028734,0.69853772830078,64.5908673630447,299.22588079577,366.179178142925,406.002532387941,448.210219165104,550.521484712019,8549.92879877802,1.0007616076787
"N[9,5]",1048.81714202708,4.88633998918563,382.834097170824,488.706134281838,786.392212190069,984.842833445575,1246.07613683925,1984.04451284313,6138.38125917561,1.00089179372833
"N[9,6]",488.212790023213,6.71385812773181,402.194734920125,95.7006786879463,244.985397870308,383.416934422057,599.864470677132,1507.1638953815,3588.62800834018,0.999752751000386
"N[9,7]",124.360540507188,28.1146312092531,1283.653169972,7.12321535643343,29.418049155156,55.8399695543008,107.468541297683,430.231977116478,2084.63782261923,1.00146713378553
"N[9,8]",756.120056255677,1.79388284724135,137.908752223541,516.000633973878,659.198733619439,745.147492166049,836.957353328532,1060.52092410161,5910.10917670889,1.00063632561111
"N[9,9]",625.614413659026,1.40005637795332,131.154761586316,409.065299905299,533.465402074393,613.321595225881,702.316384193066,924.490326228631,8775.60518215523,0.999952345051115
"N[9,10]",139.201105782676,0.511576564987803,30.8871616605235,90.4652686226081,117.304671419077,135.345755119589,156.592180588464,212.074780542755,3645.31211813727,1.0011432268469
"N[9,11]",546.496789514422,1.73653622220975,162.820087657012,293.670930764735,433.921835978052,523.675145379427,636.390066467456,920.026469983263,8791.20232337656,0.999805544827406
"N[9,12]",31.6409869791228,0.0823614189978018,5.96494305877,21.3374614687755,27.5165093711152,31.1788915618379,35.3999528824591,44.2899246446255,5245.23515918117,1.00116399921585
"N[9,13]",642.663308550712,1.28397042373117,118.486049363211,438.516972306841,559.607360919231,632.280830456868,715.830459489459,904.675942301213,8515.77932298617,1.00031945432698
"N[9,14]",549.885885336814,1.26055564969307,110.408257118361,363.305425494261,473.916142466591,539.827128478585,614.101534557778,799.808255270673,7671.47832063762,0.999773639740101
"N[9,15]",702.800863195736,1.52432275293398,144.125238970838,462.049365641336,602.719303855805,689.356311761393,785.236975915445,1030.53988283621,8939.76734134862,1.00001352495091
"N[10,1]",447.234424348959,1.08213924170743,86.0767357833108,304.690271101699,387.351730476279,437.839766444544,496.771484991638,640.790191987187,6327.10856023009,1.00052162894152
"N[10,2]",466.174755220376,1.06464423499315,78.5085610797819,330.849111826768,412.038021966398,459.189254642754,512.372819363248,638.022644467732,5437.82242917272,1.00076400796381
"N[10,3]",363.688241154221,12.2766395771948,721.410119428273,18.332951007356,103.097754356904,203.507852606109,397.352967215309,1681.68609988642,3453.07052449844,1.00028299289584
"N[10,4]",366.823316148667,0.622020470567507,58.5640755052558,263.670235963177,327.620801395768,362.017927542775,400.876424529417,498.568034643304,8864.47927204158,0.999697654823584
"N[10,5]",934.988544650992,2.06753169243593,185.310389396317,615.933052157516,811.380733510055,919.563672177185,1044.34055734353,1349.03063388228,8033.32220918812,1.00016228725183
"N[10,6]",438.666658078595,6.34121363227474,352.874484824244,92.3361416202892,225.832807736828,353.177698876314,531.511139231714,1320.57250274751,3096.67583458198,1.00001411763058
"N[10,7]",118.379924195495,20.6001350802702,923.332252986831,7.85000547666531,30.7630955742645,58.3548113657962,109.769675380385,441.185171259028,2008.98121588177,1.00158581134813
"N[10,8]",627.546075869945,1.30431882122942,112.672303363832,435.994157656891,549.866618359439,617.104258215456,692.984246665334,877.531625560525,7462.19894108052,1.00002621957173
"N[10,9]",534.395676036122,1.2527868026337,113.098501418719,342.331146057503,457.469340546149,524.576834079648,598.895699485427,790.875595107578,8150.03289279152,1.00043203805902
"N[10,10]",114.347126189916,0.309537663641013,23.5949091111375,75.2907963641382,98.0598263250747,111.911998506656,127.616580611484,168.772616953254,5810.44797497167,1.00009924125842
"N[10,11]",566.028571761559,1.83118088066193,166.768630682151,301.060036222751,453.470382875229,544.09673369735,651.842791145735,965.314516001773,8294.04209477369,1.00057062665848
"N[10,12]",24.1134182010019,0.0511208680047121,4.48791389297854,16.5504502234329,21.0192150720946,23.6926756807324,26.7518538409942,34.2663923474043,7707.12837502661,0.999971902913972
"N[10,13]",655.751833964263,1.38347911533151,122.082788401927,445.058461343086,572.609300673233,647.34504797601,728.070636726907,925.009153821054,7786.88328408304,1.00021331143574
"N[10,14]",610.585115643847,1.59152678031977,125.832449112143,395.157756389452,523.139072399573,600.859575670536,685.242549930868,890.896125935797,6251.11368690534,1.00006358220882
"N[10,15]",736.153560541567,1.71701136280834,152.530161629119,478.028894077725,630.803378163156,720.694911225995,824.794088834509,1080.59220239956,7891.60105961166,1.00015603137111
"N[11,1]",604.331045920204,1.81064683317947,119.905832114343,398.972927111093,520.657875123449,594.231988111714,678.193308207532,860.247102789381,4385.43941743003,1.00033396962209
"N[11,2]",434.967822244574,1.36855916046775,78.8306338146436,306.649630557985,379.636825680727,425.835645395486,479.266011230911,618.656318309132,3317.89688623602,1.00178183561353
"N[11,3]",371.599784039916,13.3030735165006,822.500277682239,20.3541765854314,108.048177863161,211.477332750586,406.760526615273,1715.31979633954,3822.68158337631,1.00022321846582
"N[11,4]",283.784485824035,0.756126690228152,48.5740748817651,204.558319398373,250.100753049382,277.808087423332,311.529743601275,396.227199077273,4126.86193129582,1.00040850542289
"N[11,5]",809.271259905644,1.75301605343249,152.139224603084,557.233686146382,705.201205375261,791.999526427701,895.027350688065,1155.90770435979,7532.00518922029,1.00035282805484
"N[11,6]",427.919270932198,6.20135513220278,368.933110624753,87.5543648781572,218.959489035462,334.933731113255,522.635842754074,1308.359267434,3539.33818557212,1.00007880746363
"N[11,7]",115.219907328344,17.5052493972025,877.774461451556,7.92377962762987,31.9407306189457,59.7402069587128,110.384622898583,447.241947795327,2514.37052523788,1.00107032495343
"N[11,8]",653.509914914727,1.31051616767929,120.743230390633,440.663137737833,571.606789568227,643.011185652325,724.929828039313,923.921044033566,8488.69276892505,1.00009118106806
"N[11,9]",465.543929232414,1.08168932904338,101.098872284171,298.056478123263,393.95957355446,454.99287264505,524.987053050671,697.336716471264,8735.49524665662,0.999872606554043
"N[11,10]",90.9187883227429,0.38831834298648,20.6503582097762,58.8335989563905,76.3618448338353,88.197005651809,102.472689114993,138.592525358014,2827.99975461909,1.00178142332485
"N[11,11]",525.152116248765,1.73631134521758,160.711822649088,276.127066620305,415.818655265316,502.122262318415,609.763534096083,904.322771947533,8567.23040851489,0.999768221767863
"N[11,12]",23.5405132415169,0.047011243743009,4.50841048984032,16.014135932486,20.3915716997936,23.0996031282246,26.1667693531848,33.9819846059649,9196.94143317796,0.999799096680467
"N[11,13]",641.349190614601,1.50170571571508,122.428944455998,428.351244501005,557.311425287411,631.915948067508,715.701898280838,915.74786156895,6646.58468921295,0.999963111841506
"N[11,14]",619.633452185663,2.18616790983743,134.422100162729,385.452047763764,525.026595930067,609.691955047476,701.262350072258,916.08984207033,3780.71832676424,1.00120941400669
"N[11,15]",647.873785893057,1.53569184543897,136.355008668787,418.844468871024,554.924240153279,634.058692768802,726.014446460045,949.36777996908,7883.77160780928,1.0001008178302
"N[12,1]",581.083413791346,1.4670677622033,112.13480149434,390.26739453676,502.658476836687,569.809827022816,648.792193334339,827.175124042797,5842.25473739094,1.00202394059497
"N[12,2]",668.765432917349,1.52017292298388,112.451990673057,469.551238486868,591.1695253424,661.208412906837,737.671212935694,912.814486127368,5472.02799294715,1.00051552717338
"N[12,3]",353.767715189882,9.61274808681258,578.58620478845,21.9952978631629,112.137923703549,213.809053612544,400.421960415046,1522.08176051337,3622.7722011988,0.999998320821033
"N[12,4]",327.296576142733,0.734790281190103,54.5485315547686,235.284406147442,290.447628856028,321.873429861727,358.775290901426,450.518268611671,5511.11306396261,1.00089611933221
"N[12,5]",973.723890241099,1.94824698492683,177.74339075694,660.542440662566,852.127231580645,960.186355810917,1083.27138089107,1364.06441363332,8323.36415847357,1.00020869575854
"N[12,6]",477.790434015626,5.77621985314974,345.49803047726,113.819572159317,265.694700031205,392.785314207193,582.596948335625,1337.23039298185,3577.69836278868,1.00006010668936
"N[12,7]",113.259303024157,15.1039064732953,866.637181766707,8.91171522219275,33.3970088074529,61.0402686540847,111.767140640723,435.193289089238,3292.27466711995,1.00069628814331
"N[12,8]",793.091753109758,2.4609924075321,148.928327298094,535.412749161362,690.926696460116,781.021111118082,883.63489098948,1111.34461565541,3662.13268738948,1.00175808044603
"N[12,9]",467.020453925807,1.07664533191229,98.8515762622045,300.796860718201,398.628445594788,456.956936408999,524.441669202904,688.735229915751,8429.88935164527,0.999865470268531
"N[12,10]",139.266161386544,0.291793781892802,28.3389740647983,92.0395754494321,120.122924527765,136.095228609289,155.198864607247,202.347643553438,9432.26908262282,0.999754807705912
"N[12,11]",570.016305930564,1.95879987201031,172.11944100112,307.564453289338,451.433124624805,543.520792085824,661.156686272251,982.212244630293,7721.10964790294,0.999739087763802
"N[12,12]",28.3256343833022,0.0539444100524543,5.2354924093336,19.2467379418235,24.672073659589,27.8921551796931,31.3790494740804,39.609939073016,9419.37685455456,0.999774874241637
"N[12,13]",564.877241792816,1.78302509894352,109.980694530988,386.65451007443,487.837519696556,551.672526440584,628.901131557529,815.142638499284,3804.67883648075,1.00311634227591
"N[12,14]",432.008034719681,0.954645519211764,87.5833018654253,286.469950684134,371.351219054319,423.232262204874,483.077114108391,630.897312369954,8417.019841767,0.999736908878259
"N[12,15]",666.570278729818,1.6465215663872,137.115288583324,445.5136518213,571.089808932506,651.180177508887,742.887291271423,982.758139732788,6934.8475288717,0.999913883829885
"N[13,1]",485.138130239747,1.04258746813314,91.1840934370365,328.150264096683,422.417499756919,476.639872573666,540.4109336487,685.206005344799,7649.14984052297,1.00005357672846
"N[13,2]",687.050733236729,1.34305487303984,113.731560131996,493.424064412966,609.380666288057,676.621529947384,754.911175481915,942.43481739345,7170.9134287292,0.999834628624806
"N[13,3]",351.648652270571,9.10614652237103,503.980078757167,22.7385269309334,115.302864626133,211.332401797648,404.413696138026,1509.45547492106,3063.07388084939,1.00007569237005
"N[13,4]",404.51373601134,0.728418098563619,64.9601408077455,291.166523773074,361.389906756892,398.919360635319,440.90389693738,551.315710288379,7953.02704668288,0.99961411829355
"N[13,5]",867.059956276023,1.73712598640053,155.233561657515,602.585638265082,761.232013951902,854.023164665353,961.260372533694,1205.01439992399,7985.61943932168,1.00071040322936
"N[13,6]",480.486254574732,5.52370390458435,312.561366202061,128.273885182176,277.324974813479,405.07730387474,592.650989560483,1283.38193882257,3201.91510001843,1.00006873888465
"N[13,7]",108.374812008045,8.38325948887941,407.499327236473,9.06853247085671,34.3714348196433,62.736222876909,116.289527849585,427.15542996694,2362.80550369677,1.00117095265893
"N[13,8]",546.975123665177,1.06938901598706,97.297512683208,381.124044097127,479.526505133228,537.787722242685,604.571017369176,760.078359129948,8278.12610874388,0.99970043796302
"N[13,9]",307.303107083867,0.944603524228795,68.0345262672961,198.501706248225,260.072837959623,298.722698545979,345.393302690562,463.942046431786,5187.51788529456,1.00040411214821
"N[13,10]",182.910723393722,0.386623560645971,36.6794900090244,121.348702744486,157.691477256711,179.071091089939,203.898859322233,265.69807050216,9000.56856948461,0.999825583693854
"N[13,11]",623.787580656487,1.99141427149567,185.5798402377,334.150158828147,495.221668178315,599.268460338725,722.281398658428,1062.24014155022,8684.37088478788,1.00041934614534
"N[13,12]",30.6794008619413,0.0834073184185422,5.77474681257753,20.5163261301087,26.6602391200684,30.2909085666153,34.2041213020867,43.3519337629368,4793.55349437597,1.00127415717942
"N[13,13]",738.347020762197,1.53987007759986,143.100676932722,498.7047237174,638.4367734308,724.922916484764,819.252422646184,1068.94042078133,8636.05135929787,1.00008175965222
"N[13,14]",276.00645340842,0.884859440090367,58.1047043581114,181.462034380158,235.318719262059,269.511390005925,309.423133611341,408.435718799235,4311.95296193806,1.00121416793941
"N[13,15]",807.583959205116,1.78991750554385,163.975207162101,532.307233067587,694.603055408383,789.308908574604,902.282422873798,1175.86625616284,8392.4805902803,0.99986604756735
"N[14,1]",398.962083369699,0.963109690559253,78.6329590001846,266.038629137096,344.188039389568,391.397847019955,444.701452637749,574.223434327539,6665.88369845538,1.00014648573435
"N[14,2]",925.182085846139,2.27981846422621,161.852671085678,641.24587370586,812.115577861309,914.141068059759,1021.40801484694,1275.39202776101,5040.10064299614,1.00033912146956
"N[14,3]",362.149989744111,9.21428943260269,500.950150082312,24.4535888983416,116.916400350246,221.118141431861,421.432625127949,1557.30186573345,2955.7338299896,1.00011836270531
"N[14,4]",568.378966097888,1.2352319744364,94.7541974163702,399.139119753447,504.132624771405,561.982327787036,626.383025433052,773.086143861148,5884.36853865749,1.00051470078844
"N[14,5]",724.895493717601,1.92379396054523,135.296772517159,498.932432453789,631.592045738566,711.126469815111,801.860090401431,1027.46227187147,4946.04153851609,1.00112816317758
"N[14,6]",456.3209187016,4.48085881250896,267.317607064191,139.564090884458,279.103741321208,393.992678664413,559.058198964117,1131.91355238513,3559.03787503749,0.999947718690282
"N[14,7]",111.656716709546,7.96836824349753,415.427614628849,9.48573103079335,35.2249234221602,64.8162132768046,118.794762060464,463.582637699468,2718.01551745471,1.00084113182681
"N[14,8]",440.799092367891,0.973588674161856,81.7970479361088,301.825793853126,385.347686598928,433.434897266027,487.9339463764,627.445489104511,7058.69203361062,1.00001540655313
"N[14,9]",273.908667556514,1.07623354331797,63.970426262365,172.084422886974,228.994647947389,266.403400000297,309.701513621302,420.159087354851,3533.01467859832,1.00083019396653
"N[14,10]",221.252781179709,0.49689370619811,46.4255979542164,143.721659806695,189.455676875727,216.616137519203,247.728042795553,323.683914560275,8729.4728868429,1.00032655566119
"N[14,11]",593.287406929195,2.02040732927697,179.747378710402,316.997697185737,466.671342942764,566.474047998712,693.791567441138,1011.31757353076,7914.93332624222,1.00032341769604
"N[14,12]",22.4939768920458,0.0557405996843643,4.43955247206136,15.2366167699336,19.4134755619051,21.9855910144208,24.9198695323411,32.4699070873094,6343.59010852388,1.0001470889572
"N[14,13]",815.298280510787,3.37485349382423,259.127252685002,423.169532306075,631.680823238802,779.107723797603,953.39940226963,1421.63669382092,5895.44147559824,1.00021261037776
"N[14,14]",248.145790127251,0.851939969220296,54.6178049493591,162.111837202174,209.910664177615,240.880581114797,279.538561335883,372.860762486595,4110.0820949275,1.00044349159657
"N[14,15]",1162.74415869553,5.59340727545236,257.200507706558,715.449304204468,979.551574759729,1143.54041780424,1320.22665513008,1716.59670651285,2114.41756109986,1.00214081587959
"N[15,1]",342.287454620092,1.37107819799959,72.0127972834072,224.99802329629,290.690970603324,333.033378565815,384.912249515089,505.406252519839,2758.63925679226,1.00156288643183
"N[15,2]",1037.44126067316,2.3122399776766,172.696609001464,733.900688792266,917.806251756567,1024.70471338698,1142.25552067499,1417.45489541698,5578.29925291734,1.00031914008968
"N[15,3]",368.638302621509,8.49244676192499,482.187325132403,27.0839811061543,123.834461821965,228.718250178971,432.568239502675,1642.45353824571,3223.78384378974,0.999869264496321
"N[15,4]",633.822718785371,1.08261292724178,102.314377377994,453.739044929183,563.457995326032,627.005775355703,694.940095896589,852.311022998975,8931.55165523608,0.999828160039374
"N[15,5]",910.143665191178,1.75729657475621,163.472994698659,617.411814486672,796.764225469402,900.091673440367,1009.93080536528,1261.43715458557,8653.70153212601,1.00022770364628
"N[15,6]",483.864539525091,3.00663164654723,206.73205322176,194.820422123912,340.750016890802,444.93298062629,582.780999162576,999.479720423302,4727.75744560522,0.99987819051943
"N[15,7]",110.820448509775,6.78167847402169,328.126663769555,10.0989708142815,37.4305823003779,66.8784395961127,120.329865711737,449.414021684471,2341.03903073934,1.00115165392159
"N[15,8]",445.32758188023,1.22466769187398,83.8759108308352,310.463547740453,387.408940856128,435.238007222145,493.103238575717,640.308874689985,4690.70344619756,1.00037192728088
"N[15,9]",396.488396521489,1.08188051181752,87.7662375421145,254.79940689285,335.389109336636,386.537798056742,446.026476726599,603.777645272119,6581.06781873057,1.00116971788491
"N[15,10]",294.277732660988,0.641465824262114,59.4164627730755,194.614192135763,252.957125094281,288.065156576206,330.207846264893,427.557491839074,8579.59012368999,0.999976038823848
"N[15,11]",499.73915465276,1.68937916392987,148.606756549209,261.257199385198,394.626379173201,482.894066623666,583.846420764212,840.286724761622,7737.89521006049,1.00007147263464
"N[15,12]",21.5178116282439,0.0428161254146115,4.02085799261939,14.5847032499669,18.7465249643799,21.2042503565502,23.8528516533959,30.6558948668791,8819.06903965782,1.00023163884178
"N[15,13]",921.323514663536,1.99881880318313,182.407810698952,618.494433640984,795.848655851711,899.565844229777,1025.26067418275,1328.35891008066,8327.98643721113,0.999753634423439
"N[15,14]",328.230048821539,0.754932688433912,67.5644243747196,216.313224968322,282.115703876975,322.019979973285,366.331497393166,480.326191738165,8009.76364351704,1.00006182338122
"N[15,15]",877.131571524763,1.92987883115535,178.699978590518,574.118595662872,755.330242550548,858.744222540742,981.830296116274,1274.6828306446,8574.10734060876,0.999677720502683
"N[16,1]",539.219865329925,1.29308420293944,102.710561155395,363.744765054547,467.864684156123,530.98248099866,602.947774445883,763.529711245735,6309.23336983121,1.00136866956374
"N[16,2]",996.782326461297,1.96046281219066,166.745658496856,704.5725749288,883.237040858936,985.273843231995,1098.64361029845,1363.48107651414,7234.22234999596,0.999926966740772
"N[16,3]",381.10758262452,8.45789019896708,492.66221096128,30.4054576172491,132.224591575739,246.946718759036,443.641273723669,1602.05326084531,3392.92623222195,1.00022809429807
"N[16,4]",723.27995799477,1.30231769791887,118.014480801846,512.254668543288,643.955615541142,717.375752203709,793.941241206606,979.524740574197,8211.76883359951,1.00015846624512
"N[16,5]",905.360726632898,1.89608344507596,166.898555363071,623.623247634337,791.776320178102,889.407696836179,1002.61495622193,1287.40586105866,7748.01160159919,1.00027903312829
"N[16,6]",537.747467989761,1.23444635473521,110.859926785139,354.539843666854,462.083381201562,525.294996578433,601.217799682832,788.284450064636,8065.00668558264,1.00027284264981
"N[16,7]",111.81505046336,5.65104540710626,255.433357695943,10.9671450422975,39.9323918721768,69.1949672678328,122.896125394791,445.453856690366,2043.13766781202,1.00107077336872
"N[16,8]",576.763799453036,1.51065687192648,108.611526348712,402.703665871854,499.862497651426,565.02715265581,639.108320772287,825.632575654375,5169.16235382196,0.999911416670226
"N[16,9]",786.722544173442,2.62907561919408,173.081211441173,494.68055339551,665.591028612654,770.091197279841,890.456782045955,1168.37114400612,4334.04780238921,0.999912791405631
"N[16,10]",382.901171683414,1.144467178354,79.6426976784258,243.357833598129,328.089620481114,376.023751331186,429.689677327432,558.993285964635,4842.67406300553,1.00038776543324
"N[16,11]",268.292877457289,0.929328636451076,81.1714372207766,141.784992071498,210.799229249698,258.55049193334,314.196834152308,455.8013774748,7629.00380981381,1.0008076023113
"N[16,12]",19.5482180084351,0.0488306052615213,3.76477184294806,13.0119358664104,16.9270158500764,19.2815288411954,21.8421853157701,27.7200293622899,5944.19582758842,1.00103357773848
"N[16,13]",1157.15208993785,4.79095869982728,228.413435846051,758.50172352941,994.9966334261,1143.55821606132,1299.86618378936,1659.87641911031,2272.99478380441,1.00202588042959
"N[16,14]",538.118802239613,1.72185449756134,111.893421788301,344.195557940964,459.400467733918,529.420045040639,606.724256911453,781.469800715587,4222.95264655099,1.00091970983169
"N[16,15]",738.162804780654,1.73154649196125,153.293252747653,480.034486075758,631.874344609239,722.980576268377,829.796797247677,1084.52818549285,7837.50382259753,0.99994681206833
"N[17,1]",579.964150477164,1.53754345333585,118.445103796534,382.869519417629,497.929025261033,568.120430785926,647.377406458116,851.592545861524,5934.43570308943,1.00008851558109
"N[17,2]",670.336460595929,1.5735833869435,118.23394778151,470.881268898027,587.987250558187,659.396014670125,738.93637975203,938.450603949387,5645.53179575948,0.999877017277966
"N[17,3]",373.48480903853,7.20026314166343,449.904133958046,40.0217654164782,148.486128726491,254.900447594245,442.097748363429,1396.73220989539,3904.30044658467,1.00113270179214
"N[17,4]",480.082584078646,1.65910321648018,86.3408588568012,339.372778334512,419.785224133871,470.704648405212,528.847514842385,676.016114744514,2708.2323297561,1.00188971385089
"N[17,5]",860.677568153969,1.89728624087309,164.622537464759,583.119524879501,747.238883657814,847.594707722445,956.120069959994,1229.11281454786,7528.57651565137,0.999924918213435
"N[17,6]",550.198397681864,1.19641374096335,104.357799567302,369.701044350247,480.262140423933,541.069935846433,611.082481201152,782.011643669171,7608.28971735358,0.999837055793674
"N[17,7]",109.05382915504,5.91433857687378,251.709064838782,13.3129074969267,43.662268543441,71.993556725425,122.607265207579,400.676458568106,1811.27897761409,1.00154194849691
"N[17,8]",615.464448513081,1.53688993494807,115.750768296672,419.313277585708,535.898956639377,603.812893741554,682.979335714736,878.464072521399,5672.33970298293,0.999966271102683
"N[17,9]",803.68986710375,2.06348548716131,178.258129310528,509.077845826396,678.318799228134,784.799757888475,905.64411784233,1212.06947600976,7462.69773747181,1.0004783986664
"N[17,10]",302.110108928119,0.732341132237825,64.2415825137477,193.533926852566,257.954501390425,296.195257925016,338.6090676203,445.176557027177,7694.9465434453,0.999642120190701
"N[17,11]",63.3229199744251,0.739010097513079,25.9478257757835,29.3752006938044,44.9661264433702,58.0746655236981,76.1649191103606,127.262761177589,1232.82434394746,1.00514335076498
"N[17,12]",9.94704852963404,0.0398944624759681,2.09507827120168,6.60902574654854,8.47641660208719,9.67653557817994,11.1337856247801,14.835467575457,2757.87939108491,1.0018682424649
"N[17,13]",624.415779488578,1.75465550908085,125.525768632372,420.719470585924,537.019222800438,611.278803425362,697.045885376246,910.606655059875,5117.78515450249,1.0009348862747
"N[17,14]",444.929474437654,1.31699197126306,96.7780723399918,286.082499197078,377.410208375642,432.89317434669,499.624136650602,666.062649239487,5399.92440507873,1.00086636052702
"N[17,15]",395.362727270525,2.25299981300568,95.9970036105124,247.524592141414,327.450614121591,381.124758052624,447.584199629294,622.464655905127,1815.48658245467,1.00219257513808
"N[18,1]",821.782991892843,2.40356993130842,161.224149096166,543.225270936169,708.748534423867,806.836783598028,921.578028704444,1175.47920992346,4499.317723202,1.00100135872162
"N[18,2]",856.128442775373,1.56460783552466,144.3457099363,606.837177293943,756.056486750472,845.098499454069,940.628158933983,1174.80777414001,8511.31688394907,1.00019028862613
"N[18,3]",386.266100618558,7.40705917586484,454.114924128914,41.1819110644831,149.799833914222,266.723214151595,455.981263126802,1480.37176902488,3758.71953563275,1.00090532099132
"N[18,4]",736.457698827196,1.31555355697323,120.800591571643,525.060159645062,654.648517968206,728.327287799305,808.50678060731,1002.31511531321,8431.81473899749,0.999707024253308
"N[18,5]",1127.23917639529,2.64187360088968,207.550476966249,768.929870605312,981.428419643948,1111.83823907041,1251.83012518239,1588.81591316405,6171.96424058205,1.00061476245781
"N[18,6]",698.257488147608,1.45977844537332,127.08053301249,470.504391725171,612.846918704452,691.438577013999,772.841670952808,982.374961049609,7578.51582851005,0.999852799256978
"N[18,7]",110.686711156649,3.76780537897412,185.334791503985,13.5684411136877,43.387910612067,74.776619163194,126.478812442411,419.927345434026,2419.56327509439,1.00084626955624
"N[18,8]",1195.56057675086,4.95323365995183,233.759118907311,772.165236878333,1031.31175024455,1184.75314425799,1344.47844912106,1692.64600259975,2227.20140658027,1.00375142779041
"N[18,9]",1284.87770340728,3.56521805756117,284.77312318847,804.976490974594,1086.19118399034,1252.80046083409,1453.23987878544,1919.23835251482,6380.0752573441,1.00066071888983
"N[18,10]",358.026016880316,0.834927395110148,74.3673007134896,235.020737043495,305.468099177908,350.282364597399,401.435954230799,524.167084706314,7933.53266985954,0.999704975743048
"N[18,11]",130.211342457042,0.416566135783739,39.2617507720373,70.0669057674851,102.775342841201,124.499009962378,151.742085212767,223.8506940891,8883.2400991651,0.999988004454002
"N[18,12]",13.2359648103178,0.0273440596679045,2.53490526963398,8.82255016865133,11.4831211926367,13.0348724518016,14.7239199982901,18.8130366860506,8594.04220846015,0.999834593623256
"N[18,13]",766.046545512012,1.55679859294481,144.714260746166,518.639818104597,667.771903553101,752.289195675162,849.341831728057,1091.9609634676,8640.87654003656,0.999805024461322
"N[18,14]",653.28168829254,1.55053860409714,137.607808567699,428.650634801104,557.762769246879,637.539094307373,730.72983452849,961.295082235662,7876.27716502468,1.00007217250488
"N[18,15]",621.147569391336,1.48813566887461,127.240197505381,409.571283374864,533.092548844332,607.978422362705,696.862476771126,914.048277305523,7310.77833949275,0.999840473888876
"N[19,1]",767.576495677099,2.39625927557927,152.834879136473,503.513655076397,660.878184088406,754.090030138133,862.586626626371,1104.73918625807,4067.96625572303,1.00098836989431
"N[19,2]",843.8388951187,1.586785163582,142.135172785741,593.238159578907,749.193140224105,832.067168743437,927.365219739882,1148.96944219522,8023.55550358747,0.999858900947135
"N[19,3]",384.383739010393,6.54950912666511,405.12159281536,47.6648498913688,161.78739214568,274.810461989389,457.384505589012,1376.04392140761,3826.07324469207,1.0004119349976
"N[19,4]",837.189336326725,2.16652143498264,140.591658401076,583.413110767549,742.337172878943,828.267416427046,923.090606884117,1141.46290672818,4211.07646380178,1.00097718105356
"N[19,5]",1042.01335313267,2.22633704072768,189.173066527932,704.409159019044,913.881923576695,1030.21078775168,1154.18496554244,1450.49077832969,7219.99312247231,1.00097741897328
"N[19,6]",636.815435477584,1.53947606794601,117.367479876611,425.469864375273,558.437749000715,629.92923848058,704.639330159079,890.964393501183,5812.32212161779,1.00037833839063
"N[19,7]",108.506407159635,2.84777959572952,155.229724560395,14.7787587350836,46.693517319836,76.7647244645782,125.853453010428,388.969792832163,2971.23516094734,1.00071337605453
"N[19,8]",1026.92786215387,2.94463198395152,188.861105549269,686.6435614092,896.898422060815,1015.22847610371,1142.77552396088,1433.82001993091,4113.60896004526,1.00015524748422
"N[19,9]",1225.13487897051,4.18373239509584,272.967119314481,768.777151246288,1034.18476458272,1198.65112408694,1390.61980789507,1823.46698076119,4256.89440502513,1.00209732051688
"N[19,10]",328.047042668242,0.727810378402018,67.2553922797927,211.500238753715,280.933428878429,322.967917736146,368.736284248738,476.296670612685,8539.21074263208,1.00027580833252
"N[19,11]",144.812004443295,0.520647120894017,44.3990051839409,78.914594445368,113.750860104544,137.879276478293,168.463369011873,249.880828195475,7272.09487611836,0.999884294219438
"N[19,12]",12.3750511514176,0.0257007484496234,2.32340075727869,8.4319261510293,10.7830741693957,12.1968231332094,13.7493969002492,17.6792924691457,8172.53353486242,0.999823767014294
"N[19,13]",697.551018981388,1.79222042884394,133.864948124537,474.874976563386,604.346659875619,683.664494465482,774.908003986116,1007.53039470299,5578.92985939823,1.00159784883672
"N[19,14]",660.992410034039,1.48373951330512,134.825214118613,431.102061637551,566.72971497405,650.297529290476,741.629398245351,956.891974244994,8257.08798566803,1.00055143326535
"N[19,15]",861.340819365076,2.47571938087249,181.573751261444,551.019784004148,734.294965543022,849.039880633374,969.994150166548,1257.76747087722,5379.02173492256,1.00120324627962
"N[20,1]",400.490195088758,1.58044386453311,82.3482080920166,267.042267131175,341.184663665846,390.465441173859,450.951697534569,586.551426328784,2714.87699176816,1.00249504980535
"N[20,2]",707.985614641211,1.53199712320331,119.084304225126,501.205281081041,625.284463191385,698.353215802809,779.370297152238,970.9136603167,6042.17288425507,1.00074547037085
"N[20,3]",370.803262287431,5.09333278722446,338.899176139888,58.9620430203052,177.837989866273,281.377425428969,447.36629916346,1237.64564258339,4427.27929417194,0.999637695844805
"N[20,4]",607.399994221486,1.43364845100597,100.407664187056,427.382593046323,538.875426549597,603.1137304173,668.449427392042,822.669645466101,4905.10590462343,1.00169896251358
"N[20,5]",654.339982884099,1.34087124664587,120.854450130947,448.869550970207,570.370352062381,642.740017075308,724.331083058494,924.69101033079,8123.64875773384,0.999995357188756
"N[20,6]",345.537291924057,1.10116931682961,66.0051989158003,237.470385609547,299.705320090368,338.438751979476,382.418202675604,496.647923498166,3592.92444945813,1.00195704547144
"N[20,7]",105.628019932461,2.48818351067441,142.993876714611,18.0347120159402,50.3705787996898,78.7842455452453,123.842525943162,352.674516262224,3302.70714260342,1.00059103303254
"N[20,8]",468.117009112375,1.85954459105037,92.7792947888725,321.638192561641,400.708343132996,456.148899618166,521.560411514013,677.435707753012,2489.36706988979,1.00206400568386
"N[20,9]",495.059323620277,1.76599017972217,113.071236782506,312.913045496696,415.239221799099,481.243726832517,559.397543578446,760.672396389705,4099.47003810355,1.00172296216515
"N[20,10]",187.056901433831,0.605322108339684,40.3047678269205,122.074490927904,158.85454835363,181.974798583248,209.677761980854,280.528533374819,4433.42918034815,1.0007184219725
"N[20,11]",227.821106537343,0.712008169987427,68.5363517545366,122.944382054439,180.315024829495,217.693994950793,264.339430980838,389.225316487027,9265.56723231475,0.999804499406572
"N[20,12]",10.9746498051113,0.0279072386433827,2.08336437231656,7.55212169892599,9.5199028548484,10.7588876496734,12.1801938457263,15.7195175774671,5573.09868888222,1.00092609841486
"N[20,13]",623.07160214208,1.30865947640018,118.590187901704,424.538508922835,540.593523543874,611.384627115817,691.103238529975,891.690851686221,8211.91046579475,1.00017618035798
"N[20,14]",506.342971360419,1.38222607878528,106.793490865442,326.274233248748,432.621602158059,497.160641463987,568.228268998429,743.871445304972,5969.40988790611,1.00026676592759
"N[20,15]",805.320785007228,3.39107862653278,178.981894866164,499.124736539854,681.619644339322,789.874916271363,916.167132301322,1195.72506898159,2785.75221222112,1.00215893347306
"N[21,1]",445.876795357294,1.01421558914939,84.9944638087639,297.28771777732,388.24330708584,437.981444695957,496.597296201793,635.129135390148,7022.96838933096,1.00046353032755
"N[21,2]",607.636328530393,1.19763180790095,102.752794778609,427.009246721974,539.422434393922,599.269245205226,666.457476196673,839.324785991154,7361.06482559127,0.999775335719741
"N[21,3]",363.083227676499,4.34947042106467,301.127579567098,67.9396508277397,187.553435530112,289.153134171169,444.854671139241,1113.88028205702,4793.2303796051,0.999859843980572
"N[21,4]",374.418766538639,1.19008503222979,64.4881771150521,269.491408471976,329.065115458635,367.702518862591,412.050577411707,520.499357273075,2936.32562847273,1.00058060559751
"N[21,5]",570.059691816328,1.27393582480335,105.146158610796,392.169274035725,497.344418371367,559.960896203234,631.931521456576,803.038113755855,6812.26792442822,1.00016743680186
"N[21,6]",360.21412723496,0.762013725339338,66.4322698519442,245.466629765207,315.655956141356,354.873756476186,399.282787203144,509.025758727451,7600.33255647724,0.999670469332953
"N[21,7]",103.584581521243,1.65865467859283,100.08283333161,21.3771121120949,54.5868281726202,82.169825998217,124.309119413932,318.762033254238,3640.88722637081,1.00006228867847
"N[21,8]",554.870219075873,1.72911547997083,102.253836926321,373.949521294557,483.688903979465,549.109318703349,619.261460609319,773.205138277462,3497.1255874492,1.00260080571918
"N[21,9]",515.069663007094,1.43765096568556,111.39382693599,328.633188115185,436.787286864466,504.553931397509,582.634470192542,762.464324005387,6003.64947626994,1.00033056287302
"N[21,10]",184.908871773105,0.452456549516835,38.6037557128735,121.437656661098,157.648900905069,180.943383586486,207.31841462203,272.160229717403,7279.56383948272,1.00000693436816
"N[21,11]",318.01709183132,1.31387883122017,96.3721609801922,165.522549034483,250.375338867025,306.798999612845,370.790818885759,538.602966511491,5380.1274503956,1.00005943802663
"N[21,12]",14.9864855591889,0.0552986303750231,2.93539646053914,9.83678053556399,12.9228896847991,14.7984521173156,16.8246322201131,21.2790685774791,2817.76507944053,1.00242173374733
"N[21,13]",706.432916577431,2.58957607770082,139.017773345341,463.25327060672,609.080407812637,697.461331587505,790.727849216885,1017.59119928278,2881.92920003831,1.00247151883652
"N[21,14]",405.124304291518,0.91980442102915,84.1215026913434,259.910937729449,345.56546394551,398.117300871473,457.114232504248,586.163699635285,8364.17399710362,0.999751955563935
"N[21,15]",380.928657256337,2.35229182810165,92.7322726607572,240.100906364482,314.313315388579,368.081591366872,432.943827922374,592.119952335411,1554.10159918041,1.00519284180198
"N[22,1]",371.554726312066,0.924205989197929,73.5946892330571,250.252165383214,320.226370464831,364.358831079272,413.884627878723,536.116745065272,6340.96555927576,0.999612972749614
"N[22,2]",402.354590788702,1.07389285329403,71.5606928682498,282.725728905853,354.254270156404,394.326241083195,442.454469279645,567.796975347419,4440.45189306227,1.00081208627228
"N[22,3]",372.151222710531,4.83191792444065,305.295608138622,71.0367665584654,194.281563443499,297.767147091514,457.664596134231,1117.83848910662,3992.10555684922,0.99979424471383
"N[22,4]",371.51337129354,0.869990997846444,62.6066520966611,259.590123159772,328.967924341663,368.157415821491,409.389084475761,508.09480970309,5178.58898459682,1.00083939047865
"N[22,5]",278.036516117818,1.57957543064854,61.5196135097923,184.13415628611,233.886596566574,268.842345190908,313.451839234128,420.851223449075,1516.8633457044,1.00426679071719
"N[22,6]",251.726068898299,0.59878239665353,48.3864755452128,172.055855696531,218.321795721698,246.875765456396,279.181904899405,363.921923710219,6529.95111960951,0.999785176087809
"N[22,7]",106.27190121939,1.49583175121708,94.5411285666074,21.6868753793482,55.8719665042212,85.3338578102493,128.466222206598,310.984983910908,3994.62549574085,1.00021212631154
"N[22,8]",260.968954533935,1.05357726253834,52.2093152071443,178.478644730943,224.575868184789,254.460969079294,289.610034487659,380.700461530296,2455.63160846853,1.0030402769032
"N[22,9]",282.04527203744,0.798311422724395,63.6941651432902,177.155497048523,237.795043460511,275.257402555235,317.268448292854,428.519466984534,6365.82377979794,1.00058617686787
"N[22,10]",176.791725455785,0.438600519464853,38.1889905314192,113.132908744422,149.96381513289,173.386959328382,199.509436061775,260.449773148409,7581.20209229021,1.00048516106726
"N[22,11]",180.749543574196,0.999548146073055,59.7465679796025,94.5901744324538,139.214243984465,170.808234525234,211.548804179776,326.853610902827,3572.88049602448,1.00263499464888
"N[22,12]",9.85406256889003,0.0200993442011222,1.91166951528468,6.60986116183272,8.58078548890587,9.65144572753672,10.947137955204,14.0940291452293,9046.10978790099,0.999925275741732
"N[22,13]",456.162694692113,0.980170687468488,89.0370178441168,305.376725051194,394.179555636108,447.143349934657,508.07106026075,649.539942188649,8251.5928331177,0.999928551961299
"N[22,14]",191.013966949506,1.0025783732287,45.2967666395822,120.578364783663,159.078260115405,184.045862512548,216.1199458048,299.507794263562,2041.25725160436,1.00348069647855
"N[22,15]",454.357621170303,1.04225370788641,95.867350998012,293.926426912038,387.443372429594,446.431069690873,508.371254236658,671.357704437688,8460.47130057276,0.999781505084286
"N[23,1]",366.298953638387,1.03637204686465,71.3710565359653,246.787813982908,316.639235550302,359.229277216553,407.377407470978,526.298944191728,4742.56039751125,1.00117831353284
"N[23,2]",404.922848369932,1.07507671830679,74.3592809558016,284.061795837889,352.742454764605,395.940272526347,447.884543310528,576.724663075767,4784.00306482188,1.00102280167669
"N[23,3]",373.187096307313,4.62809863611798,290.994084049302,81.2048538873518,197.733129130615,299.903105398575,459.121894075877,1081.72368503973,3953.3303547952,1.00024097100197
"N[23,4]",305.246479340116,0.540883377621959,49.184888490621,218.312516133922,271.823402047202,301.949625979507,333.898568406028,415.389145917592,8269.0594129672,0.999802291954041
"N[23,5]",396.887393051258,0.859271073140877,72.8165248471497,271.441526883484,346.327027809574,391.651163890847,440.325050255006,559.468516674507,7181.24119316645,0.999830364454894
"N[23,6]",248.24372201808,0.539700708969104,45.4165975035013,169.059891825626,217.02161250846,245.296634054172,275.366441295313,348.298622361085,7081.46662370906,0.999954903364096
"N[23,7]",107.767997193207,1.25750257191051,84.7153469674366,23.7550565951514,58.1659096155327,87.9990014574944,131.273745183532,300.737353656333,4538.43817764852,1.0002766349659
"N[23,8]",318.222688372123,0.624468241503973,58.3338376468579,218.622958806166,278.531891091449,312.325237270445,350.646000016752,448.750731526698,8726.10399250923,1.00010817813165
"N[23,9]",241.73916292927,1.07158859945441,57.8633730983755,152.645209146301,200.856690217012,234.165111947873,272.799403878606,377.164200898501,2915.75698512667,1.00354443285878
"N[23,10]",149.911312383921,0.465571587891425,31.6545811814297,96.198472299749,127.969493053494,147.163151670819,168.743363386954,220.691976370237,4622.74785169554,1.00218271437687
"N[23,11]",350.63403290699,1.82008442651634,108.016533678242,180.857163464002,273.219832061619,337.278790747918,414.135756232475,592.044118707269,3522.06531457331,1.00153965117923
"N[23,12]",8.78300541348557,0.018120897764738,1.66115400789767,5.93929967304664,7.65115072727715,8.62429420103042,9.73725217717057,12.5726920396064,8403.50332846688,1.00054591666255
"N[23,13]",380.641533047725,0.783754505511669,71.7528758049226,256.425919248032,330.459460036242,375.245547934062,424.232796827656,537.740976502452,8381.43773571043,1.00007787861529
"N[23,14]",251.670327600547,0.58952167433917,51.470362483391,164.294038618724,216.301902305473,246.075880561169,281.238388193556,366.725340765685,7622.80657057396,0.999892697219094
"N[23,15]",427.43174489035,1.00810729236858,89.6616711111197,277.371923943937,365.76042852843,418.113728974233,479.469508983423,628.821371523828,7910.43097478404,1.00054275612992
"N[24,1]",490.529354938044,1.50686030029696,102.504451675803,315.798680075701,418.841932918485,482.791936625801,553.177011890966,716.95220411522,4627.42588267072,1.00060592711298
"N[24,2]",434.839800322375,2.83539849650232,149.525710388775,215.846268841383,330.615794645111,410.166911509938,511.130342429735,786.621237889557,2781.01633191799,1.00055286059843
"N[24,3]",405.713296543674,5.79084216146388,320.467740578406,83.1689830945645,210.239676399698,325.993131323858,493.96076029969,1224.20613073659,3062.56405842426,1.00031924864342
"N[24,4]",242.460636899762,0.501970454271538,42.4728623042049,169.567113691908,213.686264514835,238.968304510535,266.715127982585,338.432918883146,7159.23714321372,0.999773773329647
"N[24,5]",350.594236812769,1.28696916582153,72.2117408455917,234.188493176506,300.398510375368,341.954792699741,391.228189595645,513.533569673627,3148.3234632489,1.00147904361606
"N[24,6]",167.203968543612,0.980953076257644,37.9965642197297,108.813082516973,140.589877737116,161.421725803908,186.853396007537,256.486128758496,1500.3486403456,1.00329726369638
"N[24,7]",112.933345462682,1.27596291662679,87.1595842960624,23.7262030343849,60.6363866437105,91.8968080538592,138.310818793788,322.439319406308,4666.10164566155,1.00084808114409
"N[24,8]",381.107213479721,0.842063807437098,74.7029669556339,255.461639011471,330.289815249811,373.948912318873,424.55409137446,547.384906602235,7870.19873154262,0.999952225022146
"N[24,9]",471.931055730362,2.38854409644712,118.220489393117,273.375259428314,386.725752313148,460.041102729167,543.799336910113,734.753529422118,2449.734275841,1.00178727050988
"N[24,10]",75.4250258761207,0.415689280163489,18.9970581088181,47.7152810336845,61.9818130437467,72.3675090468415,85.3895648032088,121.329484004784,2088.50275398966,1.00336132134808
"N[24,11]",241.709577566116,0.920051088622434,78.8008762958893,122.663814073131,187.577658571622,230.102326934721,282.135408737025,422.523475783633,7335.6433280896,1.00026063757087
"N[24,12]",5.41767234009628,0.0325549953747354,1.27318450036226,3.49196480526625,4.50318784086823,5.21799787118953,6.15481203289538,8.43742588520025,1529.49270479133,1.00488306792312
"N[24,13]",217.444244391792,1.32458792308601,52.3404164250255,137.667172595967,179.976296836632,209.975079837239,246.310124028139,341.146568124462,1561.39493094542,1.00414058984058
"N[24,14]",399.714764209083,1.26895476958654,90.6310542158828,245.468617052207,336.645611941569,392.058462652112,453.151206456244,595.294897811034,5101.07581764,1.0008183611529
"N[24,15]",441.907427718425,1.4286971281852,98.8530388253521,276.747047367592,372.85795008706,432.523409706994,498.736459917034,662.609586420303,4787.39988854448,1.00023239471103
"N[25,1]",329.230262247297,1.62300129512221,73.1773521816971,213.309852182798,278.616275771796,319.716276287074,369.569146063863,498.48995371725,2032.89828481598,1.00350749931411
"N[25,2]",714.372581140794,2.68437413346661,140.517727850951,461.925804117035,619.333397351576,704.803075985304,802.307246377752,1016.54627043246,2740.16141603997,1.00266999396549
"N[25,3]",374.2324723645,4.26736555783009,246.166382239264,101.377008504611,218.416674399302,317.086599426499,456.030701110627,982.704348421733,3327.65114701559,1.00098155800925
"N[25,4]",199.639608797681,1.05965194688906,40.3186742091537,136.799775617634,171.248674277079,194.047244283572,222.743235361823,294.373212338704,1447.72476952467,1.00487952314874
"N[25,5]",666.713495723797,2.78900997819681,134.880942522954,429.39936475771,573.755741645305,658.377953916476,750.055392015514,951.868539801701,2338.84288278419,1.00208797234873
"N[25,6]",304.633189462529,0.627562224439066,58.2635363842373,203.407283513211,264.734599013363,300.498177872754,339.163399939772,436.678058969431,8619.46072102413,1.00004049309335
"N[25,7]",109.50062330241,0.946441255978415,69.2494823096766,28.8307830125788,65.6247577748779,94.880084350752,133.559113025046,282.814188378101,5353.59773757257,1.00017817681543
"N[25,8]",534.180893660501,1.17297412656265,105.520298100553,351.881672695921,460.930859527993,526.621718870379,597.997555725488,765.41802884142,8092.73191220367,1.0002662172727
"N[25,9]",330.64671662565,0.916043456182721,76.2419650033815,209.500270729574,277.192626450862,321.40651716235,372.910543363591,507.215161306073,6927.17259673183,1.0015748354423
"N[25,10]",122.955310256826,0.277669486872829,26.8374855488183,78.5626457171838,104.356159376294,120.29657162793,138.263678457441,183.875892411663,9341.73044858891,0.999792031170051
"N[25,11]",511.292283447964,2.29993882627029,160.951038000152,257.334598332776,398.855862822767,490.65199408893,603.853361564449,880.18479813028,4897.28066269339,1.00102904994265
"N[25,12]",11.4092814755792,0.0255036641847729,2.23129278870837,7.59061152588473,9.8599176088836,11.2107311467852,12.7674427242292,16.2786941072795,7654.34373357219,1.00050237313042
"N[25,13]",429.267749320856,1.07209721715942,89.4662314137242,277.410326947187,367.323723075687,421.054133375792,483.435724949933,626.758094072959,6963.85869929429,1.00033965903366
"N[25,14]",346.016575020081,0.837488760792399,74.4342921836508,223.092463810413,293.631727380749,338.892489775573,389.235290219978,512.027945026971,7899.29168917929,1.00004481353852
"N[25,15]",313.134414071504,2.2398663370287,81.1281428137056,192.456230719553,255.58967911702,300.207202911078,356.676039905001,510.465898579137,1311.89435358877,1.0036212664238
"N[26,1]",492.993666446783,1.07234104798065,94.6918076724402,333.182914787012,427.115610220874,484.104010975836,550.726661360878,703.065820014811,7797.56409841131,0.999857945951175
"N[26,2]",704.538250934128,3.08529735149996,217.603507180617,371.863722809434,555.232891069734,673.526773318727,816.541995503607,1216.75020746455,4974.36591375206,1.00009773022409
"N[26,3]",361.845822991851,2.31051682927659,158.405009519883,148.293925876147,258.190087784197,332.459715256446,427.502133271161,758.16155418779,4700.23477708465,1.00059144225221
"N[26,4]",391.351844829035,1.00025622881788,63.814388084713,276.166353474976,347.814044571222,388.832946999783,429.982961828814,526.200631221266,4070.19005943038,1.00100977367568
"N[26,5]",595.682251080644,1.18525320173,109.96347371664,411.032250680398,521.225345953604,584.728022251767,658.631785369043,838.772021110262,8607.45234579346,0.999943867368441
"N[26,6]",376.585462130648,0.797838833651818,75.3023127428556,245.331300847938,325.596376036996,370.439132950678,419.382647664389,541.938436466471,8908.1246885361,0.999686974821889
"N[26,7]",103.873354414403,0.636942389218941,45.2391183798851,41.1453680095458,73.7383107772392,96.3056009659523,124.211439727966,214.443665643653,5044.61422689594,0.999800802273701
"N[26,8]",612.456541697424,2.2610450576075,181.698621208707,340.786781667426,486.82948110219,585.497927665264,707.536142612171,1035.66358518473,6457.80355263983,1.00029849280118
"N[26,9]",400.518926261844,1.10549584204276,89.444252497511,257.855742637506,336.952360430204,389.111642524569,450.766409039003,605.542924944262,6546.22081871146,1.00064105794768
"N[26,10]",136.215972302088,0.438464379032013,30.0805854029004,88.3268918679268,114.604666678308,132.720779851121,153.282237493767,205.50409163407,4706.5636236423,1.00116649586726
"N[26,11]",352.556101644445,1.18282226709091,107.109869684641,188.923163350837,277.246572002748,336.892890986248,409.635651216886,603.575072979674,8200.11604617284,1.00015949108032
"N[26,12]",12.9776107472047,0.0260774151661963,2.45902663164174,8.80039886445906,11.2900485204523,12.7387083909199,14.3901768382065,18.3951297921582,8891.95757579517,0.999876453603147
"N[26,13]",521.31594310727,2.00957167778279,173.997189058653,258.790578027848,400.443664634363,493.428514766359,614.97255432901,933.914106208605,7496.82653289351,1.00031678756461
"N[26,14]",344.982584621703,0.790688864858557,70.5169028808555,228.162332426309,296.176427193109,337.562788774087,385.563138115362,504.596127490549,7953.81002916145,1.00044266315431
"N[26,15]",712.803046911088,2.96196484730087,159.238472397497,440.342248383048,602.015304905842,698.670575029238,808.66378188597,1051.39578904039,2890.25529403783,1.00164616647081
"N[27,1]",571.920150143358,1.33437320215228,112.638652223303,383.726125268757,492.548042892488,561.997228793619,637.571636623089,819.609081901771,7125.58077275535,0.999961730970431
"N[27,2]",748.702031059638,4.73148381102942,251.712324755877,376.742891075293,576.266831457504,708.460292338819,879.272441924968,1351.3215158468,2830.18121776647,1.00127647236659
"N[27,3]",341.519162628094,0.903461641876607,75.8663518276559,217.538507233696,291.948740486563,332.304846886972,381.264854535273,517.16375694924,7051.4586641648,1.00101085773062
"N[27,4]",424.647175039408,0.894993269123967,73.0230264635828,302.585130359744,374.255164454387,416.73545583694,466.992075889207,590.544805803795,6657.02393709141,1.000191337724
"N[27,5]",729.551252294253,1.86895565792095,138.273991471338,485.337493477952,633.412677300855,722.233830425467,815.691732809564,1025.24179894659,5473.72536806008,1.00011496023445
"N[27,6]",505.930316832951,3.21852932686063,210.605292650679,221.217501077329,364.849989599522,468.084834155769,598.848262300823,1028.96175207502,4281.77281740552,1.00145859843515
"N[27,7]",101.11200424511,0.257491844623741,22.0339393792788,64.4015136660022,86.759026674608,98.7169176266715,112.68980104703,151.999976747251,7322.46565860606,0.999668025577261
"N[27,8]",759.335329423744,1.69769708558416,146.430157610127,502.565121036417,659.59785175366,748.277532094669,847.727928307754,1081.78858058416,7439.44698833407,1.00019296190006
"N[27,9]",538.213326645675,1.39271304504574,118.090651168215,343.518770969632,456.138178004394,525.729593326805,607.472897349577,800.280232103932,7189.64997984601,0.999801115231987
"N[27,10]",249.145166637836,1.09681631925367,55.4983358061111,153.273300014655,209.791458782617,245.224492779789,282.838926387025,372.782851929596,2560.30741284114,1.00198675412493
"N[27,11]",346.569651228209,1.19439718509358,107.238539398394,179.456270996647,272.080297153278,332.373802032339,404.225589625712,597.217071972108,8061.28430380757,0.999658857067965
"N[27,12]",17.5463961326837,0.0426010891540295,3.70150574766608,11.2959863543162,14.9771518278706,17.1685120581535,19.7100431285068,25.8239958137767,7549.45239736588,1.00011288430477
"N[27,13]",627.972726115673,2.88053034303071,231.022834739447,293.904316608005,466.681214549801,589.092607788226,743.543978517136,1184.77611624408,6432.27951264987,1.00012327108142
"N[27,14]",255.258325594089,1.34023402276365,60.9266973916395,162.624893427559,212.476283729887,246.961046177119,287.159002188601,398.877304086132,2066.58844778872,1.00310793946986
"N[27,15]",662.331752454098,3.12412861313893,233.421301922754,321.716459412096,499.230575983037,626.33745380508,783.220898431037,1232.2942449642,5582.42844620768,1.00058362860634
"N[28,1]",747.186354854188,1.82884388962103,156.725225559803,486.285733250289,637.475968115421,731.044775339741,841.51650481229,1094.29042616224,7343.86248208708,1.00024363283988
"N[28,2]",588.261898724548,1.36916929968288,119.631394211234,387.702540656136,507.143631312452,577.698475842404,653.695728774968,864.597599260495,7634.41955303477,0.999990098021007
"N[28,3]",414.882042685167,1.01549191817126,90.4367243683443,263.825296774613,356.228748728455,406.610508132423,463.473413075485,617.290703275966,7931.15988011146,1.00024619503539
"N[28,4]",537.020725996322,1.24981183281965,94.2218423887194,367.010376797173,472.372601846762,534.284697250538,595.130742887947,738.982329304328,5683.4745538202,1.00032978403248
"N[28,5]",549.918608176875,1.87260436633938,116.688102253472,364.546566755209,468.50591050684,533.107334674494,616.584843661396,827.35364037522,3882.9436693774,1.00243142212209
"N[28,6]",492.26042655742,3.05326277475829,245.83857382635,183.292312028039,331.056667336363,443.893675043728,595.684997501232,1107.43568344539,6482.93533814899,0.999917388483145
"N[28,7]",108.571557688553,0.279191269398266,23.4563574172142,68.2991450244286,93.5012993513796,106.443685100695,121.310531002109,160.855876839448,7058.58216630033,1.00003471616577
"N[28,8]",695.396817457951,1.60579675112962,135.740761249926,470.807939855817,601.752630139954,680.11647215719,772.036704955817,1009.62706291337,7145.6116763173,1.00022845330429
"N[28,9]",668.259176970463,1.6502927990011,154.551303811178,412.487676947606,561.333725019535,653.163881121826,759.398373051081,1016.7758942482,8770.47948526866,0.999904712179003
"N[28,10]",171.938421244538,0.609119865742992,39.4993455312451,110.460113119913,144.429536563309,166.320030598532,193.302689922358,265.207801963031,4205.08009336791,1.00108088199347
"N[28,11]",235.190346875551,0.962521420893862,83.4674570299835,108.213942070728,178.49384415806,223.681881297008,278.540582547598,441.846560908019,7519.92583577692,0.999821558635526
"N[28,12]",16.2653329532156,0.0832831839970744,6.57564894968823,7.17041220932356,11.6126187188327,15.0635964594887,19.4971068995464,32.3189006381184,6233.93972467642,0.999738025576551
"N[28,13]",630.898740427553,1.66961322074587,147.183665248543,380.14717784963,529.706773288865,617.258710058468,718.052736892668,966.11402914472,7771.18910948015,1.00025613360743
"N[28,14]",404.141692331328,0.96021354165699,87.2851161507698,256.924576091824,343.597131276931,396.113186006297,454.936420729326,600.881541848868,8263.13285626805,0.999833706527194
"N[28,15]",764.469545717448,1.87469480358258,173.140480039084,477.537211974798,643.781231806483,746.549057124002,866.102479584326,1150.89921279814,8529.74569614721,1.00000206211687
"sigma_total[1]",0.462299012317218,0.00121257381266667,0.0587686569359563,0.357620878618542,0.421297222077867,0.458488346812573,0.499018819726257,0.590000148532586,2348.9575151787,1.00326420882746
"sigma_total[2]",0.416309516055725,0.00105006227864375,0.0565208885863761,0.316738542416546,0.376185918832852,0.413156502308851,0.452626097218705,0.534376565246066,2897.26250924159,1.00281036146948
"sigma_total[3]",0.453106805344681,0.00140858505581083,0.0981216311607427,0.278030091441553,0.388724795822705,0.447955898423947,0.509499902961985,0.66606446406516,4852.47565845212,1.00131256518638
"sigma_total[4]",0.418876728531556,0.000849409866633195,0.0512008440783979,0.329190438506897,0.382470858322736,0.415479269125989,0.451869285971623,0.528508813645216,3633.45376731004,1.0018097649681
"sigma_total[5]",0.449297359972116,0.000970033373656725,0.0611338082301287,0.341779040031794,0.406744743392213,0.445847108028505,0.486696382927486,0.582787413564379,3971.81990565987,1.00199123749756
"sigma_total[6]",0.446807104799443,0.000949005993570677,0.070696797226501,0.325662648763162,0.398896935055075,0.441858615771304,0.487629787609809,0.607511696767256,5549.59855338632,1.00048130061627
"sigma_total[7]",0.445353886582991,0.00131106171239094,0.102071726545779,0.255630051703197,0.378352598196721,0.442488092609355,0.507101815818549,0.661594876196266,6061.28426965006,1.00022483259937
"sigma_total[8]",0.460260675459796,0.000795279541040687,0.0551360397726242,0.361434968361806,0.421306623804657,0.456864045653021,0.495845432265139,0.57786972549165,4806.52845581103,1.00075456833697
"sigma_total[9]",0.531553046148205,0.00114459494754685,0.0624043825016567,0.426857538814381,0.487293467139005,0.525618058328841,0.569616821085036,0.668376294762352,2972.53194983149,1.00014688390745
"sigma_total[10]",0.505461473515776,0.00101435949752072,0.0609798968785292,0.401227010956191,0.462227956662589,0.499598133859514,0.543030337998554,0.640498883160622,3614.01184332491,1.00190886698367
"sigma_total[11]",0.721895595849165,0.00144662133919544,0.0928281507293107,0.570662561980846,0.655589717930079,0.712080062696474,0.777577398322438,0.925840560136999,4117.65222301448,1.00003095672095
"sigma_total[12]",0.468243876980771,0.000962045903682316,0.0573094144126986,0.368759232685713,0.427677164402271,0.46440758387579,0.503138499944239,0.589535937336604,3548.62699718167,1.00099062688945
"sigma_total[13]",0.460884816835689,0.000929550785544777,0.0594296713477168,0.358107697713143,0.419481945350074,0.4561559794461,0.496910065558113,0.593119957537395,4087.52491348917,1.00066921986756
"sigma_total[14]",0.508230525480642,0.00115517729594776,0.0606059888592725,0.406490719997606,0.466047155508856,0.503195613775602,0.543422565384068,0.641856453405699,2752.54098379716,1.00095936634382
"sigma_total[15]",0.510547216576842,0.00122674256776987,0.0639183995048922,0.404225768618074,0.466075753492313,0.504738577156004,0.548123609064737,0.652489447420609,2714.84420923301,1.00249394388534
"prop_proc[1]",0.676407247175719,0.00567004945583244,0.132669780314329,0.371466957359987,0.598751912646898,0.692815618413548,0.771067305220788,0.890487304675379,547.482606344667,1.01118716624361
"prop_proc[2]",0.71425983710126,0.00520206580410607,0.115346612425021,0.463740109753636,0.63975458454977,0.725121341663549,0.796239112154355,0.911531967482604,491.652221343641,1.0116818767649
"prop_proc[3]",0.703641416223263,0.00530597977963635,0.128117845190211,0.412476930293413,0.627272784180942,0.71731845274844,0.794957067188898,0.910889898392249,583.02619813764,1.01212033005799
"prop_proc[4]",0.737628475891707,0.00521077310984905,0.115309340508862,0.492925170844403,0.663773651845687,0.746504766137993,0.82169350315277,0.934013477883045,489.693850152163,1.01322149201437
"prop_proc[5]",0.708312893860057,0.00524143420257783,0.119749384566054,0.450467859825483,0.633141796178981,0.719279775589961,0.795429783360704,0.909263572977961,521.970914289831,1.01478928463835
"prop_proc[6]",0.713614520787944,0.00573959320545003,0.120548605145498,0.454030799292869,0.636163291637289,0.724405406712811,0.799958312205952,0.919078134791152,441.125489753324,1.01323995290738
"prop_proc[7]",0.705094067625053,0.00535669975286065,0.126146040685604,0.421559662139123,0.630730824094383,0.717500715126336,0.794366566806021,0.911935617638809,554.56523270197,1.01152528126312
"prop_proc[8]",0.723917112853353,0.00516637108717664,0.114469013695574,0.480049127116999,0.649535373769449,0.729933516325515,0.806766044327606,0.921183309194279,490.913174366048,1.0136134758055
"prop_proc[9]",0.698113341082412,0.00483885378341883,0.114584442033814,0.451711220074661,0.626048093767048,0.708245506083189,0.779524993008455,0.892258163841855,560.746162714493,1.01269148765418
"prop_proc[10]",0.707583035617871,0.00500003066215387,0.115375723627228,0.45880645304974,0.635695133815347,0.71741388182656,0.789469496519947,0.904217872082094,532.455773583894,1.0124976946384
"prop_proc[11]",0.705537744613781,0.00496419709307635,0.110143730952682,0.473933723416799,0.63377418362235,0.714173813452096,0.78477051378412,0.898804022000871,492.290590735665,1.01475894006103
"prop_proc[12]",0.717530785334082,0.00571151760697604,0.116686452500153,0.455946555423988,0.645240932116174,0.727726263423369,0.802113235525226,0.912474182906425,417.385957282601,1.01442034105673
"prop_proc[13]",0.707012421801833,0.00516615902466083,0.117523183921956,0.455091744641007,0.631281921810793,0.715734675803791,0.791255906816371,0.909614035697904,517.501432842552,1.01278477021964
"prop_proc[14]",0.708523011854842,0.00531498522595595,0.11983904199345,0.442724924351629,0.635058356522881,0.719141585463762,0.794624699838851,0.908923186167639,508.38477256114,1.01368036702659
"prop_proc[15]",0.702982147881071,0.00594022120797872,0.128057466466537,0.421462417744399,0.624261275371907,0.716161763480318,0.794350575874276,0.918506910840303,464.734137011138,1.01339252324334
"sigma_rn[1]",0.380118506552576,0.00256471681078872,0.0732064843011813,0.23792863832754,0.332790294237449,0.378830339209888,0.42841539014206,0.526161188489499,814.742299276186,1.00858687988486
"sigma_rn[2]",0.351681988116919,0.00206777062650126,0.0626982414508162,0.240309206308164,0.307319755917385,0.347974616934392,0.391662951920712,0.486860837085407,919.403169447231,1.00831426784393
"sigma_rn[3]",0.379099278811001,0.00230591103681917,0.0937837172541334,0.212324549153627,0.316431252642272,0.372951302534968,0.434678774877133,0.581693187166171,1654.13057525801,1.00567878633171
"sigma_rn[4]",0.359300950611342,0.00190739549206273,0.0574308880107026,0.257085446827456,0.31933307373237,0.356031957115471,0.396068200348227,0.480155379262622,906.587150351478,1.00827642335095
"sigma_rn[5]",0.377654454472748,0.00227522944107174,0.0672402744134066,0.257487671158811,0.330971308067082,0.373741609139927,0.419741326886169,0.521551924395483,873.3906871148,1.00888261402649
"sigma_rn[6]",0.3765581478151,0.00201171664112578,0.0715250979806962,0.252643446537618,0.326996099982338,0.371536371206278,0.41977261188851,0.534706253917243,1264.10545631239,1.00525087827726
"sigma_rn[7]",0.373084698134312,0.00226550943235526,0.0960483425957432,0.199337150779703,0.30750377717804,0.368491809216864,0.432046144038841,0.579246011624496,1797.41350650746,1.00329299789155
"sigma_rn[8]",0.391203730702798,0.00200788839424579,0.062692744650733,0.27649039053171,0.347213800365899,0.387730846328412,0.432258320511169,0.520300347356553,974.88957856281,1.00652572721116
"sigma_rn[9]",0.443921928568375,0.0023864534087394,0.0736051994650138,0.309747452786288,0.392249019611435,0.439732424868284,0.490376785966486,0.597806031755686,951.285918212879,1.00463566986604
"sigma_rn[10]",0.424854131631383,0.00229334686157885,0.0703142125997177,0.299086542029714,0.376764640807704,0.421014229082127,0.470073912373417,0.570962454444552,940.040889460209,1.00773019797096
"sigma_rn[11]",0.605603002431387,0.00290362747785907,0.099794753266819,0.43351113210594,0.536061878635854,0.596622508790873,0.668036935576917,0.82049585184355,1181.22769890686,1.00221954352751
"sigma_rn[12]",0.39631578775898,0.00225306210329052,0.0658469480004555,0.273952012906223,0.351936524401484,0.393321692051752,0.437571526235463,0.533753613287963,854.131964618087,1.00674052069297
"sigma_rn[13]",0.387109435986745,0.00214115754511566,0.0666144293950903,0.270016346070265,0.340954241087974,0.382469779441695,0.428219221227872,0.533497948746372,967.919807033551,1.00542169333258
"sigma_rn[14]",0.427464822646369,0.00249963681967923,0.0718790683978102,0.295753018332172,0.378142553375269,0.424820887700737,0.472224271552657,0.577875007019897,826.896308320321,1.00705654410192
"sigma_rn[15]",0.427847891477016,0.00294242803004301,0.0777189173582574,0.286563402329732,0.375192304180153,0.424909152129045,0.475740065936462,0.590398216609328,697.656726970875,1.00878104382478
"sigma_wn[1]",0.254578977941357,0.00188437524504583,0.0501493768620703,0.162020041364036,0.221380182759847,0.250915884178991,0.285623097059814,0.361501244084318,708.265848714457,1.00869260470093
"sigma_wn[2]",0.215941291122223,0.00176289275236499,0.047609536203792,0.126676397349736,0.183603443600417,0.214022986439582,0.24602503984865,0.315902388607123,729.350217668398,1.00658043144259
"sigma_wn[3]",0.239400693289043,0.00198520170638094,0.0714830431401798,0.116419773879317,0.190157330706345,0.23356869699664,0.281211270252137,0.399150239636776,1296.57243987318,1.00422801102911
"sigma_wn[4]",0.20759790456319,0.00203732458852115,0.0508652942587385,0.108896032406477,0.173670965597135,0.207461762971332,0.240325087436914,0.310022442529495,623.336659234385,1.00946715110386
"sigma_wn[5]",0.235649848972178,0.00200382981294899,0.0541380802687784,0.137041017102161,0.198489940973725,0.23293415092573,0.269625858612346,0.349517714774819,729.934743690387,1.01043005700363
"sigma_wn[6]",0.232511792939405,0.00234609451256443,0.0605102162073323,0.121661712999791,0.192166977756499,0.228478964784435,0.270265401461274,0.362452067246804,665.221691125243,1.00875168109494
"sigma_wn[7]",0.234903458535665,0.00197499949815401,0.0718478031635776,0.111351967408006,0.184238665159425,0.229522185154364,0.278535699231945,0.389418209641976,1323.40572159795,1.00504960593999
"sigma_wn[8]",0.234674929363714,0.00212529507362775,0.0532660923690343,0.130613691078284,0.199088843958015,0.234152157147591,0.268436303858344,0.342739809093276,628.149769354587,1.01129494028178
"sigma_wn[9]",0.284396277536202,0.00195857616451815,0.0554786108161272,0.181290850680998,0.246787904217785,0.281535448316547,0.317436529044951,0.401989533117136,802.36176633952,1.01179075651585
"sigma_wn[10]",0.265808794914715,0.00208160160565162,0.055775926546304,0.161968093919028,0.228294711183001,0.263247165659116,0.301907729721146,0.380035217911221,717.956874971765,1.00888985173119
"sigma_wn[11]",0.382537347080965,0.00344407785158824,0.0818688657781812,0.23073556139505,0.327026331217111,0.378140390463116,0.434066176643822,0.55716703825925,565.05617789672,1.01548519662684
"sigma_wn[12]",0.24147789198341,0.00234968268276945,0.053137417938377,0.141411143080016,0.206029296076319,0.240512133288667,0.274823454874795,0.352570994162144,511.425598766674,1.0123710748833
"sigma_wn[13]",0.242364381177433,0.00206499924102341,0.0539952494618899,0.141263267418342,0.2061839771325,0.239637152819304,0.276663536905544,0.355268215169964,683.709022762022,1.0101171823844
"sigma_wn[14]",0.266179864287451,0.00223006145001721,0.0568106311382334,0.160310747451982,0.228314963838895,0.264271708955096,0.301378886080705,0.382569732914981,648.971414300593,1.01209095198575
"sigma_wn[15]",0.268637359421711,0.00239047268020562,0.0590306939420795,0.156264805164998,0.230127708205407,0.267406291356952,0.305022874231111,0.38817392398799,609.801106331604,1.0115489748546
"Omega[1,1]",1,NA,0,1,1,1,1,1,NA,NA
"Omega[1,2]",-0.0882539723290896,0.0035537891055014,0.204800746912305,-0.476208517899079,-0.23180485649714,-0.0939279634523108,0.0543138968383616,0.320073052984481,3321.08330215466,1.00068919267873
"Omega[1,3]",0.0179210041417183,0.00238206895361842,0.236357682842015,-0.438472821559328,-0.148253752291729,0.0177850211586049,0.182110010665117,0.471778899033227,9845.34160939915,0.99955518692878
"Omega[1,4]",0.0757968796391836,0.00320172763689324,0.194146647255087,-0.301498745950283,-0.060859698859993,0.0806720078630807,0.211430310834383,0.451227967225187,3676.97790785124,1.0008101363546
"Omega[1,5]",-0.00432193140677524,0.00364886728054431,0.212366580719499,-0.408221373315832,-0.15492694098111,-0.00971086473917697,0.143011046712624,0.408462100321761,3387.3199104887,1.00173913804455
"Omega[1,6]",0.0818486187262783,0.00290834412129019,0.216049968926795,-0.33276878890815,-0.0681464991406891,0.0815020726844935,0.228536755252761,0.504425533199727,5518.446451028,1.00064084276171
"Omega[1,7]",0.00435531175424584,0.0022570914551649,0.23953202178585,-0.461570904514415,-0.162326991932368,0.000368129517175991,0.170117096315387,0.467341637831253,11262.3455228093,1.00008525253313
"Omega[1,8]",0.27216089725918,0.00275952277304022,0.191051935563973,-0.125255642162458,0.146584685346365,0.28067860247684,0.409993867631737,0.609237776183541,4793.3033968441,1.00055740983255
"Omega[1,9]",0.298637717476364,0.0028699089436139,0.191617487640289,-0.101999677441899,0.170448774636365,0.312067921181187,0.433210959367546,0.635157668750483,4457.93824556773,1.00163189636961
"Omega[1,10]",-0.00863644495072173,0.00294878359388104,0.196257654263043,-0.383763885063496,-0.144476037643131,-0.0137750994115959,0.122974842277868,0.383899919230449,4429.62951455221,1.00012567579339
"Omega[1,11]",-0.139336346335827,0.0025680367234831,0.178981416093936,-0.480768206702059,-0.264329166197143,-0.144117026685561,-0.0178757402643624,0.215109483081025,4857.50682939442,1.00066979566673
"Omega[1,12]",-0.0242703138177123,0.00296178903575047,0.201372473721114,-0.412646070218888,-0.162096257243916,-0.0263144842443795,0.115575737593808,0.367432096885346,4622.66017160536,1.00178392138936
"Omega[1,13]",-0.0208480522651688,0.00290406744195183,0.203612354474796,-0.417015376483756,-0.162308280378446,-0.0201427360712039,0.122305937435448,0.373034275156615,4915.80736656391,1.00022718152932
"Omega[1,14]",0.193420596668787,0.00287675464750893,0.197138295766393,-0.201925740448921,0.0615990010847336,0.202413695098489,0.332198681157916,0.559858176220413,4696.08932248731,1.00014538623167
"Omega[1,15]",0.0760488501710798,0.00301411075168453,0.202971478601111,-0.327538728289708,-0.0603914529102692,0.0785088481326418,0.214961080519337,0.472055682135874,4534.73192699521,1.00056238231454
"Omega[2,1]",-0.0882539723290896,0.0035537891055014,0.204800746912305,-0.476208517899079,-0.23180485649714,-0.0939279634523108,0.0543138968383616,0.320073052984481,3321.08330215466,1.00068919267873
"Omega[2,2]",1,1.08934101347119e-18,9.39821708306228e-17,1,1,1,1,1,7443.26076963294,0.999499874937461
"Omega[2,3]",-0.0224905128125402,0.00248331743352992,0.233153561005799,-0.46140871233512,-0.19089885442041,-0.0244802566239668,0.140228992112151,0.432431891706459,8814.94548958798,0.999947821201122
"Omega[2,4]",0.177823050130975,0.00328491077562709,0.18812775711717,-0.197650273789236,0.0509962434354116,0.182269996859928,0.311097617097433,0.532475794423071,3279.88487441277,1.00191807235547
"Omega[2,5]",0.244362292050232,0.00290068635874279,0.20177113047875,-0.161749508576506,0.111353239697785,0.253275674705783,0.385724653580496,0.618050596117082,4838.56421739993,0.999841740310756
"Omega[2,6]",0.140044638039486,0.00328039525333638,0.218380347595596,-0.290928772485474,-0.0130408087310325,0.143755400972217,0.296967319731914,0.548673081630127,4431.74492685814,0.999849241288362
"Omega[2,7]",-0.00302048309554764,0.0023156073494483,0.233687724065063,-0.453298788960385,-0.168341949899342,-0.000684109246717125,0.161896210495174,0.447304216607181,10184.5526872129,0.99986638759811
"Omega[2,8]",0.187938647110703,0.00265416502944653,0.184371935063883,-0.181874406080195,0.0608171534324864,0.192502087173454,0.319427404196917,0.527560245825507,4825.40513661172,1.00055067753652
"Omega[2,9]",0.0888824232338903,0.00292624394477415,0.195802704780959,-0.299164648841352,-0.0465328977926898,0.0918142021285267,0.227213855697173,0.453164865728967,4477.30126152747,1.00012424644365
"Omega[2,10]",0.218405346652976,0.00330094015871879,0.198170724209992,-0.189530346007223,0.0840895737152228,0.224685356272184,0.36222939479074,0.583915830245539,3604.15691305811,1.00072001368117
"Omega[2,11]",0.215137857129021,0.00248002367097574,0.168597527421803,-0.125810910147229,0.101971254482942,0.220280438274994,0.332961946518753,0.533083648805117,4621.58292780378,1.00048396545203
"Omega[2,12]",0.121464681219165,0.00368630131547542,0.200274297175823,-0.27509799217323,-0.0144498953088844,0.12414529618561,0.257464451633898,0.516502419394407,2951.67658543162,0.999924355090746
"Omega[2,13]",0.208404773085966,0.0036371666449028,0.209840918312675,-0.21490124296007,0.0650580475957121,0.213596720746939,0.357778926870793,0.599283688119133,3328.54135351017,1.00080987667
"Omega[2,14]",0.0496016600611989,0.00312249874544565,0.195667241666804,-0.33210703001555,-0.0881798845776355,0.0499824798932757,0.184527468699901,0.428443882956117,3926.73596760575,1.00069061692675
"Omega[2,15]",0.110359405688549,0.00344127972790576,0.201222040157987,-0.287822442040711,-0.0297876505794146,0.11234258809436,0.24944950242488,0.495809618794173,3419.09480884334,1.00177072249118
"Omega[3,1]",0.0179210041417183,0.00238206895361842,0.236357682842015,-0.438472821559328,-0.148253752291729,0.0177850211586049,0.182110010665117,0.471778899033227,9845.34160939915,0.99955518692878
"Omega[3,2]",-0.0224905128125402,0.00248331743352992,0.233153561005799,-0.46140871233512,-0.19089885442041,-0.0244802566239668,0.140228992112151,0.432431891706459,8814.94548958798,0.999947821201122
"Omega[3,3]",1,1.05461389650251e-18,9.17000047795881e-17,1,1,1,1,1,7560.52123058404,0.999499874937461
"Omega[3,4]",0.0129155349636227,0.00561779888377172,0.233775749498931,-0.436550089969218,-0.150057698807073,0.0156595350324292,0.17400014786207,0.465780655691041,1731.67561406452,1.00160227947776
"Omega[3,5]",-0.0211277865097991,0.00428741664585205,0.230519658322867,-0.466928543059768,-0.183368587917511,-0.0205091401743134,0.138682835959241,0.427292172489445,2890.84332508467,0.999954451318993
"Omega[3,6]",-0.00785799373183831,0.0041600246024447,0.235215582579634,-0.459575604507102,-0.174358495102962,-0.0112564106020067,0.157371765628054,0.450424913653951,3196.9833977631,1.00018951857729
"Omega[3,7]",0.00766916987400304,0.00265901841794034,0.23554220606239,-0.44635144717763,-0.156950092196259,0.00525168468018548,0.170908762917771,0.458072730226291,7846.83978794403,1.00001857352029
"Omega[3,8]",-0.0062853411111561,0.00480632962268588,0.239464507849057,-0.470471134097637,-0.172164960212805,-0.00735819747161759,0.159454425163585,0.460401457903737,2482.30535276785,1.00017329561005
"Omega[3,9]",0.0203286866529268,0.00496220197015551,0.238493065309806,-0.442500008406579,-0.149837300271723,0.0212751664622859,0.190547076333981,0.466098301158856,2309.95030809438,1.0022436639907
"Omega[3,10]",-0.031890577308135,0.00495352391840693,0.230055882094605,-0.471120576138311,-0.193208921697426,-0.0354556320823447,0.129585452669744,0.42213245349025,2156.94044967335,1.00104977440964
"Omega[3,11]",-0.0244419870818169,0.005200252604608,0.234062232985572,-0.476438061935951,-0.188048923855739,-0.0221773057048101,0.138085101361727,0.423576600200826,2025.88042214985,1.0024213288389
"Omega[3,12]",-0.0145774428440141,0.00487697536367606,0.238230408603918,-0.468266864678929,-0.180455517807605,-0.0170566972294822,0.150171314939678,0.453021844172827,2386.12542208754,1.00072231296734
"Omega[3,13]",-0.00659740894304058,0.00474431262240358,0.239902507662869,-0.471549258987798,-0.17246613704562,-0.00743882614627895,0.160065008749627,0.457038846379498,2556.95436863951,1.0007463934589
"Omega[3,14]",0.0334866073386241,0.00455949620933775,0.235017595504043,-0.420080087301647,-0.130164141322844,0.0347604927857121,0.195967695502383,0.489250335266461,2656.85002153616,1.00038476044461
"Omega[3,15]",0.00414566336050412,0.00497097548763292,0.235502822434767,-0.450194683208514,-0.15850168216475,0.000255533439773033,0.170745134481014,0.456013050309224,2244.44511415259,1.00213161972101
"Omega[4,1]",0.0757968796391836,0.00320172763689324,0.194146647255087,-0.301498745950283,-0.060859698859993,0.0806720078630807,0.211430310834383,0.451227967225187,3676.97790785124,1.0008101363546
"Omega[4,2]",0.177823050130975,0.00328491077562709,0.18812775711717,-0.197650273789236,0.0509962434354116,0.182269996859928,0.311097617097433,0.532475794423071,3279.88487441277,1.00191807235547
"Omega[4,3]",0.0129155349636227,0.00561779888377172,0.233775749498931,-0.436550089969218,-0.150057698807073,0.0156595350324292,0.17400014786207,0.465780655691041,1731.67561406452,1.00160227947776
"Omega[4,4]",1,1.15512605342772e-18,9.55835390579094e-17,1,1,1,1,1,6847.11235880705,0.999499874937461
"Omega[4,5]",0.0152704015852895,0.00335391397431949,0.195748033810069,-0.346957745350037,-0.124146327872819,0.00751423076801114,0.146952576442657,0.411833574272026,3406.36340843037,1.00109196123102
"Omega[4,6]",0.113793679425576,0.00271707069230035,0.200326916356005,-0.278405224995112,-0.0237960296221435,0.116323448439994,0.253533866647116,0.500237098725083,5435.9660533604,1.00061693991658
"Omega[4,7]",0.00361935896414872,0.00238622218453452,0.237191436189984,-0.456225917583144,-0.161411379583673,-9.36530451084369e-05,0.168834823040953,0.461085824087249,9880.43923343191,0.999750498795632
"Omega[4,8]",0.0531660213062043,0.00253010825022318,0.179482771598303,-0.299243826850319,-0.0676656542247991,0.05175125915334,0.172701166018942,0.409109277039472,5032.30933363752,1.00092376398912
"Omega[4,9]",0.189093062446457,0.00232443433650741,0.178639902865761,-0.169945387337843,0.0690199682838188,0.193803310076678,0.314177148224664,0.522803130541475,5906.39358097718,0.999855470531103
"Omega[4,10]",0.241326157215346,0.00294052831595695,0.183908795956647,-0.130605341461895,0.114122706143564,0.247244780557574,0.372152085094581,0.584293503579204,3911.59849671406,1.00107218615607
"Omega[4,11]",-0.02026026881345,0.00200897282380301,0.162651107493143,-0.337156908040003,-0.131021543542903,-0.0207460198063471,0.0912098751043242,0.295031263965034,6554.89781279198,0.999966886402213
"Omega[4,12]",0.0290917734839404,0.00279773304542632,0.180005834797664,-0.33527063953291,-0.0923897188366685,0.0313400637310747,0.150891221282907,0.373733556519999,4139.6213718774,0.999853181633837
"Omega[4,13]",0.216269504446467,0.00263781944343227,0.1853983541007,-0.158367762315721,0.0920672752844954,0.218892381921338,0.345557056160841,0.563861607135777,4939.93936663029,1.00000557634077
"Omega[4,14]",0.111105811048122,0.0025745568597755,0.182561406666154,-0.251590147139943,-0.0152324383222353,0.114413141509169,0.239981314892159,0.456156925993427,5028.20494988813,1.00041419278572
"Omega[4,15]",0.482211410033785,0.0044574867013954,0.178759076909244,0.0829545619511152,0.371871576240433,0.50384425199224,0.610348692824112,0.77332536630465,1608.2593848824,1.00765504700075
"Omega[5,1]",-0.00432193140677524,0.00364886728054431,0.212366580719499,-0.408221373315832,-0.15492694098111,-0.00971086473917697,0.143011046712624,0.408462100321761,3387.3199104887,1.00173913804455
"Omega[5,2]",0.244362292050232,0.00290068635874279,0.20177113047875,-0.161749508576506,0.111353239697785,0.253275674705783,0.385724653580496,0.618050596117082,4838.56421739993,0.999841740310756
"Omega[5,3]",-0.0211277865097991,0.00428741664585205,0.230519658322867,-0.466928543059768,-0.183368587917511,-0.0205091401743134,0.138682835959241,0.427292172489445,2890.84332508467,0.999954451318993
"Omega[5,4]",0.0152704015852895,0.00335391397431949,0.195748033810069,-0.346957745350037,-0.124146327872819,0.00751423076801114,0.146952576442657,0.411833574272026,3406.36340843037,1.00109196123102
"Omega[5,5]",1,1.15110574124795e-18,8.45664628168289e-17,1,1,1,1,1,5397.16743434755,0.999499874937461
"Omega[5,6]",0.239421031883173,0.00285487945580666,0.202219604357423,-0.181682970754601,0.103750007920665,0.250580839713875,0.383532951349386,0.599120864279193,5017.31030945181,1.00063546628566
"Omega[5,7]",-0.00321613526561703,0.00249014992832553,0.231725152412943,-0.45408681958941,-0.160822833491384,-0.00175769708789381,0.157226468027869,0.443568613600136,8659.5507286469,1.00010546035262
"Omega[5,8]",0.326603297618552,0.00294062602029036,0.1937838691832,-0.0849568521080632,0.204570289234714,0.340037137551501,0.462593219885014,0.663914674974692,4342.65825948362,1.00065700229354
"Omega[5,9]",0.13221639447185,0.00291638556812568,0.194527570784327,-0.244470797913072,-0.00139542917699734,0.134547513176389,0.268804117401506,0.509125117386629,4449.10285583898,0.999996967136696
"Omega[5,10]",0.172013588638447,0.00307602875679976,0.194239527295035,-0.222173195002322,0.0418273505884528,0.177488376700452,0.312054274038135,0.529118320326219,3987.44258316074,1.00015116509331
"Omega[5,11]",0.173102719491595,0.00316420247900039,0.186298545802315,-0.210905442344566,0.051251901412155,0.180865753515842,0.305104229062405,0.514708942738878,3466.49355386529,1.00181681329722
"Omega[5,12]",0.164399108647677,0.00325223702750002,0.201754772790908,-0.235240421873812,0.027044128107496,0.168205433872606,0.306634472654529,0.546388505644228,3848.42701484893,1.00133431204977
"Omega[5,13]",0.141122368245873,0.0027201472816693,0.200424236507227,-0.254949325756952,0.00364769538504007,0.143461350862562,0.283280124840454,0.520577304470813,5428.94743760557,1.00011225715063
"Omega[5,14]",0.160031853819938,0.00289925808644162,0.194750156570935,-0.231354691839664,0.0270881333356231,0.164566839205531,0.2969779137995,0.519774677999987,4512.13283631748,0.999729836921117
"Omega[5,15]",-0.0405221020367438,0.00342182701346532,0.201120242807685,-0.408820530208374,-0.180287568089936,-0.0523933921056628,0.098367991398789,0.366949390407951,3454.58170167466,1.00125822029182
"Omega[6,1]",0.0818486187262783,0.00290834412129019,0.216049968926795,-0.33276878890815,-0.0681464991406891,0.0815020726844935,0.228536755252761,0.504425533199727,5518.446451028,1.00064084276171
"Omega[6,2]",0.140044638039486,0.00328039525333638,0.218380347595596,-0.290928772485474,-0.0130408087310325,0.143755400972217,0.296967319731914,0.548673081630127,4431.74492685814,0.999849241288362
"Omega[6,3]",-0.00785799373183831,0.0041600246024447,0.235215582579634,-0.459575604507102,-0.174358495102962,-0.0112564106020067,0.157371765628054,0.450424913653951,3196.9833977631,1.00018951857729
"Omega[6,4]",0.113793679425576,0.00271707069230035,0.200326916356005,-0.278405224995112,-0.0237960296221435,0.116323448439994,0.253533866647116,0.500237098725083,5435.9660533604,1.00061693991658
"Omega[6,5]",0.239421031883173,0.00285487945580666,0.202219604357423,-0.181682970754601,0.103750007920665,0.250580839713875,0.383532951349386,0.599120864279193,5017.31030945181,1.00063546628566
"Omega[6,6]",1,1.45742166129772e-18,9.05756386255331e-17,1,1,1,1,1,3862.35660988777,0.999499874937461
"Omega[6,7]",-0.000119466511564087,0.00255505184472866,0.229329010589221,-0.445776367246121,-0.157539807919275,0.000376827781199893,0.157566766948469,0.444627051620529,8055.98336896513,0.999919073001352
"Omega[6,8]",0.23584359590291,0.00302095613977726,0.200123293934407,-0.175271797802147,0.100959970034343,0.246293578437223,0.376903370294665,0.603581939153927,4388.40241322589,1.00044746692248
"Omega[6,9]",0.0954081970096934,0.00338504535753095,0.203559610374642,-0.30400558516005,-0.044685899192259,0.0960594043305016,0.239767186647441,0.487414473682864,3616.21494913566,1.00014180977095
"Omega[6,10]",0.24275753152174,0.00331286556415115,0.20635784603605,-0.178279109578431,0.103943971116618,0.253362857058401,0.388088292510152,0.610072628511238,3880.023419024,1.00095095814996
"Omega[6,11]",0.00325779325151894,0.00320107257666571,0.199521641745564,-0.389091184313489,-0.13363747215524,0.00332201594544254,0.141199736752024,0.389805497360857,3884.98170262381,1.00034562202893
"Omega[6,12]",0.183945944606503,0.00335648720459912,0.206268369301234,-0.233239792275451,0.0411038111867216,0.191050264985052,0.332998470304881,0.560826913042815,3776.55034400687,1.00140350188966
"Omega[6,13]",0.204304403854175,0.00286773657657065,0.200156412719412,-0.198893183177903,0.0713561301560867,0.212626668425479,0.346004306448305,0.576316048956797,4871.47531826138,0.999983169917545
"Omega[6,14]",0.0253514645995607,0.00388114498488271,0.21287574642632,-0.384657041715202,-0.123498953762166,0.0229972969190537,0.170686891784875,0.440041634532602,3008.37959474602,1.00142035345708
"Omega[6,15]",-0.0109390853398019,0.00291765714985139,0.203404603443735,-0.393502244352038,-0.152774026566989,-0.0156640355115355,0.1257891756801,0.393189035233223,4860.18768798584,1.0005349733001
"Omega[7,1]",0.00435531175424584,0.0022570914551649,0.23953202178585,-0.461570904514415,-0.162326991932368,0.000368129517175991,0.170117096315387,0.467341637831253,11262.3455228093,1.00008525253313
"Omega[7,2]",-0.00302048309554764,0.0023156073494483,0.233687724065063,-0.453298788960385,-0.168341949899342,-0.000684109246717125,0.161896210495174,0.447304216607181,10184.5526872129,0.99986638759811
"Omega[7,3]",0.00766916987400304,0.00265901841794034,0.23554220606239,-0.44635144717763,-0.156950092196259,0.00525168468018548,0.170908762917771,0.458072730226291,7846.83978794403,1.00001857352029
"Omega[7,4]",0.00361935896414872,0.00238622218453452,0.237191436189984,-0.456225917583144,-0.161411379583673,-9.36530451084369e-05,0.168834823040953,0.461085824087249,9880.43923343191,0.999750498795632
"Omega[7,5]",-0.00321613526561703,0.00249014992832553,0.231725152412943,-0.45408681958941,-0.160822833491384,-0.00175769708789381,0.157226468027869,0.443568613600136,8659.5507286469,1.00010546035262
"Omega[7,6]",-0.000119466511564087,0.00255505184472866,0.229329010589221,-0.445776367246121,-0.157539807919275,0.000376827781199893,0.157566766948469,0.444627051620529,8055.98336896513,0.999919073001352
"Omega[7,7]",1,1.34266207096799e-18,8.13814806264588e-17,1,1,1,1,1,3673.81880379468,0.999499874937461
"Omega[7,8]",-0.00792457704750488,0.00391086380608151,0.237132835063872,-0.460167427267188,-0.175383273866939,-0.00688368296085523,0.158339551797421,0.450264638016963,3676.52905870173,0.999772338256776
"Omega[7,9]",0.00440244439085531,0.00407404686690977,0.233890556827895,-0.446139628579894,-0.157559781405907,-0.00108981508469554,0.167284797029685,0.466908096307297,3295.89474673657,1.00005992128828
"Omega[7,10]",-0.00513822555020154,0.00384974126813175,0.238234558690103,-0.464514821055291,-0.170952711649082,-0.0077149238633427,0.161373224367002,0.449226673963256,3829.53847461426,1.00024896109809
"Omega[7,11]",-0.00720149453923354,0.00490606863629657,0.235925626591902,-0.461010474044548,-0.174237127315974,-0.00905330954424932,0.157593868577517,0.447182641732001,2312.50667430134,1.00137221258924
"Omega[7,12]",-0.00591540152417204,0.00434415424403988,0.233298264526664,-0.455342655858235,-0.17036395961941,-0.00582223966796159,0.15835474336153,0.443541322330458,2884.11479479884,1.00064505270369
"Omega[7,13]",-0.000510534891176151,0.00372337623549083,0.235459092785558,-0.460912442255001,-0.16521963634204,0.00528561871429066,0.164560335938209,0.453260414906203,3999.0523345704,1.00034338787016
"Omega[7,14]",0.00316923259852877,0.00409108377545904,0.232534466444453,-0.438364214851274,-0.162213680807361,0.00340063437029865,0.167941492233671,0.455357949900911,3230.70959249778,0.999997403836269
"Omega[7,15]",-0.00625246191610871,0.00332303759383546,0.233446848489218,-0.45324756280731,-0.170539110180844,-0.00458115969396477,0.158133358986661,0.451177367700391,4935.20868717473,1.00143439006481
"Omega[8,1]",0.27216089725918,0.00275952277304022,0.191051935563973,-0.125255642162458,0.146584685346365,0.28067860247684,0.409993867631737,0.609237776183541,4793.3033968441,1.00055740983255
"Omega[8,2]",0.187938647110703,0.00265416502944653,0.184371935063883,-0.181874406080195,0.0608171534324864,0.192502087173454,0.319427404196917,0.527560245825507,4825.40513661172,1.00055067753652
"Omega[8,3]",-0.0062853411111561,0.00480632962268588,0.239464507849057,-0.470471134097637,-0.172164960212805,-0.00735819747161759,0.159454425163585,0.460401457903737,2482.30535276785,1.00017329561005
"Omega[8,4]",0.0531660213062043,0.00253010825022318,0.179482771598303,-0.299243826850319,-0.0676656542247991,0.05175125915334,0.172701166018942,0.409109277039472,5032.30933363752,1.00092376398912
"Omega[8,5]",0.326603297618552,0.00294062602029036,0.1937838691832,-0.0849568521080632,0.204570289234714,0.340037137551501,0.462593219885014,0.663914674974692,4342.65825948362,1.00065700229354
"Omega[8,6]",0.23584359590291,0.00302095613977726,0.200123293934407,-0.175271797802147,0.100959970034343,0.246293578437223,0.376903370294665,0.603581939153927,4388.40241322589,1.00044746692248
"Omega[8,7]",-0.00792457704750488,0.00391086380608151,0.237132835063872,-0.460167427267188,-0.175383273866939,-0.00688368296085523,0.158339551797421,0.450264638016963,3676.52905870173,0.999772338256776
"Omega[8,8]",1,3.77452607065111e-18,8.83624672203632e-17,1,1,1,1,1,548.038171100995,0.999499874937461
"Omega[8,9]",0.368856190566357,0.00232342965705805,0.171966237815711,0.00824103428560668,0.255516079309553,0.380783470462512,0.492609686629584,0.671878499247211,5478.06679192166,0.999961615523575
"Omega[8,10]",0.0839424458678918,0.00236798031843027,0.180070288496514,-0.264321127103869,-0.0386037971182431,0.0834289988335297,0.209305220735322,0.42849447897244,5782.66380607934,1.00082480489835
"Omega[8,11]",0.140944689857628,0.00201613475069186,0.164406230875116,-0.191783077553084,0.0317604573665662,0.145280222133399,0.253700821325877,0.454200160048917,6649.62930186355,1.00031180489334
"Omega[8,12]",0.195770038535017,0.00245530704752491,0.180722459993647,-0.182120499856385,0.0774595753080669,0.202712505718943,0.323308649048015,0.521500903573421,5417.67112899954,1.00149374075695
"Omega[8,13]",0.0563233722020919,0.00241978665157377,0.185649106294866,-0.306873250931916,-0.0715616747209819,0.0575191553524454,0.185757521567601,0.416298873932733,5886.15335012629,1.00015234712425
"Omega[8,14]",0.251205344212435,0.00236255454994293,0.17895092055801,-0.109366998308917,0.13278707106866,0.25644745285976,0.377457930458072,0.585845565641308,5737.25540630994,1.00041017216727
"Omega[8,15]",-0.00840055363196426,0.00264951533242321,0.189741362823301,-0.371444184544425,-0.14132307660873,-0.0100375679802107,0.117209615505438,0.369235573722124,5128.50941390715,1.00084954062536
"Omega[9,1]",0.298637717476364,0.0028699089436139,0.191617487640289,-0.101999677441899,0.170448774636365,0.312067921181187,0.433210959367546,0.635157668750483,4457.93824556773,1.00163189636961
"Omega[9,2]",0.0888824232338903,0.00292624394477415,0.195802704780959,-0.299164648841352,-0.0465328977926898,0.0918142021285267,0.227213855697173,0.453164865728967,4477.30126152747,1.00012424644365
"Omega[9,3]",0.0203286866529268,0.00496220197015551,0.238493065309806,-0.442500008406579,-0.149837300271723,0.0212751664622859,0.190547076333981,0.466098301158856,2309.95030809438,1.0022436639907
"Omega[9,4]",0.189093062446457,0.00232443433650741,0.178639902865761,-0.169945387337843,0.0690199682838188,0.193803310076678,0.314177148224664,0.522803130541475,5906.39358097718,0.999855470531103
"Omega[9,5]",0.13221639447185,0.00291638556812568,0.194527570784327,-0.244470797913072,-0.00139542917699734,0.134547513176389,0.268804117401506,0.509125117386629,4449.10285583898,0.999996967136696
"Omega[9,6]",0.0954081970096934,0.00338504535753095,0.203559610374642,-0.30400558516005,-0.044685899192259,0.0960594043305016,0.239767186647441,0.487414473682864,3616.21494913566,1.00014180977095
"Omega[9,7]",0.00440244439085531,0.00407404686690977,0.233890556827895,-0.446139628579894,-0.157559781405907,-0.00108981508469554,0.167284797029685,0.466908096307297,3295.89474673657,1.00005992128828
"Omega[9,8]",0.368856190566357,0.00232342965705805,0.171966237815711,0.00824103428560668,0.255516079309553,0.380783470462512,0.492609686629584,0.671878499247211,5478.06679192166,0.999961615523575
"Omega[9,9]",1,1.77790476770785e-18,8.14855551079643e-17,1,1,1,1,1,2100.60438528769,0.999499874937461
"Omega[9,10]",0.0803616954014532,0.00258232923314038,0.184257706616124,-0.28185969163035,-0.0468635380747231,0.0803979703206293,0.20673831587928,0.439122798550222,5091.29309733155,1.0006335917562
"Omega[9,11]",-0.112404722733259,0.0022096391797245,0.164441894970948,-0.425818010020978,-0.228046822396681,-0.111179204826274,-0.000545640173035098,0.214519446914404,5538.37326020027,1.00077462204616
"Omega[9,12]",-0.0511653307547381,0.00222340328606953,0.182580168578358,-0.40429509248171,-0.180679001419907,-0.0501961382921941,0.0723293683482308,0.303142746141277,6743.27266973929,1.00069977771669
"Omega[9,13]",0.0267665442492063,0.00237810787243537,0.18943099208796,-0.331890443851161,-0.105137759220847,0.0259183868325206,0.157340837772424,0.404215270615387,6345.10723606571,0.999731271865414
"Omega[9,14]",0.387284466014437,0.00232493417619571,0.17357443012648,0.0194323314704592,0.274170221237753,0.398420057562606,0.511082185676761,0.698397860404998,5573.78449252128,0.999895333547684
"Omega[9,15]",0.0344536391661434,0.00222574879594229,0.185121479814256,-0.33025987281744,-0.0912091568593045,0.0328155233322319,0.160220636147782,0.399729122901155,6917.69376035797,0.999650157190618
"Omega[10,1]",-0.00863644495072173,0.00294878359388104,0.196257654263043,-0.383763885063496,-0.144476037643131,-0.0137750994115959,0.122974842277868,0.383899919230449,4429.62951455221,1.00012567579339
"Omega[10,2]",0.218405346652976,0.00330094015871879,0.198170724209992,-0.189530346007223,0.0840895737152228,0.224685356272184,0.36222939479074,0.583915830245539,3604.15691305811,1.00072001368117
"Omega[10,3]",-0.031890577308135,0.00495352391840693,0.230055882094605,-0.471120576138311,-0.193208921697426,-0.0354556320823447,0.129585452669744,0.42213245349025,2156.94044967335,1.00104977440964
"Omega[10,4]",0.241326157215346,0.00294052831595695,0.183908795956647,-0.130605341461895,0.114122706143564,0.247244780557574,0.372152085094581,0.584293503579204,3911.59849671406,1.00107218615607
"Omega[10,5]",0.172013588638447,0.00307602875679976,0.194239527295035,-0.222173195002322,0.0418273505884528,0.177488376700452,0.312054274038135,0.529118320326219,3987.44258316074,1.00015116509331
"Omega[10,6]",0.24275753152174,0.00331286556415115,0.20635784603605,-0.178279109578431,0.103943971116618,0.253362857058401,0.388088292510152,0.610072628511238,3880.023419024,1.00095095814996
"Omega[10,7]",-0.00513822555020154,0.00384974126813175,0.238234558690103,-0.464514821055291,-0.170952711649082,-0.0077149238633427,0.161373224367002,0.449226673963256,3829.53847461426,1.00024896109809
"Omega[10,8]",0.0839424458678918,0.00236798031843027,0.180070288496514,-0.264321127103869,-0.0386037971182431,0.0834289988335297,0.209305220735322,0.42849447897244,5782.66380607934,1.00082480489835
"Omega[10,9]",0.0803616954014532,0.00258232923314038,0.184257706616124,-0.28185969163035,-0.0468635380747231,0.0803979703206293,0.20673831587928,0.439122798550222,5091.29309733155,1.0006335917562
"Omega[10,10]",1,1.26413225343787e-18,9.03030250993873e-17,1,1,1,1,1,5102.92956623799,0.999499874937461
"Omega[10,11]",0.0341663094133751,0.00221849067204077,0.171750221659499,-0.303654371275477,-0.0836896367290181,0.0357758763559937,0.151967539411675,0.361231893822793,5993.48466467105,1.00013308180894
"Omega[10,12]",0.179584643830943,0.00231227630247894,0.181616321440205,-0.186001190636917,0.0585609757854697,0.184757644776899,0.308517039883003,0.515203055003067,6169.22050415615,0.999974027912221
"Omega[10,13]",0.222062534111112,0.00230239484809192,0.185081926648412,-0.147067130430996,0.100091731197527,0.226239830454161,0.354087487003334,0.564803543095538,6462.02172635646,1.00011288379722
"Omega[10,14]",-0.151678938124795,0.00271265707235002,0.182093821422206,-0.47647169211256,-0.284553247664784,-0.158771364347691,-0.0327939639994594,0.229996091914823,4506.09797977837,1.00115276706196
"Omega[10,15]",0.00893958050183521,0.00311144680098665,0.196463306954664,-0.35971357683163,-0.131011662808493,0.00578386271391247,0.141463901249385,0.401880390923794,3986.92568134932,1.00024440466624
"Omega[11,1]",-0.139336346335827,0.0025680367234831,0.178981416093936,-0.480768206702059,-0.264329166197143,-0.144117026685561,-0.0178757402643624,0.215109483081025,4857.50682939442,1.00066979566673
"Omega[11,2]",0.215137857129021,0.00248002367097574,0.168597527421803,-0.125810910147229,0.101971254482942,0.220280438274994,0.332961946518753,0.533083648805117,4621.58292780378,1.00048396545203
"Omega[11,3]",-0.0244419870818169,0.005200252604608,0.234062232985572,-0.476438061935951,-0.188048923855739,-0.0221773057048101,0.138085101361727,0.423576600200826,2025.88042214985,1.0024213288389
"Omega[11,4]",-0.02026026881345,0.00200897282380301,0.162651107493143,-0.337156908040003,-0.131021543542903,-0.0207460198063471,0.0912098751043242,0.295031263965034,6554.89781279198,0.999966886402213
"Omega[11,5]",0.173102719491595,0.00316420247900039,0.186298545802315,-0.210905442344566,0.051251901412155,0.180865753515842,0.305104229062405,0.514708942738878,3466.49355386529,1.00181681329722
"Omega[11,6]",0.00325779325151894,0.00320107257666571,0.199521641745564,-0.389091184313489,-0.13363747215524,0.00332201594544254,0.141199736752024,0.389805497360857,3884.98170262381,1.00034562202893
"Omega[11,7]",-0.00720149453923354,0.00490606863629657,0.235925626591902,-0.461010474044548,-0.174237127315974,-0.00905330954424932,0.157593868577517,0.447182641732001,2312.50667430134,1.00137221258924
"Omega[11,8]",0.140944689857628,0.00201613475069186,0.164406230875116,-0.191783077553084,0.0317604573665662,0.145280222133399,0.253700821325877,0.454200160048917,6649.62930186355,1.00031180489334
"Omega[11,9]",-0.112404722733259,0.0022096391797245,0.164441894970948,-0.425818010020978,-0.228046822396681,-0.111179204826274,-0.000545640173035098,0.214519446914404,5538.37326020027,1.00077462204616
"Omega[11,10]",0.0341663094133751,0.00221849067204077,0.171750221659499,-0.303654371275477,-0.0836896367290181,0.0357758763559937,0.151967539411675,0.361231893822793,5993.48466467105,1.00013308180894
"Omega[11,11]",1,1.71306443529387e-18,8.64050790993024e-17,1,1,1,1,1,2544.08224184234,0.999499874937461
"Omega[11,12]",0.34259083690909,0.00233974636807918,0.173665283285065,-0.0153848831718492,0.226721606838229,0.352162778878122,0.470170070304318,0.650207212630379,5509.19893141016,1.00109913927012
"Omega[11,13]",0.178317485781684,0.00231392040043652,0.16724215870712,-0.165819088939036,0.06823315117158,0.184723294765308,0.29490088011464,0.48891046680728,5223.89812992956,1.0006803115931
"Omega[11,14]",0.0475291463544451,0.00204339740775045,0.170517967187333,-0.293631067849235,-0.0667496533077838,0.0494747985722341,0.166459567654653,0.371735101083785,6963.61283391239,1.00065691845621
"Omega[11,15]",0.0939025215774432,0.00214970689172362,0.173180228203376,-0.249243462177426,-0.0252886391105322,0.0940796932198597,0.211696870338457,0.432776536312924,6489.90168345357,0.999909643325382
"Omega[12,1]",-0.0242703138177123,0.00296178903575047,0.201372473721114,-0.412646070218888,-0.162096257243916,-0.0263144842443795,0.115575737593808,0.367432096885346,4622.66017160536,1.00178392138936
"Omega[12,2]",0.121464681219165,0.00368630131547542,0.200274297175823,-0.27509799217323,-0.0144498953088844,0.12414529618561,0.257464451633898,0.516502419394407,2951.67658543162,0.999924355090746
"Omega[12,3]",-0.0145774428440141,0.00487697536367606,0.238230408603918,-0.468266864678929,-0.180455517807605,-0.0170566972294822,0.150171314939678,0.453021844172827,2386.12542208754,1.00072231296734
"Omega[12,4]",0.0290917734839404,0.00279773304542632,0.180005834797664,-0.33527063953291,-0.0923897188366685,0.0313400637310747,0.150891221282907,0.373733556519999,4139.6213718774,0.999853181633837
"Omega[12,5]",0.164399108647677,0.00325223702750002,0.201754772790908,-0.235240421873812,0.027044128107496,0.168205433872606,0.306634472654529,0.546388505644228,3848.42701484893,1.00133431204977
"Omega[12,6]",0.183945944606503,0.00335648720459912,0.206268369301234,-0.233239792275451,0.0411038111867216,0.191050264985052,0.332998470304881,0.560826913042815,3776.55034400687,1.00140350188966
"Omega[12,7]",-0.00591540152417204,0.00434415424403988,0.233298264526664,-0.455342655858235,-0.17036395961941,-0.00582223966796159,0.15835474336153,0.443541322330458,2884.11479479884,1.00064505270369
"Omega[12,8]",0.195770038535017,0.00245530704752491,0.180722459993647,-0.182120499856385,0.0774595753080669,0.202712505718943,0.323308649048015,0.521500903573421,5417.67112899954,1.00149374075695
"Omega[12,9]",-0.0511653307547381,0.00222340328606953,0.182580168578358,-0.40429509248171,-0.180679001419907,-0.0501961382921941,0.0723293683482308,0.303142746141277,6743.27266973929,1.00069977771669
"Omega[12,10]",0.179584643830943,0.00231227630247894,0.181616321440205,-0.186001190636917,0.0585609757854697,0.184757644776899,0.308517039883003,0.515203055003067,6169.22050415615,0.999974027912221
"Omega[12,11]",0.34259083690909,0.00233974636807918,0.173665283285065,-0.0153848831718492,0.226721606838229,0.352162778878122,0.470170070304318,0.650207212630379,5509.19893141016,1.00109913927012
"Omega[12,12]",1,5.36245259701785e-18,8.78552860792112e-17,1,1,1,1,1,268.416285622855,0.999499874937461
"Omega[12,13]",0.259391683284652,0.00290495536626356,0.186691908632812,-0.127573378492743,0.136651741467879,0.269022099736168,0.391291920991712,0.592695609137822,4130.20933045159,1.00083006017901
"Omega[12,14]",-0.100720237432491,0.00216713823225592,0.183655984483858,-0.45098992565775,-0.226269552446619,-0.10582834252853,0.0233313008956794,0.263333480228526,7181.86010299436,0.999874191754602
"Omega[12,15]",0.0135254558567025,0.0027911219087297,0.19026873762392,-0.343779371156841,-0.120875873499467,0.00872863135685699,0.14217048855325,0.39169893244025,4647.04910976978,1.00074696342345
"Omega[13,1]",-0.0208480522651688,0.00290406744195183,0.203612354474796,-0.417015376483756,-0.162308280378446,-0.0201427360712039,0.122305937435448,0.373034275156615,4915.80736656391,1.00022718152932
"Omega[13,2]",0.208404773085966,0.0036371666449028,0.209840918312675,-0.21490124296007,0.0650580475957121,0.213596720746939,0.357778926870793,0.599283688119133,3328.54135351017,1.00080987667
"Omega[13,3]",-0.00659740894304058,0.00474431262240358,0.239902507662869,-0.471549258987798,-0.17246613704562,-0.00743882614627895,0.160065008749627,0.457038846379498,2556.95436863951,1.0007463934589
"Omega[13,4]",0.216269504446467,0.00263781944343227,0.1853983541007,-0.158367762315721,0.0920672752844954,0.218892381921338,0.345557056160841,0.563861607135777,4939.93936663029,1.00000557634077
"Omega[13,5]",0.141122368245873,0.0027201472816693,0.200424236507227,-0.254949325756952,0.00364769538504007,0.143461350862562,0.283280124840454,0.520577304470813,5428.94743760557,1.00011225715063
"Omega[13,6]",0.204304403854175,0.00286773657657065,0.200156412719412,-0.198893183177903,0.0713561301560867,0.212626668425479,0.346004306448305,0.576316048956797,4871.47531826138,0.999983169917545
"Omega[13,7]",-0.000510534891176151,0.00372337623549083,0.235459092785558,-0.460912442255001,-0.16521963634204,0.00528561871429066,0.164560335938209,0.453260414906203,3999.0523345704,1.00034338787016
"Omega[13,8]",0.0563233722020919,0.00241978665157377,0.185649106294866,-0.306873250931916,-0.0715616747209819,0.0575191553524454,0.185757521567601,0.416298873932733,5886.15335012629,1.00015234712425
"Omega[13,9]",0.0267665442492063,0.00237810787243537,0.18943099208796,-0.331890443851161,-0.105137759220847,0.0259183868325206,0.157340837772424,0.404215270615387,6345.10723606571,0.999731271865414
"Omega[13,10]",0.222062534111112,0.00230239484809192,0.185081926648412,-0.147067130430996,0.100091731197527,0.226239830454161,0.354087487003334,0.564803543095538,6462.02172635646,1.00011288379722
"Omega[13,11]",0.178317485781684,0.00231392040043652,0.16724215870712,-0.165819088939036,0.06823315117158,0.184723294765308,0.29490088011464,0.48891046680728,5223.89812992956,1.0006803115931
"Omega[13,12]",0.259391683284652,0.00290495536626356,0.186691908632812,-0.127573378492743,0.136651741467879,0.269022099736168,0.391291920991712,0.592695609137822,4130.20933045159,1.00083006017901
"Omega[13,13]",1,1.94598437251176e-18,9.85834010534768e-17,1,1,1,1,1,2566.4268915215,0.999499874937461
"Omega[13,14]",0.10463311553796,0.00268411686495909,0.196514682531629,-0.287902937878677,-0.0303552443458645,0.108218442235718,0.246776661170821,0.468777716228678,5360.2761783892,0.999873942332892
"Omega[13,15]",0.0673683230959271,0.00344597319125844,0.201742787952213,-0.318163019704081,-0.0734627321355834,0.0652848715757951,0.209705021177926,0.464821732205953,3427.45883554901,1.00149625088291
"Omega[14,1]",0.193420596668787,0.00287675464750893,0.197138295766393,-0.201925740448921,0.0615990010847336,0.202413695098489,0.332198681157916,0.559858176220413,4696.08932248731,1.00014538623167
"Omega[14,2]",0.0496016600611989,0.00312249874544565,0.195667241666804,-0.33210703001555,-0.0881798845776355,0.0499824798932757,0.184527468699901,0.428443882956117,3926.73596760575,1.00069061692675
"Omega[14,3]",0.0334866073386241,0.00455949620933775,0.235017595504043,-0.420080087301647,-0.130164141322844,0.0347604927857121,0.195967695502383,0.489250335266461,2656.85002153616,1.00038476044461
"Omega[14,4]",0.111105811048122,0.0025745568597755,0.182561406666154,-0.251590147139943,-0.0152324383222353,0.114413141509169,0.239981314892159,0.456156925993427,5028.20494988813,1.00041419278572
"Omega[14,5]",0.160031853819938,0.00289925808644162,0.194750156570935,-0.231354691839664,0.0270881333356231,0.164566839205531,0.2969779137995,0.519774677999987,4512.13283631748,0.999729836921117
"Omega[14,6]",0.0253514645995607,0.00388114498488271,0.21287574642632,-0.384657041715202,-0.123498953762166,0.0229972969190537,0.170686891784875,0.440041634532602,3008.37959474602,1.00142035345708
"Omega[14,7]",0.00316923259852877,0.00409108377545904,0.232534466444453,-0.438364214851274,-0.162213680807361,0.00340063437029865,0.167941492233671,0.455357949900911,3230.70959249778,0.999997403836269
"Omega[14,8]",0.251205344212435,0.00236255454994293,0.17895092055801,-0.109366998308917,0.13278707106866,0.25644745285976,0.377457930458072,0.585845565641308,5737.25540630994,1.00041017216727
"Omega[14,9]",0.387284466014437,0.00232493417619571,0.17357443012648,0.0194323314704592,0.274170221237753,0.398420057562606,0.511082185676761,0.698397860404998,5573.78449252128,0.999895333547684
"Omega[14,10]",-0.151678938124795,0.00271265707235002,0.182093821422206,-0.47647169211256,-0.284553247664784,-0.158771364347691,-0.0327939639994594,0.229996091914823,4506.09797977837,1.00115276706196
"Omega[14,11]",0.0475291463544451,0.00204339740775045,0.170517967187333,-0.293631067849235,-0.0667496533077838,0.0494747985722341,0.166459567654653,0.371735101083785,6963.61283391239,1.00065691845621
"Omega[14,12]",-0.100720237432491,0.00216713823225592,0.183655984483858,-0.45098992565775,-0.226269552446619,-0.10582834252853,0.0233313008956794,0.263333480228526,7181.86010299436,0.999874191754602
"Omega[14,13]",0.10463311553796,0.00268411686495909,0.196514682531629,-0.287902937878677,-0.0303552443458645,0.108218442235718,0.246776661170821,0.468777716228678,5360.2761783892,0.999873942332892
"Omega[14,14]",1,2.37507064656621e-18,9.58973902938217e-17,1,1,1,1,1,1630.27366367316,0.999499874937461
"Omega[14,15]",0.0678161322113879,0.00227196810978288,0.191230637605583,-0.315451642274107,-0.0589649281331125,0.0710379667019137,0.198870133777253,0.435232507758753,7084.5208671135,0.99974796396488
"Omega[15,1]",0.0760488501710798,0.00301411075168453,0.202971478601111,-0.327538728289708,-0.0603914529102692,0.0785088481326418,0.214961080519337,0.472055682135874,4534.73192699521,1.00056238231454
"Omega[15,2]",0.110359405688549,0.00344127972790576,0.201222040157987,-0.287822442040711,-0.0297876505794146,0.11234258809436,0.24944950242488,0.495809618794173,3419.09480884334,1.00177072249118
"Omega[15,3]",0.00414566336050412,0.00497097548763292,0.235502822434767,-0.450194683208514,-0.15850168216475,0.000255533439773033,0.170745134481014,0.456013050309224,2244.44511415259,1.00213161972101
"Omega[15,4]",0.482211410033785,0.0044574867013954,0.178759076909244,0.0829545619511152,0.371871576240433,0.50384425199224,0.610348692824112,0.77332536630465,1608.2593848824,1.00765504700075
"Omega[15,5]",-0.0405221020367438,0.00342182701346532,0.201120242807685,-0.408820530208374,-0.180287568089936,-0.0523933921056628,0.098367991398789,0.366949390407951,3454.58170167466,1.00125822029182
"Omega[15,6]",-0.0109390853398019,0.00291765714985139,0.203404603443735,-0.393502244352038,-0.152774026566989,-0.0156640355115355,0.1257891756801,0.393189035233223,4860.18768798584,1.0005349733001
"Omega[15,7]",-0.00625246191610871,0.00332303759383546,0.233446848489218,-0.45324756280731,-0.170539110180844,-0.00458115969396477,0.158133358986661,0.451177367700391,4935.20868717473,1.00143439006481
"Omega[15,8]",-0.00840055363196426,0.00264951533242321,0.189741362823301,-0.371444184544425,-0.14132307660873,-0.0100375679802107,0.117209615505438,0.369235573722124,5128.50941390715,1.00084954062536
"Omega[15,9]",0.0344536391661434,0.00222574879594229,0.185121479814256,-0.33025987281744,-0.0912091568593045,0.0328155233322319,0.160220636147782,0.399729122901155,6917.69376035797,0.999650157190618
"Omega[15,10]",0.00893958050183521,0.00311144680098665,0.196463306954664,-0.35971357683163,-0.131011662808493,0.00578386271391247,0.141463901249385,0.401880390923794,3986.92568134932,1.00024440466624
"Omega[15,11]",0.0939025215774432,0.00214970689172362,0.173180228203376,-0.249243462177426,-0.0252886391105322,0.0940796932198597,0.211696870338457,0.432776536312924,6489.90168345357,0.999909643325382
"Omega[15,12]",0.0135254558567025,0.0027911219087297,0.19026873762392,-0.343779371156841,-0.120875873499467,0.00872863135685699,0.14217048855325,0.39169893244025,4647.04910976978,1.00074696342345
"Omega[15,13]",0.0673683230959271,0.00344597319125844,0.201742787952213,-0.318163019704081,-0.0734627321355834,0.0652848715757951,0.209705021177926,0.464821732205953,3427.45883554901,1.00149625088291
"Omega[15,14]",0.0678161322113879,0.00227196810978288,0.191230637605583,-0.315451642274107,-0.0589649281331125,0.0710379667019137,0.198870133777253,0.435232507758753,7084.5208671135,0.99974796396488
"Omega[15,15]",1,1.73350078116707e-18,1.13974099280761e-16,1,1,1,1,1,4322.79115384789,0.999499874937461
"Sigma[1,1]",0.149848598468832,0.00203691074894123,0.0565561486167311,0.0566100372519845,0.110749380435958,0.143512425933204,0.183539746519138,0.276845596321196,770.931256684135,1.00919747054022
"Sigma[1,2]",-0.0125791531584912,0.000559742786011064,0.0298595323822664,-0.0754730723170871,-0.0305355695518421,-0.0113056823695512,0.00664783100070848,0.0440431150140083,2845.69921525173,1.00129077156147
"Sigma[1,3]",0.00278025924273706,0.000386894614706498,0.0368774273287774,-0.0699814220613009,-0.0196930236260842,0.0023307128690681,0.0245939340792461,0.0782115153411727,9085.228661423,0.9995748625295
"Sigma[1,4]",0.0102620404696497,0.00045591549776077,0.0278231419126201,-0.0446747784165296,-0.00778366155050848,0.0100681560186245,0.027219761303772,0.0673820998587392,3724.29120344234,1.0013952295041
"Sigma[1,5]",-0.00223938369652673,0.000569016063081514,0.0321521330719808,-0.0696398898414195,-0.0215992341864532,-0.00128899982953767,0.0184189196119442,0.0589354077801386,3192.79127724101,1.00236559401701
"Sigma[1,6]",0.0112392970837598,0.000442740656675807,0.0331895775835122,-0.0533935885598896,-0.00946537309678937,0.0105585948111517,0.031018054821575,0.0800381873685404,5619.59011981556,1.0004989557602
"Sigma[1,7]",0.000574653724731853,0.000405361391311997,0.036800953818037,-0.0750368758466876,-0.0208484117648459,4.16442178115353e-05,0.0222739368690241,0.07626933139063,8242.0147266711,1.00002453467747
"Sigma[1,8]",0.0414761814638273,0.000704571067712092,0.0327480513133498,-0.0174900325642949,0.0192322325842762,0.0391234007236529,0.0611014226144938,0.111597179517082,2160.33605306774,1.00438249649176
"Sigma[1,9]",0.051566062816544,0.000908971562071703,0.0380493362323416,-0.0166583410254884,0.0259516818823951,0.048879939495983,0.0749726951013533,0.133516340920208,1752.23994909639,1.00464361116461
"Sigma[1,10]",-0.00184058714162179,0.000506367240239494,0.0337849864240174,-0.0707237594342203,-0.022200111793347,-0.00210868000944669,0.0184042841220949,0.0661732439699629,4451.60165897584,1.00014737343618
"Sigma[1,11]",-0.0321112131871806,0.000674900423430247,0.0446924291987064,-0.127061831547168,-0.0581738535705905,-0.030370678014031,-0.00359449984072783,0.0542748521702383,4385.19106344734,1.0013693974679
"Sigma[1,12]",-0.00340607144627885,0.000474116115547712,0.032215544024907,-0.0685596003104453,-0.0231527220107341,-0.00358053097093684,0.0159782793873515,0.0628899990680459,4617.01732568013,1.00163020924162
"Sigma[1,13]",-0.00349383970544141,0.000452169855031813,0.031856020662406,-0.0693801541889941,-0.02304107277741,-0.00276184096047412,0.0165717247397542,0.0592129532840618,4963.40641107881,1.00044278971944
"Sigma[1,14]",0.0316373408815115,0.000609233454250262,0.0350459425561411,-0.0332020199133296,0.00922153360780179,0.0301175522510649,0.0531248759303375,0.103898264930002,3309.0856091806,1.00065009513688
"Sigma[1,15]",0.0131724558262093,0.000609357745965614,0.0347000624773463,-0.0520401351435786,-0.0090711901743414,0.0119102012577013,0.0336042238811647,0.0871556320762116,3242.76772027899,1.00153649101574
"Sigma[2,1]",-0.0125791531584912,0.000559742786011064,0.0298595323822664,-0.0754730723170871,-0.0305355695518421,-0.0113056823695512,0.00664783100070848,0.0440431150140083,2845.69921525173,1.00129077156147
"Sigma[2,2]",0.127610798863209,0.00150775510608857,0.0459559029718423,0.0577485149050494,0.0944454323771634,0.121086334818249,0.153399867953639,0.237033474688586,929.011289926218,1.00852760389527
"Sigma[2,3]",-0.00298913308859832,0.000381062211902696,0.0334624427932825,-0.0723277454078741,-0.0231944853068317,-0.00292330778737207,0.0173997151021535,0.0659886014052256,7711.22748869549,0.999962232854634
"Sigma[2,4]",0.0216925674362475,0.000413393370887348,0.0252185129496517,-0.0276703730429343,0.00602663703473266,0.021560460071831,0.0367835829881721,0.0739518467423803,3721.44780418874,1.00118141633069
"Sigma[2,5]",0.0323073945581003,0.000539812699532283,0.0297308675092967,-0.0233756324313048,0.0131047972302393,0.0311252793338035,0.0499453968274968,0.0964401526480553,3033.39501113895,1.00145052879076
"Sigma[2,6]",0.0181129362054704,0.000490153232144346,0.0311799042555019,-0.042628457608929,-0.00177828057712488,0.0172272033203551,0.0370172464189417,0.0828787882764374,4046.55840401362,1.00078506444005
"Sigma[2,7]",-0.000275657869658467,0.000362012811593335,0.0328834446846558,-0.0663289490182617,-0.0203723439344926,-7.17723135932907e-05,0.0196729794839728,0.0665022009154863,8251.0027168488,0.999822533876818
"Sigma[2,8]",0.026179202109355,0.000491597250272787,0.0281408995056152,-0.025242174849699,0.00788152857129192,0.0247361053396097,0.0429978341701086,0.0863301221797963,3276.85376339881,1.0015040861536
"Sigma[2,9]",0.013771043032277,0.000531879881689469,0.0332429634182283,-0.0519657197854684,-0.00691629527430015,0.0130224518275734,0.0341614897602437,0.0829862175336407,3906.36064903628,0.999907884193653
"Sigma[2,10]",0.0323648243583387,0.000587546033554198,0.032456209434773,-0.0299249906272577,0.0116512031657601,0.0310334280136253,0.0515334867969601,0.103049675165367,3051.48891588378,1.00257646797543
"Sigma[2,11]",0.0460313889354616,0.00069433757395685,0.0396313888852804,-0.0275424681880692,0.0199921000256377,0.0434006588018267,0.0702057533425298,0.130483737565177,3257.89624901619,0.99995109087213
"Sigma[2,12]",0.0163688343789429,0.000538050678712981,0.0297109866764767,-0.0425559319109074,-0.00182727293170759,0.0162035844239803,0.0340535322169075,0.0776900265681877,3049.21313610248,1.00038241788502
"Sigma[2,13]",0.0275502414729865,0.000512234956081188,0.030935153706943,-0.0335951152420614,0.0083582284997858,0.0264982362703243,0.0460978091760952,0.0917361337453709,3647.25502817282,1.00019057889262
"Sigma[2,14]",0.00669018702697041,0.00049076305988071,0.0311093415275251,-0.0568577529202426,-0.0128345246539874,0.00686089196170663,0.0260482378988484,0.0686549125076195,4018.25881695805,1.00038433675403
"Sigma[2,15]",0.01557151223918,0.000590651786040719,0.0327514923493089,-0.048010595671152,-0.00420640963237476,0.0154907128487304,0.0346677970307141,0.0806251741716106,3074.67448897543,1.000946210157
"Sigma[3,1]",0.00278025924273706,0.000386894614706498,0.0368774273287774,-0.0699814220613009,-0.0196930236260842,0.0023307128690681,0.0245939340792461,0.0782115153411727,9085.228661423,0.9995748625295
"Sigma[3,2]",-0.00298913308859832,0.000381062211902696,0.0334624427932825,-0.0723277454078741,-0.0231944853068317,-0.00292330778737208,0.0173997151021535,0.0659886014052256,7711.22748869549,0.999962232854634
"Sigma[3,3]",0.152510549393821,0.00186125234926702,0.0773739962183167,0.0450817141760244,0.100128737648787,0.139092674084326,0.188945637346225,0.33836696411547,1728.14244863999,1.00547606087255
"Sigma[3,4]",0.00155399866034852,0.000822026377758983,0.0340994659685547,-0.0686319276696575,-0.0191155147719474,0.0019504039103119,0.0219901384851707,0.0717777775427553,1720.77325606279,1.00125157363389
"Sigma[3,5]",-0.00292411390171578,0.000670740854348653,0.0357835421758854,-0.0762856897561527,-0.0244029045960675,-0.00262191714585503,0.0182220413409104,0.0700498141352932,2846.14576079667,0.999820371279823
"Sigma[3,6]",-0.00101254193779303,0.000637616721095236,0.0362145071955822,-0.0733693756498519,-0.0229133458120935,-0.00138700158246211,0.0206260169179918,0.0727816040816736,3225.86184798379,1.00007169674799
"Sigma[3,7]",0.001282795799078,0.000432857711639808,0.0365172213688343,-0.0721687339644811,-0.0202476569433047,0.00066310377731894,0.0220977576991096,0.0769939861371888,7117.13379384467,1.00004153933185
"Sigma[3,8]",-0.000943232952845539,0.000780130620004305,0.0379701175641658,-0.0775792175297437,-0.0243670303167651,-0.000980748722160221,0.0222925436412194,0.0769049525575362,2368.91367602964,1.00013478701966
"Sigma[3,9]",0.00322925416377353,0.000879884130968083,0.0430888422842166,-0.0843928829483253,-0.0235665957326511,0.00316838235543971,0.0297683818654491,0.0882362256314879,2398.16290463601,1.00274094587549
"Sigma[3,10]",-0.00539529725998998,0.0008470839325515,0.0393558118250804,-0.0858995967508834,-0.0292339797035828,-0.00528567995707484,0.0189575342461069,0.0718080685926327,2158.56366572211,1.00068590377371
"Sigma[3,11]",-0.0053817902139148,0.00123000938319482,0.0568176809474242,-0.119318073174707,-0.0408876187894051,-0.00453619261652028,0.0295126785492686,0.105140205646175,2133.78254655295,1.00168982348051
"Sigma[3,12]",-0.00212119028028923,0.000778963952009905,0.0381412278294884,-0.0788117200131103,-0.0260838439422206,-0.00222207809241922,0.020412924899302,0.0754265365209633,2397.47793280909,1.00081454842113
"Sigma[3,13]",-0.00104588339084523,0.000746098038662179,0.0380749125862013,-0.0785346122186409,-0.0238445690793262,-0.000946390213051243,0.021621990592429,0.0756412232407988,2604.27015077143,1.00091839666616
"Sigma[3,14]",0.00539758326790283,0.000798606574832597,0.0408770459687116,-0.0762697006319201,-0.0189628302777157,0.00494782846670934,0.0299236661652783,0.0889437647510956,2619.95145345363,1.0005360943125
"Sigma[3,15]",0.000292322686601228,0.000893479481522077,0.0411551744306336,-0.0849195858342213,-0.024093652623636,3.85426758754963e-05,0.0257429971636071,0.082371099067208,2121.67923734079,1.00177791312245
"Sigma[4,1]",0.0102620404696497,0.00045591549776077,0.0278231419126201,-0.0446747784165296,-0.00778366155050848,0.0100681560186245,0.027219761303772,0.0673820998587392,3724.29120344234,1.0013952295041
"Sigma[4,2]",0.0216925674362475,0.000413393370887348,0.0252185129496517,-0.0276703730429343,0.00602663703473266,0.021560460071831,0.0367835829881721,0.0739518467423803,3721.44780418874,1.00118141633069
"Sigma[4,3]",0.00155399866034852,0.000822026377758983,0.0340994659685547,-0.0686319276696575,-0.0191155147719474,0.0019504039103119,0.0219901384851707,0.0717777775427553,1720.77325606279,1.00125157363389
"Sigma[4,4]",0.13239506771955,0.00140851542509693,0.0427236222281071,0.0660929271736084,0.101973612018311,0.126758755510727,0.156870019602315,0.230549188248392,920.053152345515,1.00836232008473
"Sigma[4,5]",0.000698576245682889,0.00046955136179021,0.0278893026492506,-0.055534389592892,-0.0165856247107417,0.000982919937070244,0.0181244157028665,0.054982316569746,3527.84179874162,1.00087155379391
"Sigma[4,6]",0.0145996474566146,0.000378961608861986,0.0284439674797649,-0.0422058068794642,-0.00310495684487476,0.0144949577387257,0.0325034554443269,0.072506234947091,5633.65069611562,1.00104087804072
"Sigma[4,7]",0.000542442541067814,0.000367399782624956,0.0342031070546932,-0.0679615422466255,-0.0198910294910565,-1.6556661285508e-05,0.0212103104262243,0.0689078755777587,8666.69133525336,0.999870894173841
"Sigma[4,8]",0.00657141575566152,0.000350459501134738,0.0260969064116825,-0.0466751665406967,-0.00928583881316768,0.00697316797734883,0.022642285433441,0.0585273395187137,5545.01058302765,1.00038047427741
"Sigma[4,9]",0.0298483815294516,0.000429522188391629,0.0300923419990425,-0.0282551783909824,0.0104076256842296,0.0291227984313189,0.0487365620174468,0.0930940023089371,4908.40930248503,1.00023078798823
"Sigma[4,10]",0.0358395725824266,0.000415205716359721,0.0297806414250008,-0.0213398270095052,0.0168321194169622,0.0352395378916517,0.0536903456030009,0.0975937362660475,5144.47957020141,1.00026111695535
"Sigma[4,11]",-0.00495260635698593,0.00046484316539315,0.0367831552600777,-0.0808522247880718,-0.0276024401351922,-0.00430349801844707,0.0187226323508042,0.0665369171852848,6261.59625116048,1.00037636952299
"Sigma[4,12]",0.00356704959086634,0.000435379954272963,0.0271962189247939,-0.0533554906287272,-0.0125406168808226,0.0040960365956978,0.020464756946259,0.0561082359464811,3901.9365069149,0.999742781336617
"Sigma[4,13]",0.029356708307876,0.000391184674686611,0.0273466236533458,-0.0245344141768125,0.0120387663101653,0.0287157146285236,0.0459734054579515,0.0859805853377613,4887.01602678891,1.00116330269409
"Sigma[4,14]",0.017271049852269,0.00046274130644383,0.0298495604071534,-0.0401424474427694,-0.00212436933328055,0.0163863570944188,0.0358039502493032,0.0791324687472633,4161.01558662251,1.00026970994113
"Sigma[4,15]",0.0770224234199008,0.0015351505880714,0.0399609779724039,0.00980009943897455,0.0492699238303456,0.0730000180596998,0.100606436473562,0.165602029596162,677.595089301984,1.01828714481172
"Sigma[5,1]",-0.00223938369652673,0.000569016063081513,0.0321521330719808,-0.0696398898414195,-0.0215992341864532,-0.00128899982953767,0.0184189196119442,0.0589354077801386,3192.79127724101,1.00236559401701
"Sigma[5,2]",0.0323073945581003,0.000539812699532283,0.0297308675092967,-0.0233756324313048,0.0131047972302393,0.0311252793338035,0.0499453968274968,0.0964401526480553,3033.39501113895,1.00145052879076
"Sigma[5,3]",-0.00292411390171578,0.000670740854348653,0.0357835421758854,-0.0762856897561527,-0.0244029045960675,-0.00262191714585503,0.0182220413409104,0.0700498141352932,2846.14576079667,0.999820371279823
"Sigma[5,4]",0.000698576245682889,0.00046955136179021,0.0278893026492506,-0.055534389592892,-0.0165856247107417,0.000982919937070244,0.0181244157028665,0.054982316569746,3527.84179874162,1.00087155379391
"Sigma[5,5]",0.147143576329486,0.00183085240027294,0.0530581467646784,0.0662999008459369,0.109542006763709,0.139682790410926,0.176182781537771,0.27201641114049,839.84179940798,1.00952319216775
"Sigma[5,6]",0.0340989899054892,0.000658646299600818,0.0318925979527884,-0.0261003982514184,0.0135410906093254,0.0329979127935036,0.0535023418848744,0.102180980072948,2344.63521582049,1.00336748781375
"Sigma[5,7]",-0.000483384561307705,0.000385090977841829,0.0351742444772088,-0.0737294909952201,-0.0211910979899263,-0.000216798972260393,0.0207933161280484,0.0694658709237115,8343.01199516843,1.00015595080875
"Sigma[5,8]",0.0486494864063765,0.000784755048531672,0.0327585384939508,-0.0115223235989688,0.0270010369384882,0.0473425060663673,0.0687808124268665,0.117820001791194,1742.53214641399,1.00475172897571
"Sigma[5,9]",0.0212753135519621,0.000487272527075319,0.03400315196402,-0.0446763814303596,-0.000222162376875288,0.0210335437938894,0.0423524521437571,0.0916781757843511,4869.61358739337,0.999924059497645
"Sigma[5,10]",0.0282402846569763,0.000652289650535152,0.0342608275979043,-0.0361238287083,0.00622439705563762,0.0262303462264623,0.049368661685372,0.0998905885716508,2758.76509937627,1.00181840917941
"Sigma[5,11]",0.0411992980306627,0.00101868551618593,0.0470016603393526,-0.0459925426401556,0.0107198437053651,0.0388239108682617,0.0696411393778813,0.142291068901603,2128.85526883325,1.00460978733478
"Sigma[5,12]",0.024867860815778,0.000610855763027672,0.0325580699260472,-0.0365710600511569,0.00374947495521964,0.0238496465862655,0.0447331906065806,0.0924084922025239,2840.79537429472,1.00364051129097
"Sigma[5,13]",0.0204996481404102,0.000467991823980315,0.0313327347115914,-0.0402240269892289,0.000464611929584099,0.0191222494237937,0.0394887032175398,0.0858128637719594,4482.49766080947,1.00013875190044
"Sigma[5,14]",0.0254753301620666,0.000508007037500288,0.0336527447366431,-0.0403857044331046,0.00413336851341265,0.0251436328254244,0.0462746681118848,0.093400351719433,4388.35269906071,1.00029976811554
"Sigma[5,15]",-0.00873758298532152,0.000667015276447306,0.0345141982420547,-0.0822091627720279,-0.0295921890130678,-0.00786875142001394,0.0138750359294157,0.056794746289657,2677.46632568553,1.00200903176149
"Sigma[6,1]",0.0112392970837598,0.000442740656675807,0.0331895775835122,-0.0533935885598896,-0.00946537309678937,0.0105585948111517,0.031018054821575,0.0800381873685404,5619.59011981556,1.0004989557602
"Sigma[6,2]",0.0181129362054704,0.000490153232144346,0.0311799042555019,-0.042628457608929,-0.00177828057712488,0.0172272033203551,0.0370172464189417,0.0828787882764374,4046.55840401362,1.00078506444005
"Sigma[6,3]",-0.00101254193779303,0.000637616721095236,0.0362145071955822,-0.0733693756498519,-0.0229133458120935,-0.00138700158246211,0.0206260169179918,0.0727816040816736,3225.86184798379,1.00007169674799
"Sigma[6,4]",0.0145996474566146,0.000378961608861986,0.0284439674797649,-0.0422058068794642,-0.00310495684487476,0.0144949577387257,0.0325034554443269,0.072506234947091,5633.65069611562,1.00104087804072
"Sigma[6,5]",0.0340989899054892,0.000658646299600818,0.0318925979527884,-0.0261003982514184,0.0135410906093254,0.0329979127935036,0.0535023418848744,0.102180980072948,2344.63521582049,1.00336748781375
"Sigma[6,6]",0.146911238847132,0.00153647389142522,0.0572852924861897,0.063828711692685,0.106926449473051,0.138039277221793,0.176209045699799,0.285910778432242,1390.06753304602,1.0052668840218
"Sigma[6,7]",4.22307691719749e-05,0.000406208268910158,0.034519280591001,-0.0689518269811558,-0.0205562621501884,4.18527073161016e-05,0.0205586572454225,0.0703481383250438,7221.47567328125,0.99991324594291
"Sigma[6,8]",0.0347465934403459,0.000611750726175308,0.0326217179823174,-0.0276032684852906,0.0138388740623999,0.0333054343890626,0.0544620888548138,0.103570489026628,2843.57489070144,1.00106225867832
"Sigma[6,9]",0.0146492117939772,0.000560766839061567,0.0353580355076545,-0.0554655823706762,-0.00708433003857575,0.0147857786774829,0.0369684742595427,0.0846856076985578,3975.68170949365,1.00010002251899
"Sigma[6,10]",0.0389112760776818,0.000791766606494497,0.0364243034209162,-0.0292200791646149,0.0151876483520565,0.0378424731661404,0.0601246612582173,0.116752156732802,2116.35319462294,1.00357962892257
"Sigma[6,11]",0.00119412732837243,0.000779949441662557,0.0474307343609694,-0.0909271639637804,-0.0287575389731828,0.000775722160389603,0.0312737804872101,0.0960235738518988,3698.1693473144,1.00036767479873
"Sigma[6,12]",0.0278368451565236,0.000670555858066026,0.0333900427999885,-0.0345802438480263,0.00565833033268868,0.0262243755735522,0.0486275033264311,0.0959574239603327,2479.49952623427,1.00309757041056
"Sigma[6,13]",0.0297709039366993,0.000531009106541213,0.0315476617135347,-0.029941191260852,0.0096440274506313,0.0285535467598721,0.0490847110906397,0.094620051902372,3529.63999855458,1.00089066193661
"Sigma[6,14]",0.00310027618155729,0.00066934072720526,0.0360925330414534,-0.0706452085556025,-0.0186901545282589,0.00346871120583226,0.0257971980933936,0.0739910355029103,2907.63724345617,1.00124787386684
"Sigma[6,15]",-0.00299204839043776,0.000493330541299468,0.0342230070497879,-0.0731708869445719,-0.0240210677642275,-0.00248924677733697,0.0183172575133133,0.0646961658926229,4812.38459557015,1.00067251914057
"Sigma[7,1]",0.000574653724731853,0.000405361391311997,0.036800953818037,-0.0750368758466876,-0.0208484117648459,4.16442178115353e-05,0.0222739368690241,0.07626933139063,8242.0147266711,1.00002453467747
"Sigma[7,2]",-0.000275657869658467,0.000362012811593335,0.0328834446846558,-0.0663289490182617,-0.0203723439344926,-7.17723135932907e-05,0.0196729794839728,0.0665022009154863,8251.0027168488,0.999822533876818
"Sigma[7,3]",0.001282795799078,0.000432857711639808,0.0365172213688343,-0.0721687339644811,-0.0202476569433047,0.00066310377731894,0.0220977576991096,0.0769939861371888,7117.13379384467,1.00004153933185
"Sigma[7,4]",0.000542442541067814,0.000367399782624956,0.0342031070546932,-0.0679615422466255,-0.0198910294910565,-1.6556661285508e-05,0.0212103104262243,0.0689078755777587,8666.69133525336,0.999870894173841
"Sigma[7,5]",-0.000483384561307704,0.000385090977841829,0.0351742444772088,-0.0737294909952201,-0.0211910979899263,-0.000216798972260393,0.0207933161280484,0.0694658709237115,8343.01199516843,1.00015595080875
"Sigma[7,6]",4.22307691719749e-05,0.000406208268910158,0.034519280591001,-0.0689518269811558,-0.0205562621501884,4.18527073161016e-05,0.0205586572454225,0.0703481383250438,7221.47567328125,0.99991324594291
"Sigma[7,7]",0.148416322936846,0.00178711009568849,0.0777967379863815,0.0397353023655898,0.0945585825252858,0.135786213544007,0.186663870584373,0.335525942041606,1895.04775401435,1.0032029636875
"Sigma[7,8]",-0.00115370689090885,0.000611491926146821,0.0364762184348977,-0.0741482984936751,-0.0237711520027941,-0.000905853106145093,0.0213769708649462,0.0730365527189472,3558.26395429659,0.999707195283841
"Sigma[7,9]",0.000902442011412674,0.000731999238807954,0.0412934527203099,-0.0804696324635403,-0.0237429457258153,-0.000170134188513721,0.0255164047003082,0.0870642034012143,3182.30012815897,1.00017740547914
"Sigma[7,10]",-0.00063581668377268,0.000664326436449582,0.0404620343807264,-0.0804789218945649,-0.0247993603134666,-0.0010029859648338,0.023671518070685,0.0816029648447244,3709.64506726265,1.00023437318008
"Sigma[7,11]",-0.00129438921109355,0.00120146635730721,0.0568644431887835,-0.114030682206949,-0.0361543834853028,-0.00183044138215872,0.0333859675166146,0.112754330714748,2240.05330425305,1.00132848079418
"Sigma[7,12]",-0.0007851419900066,0.000700482748165252,0.0368084710392724,-0.0766008139501528,-0.023535522191789,-0.000777698541058016,0.0218748913995342,0.0724285887195331,2761.21782608897,1.00055707006124
"Sigma[7,13]",2.09909415857297e-05,0.00059769406068754,0.0366680892282498,-0.0756428524790637,-0.0221189711702839,0.000668439909744969,0.0218024927111412,0.0749243172665846,3763.73188703327,1.00038597950885
"Sigma[7,14]",0.000446864168835734,0.000693133522019635,0.0396388916776162,-0.0788003417938708,-0.0240779496162792,0.000449834212749086,0.0244521679728808,0.082411005020275,3270.46269399599,0.999886475011883
"Sigma[7,15]",-0.000903868963521517,0.000588887959761796,0.0401731686669869,-0.0814748392778781,-0.0252090765168245,-0.0006865575919851,0.0237759270139792,0.0804602142632775,4653.79047512167,1.00065695429357
"Sigma[8,1]",0.0414761814638273,0.000704571067712092,0.0327480513133498,-0.0174900325642949,0.0192322325842762,0.0391234007236529,0.0611014226144938,0.111597179517082,2160.33605306774,1.00438249649176
"Sigma[8,2]",0.026179202109355,0.000491597250272787,0.0281408995056152,-0.025242174849699,0.00788152857129192,0.0247361053396097,0.0429978341701086,0.0863301221797963,3276.85376339881,1.0015040861536
"Sigma[8,3]",-0.000943232952845539,0.000780130620004305,0.0379701175641658,-0.0775792175297437,-0.0243670303167651,-0.000980748722160221,0.0222925436412194,0.0769049525575362,2368.91367602964,1.00013478701966
"Sigma[8,4]",0.00657141575566152,0.000350459501134738,0.0260969064116825,-0.0466751665406967,-0.00928583881316768,0.00697316797734883,0.022642285433441,0.0585273395187137,5545.01058302765,1.00038047427741
"Sigma[8,5]",0.0486494864063765,0.000784755048531672,0.0327585384939508,-0.0115223235989688,0.0270010369384882,0.0473425060663673,0.0687808124268665,0.117820001791194,1742.53214641399,1.00475172897571
"Sigma[8,6]",0.0347465934403459,0.000611750726175308,0.0326217179823174,-0.0276032684852906,0.0138388740623999,0.0333054343890626,0.0544620888548138,0.103570489026628,2843.57489070144,1.00106225867832
"Sigma[8,7]",-0.00115370689090885,0.000611491926146821,0.0364762184348977,-0.074148298493675,-0.0237711520027941,-0.000905853106145093,0.0213769708649462,0.0730365527189472,3558.26395429659,0.999707195283841
"Sigma[8,8]",0.1569702478501,0.001599448980542,0.0506251024564837,0.0764469360583826,0.120557423164574,0.150335209212387,0.186847256162893,0.270712456103049,1001.82311384647,1.00666960574329
"Sigma[8,9]",0.0647259888497746,0.000832025349948888,0.0357977468977448,0.00148391830814555,0.040311490503522,0.062118135480523,0.0864443771546359,0.142992833121029,1851.13575457367,1.00350396443628
"Sigma[8,10]",0.0133215563588907,0.000405485179308135,0.0315530033904943,-0.0499918819542988,-0.00621445939050059,0.0129889191342899,0.0327037409839192,0.0774438725513629,6055.24107085913,1.00034240460017
"Sigma[8,11]",0.0345578952933447,0.000714010140647357,0.0422302020238544,-0.0441778555849583,0.00688768822159397,0.0328887067925964,0.0596686720731759,0.124091697701945,3498.14299553417,1.00076962706075
"Sigma[8,12]",0.0308901042388385,0.000562073610158047,0.0307951943416711,-0.0270871580158361,0.0109662639259553,0.0295664871705319,0.0497731710733431,0.0959153590600052,3001.78447961453,1.00412329512743
"Sigma[8,13]",0.00804925206759762,0.000396009149109483,0.0296231540298544,-0.0511851716025491,-0.010317065938724,0.00823324644216892,0.0264064352738223,0.0678504613747099,5595.67076986863,0.999944215829969
"Sigma[8,14]",0.0418867989561903,0.000509261143185405,0.032611758755932,-0.0182487494875524,0.0205313278608537,0.0402948122322457,0.0616530731093122,0.111890408300933,4100.78840393238,1.00086223240496
"Sigma[8,15]",-0.00271569843294689,0.000471888522971327,0.0330866393708199,-0.0712850563984631,-0.0231358703352461,-0.00166859320649667,0.0180555681800731,0.0609392162641243,4916.16540263112,1.00099347349295
"Sigma[9,1]",0.051566062816544,0.000908971562071703,0.0380493362323416,-0.0166583410254884,0.0259516818823951,0.048879939495983,0.0749726951013533,0.133516340920208,1752.23994909639,1.00464361116461
"Sigma[9,2]",0.013771043032277,0.000531879881689468,0.0332429634182283,-0.0519657197854684,-0.00691629527430015,0.0130224518275734,0.0341614897602437,0.0829862175336407,3906.36064903628,0.999907884193653
"Sigma[9,3]",0.00322925416377353,0.000879884130968083,0.0430888422842166,-0.0843928829483253,-0.0235665957326511,0.00316838235543971,0.0297683818654491,0.0882362256314879,2398.16290463601,1.00274094587549
"Sigma[9,4]",0.0298483815294516,0.000429522188391629,0.0300923419990425,-0.0282551783909824,0.0104076256842296,0.0291227984313189,0.0487365620174468,0.0930940023089371,4908.40930248503,1.00023078798823
"Sigma[9,5]",0.0212753135519621,0.000487272527075319,0.03400315196402,-0.0446763814303596,-0.000222162376875288,0.0210335437938894,0.0423524521437571,0.0916781757843511,4869.61358739337,0.999924059497645
"Sigma[9,6]",0.0146492117939772,0.000560766839061567,0.0353580355076545,-0.0554655823706762,-0.00708433003857575,0.0147857786774829,0.0369684742595427,0.0846856076985578,3975.68170949365,1.00010002251899
"Sigma[9,7]",0.000902442011412674,0.000731999238807954,0.0412934527203099,-0.0804696324635403,-0.0237429457258153,-0.000170134188513721,0.0255164047003082,0.0870642034012143,3182.30012815897,1.00017740547914
"Sigma[9,8]",0.0647259888497746,0.000832025349948888,0.0357977468977448,0.00148391830814555,0.040311490503522,0.062118135480523,0.0864443771546359,0.142992833121029,1851.13575457367,1.00350396443628
"Sigma[9,9]",0.202483726836476,0.0021740007808258,0.067833425325204,0.0959434845158497,0.153859295491635,0.193364605480784,0.240469392783259,0.357372052565675,973.572065203662,1.00415774318858
"Sigma[9,10]",0.0140170452744213,0.000475242474487206,0.036066623892633,-0.0580940787297513,-0.0087595924982453,0.014017989963541,0.0365673301997654,0.0869004904665221,5759.44300632729,1.00079134041054
"Sigma[9,11]",-0.0301689968110985,0.000613845745767375,0.0473555313861434,-0.13045848639322,-0.058360872471019,-0.028741760099478,-0.000130783826365354,0.0611544910006039,5951.45189936747,1.0007892785011
"Sigma[9,12]",-0.00918502146368913,0.000417310365752371,0.0341762398312733,-0.0793651616576509,-0.0303301706357393,-0.00840466441597871,0.0121160665944358,0.0574132741560062,6707.02943631601,1.00032178313856
"Sigma[9,13]",0.00390463462739312,0.000434872837854474,0.0342558277353475,-0.0651487580002643,-0.0175128661685758,0.00416461888929949,0.0252543369659866,0.0723270382748858,6205.03687855864,0.999649015581548
"Sigma[9,14]",0.0742090687024172,0.000955023774590594,0.0397878152631132,0.00328944363991152,0.0468128109562299,0.0718027322809238,0.0985885897884712,0.160970646337113,1735.68863324257,1.00266246358218
"Sigma[9,15]",0.00612089280805399,0.000441399522974376,0.0365972507481324,-0.0668646726762761,-0.0166657869741619,0.00592991166403105,0.0289773656290706,0.0780462990583993,6874.37476117913,0.999739098034192
"Sigma[10,1]",-0.00184058714162179,0.000506367240239494,0.0337849864240174,-0.0707237594342203,-0.022200111793347,-0.00210868000944669,0.0184042841220949,0.0661732439699629,4451.60165897584,1.00014737343618
"Sigma[10,2]",0.0323648243583387,0.000587546033554198,0.032456209434773,-0.0299249906272577,0.0116512031657601,0.0310334280136253,0.0515334867969601,0.103049675165367,3051.48891588378,1.00257646797543
"Sigma[10,3]",-0.00539529725998998,0.0008470839325515,0.0393558118250804,-0.0858995967508834,-0.0292339797035828,-0.00528567995707484,0.0189575342461069,0.0718080685926327,2158.56366572211,1.00068590377371
"Sigma[10,4]",0.0358395725824266,0.000415205716359721,0.0297806414250008,-0.0213398270095052,0.0168321194169622,0.0352395378916517,0.0536903456030009,0.0975937362660475,5144.47957020141,1.00026111695535
"Sigma[10,5]",0.0282402846569763,0.000652289650535152,0.0342608275979043,-0.0361238287083,0.00622439705563762,0.0262303462264623,0.049368661685372,0.0998905885716508,2758.76509937627,1.00181840917941
"Sigma[10,6]",0.0389112760776818,0.000791766606494497,0.0364243034209162,-0.0292200791646149,0.0151876483520565,0.0378424731661404,0.0601246612582173,0.116752156732802,2116.35319462294,1.00357962892257
"Sigma[10,7]",-0.00063581668377268,0.000664326436449582,0.0404620343807264,-0.0804789218945649,-0.0247993603134666,-0.0010029859648338,0.023671518070685,0.0816029648447244,3709.64506726265,1.00023437318008
"Sigma[10,8]",0.0133215563588907,0.000405485179308135,0.0315530033904943,-0.0499918819542988,-0.00621445939050059,0.0129889191342899,0.0327037409839192,0.0774438725513629,6055.24107085913,1.00034240460017
"Sigma[10,9]",0.0140170452744213,0.000475242474487206,0.036066623892633,-0.0580940787297513,-0.0087595924982453,0.014017989963541,0.0365673301997654,0.0869004904665221,5759.44300632729,1.00079134041054
"Sigma[10,10]",0.185444503646713,0.00200373844541597,0.0619099112971249,0.0894527600316223,0.141951594578161,0.17725298110799,0.220969483095006,0.32599812438696,954.637085074059,1.00811379678772
"Sigma[10,11]",0.00973082690692962,0.000614801757538432,0.0468748346990902,-0.0793472952480374,-0.0202105661542389,0.00868858305384474,0.0378782315284045,0.106274160470757,5813.12012828511,1.00015008688596
"Sigma[10,12]",0.0309346690562188,0.000648502104459235,0.0336583892555748,-0.0305701072204085,0.00904593039225548,0.0294114764742936,0.0515268665837673,0.100835134623813,2693.79087761334,1.00162621701316
"Sigma[10,13]",0.0371158740832665,0.000666109238246594,0.0344203344615476,-0.0241988316079957,0.01488460425978,0.0348959337756331,0.0568356504843586,0.111625978742539,2670.17212768273,1.00120890595488
"Sigma[10,14]",-0.0294408919508367,0.000775090138658107,0.0367163434352703,-0.109015493207008,-0.0522182995102265,-0.0271076671231393,-0.00514307361892845,0.0372901609183554,2243.95645007877,1.00290354321699
"Sigma[10,15]",-0.00058829301460131,0.000650531382806279,0.0378153204952279,-0.0790946359740438,-0.023861102596686,0.00101031979111265,0.0231319309478794,0.0724827897714405,3379.08460665864,1.00060592204167
"Sigma[11,1]",-0.0321112131871806,0.000674900423430247,0.0446924291987064,-0.127061831547168,-0.0581738535705905,-0.030370678014031,-0.00359449984072783,0.0542748521702383,4385.19106344734,1.0013693974679
"Sigma[11,2]",0.0460313889354616,0.00069433757395685,0.0396313888852804,-0.0275424681880692,0.0199921000256377,0.0434006588018267,0.0702057533425298,0.130483737565177,3257.89624901619,0.99995109087213
"Sigma[11,3]",-0.0053817902139148,0.00123000938319482,0.0568176809474242,-0.119318073174707,-0.0408876187894051,-0.00453619261652028,0.0295126785492686,0.105140205646175,2133.78254655295,1.00168982348051
"Sigma[11,4]",-0.00495260635698593,0.00046484316539315,0.0367831552600777,-0.0808522247880718,-0.0276024401351922,-0.00430349801844707,0.0187226323508042,0.0665369171852848,6261.59625116048,1.00037636952299
"Sigma[11,5]",0.0411992980306627,0.00101868551618593,0.0470016603393526,-0.0459925426401556,0.0107198437053651,0.0388239108682617,0.0696411393778813,0.142291068901603,2128.85526883325,1.00460978733478
"Sigma[11,6]",0.00119412732837243,0.000779949441662558,0.0474307343609694,-0.0909271639637804,-0.0287575389731828,0.000775722160389603,0.0312737804872101,0.0960235738518988,3698.1693473144,1.00036767479873
"Sigma[11,7]",-0.00129438921109355,0.00120146635730721,0.0568644431887835,-0.114030682206949,-0.0361543834853028,-0.00183044138215872,0.0333859675166146,0.112754330714748,2240.05330425305,1.00132848079418
"Sigma[11,8]",0.0345578952933447,0.000714010140647357,0.0422302020238544,-0.0441778555849583,0.00688768822159397,0.0328887067925964,0.0596686720731759,0.124091697701945,3498.14299553417,1.00076962706075
"Sigma[11,9]",-0.0301689968110985,0.000613845745767375,0.0473555313861434,-0.13045848639322,-0.058360872471019,-0.028741760099478,-0.000130783826365354,0.0611544910006039,5951.45189936747,1.0007892785011
"Sigma[11,10]",0.00973082690692962,0.000614801757538432,0.0468748346990902,-0.0793472952480374,-0.0202105661542389,0.00868858305384474,0.0378782315284045,0.106274160470757,5813.12012828511,1.00015008688596
"Sigma[11,11]",0.376712744459399,0.00362079422573128,0.126886821957321,0.187931907630758,0.287362341781944,0.35595841800393,0.446273348193611,0.673213442979709,1228.07630524111,1.00202103110631
"Sigma[11,12]",0.0833205249416126,0.00123167067394235,0.0497629117966311,-0.0034103011836998,0.0489467098310671,0.0801396927937605,0.1131007490615,0.190456583107525,1632.38414131266,1.00364358678821
"Sigma[11,13]",0.0425509806057229,0.000890250835425541,0.0434402710089502,-0.0378311185731307,0.0148550702508606,0.0403815609248712,0.0684577372130803,0.134872986593039,2381.00480708482,1.00201682638303
"Sigma[11,14]",0.0135294022989898,0.00074519186591327,0.0476533652271126,-0.078256081435747,-0.0163578865455305,0.0120707857008986,0.0417019194918696,0.113412511227558,4089.31852022874,1.00134923367946
"Sigma[11,15]",0.0230416192587464,0.000567778073149847,0.046508896462751,-0.0718061583969269,-0.0060680997321461,0.0236912997971305,0.0508706528425244,0.116431988261587,6709.88128754659,0.999687339389267
"Sigma[12,1]",-0.00340607144627885,0.000474116115547712,0.032215544024907,-0.0685596003104453,-0.0231527220107341,-0.00358053097093684,0.0159782793873515,0.0628899990680459,4617.01732568013,1.00163020924162
"Sigma[12,2]",0.0163688343789429,0.000538050678712981,0.0297109866764767,-0.0425559319109074,-0.00182727293170759,0.0162035844239803,0.0340535322169075,0.0776900265681877,3049.21313610248,1.00038241788502
"Sigma[12,3]",-0.00212119028028923,0.000778963952009905,0.0381412278294884,-0.0788117200131104,-0.0260838439422206,-0.00222207809241922,0.020412924899302,0.0754265365209633,2397.47793280909,1.00081454842113
"Sigma[12,4]",0.00356704959086634,0.000435379954272963,0.0271962189247939,-0.0533554906287272,-0.0125406168808226,0.0040960365956978,0.020464756946259,0.0561082359464811,3901.9365069149,0.999742781336617
"Sigma[12,5]",0.024867860815778,0.000610855763027672,0.0325580699260472,-0.0365710600511569,0.00374947495521964,0.0238496465862655,0.0447331906065806,0.0924084922025239,2840.79537429472,1.00364051129097
"Sigma[12,6]",0.0278368451565236,0.000670555858066026,0.0333900427999885,-0.0345802438480262,0.00565833033268868,0.0262243755735522,0.0486275033264311,0.0959574239603327,2479.49952623427,1.00309757041056
"Sigma[12,7]",-0.0007851419900066,0.000700482748165252,0.0368084710392724,-0.0766008139501528,-0.023535522191789,-0.000777698541058016,0.0218748913995342,0.0724285887195331,2761.21782608897,1.00055707006124
"Sigma[12,8]",0.0308901042388385,0.000562073610158047,0.0307951943416711,-0.0270871580158361,0.0109662639259553,0.0295664871705319,0.0497731710733431,0.0959153590600052,3001.78447961453,1.00412329512743
"Sigma[12,9]",-0.00918502146368913,0.000417310365752371,0.0341762398312733,-0.0793651616576509,-0.0303301706357393,-0.00840466441597871,0.0121160665944358,0.0574132741560062,6707.02943631601,1.00032178313856
"Sigma[12,10]",0.0309346690562188,0.000648502104459235,0.0336583892555748,-0.0305701072204085,0.00904593039225548,0.0294114764742936,0.0515268665837673,0.100835134623813,2693.79087761334,1.00162621701316
"Sigma[12,11]",0.0833205249416126,0.00123167067394235,0.0497629117966311,-0.0034103011836998,0.0489467098310671,0.0801396927937605,0.1131007490615,0.190456583107525,1632.38414131266,1.00364358678821
"Sigma[12,12]",0.161401482210426,0.00184314576693903,0.0538329824580417,0.0750497054724716,0.123859317213828,0.154701953703797,0.191468840595606,0.284892919921035,853.055949511742,1.00679950497418
"Sigma[12,13]",0.0410541612057357,0.000851245402207597,0.0335332578484191,-0.0188480594634167,0.0186543397713843,0.0386050481222937,0.060854947135371,0.114893181920013,1551.82212100909,1.00352669490813
"Sigma[12,14]",-0.0173441327781968,0.000400516228041882,0.032707266486157,-0.0854305357392455,-0.0368817033534809,-0.0168747039880253,0.00381471140123248,0.0455896224955572,6668.8087683913,1.00015551014121
"Sigma[12,15]",0.000640249101308518,0.000487012595880315,0.0333715410849662,-0.0679897389705953,-0.0199969950394044,0.00131958685982305,0.0223566761359335,0.0640934543650911,4695.3950504283,1.00095863437277
"Sigma[13,1]",-0.00349383970544141,0.000452169855031813,0.031856020662406,-0.0693801541889941,-0.02304107277741,-0.00276184096047412,0.0165717247397542,0.0592129532840618,4963.40641107881,1.00044278971944
"Sigma[13,2]",0.0275502414729865,0.000512234956081188,0.030935153706943,-0.0335951152420614,0.0083582284997858,0.0264982362703243,0.0460978091760952,0.0917361337453709,3647.25502817282,1.00019057889262
"Sigma[13,3]",-0.00104588339084523,0.000746098038662179,0.0380749125862013,-0.0785346122186409,-0.0238445690793262,-0.000946390213051243,0.021621990592429,0.0756412232407988,2604.27015077143,1.00091839666616
"Sigma[13,4]",0.029356708307876,0.000391184674686611,0.0273466236533458,-0.0245344141768125,0.0120387663101653,0.0287157146285236,0.0459734054579515,0.0859805853377613,4887.01602678891,1.00116330269409
"Sigma[13,5]",0.0204996481404102,0.000467991823980315,0.0313327347115914,-0.0402240269892289,0.0004646119295841,0.0191222494237937,0.0394887032175398,0.0858128637719594,4482.49766080947,1.00013875190044
"Sigma[13,6]",0.0297709039366993,0.000531009106541213,0.0315476617135347,-0.029941191260852,0.0096440274506313,0.0285535467598721,0.0490847110906397,0.094620051902372,3529.63999855458,1.00089066193661
"Sigma[13,7]",2.09909415857297e-05,0.00059769406068754,0.0366680892282498,-0.0756428524790637,-0.0221189711702839,0.000668439909744969,0.0218024927111413,0.0749243172665846,3763.73188703327,1.00038597950885
"Sigma[13,8]",0.00804925206759762,0.000396009149109483,0.0296231540298544,-0.0511851716025491,-0.010317065938724,0.00823324644216892,0.0264064352738223,0.0678504613747099,5595.67076986863,0.999944215829969
"Sigma[13,9]",0.00390463462739312,0.000434872837854474,0.0342558277353475,-0.0651487580002643,-0.0175128661685758,0.00416461888929949,0.0252543369659866,0.0723270382748858,6205.03687855864,0.999649015581548
"Sigma[13,10]",0.0371158740832665,0.000666109238246594,0.0344203344615476,-0.0241988316079957,0.01488460425978,0.0348959337756331,0.0568356504843586,0.111625978742539,2670.17212768273,1.00120890595488
"Sigma[13,11]",0.0425509806057229,0.000890250835425541,0.0434402710089502,-0.0378311185731307,0.0148550702508606,0.0403815609248712,0.0684577372130803,0.134872986593039,2381.00480708482,1.00201682638303
"Sigma[13,12]",0.0410541612057357,0.000851245402207597,0.0335332578484191,-0.0188480594634167,0.0186543397713843,0.0386050481222937,0.060854947135371,0.114893181920013,1551.82212100909,1.00352669490813
"Sigma[13,13]",0.154290642948334,0.00173361627376454,0.0540375449454779,0.0729088271741218,0.116249796073282,0.146283132216133,0.183371701465119,0.284620061318197,971.594995715952,1.00524618819306
"Sigma[13,14]",0.0177610100396315,0.000574834665021119,0.0349027286551303,-0.0471997529846661,-0.00469462988900382,0.0163091039059779,0.0393759801641071,0.0895299457946967,3686.65808805789,1.0006149704097
"Sigma[13,15]",0.00911152325489102,0.000576280688129423,0.0349016734563052,-0.0639607159527005,-0.011756446786485,0.00990171881800073,0.0310079700033806,0.076125536693,3667.95813081812,1.00120117035873
"Sigma[14,1]",0.0316373408815115,0.000609233454250262,0.0350459425561411,-0.0332020199133296,0.00922153360780179,0.0301175522510649,0.0531248759303375,0.103898264930002,3309.0856091806,1.00065009513688
"Sigma[14,2]",0.00669018702697041,0.00049076305988071,0.0311093415275251,-0.0568577529202426,-0.0128345246539874,0.00686089196170663,0.0260482378988484,0.0686549125076195,4018.25881695805,1.00038433675403
"Sigma[14,3]",0.00539758326790283,0.000798606574832597,0.0408770459687116,-0.0762697006319201,-0.0189628302777157,0.00494782846670934,0.0299236661652783,0.0889437647510956,2619.95145345363,1.0005360943125
"Sigma[14,4]",0.017271049852269,0.00046274130644383,0.0298495604071534,-0.0401424474427694,-0.00212436933328055,0.0163863570944188,0.0358039502493031,0.0791324687472633,4161.01558662251,1.00026970994113
"Sigma[14,5]",0.0254753301620666,0.000508007037500288,0.0336527447366431,-0.0403857044331046,0.00413336851341266,0.0251436328254244,0.0462746681118848,0.0934003517194331,4388.35269906071,1.00029976811554
"Sigma[14,6]",0.00310027618155729,0.00066934072720526,0.0360925330414534,-0.0706452085556026,-0.0186901545282589,0.00346871120583226,0.0257971980933936,0.0739910355029103,2907.63724345617,1.00124787386684
"Sigma[14,7]",0.000446864168835734,0.000693133522019635,0.0396388916776162,-0.0788003417938708,-0.0240779496162792,0.000449834212749086,0.0244521679728807,0.082411005020275,3270.46269399599,0.999886475011883
"Sigma[14,8]",0.0418867989561903,0.000509261143185405,0.032611758755932,-0.0182487494875525,0.0205313278608537,0.0402948122322457,0.0616530731093122,0.111890408300933,4100.78840393238,1.00086223240496
"Sigma[14,9]",0.0742090687024172,0.000955023774590594,0.0397878152631132,0.00328944363991152,0.0468128109562299,0.0718027322809238,0.0985885897884712,0.160970646337113,1735.68863324257,1.00266246358218
"Sigma[14,10]",-0.0294408919508367,0.000775090138658107,0.0367163434352703,-0.109015493207008,-0.0522182995102265,-0.0271076671231393,-0.00514307361892845,0.0372901609183554,2243.95645007877,1.00290354321699
"Sigma[14,11]",0.0135294022989898,0.00074519186591327,0.0476533652271126,-0.078256081435747,-0.0163578865455305,0.0120707857008986,0.0417019194918696,0.113412511227558,4089.31852022874,1.00134923367946
"Sigma[14,12]",-0.0173441327781968,0.000400516228041882,0.032707266486157,-0.0854305357392455,-0.0368817033534809,-0.0168747039880253,0.00381471140123248,0.0455896224955572,6668.8087683913,1.00015551014121
"Sigma[14,13]",0.0177610100396315,0.000574834665021119,0.0349027286551303,-0.0471997529846661,-0.00469462988900382,0.0163091039059779,0.0393759801641071,0.0895299457946967,3686.65808805789,1.0006149704097
"Sigma[14,14]",0.18789212924877,0.00220220933927228,0.063553385001449,0.0874698555921808,0.142991790678817,0.18047278662796,0.222995762765182,0.333939524257373,832.837312214022,1.0073124892314
"Sigma[14,15]",0.012847368584968,0.000500515123618399,0.0372479704287606,-0.059086889398307,-0.0101511714062448,0.0118350348785991,0.0352223788395409,0.0912063480963996,5538.22783806655,0.999819619265899
"Sigma[15,1]",0.0131724558262093,0.000609357745965614,0.0347000624773463,-0.0520401351435786,-0.0090711901743414,0.0119102012577013,0.0336042238811647,0.0871556320762116,3242.76772027899,1.00153649101574
"Sigma[15,2]",0.01557151223918,0.000590651786040719,0.0327514923493089,-0.048010595671152,-0.00420640963237476,0.0154907128487304,0.0346677970307141,0.0806251741716106,3074.67448897543,1.000946210157
"Sigma[15,3]",0.000292322686601228,0.000893479481522077,0.0411551744306336,-0.0849195858342213,-0.024093652623636,3.85426758754963e-05,0.0257429971636071,0.082371099067208,2121.67923734079,1.00177791312245
"Sigma[15,4]",0.0770224234199008,0.0015351505880714,0.0399609779724039,0.00980009943897455,0.0492699238303456,0.0730000180596998,0.100606436473562,0.165602029596162,677.595089301984,1.01828714481172
"Sigma[15,5]",-0.00873758298532152,0.000667015276447306,0.0345141982420547,-0.0822091627720279,-0.0295921890130678,-0.00786875142001394,0.0138750359294157,0.056794746289657,2677.46632568553,1.00200903176149
"Sigma[15,6]",-0.00299204839043776,0.000493330541299468,0.0342230070497879,-0.0731708869445719,-0.0240210677642275,-0.00248924677733697,0.0183172575133133,0.0646961658926229,4812.38459557015,1.00067251914057
"Sigma[15,7]",-0.000903868963521517,0.000588887959761796,0.0401731686669869,-0.0814748392778781,-0.0252090765168245,-0.0006865575919851,0.0237759270139792,0.0804602142632775,4653.79047512167,1.00065695429357
"Sigma[15,8]",-0.00271569843294689,0.000471888522971327,0.0330866393708199,-0.0712850563984631,-0.0231358703352461,-0.00166859320649667,0.0180555681800731,0.0609392162641243,4916.16540263112,1.00099347349295
"Sigma[15,9]",0.00612089280805399,0.000441399522974376,0.0365972507481324,-0.0668646726762761,-0.0166657869741619,0.00592991166403105,0.0289773656290706,0.0780462990583993,6874.37476117913,0.999739098034192
"Sigma[15,10]",-0.00058829301460131,0.000650531382806279,0.0378153204952279,-0.0790946359740438,-0.023861102596686,0.00101031979111265,0.0231319309478794,0.0724827897714405,3379.08460665864,1.00060592204167
"Sigma[15,11]",0.0230416192587464,0.000567778073149847,0.046508896462751,-0.0718061583969269,-0.0060680997321461,0.0236912997971305,0.0508706528425244,0.116431988261587,6709.88128754659,0.999687339389267
"Sigma[15,12]",0.000640249101308518,0.000487012595880315,0.0333715410849662,-0.0679897389705953,-0.0199969950394044,0.00131958685982305,0.0223566761359335,0.0640934543650911,4695.3950504283,1.00095863437277
"Sigma[15,13]",0.00911152325489102,0.000576280688129423,0.0349016734563052,-0.0639607159527005,-0.011756446786485,0.00990171881800073,0.0310079700033806,0.076125536693,3667.95813081812,1.00120117035873
"Sigma[15,14]",0.012847368584968,0.000500515123618399,0.0372479704287606,-0.059086889398307,-0.0101511714062448,0.0118350348785991,0.0352223788395409,0.0912063480963996,5538.22783806655,0.999819619265899
"Sigma[15,15]",0.189093293327903,0.00260602363932133,0.069216122678957,0.0821185835568693,0.140769268044681,0.180547788085213,0.22632861033731,0.348570054318969,705.436348083313,1.00885103088053
"N_sim[1]",0,NA,0,0,0,0,0,0,NA,NA
"N_sim[2]",0,NA,0,0,0,0,0,0,NA,NA
"N_sim[3]",0,NA,0,0,0,0,0,0,NA,NA
"N_sim[4]",0,NA,0,0,0,0,0,0,NA,NA
"N_sim[5]",0,NA,0,0,0,0,0,0,NA,NA
"N_sim[6]",0,NA,0,0,0,0,0,0,NA,NA
"N_sim[7]",0,NA,0,0,0,0,0,0,NA,NA
"N_sim[8]",0,NA,0,0,0,0,0,0,NA,NA
"N_sim[9]",0,NA,0,0,0,0,0,0,NA,NA
"N_sim[10]",0,NA,0,0,0,0,0,0,NA,NA
"N_sim[11]",0,NA,0,0,0,0,0,0,NA,NA
"N_sim[12]",0,NA,0,0,0,0,0,0,NA,NA
"N_sim[13]",0,NA,0,0,0,0,0,0,NA,NA
"N_sim[14]",0,NA,0,0,0,0,0,0,NA,NA
"N_sim[15]",0,NA,0,0,0,0,0,0,NA,NA
"N_sim[16]",0,NA,0,0,0,0,0,0,NA,NA
"N_sim[17]",0,NA,0,0,0,0,0,0,NA,NA
"N_sim[18]",0,NA,0,0,0,0,0,0,NA,NA
"N_sim[19]",0,NA,0,0,0,0,0,0,NA,NA
"N_sim[20]",0,NA,0,0,0,0,0,0,NA,NA
"N_sim[21]",0,NA,0,0,0,0,0,0,NA,NA
"N_sim[22]",0,NA,0,0,0,0,0,0,NA,NA
"N_sim[23]",0,NA,0,0,0,0,0,0,NA,NA
"N_sim[24]",0,NA,0,0,0,0,0,0,NA,NA
"N_sim[25]",0,NA,0,0,0,0,0,0,NA,NA
"N_sim[26]",0,NA,0,0,0,0,0,0,NA,NA
"N_sim[27]",0,NA,0,0,0,0,0,0,NA,NA
"N_sim[28]",0,NA,0,0,0,0,0,0,NA,NA
"N_sim[29]",0,NA,0,0,0,0,0,0,NA,NA
"N_sim[30]",0,NA,0,0,0,0,0,0,NA,NA
"N_sim[31]",0,NA,0,0,0,0,0,0,NA,NA
"N_sim[32]",0,NA,0,0,0,0,0,0,NA,NA
"N_sim[33]",0,NA,0,0,0,0,0,0,NA,NA
"N_sim[34]",0,NA,0,0,0,0,0,0,NA,NA
"N_sim[35]",0,NA,0,0,0,0,0,0,NA,NA
"N_sim[36]",0,NA,0,0,0,0,0,0,NA,NA
"N_sim[37]",0,NA,0,0,0,0,0,0,NA,NA
"N_sim[38]",0,NA,0,0,0,0,0,0,NA,NA
"N_sim[39]",0,NA,0,0,0,0,0,0,NA,NA
"N_sim[40]",0,NA,0,0,0,0,0,0,NA,NA
"N_sim[41]",0,NA,0,0,0,0,0,0,NA,NA
"N_sim[42]",0,NA,0,0,0,0,0,0,NA,NA
"N_sim[43]",0,NA,0,0,0,0,0,0,NA,NA
"N_sim[44]",0,NA,0,0,0,0,0,0,NA,NA
"N_sim[45]",0,NA,0,0,0,0,0,0,NA,NA
"N_sim[46]",0,NA,0,0,0,0,0,0,NA,NA
"N_sim[47]",0,NA,0,0,0,0,0,0,NA,NA
"N_sim[48]",0,NA,0,0,0,0,0,0,NA,NA
"N_sim[49]",0,NA,0,0,0,0,0,0,NA,NA
"N_sim[50]",0,NA,0,0,0,0,0,0,NA,NA
"N_sim[51]",0,NA,0,0,0,0,0,0,NA,NA
"N_sim[52]",0,NA,0,0,0,0,0,0,NA,NA
"N_sim[53]",0,NA,0,0,0,0,0,0,NA,NA
"N_sim[54]",0,NA,0,0,0,0,0,0,NA,NA
"N_sim[55]",0,NA,0,0,0,0,0,0,NA,NA
"N_sim[56]",0,NA,0,0,0,0,0,0,NA,NA
"N_sim[57]",0,NA,0,0,0,0,0,0,NA,NA
"N_sim[58]",0,NA,0,0,0,0,0,0,NA,NA
"N_sim[59]",0,NA,0,0,0,0,0,0,NA,NA
"N_sim[60]",0,NA,0,0,0,0,0,0,NA,NA
"N_sim[61]",0,NA,0,0,0,0,0,0,NA,NA
"N_sim[62]",0,NA,0,0,0,0,0,0,NA,NA
"N_sim[63]",0,NA,0,0,0,0,0,0,NA,NA
"N_sim[64]",0,NA,0,0,0,0,0,0,NA,NA
"N_sim[65]",0,NA,0,0,0,0,0,0,NA,NA
"N_sim[66]",0,NA,0,0,0,0,0,0,NA,NA
"N_sim[67]",0,NA,0,0,0,0,0,0,NA,NA
"N_sim[68]",0,NA,0,0,0,0,0,0,NA,NA
"N_sim[69]",0,NA,0,0,0,0,0,0,NA,NA
"N_sim[70]",0,NA,0,0,0,0,0,0,NA,NA
"N_sim[71]",0,NA,0,0,0,0,0,0,NA,NA
"N_sim[72]",0,NA,0,0,0,0,0,0,NA,NA
"N_sim[73]",0,NA,0,0,0,0,0,0,NA,NA
"N_sim[74]",0,NA,0,0,0,0,0,0,NA,NA
"N_sim[75]",0,NA,0,0,0,0,0,0,NA,NA
"N_sim[76]",0,NA,0,0,0,0,0,0,NA,NA
"N_sim[77]",0,NA,0,0,0,0,0,0,NA,NA
"N_sim[78]",0,NA,0,0,0,0,0,0,NA,NA
"N_sim[79]",0,NA,0,0,0,0,0,0,NA,NA
"N_sim[80]",0,NA,0,0,0,0,0,0,NA,NA
"N_sim[81]",0,NA,0,0,0,0,0,0,NA,NA
"N_sim[82]",0,NA,0,0,0,0,0,0,NA,NA
"N_sim[83]",0,NA,0,0,0,0,0,0,NA,NA
"N_sim[84]",0,NA,0,0,0,0,0,0,NA,NA
"N_sim[85]",0,NA,0,0,0,0,0,0,NA,NA
"N_sim[86]",0,NA,0,0,0,0,0,0,NA,NA
"N_sim[87]",0,NA,0,0,0,0,0,0,NA,NA
"N_sim[88]",0,NA,0,0,0,0,0,0,NA,NA
"N_sim[89]",0,NA,0,0,0,0,0,0,NA,NA
"N_sim[90]",0,NA,0,0,0,0,0,0,NA,NA
"N_sim[91]",0,NA,0,0,0,0,0,0,NA,NA
"N_sim[92]",0,NA,0,0,0,0,0,0,NA,NA
"N_sim[93]",0,NA,0,0,0,0,0,0,NA,NA
"N_sim[94]",0,NA,0,0,0,0,0,0,NA,NA
"N_sim[95]",0,NA,0,0,0,0,0,0,NA,NA
"N_sim[96]",0,NA,0,0,0,0,0,0,NA,NA
"N_sim[97]",0,NA,0,0,0,0,0,0,NA,NA
"N_sim[98]",0,NA,0,0,0,0,0,0,NA,NA
"N_sim[99]",0,NA,0,0,0,0,0,0,NA,NA
"N_sim[100]",0,NA,0,0,0,0,0,0,NA,NA
"N_sim[101]",0,NA,0,0,0,0,0,0,NA,NA
"N_sim[102]",0,NA,0,0,0,0,0,0,NA,NA
"N_sim[103]",0,NA,0,0,0,0,0,0,NA,NA
"N_sim[104]",0,NA,0,0,0,0,0,0,NA,NA
"N_sim[105]",0,NA,0,0,0,0,0,0,NA,NA
"N_sim[106]",0,NA,0,0,0,0,0,0,NA,NA
"N_sim[107]",0,NA,0,0,0,0,0,0,NA,NA
"N_sim[108]",0,NA,0,0,0,0,0,0,NA,NA
"N_sim[109]",0,NA,0,0,0,0,0,0,NA,NA
"N_sim[110]",0,NA,0,0,0,0,0,0,NA,NA
"N_sim[111]",0,NA,0,0,0,0,0,0,NA,NA
"N_sim[112]",0,NA,0,0,0,0,0,0,NA,NA
"N_sim[113]",0,NA,0,0,0,0,0,0,NA,NA
"N_sim[114]",0,NA,0,0,0,0,0,0,NA,NA
"N_sim[115]",0,NA,0,0,0,0,0,0,NA,NA
"N_sim[116]",0,NA,0,0,0,0,0,0,NA,NA
"N_sim[117]",0,NA,0,0,0,0,0,0,NA,NA
"N_sim[118]",0,NA,0,0,0,0,0,0,NA,NA
"N_sim[119]",0,NA,0,0,0,0,0,0,NA,NA
"N_sim[120]",0,NA,0,0,0,0,0,0,NA,NA
"N_sim[121]",0,NA,0,0,0,0,0,0,NA,NA
"N_sim[122]",0,NA,0,0,0,0,0,0,NA,NA
"N_sim[123]",0,NA,0,0,0,0,0,0,NA,NA
"N_sim[124]",0,NA,0,0,0,0,0,0,NA,NA
"N_sim[125]",0,NA,0,0,0,0,0,0,NA,NA
"N_sim[126]",0,NA,0,0,0,0,0,0,NA,NA
"N_sim[127]",0,NA,0,0,0,0,0,0,NA,NA
"N_sim[128]",0,NA,0,0,0,0,0,0,NA,NA
"N_sim[129]",0,NA,0,0,0,0,0,0,NA,NA
"N_sim[130]",0,NA,0,0,0,0,0,0,NA,NA
"N_sim[131]",0,NA,0,0,0,0,0,0,NA,NA
"N_sim[132]",0,NA,0,0,0,0,0,0,NA,NA
"N_sim[133]",0,NA,0,0,0,0,0,0,NA,NA
"N_sim[134]",0,NA,0,0,0,0,0,0,NA,NA
"N_sim[135]",0,NA,0,0,0,0,0,0,NA,NA
"N_sim[136]",0,NA,0,0,0,0,0,0,NA,NA
"N_sim[137]",0,NA,0,0,0,0,0,0,NA,NA
"N_sim[138]",0,NA,0,0,0,0,0,0,NA,NA
"N_sim[139]",0,NA,0,0,0,0,0,0,NA,NA
"N_sim[140]",0,NA,0,0,0,0,0,0,NA,NA
"N_sim[141]",0,NA,0,0,0,0,0,0,NA,NA
"N_sim[142]",0,NA,0,0,0,0,0,0,NA,NA
"N_sim[143]",0,NA,0,0,0,0,0,0,NA,NA
"N_sim[144]",0,NA,0,0,0,0,0,0,NA,NA
"N_sim[145]",0,NA,0,0,0,0,0,0,NA,NA
"N_sim[146]",0,NA,0,0,0,0,0,0,NA,NA
"N_sim[147]",0,NA,0,0,0,0,0,0,NA,NA
"N_sim[148]",0,NA,0,0,0,0,0,0,NA,NA
"N_sim[149]",0,NA,0,0,0,0,0,0,NA,NA
"N_sim[150]",0,NA,0,0,0,0,0,0,NA,NA
"N_sim[151]",0,NA,0,0,0,0,0,0,NA,NA
"N_sim[152]",0,NA,0,0,0,0,0,0,NA,NA
"N_sim[153]",0,NA,0,0,0,0,0,0,NA,NA
"N_sim[154]",0,NA,0,0,0,0,0,0,NA,NA
"N_sim[155]",0,NA,0,0,0,0,0,0,NA,NA
"N_sim[156]",0,NA,0,0,0,0,0,0,NA,NA
"N_sim[157]",0,NA,0,0,0,0,0,0,NA,NA
"N_sim[158]",0,NA,0,0,0,0,0,0,NA,NA
"N_sim[159]",0,NA,0,0,0,0,0,0,NA,NA
"N_sim[160]",0,NA,0,0,0,0,0,0,NA,NA
"N_sim[161]",0,NA,0,0,0,0,0,0,NA,NA
"N_sim[162]",0,NA,0,0,0,0,0,0,NA,NA
"N_sim[163]",0,NA,0,0,0,0,0,0,NA,NA
"N_sim[164]",0,NA,0,0,0,0,0,0,NA,NA
"N_sim[165]",0,NA,0,0,0,0,0,0,NA,NA
"N_sim[166]",0,NA,0,0,0,0,0,0,NA,NA
"N_sim[167]",0,NA,0,0,0,0,0,0,NA,NA
"N_sim[168]",0,NA,0,0,0,0,0,0,NA,NA
"N_sim[169]",0,NA,0,0,0,0,0,0,NA,NA
"N_sim[170]",0,NA,0,0,0,0,0,0,NA,NA
"N_sim[171]",0,NA,0,0,0,0,0,0,NA,NA
"N_sim[172]",0,NA,0,0,0,0,0,0,NA,NA
"N_sim[173]",0,NA,0,0,0,0,0,0,NA,NA
"N_sim[174]",0,NA,0,0,0,0,0,0,NA,NA
"N_sim[175]",0,NA,0,0,0,0,0,0,NA,NA
"N_sim[176]",0,NA,0,0,0,0,0,0,NA,NA
"N_sim[177]",0,NA,0,0,0,0,0,0,NA,NA
"N_sim[178]",0,NA,0,0,0,0,0,0,NA,NA
"N_sim[179]",0,NA,0,0,0,0,0,0,NA,NA
"N_sim[180]",0,NA,0,0,0,0,0,0,NA,NA
"N_sim[181]",0,NA,0,0,0,0,0,0,NA,NA
"N_sim[182]",0,NA,0,0,0,0,0,0,NA,NA
"N_sim[183]",0,NA,0,0,0,0,0,0,NA,NA
"N_sim[184]",0,NA,0,0,0,0,0,0,NA,NA
"N_sim[185]",0,NA,0,0,0,0,0,0,NA,NA
"N_sim[186]",0,NA,0,0,0,0,0,0,NA,NA
"N_sim[187]",0,NA,0,0,0,0,0,0,NA,NA
"N_sim[188]",0,NA,0,0,0,0,0,0,NA,NA
"N_sim[189]",0,NA,0,0,0,0,0,0,NA,NA
"N_sim[190]",0,NA,0,0,0,0,0,0,NA,NA
"N_sim[191]",0,NA,0,0,0,0,0,0,NA,NA
"N_sim[192]",0,NA,0,0,0,0,0,0,NA,NA
"N_sim[193]",0,NA,0,0,0,0,0,0,NA,NA
"N_sim[194]",0,NA,0,0,0,0,0,0,NA,NA
"N_sim[195]",0,NA,0,0,0,0,0,0,NA,NA
"N_sim[196]",0,NA,0,0,0,0,0,0,NA,NA
"N_sim[197]",0,NA,0,0,0,0,0,0,NA,NA
"N_sim[198]",0,NA,0,0,0,0,0,0,NA,NA
"N_sim[199]",0,NA,0,0,0,0,0,0,NA,NA
"N_sim[200]",0,NA,0,0,0,0,0,0,NA,NA
"N_sim[201]",0,NA,0,0,0,0,0,0,NA,NA
"N_sim[202]",0,NA,0,0,0,0,0,0,NA,NA
"N_sim[203]",0,NA,0,0,0,0,0,0,NA,NA
"N_sim[204]",0,NA,0,0,0,0,0,0,NA,NA
"N_sim[205]",0,NA,0,0,0,0,0,0,NA,NA
"N_sim[206]",0,NA,0,0,0,0,0,0,NA,NA
"N_sim[207]",0,NA,0,0,0,0,0,0,NA,NA
"N_sim[208]",0,NA,0,0,0,0,0,0,NA,NA
"N_sim[209]",0,NA,0,0,0,0,0,0,NA,NA
"N_sim[210]",0,NA,0,0,0,0,0,0,NA,NA
"N_sim[211]",0,NA,0,0,0,0,0,0,NA,NA
"N_sim[212]",0,NA,0,0,0,0,0,0,NA,NA
"N_sim[213]",0,NA,0,0,0,0,0,0,NA,NA
"N_sim[214]",0,NA,0,0,0,0,0,0,NA,NA
"N_sim[215]",0,NA,0,0,0,0,0,0,NA,NA
"N_sim[216]",0,NA,0,0,0,0,0,0,NA,NA
"N_sim[217]",0,NA,0,0,0,0,0,0,NA,NA
"N_sim[218]",0,NA,0,0,0,0,0,0,NA,NA
"N_sim[219]",0,NA,0,0,0,0,0,0,NA,NA
"N_sim[220]",0,NA,0,0,0,0,0,0,NA,NA
"N_sim[221]",0,NA,0,0,0,0,0,0,NA,NA
"N_sim[222]",0,NA,0,0,0,0,0,0,NA,NA
"N_sim[223]",0,NA,0,0,0,0,0,0,NA,NA
"N_sim[224]",0,NA,0,0,0,0,0,0,NA,NA
"N_sim[225]",0,NA,0,0,0,0,0,0,NA,NA
"N_sim[226]",0,NA,0,0,0,0,0,0,NA,NA
"N_sim[227]",0,NA,0,0,0,0,0,0,NA,NA
"N_sim[228]",0,NA,0,0,0,0,0,0,NA,NA
"N_sim[229]",0,NA,0,0,0,0,0,0,NA,NA
"N_sim[230]",0,NA,0,0,0,0,0,0,NA,NA
"N_sim[231]",0,NA,0,0,0,0,0,0,NA,NA
"N_sim[232]",0,NA,0,0,0,0,0,0,NA,NA
"N_sim[233]",0,NA,0,0,0,0,0,0,NA,NA
"N_sim[234]",0,NA,0,0,0,0,0,0,NA,NA
"N_sim[235]",0,NA,0,0,0,0,0,0,NA,NA
"N_sim[236]",0,NA,0,0,0,0,0,0,NA,NA
"N_sim[237]",0,NA,0,0,0,0,0,0,NA,NA
"N_sim[238]",0,NA,0,0,0,0,0,0,NA,NA
"N_sim[239]",0,NA,0,0,0,0,0,0,NA,NA
"N_sim[240]",0,NA,0,0,0,0,0,0,NA,NA
"N_sim[241]",0,NA,0,0,0,0,0,0,NA,NA
"N_sim[242]",0,NA,0,0,0,0,0,0,NA,NA
"N_sim[243]",0,NA,0,0,0,0,0,0,NA,NA
"N_sim[244]",0,NA,0,0,0,0,0,0,NA,NA
"N_sim[245]",0,NA,0,0,0,0,0,0,NA,NA
"N_sim[246]",0,NA,0,0,0,0,0,0,NA,NA
"N_sim[247]",0,NA,0,0,0,0,0,0,NA,NA
"N_sim[248]",0,NA,0,0,0,0,0,0,NA,NA
"N_sim[249]",0,NA,0,0,0,0,0,0,NA,NA
"N_sim[250]",0,NA,0,0,0,0,0,0,NA,NA
"N_sim[251]",0,NA,0,0,0,0,0,0,NA,NA
"N_sim[252]",0,NA,0,0,0,0,0,0,NA,NA
"N_sim[253]",0,NA,0,0,0,0,0,0,NA,NA
"N_sim[254]",0,NA,0,0,0,0,0,0,NA,NA
"N_sim[255]",0,NA,0,0,0,0,0,0,NA,NA
"N_sim[256]",0,NA,0,0,0,0,0,0,NA,NA
"N_sim[257]",0,NA,0,0,0,0,0,0,NA,NA
"N_sim[258]",0,NA,0,0,0,0,0,0,NA,NA
"N_sim[259]",0,NA,0,0,0,0,0,0,NA,NA
"N_sim[260]",0,NA,0,0,0,0,0,0,NA,NA
"N_sim[261]",0,NA,0,0,0,0,0,0,NA,NA
"N_sim[262]",0,NA,0,0,0,0,0,0,NA,NA
"N_sim[263]",0,NA,0,0,0,0,0,0,NA,NA
"N_sim[264]",0,NA,0,0,0,0,0,0,NA,NA
"N_sim[265]",0,NA,0,0,0,0,0,0,NA,NA
"N_sim[266]",0,NA,0,0,0,0,0,0,NA,NA
"N_sim[267]",0,NA,0,0,0,0,0,0,NA,NA
"N_sim[268]",0,NA,0,0,0,0,0,0,NA,NA
"N_sim[269]",0,NA,0,0,0,0,0,0,NA,NA
"N_sim[270]",0,NA,0,0,0,0,0,0,NA,NA
"N_sim[271]",0,NA,0,0,0,0,0,0,NA,NA
"N_sim[272]",0,NA,0,0,0,0,0,0,NA,NA
"N_sim[273]",0,NA,0,0,0,0,0,0,NA,NA
"N_sim[274]",0,NA,0,0,0,0,0,0,NA,NA
"N_sim[275]",0,NA,0,0,0,0,0,0,NA,NA
"N_sim[276]",0,NA,0,0,0,0,0,0,NA,NA
"N_sim[277]",0,NA,0,0,0,0,0,0,NA,NA
"N_sim[278]",0,NA,0,0,0,0,0,0,NA,NA
"N_sim[279]",0,NA,0,0,0,0,0,0,NA,NA
"N_sim[280]",0,NA,0,0,0,0,0,0,NA,NA
"N_sim[281]",0,NA,0,0,0,0,0,0,NA,NA
"N_sim[282]",0,NA,0,0,0,0,0,0,NA,NA
"N_sim[283]",0,NA,0,0,0,0,0,0,NA,NA
"N_sim[284]",0,NA,0,0,0,0,0,0,NA,NA
"N_sim[285]",0,NA,0,0,0,0,0,0,NA,NA
"N_sim[286]",0,NA,0,0,0,0,0,0,NA,NA
"N_sim[287]",0,NA,0,0,0,0,0,0,NA,NA
"N_sim[288]",0,NA,0,0,0,0,0,0,NA,NA
"N_sim[289]",0,NA,0,0,0,0,0,0,NA,NA
"N_sim[290]",0,NA,0,0,0,0,0,0,NA,NA
"N_sim[291]",0,NA,0,0,0,0,0,0,NA,NA
"N_sim[292]",0,NA,0,0,0,0,0,0,NA,NA
"N_sim[293]",0,NA,0,0,0,0,0,0,NA,NA
"N_sim[294]",0,NA,0,0,0,0,0,0,NA,NA
"N_sim[295]",0,NA,0,0,0,0,0,0,NA,NA
"N_sim[296]",0,NA,0,0,0,0,0,0,NA,NA
"N_sim[297]",0,NA,0,0,0,0,0,0,NA,NA
"N_sim[298]",0,NA,0,0,0,0,0,0,NA,NA
"N_sim[299]",0,NA,0,0,0,0,0,0,NA,NA
"N_sim[300]",0,NA,0,0,0,0,0,0,NA,NA
"N_sim[301]",0,NA,0,0,0,0,0,0,NA,NA
"N_sim[302]",0,NA,0,0,0,0,0,0,NA,NA
"N_sim[303]",0,NA,0,0,0,0,0,0,NA,NA
"N_sim[304]",0,NA,0,0,0,0,0,0,NA,NA
"N_sim[305]",0,NA,0,0,0,0,0,0,NA,NA
"N_sim[306]",0,NA,0,0,0,0,0,0,NA,NA
"N_sim[307]",0,NA,0,0,0,0,0,0,NA,NA
"N_sim[308]",0,NA,0,0,0,0,0,0,NA,NA
"N_sim[309]",0,NA,0,0,0,0,0,0,NA,NA
"N_sim[310]",0,NA,0,0,0,0,0,0,NA,NA
"N_sim[311]",0,NA,0,0,0,0,0,0,NA,NA
"N_sim[312]",0,NA,0,0,0,0,0,0,NA,NA
"N_sim[313]",0,NA,0,0,0,0,0,0,NA,NA
"N_sim[314]",0,NA,0,0,0,0,0,0,NA,NA
"N_sim[315]",0,NA,0,0,0,0,0,0,NA,NA
"N_sim[316]",0,NA,0,0,0,0,0,0,NA,NA
"N_sim[317]",0,NA,0,0,0,0,0,0,NA,NA
"N_sim[318]",0,NA,0,0,0,0,0,0,NA,NA
"N_sim[319]",0,NA,0,0,0,0,0,0,NA,NA
"N_sim[320]",0,NA,0,0,0,0,0,0,NA,NA
"N_sim[321]",0,NA,0,0,0,0,0,0,NA,NA
"N_sim[322]",0,NA,0,0,0,0,0,0,NA,NA
"N_sim[323]",0,NA,0,0,0,0,0,0,NA,NA
"N_sim[324]",0,NA,0,0,0,0,0,0,NA,NA
"N_sim[325]",0,NA,0,0,0,0,0,0,NA,NA
"N_sim[326]",0,NA,0,0,0,0,0,0,NA,NA
"N_sim[327]",0,NA,0,0,0,0,0,0,NA,NA
"N_sim[328]",0,NA,0,0,0,0,0,0,NA,NA
"N_all[1,1]",397.484620816855,1.31417220854465,84.8663456529254,252.886605132101,338.033924685128,389.301593373949,448.678632076377,586.503050951813,4170.2918208024,1.00104072355062
"N_all[1,2]",146.421101704821,0.430471814584216,27.338034116183,101.015900905455,127.114765627333,143.681712550011,162.306018193791,207.097804146705,4033.15692579045,1.00070780532718
"N_all[1,3]",283.82476844455,22.3724503305804,1192.18924143814,10.8388738209243,99.6738104015809,160.28979662608,259.838769000013,1055.70250960394,2839.64004191034,1.00042615798978
"N_all[1,4]",185.350387474657,0.41936953932386,31.5801495754958,130.242212256024,164.098197842236,182.874529575108,203.361897687645,256.220391448584,5670.67294625694,0.999733661515104
"N_all[1,5]",453.292494204135,9.48263107975556,511.105569291581,115.739767683398,226.024644273388,326.815314754644,511.38137400621,1569.09932626857,2905.11626002184,1.00143776671143
"N_all[1,6]",286.93466240411,10.5119910933851,434.408604515774,48.6892377748321,130.643529310307,201.92582814585,322.636380895278,964.08944760088,1707.7601268972,1.00186403867696
"N_all[1,7]",452.886238384799,369.479748269398,14876.7102820723,6.99728283750025,27.6320936046242,43.3002353237029,67.6835290382521,295.245268254682,1621.18483523568,1.0020188945091
"N_all[1,8]",269.680669580205,0.736245659914223,52.6408880156142,181.90596646498,233.541757372883,264.234419467449,299.167560873323,389.852336699501,5112.11857248404,1.00140322351166
"N_all[1,9]",395.177034798886,1.32851709095495,91.4473367617885,248.887124388982,330.896036113435,384.49009208272,448.094670863911,603.515925105829,4738.13938192612,1.00155457860501
"N_all[1,10]",98.1737875128607,0.598465935502342,38.4186384601114,45.2009240780762,71.2149399877204,91.5528578673274,116.726739945502,191.956367758374,4121.0232819881,1.00082082194786
"N_all[1,11]",22.3728080512152,0.256446141035389,9.47697604038449,10.2960410716026,15.7861512066248,20.2291614011868,26.5564912685577,46.1977736836146,1365.67458960344,1.00352477534863
"N_all[1,12]",13.1494157422975,0.127274635495056,7.03575367451452,4.63474686222697,8.41596560188704,11.5149277574336,15.9654393105814,30.7832593497531,3055.88867149667,1.00044095981592
"N_all[1,13]",129.09246255546,0.405994911052302,28.1506359368404,83.921331123542,109.632603556566,125.767369475215,143.783230615181,195.978471125251,4807.67653866729,1.00132020806136
"N_all[1,14]",206.411687614196,0.579225108178679,45.4279783438724,130.583236189803,175.581242045745,201.413759086649,231.453725286566,310.763490294293,6151.08971675481,1.00040603894141
"N_all[1,15]",318.628607824701,0.870794064110244,67.5229780719244,205.310802332358,271.265621752715,312.228048451205,358.645706163278,467.785110333974,6012.73767716477,1.00016864320309
"N_all[2,1]",299.449507921748,1.10844410495851,62.6371502248224,196.720665096275,254.904957878927,293.100695497231,335.466138036634,441.924472788263,3193.27547215841,1.00213571799038
"N_all[2,2]",161.263301842613,0.348781501238607,28.4597862419084,114.655219054799,141.638025802101,158.060025409232,177.478749350099,226.867359684141,6658.19303864653,1.00104615276259
"N_all[2,3]",291.841939580252,20.0512285434392,1091.61190613292,11.7819721190006,94.018798588788,163.533602141363,277.483140040038,1110.67334885025,2963.83862497727,1.00039353517841
"N_all[2,4]",181.40451861614,0.303333654510505,29.6585192798702,129.189317517715,161.360883694236,179.251387187112,199.285781572312,245.424910164005,9559.9965320487,0.999861691740971
"N_all[2,5]",558.465797446535,9.19737080007927,544.178455467008,135.319949774171,284.83043095303,429.289292004103,654.744871130402,1780.40026417408,3500.70323358456,1.00132030317976
"N_all[2,6]",301.273589265522,10.0882311598391,422.081991174415,49.4746875034917,132.797193835165,213.734165805524,340.104585449181,1046.07239216173,1750.50596610314,1.00100978044528
"N_all[2,7]",322.554045069782,235.117138582735,9611.35929526255,6.4286192972921,26.6587024700934,44.61306693621,75.1658236881992,314.581142815836,1671.09465338009,1.00196622211567
"N_all[2,8]",335.198551686168,0.787175543144959,62.5816707672687,230.960955839079,291.903710591056,328.568054380929,371.474330663327,481.140047962572,6320.49543540404,1.00111554633009
"N_all[2,9]",475.910739899496,1.13515863738151,104.919612286798,299.374740182259,403.602845159999,465.891952580672,536.72131191624,711.025070812346,8542.79998182178,1.00010409165653
"N_all[2,10]",102.044880274013,0.279017051395796,23.2681292819568,64.4734555501348,85.8406732895857,98.9169031891712,114.719197708533,155.004788753148,6954.4285030515,1.00071007318905
"N_all[2,11]",57.5549393020428,0.213829967338717,17.9145405698002,31.0761546262427,45.1683585857739,54.5611915675939,66.701022966559,100.282325018169,7018.9833226827,1.000484675305
"N_all[2,12]",16.653244900253,0.117962711525249,7.06225263041326,7.0996067363844,11.714122605231,15.2831473771443,19.9931713622759,34.2385145277865,3584.23935832977,1.00036627165514
"N_all[2,13]",139.105469038766,0.307659503385675,26.6873067421485,93.6731745088177,120.586403305527,136.595189357314,154.640391320795,197.553312325659,7524.34716931245,0.999742225199261
"N_all[2,14]",267.430684705732,0.632145008342753,57.7850814012524,168.809583152139,227.461230855739,262.521926891789,300.828036740226,396.874361003757,8355.99233509577,0.999883170746848
"N_all[2,15]",315.356738716334,0.681937273684047,64.7003753749815,207.548837050628,270.44029727255,309.27686057948,352.254137055925,461.573242621761,9001.70430319245,0.999865860659173
"N_all[3,1]",416.646210280704,1.22520345882768,82.8440122396032,273.415736795186,359.169092613304,409.971386817403,466.596116810733,597.201083925418,4571.99577048989,1.00002973556669
"N_all[3,2]",220.94447501301,0.442994320476386,37.8500410035318,156.232557144637,194.825092207844,218.124928136309,243.049115015206,304.313170346406,7300.22746052711,1.00013123746687
"N_all[3,3]",303.548226876858,19.2715939904543,1094.42692453722,11.3256598038452,88.7727359013603,162.380365766799,295.33793236188,1204.25075540736,3225.0634446763,1.00020265131497
"N_all[3,4]",156.401290738789,0.614754893428447,28.7350161909875,110.739785540697,136.107298432406,152.827118693265,172.562524180095,223.317654015212,2184.83630392624,1.00293711547279
"N_all[3,5]",744.886222343355,11.1351309745099,687.708141443309,177.298265279804,385.034955651409,582.033800043464,898.987568431697,2250.02047918268,3814.32480471819,1.00099782352782
"N_all[3,6]",364.816595633438,11.3231328685291,477.01127591668,54.3781610735363,156.141523264585,259.137030235209,419.896990218077,1306.97508712744,1774.69646274673,1.00081041353047
"N_all[3,7]",185.253275334809,98.1016868081428,3579.04550615145,6.22952603414106,25.944834884253,46.5260497962949,81.1079372748905,340.872926040533,1331.01052838197,1.00269415352923
"N_all[3,8]",534.397224089876,1.16749896469696,99.9210907483747,364.034606226182,466.271968107025,525.024766446264,593.226735655642,755.023258960179,7324.89365994532,0.999729497112208
"N_all[3,9]",487.531142844299,1.1399139230656,107.505376663845,307.546003858681,411.999115409989,476.76701171404,550.09317842099,733.322272000034,8894.39174995222,0.999807623970228
"N_all[3,10]",136.489449902559,0.312637192031501,29.1881793088354,87.8185362183962,116.232635141303,133.574833437492,152.925789081821,202.549226514599,8716.31121441437,0.999986679882359
"N_all[3,11]",164.668759177539,0.616879537223565,50.0805506508755,85.1528229075942,129.513560696066,158.71850363808,193.081729985517,280.663909232437,6590.78982000379,0.999931460588674
"N_all[3,12]",23.4889021308292,0.0613961116115926,4.91017163293046,15.5425688603513,20.0497081044227,22.8806615031622,26.3281995817205,34.5123349620345,6396.04649454402,0.999910306246407
"N_all[3,13]",154.908722820033,0.372810360817116,30.3166852571334,104.826462305901,133.774836786839,151.850915506833,171.830654422614,223.067504948733,6612.83190408656,1.00002016993976
"N_all[3,14]",277.031584577785,1.12721581892577,94.5922598664572,137.198922226567,211.244594772538,261.415815658816,325.677427687822,509.959342110292,7042.01673085649,0.999948520002247
"N_all[3,15]",279.074560096528,1.11033759610921,62.7119361365921,180.331782983323,234.799861731572,270.334328882931,315.808250240387,420.881514485528,3189.99739003509,1.0018840227448
"N_all[4,1]",377.977177249643,0.837943381960768,71.8403915221133,252.725040118213,328.847757248453,372.363955573306,420.299775931218,535.204456789174,7350.35018981503,0.999973126020419
"N_all[4,2]",295.130516167085,0.674177581476741,51.3207168386113,208.792599663647,260.035062184942,289.715741475056,325.122301511323,409.127938436806,5794.77815485782,0.999768825600142
"N_all[4,3]",323.930615137666,20.8526208601669,1301.58530093679,11.8934751677727,85.8766439961868,164.139986098279,315.461676373264,1382.57428506453,3896.04511060165,0.999932588724368
"N_all[4,4]",250.406092733259,0.447868786174717,41.1244008200337,178.488866159681,222.321189095498,247.148188475182,274.352428255515,342.567112701777,8431.35887757942,0.999645345206666
"N_all[4,5]",901.728842578346,11.9229017871615,732.6399815884,209.040452123311,470.776258087624,713.292670070129,1092.71301933812,2706.63878249887,3775.87229492817,1.00054473575441
"N_all[4,6]",458.934080915559,12.0482047604064,573.638817923734,64.2909696488302,187.173298749637,318.228662545579,542.490852758255,1618.63770175744,2266.90011658284,1.00029819646752
"N_all[4,7]",158.05825601963,66.9664457375991,2613.06104922871,6.0372117697894,25.5382522996197,46.7783904591448,87.7550983832163,394.922118066772,1522.59575319653,1.00231057998497
"N_all[4,8]",651.573209228413,1.29752840465216,121.444459694461,444.480106502261,567.587495107872,641.768400334298,726.870240672823,914.698422056867,8760.35420543823,1.00005906377835
"N_all[4,9]",438.264641465307,1.3533460443659,100.037257924142,277.814306020347,369.685770814741,425.23546036648,494.573896274204,670.092803227342,5463.93899941137,1.00146762284327
"N_all[4,10]",196.712030200839,0.440031755441514,40.9363540884493,127.892837891408,168.217474330695,192.14311730031,221.276779639144,289.150372284391,8654.66541597414,0.999877650202922
"N_all[4,11]",327.226336401971,1.12784915806133,99.1113971936789,168.950759944993,257.754126091879,315.160484037283,380.400262929167,556.607617627829,7722.27312115771,0.999635950672908
"N_all[4,12]",43.6375752925954,0.168013656000607,8.83443041268778,28.2846552416193,37.3839673190362,42.9799003236857,49.1300648728965,62.7203091435116,2764.82688578997,1.0040698228707
"N_all[4,13]",221.591427510798,0.592945146929326,43.5070289255822,150.488195916105,191.564031288841,216.79258289133,246.187597995453,321.416087678957,5383.81112290588,1.00060591813586
"N_all[4,14]",243.682778631404,0.793394581919008,54.826189261039,155.188658124199,205.328357833667,237.055691154121,274.50834599459,370.712809321992,4775.26701996778,1.00165867340062
"N_all[4,15]",469.85963148717,1.05181174233759,98.07883316893,304.154176770181,401.247029577954,460.993694023371,527.881957174009,691.68899822985,8695.09939909484,1.0000717486431
"N_all[5,1]",354.572194382093,0.947655715536628,69.6555636202145,239.937805485735,306.463309840107,347.127382046845,394.479716264728,512.39895509226,5402.69497419483,1.00124608938928
"N_all[5,2]",469.412669793173,0.90488337580488,79.1211578893256,334.154100752428,414.240744941279,463.044672208868,516.834848442518,647.644157700377,7645.39713325055,0.999970658316944
"N_all[5,3]",348.064316748556,20.0173911385086,1275.48258703759,11.9244588533288,82.5856666193295,166.126206201622,335.436376290207,1598.43416184291,4060.07557098732,1.00002202787096
"N_all[5,4]",415.516883256418,0.709671423436325,67.5257147147512,298.185025736054,368.580592514206,410.203176321914,456.596103823746,564.369495263182,9053.65088499838,0.999837264868357
"N_all[5,5]",1157.42856445225,13.5119306096624,847.350192166639,288.343694425189,635.370081629092,940.645507606865,1422.55193083983,3359.01686024448,3932.70211781219,1.00058210955048
"N_all[5,6]",553.863833880019,11.6465984528419,632.353589474332,76.1820383752144,235.021214598628,392.254312683239,662.883247443755,2023.18005541336,2947.96125751334,1.00012263370657
"N_all[5,7]",156.534778506261,55.4794005651295,2402.88709984566,5.52617647613311,24.8673973974644,48.3246394169432,95.6823183576327,434.78940311925,1875.87204608444,1.00178339798024
"N_all[5,8]",821.083857527189,1.51687924014134,148.84814316677,569.704480077214,719.231536232694,806.591481827479,905.429820787244,1153.32257613198,9629.08071888114,0.999697018145007
"N_all[5,9]",642.983434769737,1.56884652650446,138.866405180777,409.932298729694,547.428502895784,629.500735507227,722.600291559692,954.683255053281,7834.90013443735,1.00056534548514
"N_all[5,10]",290.913836338321,0.70560127400299,59.8961543680531,188.015385292862,249.148218350011,285.672712797078,326.580895031233,424.835769344951,7205.74959975034,1.00003334441506
"N_all[5,11]",592.574135525424,2.82144623351819,184.285286095733,302.547982459591,460.078068177871,571.912681283545,697.690977314496,1014.44109097401,4266.16614701793,1.00123928380354
"N_all[5,12]",46.5189985903581,0.12167443064834,8.84273625027132,30.9698413256455,40.3850056759844,46.0162850172086,51.8438005366601,65.5001432632281,5281.71177393866,1.00129251678001
"N_all[5,13]",397.399613479944,0.828035700661283,74.1747049171642,271.76929123618,345.307455582384,390.377894541576,442.016440811708,563.288986397568,8024.41777138095,0.999847911761111
"N_all[5,14]",338.40517589759,0.92459894347322,73.1817434202626,222.916491146067,287.821361219557,329.263309933916,378.304697689774,510.699858177784,6264.67747961169,1.00012565080502
"N_all[5,15]",693.640146832636,1.60641210495822,142.972456839496,452.995461158472,596.613707571517,679.512156134827,775.25547151983,1012.60000386839,7921.19718019577,0.999962044070581
"N_all[6,1]",496.676495474849,1.17421785744169,97.0394071137828,331.286387016268,428.649760835363,487.441991172773,556.570275205421,715.673320112233,6829.65722340902,0.999913068349915
"N_all[6,2]",728.340707955462,2.35835837938693,128.110638890637,495.60164293387,640.707003563919,721.108015667562,809.140283866595,1001.42318273675,2950.87484715707,1.00023576009926
"N_all[6,3]",389.849137602384,22.3995840528682,1420.88989459592,11.6667530417851,81.757380580809,175.335960572876,373.326840017248,1855.82311785017,4023.8422231364,1.00022833830202
"N_all[6,4]",708.343656485167,2.13735794711788,120.685420421598,483.609978043191,624.767667807694,702.744765021779,786.326307481164,956.981595164546,3188.27001497131,1.00125142605023
"N_all[6,5]",1449.26553549049,14.8515050156946,972.447468193974,370.764343698904,818.571072546051,1217.49940127111,1780.7124784993,3933.52866768108,4287.37397545169,1.000880980324
"N_all[6,6]",651.000269435224,11.2566922931887,706.007839534582,96.8831412617582,286.088780452995,470.96443941602,779.823159319921,2316.63273641797,3933.66578016487,0.999970874400778
"N_all[6,7]",166.325902817621,58.3051439139407,2924.99938931501,4.96780945961746,24.2881121246792,50.4391964290796,106.16613773416,505.492680398787,2516.736896906,1.00111207173174
"N_all[6,8]",1239.80701139222,3.78105013918052,238.838612595092,823.415263430017,1072.98296965819,1227.73156658842,1386.75581435492,1744.98290370121,3990.10391805835,0.99987378442923
"N_all[6,9]",1291.32710707267,5.03754502117918,299.160662840772,790.683971570306,1081.95132812368,1263.6059455879,1470.16998309894,1959.46401994381,3526.72090850362,1.00072939306911
"N_all[6,10]",331.746757716956,0.728507118225684,68.6824874744838,215.070015768032,284.967914944086,324.952709510556,372.33395042652,484.334522375745,8888.41721892102,0.999875498851561
"N_all[6,11]",507.622793505077,1.73459678440554,156.449655239217,266.099595746522,397.924224864445,486.689193589185,592.75306970489,870.595164405833,8134.8986575184,0.999896440411008
"N_all[6,12]",32.886680992362,0.076171883038472,6.46291072658951,22.4095596642771,28.4536473852928,32.1239268701512,36.5917549242721,47.4073527256209,7198.91308456703,1.00070556674261
"N_all[6,13]",577.708215106558,1.26268174892525,116.297867063762,376.054038224882,497.650464810639,566.914929621748,646.461277533255,837.527589350611,8483.12161572433,0.99991013190758
"N_all[6,14]",711.287188915972,1.99365546717366,150.351074925672,450.030994588647,606.980718490148,699.43907612792,801.001626732309,1048.18124292518,5687.38801906424,1.00055545604648
"N_all[6,15]",1023.60901271312,3.12308499802254,217.847235079255,650.981082160117,871.294186765554,1004.65395349055,1155.79396490187,1488.92547659237,4865.60104560995,1.00174810383806
"N_all[7,1]",604.319938729634,1.97297826615587,118.240051774751,400.465043311334,521.252013782957,594.933627913626,677.848250209576,863.220597515797,3591.57235490215,1.00135283207621
"N_all[7,2]",525.961046517122,1.38252597020309,92.620625536991,372.925487702501,461.488743238809,516.546180970183,578.201829298805,737.125653996806,4488.1650899332,1.00022144908027
"N_all[7,3]",377.428472336861,20.5309830958885,1336.47783201217,13.1722618023413,88.169208696902,186.440142903558,374.739965038096,1791.30025739121,4237.44455093631,1.00029257229519
"N_all[7,4]",601.553704307261,1.04044750914466,97.7654037513137,429.555717987783,534.488696005287,595.500271510993,659.711618440562,811.778543170982,8829.37671104107,1.00037918336147
"N_all[7,5]",1214.96900478616,9.74452385987163,675.07089439103,374.025570961493,752.475296211654,1075.49667879145,1503.53812519205,2922.28883652608,4799.29583225502,1.00060793004022
"N_all[7,6]",593.529216740244,9.59177656760918,572.337784700086,103.526312632103,279.642882296706,450.426408545546,721.472405848831,1944.1349105628,3560.46506618437,1.00009488741402
"N_all[7,7]",152.90439023144,50.6929663550593,2419.48139675211,5.93063741322903,26.2615179233541,52.474658018865,105.383743196487,483.737864963566,2277.97610397557,1.00133230491074
"N_all[7,8]",914.322750385142,1.79251729630557,167.904816446197,633.047353384298,798.763416629789,900.429924174776,1010.78779983033,1290.06015179934,8774.03977259358,0.9997308987837
"N_all[7,9]",1159.08043127696,3.12896290482494,257.357676744498,734.568895740069,978.504086489421,1134.6477847284,1309.85088091405,1728.67256666499,6765.0876207511,1.00111670366439
"N_all[7,10]",306.125845763956,0.718480455077216,63.8272373875844,196.120268759016,261.627972361183,301.28449988937,343.753788777806,447.479270381428,7891.91098201403,1.00027212575373
"N_all[7,11]",340.156056810525,1.12779836669676,105.032855084087,180.490549437403,267.540326461254,326.041622887159,394.76070305246,591.651605239729,8673.36093031188,1.00039333804772
"N_all[7,12]",27.8274294451121,0.0569435357219569,5.36399907568019,18.7788381354999,24.1700215083074,27.3076204049989,31.0060402600102,39.7351097280727,8873.36873705195,1.00037274917439
"N_all[7,13]",608.91012944075,2.5348636976414,193.268578091521,316.694239339799,476.85094206679,581.121035279811,708.27958107779,1072.25560284066,5813.17342299863,1.00086689937629
"N_all[7,14]",808.840265629539,3.32683530335373,177.167266375422,504.171824552469,683.850574464194,794.436899558475,917.091181016324,1202.58845333417,2835.98784787088,1.0019768571651
"N_all[7,15]",864.649023972143,2.0676222536132,178.607287311233,563.889829699141,742.434016264296,849.003078175947,968.356793380057,1255.25707952014,7462.01217553897,0.999633811590669
"N_all[8,1]",396.603706433606,1.27235821168895,78.6731175606512,267.155695546586,340.760125040712,388.931609073173,442.469498096077,574.238191139836,3823.26082008435,1.00217452057665
"N_all[8,2]",595.328540756976,1.34620551821877,101.588796423806,415.813761232944,525.99902749224,588.918392309967,657.405695643473,818.323632474876,5694.67439210704,1.00090433849579
"N_all[8,3]",344.035432509108,14.3613023114166,864.437944929962,15.8281045687412,93.7991108827526,186.922295245415,364.343161582783,1486.75648376564,3623.09728555014,1.00035356846206
"N_all[8,4]",484.713740905437,0.886255558108573,79.0917588421892,349.191568390167,430.671672854879,477.759092389135,530.330748461775,661.11568409423,7964.24338112239,0.999841659062093
"N_all[8,5]",1003.45326592269,6.05093335497847,471.934199300561,382.616110999704,681.360712479192,907.577183493515,1217.46287337739,2176.82552702077,6083.00482688035,0.999933083302021
"N_all[8,6]",509.662378874296,7.32663469965026,432.800324606811,102.80056127145,259.572324099654,403.847887062623,624.7598413509,1556.13764169649,3489.52310842722,0.999902451055347
"N_all[8,7]",145.985039559131,50.7344376182554,2533.39078459192,7.12083589658648,28.5546086231021,54.4846221608675,102.076230887846,425.692513942993,2493.43856094092,1.00117332884179
"N_all[8,8]",529.795373980305,2.41403951693735,107.131430157411,359.05725530341,453.661814229499,514.591798309979,591.624384124839,777.09781735695,1969.45043333823,1.00333422304002
"N_all[8,9]",598.224714495722,1.84847951919201,132.311857566991,381.792772604372,506.032146664623,582.968568636182,672.802444462146,898.984720149329,5123.51777549047,1.00098588316449
"N_all[8,10]",291.67466237384,1.23972169070434,64.4743211085321,182.312072276653,246.597224287781,286.025186882359,330.785706310842,432.824069747493,2704.73770938602,1.00169600954038
"N_all[8,11]",339.125687158548,1.49274908949779,104.38453646391,178.263151912424,266.860190089529,323.81696561348,394.916445457277,584.76969044035,4889.88565931283,1.00108841324312
"N_all[8,12]",25.5684479319176,0.0607810987384649,4.92663801162363,17.5512157720304,22.1949760446224,25.0596327385797,28.3100624482119,37.0259670399409,6569.98251246005,1.00022808209043
"N_all[8,13]",612.497542795826,1.24609240559678,118.725026934317,409.461150828795,530.712450232765,602.62118189625,681.767522864656,874.966913934116,9077.87200799126,0.999916248438925
"N_all[8,14]",413.979849383321,1.67191475050208,90.7979863586854,269.563905309211,350.765542863619,402.706856667784,465.403476709494,621.526313155244,2949.3354823779,1.00357678950812
"N_all[8,15]",683.865611938775,1.73830837474289,143.884399688246,447.937852762123,583.314745833614,667.204764048836,767.523016163253,1007.37638473547,6851.31244451362,0.999746296470274
"N_all[9,1]",418.49161198882,1.0071512435624,81.9322529176453,283.469954600914,360.865244656908,409.630398535848,467.143802407158,604.83645087249,6617.90315208524,0.999996860892337
"N_all[9,2]",553.694496216718,0.989684447960508,90.463629812208,396.073104335675,490.350246877508,547.012651864984,609.777768858764,746.884795596334,8355.15532060905,1.00011765830038
"N_all[9,3]",360.806650775293,14.711460208261,947.507566267195,16.2682347271839,98.6998628467245,196.516654815575,387.832168784418,1570.09247471421,4148.14386925746,1.00015415964764
"N_all[9,4]",410.745758028734,0.69853772830078,64.5908673630447,299.22588079577,366.179178142925,406.002532387941,448.210219165104,550.521484712019,8549.92879877802,1.0007616076787
"N_all[9,5]",1048.81714202708,4.88633998918563,382.834097170824,488.706134281838,786.392212190069,984.842833445575,1246.07613683925,1984.04451284313,6138.38125917561,1.00089179372833
"N_all[9,6]",488.212790023213,6.71385812773181,402.194734920125,95.7006786879463,244.985397870308,383.416934422057,599.864470677132,1507.1638953815,3588.62800834018,0.999752751000386
"N_all[9,7]",124.360540507188,28.1146312092531,1283.653169972,7.12321535643343,29.418049155156,55.8399695543008,107.468541297683,430.231977116478,2084.63782261923,1.00146713378553
"N_all[9,8]",756.120056255677,1.79388284724135,137.908752223541,516.000633973878,659.198733619439,745.147492166049,836.957353328532,1060.52092410161,5910.10917670889,1.00063632561111
"N_all[9,9]",625.614413659026,1.40005637795332,131.154761586316,409.065299905299,533.465402074393,613.321595225881,702.316384193066,924.490326228631,8775.60518215523,0.999952345051115
"N_all[9,10]",139.201105782676,0.511576564987803,30.8871616605235,90.4652686226081,117.304671419077,135.345755119589,156.592180588464,212.074780542755,3645.31211813727,1.0011432268469
"N_all[9,11]",546.496789514422,1.73653622220975,162.820087657012,293.670930764735,433.921835978052,523.675145379427,636.390066467456,920.026469983263,8791.20232337656,0.999805544827406
"N_all[9,12]",31.6409869791228,0.0823614189978018,5.96494305877,21.3374614687755,27.5165093711152,31.1788915618379,35.3999528824591,44.2899246446255,5245.23515918117,1.00116399921585
"N_all[9,13]",642.663308550712,1.28397042373117,118.486049363211,438.516972306841,559.607360919231,632.280830456868,715.830459489459,904.675942301213,8515.77932298617,1.00031945432698
"N_all[9,14]",549.885885336814,1.26055564969307,110.408257118361,363.305425494261,473.916142466591,539.827128478585,614.101534557778,799.808255270673,7671.47832063762,0.999773639740101
"N_all[9,15]",702.800863195736,1.52432275293398,144.125238970838,462.049365641336,602.719303855805,689.356311761393,785.236975915445,1030.53988283621,8939.76734134862,1.00001352495091
"N_all[10,1]",447.234424348959,1.08213924170743,86.0767357833108,304.690271101699,387.351730476279,437.839766444544,496.771484991638,640.790191987187,6327.10856023009,1.00052162894152
"N_all[10,2]",466.174755220376,1.06464423499315,78.5085610797819,330.849111826768,412.038021966398,459.189254642754,512.372819363248,638.022644467732,5437.82242917272,1.00076400796381
"N_all[10,3]",363.688241154221,12.2766395771948,721.410119428273,18.332951007356,103.097754356904,203.507852606109,397.352967215309,1681.68609988642,3453.07052449844,1.00028299289584
"N_all[10,4]",366.823316148667,0.622020470567507,58.5640755052558,263.670235963177,327.620801395768,362.017927542775,400.876424529417,498.568034643304,8864.47927204158,0.999697654823584
"N_all[10,5]",934.988544650992,2.06753169243593,185.310389396317,615.933052157516,811.380733510055,919.563672177185,1044.34055734353,1349.03063388228,8033.32220918812,1.00016228725183
"N_all[10,6]",438.666658078595,6.34121363227474,352.874484824244,92.3361416202892,225.832807736828,353.177698876314,531.511139231714,1320.57250274751,3096.67583458198,1.00001411763058
"N_all[10,7]",118.379924195495,20.6001350802702,923.332252986831,7.85000547666531,30.7630955742645,58.3548113657962,109.769675380385,441.185171259028,2008.98121588177,1.00158581134813
"N_all[10,8]",627.546075869945,1.30431882122942,112.672303363832,435.994157656891,549.866618359439,617.104258215456,692.984246665334,877.531625560525,7462.19894108052,1.00002621957173
"N_all[10,9]",534.395676036122,1.2527868026337,113.098501418719,342.331146057503,457.469340546149,524.576834079648,598.895699485427,790.875595107578,8150.03289279152,1.00043203805902
"N_all[10,10]",114.347126189916,0.309537663641013,23.5949091111375,75.2907963641382,98.0598263250747,111.911998506656,127.616580611484,168.772616953254,5810.44797497167,1.00009924125842
"N_all[10,11]",566.028571761559,1.83118088066193,166.768630682151,301.060036222751,453.470382875229,544.09673369735,651.842791145735,965.314516001773,8294.04209477369,1.00057062665848
"N_all[10,12]",24.1134182010019,0.0511208680047121,4.48791389297854,16.5504502234329,21.0192150720946,23.6926756807324,26.7518538409942,34.2663923474043,7707.12837502661,0.999971902913972
"N_all[10,13]",655.751833964263,1.38347911533151,122.082788401927,445.058461343086,572.609300673233,647.34504797601,728.070636726907,925.009153821054,7786.88328408304,1.00021331143574
"N_all[10,14]",610.585115643847,1.59152678031977,125.832449112143,395.157756389452,523.139072399573,600.859575670536,685.242549930868,890.896125935797,6251.11368690534,1.00006358220882
"N_all[10,15]",736.153560541567,1.71701136280834,152.530161629119,478.028894077725,630.803378163156,720.694911225995,824.794088834509,1080.59220239956,7891.60105961166,1.00015603137111
"N_all[11,1]",604.331045920204,1.81064683317947,119.905832114343,398.972927111093,520.657875123449,594.231988111714,678.193308207532,860.247102789381,4385.43941743003,1.00033396962209
"N_all[11,2]",434.967822244574,1.36855916046775,78.8306338146436,306.649630557985,379.636825680727,425.835645395486,479.266011230911,618.656318309132,3317.89688623602,1.00178183561353
"N_all[11,3]",371.599784039916,13.3030735165006,822.500277682239,20.3541765854314,108.048177863161,211.477332750586,406.760526615273,1715.31979633954,3822.68158337631,1.00022321846582
"N_all[11,4]",283.784485824035,0.756126690228152,48.5740748817651,204.558319398373,250.100753049382,277.808087423332,311.529743601275,396.227199077273,4126.86193129582,1.00040850542289
"N_all[11,5]",809.271259905644,1.75301605343249,152.139224603084,557.233686146382,705.201205375261,791.999526427701,895.027350688065,1155.90770435979,7532.00518922029,1.00035282805484
"N_all[11,6]",427.919270932198,6.20135513220278,368.933110624753,87.5543648781572,218.959489035462,334.933731113255,522.635842754074,1308.359267434,3539.33818557212,1.00007880746363
"N_all[11,7]",115.219907328344,17.5052493972025,877.774461451556,7.92377962762987,31.9407306189457,59.7402069587128,110.384622898583,447.241947795327,2514.37052523788,1.00107032495343
"N_all[11,8]",653.509914914727,1.31051616767929,120.743230390633,440.663137737833,571.606789568227,643.011185652325,724.929828039313,923.921044033566,8488.69276892505,1.00009118106806
"N_all[11,9]",465.543929232414,1.08168932904338,101.098872284171,298.056478123263,393.95957355446,454.99287264505,524.987053050671,697.336716471264,8735.49524665662,0.999872606554043
"N_all[11,10]",90.9187883227429,0.38831834298648,20.6503582097762,58.8335989563905,76.3618448338353,88.197005651809,102.472689114993,138.592525358014,2827.99975461909,1.00178142332485
"N_all[11,11]",525.152116248765,1.73631134521758,160.711822649088,276.127066620305,415.818655265316,502.122262318415,609.763534096083,904.322771947533,8567.23040851489,0.999768221767863
"N_all[11,12]",23.5405132415169,0.047011243743009,4.50841048984032,16.014135932486,20.3915716997936,23.0996031282246,26.1667693531848,33.9819846059649,9196.94143317796,0.999799096680467
"N_all[11,13]",641.349190614601,1.50170571571508,122.428944455998,428.351244501005,557.311425287411,631.915948067508,715.701898280838,915.74786156895,6646.58468921295,0.999963111841506
"N_all[11,14]",619.633452185663,2.18616790983743,134.422100162729,385.452047763764,525.026595930067,609.691955047476,701.262350072258,916.08984207033,3780.71832676424,1.00120941400669
"N_all[11,15]",647.873785893057,1.53569184543897,136.355008668787,418.844468871024,554.924240153279,634.058692768802,726.014446460045,949.36777996908,7883.77160780928,1.0001008178302
"N_all[12,1]",581.083413791346,1.4670677622033,112.13480149434,390.26739453676,502.658476836687,569.809827022816,648.792193334339,827.175124042797,5842.25473739094,1.00202394059497
"N_all[12,2]",668.765432917349,1.52017292298388,112.451990673057,469.551238486868,591.1695253424,661.208412906837,737.671212935694,912.814486127368,5472.02799294715,1.00051552717338
"N_all[12,3]",353.767715189882,9.61274808681258,578.58620478845,21.9952978631629,112.137923703549,213.809053612544,400.421960415046,1522.08176051337,3622.7722011988,0.999998320821033
"N_all[12,4]",327.296576142733,0.734790281190103,54.5485315547686,235.284406147442,290.447628856028,321.873429861727,358.775290901426,450.518268611671,5511.11306396261,1.00089611933221
"N_all[12,5]",973.723890241099,1.94824698492683,177.74339075694,660.542440662566,852.127231580645,960.186355810917,1083.27138089107,1364.06441363332,8323.36415847357,1.00020869575854
"N_all[12,6]",477.790434015626,5.77621985314974,345.49803047726,113.819572159317,265.694700031205,392.785314207193,582.596948335625,1337.23039298185,3577.69836278868,1.00006010668936
"N_all[12,7]",113.259303024157,15.1039064732953,866.637181766707,8.91171522219275,33.3970088074529,61.0402686540847,111.767140640723,435.193289089238,3292.27466711995,1.00069628814331
"N_all[12,8]",793.091753109758,2.4609924075321,148.928327298094,535.412749161362,690.926696460116,781.021111118082,883.63489098948,1111.34461565541,3662.13268738948,1.00175808044603
"N_all[12,9]",467.020453925807,1.07664533191229,98.8515762622045,300.796860718201,398.628445594788,456.956936408999,524.441669202904,688.735229915751,8429.88935164527,0.999865470268531
"N_all[12,10]",139.266161386544,0.291793781892802,28.3389740647983,92.0395754494321,120.122924527765,136.095228609289,155.198864607247,202.347643553438,9432.26908262282,0.999754807705912
"N_all[12,11]",570.016305930564,1.95879987201031,172.11944100112,307.564453289338,451.433124624805,543.520792085824,661.156686272251,982.212244630293,7721.10964790294,0.999739087763802
"N_all[12,12]",28.3256343833022,0.0539444100524543,5.2354924093336,19.2467379418235,24.672073659589,27.8921551796931,31.3790494740804,39.609939073016,9419.37685455456,0.999774874241637
"N_all[12,13]",564.877241792816,1.78302509894352,109.980694530988,386.65451007443,487.837519696556,551.672526440584,628.901131557529,815.142638499284,3804.67883648075,1.00311634227591
"N_all[12,14]",432.008034719681,0.954645519211764,87.5833018654253,286.469950684134,371.351219054319,423.232262204874,483.077114108391,630.897312369954,8417.019841767,0.999736908878259
"N_all[12,15]",666.570278729818,1.6465215663872,137.115288583324,445.5136518213,571.089808932506,651.180177508887,742.887291271423,982.758139732788,6934.8475288717,0.999913883829885
"N_all[13,1]",485.138130239747,1.04258746813314,91.1840934370365,328.150264096683,422.417499756919,476.639872573666,540.4109336487,685.206005344799,7649.14984052297,1.00005357672846
"N_all[13,2]",687.050733236729,1.34305487303984,113.731560131996,493.424064412966,609.380666288057,676.621529947384,754.911175481915,942.43481739345,7170.9134287292,0.999834628624806
"N_all[13,3]",351.648652270571,9.10614652237103,503.980078757167,22.7385269309334,115.302864626133,211.332401797648,404.413696138026,1509.45547492106,3063.07388084939,1.00007569237005
"N_all[13,4]",404.51373601134,0.728418098563619,64.9601408077455,291.166523773074,361.389906756892,398.919360635319,440.90389693738,551.315710288379,7953.02704668288,0.99961411829355
"N_all[13,5]",867.059956276023,1.73712598640053,155.233561657515,602.585638265082,761.232013951902,854.023164665353,961.260372533694,1205.01439992399,7985.61943932168,1.00071040322936
"N_all[13,6]",480.486254574732,5.52370390458435,312.561366202061,128.273885182176,277.324974813479,405.07730387474,592.650989560483,1283.38193882257,3201.91510001843,1.00006873888465
"N_all[13,7]",108.374812008045,8.38325948887941,407.499327236473,9.06853247085671,34.3714348196433,62.736222876909,116.289527849585,427.15542996694,2362.80550369677,1.00117095265893
"N_all[13,8]",546.975123665177,1.06938901598706,97.297512683208,381.124044097127,479.526505133228,537.787722242685,604.571017369176,760.078359129948,8278.12610874388,0.99970043796302
"N_all[13,9]",307.303107083867,0.944603524228795,68.0345262672961,198.501706248225,260.072837959623,298.722698545979,345.393302690562,463.942046431786,5187.51788529456,1.00040411214821
"N_all[13,10]",182.910723393722,0.386623560645971,36.6794900090244,121.348702744486,157.691477256711,179.071091089939,203.898859322233,265.69807050216,9000.56856948461,0.999825583693854
"N_all[13,11]",623.787580656487,1.99141427149567,185.5798402377,334.150158828147,495.221668178315,599.268460338725,722.281398658428,1062.24014155022,8684.37088478788,1.00041934614534
"N_all[13,12]",30.6794008619413,0.0834073184185422,5.77474681257753,20.5163261301087,26.6602391200684,30.2909085666153,34.2041213020867,43.3519337629368,4793.55349437597,1.00127415717942
"N_all[13,13]",738.347020762197,1.53987007759986,143.100676932722,498.7047237174,638.4367734308,724.922916484764,819.252422646184,1068.94042078133,8636.05135929787,1.00008175965222
"N_all[13,14]",276.00645340842,0.884859440090367,58.1047043581114,181.462034380158,235.318719262059,269.511390005925,309.423133611341,408.435718799235,4311.95296193806,1.00121416793941
"N_all[13,15]",807.583959205116,1.78991750554385,163.975207162101,532.307233067587,694.603055408383,789.308908574604,902.282422873798,1175.86625616284,8392.4805902803,0.99986604756735
"N_all[14,1]",398.962083369699,0.963109690559253,78.6329590001846,266.038629137096,344.188039389568,391.397847019955,444.701452637749,574.223434327539,6665.88369845538,1.00014648573435
"N_all[14,2]",925.182085846139,2.27981846422621,161.852671085678,641.24587370586,812.115577861309,914.141068059759,1021.40801484694,1275.39202776101,5040.10064299614,1.00033912146956
"N_all[14,3]",362.149989744111,9.21428943260269,500.950150082312,24.4535888983416,116.916400350246,221.118141431861,421.432625127949,1557.30186573345,2955.7338299896,1.00011836270531
"N_all[14,4]",568.378966097888,1.2352319744364,94.7541974163702,399.139119753447,504.132624771405,561.982327787036,626.383025433052,773.086143861148,5884.36853865749,1.00051470078844
"N_all[14,5]",724.895493717601,1.92379396054523,135.296772517159,498.932432453789,631.592045738566,711.126469815111,801.860090401431,1027.46227187147,4946.04153851609,1.00112816317758
"N_all[14,6]",456.3209187016,4.48085881250896,267.317607064191,139.564090884458,279.103741321208,393.992678664413,559.058198964117,1131.91355238513,3559.03787503749,0.999947718690282
"N_all[14,7]",111.656716709546,7.96836824349753,415.427614628849,9.48573103079335,35.2249234221602,64.8162132768046,118.794762060464,463.582637699468,2718.01551745471,1.00084113182681
"N_all[14,8]",440.799092367891,0.973588674161856,81.7970479361088,301.825793853126,385.347686598928,433.434897266027,487.9339463764,627.445489104511,7058.69203361062,1.00001540655313
"N_all[14,9]",273.908667556514,1.07623354331797,63.970426262365,172.084422886974,228.994647947389,266.403400000297,309.701513621302,420.159087354851,3533.01467859832,1.00083019396653
"N_all[14,10]",221.252781179709,0.49689370619811,46.4255979542164,143.721659806695,189.455676875727,216.616137519203,247.728042795553,323.683914560275,8729.4728868429,1.00032655566119
"N_all[14,11]",593.287406929195,2.02040732927697,179.747378710402,316.997697185737,466.671342942764,566.474047998712,693.791567441138,1011.31757353076,7914.93332624222,1.00032341769604
"N_all[14,12]",22.4939768920458,0.0557405996843643,4.43955247206136,15.2366167699336,19.4134755619051,21.9855910144208,24.9198695323411,32.4699070873094,6343.59010852388,1.0001470889572
"N_all[14,13]",815.298280510787,3.37485349382423,259.127252685002,423.169532306075,631.680823238802,779.107723797603,953.39940226963,1421.63669382092,5895.44147559824,1.00021261037776
"N_all[14,14]",248.145790127251,0.851939969220296,54.6178049493591,162.111837202174,209.910664177615,240.880581114797,279.538561335883,372.860762486595,4110.0820949275,1.00044349159657
"N_all[14,15]",1162.74415869553,5.59340727545236,257.200507706558,715.449304204468,979.551574759729,1143.54041780424,1320.22665513008,1716.59670651285,2114.41756109986,1.00214081587959
"N_all[15,1]",342.287454620092,1.37107819799959,72.0127972834072,224.99802329629,290.690970603324,333.033378565815,384.912249515089,505.406252519839,2758.63925679226,1.00156288643183
"N_all[15,2]",1037.44126067316,2.3122399776766,172.696609001464,733.900688792266,917.806251756567,1024.70471338698,1142.25552067499,1417.45489541698,5578.29925291734,1.00031914008968
"N_all[15,3]",368.638302621509,8.49244676192499,482.187325132403,27.0839811061543,123.834461821965,228.718250178971,432.568239502675,1642.45353824571,3223.78384378974,0.999869264496321
"N_all[15,4]",633.822718785371,1.08261292724178,102.314377377994,453.739044929183,563.457995326032,627.005775355703,694.940095896589,852.311022998975,8931.55165523608,0.999828160039374
"N_all[15,5]",910.143665191178,1.75729657475621,163.472994698659,617.411814486672,796.764225469402,900.091673440367,1009.93080536528,1261.43715458557,8653.70153212601,1.00022770364628
"N_all[15,6]",483.864539525091,3.00663164654723,206.73205322176,194.820422123912,340.750016890802,444.93298062629,582.780999162576,999.479720423302,4727.75744560522,0.99987819051943
"N_all[15,7]",110.820448509775,6.78167847402169,328.126663769555,10.0989708142815,37.4305823003779,66.8784395961127,120.329865711737,449.414021684471,2341.03903073934,1.00115165392159
"N_all[15,8]",445.32758188023,1.22466769187398,83.8759108308352,310.463547740453,387.408940856128,435.238007222145,493.103238575717,640.308874689985,4690.70344619756,1.00037192728088
"N_all[15,9]",396.488396521489,1.08188051181752,87.7662375421145,254.79940689285,335.389109336636,386.537798056742,446.026476726599,603.777645272119,6581.06781873057,1.00116971788491
"N_all[15,10]",294.277732660988,0.641465824262114,59.4164627730755,194.614192135763,252.957125094281,288.065156576206,330.207846264893,427.557491839074,8579.59012368999,0.999976038823848
"N_all[15,11]",499.73915465276,1.68937916392987,148.606756549209,261.257199385198,394.626379173201,482.894066623666,583.846420764212,840.286724761622,7737.89521006049,1.00007147263464
"N_all[15,12]",21.5178116282439,0.0428161254146115,4.02085799261939,14.5847032499669,18.7465249643799,21.2042503565502,23.8528516533959,30.6558948668791,8819.06903965782,1.00023163884178
"N_all[15,13]",921.323514663536,1.99881880318313,182.407810698952,618.494433640984,795.848655851711,899.565844229777,1025.26067418275,1328.35891008066,8327.98643721113,0.999753634423439
"N_all[15,14]",328.230048821539,0.754932688433912,67.5644243747196,216.313224968322,282.115703876975,322.019979973285,366.331497393166,480.326191738165,8009.76364351704,1.00006182338122
"N_all[15,15]",877.131571524763,1.92987883115535,178.699978590518,574.118595662872,755.330242550548,858.744222540742,981.830296116274,1274.6828306446,8574.10734060876,0.999677720502683
"N_all[16,1]",539.219865329925,1.29308420293944,102.710561155395,363.744765054547,467.864684156123,530.98248099866,602.947774445883,763.529711245735,6309.23336983121,1.00136866956374
"N_all[16,2]",996.782326461297,1.96046281219066,166.745658496856,704.5725749288,883.237040858936,985.273843231995,1098.64361029845,1363.48107651414,7234.22234999596,0.999926966740772
"N_all[16,3]",381.10758262452,8.45789019896708,492.66221096128,30.4054576172491,132.224591575739,246.946718759036,443.641273723669,1602.05326084531,3392.92623222195,1.00022809429807
"N_all[16,4]",723.27995799477,1.30231769791887,118.014480801846,512.254668543288,643.955615541142,717.375752203709,793.941241206606,979.524740574197,8211.76883359951,1.00015846624512
"N_all[16,5]",905.360726632898,1.89608344507596,166.898555363071,623.623247634337,791.776320178102,889.407696836179,1002.61495622193,1287.40586105866,7748.01160159919,1.00027903312829
"N_all[16,6]",537.747467989761,1.23444635473521,110.859926785139,354.539843666854,462.083381201562,525.294996578433,601.217799682832,788.284450064636,8065.00668558264,1.00027284264981
"N_all[16,7]",111.81505046336,5.65104540710626,255.433357695943,10.9671450422975,39.9323918721768,69.1949672678328,122.896125394791,445.453856690366,2043.13766781202,1.00107077336872
"N_all[16,8]",576.763799453036,1.51065687192648,108.611526348712,402.703665871854,499.862497651426,565.02715265581,639.108320772287,825.632575654375,5169.16235382196,0.999911416670226
"N_all[16,9]",786.722544173442,2.62907561919408,173.081211441173,494.68055339551,665.591028612654,770.091197279841,890.456782045955,1168.37114400612,4334.04780238921,0.999912791405631
"N_all[16,10]",382.901171683414,1.144467178354,79.6426976784258,243.357833598129,328.089620481114,376.023751331186,429.689677327432,558.993285964635,4842.67406300553,1.00038776543324
"N_all[16,11]",268.292877457289,0.929328636451076,81.1714372207766,141.784992071498,210.799229249698,258.55049193334,314.196834152308,455.8013774748,7629.00380981381,1.0008076023113
"N_all[16,12]",19.5482180084351,0.0488306052615213,3.76477184294806,13.0119358664104,16.9270158500764,19.2815288411954,21.8421853157701,27.7200293622899,5944.19582758842,1.00103357773848
"N_all[16,13]",1157.15208993785,4.79095869982728,228.413435846051,758.50172352941,994.9966334261,1143.55821606132,1299.86618378936,1659.87641911031,2272.99478380441,1.00202588042959
"N_all[16,14]",538.118802239613,1.72185449756134,111.893421788301,344.195557940964,459.400467733918,529.420045040639,606.724256911453,781.469800715587,4222.95264655099,1.00091970983169
"N_all[16,15]",738.162804780654,1.73154649196125,153.293252747653,480.034486075758,631.874344609239,722.980576268377,829.796797247677,1084.52818549285,7837.50382259753,0.99994681206833
"N_all[17,1]",579.964150477164,1.53754345333585,118.445103796534,382.869519417629,497.929025261033,568.120430785926,647.377406458116,851.592545861524,5934.43570308943,1.00008851558109
"N_all[17,2]",670.336460595929,1.5735833869435,118.23394778151,470.881268898027,587.987250558187,659.396014670125,738.93637975203,938.450603949387,5645.53179575948,0.999877017277966
"N_all[17,3]",373.48480903853,7.20026314166343,449.904133958046,40.0217654164782,148.486128726491,254.900447594245,442.097748363429,1396.73220989539,3904.30044658467,1.00113270179214
"N_all[17,4]",480.082584078646,1.65910321648018,86.3408588568012,339.372778334512,419.785224133871,470.704648405212,528.847514842385,676.016114744514,2708.2323297561,1.00188971385089
"N_all[17,5]",860.677568153969,1.89728624087309,164.622537464759,583.119524879501,747.238883657814,847.594707722445,956.120069959994,1229.11281454786,7528.57651565137,0.999924918213435
"N_all[17,6]",550.198397681864,1.19641374096335,104.357799567302,369.701044350247,480.262140423933,541.069935846433,611.082481201152,782.011643669171,7608.28971735358,0.999837055793674
"N_all[17,7]",109.05382915504,5.91433857687378,251.709064838782,13.3129074969267,43.662268543441,71.993556725425,122.607265207579,400.676458568106,1811.27897761409,1.00154194849691
"N_all[17,8]",615.464448513081,1.53688993494807,115.750768296672,419.313277585708,535.898956639377,603.812893741554,682.979335714736,878.464072521399,5672.33970298293,0.999966271102683
"N_all[17,9]",803.68986710375,2.06348548716131,178.258129310528,509.077845826396,678.318799228134,784.799757888475,905.64411784233,1212.06947600976,7462.69773747181,1.0004783986664
"N_all[17,10]",302.110108928119,0.732341132237825,64.2415825137477,193.533926852566,257.954501390425,296.195257925016,338.6090676203,445.176557027177,7694.9465434453,0.999642120190701
"N_all[17,11]",63.3229199744251,0.739010097513079,25.9478257757835,29.3752006938044,44.9661264433702,58.0746655236981,76.1649191103606,127.262761177589,1232.82434394746,1.00514335076498
"N_all[17,12]",9.94704852963404,0.0398944624759681,2.09507827120168,6.60902574654854,8.47641660208719,9.67653557817994,11.1337856247801,14.835467575457,2757.87939108491,1.0018682424649
"N_all[17,13]",624.415779488578,1.75465550908085,125.525768632372,420.719470585924,537.019222800438,611.278803425362,697.045885376246,910.606655059875,5117.78515450249,1.0009348862747
"N_all[17,14]",444.929474437654,1.31699197126306,96.7780723399918,286.082499197078,377.410208375642,432.89317434669,499.624136650602,666.062649239487,5399.92440507873,1.00086636052702
"N_all[17,15]",395.362727270525,2.25299981300568,95.9970036105124,247.524592141414,327.450614121591,381.124758052624,447.584199629294,622.464655905127,1815.48658245467,1.00219257513808
"N_all[18,1]",821.782991892843,2.40356993130842,161.224149096166,543.225270936169,708.748534423867,806.836783598028,921.578028704444,1175.47920992346,4499.317723202,1.00100135872162
"N_all[18,2]",856.128442775373,1.56460783552466,144.3457099363,606.837177293943,756.056486750472,845.098499454069,940.628158933983,1174.80777414001,8511.31688394907,1.00019028862613
"N_all[18,3]",386.266100618558,7.40705917586484,454.114924128914,41.1819110644831,149.799833914222,266.723214151595,455.981263126802,1480.37176902488,3758.71953563275,1.00090532099132
"N_all[18,4]",736.457698827196,1.31555355697323,120.800591571643,525.060159645062,654.648517968206,728.327287799305,808.50678060731,1002.31511531321,8431.81473899749,0.999707024253308
"N_all[18,5]",1127.23917639529,2.64187360088968,207.550476966249,768.929870605312,981.428419643948,1111.83823907041,1251.83012518239,1588.81591316405,6171.96424058205,1.00061476245781
"N_all[18,6]",698.257488147608,1.45977844537332,127.08053301249,470.504391725171,612.846918704452,691.438577013999,772.841670952808,982.374961049609,7578.51582851005,0.999852799256978
"N_all[18,7]",110.686711156649,3.76780537897412,185.334791503985,13.5684411136877,43.387910612067,74.776619163194,126.478812442411,419.927345434026,2419.56327509439,1.00084626955624
"N_all[18,8]",1195.56057675086,4.95323365995183,233.759118907311,772.165236878333,1031.31175024455,1184.75314425799,1344.47844912106,1692.64600259975,2227.20140658027,1.00375142779041
"N_all[18,9]",1284.87770340728,3.56521805756117,284.77312318847,804.976490974594,1086.19118399034,1252.80046083409,1453.23987878544,1919.23835251482,6380.0752573441,1.00066071888983
"N_all[18,10]",358.026016880316,0.834927395110148,74.3673007134896,235.020737043495,305.468099177908,350.282364597399,401.435954230799,524.167084706314,7933.53266985954,0.999704975743048
"N_all[18,11]",130.211342457042,0.416566135783739,39.2617507720373,70.0669057674851,102.775342841201,124.499009962378,151.742085212767,223.8506940891,8883.2400991651,0.999988004454002
"N_all[18,12]",13.2359648103178,0.0273440596679045,2.53490526963398,8.82255016865133,11.4831211926367,13.0348724518016,14.7239199982901,18.8130366860506,8594.04220846015,0.999834593623256
"N_all[18,13]",766.046545512012,1.55679859294481,144.714260746166,518.639818104597,667.771903553101,752.289195675162,849.341831728057,1091.9609634676,8640.87654003656,0.999805024461322
"N_all[18,14]",653.28168829254,1.55053860409714,137.607808567699,428.650634801104,557.762769246879,637.539094307373,730.72983452849,961.295082235662,7876.27716502468,1.00007217250488
"N_all[18,15]",621.147569391336,1.48813566887461,127.240197505381,409.571283374864,533.092548844332,607.978422362705,696.862476771126,914.048277305523,7310.77833949275,0.999840473888876
"N_all[19,1]",767.576495677099,2.39625927557927,152.834879136473,503.513655076397,660.878184088406,754.090030138133,862.586626626371,1104.73918625807,4067.96625572303,1.00098836989431
"N_all[19,2]",843.8388951187,1.586785163582,142.135172785741,593.238159578907,749.193140224105,832.067168743437,927.365219739882,1148.96944219522,8023.55550358747,0.999858900947135
"N_all[19,3]",384.383739010393,6.54950912666511,405.12159281536,47.6648498913688,161.78739214568,274.810461989389,457.384505589012,1376.04392140761,3826.07324469207,1.0004119349976
"N_all[19,4]",837.189336326725,2.16652143498264,140.591658401076,583.413110767549,742.337172878943,828.267416427046,923.090606884117,1141.46290672818,4211.07646380178,1.00097718105356
"N_all[19,5]",1042.01335313267,2.22633704072768,189.173066527932,704.409159019044,913.881923576695,1030.21078775168,1154.18496554244,1450.49077832969,7219.99312247231,1.00097741897328
"N_all[19,6]",636.815435477584,1.53947606794601,117.367479876611,425.469864375273,558.437749000715,629.92923848058,704.639330159079,890.964393501183,5812.32212161779,1.00037833839063
"N_all[19,7]",108.506407159635,2.84777959572952,155.229724560395,14.7787587350836,46.693517319836,76.7647244645782,125.853453010428,388.969792832163,2971.23516094734,1.00071337605453
"N_all[19,8]",1026.92786215387,2.94463198395152,188.861105549269,686.6435614092,896.898422060815,1015.22847610371,1142.77552396088,1433.82001993091,4113.60896004526,1.00015524748422
"N_all[19,9]",1225.13487897051,4.18373239509584,272.967119314481,768.777151246288,1034.18476458272,1198.65112408694,1390.61980789507,1823.46698076119,4256.89440502513,1.00209732051688
"N_all[19,10]",328.047042668242,0.727810378402018,67.2553922797927,211.500238753715,280.933428878429,322.967917736146,368.736284248738,476.296670612685,8539.21074263208,1.00027580833252
"N_all[19,11]",144.812004443295,0.520647120894017,44.3990051839409,78.914594445368,113.750860104544,137.879276478293,168.463369011873,249.880828195475,7272.09487611836,0.999884294219438
"N_all[19,12]",12.3750511514176,0.0257007484496234,2.32340075727869,8.4319261510293,10.7830741693957,12.1968231332094,13.7493969002492,17.6792924691457,8172.53353486242,0.999823767014294
"N_all[19,13]",697.551018981388,1.79222042884394,133.864948124537,474.874976563386,604.346659875619,683.664494465482,774.908003986116,1007.53039470299,5578.92985939823,1.00159784883672
"N_all[19,14]",660.992410034039,1.48373951330512,134.825214118613,431.102061637551,566.72971497405,650.297529290476,741.629398245351,956.891974244994,8257.08798566803,1.00055143326535
"N_all[19,15]",861.340819365076,2.47571938087249,181.573751261444,551.019784004148,734.294965543022,849.039880633374,969.994150166548,1257.76747087722,5379.02173492256,1.00120324627962
"N_all[20,1]",400.490195088758,1.58044386453311,82.3482080920166,267.042267131175,341.184663665846,390.465441173859,450.951697534569,586.551426328784,2714.87699176816,1.00249504980535
"N_all[20,2]",707.985614641211,1.53199712320331,119.084304225126,501.205281081041,625.284463191385,698.353215802809,779.370297152238,970.9136603167,6042.17288425507,1.00074547037085
"N_all[20,3]",370.803262287431,5.09333278722446,338.899176139888,58.9620430203052,177.837989866273,281.377425428969,447.36629916346,1237.64564258339,4427.27929417194,0.999637695844805
"N_all[20,4]",607.399994221486,1.43364845100597,100.407664187056,427.382593046323,538.875426549597,603.1137304173,668.449427392042,822.669645466101,4905.10590462343,1.00169896251358
"N_all[20,5]",654.339982884099,1.34087124664587,120.854450130947,448.869550970207,570.370352062381,642.740017075308,724.331083058494,924.69101033079,8123.64875773384,0.999995357188756
"N_all[20,6]",345.537291924057,1.10116931682961,66.0051989158003,237.470385609547,299.705320090368,338.438751979476,382.418202675604,496.647923498166,3592.92444945813,1.00195704547144
"N_all[20,7]",105.628019932461,2.48818351067441,142.993876714611,18.0347120159402,50.3705787996898,78.7842455452453,123.842525943162,352.674516262224,3302.70714260342,1.00059103303254
"N_all[20,8]",468.117009112375,1.85954459105037,92.7792947888725,321.638192561641,400.708343132996,456.148899618166,521.560411514013,677.435707753012,2489.36706988979,1.00206400568386
"N_all[20,9]",495.059323620277,1.76599017972217,113.071236782506,312.913045496696,415.239221799099,481.243726832517,559.397543578446,760.672396389705,4099.47003810355,1.00172296216515
"N_all[20,10]",187.056901433831,0.605322108339684,40.3047678269205,122.074490927904,158.85454835363,181.974798583248,209.677761980854,280.528533374819,4433.42918034815,1.0007184219725
"N_all[20,11]",227.821106537343,0.712008169987427,68.5363517545366,122.944382054439,180.315024829495,217.693994950793,264.339430980838,389.225316487027,9265.56723231475,0.999804499406572
"N_all[20,12]",10.9746498051113,0.0279072386433827,2.08336437231656,7.55212169892599,9.5199028548484,10.7588876496734,12.1801938457263,15.7195175774671,5573.09868888222,1.00092609841486
"N_all[20,13]",623.07160214208,1.30865947640018,118.590187901704,424.538508922835,540.593523543874,611.384627115817,691.103238529975,891.690851686221,8211.91046579475,1.00017618035798
"N_all[20,14]",506.342971360419,1.38222607878528,106.793490865442,326.274233248748,432.621602158059,497.160641463987,568.228268998429,743.871445304972,5969.40988790611,1.00026676592759
"N_all[20,15]",805.320785007228,3.39107862653278,178.981894866164,499.124736539854,681.619644339322,789.874916271363,916.167132301322,1195.72506898159,2785.75221222112,1.00215893347306
"N_all[21,1]",445.876795357294,1.01421558914939,84.9944638087639,297.28771777732,388.24330708584,437.981444695957,496.597296201793,635.129135390148,7022.96838933096,1.00046353032755
"N_all[21,2]",607.636328530393,1.19763180790095,102.752794778609,427.009246721974,539.422434393922,599.269245205226,666.457476196673,839.324785991154,7361.06482559127,0.999775335719741
"N_all[21,3]",363.083227676499,4.34947042106467,301.127579567098,67.9396508277397,187.553435530112,289.153134171169,444.854671139241,1113.88028205702,4793.2303796051,0.999859843980572
"N_all[21,4]",374.418766538639,1.19008503222979,64.4881771150521,269.491408471976,329.065115458635,367.702518862591,412.050577411707,520.499357273075,2936.32562847273,1.00058060559751
"N_all[21,5]",570.059691816328,1.27393582480335,105.146158610796,392.169274035725,497.344418371367,559.960896203234,631.931521456576,803.038113755855,6812.26792442822,1.00016743680186
"N_all[21,6]",360.21412723496,0.762013725339338,66.4322698519442,245.466629765207,315.655956141356,354.873756476186,399.282787203144,509.025758727451,7600.33255647724,0.999670469332953
"N_all[21,7]",103.584581521243,1.65865467859283,100.08283333161,21.3771121120949,54.5868281726202,82.169825998217,124.309119413932,318.762033254238,3640.88722637081,1.00006228867847
"N_all[21,8]",554.870219075873,1.72911547997083,102.253836926321,373.949521294557,483.688903979465,549.109318703349,619.261460609319,773.205138277462,3497.1255874492,1.00260080571918
"N_all[21,9]",515.069663007094,1.43765096568556,111.39382693599,328.633188115185,436.787286864466,504.553931397509,582.634470192542,762.464324005387,6003.64947626994,1.00033056287302
"N_all[21,10]",184.908871773105,0.452456549516835,38.6037557128735,121.437656661098,157.648900905069,180.943383586486,207.31841462203,272.160229717403,7279.56383948272,1.00000693436816
"N_all[21,11]",318.01709183132,1.31387883122017,96.3721609801922,165.522549034483,250.375338867025,306.798999612845,370.790818885759,538.602966511491,5380.1274503956,1.00005943802663
"N_all[21,12]",14.9864855591889,0.0552986303750231,2.93539646053914,9.83678053556399,12.9228896847991,14.7984521173156,16.8246322201131,21.2790685774791,2817.76507944053,1.00242173374733
"N_all[21,13]",706.432916577431,2.58957607770082,139.017773345341,463.25327060672,609.080407812637,697.461331587505,790.727849216885,1017.59119928278,2881.92920003831,1.00247151883652
"N_all[21,14]",405.124304291518,0.91980442102915,84.1215026913434,259.910937729449,345.56546394551,398.117300871473,457.114232504248,586.163699635285,8364.17399710362,0.999751955563935
"N_all[21,15]",380.928657256337,2.35229182810165,92.7322726607572,240.100906364482,314.313315388579,368.081591366872,432.943827922374,592.119952335411,1554.10159918041,1.00519284180198
"N_all[22,1]",371.554726312066,0.924205989197929,73.5946892330571,250.252165383214,320.226370464831,364.358831079272,413.884627878723,536.116745065272,6340.96555927576,0.999612972749614
"N_all[22,2]",402.354590788702,1.07389285329403,71.5606928682498,282.725728905853,354.254270156404,394.326241083195,442.454469279645,567.796975347419,4440.45189306227,1.00081208627228
"N_all[22,3]",372.151222710531,4.83191792444065,305.295608138622,71.0367665584654,194.281563443499,297.767147091514,457.664596134231,1117.83848910662,3992.10555684922,0.99979424471383
"N_all[22,4]",371.51337129354,0.869990997846444,62.6066520966611,259.590123159772,328.967924341663,368.157415821491,409.389084475761,508.09480970309,5178.58898459682,1.00083939047865
"N_all[22,5]",278.036516117818,1.57957543064854,61.5196135097923,184.13415628611,233.886596566574,268.842345190908,313.451839234128,420.851223449075,1516.8633457044,1.00426679071719
"N_all[22,6]",251.726068898299,0.59878239665353,48.3864755452128,172.055855696531,218.321795721698,246.875765456396,279.181904899405,363.921923710219,6529.95111960951,0.999785176087809
"N_all[22,7]",106.27190121939,1.49583175121708,94.5411285666074,21.6868753793482,55.8719665042212,85.3338578102493,128.466222206598,310.984983910908,3994.62549574085,1.00021212631154
"N_all[22,8]",260.968954533935,1.05357726253834,52.2093152071443,178.478644730943,224.575868184789,254.460969079294,289.610034487659,380.700461530296,2455.63160846853,1.0030402769032
"N_all[22,9]",282.04527203744,0.798311422724395,63.6941651432902,177.155497048523,237.795043460511,275.257402555235,317.268448292854,428.519466984534,6365.82377979794,1.00058617686787
"N_all[22,10]",176.791725455785,0.438600519464853,38.1889905314192,113.132908744422,149.96381513289,173.386959328382,199.509436061775,260.449773148409,7581.20209229021,1.00048516106726
"N_all[22,11]",180.749543574196,0.999548146073055,59.7465679796025,94.5901744324538,139.214243984465,170.808234525234,211.548804179776,326.853610902827,3572.88049602448,1.00263499464888
"N_all[22,12]",9.85406256889003,0.0200993442011222,1.91166951528468,6.60986116183272,8.58078548890587,9.65144572753672,10.947137955204,14.0940291452293,9046.10978790099,0.999925275741732
"N_all[22,13]",456.162694692113,0.980170687468488,89.0370178441168,305.376725051194,394.179555636108,447.143349934657,508.07106026075,649.539942188649,8251.5928331177,0.999928551961299
"N_all[22,14]",191.013966949506,1.0025783732287,45.2967666395822,120.578364783663,159.078260115405,184.045862512548,216.1199458048,299.507794263562,2041.25725160436,1.00348069647855
"N_all[22,15]",454.357621170303,1.04225370788641,95.867350998012,293.926426912038,387.443372429594,446.431069690873,508.371254236658,671.357704437688,8460.47130057276,0.999781505084286
"N_all[23,1]",366.298953638387,1.03637204686465,71.3710565359653,246.787813982908,316.639235550302,359.229277216553,407.377407470978,526.298944191728,4742.56039751125,1.00117831353284
"N_all[23,2]",404.922848369932,1.07507671830679,74.3592809558016,284.061795837889,352.742454764605,395.940272526347,447.884543310528,576.724663075767,4784.00306482188,1.00102280167669
"N_all[23,3]",373.187096307313,4.62809863611798,290.994084049302,81.2048538873518,197.733129130615,299.903105398575,459.121894075877,1081.72368503973,3953.3303547952,1.00024097100197
"N_all[23,4]",305.246479340116,0.540883377621959,49.184888490621,218.312516133922,271.823402047202,301.949625979507,333.898568406028,415.389145917592,8269.0594129672,0.999802291954041
"N_all[23,5]",396.887393051258,0.859271073140877,72.8165248471497,271.441526883484,346.327027809574,391.651163890847,440.325050255006,559.468516674507,7181.24119316645,0.999830364454894
"N_all[23,6]",248.24372201808,0.539700708969104,45.4165975035013,169.059891825626,217.02161250846,245.296634054172,275.366441295313,348.298622361085,7081.46662370906,0.999954903364096
"N_all[23,7]",107.767997193207,1.25750257191051,84.7153469674366,23.7550565951514,58.1659096155327,87.9990014574944,131.273745183532,300.737353656333,4538.43817764852,1.0002766349659
"N_all[23,8]",318.222688372123,0.624468241503973,58.3338376468579,218.622958806166,278.531891091449,312.325237270445,350.646000016752,448.750731526698,8726.10399250923,1.00010817813165
"N_all[23,9]",241.73916292927,1.07158859945441,57.8633730983755,152.645209146301,200.856690217012,234.165111947873,272.799403878606,377.164200898501,2915.75698512667,1.00354443285878
"N_all[23,10]",149.911312383921,0.465571587891425,31.6545811814297,96.198472299749,127.969493053494,147.163151670819,168.743363386954,220.691976370237,4622.74785169554,1.00218271437687
"N_all[23,11]",350.63403290699,1.82008442651634,108.016533678242,180.857163464002,273.219832061619,337.278790747918,414.135756232475,592.044118707269,3522.06531457331,1.00153965117923
"N_all[23,12]",8.78300541348557,0.018120897764738,1.66115400789767,5.93929967304664,7.65115072727715,8.62429420103042,9.73725217717057,12.5726920396064,8403.50332846688,1.00054591666255
"N_all[23,13]",380.641533047725,0.783754505511669,71.7528758049226,256.425919248032,330.459460036242,375.245547934062,424.232796827656,537.740976502452,8381.43773571043,1.00007787861529
"N_all[23,14]",251.670327600547,0.58952167433917,51.470362483391,164.294038618724,216.301902305473,246.075880561169,281.238388193556,366.725340765685,7622.80657057396,0.999892697219094
"N_all[23,15]",427.43174489035,1.00810729236858,89.6616711111197,277.371923943937,365.76042852843,418.113728974233,479.469508983423,628.821371523828,7910.43097478404,1.00054275612992
"N_all[24,1]",490.529354938044,1.50686030029696,102.504451675803,315.798680075701,418.841932918485,482.791936625801,553.177011890966,716.95220411522,4627.42588267072,1.00060592711298
"N_all[24,2]",434.839800322375,2.83539849650232,149.525710388775,215.846268841383,330.615794645111,410.166911509938,511.130342429735,786.621237889557,2781.01633191799,1.00055286059843
"N_all[24,3]",405.713296543674,5.79084216146388,320.467740578406,83.1689830945645,210.239676399698,325.993131323858,493.96076029969,1224.20613073659,3062.56405842426,1.00031924864342
"N_all[24,4]",242.460636899762,0.501970454271538,42.4728623042049,169.567113691908,213.686264514835,238.968304510535,266.715127982585,338.432918883146,7159.23714321372,0.999773773329647
"N_all[24,5]",350.594236812769,1.28696916582153,72.2117408455917,234.188493176506,300.398510375368,341.954792699741,391.228189595645,513.533569673627,3148.3234632489,1.00147904361606
"N_all[24,6]",167.203968543612,0.980953076257644,37.9965642197297,108.813082516973,140.589877737116,161.421725803908,186.853396007537,256.486128758496,1500.3486403456,1.00329726369638
"N_all[24,7]",112.933345462682,1.27596291662679,87.1595842960624,23.7262030343849,60.6363866437105,91.8968080538592,138.310818793788,322.439319406308,4666.10164566155,1.00084808114409
"N_all[24,8]",381.107213479721,0.842063807437098,74.7029669556339,255.461639011471,330.289815249811,373.948912318873,424.55409137446,547.384906602235,7870.19873154262,0.999952225022146
"N_all[24,9]",471.931055730362,2.38854409644712,118.220489393117,273.375259428314,386.725752313148,460.041102729167,543.799336910113,734.753529422118,2449.734275841,1.00178727050988
"N_all[24,10]",75.4250258761207,0.415689280163489,18.9970581088181,47.7152810336845,61.9818130437467,72.3675090468415,85.3895648032088,121.329484004784,2088.50275398966,1.00336132134808
"N_all[24,11]",241.709577566116,0.920051088622434,78.8008762958893,122.663814073131,187.577658571622,230.102326934721,282.135408737025,422.523475783633,7335.6433280896,1.00026063757087
"N_all[24,12]",5.41767234009628,0.0325549953747354,1.27318450036226,3.49196480526625,4.50318784086823,5.21799787118953,6.15481203289538,8.43742588520025,1529.49270479133,1.00488306792312
"N_all[24,13]",217.444244391792,1.32458792308601,52.3404164250255,137.667172595967,179.976296836632,209.975079837239,246.310124028139,341.146568124462,1561.39493094542,1.00414058984058
"N_all[24,14]",399.714764209083,1.26895476958654,90.6310542158828,245.468617052207,336.645611941569,392.058462652112,453.151206456244,595.294897811034,5101.07581764,1.0008183611529
"N_all[24,15]",441.907427718425,1.4286971281852,98.8530388253521,276.747047367592,372.85795008706,432.523409706994,498.736459917034,662.609586420303,4787.39988854448,1.00023239471103
"N_all[25,1]",329.230262247297,1.62300129512221,73.1773521816971,213.309852182798,278.616275771796,319.716276287074,369.569146063863,498.48995371725,2032.89828481598,1.00350749931411
"N_all[25,2]",714.372581140794,2.68437413346661,140.517727850951,461.925804117035,619.333397351576,704.803075985304,802.307246377752,1016.54627043246,2740.16141603997,1.00266999396549
"N_all[25,3]",374.2324723645,4.26736555783009,246.166382239264,101.377008504611,218.416674399302,317.086599426499,456.030701110627,982.704348421733,3327.65114701559,1.00098155800925
"N_all[25,4]",199.639608797681,1.05965194688906,40.3186742091537,136.799775617634,171.248674277079,194.047244283572,222.743235361823,294.373212338704,1447.72476952467,1.00487952314874
"N_all[25,5]",666.713495723797,2.78900997819681,134.880942522954,429.39936475771,573.755741645305,658.377953916476,750.055392015514,951.868539801701,2338.84288278419,1.00208797234873
"N_all[25,6]",304.633189462529,0.627562224439066,58.2635363842373,203.407283513211,264.734599013363,300.498177872754,339.163399939772,436.678058969431,8619.46072102413,1.00004049309335
"N_all[25,7]",109.50062330241,0.946441255978415,69.2494823096766,28.8307830125788,65.6247577748779,94.880084350752,133.559113025046,282.814188378101,5353.59773757257,1.00017817681543
"N_all[25,8]",534.180893660501,1.17297412656265,105.520298100553,351.881672695921,460.930859527993,526.621718870379,597.997555725488,765.41802884142,8092.73191220367,1.0002662172727
"N_all[25,9]",330.64671662565,0.916043456182721,76.2419650033815,209.500270729574,277.192626450862,321.40651716235,372.910543363591,507.215161306073,6927.17259673183,1.0015748354423
"N_all[25,10]",122.955310256826,0.277669486872829,26.8374855488183,78.5626457171838,104.356159376294,120.29657162793,138.263678457441,183.875892411663,9341.73044858891,0.999792031170051
"N_all[25,11]",511.292283447964,2.29993882627029,160.951038000152,257.334598332776,398.855862822767,490.65199408893,603.853361564449,880.18479813028,4897.28066269339,1.00102904994265
"N_all[25,12]",11.4092814755792,0.0255036641847729,2.23129278870837,7.59061152588473,9.8599176088836,11.2107311467852,12.7674427242292,16.2786941072795,7654.34373357219,1.00050237313042
"N_all[25,13]",429.267749320856,1.07209721715942,89.4662314137242,277.410326947187,367.323723075687,421.054133375792,483.435724949933,626.758094072959,6963.85869929429,1.00033965903366
"N_all[25,14]",346.016575020081,0.837488760792399,74.4342921836508,223.092463810413,293.631727380749,338.892489775573,389.235290219978,512.027945026971,7899.29168917929,1.00004481353852
"N_all[25,15]",313.134414071504,2.2398663370287,81.1281428137056,192.456230719553,255.58967911702,300.207202911078,356.676039905001,510.465898579137,1311.89435358877,1.0036212664238
"N_all[26,1]",492.993666446783,1.07234104798065,94.6918076724402,333.182914787012,427.115610220874,484.104010975836,550.726661360878,703.065820014811,7797.56409841131,0.999857945951175
"N_all[26,2]",704.538250934128,3.08529735149996,217.603507180617,371.863722809434,555.232891069734,673.526773318727,816.541995503607,1216.75020746455,4974.36591375206,1.00009773022409
"N_all[26,3]",361.845822991851,2.31051682927659,158.405009519883,148.293925876147,258.190087784197,332.459715256446,427.502133271161,758.16155418779,4700.23477708465,1.00059144225221
"N_all[26,4]",391.351844829035,1.00025622881788,63.814388084713,276.166353474976,347.814044571222,388.832946999783,429.982961828814,526.200631221266,4070.19005943038,1.00100977367568
"N_all[26,5]",595.682251080644,1.18525320173,109.96347371664,411.032250680398,521.225345953604,584.728022251767,658.631785369043,838.772021110262,8607.45234579346,0.999943867368441
"N_all[26,6]",376.585462130648,0.797838833651818,75.3023127428556,245.331300847938,325.596376036996,370.439132950678,419.382647664389,541.938436466471,8908.1246885361,0.999686974821889
"N_all[26,7]",103.873354414403,0.636942389218941,45.2391183798851,41.1453680095458,73.7383107772392,96.3056009659523,124.211439727966,214.443665643653,5044.61422689594,0.999800802273701
"N_all[26,8]",612.456541697424,2.2610450576075,181.698621208707,340.786781667426,486.82948110219,585.497927665264,707.536142612171,1035.66358518473,6457.80355263983,1.00029849280118
"N_all[26,9]",400.518926261844,1.10549584204276,89.444252497511,257.855742637506,336.952360430204,389.111642524569,450.766409039003,605.542924944262,6546.22081871146,1.00064105794768
"N_all[26,10]",136.215972302088,0.438464379032013,30.0805854029004,88.3268918679268,114.604666678308,132.720779851121,153.282237493767,205.50409163407,4706.5636236423,1.00116649586726
"N_all[26,11]",352.556101644445,1.18282226709091,107.109869684641,188.923163350837,277.246572002748,336.892890986248,409.635651216886,603.575072979674,8200.11604617284,1.00015949108032
"N_all[26,12]",12.9776107472047,0.0260774151661963,2.45902663164174,8.80039886445906,11.2900485204523,12.7387083909199,14.3901768382065,18.3951297921582,8891.95757579517,0.999876453603147
"N_all[26,13]",521.31594310727,2.00957167778279,173.997189058653,258.790578027848,400.443664634363,493.428514766359,614.97255432901,933.914106208605,7496.82653289351,1.00031678756461
"N_all[26,14]",344.982584621703,0.790688864858557,70.5169028808555,228.162332426309,296.176427193109,337.562788774087,385.563138115362,504.596127490549,7953.81002916145,1.00044266315431
"N_all[26,15]",712.803046911088,2.96196484730087,159.238472397497,440.342248383048,602.015304905842,698.670575029238,808.66378188597,1051.39578904039,2890.25529403783,1.00164616647081
"N_all[27,1]",571.920150143358,1.33437320215228,112.638652223303,383.726125268757,492.548042892488,561.997228793619,637.571636623089,819.609081901771,7125.58077275535,0.999961730970431
"N_all[27,2]",748.702031059638,4.73148381102942,251.712324755877,376.742891075293,576.266831457504,708.460292338819,879.272441924968,1351.3215158468,2830.18121776647,1.00127647236659
"N_all[27,3]",341.519162628094,0.903461641876607,75.8663518276559,217.538507233696,291.948740486563,332.304846886972,381.264854535273,517.16375694924,7051.4586641648,1.00101085773062
"N_all[27,4]",424.647175039408,0.894993269123967,73.0230264635828,302.585130359744,374.255164454387,416.73545583694,466.992075889207,590.544805803795,6657.02393709141,1.000191337724
"N_all[27,5]",729.551252294253,1.86895565792095,138.273991471338,485.337493477952,633.412677300855,722.233830425467,815.691732809564,1025.24179894659,5473.72536806008,1.00011496023445
"N_all[27,6]",505.930316832951,3.21852932686063,210.605292650679,221.217501077329,364.849989599522,468.084834155769,598.848262300823,1028.96175207502,4281.77281740552,1.00145859843515
"N_all[27,7]",101.11200424511,0.257491844623741,22.0339393792788,64.4015136660022,86.759026674608,98.7169176266715,112.68980104703,151.999976747251,7322.46565860606,0.999668025577261
"N_all[27,8]",759.335329423744,1.69769708558416,146.430157610127,502.565121036417,659.59785175366,748.277532094669,847.727928307754,1081.78858058416,7439.44698833407,1.00019296190006
"N_all[27,9]",538.213326645675,1.39271304504574,118.090651168215,343.518770969632,456.138178004394,525.729593326805,607.472897349577,800.280232103932,7189.64997984601,0.999801115231987
"N_all[27,10]",249.145166637836,1.09681631925367,55.4983358061111,153.273300014655,209.791458782617,245.224492779789,282.838926387025,372.782851929596,2560.30741284114,1.00198675412493
"N_all[27,11]",346.569651228209,1.19439718509358,107.238539398394,179.456270996647,272.080297153278,332.373802032339,404.225589625712,597.217071972108,8061.28430380757,0.999658857067965
"N_all[27,12]",17.5463961326837,0.0426010891540295,3.70150574766608,11.2959863543162,14.9771518278706,17.1685120581535,19.7100431285068,25.8239958137767,7549.45239736588,1.00011288430477
"N_all[27,13]",627.972726115673,2.88053034303071,231.022834739447,293.904316608005,466.681214549801,589.092607788226,743.543978517136,1184.77611624408,6432.27951264987,1.00012327108142
"N_all[27,14]",255.258325594089,1.34023402276365,60.9266973916395,162.624893427559,212.476283729887,246.961046177119,287.159002188601,398.877304086132,2066.58844778872,1.00310793946986
"N_all[27,15]",662.331752454098,3.12412861313893,233.421301922754,321.716459412096,499.230575983037,626.33745380508,783.220898431037,1232.2942449642,5582.42844620768,1.00058362860634
"N_all[28,1]",747.186354854188,1.82884388962103,156.725225559803,486.285733250289,637.475968115421,731.044775339741,841.51650481229,1094.29042616224,7343.86248208708,1.00024363283988
"N_all[28,2]",588.261898724548,1.36916929968288,119.631394211234,387.702540656136,507.143631312452,577.698475842404,653.695728774968,864.597599260495,7634.41955303477,0.999990098021007
"N_all[28,3]",414.882042685167,1.01549191817126,90.4367243683443,263.825296774613,356.228748728455,406.610508132423,463.473413075485,617.290703275966,7931.15988011146,1.00024619503539
"N_all[28,4]",537.020725996322,1.24981183281965,94.2218423887194,367.010376797173,472.372601846762,534.284697250538,595.130742887947,738.982329304328,5683.4745538202,1.00032978403248
"N_all[28,5]",549.918608176875,1.87260436633938,116.688102253472,364.546566755209,468.50591050684,533.107334674494,616.584843661396,827.35364037522,3882.9436693774,1.00243142212209
"N_all[28,6]",492.26042655742,3.05326277475829,245.83857382635,183.292312028039,331.056667336363,443.893675043728,595.684997501232,1107.43568344539,6482.93533814899,0.999917388483145
"N_all[28,7]",108.571557688553,0.279191269398266,23.4563574172142,68.2991450244286,93.5012993513796,106.443685100695,121.310531002109,160.855876839448,7058.58216630033,1.00003471616577
"N_all[28,8]",695.396817457951,1.60579675112962,135.740761249926,470.807939855817,601.752630139954,680.11647215719,772.036704955817,1009.62706291337,7145.6116763173,1.00022845330429
"N_all[28,9]",668.259176970463,1.6502927990011,154.551303811178,412.487676947606,561.333725019535,653.163881121826,759.398373051081,1016.7758942482,8770.47948526866,0.999904712179003
"N_all[28,10]",171.938421244538,0.609119865742992,39.4993455312451,110.460113119913,144.429536563309,166.320030598532,193.302689922358,265.207801963031,4205.08009336791,1.00108088199347
"N_all[28,11]",235.190346875551,0.962521420893862,83.4674570299835,108.213942070728,178.49384415806,223.681881297008,278.540582547598,441.846560908019,7519.92583577692,0.999821558635526
"N_all[28,12]",16.2653329532156,0.0832831839970744,6.57564894968823,7.17041220932356,11.6126187188327,15.0635964594887,19.4971068995464,32.3189006381184,6233.93972467642,0.999738025576551
"N_all[28,13]",630.898740427553,1.66961322074587,147.183665248543,380.14717784963,529.706773288865,617.258710058468,718.052736892668,966.11402914472,7771.18910948015,1.00025613360743
"N_all[28,14]",404.141692331328,0.96021354165699,87.2851161507698,256.924576091824,343.597131276931,396.113186006297,454.936420729326,600.881541848868,8263.13285626805,0.999833706527194
"N_all[28,15]",764.469545717448,1.87469480358258,173.140480039084,477.537211974798,643.781231806483,746.549057124002,866.102479584326,1150.89921279814,8529.74569614721,1.00000206211687
"N_all[29,1]",820.713176073825,4.88648310277571,399.870787368201,310.282407444537,554.751570103008,738.362682467616,989.559393021571,1796.35671527493,6696.47964371936,1.00022662741198
"N_all[29,2]",662.523222349098,3.25789015666064,291.949795238491,269.987446677561,463.763336053729,606.005165401825,799.132333744449,1369.3065045306,8030.51642990739,1.00004084873302
"N_all[29,3]",467.000784867047,2.71179593247161,228.121802249154,171.394257754441,317.139838990499,417.535337085332,560.522051948247,1066.96089937394,7076.51738705798,1.00026752254798
"N_all[29,4]",600.409319028862,3.07221528351977,259.940838056678,249.107688616814,420.609594586395,551.026331078893,722.845399025949,1241.65732130858,7158.89081732472,1.00071480260925
"N_all[29,5]",603.381023322318,3.1342812199105,276.845668415047,231.451840358309,411.090273268994,550.59704956263,734.892609565273,1281.58789670261,7801.8850040238,0.999824054959527
"N_all[29,6]",543.473231188184,4.75633422265343,377.783148588233,140.243373048343,305.411305781158,453.369008548332,669.050857698877,1469.64108779542,6308.70812183197,1.00022731148632
"N_all[29,7]",121.059020816248,0.737446009043714,59.7852809049155,46.3990857892357,83.9104197432606,110.626745972284,145.201301729242,256.273570818847,6572.46207899275,1.00040009308652
"N_all[29,8]",773.42132518928,4.12491608099078,365.616945809892,296.597108918878,525.385724422436,700.396385977073,935.870616562805,1678.75578489147,7856.37848911761,0.999883587711994
"N_all[29,9]",753.094528215386,4.84935763203679,414.693121654865,243.414859079533,472.370615256017,663.521382211457,927.251130019099,1811.9631516585,7312.82593788145,0.999635118976445
"N_all[29,10]",192.446008371254,1.11403976694217,97.7410770826228,65.0947776167894,125.239463064161,172.239537511097,235.54570815128,437.047381231352,7697.55593723981,0.99965478205533
"N_all[29,11]",312.634895497295,2.78388510694685,253.560237110719,58.120182473719,151.491375760325,248.175606253636,388.805023380399,971.222431551347,8295.82693104127,0.999970147371089
"N_all[29,12]",17.9067930750549,0.140837637784512,11.5890217923366,4.83448734425986,10.4235748983631,15.2653177815885,22.0320657843473,46.9350594293237,6771.05115117433,0.999727546142242
"N_all[29,13]",725.505639982578,4.05642351758109,356.31558395312,261.534785991168,480.566840854278,653.027067400384,886.578318638784,1641.22527019357,7715.83710995732,0.999843439604801
"N_all[29,14]",457.041853442766,2.72010488593635,241.549145792878,156.842178629889,293.147863951093,402.056659345942,564.184686099873,1060.83599550767,7885.69019428518,0.999910099122678
"N_all[29,15]",884.383109575169,5.60954846602998,482.726350865836,291.322019700084,562.44828019626,782.93986036245,1082.62170321033,2110.93975173214,7405.36047579237,1.00048004202416
"eps_all[1,1]",0,NA,0,0,0,0,0,0,NA,NA
"eps_all[1,2]",0,NA,0,0,0,0,0,0,NA,NA
"eps_all[1,3]",0,NA,0,0,0,0,0,0,NA,NA
"eps_all[1,4]",0,NA,0,0,0,0,0,0,NA,NA
"eps_all[1,5]",0,NA,0,0,0,0,0,0,NA,NA
"eps_all[1,6]",0,NA,0,0,0,0,0,0,NA,NA
"eps_all[1,7]",0,NA,0,0,0,0,0,0,NA,NA
"eps_all[1,8]",0,NA,0,0,0,0,0,0,NA,NA
"eps_all[1,9]",0,NA,0,0,0,0,0,0,NA,NA
"eps_all[1,10]",0,NA,0,0,0,0,0,0,NA,NA
"eps_all[1,11]",0,NA,0,0,0,0,0,0,NA,NA
"eps_all[1,12]",0,NA,0,0,0,0,0,0,NA,NA
"eps_all[1,13]",0,NA,0,0,0,0,0,0,NA,NA
"eps_all[1,14]",0,NA,0,0,0,0,0,0,NA,NA
"eps_all[1,15]",0,NA,0,0,0,0,0,0,NA,NA
"eps_all[2,1]",-0.784671278113864,0.0108091976635185,0.656025842765625,-1.9999883046728,-1.23874563019528,-0.807437918658866,-0.369193853483255,0.571161243659121,3683.45169019118,1.00174371553958
"eps_all[2,2]",0.0808438682104702,0.00913340268928478,0.62235413933991,-1.13222974808983,-0.339756092596064,0.0696205451352584,0.484829475848955,1.30492446185493,4643.12047947564,1.00122523038781
"eps_all[2,3]",-0.0389885653262796,0.0162977116925809,0.979033662078495,-1.934968639355,-0.717720993671049,-0.0354603070476737,0.624652170929683,1.86419053671749,3608.62694081494,1.00078529340372
"eps_all[2,4]",-0.125501047248765,0.00879423613013177,0.635770413983438,-1.37715603899914,-0.541549548887386,-0.123752081812755,0.289422765074058,1.1392260765951,5226.420910118,1.00054713446237
"eps_all[2,5]",0.552226195778719,0.0131817492214375,0.920746988483739,-1.27306241816863,-0.0573298808839903,0.566864487352685,1.18240691465835,2.29690767090961,4879.04163326668,1.00066511476845
"eps_all[2,6]",-0.014573583833265,0.0136115968293971,0.962164688119366,-1.88816506732902,-0.652110173110047,-0.0117540376404929,0.620399478780672,1.88823637381078,4996.67007273397,0.999735566696001
"eps_all[2,7]",0.000179328290572306,0.0163716759333056,0.994047091202252,-1.95421274710293,-0.683433614921135,0.00106556379817214,0.690305484978805,1.97025804542413,3686.61375091788,1.00038522451459
"eps_all[2,8]",0.533889670078816,0.0107654278043766,0.788254459931115,-1.03214713908451,0.00933830400942477,0.545755126002112,1.05394750858063,2.07729839859857,5361.30219929861,1.00003146001379
"eps_all[2,9]",0.354284887233022,0.0114185667142679,0.800984044683934,-1.26985474977049,-0.167425996717108,0.358263092019684,0.893045939898047,1.91344910645785,4920.67342838852,0.99983384355215
"eps_all[2,10]",0.086360754721933,0.011837883772324,0.891876990925955,-1.66945390135109,-0.520891850445154,0.0838488670064243,0.687458040161874,1.84487486098317,5676.25342028169,1.00058220334039
"eps_all[2,11]",1.16330987698858,0.0112700782452187,0.830894282278671,-0.527554536227453,0.611525539003892,1.19137058443006,1.72387227477572,2.72204376865335,5435.4771997632,1.00157410678813
"eps_all[2,12]",0.0940031194079606,0.0114971892757976,0.934977964851919,-1.70879517784567,-0.534920640866681,0.0930962410769408,0.716575241983144,1.91980383286219,6613.31774210757,1.00028445552017
"eps_all[2,13]",-0.167135901301572,0.00982021369544077,0.867134538819371,-1.86212336222815,-0.742133375398986,-0.171139370597246,0.400598924503616,1.53497933321865,7797.06389085255,0.999732415367467
"eps_all[2,14]",0.285425702948099,0.00937503494687579,0.897034658197013,-1.47893614682744,-0.319176280437002,0.278215000009562,0.88646253751687,2.01977463181653,9155.30159158824,1.00015571693279
"eps_all[2,15]",-0.0559527688182586,0.00928569137451654,0.931588651530202,-1.87835158874595,-0.690188883082355,-0.0624567763208956,0.575888314411436,1.75620566078331,10065.1415898516,0.999614486109858
"eps_all[3,1]",0.79082010226237,0.0109197119562901,0.664530981675193,-0.589166296480814,0.360448252502017,0.812369567138741,1.2528224424533,2.05612337087021,3703.46378025032,1.00043477842486
"eps_all[3,2]",0.852733389981223,0.0085122827823411,0.626217896410999,-0.390084257785076,0.437044761414357,0.861355304186371,1.26354620321028,2.06123881067709,5412.01341708635,0.99983694882992
"eps_all[3,3]",-0.0864385652687829,0.0165516318740278,1.00593598861864,-2.09113658224248,-0.765637700636596,-0.0964142112157144,0.601545683529453,1.90210425747386,3693.67818556843,1.00042160442839
"eps_all[3,4]",-0.73246079690941,0.01070424399957,0.673009842302686,-2.00387433287133,-1.18565577782287,-0.748375034692535,-0.296340413023201,0.647014642792606,3953.03655836603,1.00140871831099
"eps_all[3,5]",0.531059298388291,0.0129204530505784,0.917073197452736,-1.28192863978646,-0.101573935946965,0.536096722708279,1.15635696737328,2.29669243459065,5037.93450421697,1.00042557978855
"eps_all[3,6]",0.14793687985946,0.0141504569851669,0.979871246934843,-1.78780021496912,-0.51791920789011,0.150339609425599,0.820678289124504,2.06220548951291,4795.0936890456,0.999916340253628
"eps_all[3,7]",-0.00202995886217741,0.0166786318445778,1.00149289995988,-1.97108886279951,-0.660484692042673,-0.00626979451217623,0.6778633782223,1.95947979942224,3605.57807893018,1.00000363508744
"eps_all[3,8]",0.503148725653459,0.0106091591153438,0.813520683198252,-1.13131335180536,-0.0459997705929227,0.511793685755252,1.04892921161044,2.08701627998067,5879.97219153982,1.00054230225561
"eps_all[3,9]",-0.462383193472186,0.0123614889822938,0.832224770346608,-2.06902792142322,-1.01546056611041,-0.467559094616636,0.0814556753431127,1.2219270012015,4532.51973536884,1.00069401095067
"eps_all[3,10]",0.495047137902099,0.0123197320301916,0.852401559139367,-1.17765674159732,-0.0752581988271864,0.490550280561148,1.07011683355025,2.14337544057248,4787.24823699987,0.999833805576143
"eps_all[3,11]",1.18277702659647,0.00999530800485844,0.826020330300851,-0.470134340871367,0.655221379686024,1.19112795417072,1.74581833874635,2.76542595718827,6829.50315632629,1.00047224595867
"eps_all[3,12]",0.161222245905925,0.0102327963808822,0.925141989055639,-1.65563184627478,-0.459580680050812,0.154921160004679,0.791194465470946,1.96193734448101,8173.87741915341,0.999981315664708
"eps_all[3,13]",-0.215442013176006,0.00958746907217605,0.864040651098972,-1.90656526820891,-0.801095705363224,-0.228553622558293,0.370287860041199,1.48733138295502,8121.95163554548,1.00053973479029
"eps_all[3,14]",-0.0747965785135175,0.00988894810073082,0.927853521888629,-1.85906293687412,-0.708784571928599,-0.0740834619115291,0.554743784264592,1.75994739472221,8803.56643339305,1.00058747314394
"eps_all[3,15]",-0.148647254428038,0.0085373163541224,0.923523466322292,-1.96001842209372,-0.764383927361554,-0.148738480595832,0.457278764583973,1.69519232617506,11701.8121183559,1.00009056364404
"eps_all[4,1]",-0.307047156300904,0.00747524486849757,0.614985466658447,-1.51146729966753,-0.723840663147237,-0.312166094209002,0.100472980965407,0.912010016965258,6768.28843620094,0.999629907581169
"eps_all[4,2]",0.697296522105498,0.0103889257663038,0.628185849150991,-0.460763761388295,0.254161162345048,0.667935747425809,1.10585509186621,2.01152181114202,3656.24266327206,1.00011741341884
"eps_all[4,3]",-0.035254599191203,0.0174720008813285,1.00849821069526,-2.00508343317355,-0.723563637074321,-0.0332060574690852,0.654794473102674,1.93626040493382,3331.69301379628,1.00077566731037
"eps_all[4,4]",1.1007048483429,0.00907675900367466,0.671449355682871,-0.246955863032831,0.658289588804162,1.11606616697263,1.54985618464644,2.38914983426071,5472.23719237863,1.00060277144515
"eps_all[4,5]",0.366146527480119,0.0125726419299948,0.923721345253892,-1.45335714168127,-0.251299921625106,0.385657662107211,0.979205946706939,2.16774423959704,5397.9500908125,1.00060858882655
"eps_all[4,6]",0.22783950520298,0.0136005206198747,0.948947280295035,-1.63547281177312,-0.409125053751272,0.229378708401218,0.857794465395045,2.06568538730212,4868.25259955364,0.999928964042195
"eps_all[4,7]",-0.0452645032407644,0.0152489952412666,0.988044137780318,-1.97858098049306,-0.721714982687043,-0.0403301001482176,0.616318236358593,1.89276685384309,4198.26872562141,1.00050449134987
"eps_all[4,8]",0.232173682586848,0.0111105607536675,0.807004498825978,-1.36415828161564,-0.297919238810578,0.242110392139526,0.765343972139222,1.77736809835543,5275.69833574473,0.999890835033607
"eps_all[4,9]",-0.574605580469866,0.0110602627482117,0.837439479920717,-2.19644904341923,-1.13707888709589,-0.595666658415673,-0.0250429979680141,1.11560753369662,5732.92122248487,1.00018755230519
"eps_all[4,10]",0.295882403839466,0.0105448787465294,0.834416924623523,-1.33718842566034,-0.273837692221713,0.312597110617938,0.863007640612034,1.91183385042888,6261.56694667524,1.00024269220905
"eps_all[4,11]",0.73376947800318,0.0111010404406209,0.830836962178085,-0.903441142535811,0.189046158334372,0.733347894901447,1.29739239634788,2.38382274556439,5601.49881876648,1.00025910237212
"eps_all[4,12]",0.810054337754378,0.0109492998118455,0.874767641202216,-0.983692696153541,0.23954504795866,0.81943587191416,1.38834683458715,2.50632930126058,6382.82185880415,1.00035858928723
"eps_all[4,13]",0.0108407160377957,0.0102744971013774,0.887620563768412,-1.72663865078394,-0.582709003615389,0.00178567768444923,0.598505875420588,1.81073644844033,7463.34576547946,0.999653745383057
"eps_all[4,14]",-0.0725517008648428,0.0100066021162442,0.944213458080888,-1.92306983068724,-0.708673225977571,-0.0630004536697577,0.570545295056792,1.76669191132319,8903.63010311468,1.00008214678442
"eps_all[4,15]",0.357282189276625,0.00929919361617478,0.934520866562947,-1.4696491870896,-0.274156740027904,0.368723948432601,0.999847523920885,2.14173761411817,10099.2105318404,0.999928740254364
"eps_all[5,1]",-0.218995017759318,0.00772096057593321,0.614336364228222,-1.39008617484069,-0.627432678605664,-0.237821133004943,0.169216826710034,1.02385033577618,6330.96301591677,1.00070233869032
"eps_all[5,2]",1.20520366272813,0.00786822012747354,0.613771885396504,-0.00800495466724691,0.792331517122576,1.19665241283457,1.60779412907663,2.44854682691292,6085.00555621478,1.00065463977764
"eps_all[5,3]",-0.0108073158221386,0.0170159957413219,0.981889686185816,-1.97720063438948,-0.65595047813223,-0.0119659118160062,0.649773225888172,1.90095830318543,3329.74258146588,1.00111014398266
"eps_all[5,4]",1.126101900411,0.00881894099550292,0.662839580131501,-0.210576603686874,0.702457414442944,1.1285756599263,1.54939975816403,2.45155650490065,5649.16153419079,1.00057616493419
"eps_all[5,5]",0.437583107044034,0.0113192789342944,0.898830631994669,-1.356731607657,-0.166144572312655,0.444345360808788,1.05517818328291,2.18124511337032,6305.48076398041,1.00053745211997
"eps_all[5,6]",0.130566720094184,0.0117178464286373,0.938695893517843,-1.73665257625643,-0.493644463731018,0.125711086602832,0.748465441135712,1.97735835190253,6417.32792180592,1.00032330168103
"eps_all[5,7]",-0.00293990699799719,0.0121888942499456,0.954913349896542,-1.86626064709497,-0.646218746416508,-0.00377932718344588,0.643523621117353,1.87965756900344,6137.6103218654,1.00041951441979
"eps_all[5,8]",0.179213543541398,0.0103213432637948,0.792078499411008,-1.41831608405947,-0.337650924734466,0.179315203443512,0.701926886779154,1.71940562805189,5889.30444614175,0.99973876503863
"eps_all[5,9]",0.431488028818358,0.0106250209749471,0.818789798125871,-1.14967428748954,-0.123571220408342,0.447187901692487,0.981109679974125,2.03100000581443,5938.6161301393,0.999920068986846
"eps_all[5,10]",0.215152811968972,0.0104617893438602,0.819219476999543,-1.39120497858391,-0.333534396419869,0.217449982757536,0.770823287664389,1.80617521075686,6131.80868771909,0.999837220303783
"eps_all[5,11]",0.590480420498799,0.01053167621027,0.823145168654684,-1.04128426866567,0.0307867427129629,0.598853293368168,1.15992721742806,2.16662141369201,6108.82761470758,0.999837190967233
"eps_all[5,12]",-0.25412451379907,0.0104129152535415,0.868396927415753,-1.96351085038448,-0.847780332700461,-0.248735928657655,0.332041212230617,1.47176572784708,6954.91599267802,1.00088291823711
"eps_all[5,13]",0.669841937549884,0.0097470043124132,0.863018003892435,-1.03547460489413,0.0974109998858184,0.6633138664981,1.25062132832087,2.33684409338638,7839.66301876578,0.999876988929912
"eps_all[5,14]",0.159901802521029,0.0100972294608066,0.908267859306045,-1.61117354676384,-0.44689541957871,0.156038950246946,0.767761967678834,1.96546933127251,8091.39570850231,1.00014658180804
"eps_all[5,15]",0.179743379735959,0.00920406605987001,0.92036227771419,-1.66017315010255,-0.440473354386419,0.194510627754995,0.786025816474611,1.9909609266763,9999.03679080393,0.999811923349691
"eps_all[6,1]",0.834660502003493,0.00743361947717594,0.619722103884945,-0.408046402296144,0.430145400300117,0.831076875213526,1.23716043639039,2.03542985738553,6950.1362907598,1.00000074128964
"eps_all[6,2]",1.20113781976981,0.00862412637886869,0.631376703539238,-0.0660529917000793,0.78880863709125,1.20854259239188,1.62851760069286,2.42385809144458,5359.77899581691,1.00041585448771
"eps_all[6,3]",0.0660387144920928,0.0178613206589636,1.01295106137653,-1.91503488564097,-0.615045326815481,0.0742928113759953,0.740479789967293,2.0606101029413,3216.24995441,1.00092951985925
"eps_all[6,4]",1.10274860353815,0.00974794774217163,0.677137531335045,-0.266156347866882,0.662626494976741,1.12342234238551,1.55956515585421,2.4042119876895,4825.33408228728,1.00060307093694
"eps_all[6,5]",0.356028876540239,0.0136907852878206,0.933932992614439,-1.52221043117468,-0.271414100793064,0.372294522321404,0.992803914234319,2.17678378806413,4653.44640739409,1.00052084928265
"eps_all[6,6]",0.000240998355911215,0.0151658554432245,0.969524440951052,-1.92854456927802,-0.639425914506265,-0.00405202974362821,0.653107570175606,1.88564517112528,4086.80296096494,1.00000098305925
"eps_all[6,7]",0.00643698457247082,0.0157084633341041,1.01227442554253,-1.96894051529216,-0.679555250915574,-0.0062039095681426,0.700742289883203,1.96810596268406,4152.68629239703,1.00018163962336
"eps_all[6,8]",0.355998932341622,0.0114830772291396,0.815301708673365,-1.27657526815594,-0.180681811586659,0.364840166567825,0.911810902723702,1.92813340734186,5041.03988550536,1.00000462630376
"eps_all[6,9]",0.81324442162821,0.011915086582045,0.810124114213154,-0.805041730683005,0.268435089094439,0.820890422951017,1.3582722298729,2.3715101472011,4622.83842149489,0.999917646823731
"eps_all[6,10]",-0.284105683245824,0.0111094070667197,0.854576552520185,-1.97606763020623,-0.855823034677491,-0.288569241849101,0.286193833201484,1.40743648538946,5917.25362948788,0.999924969569551
"eps_all[6,11]",-0.350544418792473,0.0116185326043002,0.850014317120356,-1.96484139134573,-0.931442025682475,-0.370147771861886,0.21744077310676,1.35350269787357,5352.4167289571,0.999871463043015
"eps_all[6,12]",-0.751788374048329,0.0110635340763158,0.881907614514779,-2.45123097316276,-1.36223922755826,-0.767180909641068,-0.153088061144918,1.01757582081114,6354.16413695986,1.00008165142729
"eps_all[6,13]",0.61098981859107,0.0109187294126226,0.907103167851335,-1.19147351576104,-0.00204633046419083,0.633450941131482,1.22715785909449,2.3800025991416,6901.90790969581,1.00039611535038
"eps_all[6,14]",0.56973601026051,0.010123800606224,0.901828883109944,-1.21235643849664,-0.036135077441177,0.578298112011251,1.18365526344978,2.28349067391247,7935.2591605442,0.999804066198155
"eps_all[6,15]",0.133779436784048,0.00942427582276235,0.92212054514191,-1.65110320748427,-0.49557980769433,0.129501429946958,0.771166085032047,1.90837791720662,9573.69131121037,0.999776738269128
"eps_all[7,1]",0.448295003242578,0.0080260768897779,0.625945188270352,-0.82549021383777,0.0441708523787587,0.464284437727049,0.85909359081475,1.64797054160794,6082.27397093832,0.999805262796621
"eps_all[7,2]",-1.02645333360517,0.0098135799352139,0.62212428403792,-2.19559927861928,-1.44779590430088,-1.04553089389653,-0.629472211089662,0.248042629243902,4018.82762859155,0.999779035028667
"eps_all[7,3]",0.00546273068543362,0.0114195192216967,0.89224348909406,-1.73687786170463,-0.583565456160314,-0.000569200397620553,0.608537197487795,1.74380595143527,6104.79570849619,1.00035257449266
"eps_all[7,4]",-0.382967450025253,0.00793802088133465,0.618720826233792,-1.56103786979487,-0.800813402603048,-0.401740504923106,0.0151682663667661,0.898655068413457,6075.26176809204,1.00036188869007
"eps_all[7,5]",-0.139230342106709,0.0113755821499344,0.886083591081631,-1.85456374082164,-0.735949917368552,-0.144397438359147,0.446508822918983,1.61236127735868,6067.39299941519,0.999789833774223
"eps_all[7,6]",-0.0289725599485626,0.0108851858645694,0.899441603249966,-1.7940741949794,-0.632678005458327,-0.0282191987458988,0.575055171073894,1.73134543087122,6827.69709132793,1.0003989808638
"eps_all[7,7]",0.00452953312131833,0.0117051901782621,0.921310622314875,-1.82938528317216,-0.600775857453357,0.0128375891500684,0.619205661880449,1.74898454743188,6195.19824688253,0.999951527995271
"eps_all[7,8]",-0.718816403356149,0.00885425950921307,0.746113612937107,-2.16587925136861,-1.22580240373069,-0.724213618364548,-0.231917474790867,0.804810592187414,7100.76981730587,0.999763728373104
"eps_all[7,9]",0.0230892082824005,0.00946608397292423,0.766045183050894,-1.48650596932828,-0.498752085676934,0.0250011349893049,0.548222855058318,1.51383810596414,6548.89559208154,0.999676729832901
"eps_all[7,10]",0.037428570727448,0.00920528565548359,0.795649771957494,-1.52576992246755,-0.492131835812442,0.0343691830833152,0.557991504205648,1.60006093993277,7470.83845197463,0.999992335636852
"eps_all[7,11]",-0.353881457035847,0.00926988410715466,0.801612661244483,-1.91506033955754,-0.908407954744032,-0.354031148743407,0.18288999125568,1.2224488936738,7477.91504783689,0.999835166314249
"eps_all[7,12]",-0.0669937384702456,0.00918152514358963,0.835170450739359,-1.73347909939645,-0.620260396027041,-0.0669727219146058,0.491901919529561,1.54352433423382,8274.09655236704,1.00013354051385
"eps_all[7,13]",0.321517962513451,0.00942158975928587,0.886346563436274,-1.42377547177003,-0.274823741513958,0.338765871818965,0.919196574024047,2.05942613241904,8850.31544861852,0.999776658133045
"eps_all[7,14]",0.350894858992822,0.00880462486959689,0.887311765427534,-1.40313753436351,-0.227729396559222,0.369610998210063,0.943274906102558,2.03197220663287,10156.1888090329,0.999882091160928
"eps_all[7,15]",-0.10334595294714,0.00904832794276662,0.904696310264083,-1.84481116115138,-0.72290670352898,-0.11118645677973,0.520523179331875,1.64975297155445,9996.98344887828,1.00006964801167
"eps_all[8,1]",-1.16532733060256,0.0104176476206903,0.631713166399693,-2.36255161431787,-1.59105537465632,-1.17474794583691,-0.753710911761981,0.10518171200548,3677.05842927934,1.00148559929977
"eps_all[8,2]",0.0747350856271909,0.0100791264666089,0.643645113790686,-1.20055955511676,-0.363717669263324,0.0875284447937396,0.510711763178106,1.31366094988316,4077.99946393013,1.00159629635963
"eps_all[8,3]",-0.0447129468428182,0.0177617022796483,0.99573612832613,-2.01267682732166,-0.71960245955929,-0.0299624809053148,0.622040781112831,1.9147684900092,3142.81890955336,1.00161998156743
"eps_all[8,4]",-0.65554929121915,0.00926668459520185,0.655202304778434,-1.92164293253024,-1.08952574760814,-0.658434252348578,-0.228759616656416,0.644167981050551,4999.21793852373,1.0000955831702
"eps_all[8,5]",-0.530273995466856,0.0139258072267567,0.940160678483132,-2.29457176812306,-1.18309295497006,-0.557793635296649,0.098745622056802,1.34406508973052,4557.88547322398,1.00086869488167
"eps_all[8,6]",-0.114366556355997,0.0142309010607421,0.962318661418514,-2.01688400260483,-0.767744352604003,-0.107746363412432,0.536553958412228,1.75729167378249,4572.70323619713,1.00085428356137
"eps_all[8,7]",0.0123523897421576,0.0158607311528537,0.986586425847853,-1.90410481908075,-0.663353602232203,0.0141178105146136,0.672796909042923,1.95655047370146,3869.2239230147,1.0004174353872
"eps_all[8,8]",-1.01612169928293,0.0109869060750213,0.805496159892132,-2.55190729070613,-1.56437670535619,-1.03059520882898,-0.48723537986116,0.592181687796011,5374.97099446877,1.00099788497317
"eps_all[8,9]",-0.675787425539544,0.0111254671315471,0.802433883278043,-2.22300166184356,-1.21253489614553,-0.698591699240832,-0.147235364473327,0.92199223199549,5202.13966146546,1.00023726482384
"eps_all[8,10]",-0.0136154183400798,0.0102422448647711,0.813091413691953,-1.61682473320365,-0.563262322343812,-0.011966878237493,0.530664152997459,1.55224711126746,6302.14572123558,1.00078819049602
"eps_all[8,11]",-0.273464607439081,0.00945199357630965,0.810530452232164,-1.86235726784103,-0.827148040604264,-0.270745769364925,0.276274624248612,1.29994945917648,7353.46173605526,1.00040221980659
"eps_all[8,12]",0.00453309297268547,0.0102077777170504,0.866533311975069,-1.68622774422912,-0.573866963317841,0.0081027989250015,0.581244123316827,1.70318527599876,7206.22996229202,1.00058388442495
"eps_all[8,13]",0.115318197846753,0.0114399955879664,0.914150623517459,-1.62218592009271,-0.526611588676514,0.114860338147911,0.738797362478548,1.90608409307294,6385.33674522532,1.0000176739445
"eps_all[8,14]",-0.581943089018558,0.0112807002745732,0.907905131661765,-2.34083751924104,-1.19487251135894,-0.590177870791792,0.00821184034077323,1.26156493143851,6477.52087253139,1.00082100571414
"eps_all[8,15]",-0.219222347921607,0.00959517037882281,0.916913461071365,-1.98476904043525,-0.836431230583018,-0.222591416546637,0.397333141577088,1.59839780594357,9131.69327673827,0.999773469018105
"eps_all[9,1]",0.0749900656746068,0.00865684015167491,0.63979170167125,-1.18944284476287,-0.349917220752694,0.07731492031826,0.500213154145806,1.34716025090044,5462.08442997783,1.00062537664238
"eps_all[9,2]",-0.3536199744763,0.00791873703955218,0.609379619014536,-1.56592193988568,-0.753079779266812,-0.352766966978736,0.0472470828455204,0.862462004055915,5921.9400567111,1.00010027011319
"eps_all[9,3]",0.0295581653759312,0.0176826649959962,1.01910447101137,-1.94563357790262,-0.64814484661777,0.0410638645532201,0.705750284879542,2.03900417065525,3321.55903401022,1.00001551289653
"eps_all[9,4]",-0.532298944853675,0.0088721853650733,0.653564304461455,-1.84408939224021,-0.94910645409713,-0.533088632627855,-0.104582329042388,0.757619316885436,5426.4453692744,1.00010479540662
"eps_all[9,5]",0.250190271738578,0.0134345438737152,0.917273990663326,-1.59391015119604,-0.385582119118924,0.272570858940395,0.881929562756166,2.00553204654047,4661.78571321446,1.00002661362613
"eps_all[9,6]",-0.187604560941781,0.0157183517409333,1.01935558265943,-2.1485294544975,-0.890439091544767,-0.199430751999046,0.504488927391568,1.8285292739433,4205.69142857576,1.00079743952781
"eps_all[9,7]",-0.00630758260775488,0.017173596368683,1.0399976229574,-1.99550729110173,-0.73177743370889,-0.0153067197049552,0.693617679892803,2.07281161202395,3667.26412862781,1.00017366396381
"eps_all[9,8]",0.769164402116657,0.0155236857771613,0.840959338264402,-0.964907082101781,0.222892193033545,0.793771291804145,1.33688819488311,2.35269125178908,2934.6769987298,1.00172967043911
"eps_all[9,9]",-0.152858035860007,0.0113498583595552,0.822353827610102,-1.77016344065471,-0.704209856417313,-0.148088829150248,0.410581359971872,1.44067703107027,5249.7249843423,0.999789643072076
"eps_all[9,10]",-1.43052773120964,0.0107590537730889,0.828158832527744,-3.03493017755409,-1.98467555826902,-1.43329005882053,-0.879308192131393,0.214950049738721,5924.8740139025,0.999956407319458
"eps_all[9,11]",0.477983781943972,0.00934351791785013,0.79179631782619,-1.09650231397371,-0.0464441423956584,0.492332246012913,1.01296750864491,1.98765696334605,7181.35027134336,1.0003280540415
"eps_all[9,12]",0.378089626464025,0.0093165407208464,0.841132424162259,-1.23808316002042,-0.192648441715111,0.378976396000592,0.963723661186194,1.9967607171249,8151.15921312783,1.00078668922961
"eps_all[9,13]",0.232450104952446,0.00856625580325713,0.84324840368546,-1.43094228049482,-0.339480375400799,0.225930523712362,0.803623750732813,1.88234456223218,9690.11603018458,0.999957051060133
"eps_all[9,14]",0.0454400690407057,0.00879673477043491,0.897672247424224,-1.70938467141226,-0.547459298325576,0.046183132106797,0.640069893150176,1.82003963642279,10413.4012207171,1.00000582800935
"eps_all[9,15]",0.0406737053355228,0.00959564675795881,0.925917923627443,-1.76922565100669,-0.591858457905283,0.0466396644644922,0.677316449873155,1.84633454790791,9311.00324890973,0.999579195630252
"eps_all[10,1]",0.116590392480879,0.00726967149087552,0.606879669854589,-1.09031964785592,-0.277384084619244,0.124195778973088,0.523588831358764,1.29774654828219,6969.08250845865,0.999714573717136
"eps_all[10,2]",-0.635570790050424,0.00735655621718615,0.587778532896136,-1.76804119937695,-1.02860588642305,-0.645093123820696,-0.260118026743573,0.570512118959769,6383.78607172977,0.999620470585463
"eps_all[10,3]",-0.000289797692628666,0.011326421455232,0.875214599537041,-1.74084782698396,-0.582961567878681,0.011119018069442,0.585643297728105,1.71499878069685,5970.95326306228,1.00000823343416
"eps_all[10,4]",-0.337818754818493,0.00717810791219703,0.611455283927081,-1.55691496491958,-0.73864736060191,-0.336804465764297,0.0681840425871029,0.84015529466415,7256.20324312375,1.00143120814412
"eps_all[10,5]",-0.0954470784789445,0.0101780740467652,0.833036263706795,-1.71771918605613,-0.642961352314219,-0.110915464485368,0.457674291526066,1.53983225849274,6698.79369418514,1.0000734719875
"eps_all[10,6]",-0.202728858944988,0.0103050348854268,0.877828104345643,-1.9061674494612,-0.787734483006888,-0.215008147854735,0.375463023620113,1.56198660240119,7256.38019554734,1.0001570391982
"eps_all[10,7]",0.00119575826416776,0.0103672173784954,0.905172082078917,-1.70982989725959,-0.611598486641314,-0.00751770291204734,0.611575872656106,1.77815869801408,7623.21014065316,1.00011865899946
"eps_all[10,8]",-0.381819466180109,0.00900412496910854,0.743826030111765,-1.81889611237271,-0.883303323625363,-0.394914122944984,0.124546530837443,1.06902623734498,6824.3252419609,0.999924841682254
"eps_all[10,9]",-0.178603766060052,0.00913474689253587,0.746271489778451,-1.66272256965618,-0.675867023089431,-0.182871679780892,0.316060257476007,1.30145781992546,6674.2222432743,1.00010959964993
"eps_all[10,10]",-0.289751913113794,0.0096215814774331,0.774149279126977,-1.81100033485239,-0.80720657767316,-0.291501403317047,0.227288493875385,1.25981880351355,6473.75863991761,0.99994406663136
"eps_all[10,11]",0.0729946165117657,0.00894308206920373,0.765951302826005,-1.41507142666647,-0.438838743500859,0.0682554276369094,0.584762456960041,1.5890022722572,7335.4689980833,0.999969001704522
"eps_all[10,12]",-0.427439859702881,0.00971007443622587,0.814293721096246,-1.99017964260626,-0.986368277796099,-0.442540774264181,0.118815621959235,1.18766085702744,7032.61841779959,1.00023087918587
"eps_all[10,13]",0.244646941914528,0.00880935449940892,0.831411909045542,-1.43281706653385,-0.301446484619103,0.237220234480037,0.812024647882116,1.86190490101051,8907.26366717686,0.999969168310853
"eps_all[10,14]",0.133472200515802,0.00883234742178797,0.877251087686567,-1.59355554537958,-0.44681425195641,0.129557444413003,0.711489991244677,1.85000897618558,9864.96487374037,0.999898351732322
"eps_all[10,15]",0.131592468027721,0.0087991969390022,0.900922843773778,-1.65688342048064,-0.479064514905014,0.133162744511216,0.728427339400005,1.92026318673023,10483.0853599668,1.00006960443692
"eps_all[11,1]",0.71855972832746,0.00866121795603612,0.603427238988844,-0.520602720425355,0.331067642680037,0.729874512655765,1.12419215711165,1.88301649748132,4853.91186002507,1.00038361499348
"eps_all[11,2]",-0.292641475245972,0.00671336386761265,0.587978417288964,-1.46137439207791,-0.676039571161089,-0.292358362395351,0.0882214159482079,0.889494481382478,7670.83067280878,0.999807215404707
"eps_all[11,3]",-0.00967115111452444,0.0115601209158837,0.870077433791981,-1.71523181044467,-0.604045791294552,-0.00550983314752924,0.584245328598446,1.67887728643193,5664.88446094789,1.00071241549803
"eps_all[11,4]",-0.827393413629196,0.00706187768031068,0.608987019507853,-2.04620518251967,-1.2260393244417,-0.827661853283774,-0.432782656682344,0.371474585947881,7436.62170677702,0.999842713679494
"eps_all[11,5]",-0.365599752803633,0.00860339733344322,0.683144609302198,-1.66167895379511,-0.8247535873875,-0.370329801510548,0.0902493302428633,0.991136188784832,6305.0034751412,1.00051198646349
"eps_all[11,6]",-0.0258721041331929,0.00997152642582084,0.867694551779992,-1.71198855019073,-0.603029153631836,-0.03372665559766,0.563558062405563,1.6845361615578,7571.99732786034,0.999884220550318
"eps_all[11,7]",-0.0190329466073959,0.00957061089100633,0.870674937656163,-1.73043615866956,-0.595647212807668,-0.0181302480842465,0.567556312355917,1.66147187618949,8276.23412252841,0.999965527968165
"eps_all[11,8]",-0.0438954111465609,0.00778537549925605,0.729077853263132,-1.50521625518917,-0.521564202547504,-0.0468955707989857,0.448422706451595,1.37983019115685,8769.77970760959,0.999725586589198
"eps_all[11,9]",-0.384829697963637,0.00917279720735346,0.749049352890382,-1.87151904435601,-0.88757400434192,-0.390202274672785,0.114599947114184,1.07499832807669,6668.33304020687,1.0002135365491
"eps_all[11,10]",-0.256915349286974,0.00895659268716825,0.760227679559468,-1.73042079065069,-0.774463447026868,-0.262132899918666,0.254790870606051,1.26104105120755,7204.46452059117,1.00034004542265
"eps_all[11,11]",-0.152873023500053,0.00804115173728127,0.749256869821255,-1.61083608907243,-0.650177229138311,-0.165898014566708,0.352721909130396,1.32276198733742,8682.10337403782,1.00011733782757
"eps_all[11,12]",0.0569846840984093,0.00918435306550321,0.806922157280627,-1.5522984661768,-0.480077640940393,0.0710020455592006,0.585686125131524,1.62670361600009,7719.09064291406,1.0000453152018
"eps_all[11,13]",0.0637207556699798,0.00885889196036013,0.830747858508369,-1.62568294361752,-0.481247243582007,0.0760708688951183,0.612841047079057,1.66816944588901,8793.86208814114,0.999963765868768
"eps_all[11,14]",0.00642639306882866,0.00891245927178909,0.874443951146821,-1.71589177816122,-0.561831159303681,0.00993094132557493,0.58230450204635,1.74104408835697,9626.50940353079,0.999871325069955
"eps_all[11,15]",-0.0354717416073512,0.00919615498634516,0.930411363868241,-1.84384239491253,-0.658837093427102,-0.0380240820893294,0.599729300860046,1.74595601441987,10236.1690186657,0.999799922488019
"eps_all[12,1]",-0.160826935477814,0.00785439296148472,0.60977500378309,-1.32816344204206,-0.569426100076003,-0.171106209870572,0.239750791192202,1.07452838871487,6027.17753309144,1.00107669477992
"eps_all[12,2]",1.07504402781927,0.00851665732297296,0.625071763367067,-0.221503897977847,0.674134602112373,1.0962119635472,1.49268955745903,2.26676222536453,5386.68295548262,1.00079541739177
"eps_all[12,3]",-0.0562542602845827,0.0126575662640451,0.908418866570961,-1.79457537899704,-0.677741318589691,-0.0685065891583296,0.558810754762805,1.73076984283749,5150.76660561362,1.00010792001246
"eps_all[12,4]",0.0886192454333102,0.00853158090459753,0.645698260477753,-1.20427921675876,-0.330306862027466,0.0905539884729284,0.523528152088623,1.35870824573531,5727.96302374226,1.00004912648802
"eps_all[12,5]",0.164599426768891,0.00843979267172295,0.683117029854468,-1.23358893000945,-0.277387658344948,0.170817477357066,0.630703283931904,1.45568074056076,6551.28764720003,1.00025073532765
"eps_all[12,6]",0.147479475008722,0.0134277757887606,0.93653686445503,-1.75221104614978,-0.474568235045852,0.157554703458664,0.784263291504959,1.95224166806004,4864.53790714492,1.00029149485846
"eps_all[12,7]",-0.00644659977777766,0.0133795275677691,0.940832407793617,-1.84100765063506,-0.645023456953696,-0.0170035305145475,0.635176105776576,1.80040836192648,4944.73452334775,1.00018474404461
"eps_all[12,8]",0.100905703963916,0.0101182056903735,0.765506185419051,-1.40753335472202,-0.409797790820384,0.0970277991969182,0.614809801511692,1.61626489060032,5723.87842518388,1.00032359411512
"eps_all[12,9]",-0.239282500378988,0.0101655542412608,0.776535961128305,-1.75123790428138,-0.753198687535728,-0.244016209304794,0.274889535899461,1.29879237203859,5835.27087760645,1.00006887024617
"eps_all[12,10]",0.624716300183098,0.0102422085099725,0.788007046311971,-0.951916922831243,0.106095228335312,0.627732139925915,1.14976200315497,2.1729322354099,5919.33577467039,0.999796979814425
"eps_all[12,11]",-0.336200451736926,0.0103935634121788,0.791341798650933,-1.85968934861415,-0.871219512899729,-0.348197980771021,0.191683397956904,1.23909813590536,5796.94622076754,0.999949860481828
"eps_all[12,12]",0.169754373222039,0.0103263623935988,0.858942310704861,-1.5101066879666,-0.420535790998622,0.181494620167672,0.768146712848398,1.82228170984175,6918.83969161856,0.999913165520037
"eps_all[12,13]",-0.696472924948683,0.0122690371847322,0.898722421666134,-2.43436915969082,-1.30368736986175,-0.726101012366697,-0.10110127489825,1.12569387348335,5365.74695901629,1.00131095629773
"eps_all[12,14]",-0.478148220718855,0.0100079642972002,0.923950615934602,-2.24001923997202,-1.10908666870743,-0.483530131088352,0.129013607596632,1.36025834078623,8523.26563642048,1.00052578713653
"eps_all[12,15]",-0.066394996232363,0.00905258256274096,0.905409295389252,-1.82475284765256,-0.675706833837432,-0.0673441180238277,0.530479468300006,1.74776401311161,10003.3372071291,0.999891159395491
"eps_all[13,1]",-0.546427904795252,0.00711206994198687,0.607204153771679,-1.79871992186445,-0.941754295369054,-0.536826730409462,-0.140357670353828,0.627178659568635,7289.15910170614,0.999856878093983
"eps_all[13,2]",-0.0910262486389214,0.0102183625138017,0.618363640710828,-1.25199434490368,-0.509211657428968,-0.105111861866251,0.305733351258725,1.16536569585942,3662.0585114771,1.00031093591544
"eps_all[13,3]",-0.0502492634892246,0.014458278583367,0.924523999895323,-1.859804580154,-0.670394635001794,-0.055492845257069,0.556582081701122,1.79116492731112,4088.86905042019,0.999778006878906
"eps_all[13,4]",0.555861208538032,0.00774332345529698,0.620373872643053,-0.679174406632121,0.146249940269097,0.56392224785837,0.978648691207565,1.75705242768811,6418.77564190852,0.999975616439427
"eps_all[13,5]",-0.33225390867226,0.00851544561026914,0.693472076716301,-1.71010839630429,-0.789004895901843,-0.321808819739725,0.131222258886385,1.03959298511341,6631.97985356779,1.00027775335478
"eps_all[13,6]",0.0850728822326254,0.0126123509129918,0.925148599606823,-1.75456097417433,-0.527114281411647,0.0817034389368004,0.707108931711606,1.87868713130273,5380.60239166178,0.99985420623182
"eps_all[13,7]",-0.0063484853715661,0.0141440135069137,0.956512945585754,-1.86024717343217,-0.668703796038085,-0.0140285636425261,0.65952738165875,1.86631223032458,4573.37043199736,0.999687105475406
"eps_all[13,8]",-0.805674612680533,0.0104282461050916,0.772071836816384,-2.30227250378505,-1.31839391653415,-0.820047346332112,-0.299443635157431,0.746763035430847,5481.41744709363,1.00011824180415
"eps_all[13,9]",-0.622718939878889,0.00936137238058204,0.76206754212632,-2.09536502722359,-1.12202783654165,-0.626772565507465,-0.117756079317773,0.865959336808982,6626.8613921361,0.999755210992654
"eps_all[13,10]",0.507779095839127,0.00966200941107376,0.767072156708331,-1.03092607406677,-0.00254518482994461,0.510175108317093,1.02934647846585,2.01888003754676,6302.85803997768,0.999928527364083
"eps_all[13,11]",-0.0149080133911524,0.010103567970297,0.804632793126133,-1.59054141845471,-0.54138968062196,-0.0154274099551331,0.524504477329576,1.54565615875606,6342.28745564396,1.00007084249686
"eps_all[13,12]",0.131967962146909,0.00985327374687908,0.841184278604911,-1.5603204293426,-0.412330498930594,0.135032974899812,0.703014766585317,1.75516121631296,7288.21536186966,0.999828714132151
"eps_all[13,13]",0.202191954606048,0.00944566377124774,0.861665756376435,-1.48905143344133,-0.378982984962948,0.210871109313582,0.794541926124752,1.88297981080381,8321.7124143097,0.999940216618928
"eps_all[13,14]",-0.470485022781596,0.00957889305254652,0.893615434469434,-2.20893120218468,-1.06282338631962,-0.47838151066159,0.124477431135698,1.33281892406372,8703.03387023784,0.999707421358005
"eps_all[13,15]",0.101885978605788,0.00869784485025021,0.901581839342463,-1.69171088338986,-0.490855346926391,0.112309728981318,0.702755165909785,1.87124222682817,10744.5194658504,0.999886480871519
"eps_all[14,1]",-0.585676205002083,0.00749540602354536,0.600432679419007,-1.75685521316474,-0.984066328124761,-0.592861409078243,-0.191852928458644,0.586369262187838,6417.09274094886,1.00013238368777
"eps_all[14,2]",0.650841094527759,0.00811317870042734,0.605923778746687,-0.559045466879,0.247949741829825,0.654284472940363,1.06142786474471,1.80495120957494,5577.68403553921,1.00000868774832
"eps_all[14,3]",0.0233872712699629,0.0140696721082667,0.933077055159547,-1.80767904205378,-0.601333155193255,0.0220170245267097,0.640554672486647,1.87484112137336,4398.11992574443,1.0001096000222
"eps_all[14,4]",0.765870534873184,0.00801096424042097,0.621546839358542,-0.507061214838646,0.364777437375158,0.776007164523102,1.18300819771404,1.96032594614877,6019.74560696484,1.00015282450087
"eps_all[14,5]",-0.66573111480137,0.00851426287516873,0.68005234179825,-1.99243314192058,-1.11512216756666,-0.681857868972163,-0.216947305879346,0.690039336759573,6379.55772445136,1.00186141827956
"eps_all[14,6]",-0.108861952762701,0.0113114530423418,0.907313935687948,-1.86897689427142,-0.712322938396519,-0.117545544127772,0.489034722810062,1.68463074406162,6433.96018232653,0.999756969377335
"eps_all[14,7]",-0.0190691090351325,0.0111423373919166,0.917702900062508,-1.78307582310031,-0.634156602848209,-0.0275050708011535,0.587251079316581,1.79604988546109,6783.46515688978,0.999638963489726
"eps_all[14,8]",-0.417955538700905,0.00943320201584302,0.775551166874652,-1.9522957570018,-0.92267093923341,-0.428422647612633,0.0904512697702327,1.1052169704144,6759.31429802558,0.999904990386713
"eps_all[14,9]",-0.0817741876394717,0.00993731523878827,0.785113150300881,-1.61094091440084,-0.603619962426608,-0.100903332159342,0.438176025929729,1.49846481959397,6242.03743970393,0.999991823992382
"eps_all[14,10]",0.201222658795383,0.00920037292933372,0.773004409607559,-1.31497468124656,-0.326520861026183,0.197223313177257,0.717991195579427,1.71931311487874,7059.16088181411,1.0000149975927
"eps_all[14,11]",-0.316938450200563,0.00935923714827794,0.795266876652495,-1.8751460939905,-0.845785009570785,-0.319473128086094,0.217634977765756,1.25345703554724,7220.12780040279,0.999975216375514
"eps_all[14,12]",-0.614189910686281,0.0101603572972217,0.843679595244579,-2.24744317248491,-1.18516894140282,-0.628503774769185,-0.0628808472795454,1.10251941215894,6895.04540147736,1.00050128741727
"eps_all[14,13]",-0.0329145091620242,0.00938793012870767,0.899863781976078,-1.79207374274369,-0.643775803296479,-0.0382973676018612,0.574506312969629,1.74926569586409,9187.84897369644,0.999538181033995
"eps_all[14,14]",-0.0754523574598354,0.009639547081844,0.884425087720931,-1.83075345246379,-0.675772124641246,-0.0746670224649219,0.503051720388248,1.64545254446476,8417.99859499019,1.00014863571083
"eps_all[14,15]",0.177374396784477,0.00932744584326213,0.931447796113699,-1.65878060199337,-0.439100637297272,0.183155722333501,0.811971341329989,1.98892332327847,9972.21347029957,0.99960780424987
"eps_all[15,1]",-0.458443882471896,0.00895684066469965,0.614023860214728,-1.61185300046723,-0.880986734829126,-0.470941267816515,-0.0582415711634509,0.796365904556424,4699.59895113278,1.00067811778542
"eps_all[15,2]",0.146865704769482,0.00738230577715937,0.59616725765589,-1.04965010615431,-0.252466461520977,0.144113608477904,0.534706250577794,1.3290382919097,6521.57031123808,0.999765420047275
"eps_all[15,3]",0.0263748432669395,0.0138820953576339,0.931099272187692,-1.81477913369903,-0.593055619620978,0.0361531737309898,0.633881084478697,1.88910458844666,4498.64711906191,1.00135364610288
"eps_all[15,4]",0.226187412119467,0.00756542424336091,0.628377280935569,-1.02251581632676,-0.188168417749071,0.216967046698445,0.639784725311551,1.48856560143898,6898.81304244484,0.999808318548125
"eps_all[15,5]",0.518347694674238,0.00863242760828537,0.677732565715513,-0.856543678139051,0.0653700973612487,0.529448755235834,0.979757017260212,1.82590721611761,6163.83236320321,1.00048974766244
"eps_all[15,6]",0.135706481923169,0.0127871486915784,0.931476464210124,-1.72374174915793,-0.490304486018473,0.130720778407857,0.760301554494274,1.9488057850586,5306.35548975647,1.00056551148759
"eps_all[15,7]",0.00218605259056175,0.0130901350647436,0.962979431080044,-1.86940576817177,-0.648842544981314,-0.0124236059560871,0.65551992109285,1.8957576735351,5411.85019448336,1.00005581825534
"eps_all[15,8]",-0.13229948144075,0.00997628902636339,0.770326922067262,-1.63819730864708,-0.654815076960966,-0.14455410685417,0.380854407093966,1.40994757987079,5962.27642390607,1.00035359214655
"eps_all[15,9]",0.913525676140419,0.00995828569002159,0.787127378761201,-0.66846890372243,0.391859507783728,0.927760987301457,1.45207136674673,2.42848564421136,6247.71017232791,1.0008551260015
"eps_all[15,10]",0.443050503423539,0.00990975162840363,0.7834927076701,-1.10032467894784,-0.0868483374032035,0.447734007175325,0.96712606719687,1.96841585667829,6250.92628996982,1.00000970888034
"eps_all[15,11]",-0.432785409509859,0.00952059957595066,0.798396888437385,-1.9859170870477,-0.973094389646787,-0.431398587740554,0.113448060359253,1.14575361132741,7032.48917098127,1.00073112554286
"eps_all[15,12]",-0.0706694653676376,0.010560596612377,0.845011959109831,-1.71669750638903,-0.627227790523462,-0.0762951325565661,0.490905774874754,1.58295390679519,6402.48843641032,1.00179253091352
"eps_all[15,13]",0.140619363396897,0.0106372830459858,0.940982311153906,-1.70651555560815,-0.504846139767071,0.140951121256643,0.784253105995374,1.93193370833414,7825.30886348417,1.00051165496159
"eps_all[15,14]",0.374602225601327,0.00974516440214826,0.926668658246796,-1.45342233047987,-0.250770411662164,0.376755379281508,1.00128965866809,2.17674177909073,9042.12713225771,1.00083598093371
"eps_all[15,15]",-0.47885244587921,0.00954446155792181,0.921162523734676,-2.24935319856956,-1.10943892362894,-0.480729458163158,0.125448883026415,1.35614628214035,9314.71680801727,0.999934692662533
"eps_all[16,1]",1.13915990077146,0.00851616422018566,0.62569456410122,-0.140546766911593,0.725944073382318,1.15860648757521,1.56251058867018,2.32441912714105,5398.04758791345,1.00106469261496
"eps_all[16,2]",-0.157870935129036,0.00795171977777102,0.613665145486188,-1.36910640884627,-0.556273666206805,-0.154945608566132,0.240501656798523,1.05438827561575,5955.80925979722,1.00008427224238
"eps_all[16,3]",0.0414357404987675,0.0160652074684756,0.983140581486273,-1.89079783625978,-0.622490007541331,0.0412344953548494,0.709933745126211,1.99681229734392,3745.05818163815,1.0012945762964
"eps_all[16,4]",0.212575333340964,0.00803992333989592,0.647041152960942,-1.08238459222595,-0.20769851280404,0.209522621455118,0.641183056352891,1.48270081320503,6476.79261487069,1.00028714496638
"eps_all[16,5]",0.0226347587999428,0.00896901698228264,0.70162653309733,-1.35605557828731,-0.458845839070867,0.0163810427806119,0.498961715151227,1.40036078281879,6119.58985130916,1.00002493016274
"eps_all[16,6]",0.31557094272158,0.0147023530887411,0.976668368076393,-1.59078649095099,-0.359512963495529,0.3202296823397,0.991665433970399,2.1811393325054,4412.86404397398,0.999960002811103
"eps_all[16,7]",0.0182396957765341,0.0157786973936402,1.0094029120632,-1.95619963965068,-0.676150361788316,0.03376019081869,0.706463030799715,1.97085447259495,4092.48232162635,1.00100645337321
"eps_all[16,8]",0.266826863836183,0.0116110975792215,0.800841486923629,-1.31143290964476,-0.264629785332544,0.27993466626129,0.802909942207216,1.8462161855634,4757.14705682743,1.00080408986149
"eps_all[16,9]",1.11001365554624,0.0103405131833752,0.812703537111077,-0.543711844305463,0.590436129797873,1.11500353446678,1.64799293546341,2.69191160045852,6177.03574593074,0.999991467409808
"eps_all[16,10]",0.4764642691032,0.010842559506884,0.823422535587088,-1.16818889545241,-0.0759055906271619,0.473838410215081,1.03018436556856,2.06372243135873,5767.42384491147,1.00010663478163
"eps_all[16,11]",-0.794274915087309,0.0103353343168371,0.822763211612713,-2.38255276231145,-1.34062946372246,-0.805843396221817,-0.239726430437731,0.839826404296282,6337.24753144529,1.00062907439974
"eps_all[16,12]",-0.015211020622577,0.00994713051852801,0.859269760349971,-1.730226825204,-0.587652049259338,-0.00745141647603042,0.562251982335982,1.66134885178574,7462.14053020535,1.00071382872326
"eps_all[16,13]",0.425021231584328,0.0120090177305631,0.890470637528839,-1.33176133661169,-0.183397852613597,0.433294238460918,1.03571508640248,2.13769592627014,5498.24686233305,1.00090716823006
"eps_all[16,14]",0.474571000116995,0.00965764952417542,0.920656790069437,-1.36789829373279,-0.138401474730212,0.481777305759877,1.09335477020605,2.25748079487524,9087.67191033846,0.999738277274502
"eps_all[16,15]",-0.330559854568688,0.00971380863323415,0.933096280487894,-2.13247946727232,-0.964174106981658,-0.338887551441468,0.304982866496848,1.481202333938,9227.2827680469,0.999683191407603
"eps_all[17,1]",0.145114451879305,0.0104425482978603,0.676967142859677,-1.13731156475477,-0.322322745631702,0.123285202912949,0.587900226057509,1.50466893546484,4202.64005609435,1.00127284315249
"eps_all[17,2]",-1.31142344421169,0.00896388933940658,0.6511474624814,-2.6076873501548,-1.73473310236871,-1.31392252925889,-0.889702906735397,0.00651084268137868,5276.74043985326,1.00036371205127
"eps_all[17,3]",0.00907679426670613,0.0246907930173168,1.16097158187602,-2.29517657047817,-0.760839540393995,0.02599387762493,0.795962486269926,2.26949301822525,2210.92036952205,1.00237297195768
"eps_all[17,4]",-1.00749154144185,0.0124624658511775,0.72250704466009,-2.34505772895474,-1.49839661352099,-1.03446042333111,-0.546445422279439,0.473740415247277,3361.05956627423,1.00123882352478
"eps_all[17,5]",0.0982988142267013,0.0111363238309728,0.767777333546551,-1.39872818786061,-0.419705617089539,0.108069341072227,0.611935089387265,1.58434178442268,4753.20856342515,1.00023719437994
"eps_all[17,6]",0.263215703399144,0.0135915834411483,0.850273744192935,-1.4281601221383,-0.289081236433342,0.268079628692557,0.832163042527791,1.95349095828614,3913.60892565756,1.00066448885331
"eps_all[17,7]",0.023554453152488,0.0242756289131378,1.21739678872183,-2.36852580210229,-0.819130092516188,0.033068196790998,0.857214725927558,2.36406767261509,2514.91507128027,1.00226944919671
"eps_all[17,8]",0.270321727445525,0.0139624972107806,0.887853470774293,-1.49941732983047,-0.314639003055135,0.268263604297743,0.869393905697784,1.96951454527154,4043.49019928726,0.999992031666599
"eps_all[17,9]",0.311126983300118,0.0156516458898702,0.941688282476713,-1.52907521908145,-0.314179582854803,0.304114285035935,0.938690300234854,2.16550689470052,3619.88109902342,1.00003962053494
"eps_all[17,10]",-0.0754525190940088,0.0159356854981546,0.965133913184888,-1.94250625937741,-0.730983480103916,-0.0873168052243018,0.571814267174327,1.80728528064334,3668.03653215589,0.999748805096067
"eps_all[17,11]",-2.21115901539862,0.0231766386479133,0.961340546291791,-4.02154541637882,-2.86410751319564,-2.24002144875314,-1.5797404828892,-0.219021837052075,1720.49581453075,1.00658001032599
"eps_all[17,12]",-0.770331712839197,0.0120027344897969,0.90893354987883,-2.49259879406746,-1.38108384449119,-0.795876364433612,-0.179275202328057,1.07848263873921,5734.60976145832,0.999925637152131
"eps_all[17,13]",-0.608488093650462,0.0107008450575052,0.899897198972492,-2.36541499029607,-1.22087778023758,-0.624378952180545,-0.025583485766016,1.2165915244298,7072.120445551,1.00043433442883
"eps_all[17,14]",-0.211983499454772,0.0104476574723698,0.913212496348402,-2.05907016082833,-0.818433089733438,-0.219803122425501,0.396421221008388,1.5817486511592,7640.2195714705,0.999960562958393
"eps_all[17,15]",-0.481700367096442,0.00937426623308898,0.931096352809235,-2.26962306640133,-1.11603660586065,-0.485370420219037,0.149154532441554,1.34331362922726,9865.39966407047,0.999783565451915
"eps_all[18,1]",0.857501536392731,0.00785285876495353,0.62970330340059,-0.422797337003279,0.449067448816627,0.87231104672956,1.27830935796799,2.05729470826001,6430.0799058192,0.999704853387976
"eps_all[18,2]",0.644227859447939,0.00905961998298189,0.624291705851504,-0.625995255847382,0.23781533307394,0.651206532826798,1.06051883174298,1.85937552285706,4748.48606724344,1.0001952178439
"eps_all[18,3]",-0.00742418236453091,0.0178698279011612,0.947650582331509,-1.8471945871005,-0.652474088720499,-0.00195541808583893,0.640707294217833,1.84172810340709,2812.26167036814,1.00051499443718
"eps_all[18,4]",0.890548135601685,0.00919627421055639,0.651143364370985,-0.453154480880798,0.466350778016346,0.913929250133764,1.33429035406463,2.10980010995841,5013.36602435685,1.00048171888075
"eps_all[18,5]",0.58394107109945,0.0107761115744979,0.703024072669437,-0.816323238805027,0.117983333080473,0.588677712974692,1.0592200185833,1.93797786462616,4256.1432206516,1.00150096010575
"eps_all[18,6]",0.183840766455363,0.0105250863522127,0.732772651919579,-1.28320631664949,-0.298671889822688,0.192174066244088,0.676733356292916,1.59272270503167,4847.15792502108,1.00000138302503
"eps_all[18,7]",-0.0228620873297856,0.0150244507700212,0.952234205602292,-1.87980851218875,-0.674485910680879,-0.0317258565261726,0.620728361918696,1.83233498468006,4016.89376218345,1.0001030393948
"eps_all[18,8]",1.07805002918903,0.010372051756499,0.774651111435458,-0.478730701122277,0.572664969363489,1.09006031488854,1.59313365876666,2.59349841946333,5578.05697867627,1.00010468833504
"eps_all[18,9]",0.106019595310496,0.0100292832254977,0.778756579479058,-1.43229779700495,-0.410549941577299,0.103543819119969,0.625208201736911,1.64991133105213,6029.25519164402,1.00007888569021
"eps_all[18,10]",-0.0829361974403277,0.0102399864004182,0.79403115989969,-1.65852121775508,-0.611668157476341,-0.0841349772189863,0.441468745169339,1.50232398240634,6012.79408999016,1.0000596870179
"eps_all[18,11]",0.802991275758393,0.0140043048200716,0.819852536142683,-0.809170883967035,0.252129504772429,0.82451135976021,1.37346114733158,2.33744190500206,3427.27046730437,1.00253848009157
"eps_all[18,12]",0.0200446585310905,0.00875726039435843,0.818000609059034,-1.60452836335437,-0.515041516207482,0.031979302625076,0.570413698011833,1.61854274394279,8725.10630558191,1.00041350750264
"eps_all[18,13]",-0.152813329706908,0.00969389708663259,0.855205001364484,-1.79068254040903,-0.731560415522617,-0.169163914487086,0.426662979689727,1.52230758552405,7782.93949862608,0.999997254409263
"eps_all[18,14]",0.0993885260634515,0.00946188758265983,0.876412712752222,-1.60425787808962,-0.482969857034539,0.106244766307377,0.681745658420696,1.81668204141586,8579.49586800177,0.99974521255678
"eps_all[18,15]",0.23757032187238,0.00942823771611302,0.903144880235774,-1.55558551907705,-0.370927045618233,0.239167842947911,0.860026145425262,1.99053680193779,9176.00836434218,1.00002174990647
"eps_all[19,1]",-0.251987034643265,0.00665211784096662,0.582687486807103,-1.41176776498818,-0.628086063163214,-0.244693164809388,0.123805434325995,0.880587748201684,7672.75825880104,0.999924023160186
"eps_all[19,2]",-0.22022760400854,0.00671090434241988,0.589573650687801,-1.38546333036706,-0.608007294721547,-0.216073675843477,0.177857798999263,0.910209175293129,7718.16457193577,1.00039317081178
"eps_all[19,3]",0.00506307700791186,0.0102024002912143,0.845590726250263,-1.6347028533315,-0.561747218692179,0.00762808920885713,0.574226475963538,1.63263886973234,6869.35094686451,1.00019661879268
"eps_all[19,4]",0.30116882905918,0.00726356504981883,0.601855623563027,-0.904490528417835,-0.0937529234876189,0.306352444655998,0.693262117348906,1.47417064577169,6865.70256534829,1.00039262284277
"eps_all[19,5]",-0.192582466091511,0.00768026592173054,0.641516042754071,-1.43871057506491,-0.617870557480587,-0.182606167661242,0.231399004800816,1.06604511964379,6976.90048326821,1.0007845483441
"eps_all[19,6]",-0.280961611465945,0.00799518627168859,0.690892549469512,-1.633665283184,-0.735134089131446,-0.274046121128839,0.171046373400217,1.12749316672871,7467.30423533087,1.00039468487735
"eps_all[19,7]",-0.0190081503755114,0.00992892981981308,0.867429768628484,-1.73623773988687,-0.602845912556292,-0.0154336511184917,0.563413931247088,1.68086420944873,7632.44639045953,0.999870461913154
"eps_all[19,8]",-0.236580886870783,0.00882591841482011,0.723864070040909,-1.66570802059895,-0.705557926724879,-0.237184672792701,0.243418915831193,1.19179764933845,6726.57863541299,1.00048737423207
"eps_all[19,9]",-0.0194784908482681,0.00862763077560115,0.735630673885939,-1.48481081482621,-0.509097594632042,-0.0237526407742653,0.4713410491006,1.42549142941262,7270.0359410056,1.00022517892699
"eps_all[19,10]",-0.241639235485006,0.00906444626264634,0.744074236933589,-1.6852241539939,-0.743748893609243,-0.236887520876858,0.247868621470084,1.22234236366874,6738.29434325739,1.00044369220838
"eps_all[19,11]",0.144458763762937,0.00884047255153779,0.763644797412153,-1.31080884655353,-0.37364712846451,0.141111308557173,0.638665284144536,1.67260390986657,7461.59777970845,0.999801463010283
"eps_all[19,12]",-0.0675802307650074,0.00929289661528121,0.824131361781434,-1.66047688272726,-0.633748424589327,-0.0657121589504896,0.483789484276699,1.56327097979344,7864.85411491137,1.00028009531305
"eps_all[19,13]",-0.336450450688591,0.00921496402567458,0.826402983993196,-1.9420505092577,-0.884772914659902,-0.358099716212871,0.205578827733194,1.329978496823,8042.59991822559,1.00042887647106
"eps_all[19,14]",0.0694777199552539,0.0101532021042134,0.893620312936327,-1.69887109261546,-0.517845715433289,0.0730307454290666,0.681207400365106,1.7978244948641,7746.40148640053,1.00016707228409
"eps_all[19,15]",0.361494513291709,0.00959470591710723,0.912722391933032,-1.44737711376274,-0.24366483876707,0.365737828500367,0.973133282223296,2.16243151341627,9049.28100986995,1.00003859617265
"eps_all[20,1]",-1.78305437669214,0.00892667612928282,0.650252783797865,-3.0403478933446,-2.21011701624757,-1.79220337841455,-1.37532827315766,-0.459644355539885,5306.21549649349,1.00030083687252
"eps_all[20,2]",-0.853852653399427,0.0102503482840749,0.687214322313974,-2.22092196844917,-1.31707206551034,-0.848938434159413,-0.396311819184703,0.500669395676766,4494.76675699465,1.00050771501004
"eps_all[20,3]",-0.0109809929931775,0.0215908158544832,1.08164721368058,-2.09882092323907,-0.746362050914628,-0.000744007610722682,0.734104899958187,2.08133299983263,2509.76561522901,1.00163543643179
"eps_all[20,4]",-0.728868486250578,0.0106446292745372,0.725651621485642,-2.14506702702901,-1.20613634667546,-0.733150395260927,-0.247709844784218,0.746499775093617,4647.24168201336,1.00174700287318
"eps_all[20,5]",-1.15502186233694,0.0119409090624909,0.773581838573043,-2.65031106654971,-1.66973299042904,-1.1727098697583,-0.643834863266725,0.400860665745773,4196.98820422181,1.00180060456364
"eps_all[20,6]",-1.13672536187537,0.0124956390610636,0.808475397925728,-2.64669665577905,-1.68943137976126,-1.15367715672992,-0.607324825816923,0.537389679065941,4186.16819223102,1.00010419620629
"eps_all[20,7]",-0.0147260015636178,0.0147298678797678,1.01055388748117,-1.99903805808715,-0.694263676620817,-0.0139967123658983,0.6610181718847,1.99080073839969,4706.75130087939,1.00030333444545
"eps_all[20,8]",-0.9248605758687,0.0112889545425761,0.842276567586501,-2.52592311931144,-1.50611079089922,-0.937266584644553,-0.367361944777153,0.765521532916198,5566.75347324865,0.999766000269304
"eps_all[20,9]",-0.873126056386218,0.0104678360799941,0.81628486655929,-2.42668950587377,-1.42451012515652,-0.882787095923952,-0.333084269483208,0.741008725912333,6080.92523170646,0.999948632409736
"eps_all[20,10]",-0.642537982607287,0.00991563880820942,0.81246752842129,-2.19614328873657,-1.20246499971276,-0.659430527376739,-0.101961927768533,0.997887245045321,6713.83445166815,1.00048239507069
"eps_all[20,11]",0.55638764540007,0.00903000573232102,0.815599529138991,-1.04041194100906,0.00741921852215963,0.571993093131125,1.10661645569444,2.14005443431042,8157.89067057135,0.999940558907131
"eps_all[20,12]",0.0333866324124414,0.00879844516635118,0.824329610742832,-1.54916980222824,-0.529559596867588,0.0402177346836159,0.587216820361523,1.63415824972114,8777.88602029571,1.00021037331824
"eps_all[20,13]",0.04298134135033,0.00970177761911653,0.859942622835897,-1.61407378591028,-0.547059378225006,0.0342251137291708,0.639216112872005,1.7313019232419,7856.6303270913,1.00056125549415
"eps_all[20,14]",0.164088007081457,0.00927991803599341,0.89316837050132,-1.62161492717801,-0.439911283897515,0.186025991764157,0.769570008728655,1.89808546189066,9263.57004108127,0.999962937456776
"eps_all[20,15]",-0.0735818980341841,0.00932737397186856,0.91980216097616,-1.88266616803643,-0.685449618028675,-0.0769455200096032,0.543603123594402,1.71310957946921,9724.56249559864,0.999984654440283
"eps_all[21,1]",0.201262714546621,0.0122042051760809,0.672004353113332,-1.20695117966432,-0.219112737052348,0.232714543607131,0.65733593369531,1.43610750285034,3031.97189989262,1.00136797713233
"eps_all[21,2]",-0.595387685313561,0.00938360735207791,0.64527861220068,-1.91119093333731,-1.01420161670802,-0.567546524966759,-0.174179153441791,0.636606614689717,4728.84291381944,1.0011626427655
"eps_all[21,3]",-0.0589959627706032,0.0179476653062085,1.02508779750901,-2.06899077689308,-0.757293724304313,-0.0563387282145229,0.626127703738268,1.93420887271152,3262.16709991459,1.00118284926422
"eps_all[21,4]",-1.35955021688144,0.0121209389572078,0.692193942383815,-2.6472566143407,-1.83264742094173,-1.37465635706009,-0.911336996261889,0.0727904452536604,3261.24225342463,1.00247287923416
"eps_all[21,5]",-0.333683797327418,0.0108383292708247,0.747224763518652,-1.84246348183788,-0.831732307037005,-0.327559954142399,0.171137625261018,1.08026389106518,4753.10962433646,1.00052991656736
"eps_all[21,6]",0.27054377930151,0.0116961110660562,0.775351253049149,-1.29486535675314,-0.24407038898606,0.266090486362655,0.782593099883866,1.7873887358994,4394.54604036373,1.0008676090533
"eps_all[21,7]",0.0165773447792932,0.0148497020833562,0.996903720363588,-1.92423600646245,-0.650241872928514,0.0269697587185539,0.688376917318405,1.96879954190521,4506.82766722784,1.00123013813124
"eps_all[21,8]",0.422707218830964,0.0144522253910407,0.831744829248809,-1.25378342064391,-0.135631760547979,0.444151818598331,0.990257916675831,2.0035541586848,3312.15587574383,1.0019615212806
"eps_all[21,9]",0.102906480893492,0.0135238499616937,0.838376708906884,-1.54947248510328,-0.448333607614408,0.112792853624852,0.65588783358814,1.76868980113825,3843.0649236759,1.00090286004373
"eps_all[21,10]",0.368009321407802,0.0131293515822457,0.865786477327041,-1.38430578174422,-0.206111671988778,0.386425190959771,0.954168983558003,2.04624861125392,4348.4556021913,1.00098321285942
"eps_all[21,11]",0.485538748321123,0.0114957666041643,0.849044614412237,-1.18275517424606,-0.0734274941850536,0.487029567777342,1.05336568423175,2.14188326061459,5454.87932522262,1.00049456780894
"eps_all[21,12]",0.530103347299772,0.0118846225326345,0.899751880443966,-1.23527504744465,-0.0718064432910005,0.532300981198789,1.14653398041779,2.2798577252575,5731.58504250291,1.00130479347912
"eps_all[21,13]",0.25230662042501,0.0123305677440913,0.928811071267427,-1.5925076890189,-0.38834203455702,0.259930265651946,0.887420947439784,2.0798101973385,5673.99070295212,1.00026170086523
"eps_all[21,14]",-0.3779610053038,0.0125232716354757,0.96918229769446,-2.22914568903461,-1.04167611454454,-0.386379062752236,0.281006945083766,1.50140512720235,5989.29003640483,1.00018227465291
"eps_all[21,15]",-0.756680432341155,0.0105067514984332,0.951677100057531,-2.56871025171432,-1.41095211705892,-0.757187318217565,-0.121579918215717,1.16792872839566,8204.31482092516,0.99989829710562
"eps_all[22,1]",-0.557140526877636,0.00949096180213219,0.651396256896632,-1.88873736478152,-0.972059733484917,-0.551995880753484,-0.128044163007149,0.71611597679423,4710.53316993134,1.00091002086177
"eps_all[22,2]",-1.41497082433499,0.00900668603806603,0.63683914985151,-2.65171325755718,-1.83427081459916,-1.41736210475241,-0.997958542361695,-0.122726332074558,4999.53323503139,1.00025313173033
"eps_all[22,3]",-0.0393503866853253,0.0219728650492447,1.08344291004676,-2.18082045372328,-0.785475404352793,-0.0386283736423567,0.687266907842418,2.07657972560258,2431.30076677634,1.00111360408752
"eps_all[22,4]",0.131825959884549,0.0154401855304235,0.743914830804267,-1.39527196004398,-0.352436989661991,0.151058747339085,0.634131302613712,1.56155636773858,2321.35416368562,1.00142699006316
"eps_all[22,5]",-1.6246150693288,0.0136833629909065,0.777064772608587,-3.09543203436334,-2.15050774435832,-1.64796701807739,-1.11125994937498,-0.027492486290249,3224.99277638065,1.00155709319202
"eps_all[22,6]",-0.424978882975453,0.013061557376729,0.812592837313073,-2.00946468890637,-0.970183265330994,-0.423748996160464,0.119077447406313,1.16256409753332,3870.40181508612,1.00114795346622
"eps_all[22,7]",-0.00335945854361584,0.0177405887978741,1.0343390665235,-2.03873605506833,-0.702921082712282,0.00696701657665294,0.712227863230143,1.9791941781866,3399.30236850646,1.00014854385376
"eps_all[22,8]",-1.02213579377472,0.012382094610416,0.825171209092621,-2.55690498145858,-1.59427261831687,-1.04254438008099,-0.476205647755045,0.685653192360479,4441.19556195628,1.00079551887835
"eps_all[22,9]",-0.578723822652821,0.0115835759855586,0.84896858903524,-2.17517981536112,-1.16790832763522,-0.592916239655742,-0.0125926044987741,1.11486020367664,5371.52919368779,1.00044974080433
"eps_all[22,10]",0.394430498320859,0.0129501818947236,0.865506295275924,-1.30161512361615,-0.187398284452657,0.398824605538524,0.97739049933532,2.10058543929225,4466.719959268,1.00014958854533
"eps_all[22,11]",-0.518898288093796,0.0132280629997022,0.851855048642434,-2.13627613417289,-1.09748182306306,-0.529882752239762,0.0395298002659416,1.21580795378573,4147.04639540639,1.00094157802004
"eps_all[22,12]",-0.357687527344983,0.0115555835116826,0.891696549183009,-2.06383815463345,-0.961262090935857,-0.363628639149935,0.234736174231036,1.40972853883169,5954.57007911828,1.00014111047439
"eps_all[22,13]",-0.674746743155483,0.0115668619377367,0.898058182582399,-2.3942216239172,-1.28957202780945,-0.69793103794341,-0.0734186052507535,1.12895567585616,6028.06386407231,1.00085495714748
"eps_all[22,14]",-0.634886253269773,0.0100455092671057,0.923709184618902,-2.44667523638781,-1.25261234363913,-0.621859309683387,-0.0208057670887983,1.17628901937659,8455.25298797198,0.99993828441756
"eps_all[22,15]",0.243200218542632,0.00932644742700841,0.917753883270671,-1.54992544577507,-0.384823770840281,0.238742505672892,0.875850230609527,2.01971334628174,9683.2237828717,1.00045241256099
"eps_all[23,1]",-0.0968680521784553,0.00810348330820437,0.611574319294626,-1.29726330125175,-0.501396358158708,-0.1075930134391,0.305259200738895,1.11935058782074,5695.80349091184,1.00060687908904
"eps_all[23,2]",-0.150656334554173,0.00808468706128005,0.60702436584926,-1.36807230663087,-0.549526495264478,-0.15014790985021,0.254595443185001,1.04254804378205,5637.49045671599,1.00068038986029
"eps_all[23,3]",-0.0468747738282288,0.0157432047860311,0.932378619566853,-1.89096789610854,-0.678452891083,-0.0414933397824534,0.587786213176763,1.76668464114514,3507.50519360092,1.00095292506491
"eps_all[23,4]",-0.637404667777385,0.00848195456724348,0.63667533870867,-1.90486007840455,-1.05664062495594,-0.642020760509592,-0.223405034637951,0.638075396063179,5634.35455207182,1.00030514684608
"eps_all[23,5]",0.916165998000555,0.0145218280205159,0.726496166234111,-0.595765065387525,0.435474859625269,0.941943728592406,1.42386137902701,2.2574697350803,2502.78806516285,1.00106027458907
"eps_all[23,6]",-0.276101459518118,0.00967709712804393,0.72559362425704,-1.68176079723423,-0.758885808595421,-0.289647689252455,0.206077144333678,1.14161670330886,5622.07604733875,1.00064115320023
"eps_all[23,7]",0.00261283383087665,0.0137415354616009,0.959213255064825,-1.89330295435174,-0.656622957789982,-0.00432691352924791,0.658133229131227,1.88328776038178,4872.589411616,0.999870369532163
"eps_all[23,8]",0.223384335938368,0.0102569295270564,0.780784830916175,-1.34371710938749,-0.292957141955712,0.235082949818535,0.755394105469952,1.75306368416925,5794.6604324633,0.999752776610878
"eps_all[23,9]",-0.407633120054235,0.010597444776569,0.800955912785538,-1.95073405148758,-0.94654005034396,-0.411293523964979,0.131292732055408,1.17014919909423,5712.35118548811,1.0001883385206
"eps_all[23,10]",-0.344502421279773,0.0106392861549344,0.79852765719521,-1.8956567391617,-0.87667036850144,-0.353140816223991,0.173884385604706,1.28378635696934,5633.19708053245,1.00040441396256
"eps_all[23,11]",0.589956322372524,0.01110635906206,0.81879106869645,-1.02525550641442,0.0419377614507178,0.596016683068925,1.14472798303302,2.16445468909549,5435.0403648031,1.00000476279362
"eps_all[23,12]",-0.640882602082962,0.0120230795835979,0.833605390543882,-2.27363795509924,-1.20445337031809,-0.651902807199563,-0.0747763320479309,0.990372726149922,4807.17115497596,1.00048901360711
"eps_all[23,13]",-0.466298801107012,0.00986860243805933,0.849807790522969,-2.12970034429663,-1.02240351216677,-0.478327542929408,0.104099898838323,1.22343906261616,7415.32361791576,1.00006153314483
"eps_all[23,14]",0.349601850023779,0.00937447251620426,0.887937817150046,-1.42034071954147,-0.243909125399869,0.356874079995544,0.948376455759359,2.0610258005764,8971.63146746952,1.00016728448061
"eps_all[23,15]",0.0178348423489224,0.00924164313424111,0.919995173722679,-1.78603201931847,-0.601459293647661,0.012229146602405,0.632792825064081,1.80047593321419,9909.97843960202,0.999790774843662
"eps_all[24,1]",0.688273144568916,0.0114860720780082,0.678691241147016,-0.712025531865888,0.253875485044718,0.705516488212237,1.14163647463342,1.95793503547425,3491.41452514935,1.00165971145104
"eps_all[24,2]",-0.00849632195833352,0.0169097490569068,0.913714584796555,-1.7625711383493,-0.634884958936761,-0.0312541385010409,0.602062924554974,1.82577728701998,2919.75754328486,1.00010990184734
"eps_all[24,3]",0.0789991437967071,0.0229075120048742,1.11395021468331,-2.1301672858511,-0.679764802853978,0.0819132925235537,0.850255690267863,2.21662232163324,2364.69818150151,1.00093298682184
"eps_all[24,4]",-0.828641156930816,0.0104202584543006,0.702885466678197,-2.24371137657862,-1.29135400986228,-0.828582481205258,-0.361037696689609,0.531697330710477,4550.00784486817,0.999992363149061
"eps_all[24,5]",-0.343464105674915,0.0153799533248704,0.803518147158435,-1.85470974096066,-0.895861815774129,-0.361924453579524,0.183737350444631,1.27585507712305,2729.48897377388,1.00053914398685
"eps_all[24,6]",-1.00061450508872,0.0162803479386235,0.82596471077668,-2.59711485646965,-1.56422261501508,-1.00802162768901,-0.458288067429602,0.650711001311275,2573.9234143552,1.00054432124301
"eps_all[24,7]",0.0206585982314081,0.0202319200970286,1.10042050474718,-2.13590749822614,-0.722287976293994,0.0231211279912159,0.766476663426467,2.16883912401342,2958.30635297563,0.999757978642999
"eps_all[24,8]",0.467280709500811,0.0135169162790154,0.861415922837359,-1.21952968516784,-0.108253046451353,0.478827377172017,1.0260432760966,2.16525972718885,4061.35116752912,1.0007631715729
"eps_all[24,9]",1.2297771067311,0.0152022069344352,0.888455189333248,-0.558354674629755,0.651694375763989,1.26129639881897,1.84187597226457,2.88393228018267,3415.52742523777,1.00103086840735
"eps_all[24,10]",-1.13832828062846,0.0138683515626743,0.857702921075894,-2.7774312576947,-1.71154175523898,-1.16475193394748,-0.58077240366472,0.616652169267008,3824.93530011418,1.00381024337161
"eps_all[24,11]",-0.495343608607694,0.0115242902481345,0.83607525120164,-2.11016898099806,-1.05663216607727,-0.517772679274363,0.0583356193758416,1.18739634477799,5263.35133219192,1.00081432113284
"eps_all[24,12]",-0.446816900020786,0.0106173478515996,0.881360931318306,-2.15194986643779,-1.04051865713293,-0.442449348228453,0.131326866059353,1.32931459428471,6890.89287194031,1.00006417493839
"eps_all[24,13]",-0.721369441539119,0.00960092680149455,0.861722516891393,-2.36489160683593,-1.29231308644994,-0.739169754768511,-0.163711946536551,1.03889649662584,8055.7979555858,1.00019492620366
"eps_all[24,14]",0.184410246845204,0.00946352975082961,0.878409420868406,-1.55307828387146,-0.401838055034189,0.194700670436169,0.777017009436246,1.88738642873347,8615.64242748405,0.999884291066814
"eps_all[24,15]",0.20121728204444,0.0092815112098691,0.921915653382164,-1.63244930871841,-0.407303082186354,0.211412786976852,0.802318983182153,2.01415452898219,9866.08813952509,0.999885754463358
"eps_all[25,1]",-1.09097785736408,0.0145490987273296,0.720723203671327,-2.39902101428065,-1.58507771023438,-1.13060146298328,-0.643330264373224,0.431185473898295,2453.94501254334,1.00237820416636
"eps_all[25,2]",1.28736170501665,0.0171957911660112,0.903624647339698,-0.533753394477009,0.663132256708368,1.30139977797578,1.91968706412297,3.01483475710084,2761.41584264712,1.00007435764976
"eps_all[25,3]",-0.104325032008921,0.0210232959455452,1.09510501408425,-2.20959526391766,-0.856850218545835,-0.103137105155532,0.635732433296865,2.04726985456096,2713.37567333225,1.0010870303296
"eps_all[25,4]",-0.800917968443697,0.0143655184916206,0.752899087108208,-2.20170150585251,-1.31855586011224,-0.816201663192971,-0.305899856790369,0.738450848824674,2746.82461204391,1.00046918301414
"eps_all[25,5]",1.27973170902904,0.0138122041421543,0.775092211611046,-0.328515325129353,0.769491210074821,1.31014434300621,1.82255036492904,2.71677917502544,3149.05879220785,1.00013880353506
"eps_all[25,6]",1.17681142169096,0.0137527815365367,0.835266348904417,-0.526136983910139,0.616700014406074,1.19195983211308,1.75671584503711,2.72497585090266,3688.66216720354,1.00031730335728
"eps_all[25,7]",-0.00348857033710826,0.0146489798291902,0.995987380260336,-1.95971400400174,-0.673766749840598,-0.0111235588646149,0.679471476996907,1.95407426899235,4622.67019107195,1.00026170695608
"eps_all[25,8]",0.223821180073607,0.012702709032206,0.855379501847375,-1.45366370847246,-0.342839987977156,0.214894047859619,0.793958691245565,1.92252895970997,4534.45375273818,0.99989612450712
"eps_all[25,9]",-0.700847849380114,0.0127195382296066,0.848769578198272,-2.32683279121774,-1.27372521568662,-0.717577973181029,-0.12880098145939,1.02618836647197,4452.83825656082,1.00027499893377
"eps_all[25,10]",0.482156683202554,0.0126207088810691,0.854500042574038,-1.21743263150989,-0.0917516986658402,0.502172725240281,1.07543333564735,2.11952613655005,4584.12740400742,1.00086857867488
"eps_all[25,11]",0.293173235633567,0.0117062949309468,0.854731326415977,-1.38071899979768,-0.283973718483837,0.298305691002037,0.870333826342517,1.98115560334416,5331.1428474218,1.0000857781224
"eps_all[25,12]",0.887394039687282,0.0113738860932443,0.877650859835073,-0.856450592609037,0.305732238883781,0.899125954749863,1.48927396742598,2.58531262973382,5954.23287314183,1.00114338029735
"eps_all[25,13]",0.602060931346089,0.0113748219447011,0.878061210782127,-1.15681626972639,0.00408054785416532,0.611876810542335,1.20013915032376,2.26448938660929,5958.82141720146,1.00175521929688
"eps_all[25,14]",-0.0118884552204426,0.00977457463397377,0.893959481734862,-1.73541220339695,-0.614220639229986,-0.0103914894002917,0.584869384565047,1.74310826373859,8364.49904808552,1.00000447143236
"eps_all[25,15]",-0.146542165430568,0.00948909341025904,0.914400387908345,-1.93863847548844,-0.754138358414067,-0.145165489454083,0.448598685250104,1.64893073867409,9285.88625484653,1.00023590387359
"eps_all[26,1]",1.01003969977706,0.00977804622284213,0.653030194207129,-0.314859254406735,0.600885649482649,1.0226369852274,1.45277489627191,2.24880037239376,4460.28235852326,1.00124139089392
"eps_all[26,2]",-0.146544511911369,0.0116162932985989,0.817052333016724,-1.78185227140539,-0.693348913391101,-0.138790628172878,0.411170585009833,1.42455239993826,4947.25858640881,1.00081973462029
"eps_all[26,3]",0.00875666015691138,0.0191613379912621,1.02109945051954,-1.99895252772093,-0.685455600250789,0.00735015119135922,0.702163946621632,2.02261634742981,2839.7782059326,1.00048482006765
"eps_all[26,4]",1.69919751186586,0.014316397150503,0.700101508236909,0.254784434875769,1.23287976411567,1.72826525912219,2.18091576196501,2.99002498020664,2391.4128098685,1.00269334809295
"eps_all[26,5]",-0.1835828423175,0.0104097144794609,0.735130094889956,-1.56210522996794,-0.680298938210084,-0.194920416765704,0.295395583069517,1.30601992152866,4987.13091946562,1.00001237110097
"eps_all[26,6]",0.353555829237638,0.0101056788171405,0.753281924841385,-1.12837575286293,-0.143532371691004,0.361509019194824,0.85174328656735,1.85772852770585,5556.27984065392,0.999914718109015
"eps_all[26,7]",-0.0278744636969282,0.0112463742792569,0.964261626086029,-1.88704236415546,-0.68276440105042,-0.0446163334881591,0.61314395428284,1.84839612603463,7351.30941069272,1.00007368051341
"eps_all[26,8]",-0.00609532471137767,0.0109248511619654,0.875682336471543,-1.6943848595097,-0.599251446010576,-0.00558390364220429,0.575201416083526,1.72509017996533,6424.83710801002,0.99995978191763
"eps_all[26,9]",-0.146093895689745,0.0105316294509025,0.804507607203531,-1.7192885991066,-0.691813058872116,-0.153754428113861,0.385293333311427,1.46111091465752,5835.38036095597,1.00034726600468
"eps_all[26,10]",-0.133792351563554,0.012265477780659,0.850675283918289,-1.79982001118126,-0.702015054623391,-0.127915468817355,0.418382139659809,1.57613674056617,4810.15077122226,1.00032311339307
"eps_all[26,11]",-0.379620131001929,0.0113878986686608,0.832036906343863,-1.96671651983173,-0.946296482659948,-0.393299824000718,0.185006728643457,1.27912780155833,5338.23874360628,0.999795699179587
"eps_all[26,12]",0.513177601324811,0.0105675239558119,0.871131078254721,-1.19997879931037,-0.0823273370359763,0.52184471202576,1.1033890113737,2.18931234974995,6795.48617966213,0.999903113276618
"eps_all[26,13]",-0.0346285109456878,0.011671197260182,0.967306264552195,-1.87905046319507,-0.703072830212249,-0.0465299408588939,0.610082500690089,1.91740750955467,6869.05797959872,1.00028366658684
"eps_all[26,14]",-0.250412885735645,0.0114483229598186,0.942592936908958,-2.09434262161773,-0.887151666056655,-0.255234887574619,0.376170258138862,1.62020850354118,6778.984132599,1.00028039482461
"eps_all[26,15]",0.706593711927537,0.0102220970055571,0.944022593711379,-1.196654913833,0.0763556525314497,0.718919800487395,1.33208957731286,2.52437433567225,8528.73815577721,1.00002624113869
"eps_all[27,1]",0.343004324219424,0.00876662106941923,0.635721520919297,-0.872302463152172,-0.0856920374510657,0.322411467715584,0.756874165316401,1.62178294400458,5258.59056252359,1.00044855041614
"eps_all[27,2]",0.0319042609547576,0.0134182745623735,0.87462913174417,-1.72259822443324,-0.54926570197264,0.0312011075659754,0.628333705621548,1.71906395527245,4248.6849554795,1.00019795933905
"eps_all[27,3]",-0.0934498045857641,0.0156678967140692,0.957670685911082,-1.97147427036642,-0.737814361660273,-0.0929483167142542,0.548767072646651,1.79686383939324,3736.03544672244,1.00015910393429
"eps_all[27,4]",0.128866802765592,0.0135286809968499,0.68422608241339,-1.13763639619359,-0.328940798722163,0.0909913618058208,0.57124792533047,1.53515453287294,2557.92812966354,1.00316211115844
"eps_all[27,5]",0.46422711662136,0.0104334179531692,0.724629125938221,-1.00669047204989,-0.0165849186352724,0.471193355357089,0.956492631202256,1.81539074543117,4823.67858722194,1.00006126122642
"eps_all[27,6]",0.431305072385453,0.0140873039709957,0.96472073852357,-1.4899060974276,-0.194869675365365,0.441663086217546,1.08007973051388,2.28445179500392,4689.72587225571,1.0007598394709
"eps_all[27,7]",0.00401410041662479,0.0147402821596473,0.992160091149448,-1.92920199104258,-0.668654083754341,-0.000606009675996701,0.68590818550645,1.97045950262481,4530.56028882199,1.00053841804717
"eps_all[27,8]",0.197672713856854,0.0117987837614669,0.885553560684172,-1.54034123564519,-0.415133201904171,0.209342028253898,0.811233254745271,1.91668971636969,5633.20016909063,0.999897959866506
"eps_all[27,9]",0.330757048744241,0.0115201695586832,0.827899777677992,-1.30780188152863,-0.227358489235396,0.344118403287145,0.889651287231071,1.92513506033808,5164.61306339076,1.00029934428472
"eps_all[27,10]",1.04729676565837,0.0131892227570949,0.845416899814708,-0.660556436915702,0.500648850325066,1.05641200132452,1.62821991875364,2.62201362108397,4108.69064910949,1.00113046266969
"eps_all[27,11]",-0.130670317697371,0.00962023914065266,0.796601451447885,-1.68927087125244,-0.672610644922121,-0.134652867303038,0.404025010588434,1.43072434041443,6856.62583870726,0.999678134288164
"eps_all[27,12]",0.516418472739652,0.00933058182355525,0.843522190833885,-1.16189908217421,-0.0490982951143651,0.521127445735094,1.09152482621493,2.14989286552834,8172.88848017357,1.00057061801924
"eps_all[27,13]",-0.033952244145305,0.0103086682540528,0.958783215092208,-1.88461518655812,-0.679276886096623,-0.0299396433268981,0.605530122016126,1.8473210307221,8650.39058939019,0.999754329051744
"eps_all[27,14]",-0.544911430951261,0.0102400293231683,0.903455718531115,-2.27434851393766,-1.16857711100612,-0.562108686355522,0.0539986942718183,1.26536881607046,7784.15260941166,0.999881371852323
"eps_all[27,15]",0.00804969981033676,0.00925727786826259,0.928704382890382,-1.82073524368244,-0.603195228574668,0.00940114909232964,0.638221108296548,1.81479430837221,10064.4116250507,0.999731351207596
"eps_all[28,1]",0.639171992132363,0.00865365844042203,0.631209566095626,-0.608433424244139,0.231134921918647,0.634995085837577,1.0510885186176,1.87886179235128,5320.44116377381,1.00016882903473
"eps_all[28,2]",-0.689452864120277,0.0122280035568133,0.814202270336655,-2.24897531137669,-1.24546482946092,-0.686504474132509,-0.133714698901438,0.90259990252556,4433.5693420621,1.00010973574828
"eps_all[28,3]",0.399914459451369,0.00959042052187279,0.704061856107108,-1.00009638210775,-0.0714006776707228,0.410063623587292,0.87837912402956,1.76195410968217,5389.47338135838,1.00013694759714
"eps_all[28,4]",0.62658741065584,0.00919555213235486,0.670027370411649,-0.722090332185241,0.189863214280202,0.64113240278346,1.0810763548758,1.93857687849068,5309.20464832431,0.999952147737371
"eps_all[28,5]",-0.579694530783295,0.0104858368027284,0.723665651385217,-1.96561445048165,-1.06025763791813,-0.594744325426692,-0.107941467777628,0.891239573997191,4762.88099468889,1.00029189659835
"eps_all[28,6]",-0.0673244600246104,0.0136325336473101,0.934742138278671,-1.83022040007182,-0.720405561224817,-0.0717875556463531,0.562472534772469,1.74524751135193,4701.43553791808,1.00012055815937
"eps_all[28,7]",0.0862207515786597,0.0105507400576577,0.770596104170398,-1.45999787794533,-0.436860236466944,0.0871603925326756,0.616523867323554,1.58877969704729,5334.42694107504,1.00003970031315
"eps_all[28,8]",-0.118304244940537,0.010529346397507,0.800651154621966,-1.67875362357954,-0.648546159775369,-0.117123341246537,0.418169088992646,1.45495020999581,5782.07661059407,1.00051123645585
"eps_all[28,9]",0.37251346964595,0.0121718236116523,0.811073764594129,-1.22338788315843,-0.161265057209378,0.370779797211122,0.911812572866165,1.98166016280202,4440.2702867117,1.00025464758597
"eps_all[28,10]",-0.740892691799115,0.0122906827868052,0.824663336032423,-2.28565661754212,-1.30717944525167,-0.761062765388792,-0.193978359413696,0.951158050056754,4501.95710923387,1.00059007005822
"eps_all[28,11]",-0.332259084298712,0.0104057600282378,0.817310883401607,-1.93219272256002,-0.882648986354496,-0.332830893586477,0.223158958399336,1.25375607119856,6169.17303568651,1.00012263824379
"eps_all[28,12]",0.176581661782575,0.0110933366862202,0.940377387496491,-1.69550813959513,-0.4597332954693,0.176970749277672,0.8088441644527,2.00579387604592,7185.88010099788,1.00009353966652
"eps_all[28,13]",0.206205085742244,0.011484746319776,0.95434241861081,-1.6601265812506,-0.435846186717152,0.217470006007337,0.835739085015492,2.08514829180671,6905.03114923611,1.00012317022585
"eps_all[28,14]",0.517983886257633,0.0100556435608361,0.908896439936818,-1.29174102651155,-0.0786015118459326,0.521573717663574,1.12762129505305,2.28500476845528,8169.75557458104,0.999556286031842
"eps_all[28,15]",-0.00133991908309291,0.00969274257799678,0.950923297473,-1.87263452495052,-0.656478657298154,-0.00188832562096202,0.644849385130106,1.85197223466082,9624.93084405303,0.999845511863751
"eps_all[29,1]",-0.0205360675904022,0.0113951474758375,0.997775660841223,-1.98034888513405,-0.68079814224797,-0.0261459163854772,0.643643109564341,1.93419923226409,7667.0079086639,0.999976023485861
"eps_all[29,2]",-0.00280717920248109,0.0112310444111455,1.0074180958709,-1.95124261913741,-0.692151108914644,-0.0100831589871445,0.673765903892919,1.99349827088649,8045.98476944431,0.999852091671495
"eps_all[29,3]",0.00945579039733198,0.0110862424802874,1.0012775643852,-1.95178518923981,-0.670091348842069,-0.00335011299722015,0.678984453611154,1.95939839400313,8157.18333731727,0.999820088147259
"eps_all[29,4]",0.0140201941829993,0.0110731425737715,0.992367267417043,-1.93688327839012,-0.657381658730346,0.00632167266102327,0.684719773368494,1.95212751426924,8031.61862745723,1.00043516968802
"eps_all[29,5]",0.01000501875935,0.0115212921633111,1.00386448613734,-1.9261089082245,-0.675965183980009,-0.000187026824674638,0.701377523305543,1.989555511637,7591.8531888207,0.999699540681456
"eps_all[29,6]",-0.0203482349888276,0.0111775693464627,0.999733363174474,-1.96994003282969,-0.704717009136545,-0.0414285475734636,0.661183284360358,1.93833962786503,7999.6986145233,1.00036835065562
"eps_all[29,7]",0.00742124307442184,0.01104487822073,0.980683090862766,-1.89293761475969,-0.680526036739873,0.00932794672863492,0.675652839931957,1.93922206344932,7883.79841080155,0.999781324783653
"eps_all[29,8]",-0.0193746286879691,0.0110848063620031,0.992066753701674,-1.97106974327262,-0.68400965718467,-0.0196365707603318,0.649460084262734,1.96014503444804,8009.87188239733,1.00002206750668
"eps_all[29,9]",-0.00425585642291018,0.0111893952666337,1.0005024962748,-1.99871786328578,-0.682460807095914,0.00632245786760801,0.674341233540662,1.92962471803821,7995.08567252941,1.0002529362785
"eps_all[29,10]",-0.0115455869528442,0.0114074292376534,0.998519711249275,-1.91126834319461,-0.694474571639959,-0.00793098133016209,0.669767367956551,1.91909342536165,7661.92185157634,0.99989318647422
"eps_all[29,11]",-0.00298597361961331,0.0113170251533525,0.998681804343481,-1.95583837185039,-0.668670696599335,-0.010801268431376,0.657079728069977,1.94139056779824,7787.35031939028,0.999948966242198
"eps_all[29,12]",-0.00862429157452415,0.0114725668207964,1.01137052067034,-1.96548498433971,-0.697445323482511,-0.0120651555816865,0.66932482471823,2.00699054290684,7771.40226629973,0.99977508691741
"eps_all[29,13]",0.00587913789958001,0.0112244028352914,0.995409569938174,-1.89317897745549,-0.663324799854076,-0.0022382646920724,0.681272095241702,1.95618869852162,7864.60896366426,0.999729296547703
"eps_all[29,14]",0.0205086773019405,0.011194650840082,1.00551533454825,-1.96773498913468,-0.631560525296726,0.0251937928170197,0.697249407915699,1.99205639430357,8067.82169240792,1.00037619766154
"eps_all[29,15]",0.0146303958687264,0.0117676190372676,1.00619746500475,-1.92659483566534,-0.659456157512224,0.00852645508361905,0.684945113198693,2.01175894545371,7311.20964629657,1.00113680998861
"lp__",-311.138794907448,3.02290008429511,51.9133870372864,-399.052890744914,-347.47589238232,-316.044624333155,-279.128998267846,-196.067222406959,294.924698701925,1.02443524041201
