"","mean","se_mean","sd","2.5%","25%","50%","75%","97.5%","n_eff","Rhat"
"eps2[1,1]",0.047640988513151,0.0183240866981702,0.980735501871743,-1.86086230150611,-0.62765345160713,0.0472488102674923,0.740679789221509,1.89697123358443,2864.56787769731,1.0009058166261
"eps2[1,2]",0.299764196341122,0.0182512681283774,0.899861320913687,-1.48971745900797,-0.303209155426646,0.298558675948297,0.900994012389404,2.06005800447481,2430.88872264165,1.00085484856821
"eps2[1,3]",0.0773932991554242,0.0177528161794991,0.970920051021303,-1.74749169041434,-0.593420506726663,0.0676627141639842,0.728345412025704,2.01500245960317,2991.11029519259,1.00105135590859
"eps2[1,4]",-0.345701282503007,0.0123077622083391,0.955576017396346,-2.22278315341674,-0.987479434117572,-0.333954322338412,0.295317474200451,1.50644034801923,6027.98675256254,1.00018748535289
"eps2[1,5]",-0.167843478155085,0.0159237406422598,0.902594349827193,-1.91898148388036,-0.776450498600963,-0.185083427540457,0.436113665226021,1.64897013564734,3212.88388522503,1.00158566247082
"eps2[1,6]",-0.0729503721172393,0.0105138373495427,1.00411297215042,-2.0512008053936,-0.713445721505733,-0.0744179717290359,0.598556254184661,1.92207874058202,9121.0040225307,0.999736426621706
"eps2[1,7]",-0.479360004523664,0.0126074041536645,0.877793918323451,-2.12019879109308,-1.08401225400023,-0.512944582738144,0.101564571040142,1.33074248712467,4847.67822395842,1.00081465828601
"eps2[1,8]",-0.00445079043329977,0.0167221439519036,1.00659910018061,-1.94645573651134,-0.699833418675258,-0.00479400541951988,0.688319811009549,1.94784279478293,3623.50746385949,1.0009643850756
"eps2[2,1]",0.109010978986718,0.0132090790656094,0.9468156752296,-1.74337304915074,-0.528132984282589,0.100465998714609,0.750233197774411,1.99070282256579,5137.90179850515,1.00054290979267
"eps2[2,2]",0.411351014009444,0.0119015562356987,0.86835270849277,-1.27144803958134,-0.170619000410322,0.415948641348435,0.996719959192347,2.09358076504753,5323.34753991589,1.00060200572174
"eps2[2,3]",0.182746781853217,0.0205574649163677,0.991037030278951,-1.78735914675989,-0.502238394600237,0.200957307148278,0.87082118705861,2.04187834373367,2324.02421607851,1.00255838004014
"eps2[2,4]",0.0194284330110183,0.0103798865964063,0.949854275167428,-1.86588888715543,-0.599386556384276,0.0162694685827342,0.669632066892211,1.85397358588117,8373.91881449591,0.999951482822939
"eps2[2,5]",0.382399631252548,0.0170149911923241,0.82716073942997,-1.27231755351587,-0.155105877970667,0.409792666170434,0.925037026741956,1.98649954031184,2363.28646834732,1.00345026458959
"eps2[2,6]",-0.0192696586605778,0.0145312839542368,0.982379673738334,-1.99848194584401,-0.671380134026997,-0.0282048232795252,0.651599013331374,1.85528762288963,4570.36365303506,1.00128471044313
"eps2[2,7]",0.338324972570255,0.00930305393191327,0.850312539073297,-1.36009563818881,-0.226930051126237,0.353822078391141,0.914461702858028,1.99349273077098,8354.22349539125,0.999843412022507
"eps2[2,8]",-0.0459547623248019,0.0154326399216917,0.972906643262915,-1.872182203218,-0.696625325903895,-0.0558600424816742,0.60195610985506,1.88453099363131,3974.31138922748,1.0007814948631
"eps2[3,1]",0.446768436364383,0.0157406459645014,0.989326033263529,-1.58489730954939,-0.177675219437922,0.479489262819784,1.11657178645651,2.32001821413787,3950.33359983695,1.0005217791219
"eps2[3,2]",1.16999972065225,0.00932420931843876,0.737348761246242,-0.337386148761584,0.702820383770888,1.17028071471095,1.66214508211748,2.58470310242963,6253.48166910124,0.999960506811327
"eps2[3,3]",0.212407759973802,0.0236756418383307,1.0504363648734,-1.83184975783477,-0.502693782728616,0.214183558094724,0.903162425425992,2.22731977959525,1968.50251233279,1.00279786750047
"eps2[3,4]",0.243830000590816,0.0133293574509418,1.02537910193498,-1.8037359489217,-0.450906565149152,0.250563944966316,0.958965123492113,2.23491342080397,5917.66661839212,1.0008316514372
"eps2[3,5]",0.744972065153784,0.0143711390306559,0.865204330819927,-1.06284792987301,0.179730877663765,0.78208380255385,1.34343082296264,2.35035185243431,3624.55744756003,1.00087367301865
"eps2[3,6]",-0.0240144542339832,0.0185294392869683,1.03741314722935,-2.04685562306541,-0.733999088343146,-0.024324335037481,0.679263621842161,1.98617097117867,3134.5769819648,1.00180295547057
"eps2[3,7]",0.824519551376905,0.0215470369614659,0.89621057261286,-1.1173463441093,0.249799219320887,0.849874844806983,1.41810729896215,2.54631865123461,1729.99565627209,1.00164767087217
"eps2[3,8]",-0.0373935409760193,0.0119343213405819,0.966323193361136,-1.89894109364212,-0.702259966216642,-0.0540307423845426,0.60978738281902,1.846802042069,6556.15710733626,1.00025620339329
"eps2[4,1]",-0.172286719085178,0.015161437690797,0.94862110153569,-1.97592200249298,-0.815056544376984,-0.178909746458404,0.474196941132248,1.69515769884838,3914.75683676536,1.00055605207659
"eps2[4,2]",0.326001259935427,0.0142970081692063,0.714991642979227,-1.09422331088077,-0.148500223805653,0.337171617904894,0.796827630468402,1.72514605272063,2500.98795824444,1.00171983948274
"eps2[4,3]",0.0247699665756609,0.0153026610003807,1.03798067003736,-2.01162273040872,-0.6919849711786,0.0333278259045302,0.729065408279714,2.07480876025222,4600.91931104484,1.00081610176685
"eps2[4,4]",0.0283773433599177,0.0143268748857126,0.999120635820445,-1.90815696493611,-0.653742762117118,0.028101197285483,0.717997017490387,1.96349219502344,4863.32083847393,1.00098007446691
"eps2[4,5]",-0.73724252534688,0.0122299210330165,0.824825029022078,-2.30420329929849,-1.30267948763255,-0.762538882740499,-0.196703081964696,0.947424442817898,4548.585433679,0.999926661659283
"eps2[4,6]",-0.00508819838754071,0.0191884765618712,1.03140640091699,-2.07114716260148,-0.705328860693093,-0.0127177504011218,0.693569013214509,1.99417172381386,2889.2069616594,1.0021825354325
"eps2[4,7]",0.833604831186742,0.0176968685945912,0.902091593853744,-0.966381665514941,0.234219594422842,0.865894845045027,1.44753286264317,2.57126343739776,2598.41443076068,1.00164809900284
"eps2[4,8]",-0.0192852473600607,0.0120466531576515,0.904665317088385,-1.84329405588587,-0.623581383464654,-0.0208747747642727,0.603623677292076,1.7369985291747,5639.53204129807,1.00090397378927
"eps2[5,1]",-0.336117983458721,0.0150883969677038,0.960680646667252,-2.18833876508828,-1.00121709119278,-0.330175962709584,0.305133514292809,1.58325007963812,4053.88925408643,1.00108061434241
"eps2[5,2]",-0.345219548586155,0.0140699181129098,0.739362426640937,-1.81844254478704,-0.825295743477693,-0.339273806142808,0.129628905693305,1.09105305823184,2761.41457927634,1.00109682889662
"eps2[5,3]",0.0499611909429426,0.0249680914318615,1.02858381878571,-1.90664018315359,-0.67068471585886,0.0432873356262293,0.740607565187791,2.07310896460199,1697.10488590971,1.0017511316698
"eps2[5,4]",-0.573458090554905,0.0149654389271663,1.02232733186207,-2.55600206553582,-1.26808099718574,-0.563156689011937,0.0974611897540654,1.46345253161956,4666.60482417625,1.00070110594555
"eps2[5,5]",-0.909978455629124,0.014186874050253,0.836369648649205,-2.52295039816222,-1.47634345056693,-0.902800225550085,-0.35455242182409,0.741336073702885,3475.54648917313,1.00083289842659
"eps2[5,6]",-0.151526878620453,0.0132319090514055,1.01534318330824,-2.13294431446617,-0.834778714201966,-0.162728274162679,0.552002081589275,1.82786853738735,5888.17488659523,1.00103295238248
"eps2[5,7]",-0.767237833939155,0.0150462733562934,0.930257047532783,-2.53948078568979,-1.38337041598817,-0.781279578726713,-0.156870333970406,1.14101615282181,3822.50482584466,1.00059682011945
"eps2[5,8]",-0.180040469463551,0.0173025805772983,0.903964350772715,-1.91077415915031,-0.821457140062819,-0.193985342311363,0.423755747700709,1.57732406489815,2729.48584659871,1.00147567858919
"eps2[6,1]",-0.761013669999644,0.0135819154507275,0.975366333389048,-2.63905883131343,-1.42058411913242,-0.762971257329638,-0.124992629018736,1.21077175236796,5157.19409645314,1.00046871468613
"eps2[6,2]",-1.41855527623744,0.00991983746817967,0.740746512647201,-2.81716644188558,-1.89713127981866,-1.44831832221717,-0.956433317405616,0.104891564105079,5576.09440748094,0.99991798649934
"eps2[6,3]",0.127238861739515,0.0128700004910948,0.981435544297591,-1.7838885262907,-0.540735235663951,0.118414742279363,0.80110136231047,2.0532860302454,5815.22386679384,1.00035689672805
"eps2[6,4]",-0.0644888129579527,0.0117021376847943,0.992029717966783,-2.0121270190712,-0.725643855884845,-0.0877568632090889,0.615315221466556,1.87516610034417,7186.52527858146,0.999808821615555
"eps2[6,5]",-0.650455800105188,0.010655634317869,0.820688912249642,-2.26282210482525,-1.19018853526524,-0.66942840735715,-0.104916288286855,0.942627226985459,5931.96413060168,1.00036636986555
"eps2[6,6]",-0.118961557610348,0.0158728048175654,1.00298088232039,-2.11888954042,-0.776738897296438,-0.128248612124364,0.552358377308265,1.82156144152312,3992.80369091123,1.00028438285949
"eps2[6,7]",0.564546166219376,0.0222701729073924,0.932707009252183,-1.31728735000469,-0.0594942314650764,0.575153389209804,1.22149357411903,2.28953399915151,1754.05538823802,1.00257936242828
"eps2[6,8]",-0.444054902186932,0.0127096239747733,0.94172863315298,-2.29623240474523,-1.08012326716454,-0.440512049889009,0.173862406454946,1.41853255210053,5490.17448419996,1.00022455328345
"eps2[7,1]",-0.0337930959844825,0.0108995647773517,0.905003144192981,-1.88956575726889,-0.614329699121905,-0.0226548994115289,0.564269183613452,1.72031561622612,6894.16800396375,1.00011130041706
"eps2[7,2]",0.123745608937025,0.0141768522787691,0.721128490124985,-1.39402678321208,-0.350125837542712,0.149522458641264,0.619052415715764,1.48330413215952,2587.41254559042,1.00034111788987
"eps2[7,3]",0.171227249073469,0.0130004706070143,0.934906436602143,-1.62280089656405,-0.508978750717334,0.162276424934945,0.806135374480408,2.02212943366705,5171.51932822336,1.00035278309156
"eps2[7,4]",-0.0689432090860226,0.0130125888931618,0.915503668705247,-1.86155122604233,-0.695837125506553,-0.0517692905949839,0.541418976780939,1.70308494853505,4949.85821784056,1.00077879079881
"eps2[7,5]",0.00165203913872223,0.0137861511627329,0.793418839707458,-1.57907749249461,-0.525178685788761,0.0392645143813153,0.542581004539059,1.50199098527643,3312.21824303293,1.0009299058392
"eps2[7,6]",-0.0876752848778398,0.0105369246466974,0.95303898700351,-1.95744413776333,-0.7261899773975,-0.0827610357360622,0.554538788970223,1.76334919449822,8180.75875464138,0.99973461808003
"eps2[7,7]",0.175920716855759,0.0105419268223292,0.854917890064584,-1.49636197221053,-0.383343485782547,0.171148557036303,0.766190682145277,1.86265636464812,6576.71187832177,0.999855123336373
"eps2[7,8]",-0.240986302177345,0.0108634764019352,0.880018552131127,-1.95351175658182,-0.844441666989884,-0.25133787439978,0.35371762293553,1.51750101857077,6562.14775821705,1.000540381589
"eps2[8,1]",-0.561267032490344,0.0175072739508715,0.949828304780523,-2.33804925327078,-1.22006828415787,-0.599899369971516,0.0558115016449126,1.38382970555255,2943.42625631059,1.00051888111154
"eps2[8,2]",-0.746023539461528,0.0104018926741668,0.704076301190104,-2.11661046072734,-1.21083990624088,-0.753179145199643,-0.29271711623893,0.685977386988956,4581.57411061879,1.00024430876929
"eps2[8,3]",0.0474024500908968,0.0123432217520659,0.979573019896358,-1.84093245352522,-0.612615903946512,0.042473739571523,0.71629466633973,1.98131265150339,6298.20173437184,1.00048092247
"eps2[8,4]",-0.305912119588534,0.0109372493522917,0.942220789405172,-2.14826057372442,-0.931316041394282,-0.298694225867468,0.309260006278548,1.58727760214908,7421.45635693543,0.999695272226438
"eps2[8,5]",-0.826036515606765,0.0103594042227985,0.800548110371468,-2.33785695977654,-1.37456257457328,-0.835368671522779,-0.302617982912497,0.828311202866644,5971.80082490294,0.999658058409301
"eps2[8,6]",-0.0628345978089778,0.0168065439370815,0.975229692051789,-1.94496856774156,-0.726699242591416,-0.0640473554346989,0.603243381395765,1.82055026888815,3367.107642243,1.00211450854223
"eps2[8,7]",-0.110453536514833,0.00966527957199618,0.845862833703272,-1.80926401289819,-0.657570034020754,-0.118563482821179,0.452349767592801,1.56516786718324,7658.98192376101,1.00004467867308
"eps2[8,8]",-0.0237495018725054,0.0103978413131609,0.889805433973857,-1.77589059043461,-0.628173105476171,-0.0343642858955494,0.577611204785962,1.70305276176273,7323.24792031078,1.00025710475191
"eps2[9,1]",-0.290933017380184,0.0103127265395653,0.923669607687638,-2.06106102958775,-0.906150024056835,-0.295831106288741,0.323007703218075,1.59488246273157,8022.06735626887,1.00010572412616
"eps2[9,2]",-0.486086787747133,0.0085774635328023,0.703751900735067,-1.86116364780921,-0.932839355000107,-0.496493540272333,-0.0421973406702093,0.954280269413365,6731.64803890419,0.999951797812905
"eps2[9,3]",0.0639600608276055,0.0102472315166868,0.948843213618016,-1.79127713912097,-0.565282170692668,0.0571056858903136,0.693182394384243,1.93423146666442,8573.84868753018,0.999974406076261
"eps2[9,4]",-0.26889182605609,0.0118018842186589,0.950284575087763,-2.10951910070086,-0.9074877602695,-0.272835031453569,0.362614435341163,1.61382679165374,6483.42752389438,0.999734357796541
"eps2[9,5]",0.0283002187852712,0.00999922422483461,0.789625884429925,-1.54334441950983,-0.487789018319642,0.0347857438886158,0.567396287766815,1.56876063000447,6236.05789185561,1.00104039788153
"eps2[9,6]",-0.0399692300843674,0.0339563585626604,1.01461156198192,-2.09074409236602,-0.711119188518539,-0.0114659606840801,0.679528687400442,1.83320697843434,892.806600341662,1.0029466728569
"eps2[9,7]",-0.446992714773134,0.0143630125920808,0.867100986181094,-2.12672189574039,-1.04098904764191,-0.463500253981133,0.155106024013925,1.24977406739785,3644.58663190206,1.00201348682129
"eps2[9,8]",0.214072187356494,0.0140457620718446,0.902126906564522,-1.51289495756272,-0.404174102206258,0.208981096509551,0.814056259281566,1.99280819911959,4125.19666025382,1.0003016412661
"eps2[10,1]",-0.00649250116369898,0.0130647342540301,0.899762514865485,-1.77369749426672,-0.606047371026551,0.00813796090089183,0.588775330239665,1.76270243960401,4743.01645561938,0.999777026736953
"eps2[10,2]",0.207004697922737,0.0110775329992859,0.688598807103933,-1.12177436212326,-0.24014211183244,0.185243958491945,0.66116856447577,1.61262051057754,3864.08282845424,1.00018475992896
"eps2[10,3]",0.0156003822691972,0.0274193201055175,0.97716265737977,-2.02836229798575,-0.619649431581642,0.0119114221003112,0.689344389017643,1.90998590292047,1270.04865913188,1.00394521575012
"eps2[10,4]",-0.105674613661189,0.0115415302184671,0.932305546761511,-1.95796782409396,-0.720758143362563,-0.0986691926214872,0.520875711733791,1.7282731808594,6525.13873853619,1.00096295050256
"eps2[10,5]",0.278295329732191,0.0105722752384643,0.773979646298856,-1.24739818089995,-0.230532740425629,0.284891263837532,0.783869719187729,1.81290753933454,5359.47387078463,1.00134120793416
"eps2[10,6]",0.0449006779140382,0.0178097315151878,0.982415799779854,-1.86572747603333,-0.623091178131408,0.0559906862713002,0.749514585822435,1.91813416785075,3042.8176866257,1.00177891032637
"eps2[10,7]",-0.100337808110005,0.0137032146570566,0.861003248659607,-1.9040737703396,-0.659577239813574,-0.081808057415716,0.481835749521233,1.52663754822041,3947.88650025076,1.00037908353058
"eps2[10,8]",0.473046112376686,0.0103933113261204,0.889642922058311,-1.32799691481387,-0.106039611522073,0.50425274089104,1.06458089264117,2.1947614262373,7326.95598604085,1.00040086040425
"eps2[11,1]",0.503990987461713,0.0149252574815043,0.97156495132228,-1.48746780915205,-0.137975698280855,0.536811253308165,1.18187830622487,2.33646838534043,4237.40539171357,1.00052672275435
"eps2[11,2]",1.01331970700664,0.0101692038659603,0.721158520921556,-0.436296018390507,0.541473326171404,1.01354031455854,1.49329303682406,2.42924462713197,5029.06872897814,1.00255713685142
"eps2[11,3]",0.209358851248152,0.0202887953609736,1.02998595171408,-1.75650602849164,-0.504976252915981,0.202741934332548,0.899346142062674,2.18874141494888,2577.21160970126,1.00159303954466
"eps2[11,4]",-0.0468104765807581,0.0266414693899806,1.03247608952051,-2.02943559740666,-0.748412860020748,-0.0593371325634804,0.632499648028541,2.11103227175808,1501.90912911438,1.00200921007567
"eps2[11,5]",1.06415802617605,0.0104414978108792,0.814307868523385,-0.56708873084561,0.546540723382784,1.07685187581276,1.6223480267188,2.60925351659308,6082.07342962395,0.999907631840173
"eps2[11,6]",-0.0304201613927582,0.0190395310515316,0.985501340579855,-1.88383357173175,-0.710004201473639,-0.0313268843204757,0.643446337512654,1.89267802294466,2679.18031729019,1.00085351834107
"eps2[11,7]",-0.278880351162137,0.00918800220175704,0.869534092077321,-1.97966683535508,-0.844109460139193,-0.279893383086423,0.300233573733944,1.45732851659288,8956.34980195257,1.00051146450965
"eps2[11,8]",0.231495772247003,0.0137435515706999,0.914784032061619,-1.54371209605019,-0.38241831788195,0.221042146285086,0.839623840625382,2.01311706675148,4430.36183883936,1.00118046407513
"eps2[12,1]",0.172056388591649,0.0111495302335222,0.914150108238595,-1.67168420271263,-0.427331231782993,0.180392981211071,0.764100734578075,2.01594453698056,6722.36192947788,0.999834847287361
"eps2[12,2]",0.669206970230511,0.00910649769230792,0.695258753631225,-0.727892108492909,0.210220293729342,0.678362523588665,1.14369346936108,2.01363091521929,5828.9478165888,0.999941500648869
"eps2[12,3]",0.0475181509575463,0.0119751481167715,0.973744282348509,-1.87692413175372,-0.594658079901842,0.0361739888786351,0.698670784981488,2.00042860585139,6611.92705494343,1.00001785679864
"eps2[12,4]",-0.327507960443911,0.0140945766273144,0.967246479593222,-2.18979080334992,-0.995508679696882,-0.344752977942119,0.348755124037095,1.58154409198266,4709.45059578495,1.00114291651368
"eps2[12,5]",0.184389626942991,0.0114470674699424,0.808876909953925,-1.37602178014088,-0.372912985940133,0.18155722768711,0.736961836660283,1.79777487970899,4993.17044732242,1.00038540299302
"eps2[12,6]",0.00996241949263782,0.0119462550717475,0.996893210615013,-1.93283232171793,-0.661870532573281,-0.00796597369642494,0.67978910305551,1.96310977715683,6963.59828514756,1.00042248721524
"eps2[12,7]",-0.62953552396828,0.0128473837078449,0.877211425054559,-2.30643554599137,-1.22467106970303,-0.654247517665668,-0.0675288735623077,1.14154251525885,4662.07406121335,1.00100772282125
"eps2[12,8]",0.355095416877882,0.0135644441760507,0.88898749153485,-1.45457965249929,-0.223859193176632,0.372303399447561,0.943349184195011,2.06560873563248,4295.23861559248,1.00071264734828
"eps2[13,1]",-0.460242073788294,0.0187114414459564,0.928180724878676,-2.20629196645012,-1.09481937578715,-0.466650617391797,0.162273945789364,1.38619315787002,2460.65428565589,1.00055035047059
"eps2[13,2]",-0.489427492559395,0.00910178899927124,0.691528135645703,-1.84507000841863,-0.941792373349328,-0.501804303964912,-0.0487650730301577,0.922470877893565,5772.52978596514,0.999913189796263
"eps2[13,3]",0.145905682066315,0.0126481030269083,0.924560937370754,-1.70734988207829,-0.469143182300029,0.169463792654259,0.772757333163839,1.91238127207524,5343.43206273222,1.00005562447847
"eps2[13,4]",-0.17114295727025,0.0108126839029374,0.939525700764259,-1.99518975912938,-0.778192527636396,-0.207652404923923,0.449495677455421,1.6838723613592,7550.05847754101,0.999995699864266
"eps2[13,5]",-0.44481632965934,0.0134585814923302,0.789606733562125,-1.95253731652628,-0.96953529958455,-0.458323018723028,0.0829467965348355,1.13052644387349,3442.09703649777,1.00048940159443
"eps2[13,6]",-0.128195599838709,0.0104560165973303,0.952218783247766,-1.97935118738131,-0.758404272882008,-0.136148327129229,0.493887683102695,1.77302419470093,8293.55941203369,1.0002334939588
"eps2[13,7]",0.15099175971102,0.00990838856864221,0.847336813865504,-1.53992160818131,-0.390505490836254,0.159490335423635,0.693452188464538,1.79129867423091,7313.17711631949,1.00005606868303
"eps2[13,8]",-0.384989050025825,0.0106572069089127,0.882277459642778,-2.08481868816602,-0.960282098550551,-0.420293845902142,0.197303390138181,1.41442500668814,6853.67604727877,1.00032269766733
"eps2[14,1]",0.350268900745479,0.00886929653578698,0.660491691627275,-0.946663250774966,-0.0700308816650942,0.339792011695621,0.776189268671531,1.68913029005776,5545.69993578633,1.00028444743044
"eps2[14,2]",-0.899290508605613,0.0110724797652279,0.667897718314013,-2.19268907224377,-1.34290956342891,-0.911298480285124,-0.461039446774754,0.44314218690705,3638.56492808095,1.00095279555216
"eps2[14,3]",-0.0146646911037417,0.00951867115683065,0.765007539073088,-1.52465808806011,-0.517655337769702,-0.00427300395807191,0.469926297736204,1.49960124287355,6459.20076260157,1.00039151741405
"eps2[14,4]",0.31695346891439,0.0122072772298921,0.816630203341075,-1.34648177452248,-0.225304760898739,0.347884685481522,0.873372318455589,1.84823494687684,4475.20837327912,1.00001074486171
"eps2[14,5]",-0.184604873944313,0.0104850619279093,0.807812955598512,-1.76608165697329,-0.716728567893343,-0.188410377398646,0.359367216818167,1.37665617719993,5935.80504161317,1.00055089650474
"eps2[14,6]",-0.129056942563158,0.0114940343841482,0.969514883935163,-2.01510658221285,-0.801319390729797,-0.118132423845778,0.544733417310191,1.78616425068529,7114.82098759478,1.00025829231096
"eps2[14,7]",0.507277357951359,0.0154751536841924,0.882628386977637,-1.32337901026704,-0.0593881946580517,0.533023727390528,1.11668737986941,2.16175475604552,3253.0133134857,1.00107548140626
"eps2[14,8]",-0.483497159556217,0.00994044321766349,0.879050103563968,-2.18284224477035,-1.08465167374921,-0.497719877491871,0.0932228750115183,1.28486999075374,7820.16220343489,0.999929847901097
"eps2[15,1]",1.37914702926153,0.00879393887004892,0.662406274926451,0.0368168146927827,0.955789764005622,1.40049273270063,1.81222414132076,2.65942024077578,5673.90409828599,1.00003784895685
"eps2[15,2]",-0.415533729720023,0.0164723877668793,0.741120689926332,-1.8743968815803,-0.911297235648993,-0.427924981224229,0.0603186641658816,1.05934055383116,2024.25285713042,1.00092948874111
"eps2[15,3]",-0.00556682377192683,0.0110987341657489,0.777652350266743,-1.55702001390728,-0.511369119170504,-0.0195865878059775,0.504496652813701,1.54554520916947,4909.35094744449,1.00098056926822
"eps2[15,4]",-0.895978836672354,0.0114776329860022,0.831346784967848,-2.50440907656197,-1.45695437869948,-0.923125936671679,-0.332090791270772,0.776575198067563,5246.38039368605,1.00000321558356
"eps2[15,5]",0.22964928278474,0.00980350929111359,0.799894741047265,-1.35071903563499,-0.287058602655184,0.227416685935177,0.748138194526501,1.77710900962236,6657.36783621121,1.00077625149964
"eps2[15,6]",-0.0618135600984854,0.0143122191151522,0.959847820792931,-1.95111811218277,-0.702938468025248,-0.0674418370958743,0.585570643872093,1.81433309272093,4497.70340850651,1.00081314889824
"eps2[15,7]",-0.115799041725888,0.0108315032118243,0.863879122040894,-1.81065428269539,-0.707131417363626,-0.123909297169752,0.459399453757095,1.6433810087864,6361.04533536898,1.00034584008999
"eps2[15,8]",-0.1355238844275,0.0277699849155209,0.940930727567444,-2.06147151785627,-0.744984470805575,-0.124168589029908,0.473232687992156,1.6878896329405,1148.05849105242,1.00205253137201
"eps2[16,1]",1.46879696270797,0.00809005047835654,0.665178136174354,0.128001398000075,1.05158212426975,1.44920636977866,1.89736513155372,2.79680072107594,6760.41674740259,1.00013359594642
"eps2[16,2]",0.924929579156455,0.0097982901961693,0.713920310963721,-0.516801359149478,0.457877951379215,0.943418714191873,1.39492713075124,2.30529948941103,5308.83075016605,1.0002088952508
"eps2[16,3]",-0.0936250772117695,0.0141433900991912,0.794916351360273,-1.60837362463545,-0.621244120088066,-0.111694121279628,0.427900512154343,1.50651707547735,3158.89958426583,1.00087155484708
"eps2[16,4]",0.192523893699208,0.0163724145227735,0.815640918058888,-1.48498830125825,-0.332424343940015,0.226032220106518,0.775749831523326,1.69392467774109,2481.83294972879,1.00167596988585
"eps2[16,5]",0.480045058009282,0.0100935884544287,0.820480457356289,-1.14452584509622,-0.048245361536644,0.483208198047439,1.0269625320363,2.06508660945163,6607.62360446111,0.999723184300855
"eps2[16,6]",0.0429054799547934,0.0140278924106355,0.999185088700921,-1.87718561020554,-0.613813282591421,0.0430343149205083,0.70856931655691,2.00814086195094,5073.49265326917,0.99990126835306
"eps2[16,7]",-0.284682533668155,0.0105072226801973,0.866013943606936,-1.98079474579067,-0.853640564054874,-0.285592200946486,0.285203483183235,1.44877435764899,6793.19210887888,1.00088970139481
"eps2[16,8]",0.416215815095921,0.0275881345829668,0.947674372771552,-1.56852229987613,-0.194683193060424,0.43348016619561,1.05507147663032,2.23617421730438,1179.97716016282,1.00278857366037
"eps2[17,1]",0.880197639658929,0.00903653271622906,0.640123783120662,-0.396384080418953,0.463180563733435,0.902282426230667,1.29672171271955,2.12617408827985,5017.92627181465,1.00084327481716
"eps2[17,2]",0.668393476558599,0.017722815967803,0.721380644227946,-0.84570652883842,0.209170594096857,0.693442131915007,1.15704088910618,2.04417607130111,1656.77493283955,1.00359454046595
"eps2[17,3]",0.744319172500077,0.0174518945014295,0.796646008984851,-0.819590077567468,0.233920291068315,0.761971239630823,1.29405007029941,2.24002650091202,2083.74999404728,1.00165877569263
"eps2[17,4]",-0.549340367489548,0.0267479975306887,0.825376625306431,-2.10078216760099,-1.10245459913228,-0.579161857084025,-0.0195151924166375,1.26484596932538,952.185978828324,1.00405370264112
"eps2[17,5]",-0.46867945714695,0.0130836431009986,0.809132783864311,-2.00846089920036,-1.01047469822095,-0.51121399969537,0.0582745740323779,1.18622223906668,3824.56651437074,1.00078108385321
"eps2[17,6]",-0.103252417981028,0.0120294802636784,1.00061525152631,-2.04778766524305,-0.768418535426858,-0.112782783044948,0.566438172103201,1.88877401807054,6918.95503865585,1.0002540925307
"eps2[17,7]",-0.890254029124404,0.0124552012627945,0.883044287494572,-2.5675543207458,-1.48855600150083,-0.914299136640672,-0.330943287433994,0.944856605642128,5026.47435844334,1.00054569112316
"eps2[17,8]",-0.222946243161259,0.0103573679248135,0.881634151300084,-1.97176575488196,-0.808546737180158,-0.237267405488075,0.359887032430671,1.54891229372943,7245.66084503946,1.00011268428976
"eps2[18,1]",-1.80186150259042,0.0269968006828558,0.812344671855318,-3.29921923221226,-2.34798613566382,-1.87045173972745,-1.30552189803889,-0.0300890210320184,905.432485556164,1.00256767892154
"eps2[18,2]",-1.53435310338841,0.0135767427783332,0.769842921373113,-2.99004784378607,-2.06289196415484,-1.54443511399484,-1.04983868805836,0.0358086741129387,3215.23752296757,1.00161689923948
"eps2[18,3]",-0.572029836253557,0.0146588046405606,0.841494772424705,-2.1541793839031,-1.15239314122518,-0.58062061899304,-0.0293806710295181,1.15731833505603,3295.38173890948,1.0019205716265
"eps2[18,4]",0.0278704900269594,0.0139215242659485,0.824895465300398,-1.54799251901439,-0.540303121794623,0.025852766198395,0.574942503592744,1.69313454181812,3510.94684891777,1.00154202291205
"eps2[18,5]",-0.834961071322479,0.0111399978485344,0.812328542441529,-2.38828607131654,-1.3741619538499,-0.855754343481995,-0.2913274194773,0.805867107899614,5317.32508202518,1.00026682044857
"eps2[18,6]",-0.808685572359159,0.0141939119099722,0.916686715810949,-2.5317655474365,-1.42990614885316,-0.836034447666523,-0.202709572131045,1.0469091291083,4170.97574579296,1.00059579665799
"eps2[18,7]",-0.344696212946827,0.0121741982836607,0.894957920238313,-2.09326169548181,-0.955868223829557,-0.348405438517058,0.244673430282168,1.42338522852306,5404.1138497188,1.00043490042367
"eps2[18,8]",-0.562036828625987,0.0169508699589924,0.917325233387537,-2.30065549475168,-1.2037213171273,-0.570032343533519,0.0565484474257389,1.28657695621751,2928.61778766236,1.00096254801313
"eps2[19,1]",-0.148317539630529,0.0106535728323119,0.688785477414221,-1.55059711235046,-0.583088923000777,-0.139908248647795,0.308340095448113,1.18502313093346,4180.01081058515,1.00163353112974
"eps2[19,2]",0.00671706515919979,0.00981268962003569,0.723990254679224,-1.47563661823088,-0.448009898486527,-0.000241764304879467,0.479832000514844,1.4192369746801,5443.63899599504,1.00059671335947
"eps2[19,3]",0.330391020498468,0.0164249515028929,0.847355523698438,-1.45910639987893,-0.212975627301537,0.367635524891968,0.903965228301669,1.92863380374131,2661.47957667037,1.00200812449612
"eps2[19,4]",1.90193590940597,0.0253165179736681,0.904150237542816,0.018386271633527,1.34309586821371,1.94372063244954,2.50337662497654,3.57899560198981,1275.47883384777,1.00391279291066
"eps2[19,5]",0.909105418969367,0.0173791543908317,0.897193174930933,-0.912155575171126,0.321051526541226,0.929078034455002,1.52354084207914,2.56520838423668,2665.1069365464,1.00125508109774
"eps2[19,6]",0.0282430857782715,0.0134033722961027,0.896559871378599,-1.73536175073762,-0.570017341674759,0.0205068592993083,0.627628583233182,1.7818247984135,4474.35492821755,1.00068713655079
"eps2[19,7]",0.87439328404704,0.0110243256220981,0.902661694083077,-0.943565285141724,0.271678337157253,0.888472417993643,1.48689239479144,2.59742715518206,6704.18455157852,1.00022159496123
"eps2[19,8]",-0.122468578971026,0.00961986645828031,0.913235108658499,-1.92532827451255,-0.722672623656841,-0.105398159629477,0.482612364610545,1.65421832408151,9012.12303238436,0.999726276899322
"eps2[20,1]",0.479887189695408,0.00846150685954077,0.625414160794452,-0.792501024047618,0.0910105611950919,0.49683674951094,0.894694318610354,1.67737012424973,5463.11067939158,1.00026974887878
"eps2[20,2]",-0.155329271844276,0.0137832179761791,0.656942902748206,-1.42454460858296,-0.594632471012841,-0.159962856621097,0.280362515391144,1.14110286859167,2271.71581478517,1.00117517474312
"eps2[20,3]",0.174697076034591,0.0097244550127653,0.732831468378009,-1.34268716777535,-0.285360510961647,0.186287015744193,0.66618518493072,1.56338273990448,5679.07595189722,1.00000135208014
"eps2[20,4]",0.0932557285034925,0.0158377563098891,0.811199634778371,-1.43641311580647,-0.464182632107992,0.0692525172749201,0.627725786196297,1.7417660648064,2623.42214511518,1.00143976733958
"eps2[20,5]",-0.0448973189874161,0.0100499042533499,0.768460023232257,-1.54152213125243,-0.558416551920133,-0.0572011026103395,0.456416886249384,1.50542091067281,5846.8063609929,1.00046552716372
"eps2[20,6]",0.121710274047562,0.0163907705964066,0.849413054404407,-1.59705569865655,-0.438734843095195,0.119118405448921,0.69681369379467,1.75410159958663,2685.58633567485,1.00170874132184
"eps2[20,7]",0.590620421858242,0.0155111197218461,0.855085040455915,-1.16101891253931,0.0207998340052272,0.610710710648625,1.17255965034486,2.17847666057359,3039.01131682305,1.00163794722704
"eps2[20,8]",-0.548595609862365,0.0209277314880294,0.91471762871625,-2.24496599106681,-1.18404531026691,-0.577358258412327,0.0478878847224806,1.25022010135788,1910.4241041819,1.00338365930486
"eps2[21,1]",0.211640882721154,0.00891371289503298,0.649019466997829,-1.08218225292714,-0.202806486948399,0.222894994667355,0.629664414053662,1.46121795457387,5301.49264958233,1.0002927289771
"eps2[21,2]",0.450552021360813,0.00923961459709204,0.690444578769704,-0.977735978777577,0.00905245762934438,0.478728793211172,0.897833291954288,1.77662388373031,5584.05819041173,1.00000276811408
"eps2[21,3]",-1.3213470239027,0.0156554215963649,0.799849428817624,-2.86843178466303,-1.86285892075495,-1.34302619892501,-0.803634227858162,0.336650508027104,2610.27908102904,1.00253855303959
"eps2[21,4]",1.00851499429136,0.0110512359742183,0.804805981042857,-0.601157659781447,0.471569980295413,1.02720268166684,1.55612839488079,2.55405433702812,5303.47695081911,0.99991179778257
"eps2[21,5]",-0.373846179361094,0.0136279882259823,0.81889516122928,-1.9506013095059,-0.921202264821162,-0.378979842934599,0.174771429753021,1.23691770938207,3610.71417114696,1.00110140991259
"eps2[21,6]",-0.116708657071197,0.0257887732806684,0.874627808603287,-1.90771894015559,-0.684078265034857,-0.105756413236671,0.478326171665841,1.57102818089236,1150.23133547473,1.00320569012447
"eps2[21,7]",-0.189853505156031,0.0115876580127325,0.853762792841216,-1.82033386353498,-0.770888154758875,-0.193985846738749,0.363650689800907,1.50601593221783,5428.5408436477,0.999942530503748
"eps2[21,8]",0.229405902149426,0.0217659388681865,0.928362343901608,-1.74738468571267,-0.386540757930412,0.237004216209724,0.861504240182114,2.04616292621497,1819.19905835413,1.00204156875744
"eps2[22,1]",0.0343510309265288,0.0140618382046305,0.636678120512454,-1.23458750093493,-0.363591960858143,0.0487654626149955,0.426967808253724,1.2928008839902,2050.00848138017,1.00087576764686
"eps2[22,2]",0.40702102117927,0.00843037418892469,0.654409805077587,-0.923775608026008,-0.0173337038070214,0.403822255188113,0.831584330742307,1.69721657871139,6025.67761568332,1.00044006765198
"eps2[22,3]",-0.388472866021163,0.00875103672314027,0.719701333421994,-1.86997084618791,-0.841823997969777,-0.37636345654513,0.0942018547499268,0.995754434155751,6763.71970908595,0.999954791419911
"eps2[22,4]",0.0615835386309955,0.0176614825268323,0.779721234589621,-1.41238686683575,-0.469932360703968,0.0304549794353484,0.56409663680505,1.67481345854935,1949.05642262975,1.00172162076414
"eps2[22,5]",0.704147419144959,0.0192567326525556,0.813224579690001,-0.923184724229087,0.168893825961486,0.721609729554673,1.24303665034496,2.21368759554886,1783.4288647821,1.00165761333479
"eps2[22,6]",-0.21752811622513,0.0192991512590104,0.853983463145496,-1.86165409019604,-0.807682891372612,-0.253144283140202,0.332125488985507,1.50320557806168,1958.04424867951,1.00184564149095
"eps2[22,7]",0.142401587344161,0.0102720975792826,0.834774873665133,-1.53364658181697,-0.402163018713168,0.162548357312049,0.70681785341714,1.75712138894428,6604.20376505391,0.999948592467834
"eps2[22,8]",0.320978275012191,0.00952213632651896,0.884341039526798,-1.44871845367438,-0.269564083340324,0.33334174080483,0.900477252693215,2.06354771992284,8625.23168673829,1.00033309974393
"eps2[23,1]",-0.272908509425106,0.0108573156875684,0.653207424749622,-1.62318042394955,-0.707168896842605,-0.246345004335189,0.163237521517798,0.968921427091895,3619.57261659531,1.00090953973617
"eps2[23,2]",-0.352553458159754,0.00960465059046792,0.697108587924145,-1.68054871635054,-0.797513294006152,-0.377454158959243,0.0848090678780666,1.11218199560655,5267.90246711213,1.00052198960448
"eps2[23,3]",-0.221156104205933,0.0152756572801763,0.751291711419905,-1.72352241499073,-0.692383308532558,-0.220648997751585,0.283663114647834,1.23465037838725,2418.89703871956,1.00161554397023
"eps2[23,4]",0.50141060150663,0.0115748430915265,0.780930078499704,-1.04624140572756,-0.0100926439918844,0.495687913454559,1.01269830348062,2.01694336746195,4551.91429289729,1.00024306715836
"eps2[23,5]",0.218558247059532,0.0161725221983505,0.811109039259785,-1.33529956194178,-0.329117841278194,0.217687983062737,0.748114679104357,1.80056529579856,2515.37633582971,1.00169796322916
"eps2[23,6]",1.30493754916046,0.0206402456642306,0.917997176139122,-0.530868946032752,0.68063852906515,1.32352971706063,1.93705050348635,3.04256947893439,1978.1215144243,1.00099668121024
"eps2[23,7]",-0.118401469489956,0.0123074581808229,0.859804024051217,-1.78581557511486,-0.672085771780047,-0.125112181333903,0.444400580514289,1.6003206666119,4880.47631185038,1.00096296959894
"eps2[23,8]",0.336260508479248,0.0120793757662429,0.903626880022696,-1.46703516501252,-0.277805366816465,0.334705281119405,0.958383045388888,2.09841317205382,5596.1493902158,1.00065469134373
"eps2[24,1]",-1.01693758926054,0.00877530465331989,0.64772564860242,-2.23871635696248,-1.45049626744003,-1.04149488489401,-0.605588022714672,0.332939531564797,5448.25948268995,0.999907352310023
"eps2[24,2]",-0.350398257724361,0.00969310997144175,0.690692257127009,-1.67187016548252,-0.820848093691324,-0.381491604315072,0.0956372093123071,1.0756190104267,5077.41772715999,1.00111987046791
"eps2[24,3]",-0.0331885632208734,0.0113529289105157,0.726742777426337,-1.50197112002715,-0.507944845881592,-0.0282402310963448,0.463575367155201,1.35717566085119,4097.75144237401,1.00126449444253
"eps2[24,4]",-0.187300931903365,0.0218309831878704,0.788358847305538,-1.82490219999788,-0.704129007858854,-0.190417764972014,0.34430944913876,1.31997188200399,1304.07119254128,1.00203615987253
"eps2[24,5]",0.511425083697812,0.0193746194136966,0.797926070048642,-1.12597426503051,-0.0166303948530563,0.516235444389151,1.04850991690426,2.03891738548743,1696.1292708253,1.00294594030068
"eps2[24,6]",0.215946088619783,0.00923461063035225,0.832956385105993,-1.4240150105451,-0.345825160240039,0.230367512452931,0.757475414790128,1.86268605342903,8135.93267879367,1.00073625914558
"eps2[24,7]",0.155547318282272,0.0152147170801383,0.874607741628641,-1.55937440777502,-0.424993023552472,0.156569558609155,0.732479412404753,1.85298942599926,3304.44762229942,1.00028204637883
"eps2[24,8]",0.540173928148936,0.0139458518998212,0.921052892092651,-1.25759604413165,-0.0910540987175176,0.556248732739022,1.15878873441841,2.31108989179368,4361.93353244342,1.00063582131954
"eps2[25,1]",-0.334272069052343,0.00892006135436355,0.657789980862885,-1.6427385282539,-0.757575799926391,-0.337911432045116,0.0931825054090107,0.992480651019183,5437.99526786416,1.00012088366126
"eps2[25,2]",0.50848460353854,0.0130481444106484,0.913426655873008,-1.32684836812642,-0.0825843692883358,0.500232409876547,1.11603246250607,2.32581528115164,4900.60674090338,1.00022726419542
"eps2[25,3]",-0.00910676302463105,0.00844032915658005,0.748152215359178,-1.49363948973777,-0.496443471214802,-0.0147799075364064,0.472451764929897,1.46782491985709,7857.07982298828,0.999702763561742
"eps2[25,4]",-0.319668204402105,0.00903814189877457,0.775871697074453,-1.83691553861447,-0.84894083956132,-0.322194119202298,0.200582222105599,1.20500731416417,7369.21976456795,1.00028254829768
"eps2[25,5]",0.00373070038309968,0.017009463056957,0.96027265315394,-1.85986115737073,-0.656343703817803,-0.0140538581364849,0.664657179949835,1.84898050826821,3187.18970250123,1.00132989942931
"eps2[25,6]",0.484893491610131,0.0242937562141412,0.87786200721101,-1.24300067034048,-0.0771021602952302,0.47136662943336,1.06034521923034,2.28147209948121,1305.75942501348,1.00315891707988
"eps2[25,7]",-0.27700961340991,0.0208414191239529,0.978815735304346,-2.15975452794447,-0.945432199095534,-0.291636831756919,0.379927086392401,1.69850704065311,2205.70440223917,1.00150226500013
"eps2[25,8]",0.0980563984322918,0.010062668085822,0.95533181162191,-1.76362955426824,-0.560019205846805,0.0895272575170671,0.744004736256306,1.93793847410828,9013.26590175591,1.00046158023933
"eps_slope[1]",0.578991396373,0.055676298658576,1.57737247511622,-2.03740079855594,-0.268279179476173,0.413221860834043,1.25573042413767,4.6334310315298,802.652947330605,1.003316453373
"eps_slope[2]",-0.764430153476817,0.0225706559800255,1.22300608978635,-3.47859132314385,-1.29842291976335,-0.664642083855017,-0.0836312688692256,1.34340139730817,2936.08670452259,0.99980955380078
"eps_slope[3]",-0.414895341472092,0.0333109303090755,1.33194528283975,-3.26103432579078,-1.09980168563521,-0.355191517096911,0.327708768918935,1.96769530900433,1598.81879320768,1.00180526191506
"eps_slope[4]",0.721420486194976,0.0292905978198719,1.63020415529424,-1.97171991262398,-0.213753673732908,0.552717241191837,1.46146813690622,4.59110833858789,3097.61558132371,1.001336809431
"eps_slope[5]",0.02240856449298,0.0150544648242566,0.962162030548448,-1.85762678863433,-0.494355209312153,0.00118910044433671,0.516854584210769,2.02482340185426,4084.75286904047,1.00134849968068
"eps_slope[6]",0.207287362043843,0.0246178935271376,1.4439753984798,-2.50746665679794,-0.552333867791064,0.159332410271428,0.90782090981832,3.16314995076567,3440.47027588926,1.00016920001624
"eps_slope[7]",0.482223524556494,0.0204624361037081,1.11537997803334,-1.48049662178729,-0.122847939185936,0.427763846882062,1.02048176457386,2.79613747438787,2971.19404528127,1.00224271769923
"eps_slope[8]",-0.343984951736202,0.0193308049834515,1.05622925611307,-2.44237849593717,-0.900241246581412,-0.302933542900407,0.220323387713434,1.59140701254504,2985.49608716953,1.00026671556747
"slope_mu",0.0760719923068332,0.000670226442028459,0.0274192667629317,0.0246262691737099,0.0581120904697174,0.0756687216597298,0.0935954541656663,0.130706438386017,1673.66509226831,1.00296874210193
"sigma_slope",0.0331199021625815,0.000753633671072216,0.0268948642495045,0.00119772964880348,0.012809966446896,0.0270042617698008,0.0467507207139375,0.10119715804867,1273.55623262963,1.00567595863089
"log_N_0[1]",3.56934981172575,0.0596833698276145,1.37519036994638,0.0258417731167573,2.98202280794129,3.78316799759523,4.41694819928879,5.73914370468848,530.907636893406,1.00734010849334
"log_N_0[2]",8.03745178549401,0.0107508579825693,0.59426932243883,6.88449811527486,7.6442678904974,8.03284477271448,8.44399909413395,9.21747179929753,3055.48652830933,1.0011783565269
"log_N_0[3]",-1.43542303507614,0.0483122111124772,1.15817394802025,-3.55102631228134,-2.09630842581729,-1.51186307470359,-0.840681693414128,1.14620069788972,574.690151457125,1.0038892348845
"log_N_0[4]",1.85852443572731,0.0373453752768332,1.55742630376274,-2.01229028314074,1.17007761674033,2.13653106736057,2.86211471403166,4.26060997424773,1739.16727439403,1.00376216051341
"log_N_0[5]",7.2082620304961,0.00779009498905582,0.471171805604308,6.29336068126353,6.89108153933902,7.21548531426606,7.53281341427199,8.09927218272919,3658.24748847024,1.00077551453508
"log_N_0[6]",2.86654762589841,0.0380101723452969,1.37555403729258,-0.281182399914207,2.24307519400923,2.98453327166923,3.63233600410896,5.39020610125096,1309.65116688238,1.00221609838436
"log_N_0[7]",3.68285399887214,0.0063813481144229,0.343730429132383,2.99154332990521,3.4660897692403,3.68785470091654,3.91155412890691,4.32708619406805,2901.42324981295,1.00136912448744
"log_N_0[8]",7.23703154631051,0.00932304084154143,0.588581217541374,6.09611873087715,6.84527357106749,7.22529535460449,7.60994347011514,8.42161216540859,3985.63592322405,1.00133667771372
"mu_log_sigma_total",-0.372160540253615,0.00299488205608243,0.116507593562498,-0.601517537193786,-0.443817455373276,-0.372055954198262,-0.299652411216461,-0.135897940572717,1513.38357675202,1.00187445121276
"sd_log_sigma_total",0.215918506925171,0.00291627774002164,0.121503042493043,0.0193755110821259,0.131345407722158,0.204052699683292,0.28347762703286,0.493519585200654,1735.86737265353,1.00336794545613
"z_log_sigma_total[1]",0.399950076529821,0.0107424670341597,0.7463559441041,-1.09604619056456,-0.076457287800673,0.39921585954091,0.883417307752609,1.87978594252522,4827.0737331537,1.00045265313592
"z_log_sigma_total[2]",-0.480982936018259,0.0120481627369403,0.724668835215471,-1.92033997113937,-0.939987553355937,-0.481814737159354,-0.0301640775532936,0.98755096267825,3617.74139576123,1.00040404532682
"z_log_sigma_total[3]",-0.611200527193629,0.0136307007359548,0.820207091089784,-2.22102165997562,-1.15345072631925,-0.617733309147078,-0.0868370797390717,1.06629528068147,3620.85116487632,1.0001541445711
"z_log_sigma_total[4]",0.989571629391395,0.0125185902116618,0.761927986487596,-0.582230529927392,0.513114702474854,0.986248841828699,1.48120606724837,2.48537325078091,3704.39257803072,1.00153930592196
"z_log_sigma_total[5]",-0.272452848442349,0.0113895467748536,0.704178566257545,-1.67865463165029,-0.720378863063253,-0.283548687879273,0.173801665016648,1.15535122474369,3822.54598629202,1.00024390659244
"z_log_sigma_total[6]",0.358780794313823,0.0156327828079864,0.81635490253085,-1.24992939378431,-0.176816462919037,0.377839150680375,0.901809167782276,1.92808672070315,2727.00178474501,1.0006116309846
"z_log_sigma_total[7]",0.568669306449476,0.0115810985560132,0.699249143831344,-0.831465586677006,0.121156022130843,0.552780968971638,1.03220285194888,1.99418000371225,3645.56101695775,1.00024798696721
"z_log_sigma_total[8]",-0.722725195947684,0.0118388026318349,0.734637485799257,-2.16628898012881,-1.17549742851405,-0.728607645906814,-0.269595649678371,0.755326426635945,3850.61953044894,1.00094744272742
"mu_logit_prop_proc",0.769246298800977,0.0399989518465459,0.708754971846052,-0.594282764889165,0.292747213786563,0.773299232152861,1.23397960208621,2.153746493369,313.974960804207,1.01184182581215
"sd_logit_prop_proc",0.554578551439762,0.0146094050114161,0.377621751137002,0.0268329619661062,0.242110625027146,0.505838887257024,0.796207762312745,1.42397461491046,668.11149757756,1.00420188948288
"z_logit_prop_proc[1]",0.331464100339619,0.0188852433211636,0.984160864816008,-1.63646057692785,-0.331373051354756,0.344703220087093,0.995339451914638,2.20277654576127,2715.73264692988,1.00058146149364
"z_logit_prop_proc[2]",0.311804931690017,0.0164771662574209,0.976461779935693,-1.63051336383528,-0.36294797137712,0.321232048497516,0.994336238318812,2.15203279345733,3511.92676169478,1.00071611022755
"z_logit_prop_proc[3]",-0.150141817911258,0.0173657593074815,0.965443877302273,-2.01096253068238,-0.815526136281302,-0.156092863471533,0.513989983275266,1.74119455248507,3090.76873656312,1.00160868127121
"z_logit_prop_proc[4]",-0.442483489221213,0.0243001708731681,0.963238488747807,-2.24889234191479,-1.09899225402184,-0.450902345553597,0.192324007426039,1.49105880864998,1571.26342140054,1.00270969072806
"z_logit_prop_proc[5]",0.325640891992757,0.0308630369001037,0.952475248210219,-1.55143259045834,-0.303675849010674,0.326738820220108,0.956107621951813,2.24057279553375,952.42345254008,1.0041154523961
"z_logit_prop_proc[6]",-0.424524859750035,0.0198654143479079,0.998320188311876,-2.33231977916469,-1.12471426155505,-0.432084962695772,0.253971399370358,1.53080305295014,2525.48301171113,1.00186116170671
"z_logit_prop_proc[7]",-0.310916454045754,0.0155415694956176,0.957555916791666,-2.12864448676275,-0.978181968474198,-0.313194531923451,0.311479027641926,1.58439599631598,3796.10781733883,1.00005718497097
"z_logit_prop_proc[8]",0.551207991403084,0.0187928161518016,0.970700475576991,-1.38894116888749,-0.0672285363398586,0.554469355877511,1.23134066529218,2.4113437310195,2668.00570903365,1.00253604087773
"L[1,1]",1,NA,0,1,1,1,1,1,NA,NA
"L[1,2]",0,NA,0,0,0,0,0,0,NA,NA
"L[1,3]",0,NA,0,0,0,0,0,0,NA,NA
"L[1,4]",0,NA,0,0,0,0,0,0,NA,NA
"L[1,5]",0,NA,0,0,0,0,0,0,NA,NA
"L[1,6]",0,NA,0,0,0,0,0,0,NA,NA
"L[1,7]",0,NA,0,0,0,0,0,0,NA,NA
"L[1,8]",0,NA,0,0,0,0,0,0,NA,NA
"L[2,1]",0.33189256116773,0.006255768086123,0.230191503643936,-0.170873070449828,0.185454358703877,0.357880451161956,0.498416611316819,0.718915678975936,1353.99574401383,1.00204288353835
"L[2,2]",0.910829160629501,0.00190054064861576,0.085187852866209,0.695097292250931,0.866587302723972,0.933291107900887,0.980048985209462,0.999891497466752,2009.09752594676,1.00155947331482
"L[2,3]",0,NA,0,0,0,0,0,0,NA,NA
"L[2,4]",0,NA,0,0,0,0,0,0,NA,NA
"L[2,5]",0,NA,0,0,0,0,0,0,NA,NA
"L[2,6]",0,NA,0,0,0,0,0,0,NA,NA
"L[2,7]",0,NA,0,0,0,0,0,0,NA,NA
"L[2,8]",0,NA,0,0,0,0,0,0,NA,NA
"L[3,1]",0.116499827565384,0.00400823028253941,0.251157269204318,-0.384760656042373,-0.0583365631582462,0.125414720397439,0.297729880241603,0.574736662103333,3926.32436522731,1.00087772782764
"L[3,2]",0.0954408350655052,0.00467594062506503,0.28246819103387,-0.470485367924298,-0.102405432764807,0.107777809155488,0.301684404161146,0.61136437775488,3649.22903443912,1.00174372348327
"L[3,3]",0.90988681744665,0.0013045425775705,0.0810878796926897,0.697043675237912,0.872543990037053,0.932655624041004,0.970296880195708,0.997162660113845,3863.62860483473,1.00086560416527
"L[3,4]",0,NA,0,0,0,0,0,0,NA,NA
"L[3,5]",0,NA,0,0,0,0,0,0,NA,NA
"L[3,6]",0,NA,0,0,0,0,0,0,NA,NA
"L[3,7]",0,NA,0,0,0,0,0,0,NA,NA
"L[3,8]",0,NA,0,0,0,0,0,0,NA,NA
"L[4,1]",-0.103577529615595,0.00332143630166301,0.231832766488344,-0.54002357734102,-0.269286474024908,-0.109928211984794,0.0543538887663356,0.349630421936501,4871.89342700269,1.00077392957972
"L[4,2]",-0.00747289137756292,0.00378848418491584,0.260058603307462,-0.503112309895839,-0.189097054467995,-0.00959829618506507,0.174876319565446,0.490607146303447,4712.06740474748,1.00078611211741
"L[4,3]",-0.148782808921956,0.00350971827129976,0.259991141556503,-0.637626016836054,-0.333303552296404,-0.158318462632259,0.0300594949644517,0.373117161165945,5487.47542853824,1.00009712487995
"L[4,4]",0.876898111054341,0.00177951668207896,0.095821170113799,0.637315276076225,0.829753829392545,0.901734088041932,0.948766480187453,0.990288027404342,2899.47128808894,1.00043359618984
"L[4,5]",0,NA,0,0,0,0,0,0,NA,NA
"L[4,6]",0,NA,0,0,0,0,0,0,NA,NA
"L[4,7]",0,NA,0,0,0,0,0,0,NA,NA
"L[4,8]",0,NA,0,0,0,0,0,0,NA,NA
"L[5,1]",0.281844949841586,0.00522559230013311,0.233177838840357,-0.216257460533398,0.128485061818335,0.302777646811079,0.450486256463685,0.686991156801003,1991.14780507503,1.00092879356084
"L[5,2]",0.372996065483374,0.00428632431962749,0.229588280183399,-0.130797942262512,0.222888425286233,0.391818578962031,0.54143519005582,0.761982313337913,2868.99223609956,1.00035004939651
"L[5,3]",0.0728116901785465,0.00881370374143104,0.27444668215343,-0.486455853176819,-0.11540412870176,0.0800838905320025,0.271130720740535,0.562583608391618,969.614436691396,1.00413309010058
"L[5,4]",0.107390506492915,0.0045679081338791,0.236878440986494,-0.375809678667011,-0.0539163590892413,0.114173232665339,0.277054516459391,0.536368499886082,2689.15818687592,1.00169939709604
"L[5,5]",0.713140614430642,0.00240163928337869,0.132478331978318,0.431051179594042,0.626763925956504,0.722304435589902,0.812943818345512,0.934849098546079,3042.80516862486,1.00133463646463
"L[5,6]",0,NA,0,0,0,0,0,0,NA,NA
"L[5,7]",0,NA,0,0,0,0,0,0,NA,NA
"L[5,8]",0,NA,0,0,0,0,0,0,NA,NA
"L[6,1]",0.0678146495536883,0.00432808312086388,0.275140909891337,-0.493784681420246,-0.12627256322568,0.076739170617667,0.262312402958813,0.572938867546247,4041.28196467456,1.00035877273294
"L[6,2]",0.0794218938110153,0.00492778733265733,0.281883170083306,-0.47662575402245,-0.111728295482136,0.0859381806674066,0.285932605684529,0.593876156226474,3272.15886174098,1.00182364359432
"L[6,3]",0.0306054226397122,0.00640004637697146,0.286555148662654,-0.53353873462796,-0.165830720049504,0.0337384184908541,0.234532242281671,0.569029530543492,2004.70369087073,1.00206329723231
"L[6,4]",0.0557446408266282,0.00417885242553534,0.263266562241834,-0.475076063290913,-0.123458571449395,0.063275419824787,0.238754918526453,0.546521186571472,3968.96560990851,1.00042636193306
"L[6,5]",0.0935945643740436,0.00421773076975247,0.288427721445834,-0.468219612898066,-0.113541201869915,0.0987936817557888,0.298389640803995,0.637289395338691,4676.44994525981,1.00112049413641
"L[6,6]",0.754526445031201,0.00213085173793188,0.131360689844641,0.451460069146937,0.676579650782264,0.773596554798616,0.853947224605471,0.952218853608937,3800.35681878349,1.00073921403903
"L[6,7]",0,NA,0,0,0,0,0,0,NA,NA
"L[6,8]",0,NA,0,0,0,0,0,0,NA,NA
"L[7,1]",-0.00921970596820576,0.00374381766019142,0.236570166857945,-0.475235771135265,-0.168255446091868,-0.00923847607604766,0.153575590923996,0.446808655003551,3992.91968925283,1.00038263587297
"L[7,2]",0.00553220383980851,0.0045050227560587,0.249141387691688,-0.481081279778269,-0.164295491214505,0.00730433930671732,0.181905936047958,0.489953911769238,3058.42461313397,1.0014424154718
"L[7,3]",0.0242319749886487,0.00843906852879281,0.283152607765322,-0.542946173018675,-0.174090311422064,0.0314967405669036,0.223645481902787,0.564395283413976,1125.77630713341,1.00638821298372
"L[7,4]",0.265243754183247,0.00468550139147066,0.253560548045114,-0.27546476396777,0.0985692506376865,0.279653626523023,0.450212741357203,0.711309506027077,2928.54041062291,1.00093953270657
"L[7,5]",0.198409456719457,0.00625860815437432,0.275984683570295,-0.378641841537933,0.0121738033821834,0.219323591020214,0.398641175299923,0.674771950968069,1944.52905973817,1.00228165631099
"L[7,6]",0.0314715383427875,0.00623818821761417,0.283928442598836,-0.518479325074482,-0.169204051702591,0.0332124741863137,0.243127254282684,0.573777331138836,2071.57591148362,1.00240499786519
"L[7,7]",0.668754705127873,0.0024413794535458,0.148729191448993,0.344553382850909,0.574441832731036,0.683337870351846,0.778960213963499,0.915932986750981,3711.26412366244,0.999877340210866
"L[7,8]",0,NA,0,0,0,0,0,0,NA,NA
"L[8,1]",0.17888540855641,0.00422795922193311,0.224800739323837,-0.285077879048514,0.0269462683452071,0.191470883744252,0.339887582772697,0.594607863594775,2827.05260970471,1.00052785431107
"L[8,2]",0.438630112169803,0.00517983001783139,0.225870480707713,-0.062729638188084,0.300508169207058,0.465196197433269,0.604906865444511,0.800356711030664,1901.4632498772,1.00141126036727
"L[8,3]",-0.0496098041553702,0.00483832218779191,0.254036321482204,-0.534137269578042,-0.226771762462912,-0.0523326891072887,0.121954254063906,0.450456566175062,2756.77969158456,1.00116285490783
"L[8,4]",0.0313464061951202,0.00429440856699981,0.230415518773642,-0.42163615676999,-0.128072795392799,0.0304689375601465,0.202400662639521,0.477234409334044,2878.83471420891,1.00105700805746
"L[8,5]",0.321475187632577,0.00455003855816599,0.231754999056858,-0.167241082694526,0.170710446939827,0.332806139397197,0.495840022572402,0.714344011978517,2594.34702481788,1.00131062677126
"L[8,6]",0.102049558559548,0.00557622401232301,0.237190121356281,-0.362137075765095,-0.0597963880375975,0.105255572176733,0.26877409618376,0.550743440937329,1809.30911082601,1.00188487607509
"L[8,7]",-0.118471599009589,0.00565289398489049,0.234875986178063,-0.547148290180834,-0.288080432841906,-0.12625709757459,0.041428137765874,0.354633402245007,1726.37664358807,1.00468271054564
"L[8,8]",0.485155141761635,0.00457322164375625,0.157240970705565,0.172409325990137,0.377290171868938,0.485198325484627,0.596461199961543,0.78781019888536,1182.1890489259,1.00439729840898
"slope[1]",0.0996242418624544,0.00242620860750882,0.0559310574681869,0.0134242547821422,0.065466257191224,0.0901538600673191,0.122178434948492,0.247027041870037,531.434546273267,1.0073229403752
"slope[2]",0.0509037012363681,0.00058797577967176,0.0317827950691834,-0.015615596583478,0.030200110404149,0.0534945070422738,0.0729186619187035,0.107811896972613,2921.89968726629,1.00127425589808
"slope[3]",0.0608886966083467,0.00197700600403641,0.0472167209331222,-0.0466467876999515,0.037749133816846,0.0641554479659654,0.0878374019375536,0.145705756507199,570.394947690692,1.00364235466784
"slope[4]",0.106300814500698,0.001532041220329,0.0636838847330325,0.0140009657245368,0.0665599642655671,0.0918957333511987,0.131501224131021,0.268064959089648,1727.898368217,1.00363810306907
"slope[5]",0.0759490412821641,0.00051437137053896,0.027243509840914,0.0247574964126218,0.0578207604558083,0.0753107217338441,0.0935937828127212,0.129617724473052,2805.25625644363,1.00148309457143
"slope[6]",0.0850669353990787,0.00164873060146293,0.0551380624120091,-0.0136238891536538,0.0544354076818808,0.0797765747743419,0.1084353280566,0.223847538079361,1118.41659814998,1.0028551731795
"slope[7]",0.0914457262703268,0.000946235233688882,0.028842104645379,0.0405094764259473,0.0716470658076274,0.0898643399054883,0.108726592972547,0.156390681070428,929.08546522729,1.00392097722197
"slope[8]",0.0630641978993494,0.000563485553172926,0.0298856605359886,0.000767608099670514,0.0445044917735075,0.0647253951598738,0.0827138743748363,0.118644817039576,2812.93791147935,1.00230679361654
"eps[1,1]",0.0521484240201456,0.0215994815017936,0.964934022751899,-1.80639224207578,-0.617750769914759,0.036198390542809,0.733669032644192,1.90067314411824,1995.76125477641,1.0013895082984
"eps[1,2]",0.300015397622964,0.0179485934376975,0.87576971261872,-1.43761771188768,-0.299164458845387,0.296835498632544,0.87873213301266,2.04451977631466,2380.77855895018,1.00052396210513
"eps[1,3]",0.0787636908718007,0.0159722535279324,0.950511193523039,-1.71158597567285,-0.590954904853455,0.0663605548302574,0.723699832829085,1.95931749737307,3541.45788027723,1.00081619585931
"eps[1,4]",-0.352295871013838,0.010553952730529,0.929293907523967,-2.18895102184405,-0.976583981704045,-0.334552512587211,0.271031292006419,1.48255243046399,7753.10901252393,0.999985572136375
"eps[1,5]",-0.171742123833714,0.0179812141890098,0.88750318704563,-1.90666921492711,-0.760078128735935,-0.186526608449858,0.422253264135807,1.59527150433509,2436.13759512833,1.00202940015273
"eps[1,6]",-0.0759722843831085,0.0105462511769042,0.987964993457486,-2.03477671637552,-0.709908987712676,-0.0642046972272653,0.573866710740107,1.84078419622647,8775.80353085353,0.999738650653337
"eps[1,7]",-0.484346156079294,0.0130552461004344,0.854573322421023,-2.06414393491847,-1.07425857406635,-0.528712453160909,0.0802831267584298,1.29055994600203,4284.78008002557,1.00098398289704
"eps[1,8]",0.0051961117766448,0.0189587547122008,0.991105178331434,-1.89387745766822,-0.676209336717559,-0.00769091338698513,0.675711955329085,1.88180690118252,2732.87567501641,1.00127215680625
"eps[2,1]",0.113518414493712,0.0124197460767297,0.916162563808738,-1.7034854003497,-0.515119563880888,0.112348727122733,0.733282325112363,1.92484660847857,5441.51273506452,1.00035229438273
"eps[2,2]",0.411602215291286,0.0109008111320165,0.846494138058436,-1.24633456148484,-0.160907865762353,0.410418440481805,0.981417848550308,2.10219849731262,6030.18005275585,1.00033932283069
"eps[2,3]",0.184117173569593,0.0212275820839531,0.971757077708212,-1.74763964396833,-0.4841970464805,0.192201033616884,0.851655100899321,2.08277921925633,2095.62884258005,1.00311123988046
"eps[2,4]",0.0128338445001878,0.0101745657743279,0.92741411936026,-1.82213344483006,-0.601908619312383,0.0157467746937407,0.629324078638683,1.84492307429844,8308.36637988814,0.999797688931428
"eps[2,5]",0.378500985573919,0.0181955920498165,0.802723371555757,-1.22371872458104,-0.145847857951176,0.403196582561369,0.90297963372793,1.94469480823629,1946.25361860136,1.00368254083959
"eps[2,6]",-0.022291570926447,0.0151513915191953,0.959878739040416,-1.9311373091436,-0.66582451629819,-0.0332055018745633,0.625945503390357,1.80874548961964,4013.54099417034,1.0015011879325
"eps[2,7]",0.333338821014625,0.00892361718514286,0.828267675167652,-1.3074438273948,-0.212700384631821,0.330340807528426,0.894710001959876,1.94924850522139,8615.08491719811,1.00000900420808
"eps[2,8]",-0.0363078601148574,0.0113888704216416,0.950785052969963,-1.85673591574415,-0.702472466544342,-0.0399893633610439,0.593890375201741,1.84027846104522,6969.52833209872,1.00028674900394
"eps[3,1]",0.451275871871378,0.015628807632569,0.96666758337519,-1.5311341559048,-0.159543046458534,0.484877147874393,1.1065041755,2.28461979143361,3825.62695415147,1.00057775468713
"eps[3,2]",1.17025092193409,0.00933546862065773,0.713552946271241,-0.292582278518629,0.714198256753993,1.1874738751737,1.64505737153807,2.5177154167866,5842.25031135736,0.999999277702449
"eps[3,3]",0.213778151690179,0.025039352492938,1.03387655809599,-1.7840678215401,-0.481099883958194,0.215601275221855,0.898599021890305,2.28865559693846,1704.86968571835,1.00320864213929
"eps[3,4]",0.237235412079986,0.0137332881292531,1.00549125818423,-1.75378871183621,-0.44611122128683,0.251788672865431,0.919293726563412,2.16661236209405,5360.5275788279,1.00106335165811
"eps[3,5]",0.741073419475155,0.0129925211530876,0.844533779405218,-1.01621401256882,0.197100346637617,0.763850497368952,1.32228021407646,2.32379998048492,4225.19916146766,1.00065450440817
"eps[3,6]",-0.0270363664998524,0.0194840513900351,1.01826239743506,-2.00766125488603,-0.70866191516275,-0.0327387096080201,0.66267150644819,1.91316713769496,2731.24638807753,1.00196636167651
"eps[3,7]",0.819533399821275,0.0208829144917085,0.875177218248578,-1.05694706229159,0.244679864906756,0.852371315031269,1.40184541871887,2.49400413323043,1756.34483387997,1.00144043600365
"eps[3,8]",-0.0277466387660748,0.0111068199152616,0.940637018579566,-1.84498983767698,-0.693219478005262,-0.0232785070318733,0.600638066187857,1.8287140093509,7172.40280937098,1.00010130842619
"eps[4,1]",-0.167779283578183,0.0140991063890449,0.92297482550067,-1.94156533910597,-0.787597174545502,-0.175922211420176,0.461960603054617,1.63289312304631,4285.45102217468,1.00034470054061
"eps[4,2]",0.326252461217269,0.0147398709782547,0.68475280259771,-1.04066346593607,-0.119768677373717,0.334037804434347,0.790497786611878,1.65659037297809,2158.14327244,1.0025039117154
"eps[4,3]",0.0261403582920373,0.0161232047345329,1.0174343715525,-1.95188951622314,-0.68304085788164,0.0223506949195111,0.727365304056872,2.05314570968119,3982.08084362832,1.00080832243728
"eps[4,4]",0.0217827548490872,0.0159365025192849,0.985313042812713,-1.90991147931764,-0.651115637981685,0.0208367185555458,0.705990545687006,1.9333249618511,3822.63147949569,1.00108399161583
"eps[4,5]",-0.741141171025508,0.0118961231065373,0.799420834054745,-2.26025450381444,-1.28972328854092,-0.752470482863036,-0.215241127514885,0.859933032463254,4515.85537965442,0.999853763590658
"eps[4,6]",-0.00811011065340999,0.0181627106200195,1.00826572712801,-2.02468180156582,-0.684929508415238,-0.0189119983179357,0.679701673965147,1.93218441381418,3081.68811048615,1.00214069012694
"eps[4,7]",0.828618679631112,0.0168505869251372,0.873154114171134,-0.899096662538955,0.240914041567991,0.859237973040252,1.42775429886228,2.49939044669741,2685.04608697753,1.00121912152727
"eps[4,8]",-0.0096383451501161,0.0137485770694982,0.88658688304118,-1.76940889818699,-0.607738284584126,0.0021377922624777,0.588478872114171,1.71056151326658,4158.40800642529,1.00133412704998
"eps[5,1]",-0.331610547951726,0.0169405336240916,0.946186337013598,-2.17122672574196,-0.982224511001728,-0.33574913731352,0.318403257167984,1.55105949326471,3119.60187147762,1.00124058695083
"eps[5,2]",-0.344968347304313,0.013070189835525,0.70776512768899,-1.78653085257712,-0.806337019839956,-0.337550258307097,0.110429812295156,1.05124374030226,2932.34138996968,1.00077740227191
"eps[5,3]",0.051331582659319,0.0233869565446913,1.00506190525288,-1.87050133639833,-0.642204218435231,0.0537853548961097,0.721866241383816,2.03370376171659,1846.87799649804,1.0016621364571
"eps[5,4]",-0.580052679065735,0.0142510781636168,0.996755797995196,-2.51368399930969,-1.25684688463688,-0.596296721638549,0.0718343012962121,1.4177667669694,4891.95098518331,1.00065352642911
"eps[5,5]",-0.913877101307753,0.0151067690341555,0.8135780340906,-2.47685643855033,-1.45620796090551,-0.910950538094431,-0.371606729411289,0.696542711554706,2900.38232749066,1.00102103919619
"eps[5,6]",-0.154548790886322,0.0132518625178064,1.0027708670184,-2.09257830029285,-0.830890644273474,-0.168954534187092,0.542514642375777,1.78909593989432,5725.97665469787,1.00101288121207
"eps[5,7]",-0.772223985494785,0.0150729980500006,0.911664069653988,-2.51727207450428,-1.3871328408506,-0.799552469335477,-0.157708988883409,1.07525880745928,3658.22481740214,1.00068649326628
"eps[5,8]",-0.170393567253606,0.0181191436236363,0.881190863014477,-1.8558444140631,-0.767334276006041,-0.18922316901246,0.400947937931073,1.60537036321242,2365.18238402297,1.00170677455217
"eps[6,1]",-0.756506234492649,0.0133590876524899,0.954665178206294,-2.59423539311991,-1.41159982197586,-0.762839723181101,-0.147829546285291,1.16439809721512,5106.79664998403,1.00047271542848
"eps[6,2]",-1.41830407495559,0.00964209870270719,0.711659275373096,-2.74902885709499,-1.87252600686128,-1.45576757212583,-0.97694738360938,0.0607720091090039,5447.54821016798,1.00012061243263
"eps[6,3]",0.128609253455891,0.0126366217645191,0.955698689806008,-1.73992056834939,-0.51710286073675,0.130150114064858,0.78360584307551,2.0004307916186,5719.78900025997,1.0004263014222
"eps[6,4]",-0.0710834014687832,0.011782045874734,0.973493703596917,-1.99625794096302,-0.71862175605506,-0.0854214757979373,0.580884895010442,1.83140922248895,6826.92096512162,0.999916804379171
"eps[6,5]",-0.654354445783816,0.0102456653099143,0.799361604658993,-2.22160012252396,-1.18272825397928,-0.679726204954544,-0.125445841773821,0.932424454598236,6087.04116205424,1.00035490428422
"eps[6,6]",-0.121983469876217,0.0160097724309553,0.985115081869817,-2.09050213314854,-0.767575404718448,-0.127568352208106,0.54090092776182,1.78342345872636,3786.20058851946,1.00031634470274
"eps[6,7]",0.559560014663746,0.02158450655186,0.908827247630942,-1.2650218861669,-0.0533306781352636,0.565904834724033,1.18975925500787,2.25213266468365,1772.87627877156,1.00258417484098
"eps[6,8]",-0.434407999976987,0.0114853633742594,0.913568964391403,-2.21662378650156,-1.0704563464936,-0.43349585433932,0.18799456801974,1.36426962133781,6326.93240782849,0.99990477408597
"eps[7,1]",-0.0292856604774878,0.0106194314837904,0.886621481739552,-1.84988525886974,-0.606663966102501,-0.0101111272076294,0.553707598549846,1.69860850246043,6970.6610341744,1.00029223457031
"eps[7,2]",0.123996810218867,0.0139415783666177,0.696063349531042,-1.33260036440376,-0.320078345392737,0.15489067926345,0.598379107884696,1.4316574233681,2492.72084561694,1.00025251410799
"eps[7,3]",0.172597640789846,0.0130971547308553,0.912187126580474,-1.57531586959745,-0.467768652207463,0.16274527823489,0.797447516851914,1.96731178415121,4850.80661447059,1.00037609829852
"eps[7,4]",-0.0755377975968531,0.0106732185329606,0.888436299215257,-1.82278026893483,-0.677204425958785,-0.0599385469846865,0.531058044119948,1.65782257382204,6928.85998616213,1.00051686107079
"eps[7,5]",-0.00224660653990641,0.012087509769681,0.76727634803029,-1.53806547206634,-0.508795280511879,0.0244813038331146,0.52825859598085,1.43669970189714,4029.30317073838,1.00071506900661
"eps[7,6]",-0.0906971971437091,0.0103891852956283,0.934622812838109,-1.92595847103836,-0.720374634763045,-0.0867100538237587,0.55857069948564,1.75488241564884,8093.00428506553,0.999776364291374
"eps[7,7]",0.170934565300129,0.010092747885948,0.835689474483459,-1.50393132948038,-0.362247706100049,0.167433900249651,0.713873645057714,1.82905665788606,6856.0032510286,0.999826431103529
"eps[7,8]",-0.2313393999674,0.0101100157890806,0.859136881834921,-1.90714215723146,-0.807025878845469,-0.230794800872556,0.344673095463035,1.46299089517655,7221.39429929995,1.00071158244973
"eps[8,1]",-0.556759596983349,0.0153496615390835,0.922272206090495,-2.2727775416683,-1.20183750165714,-0.601047312277823,0.0487763364142015,1.33122030661725,3610.11165521819,1.00031724718714
"eps[8,2]",-0.745772338179686,0.0108022429699042,0.680844869077503,-2.06894644415584,-1.20106086200882,-0.750913863366654,-0.313492114992618,0.637197458933356,3972.54161070029,1.00066714380566
"eps[8,3]",0.0487728418072732,0.0124835284417778,0.952108235625547,-1.84667928918147,-0.591527839737598,0.0390646920269002,0.694369072730622,1.90073530238591,5816.98485917756,1.00046412790891
"eps[8,4]",-0.312506708099365,0.010760377592244,0.918899372211553,-2.12185802353499,-0.91144619145338,-0.324573482371037,0.286549748811158,1.52074253142345,7292.57470630085,0.999752403475618
"eps[8,5]",-0.829935161285393,0.0101356899325637,0.777852376899628,-2.29800962549805,-1.36413519757341,-0.83502301183041,-0.324830644928893,0.779253705732018,5889.6262217966,0.999679007553839
"eps[8,6]",-0.0658565100748471,0.0163055118656475,0.956035405991757,-1.92612063394279,-0.713957097955823,-0.0742366768149987,0.585326249566421,1.78500480898745,3437.78790278554,1.00211992687129
"eps[8,7]",-0.115439688070463,0.00990339172145894,0.829857145261941,-1.78644144393165,-0.671284032853233,-0.118891408285506,0.440088406957545,1.51695826391727,7021.64324759633,1.00006870558852
"eps[8,8]",-0.0141025996625608,0.0101162440776438,0.866354156420876,-1.72655796210705,-0.581412694701705,-0.0153153665165449,0.549504027573605,1.6901513806082,7334.19289928262,1.00031769328716
"eps[9,1]",-0.28642558187319,0.0100173488373643,0.907221891434877,-2.03117555132718,-0.895955895535455,-0.296233157896197,0.318726713784452,1.54637459064328,8202.03177327625,1.00010486735632
"eps[9,2]",-0.485835586465291,0.00821630986714555,0.6747020326788,-1.81150935243626,-0.913610357564524,-0.491642025680647,-0.0652230771836917,0.898299735838961,6743.26795832894,0.999904950574485
"eps[9,3]",0.065330452543982,0.010092197886902,0.92606715259104,-1.77698366358502,-0.542608780376308,0.064876821218369,0.670031020174571,1.9165481567009,8420.02624543271,0.999889645171452
"eps[9,4]",-0.27548641456692,0.0110821437700964,0.928362475016527,-2.08330876661597,-0.894397476526651,-0.295390091001714,0.33804857167949,1.57160506943661,7017.58360450937,0.999638919724269
"eps[9,5]",0.0244015731066425,0.00935133958511916,0.766503295817415,-1.48359788802612,-0.492695643057549,0.0352223347147992,0.549906526890178,1.5177027732208,6718.62492223492,1.00064710995961
"eps[9,6]",-0.0429911423502366,0.0344065598254755,0.997852654508432,-2.05744810922088,-0.696228151964965,-0.00822056628700286,0.661885045968938,1.79560076421493,841.10522552379,1.00319351940156
"eps[9,7]",-0.451978866328764,0.0129091850383791,0.83760266530947,-2.06594802288031,-1.02345027318893,-0.453580692158204,0.132280472783061,1.17544627793994,4209.96465139233,1.00154830495862
"eps[9,8]",0.223719089566438,0.0100345035180659,0.864800347259544,-1.44961671794577,-0.363172302243462,0.204704052045192,0.798570780715918,1.94040363400914,7427.45332888484,1.00026679393757
"eps[10,1]",-0.00198506565670435,0.0149274540415158,0.882634510302727,-1.7194633777492,-0.59208665437415,0.00049505885638685,0.594736608153624,1.70759434208614,3496.1521335469,0.999947699953281
"eps[10,2]",0.207255899204579,0.00978334343437256,0.657793396009729,-1.06865915213211,-0.219480254609152,0.192242664521528,0.626974977461539,1.55894978721097,4520.68680018909,1.00001540912066
"eps[10,3]",0.0169707739855737,0.0262916458871381,0.957709576220191,-2.01850939194531,-0.599890848737749,0.00589031430153002,0.675554469986123,1.86838481463394,1326.88141569015,1.00374130354041
"eps[10,4]",-0.11226920217202,0.0111040496260321,0.906109546266368,-1.87951628394315,-0.706616486911803,-0.117712246160705,0.500950017072405,1.67603372356556,6658.84067487036,1.00105391133374
"eps[10,5]",0.274396684053562,0.0118222330095892,0.75059487170885,-1.19339808014284,-0.224957938746901,0.276230828363176,0.768898618509373,1.74503641995774,4030.99404079255,1.00212577995325
"eps[10,6]",0.0418787656481689,0.0178879090151878,0.963502660626841,-1.84330008492519,-0.607291375086417,0.0516985069960633,0.718255213408768,1.8602626274454,2901.260211695,1.00190867470988
"eps[10,7]",-0.105323959665635,0.0129825927734806,0.834600013402492,-1.83902038016953,-0.645065794574584,-0.0819517222752723,0.468260559121229,1.46493506025994,4132.70023783548,1.00034355704548
"eps[10,8]",0.48269301458663,0.0130446709177131,0.874874537535379,-1.28155014340804,-0.0912893877888929,0.507843749727366,1.06998381850545,2.1495504895784,4498.06056662378,1.00059215136202
"eps[11,1]",0.508498422968707,0.0149702868394488,0.95361371963388,-1.44461817197262,-0.111676010248902,0.541748685127634,1.15706784766905,2.29584439198515,4057.74487356496,1.00062464841757
"eps[11,2]",1.01357090828849,0.0104096408654113,0.694185950609029,-0.379883157816693,0.559166301626236,1.02766365812369,1.47343300113645,2.36856484489893,4447.13329360767,1.00241792730027
"eps[11,3]",0.210729242964528,0.0201838434965697,1.01802990411558,-1.75831648022633,-0.490662108159498,0.207653717924862,0.910008412382431,2.15615539077625,2543.97787917998,1.00171067836376
"eps[11,4]",-0.0534050650915886,0.0250629534312134,1.0107412543131,-2.01258828761445,-0.73959948413961,-0.075186830311062,0.619493594811222,2.03058186206976,1626.35552746143,1.00211570805028
"eps[11,5]",1.06025938049742,0.0104959988235097,0.785649769282712,-0.518330260389259,0.531921610182734,1.0724693983736,1.59547056054305,2.54265352927027,5602.86847758357,0.999833061166563
"eps[11,6]",-0.0334420736586275,0.0190676421549828,0.964039859732743,-1.85251216561487,-0.697793793590212,-0.0442621732742831,0.632520606795369,1.814239740009,2556.20685979618,1.00090512682032
"eps[11,7]",-0.283866502717767,0.00917866057296073,0.839947103951194,-1.90781374493593,-0.837100095605976,-0.28228750152331,0.269915802088602,1.39025176220958,8374.2371244942,1.00058482716595
"eps[11,8]",0.241142674456948,0.0113802450549124,0.885773359933077,-1.49823539518244,-0.340106254043866,0.224473236306021,0.846971915672498,1.96246608171826,6058.17760340057,1.00046259070307
"eps[12,1]",0.176563824098644,0.0110630856308555,0.896299132519005,-1.66104692376534,-0.41627123008714,0.18584750091375,0.768649778276509,1.92171483181173,6563.77075099804,0.999652341655993
"eps[12,2]",0.669458171512353,0.00888317168447601,0.667880037479064,-0.693019025947069,0.243664632757116,0.680482580273149,1.11566208219505,1.95847470729703,5652.7634783505,1.00013416593891
"eps[12,3]",0.0488885426739228,0.0116813576004965,0.954509108087606,-1.83181353679684,-0.583964271631264,0.0394652006202034,0.685409124872062,1.94775245673659,6676.87914588499,1.0000558383607
"eps[12,4]",-0.334102548954742,0.0143527692600797,0.952382982829618,-2.16683112188457,-1.00046934512331,-0.326399946878222,0.323112830945799,1.56866140407986,4403.03205853351,1.00118008620709
"eps[12,5]",0.180490981264362,0.0119895978177992,0.780627306855017,-1.35616853744673,-0.350246396909432,0.174358660425971,0.705221237457101,1.74267659241971,4239.14476429523,1.00067940045017
"eps[12,6]",0.00694050722676854,0.0117778485606513,0.973272048629004,-1.86704904512295,-0.646688479616441,-0.0137026486188387,0.670780317151375,1.9129632161124,6828.67699279296,1.00035476828473
"eps[12,7]",-0.63452167552391,0.0125020275550814,0.855458877648698,-2.26199908700652,-1.21908899090591,-0.660082624853691,-0.0773558056163385,1.09482307767367,4682.06427852555,1.00096396560253
"eps[12,8]",0.364742319087826,0.0159262901804656,0.87084226459338,-1.41127242723925,-0.207136050954051,0.38370963442481,0.935248559690577,2.00281394517428,2989.85239412482,1.00098290814873
"eps[13,1]",-0.455734638281299,0.0159754423300652,0.901532277652318,-2.16966660111544,-1.06806731346069,-0.460057316752561,0.149827670996128,1.3219449688466,3184.61383330933,1.00013980479696
"eps[13,2]",-0.489176291277553,0.0086768962117492,0.661071721236934,-1.78738679713888,-0.930486022939519,-0.488504796743885,-0.0763688729436155,0.860536895909345,5804.54729274085,1.00008789072463
"eps[13,3]",0.147276073782691,0.012344295546295,0.894266026486381,-1.63095214266862,-0.449756908514705,0.16058412193212,0.748123325986869,1.86169032425691,5248.08477785436,1.00011091006757
"eps[13,4]",-0.17773754578108,0.0110009870503054,0.920493627418449,-1.9715049945991,-0.783152195579987,-0.200752906284955,0.431296104009684,1.66096130075964,7001.29320221309,1.00001671410133
"eps[13,5]",-0.448714975337969,0.0134892759890662,0.774238537321286,-1.91364303131865,-0.973725843350591,-0.457870787918696,0.060227063182076,1.11014486460731,3294.36934339413,1.00055816912599
"eps[13,6]",-0.131217512104578,0.0103971854703102,0.930428989642641,-1.9459940801234,-0.752683469154713,-0.122503989515183,0.487274319989479,1.71470421211864,8008.19951079681,1.00034573088793
"eps[13,7]",0.14600560815539,0.00959702355291734,0.820887781175336,-1.50579653013467,-0.380997486909903,0.156206494574155,0.672943619270814,1.75273325676313,7316.34980082117,0.999986980025229
"eps[13,8]",-0.37534214781588,0.01216143887639,0.861771289552266,-2.03823979807035,-0.939497772385894,-0.390851795762285,0.195211387725306,1.36269319997446,5021.27630226333,1.00097297095246
"eps[14,1]",0.354776336252473,0.00798821531500346,0.63535202437368,-0.901266046857689,-0.0460886897235082,0.349919837418145,0.745817427876547,1.66381895680731,6326.00180225978,0.99984017027069
"eps[14,2]",-0.899039307323771,0.0114845074024429,0.642618434334838,-2.14422700231643,-1.32188711091807,-0.91001113997877,-0.494073745709386,0.371487698157301,3130.98952999733,1.00125847218524
"eps[14,3]",-0.0132942993873652,0.00940657394681498,0.74197445517944,-1.45508958621516,-0.495662104018464,-0.00272311982859107,0.448775970189297,1.44826187185295,6221.78442362301,1.00059468456395
"eps[14,4]",0.31035888040356,0.012840675990324,0.79667250730521,-1.30513138525297,-0.223429676211819,0.328721686409567,0.8553085722488,1.809660506569,3849.31884001378,1.00013593044001
"eps[14,5]",-0.188503519622941,0.0105409482677833,0.779557966790226,-1.71992453032546,-0.723137438541913,-0.200121866583464,0.329025469726506,1.34083909947228,5469.37202037528,1.00051208995783
"eps[14,6]",-0.132078854829027,0.0114796482511704,0.951643511991928,-1.99412341362279,-0.779275274767732,-0.123764279592791,0.527191197994605,1.72436242738052,6872.13084903835,1.00039344773086
"eps[14,7]",0.502291206395729,0.0141505942114284,0.860689849614391,-1.27997586400096,-0.0434857270944519,0.527614798791842,1.08347627062368,2.11407415104312,3699.50831855827,1.00128698139659
"eps[14,8]",-0.473850257346272,0.00989280853540602,0.863889448001679,-2.15772624404156,-1.07138692009045,-0.478462344195713,0.0895857400673643,1.24077638992961,7625.65461248266,0.999800968473081
"eps[15,1]",1.38365446476853,0.00796632042309914,0.629555564315318,0.083934971428069,0.978849508320872,1.40135464908111,1.79241396710316,2.60499793699203,6245.28974848503,1.000156849561
"eps[15,2]",-0.415282528438181,0.0157915754301028,0.708441872057841,-1.82468060310977,-0.891149598264771,-0.423922288907054,0.0459192660712863,1.02522813241601,2012.60026621897,1.00073343835829
"eps[15,3]",-0.00419643205555036,0.0117269484934326,0.749359537899199,-1.49293398148541,-0.493327700966312,-0.0173069991193418,0.501680152309252,1.47698055981427,4083.29205311161,1.00118609321768
"eps[15,4]",-0.902573425183185,0.011173166226851,0.800436676822945,-2.46441793719856,-1.44268603279812,-0.917882293190559,-0.379363525900139,0.713572304315354,5132.1748081954,1.00002849287137
"eps[15,5]",0.225750637106112,0.00949487393658256,0.774169318374196,-1.30642501449959,-0.271555913440373,0.217059797556842,0.744608166391722,1.75988251936672,6648.03818133719,1.00044905524436
"eps[15,6]",-0.0648354723643546,0.0134968401356423,0.937985788942581,-1.91300061867075,-0.690343299601297,-0.0733770122720905,0.565459132461522,1.79475986147286,4829.79068360382,1.00075652166487
"eps[15,7]",-0.120785193281518,0.0111223957122811,0.84464549280935,-1.77029060368377,-0.686758986176962,-0.13568344111517,0.443750764652754,1.5836573438115,5767.03056533125,1.00024291866887
"eps[15,8]",-0.125876982217556,0.0229734788820133,0.907399803887462,-2.02387087950039,-0.714998239170301,-0.124610268277727,0.464739881549393,1.63988863138074,1560.06908601014,1.00134057230979
"eps[16,1]",1.47330439821496,0.00769114933574955,0.629285342479355,0.184537143008095,1.08087345696182,1.48091861055989,1.86959720220934,2.73814395335758,6694.41673797706,1.00012919100383
"eps[16,2]",0.925180780438297,0.00977631210459811,0.688713599423898,-0.467679725474615,0.482131495373325,0.940057045884777,1.3833197311781,2.23773083594023,4962.80489403967,1.00051818386762
"eps[16,3]",-0.0922546854953931,0.0140781239676363,0.773629716359234,-1.57113577046653,-0.601992104208537,-0.115201269494481,0.410383975700573,1.50045772735684,3019.78981760928,1.00064995046451
"eps[16,4]",0.185929305188377,0.0152653519484424,0.790838539580714,-1.43127756069938,-0.332190733332071,0.220998247788717,0.734825599175574,1.63495129401564,2683.87328684867,1.00167865493405
"eps[16,5]",0.476146412330653,0.0100367781291682,0.790753438169836,-1.10059205042576,-0.030546760156646,0.48503307643392,1.01038609604276,2.01312900307827,6207.16843123654,0.999743274209921
"eps[16,6]",0.0398835676889241,0.0138639944068087,0.977039127401884,-1.83387932648091,-0.602709028740186,0.0371528624619154,0.688632168349514,1.96914402705221,4966.46253237318,0.999921142506428
"eps[16,7]",-0.289668685223785,0.0099836690013957,0.839638345420336,-1.96162839184061,-0.833766300465527,-0.288016040296071,0.266157083530042,1.37005148839712,7073.00850558772,1.00050712955313
"eps[16,8]",0.425862717305865,0.0226155889015273,0.907770459595584,-1.51178553067058,-0.153094826772601,0.432103284930632,1.03300253073396,2.1913879982886,1611.15116514274,1.00197324302146
"eps[17,1]",0.884705075165924,0.00856272581032975,0.613349576145421,-0.366126142587548,0.498466940333061,0.904271276932812,1.30026613500534,2.09338697099169,5130.8824368901,1.00059405275794
"eps[17,2]",0.668644677840441,0.0180104270672146,0.698458167663046,-0.828287727611664,0.231046885210792,0.712215947575182,1.14128766034813,1.99609420207908,1503.94785465172,1.0034187501066
"eps[17,3]",0.745689564216454,0.0168520670115155,0.768119500793329,-0.773922773917359,0.249036694025093,0.765642658003514,1.27513606920604,2.17904527229172,2077.54876817447,1.00170045083809
"eps[17,4]",-0.555934956000379,0.0260856707260272,0.803646674702986,-2.06827420774603,-1.09209968945423,-0.577764472978915,-0.053050156267914,1.21857670249222,949.131283722677,1.00418666677312
"eps[17,5]",-0.472578102825579,0.0138478837612707,0.787958677565856,-1.95772801814691,-0.98484170278893,-0.522972092488406,0.0411053692445748,1.15664765770078,3237.72580344738,1.00114590888985
"eps[17,6]",-0.106274330246897,0.0118679503601088,0.984341611629369,-2.04182710167869,-0.77696966866592,-0.111677268062376,0.54183285040861,1.86221246075067,6879.23660834838,1.00027474822184
"eps[17,7]",-0.895240180680034,0.0128281156539121,0.863707595103622,-2.52942715340216,-1.50244829838708,-0.912981505638017,-0.332939442085688,0.867021510113833,4533.229891752,1.00102191747728
"eps[17,8]",-0.213299340951314,0.0140638644141483,0.863732808953268,-1.90547093748687,-0.794234987492626,-0.221170000873099,0.348327953869869,1.47502551381419,3771.80725526663,1.00038866289603
"eps[18,1]",-1.79735406708342,0.0253541342305786,0.782239051984916,-3.22444531898012,-2.32467820896589,-1.86786840774308,-1.33646353632388,-0.0876585592870219,951.878278876796,1.0023056115229
"eps[18,2]",-1.53410190210657,0.0134837180553841,0.745297807146052,-2.93176566710969,-2.04550838537469,-1.55402316831646,-1.06119592352536,0.00830357017481178,3055.20503557998,1.00203747189274
"eps[18,3]",-0.57065944453718,0.0143607954454016,0.814156402384938,-2.0949402636399,-1.1294427275049,-0.594969695871634,-0.0462654077728503,1.1041735167666,3214.09487674852,1.00196813467519
"eps[18,4]",0.0212759015161289,0.0150390898480521,0.797915689268965,-1.48305909196639,-0.526254571920815,0.019691236081068,0.531579071350203,1.63083414047338,2814.95140095131,1.00185862085751
"eps[18,5]",-0.838859717001108,0.0107534161334694,0.795464283158706,-2.36162423475625,-1.36388980978098,-0.857234308886873,-0.308173919706944,0.765184175745028,5472.02992713306,1.0002854023853
"eps[18,6]",-0.811707484625028,0.014365270265527,0.890902506329565,-2.51205959189269,-1.42188539726833,-0.831263971674637,-0.207899297501766,0.989505944501094,3846.2079317765,1.00065367865605
"eps[18,7]",-0.349682364502457,0.0115176558875328,0.871804358406841,-2.07730709012371,-0.945518051012339,-0.353063624902409,0.229229119703944,1.36116447821291,5729.40963046289,1.0003196536689
"eps[18,8]",-0.552389926416043,0.0118486993852968,0.88405234189534,-2.25022700264663,-1.15952663965697,-0.568132134415451,0.0477681280295878,1.21632501590108,5566.91507093515,1.00050047013268
"eps[19,1]",-0.143810104123535,0.009970210945185,0.653724582547563,-1.52520490479067,-0.537030559442046,-0.133400782575071,0.274613044429158,1.12004425589827,4299.13357341871,1.00129348584962
"eps[19,2]",0.0069682664410416,0.00956767858389802,0.696200216930743,-1.40878152413981,-0.432999461357132,0.00692314310079332,0.455052041529587,1.39729418826506,5294.86819985695,1.00044641885392
"eps[19,3]",0.331761412214844,0.0161775831192586,0.82216127054953,-1.40992301199981,-0.195804987446755,0.373231362510038,0.897481055731467,1.8455388111961,2582.77604427328,1.00233474873787
"eps[19,4]",1.89534132089514,0.024295803695712,0.879627221075392,0.0695103807439156,1.33158032601398,1.93878200730665,2.47988524994637,3.57535026290109,1310.7950160371,1.00399656059314
"eps[19,5]",0.905206773290739,0.0166322730329765,0.870266857040782,-0.894532023632465,0.342111620492281,0.915464272116798,1.4993041654437,2.53681288438539,2737.79973564297,1.00102145447194
"eps[19,6]",0.0252211735124022,0.0129597605587138,0.871636125106902,-1.66789828863619,-0.556691332706847,0.0307536733139125,0.603298020216785,1.75511849843385,4523.51971363979,1.00079031611911
"eps[19,7]",0.86940713249141,0.0111129178918384,0.880967409173113,-0.906227533848094,0.297383757058964,0.88292749691824,1.47586753440942,2.53361995240104,6284.39498535785,1.00051812420973
"eps[19,8]",-0.112821676761081,0.0112635104073714,0.893721722065545,-1.87896861837665,-0.713120060487899,-0.0982907147391648,0.489317108677233,1.60865377105991,6295.889513671,1.00005751982011
"eps[20,1]",0.484394625202403,0.00890792234866155,0.600897666430653,-0.745453308211549,0.119142464238826,0.504230249345565,0.87009526213542,1.64656300858435,4550.38548850335,1.00037602577754
"eps[20,2]",-0.155078070562434,0.0130893489091228,0.625287487264933,-1.3732620054266,-0.559282884013595,-0.162165754863267,0.256146212788543,1.07923669441055,2282.04070790746,1.0010363073481
"eps[20,3]",0.176067467750968,0.00950483135074362,0.708216672020712,-1.27245924593827,-0.262930208772831,0.189344771193032,0.65320726940866,1.52310771471702,5551.92335118184,1.00009540278734
"eps[20,4]",0.086661139992662,0.0145028197046416,0.785479985693175,-1.38410780068528,-0.451361616523066,0.0630386064395309,0.587749645524362,1.73318911047768,2933.35990275729,1.00135417636656
"eps[20,5]",-0.0487959646660447,0.00995947170249089,0.742724490565757,-1.4844708956545,-0.547312531112346,-0.0528552700434315,0.429009759588258,1.43870265804342,5561.384026017,1.0004486120327
"eps[20,6]",0.118688361781692,0.0160904734494917,0.823590481060156,-1.5233887929571,-0.426297276862938,0.110411814947991,0.66957446706414,1.68764449609366,2619.9016645403,1.00196656188014
"eps[20,7]",0.585634270302612,0.01511673810584,0.832767593523247,-1.11970252081656,0.0357458130942172,0.598550414730503,1.15764666177937,2.12986053168728,3034.80964096002,1.00199658996569
"eps[20,8]",-0.53894870765242,0.0242100641766161,0.902276007177685,-2.21602958443167,-1.16945465656789,-0.571606195620556,0.045367485251505,1.44901239960347,1388.95103793246,1.00443506145543
"eps[21,1]",0.216148318228148,0.00878120107029764,0.620924442692245,-1.05457301093986,-0.170555791364115,0.234321595591963,0.61495269267819,1.39268784767316,4999.99613987464,1.00050969154874
"eps[21,2]",0.450803222642654,0.00914642554356987,0.661153364001008,-0.924418640236923,0.0314577851140412,0.474873490865698,0.877105636316888,1.74415575720733,5225.18434847797,1.0000583518097
"eps[21,3]",-1.31997663218632,0.0153313255022617,0.7734088625293,-2.79275103418941,-1.83802990363931,-1.34888759703363,-0.827750610933201,0.283063632379088,2544.83061070386,1.00223203983437
"eps[21,4]",1.00192040578053,0.0105398140159134,0.773260667499405,-0.550883517423715,0.509613217755097,1.00207593488905,1.5188141103868,2.50700890896732,5382.52363040139,0.999994922134302
"eps[21,5]",-0.377744825039723,0.0140867774143182,0.791412156721621,-1.88107469525395,-0.916461988363546,-0.384683966150433,0.134157740737287,1.20336350404749,3156.32801076313,1.00129407383311
"eps[21,6]",-0.119730569337066,0.0257899317059293,0.848281340243785,-1.8465845104709,-0.668352954450145,-0.104143374980985,0.445421156289323,1.5387632556303,1081.88087492718,1.00337093512993
"eps[21,7]",-0.194839656711661,0.0113752590977323,0.833762814767822,-1.78610559713353,-0.764148202416542,-0.208684776565391,0.343719662701257,1.48784785216453,5372.32712099148,0.99992927522382
"eps[21,8]",0.239052804359371,0.0164117312705548,0.901333878744749,-1.53015367412015,-0.354456177622277,0.231421967646218,0.851772125106576,1.99254429331103,3016.21709081748,1.00130508812713
"eps[22,1]",0.0388584664335235,0.0129053408452488,0.601231431199081,-1.14917711767296,-0.33342342247176,0.0469286232366178,0.430017878310851,1.210279661162,2170.42305807524,1.00057571449583
"eps[22,2]",0.407272222461112,0.00797237743509419,0.622961954082155,-0.869644701723877,0.0172855003627705,0.407039224860907,0.809782245558404,1.64915117937576,6105.86707458227,1.00077397417626
"eps[22,3]",-0.387102474304786,0.00955272104776979,0.698196701281825,-1.81417718445221,-0.833006212887988,-0.381894741716742,0.0787950698615688,0.961389833393864,5341.96936739807,1.00022303533541
"eps[22,4]",0.054988950120165,0.0162396439555954,0.748857672099968,-1.35399607879663,-0.443348404088793,0.0172308682423459,0.545536705974815,1.57201927199358,2126.40292169971,1.00140802986581
"eps[22,5]",0.700248773466331,0.0171241394338008,0.782077590161697,-0.90538414723285,0.194368013393719,0.719740950670027,1.21580314212737,2.17129738261204,2085.84567155476,1.00130644780974
"eps[22,6]",-0.220550028490999,0.0186685314194725,0.830190250273752,-1.79506059439258,-0.796748460193,-0.242399795089155,0.318437790683051,1.44569154356848,1977.5840350604,1.00182910094633
"eps[22,7]",0.137415435788531,0.0099130969473234,0.806375045373876,-1.48574921608281,-0.391192340150063,0.166884201494533,0.672084967546985,1.69940224455553,6616.91341441704,0.999818578958798
"eps[22,8]",0.330625177222136,0.00875834134391994,0.855289348957992,-1.40971743095422,-0.223962392801705,0.332441167735809,0.893322299140584,2.03131936440754,9536.35463418474,0.999994875631136
"eps[23,1]",-0.268401073918111,0.00904574760749619,0.618876443587339,-1.54682321869304,-0.657837264166741,-0.252221737731642,0.140370260160841,0.9003482205151,4680.78801137297,1.00055757109473
"eps[23,2]",-0.352302256877912,0.00918747820982787,0.668133040891379,-1.63025165104979,-0.770419888803211,-0.3877718173203,0.0571936863156294,1.07012745460484,5288.50908053778,1.00017584508037
"eps[23,3]",-0.219785712489556,0.0141211444694136,0.718168721467939,-1.68551993849861,-0.670753246670576,-0.21080644013268,0.261819511973412,1.17340866303978,2586.50415383372,1.00154254169642
"eps[23,4]",0.4948160129958,0.0129600805639304,0.762457349770998,-1.00966434926336,-9.56285156490239e-05,0.499882820265204,1.01035581336713,1.976193066406,3461.11243667156,1.00062238926931
"eps[23,5]",0.214659601380904,0.0152371645835579,0.788927936232908,-1.29366559644265,-0.308098533908713,0.212937963918224,0.7214236068028,1.76466744271288,2680.81196115982,1.00190310016941
"eps[23,6]",1.3019156368946,0.021328317013812,0.89083148255986,-0.48228050766955,0.684652617088576,1.33558551653255,1.92209689547259,2.97342763541772,1744.52797947763,1.00112084683271
"eps[23,7]",-0.123387621045586,0.0140845222265604,0.839644332582152,-1.72860156188203,-0.666705074692456,-0.137983684660828,0.426578237990021,1.56965513871569,3553.91047015652,1.00111561371805
"eps[23,8]",0.345907410689193,0.010376806214177,0.876991178300997,-1.41199533114281,-0.243675973519336,0.371334088130549,0.936901842042873,2.06168943785694,7142.71031289782,1.00044787515552
"eps[24,1]",-1.01243015375354,0.00826433472182331,0.618832706551929,-2.16978005170236,-1.41982581871123,-1.03362989691741,-0.625946554283236,0.279982327601671,5607.00212434836,1.00005093088159
"eps[24,2]",-0.35014705644252,0.00901660991034407,0.659432344839818,-1.60376457141999,-0.790235496082706,-0.385515038964415,0.0742706821866558,1.02820920866325,5348.77006310961,1.0013485346024
"eps[24,3]",-0.0318181715044969,0.0123853403492794,0.70115991685867,-1.44939885836195,-0.493673682796102,-0.0262607513460169,0.43691855268838,1.29852758781782,3204.92795094195,1.00168169988566
"eps[24,4]",-0.193895520414196,0.0221405851403191,0.764964595255657,-1.79988756403474,-0.686314010245864,-0.184176430897908,0.310330195081045,1.26057006131552,1193.72552864618,1.00213697539606
"eps[24,5]",0.507526438019183,0.0177351691409511,0.769467012047467,-1.02773012754288,0.000915559505824219,0.518368728215463,1.01476147321412,1.95159142886686,1882.38885250575,1.00302466033489
"eps[24,6]",0.212924176353914,0.00899234808652107,0.812956527161531,-1.39591880531156,-0.330341765481626,0.221217676192327,0.729675014315574,1.83420763134492,8173.13034636952,1.00066892062942
"eps[24,7]",0.150561166726642,0.0165537886184127,0.851701286916123,-1.55041529743288,-0.421005309601614,0.159583687464498,0.707363620585027,1.81306410712178,2647.15759046244,1.00044611249072
"eps[24,8]",0.54982083035888,0.0121442713198046,0.892858346656355,-1.23046249025538,-0.0204947116549004,0.557830287464509,1.15255580483441,2.26343461111264,5405.32987297671,1.00028933140299
"eps[25,1]",-0.329764633545348,0.00801420309491616,0.628803409074639,-1.596654353454,-0.719233023055386,-0.334341290372638,0.0736076936448919,0.9371526075254,6156.1484939828,0.9998670504108
"eps[25,2]",0.508735804820382,0.0131494407113502,0.887760744029129,-1.29195808969723,-0.0609067757992753,0.49952141271681,1.10166170042677,2.25222682526383,4558.03138761978,1.00022019128287
"eps[25,3]",-0.00773637130825458,0.00847618209080039,0.719451217087008,-1.45908792597194,-0.477221642440574,-0.0106084013634005,0.451502251173707,1.41990915673565,7204.47182659572,0.999679217856312
"eps[25,4]",-0.326262792912935,0.0095033831471488,0.750781284340257,-1.77928686303074,-0.823306752490859,-0.33556207698063,0.169244609789274,1.1617810714733,6241.23302267052,1.00036284445312
"eps[25,5]",-0.000167945295528947,0.0165736047590826,0.939570667504747,-1.81273411940299,-0.652787032406234,-0.0177670746653689,0.648427348109155,1.81823056662184,3213.84512739909,1.00116180264616
"eps[25,6]",0.481871579344262,0.0236230234980824,0.852981041897491,-1.19692668842149,-0.0627819308086256,0.47787730931916,1.03445712258621,2.20127432706961,1303.79044414117,1.00324618927795
"eps[25,7]",-0.28199576496554,0.0189118734467977,0.955499346472738,-2.13227814904569,-0.922920078643903,-0.302566195467646,0.361220462951282,1.66752213242767,2552.65241526302,1.00125040655213
"eps[25,8]",0.107703300642236,0.00955638658057199,0.933305306367406,-1.74506515917874,-0.536534680299571,0.107758957309731,0.736458795297924,1.92876852915013,9538.06001048191,1.00033152325918
"mean_eps[1]",-0.00450743550699463,0.00309800428016696,0.198581374190329,-0.392666880364824,-0.140864655421874,-0.00387260683150063,0.129924418782713,0.383656648922076,4108.78102604802,1.00126400192189
"mean_eps[2]",-0.000251201281841819,0.00238967745011329,0.198433201787423,-0.393543874059902,-0.134447523548147,0.00170013602770144,0.133428477309112,0.390445775089749,6895.25146152175,1.00039853260045
"mean_eps[3]",-0.00137039171637647,0.00213724179178849,0.202156641787941,-0.401755917948902,-0.131688855835597,-0.00372837380754974,0.134703744265566,0.39931950311764,8946.8202770646,0.999971174125472
"mean_eps[4]",0.0065945885108305,0.00297538532839502,0.202387625580771,-0.384580290794502,-0.130659336950181,0.00592282817285176,0.147882577135949,0.405681383123709,4626.8079825215,1.00027682503912
"mean_eps[5]",0.00389864567862863,0.00226023921788948,0.197248868978472,-0.387840562880849,-0.126239184042857,0.00830829530232873,0.130447450606242,0.392252230379578,7615.8824284233,1.00047083453572
"mean_eps[6]",0.00302191226586927,0.00197268588362646,0.199143004999294,-0.377846696804166,-0.12987457011624,0.00339509904669753,0.137529272467452,0.39464056667677,10190.9398618012,0.999701217707771
"mean_eps[7]",0.00498615155563,0.00282599967730598,0.199726074859252,-0.390870547800457,-0.129209549135275,0.00369171629370967,0.139688469977149,0.391648457261723,4994.88298284249,1.00088353952631
"mean_eps[8]",-0.00964690220994457,0.00549518512069208,0.208697626086188,-0.441285117817039,-0.152673353509639,-0.00479813018881974,0.132015385053892,0.397908868097792,1442.34901807615,1.00220054343838
"N[1,1]",74.2177419678918,2.51281424727184,179.872360623817,1.02618635333701,19.7276829128548,43.9550734620969,82.8430912213711,310.798288921451,5123.98791860106,1.00053378645933
"N[1,2]",3702.07320247193,44.8284791196327,2497.3003730563,977.011203045859,2088.63891037998,3080.49252165881,4647.10210881004,10071.5697893443,3103.36997604031,1.00136802012575
"N[1,3]",0.538262297843685,0.0261197739994735,1.59098663617454,0.0286952291746514,0.122909321766616,0.220498792455048,0.431416330060596,3.14621675854008,3710.17362379597,1.00035627436835
"N[1,4]",18.5226388986372,2.85416790664075,227.795867328255,0.133682436242118,3.222245142043,8.47000473925954,17.4984921476025,70.8532066178257,6369.90044449121,1.00011836821486
"N[1,5]",1509.12685931251,12.8827757441736,760.419749783444,540.968325560182,983.464497817406,1360.33369739632,1868.35457188048,3292.07117692207,3484.07810262542,1.00130389266325
"N[1,6]",52.5856963984096,6.40555336995719,420.466187701743,0.754890630935623,9.42226207454651,19.7772702444984,37.8010180778518,219.248568387399,4308.72569305727,1.00006525543362
"N[1,7]",42.1559887311326,0.325424817838849,14.773513815966,19.9163965145136,32.0113258534285,39.9590308689265,49.9765616854404,75.7233228898275,2060.94434727733,1.00143066140607
"N[1,8]",1659.45935660162,17.0534604756219,1130.35415948981,444.130635505609,939.430247699108,1373.74430608798,2018.16400944034,4544.22391955084,4393.43328106955,1.00103997571931
"N[2,1]",89.5219475397015,3.42855200302589,273.102582961894,1.35523840277573,19.8865825830408,47.9434963448906,98.0527919647392,407.134840954098,6344.9781834232,1.00033752092605
"N[2,2]",4333.57676477368,39.5697930977803,2361.05288581099,1358.31136787986,2683.51316911945,3822.8352175774,5416.30500596235,10371.7879404831,3560.27767689616,1.00104235691234
"N[2,3]",0.580446305426898,0.0260022038639066,1.60341381567636,0.0271335412884123,0.136129487224065,0.256569818550478,0.521560188095343,3.03532594751848,3802.51490253677,1.0007205657834
"N[2,4]",15.6846604519365,0.743340380278451,52.3940904419689,0.139474594965959,2.49614032720885,6.58905531958428,15.1653413705705,83.0613774113688,4968.08662659099,1.00064043096573
"N[2,5]",1469.03475505091,6.33809466152225,442.969683300058,811.064949628424,1165.8548370324,1395.61352378105,1690.6982643782,2534.03807008775,4884.61755628608,1.00035586339839
"N[2,6]",55.1968865393615,5.60702700746404,307.374122511468,0.859012110473443,8.63050717019526,19.8810869453437,41.9888147041512,259.328795795218,3005.17182116876,1.00031638251653
"N[2,7]",28.8146314912748,0.320251812052951,12.3345628594776,12.5679973882238,20.1324832066404,26.2392338281817,34.6625197659621,58.8937394067833,1483.42069547717,1.00423996154708
"N[2,8]",1866.64687308072,17.7536390290726,1181.96228162834,521.948756814935,1084.19663859447,1588.76666737265,2305.55995364653,4923.55967407803,4432.33384833234,1.00101504657606
"N[3,1]",108.044783566704,3.65356840697177,270.665991368355,1.88274831417529,22.1969161472256,54.155386249813,117.72219279882,520.848193271589,5488.23748283302,1.00055629116331
"N[3,2]",5227.86806794721,30.0869260765424,1620.5762139387,2924.52151942917,4130.18379513891,4949.85362804178,5999.77987024937,9274.92351522933,2901.23750159024,1.00210274986597
"N[3,3]",0.647705105914244,0.0257745291145016,1.53353870846472,0.0306723645468291,0.165596820799577,0.315283059812108,0.626765698227885,3.29033489230466,3540.03866707473,1.00071810416752
"N[3,4]",19.3360586944801,0.895065962861564,74.5060949921028,0.184147882723079,2.52306801489654,6.80643023166752,16.6240860233459,105.378796062375,6929.04718806067,1.00084801710243
"N[3,5]",2202.04560583803,7.36625423783279,604.102209782098,1263.34266556863,1806.02222080187,2108.2294341441,2516.23991027555,3628.85380569669,6725.54434895294,1.00087309497843
"N[3,6]",60.7206267800928,4.18713199410852,267.782287151749,0.90474556458378,9.37014308452341,21.6446944410829,48.0116837046941,321.446767774105,4090.06669362693,1.00039619239224
"N[3,7]",42.5317367541007,0.396993409662563,16.27148052929,19.8661190725421,31.0964859958561,39.3049524034906,50.7929329850495,82.6768683836405,1679.91592539179,1.00304777603842
"N[3,8]",2159.49980528552,13.8327829833421,1090.07282155926,784.884759603392,1439.01937435907,1934.07939188968,2599.93039776488,4943.79366668606,6210.00423345011,0.999831982003579
"N[4,1]",177.474188483228,6.17407150328869,431.699083044905,2.78834069234738,30.4966217531616,80.0600005660521,186.839839291103,949.770480401638,4888.98767822187,1.0003813100663
"N[4,2]",10691.6747164001,32.8941897896448,2755.61107328583,6126.134219326,8818.73923055944,10446.6016556482,12175.8991023522,16997.665058743,7017.74292229893,1.00017778911315
"N[4,3]",0.834322554719769,0.0278321994020632,1.70519221358818,0.0355012249683483,0.204936313631471,0.419862146056088,0.82638050129066,4.28419400345586,3753.63143325143,1.00038236314045
"N[4,4]",28.7332609413964,1.90605453352653,159.192562385145,0.229817922359877,2.94542124116071,8.08711700623773,21.6182943950308,160.156493997978,6975.49292617575,1.00055119287771
"N[4,5]",5202.19444555416,49.752171626006,1583.62785797936,2555.15565942002,4059.95284353339,5082.1605470399,6198.0205435847,8547.91245671489,1013.16967363122,1.00408369671591
"N[4,6]",86.8356900398943,8.53682334565165,710.745194086003,0.970631116387495,10.4788861590685,25.8210552737647,63.7383384720447,419.393226297084,6931.62843141431,0.999978683042906
"N[4,7]",101.634544544265,0.841411326452367,38.0321664052718,46.7374856069574,75.5770410581552,95.6281704709909,120.604371756566,193.088313671795,2043.08023051706,1.0020498811086
"N[4,8]",3195.4526183627,11.199060460619,830.79476347361,1778.74415682423,2653.81039752179,3123.91147462106,3629.3922335773,5095.12842630809,5503.31437469885,1.00007049803986
"N[5,1]",180.606512041739,6.54010626716095,421.968944877036,2.97610480671738,30.4877893893317,76.7959566349097,181.63823512618,991.213454566207,4162.85582326432,1.00045554203957
"N[5,2]",13051.7156569757,66.86907904295,3503.74003358118,7038.84729009371,10604.2653804024,12834.2172333166,15160.1862749716,20650.4172555707,2745.4470178191,1.0013708889018
"N[5,3]",0.891481908783632,0.0276257170140735,1.88205565349314,0.0402131965495365,0.213684503209748,0.456461137084772,0.92345708365431,4.32901338982086,4641.28038788249,1.00068815180676
"N[5,4]",37.8921761148719,4.73704631027795,386.624768320266,0.311076920140469,3.0958166161478,9.06008055964472,25.066340889092,200.190471340668,6661.37809415246,1.00010168034138
"N[5,5]",3833.83575437688,14.2680268092052,1020.66327818309,2124.7810313137,3158.79365575896,3724.66042584107,4385.0118326863,6208.38287136359,5117.25602833023,1.00051359705708
"N[5,6]",96.8469545728764,10.7628710261359,792.131928805902,1.21494727780897,10.3334739809194,26.5841544072691,65.162315926443,486.524934770022,5416.74967273078,1.00030252178982
"N[5,7]",188.886108193207,2.48704004722163,83.0362777369084,71.5252790240101,127.320939657346,175.081543296727,232.633251183848,383.771020256584,1114.73128217658,1.00407126177708
"N[5,8]",2822.76537757161,8.49627236176213,687.861364412884,1666.64393965481,2372.56449867402,2755.18930615393,3179.91821702075,4402.36530441584,6554.5817084308,1.00025300568484
"N[6,1]",146.312566217618,5.38568193136852,366.032475505115,3.84838157208817,28.0721194867971,67.3957567501368,150.136937388434,717.566085304319,4619.10501134665,1.00005838110834
"N[6,2]",10899.6680349523,58.5137300341005,2868.98996759728,6020.95505668456,8928.09041763789,10659.6737244959,12648.2497390391,17045.4691546105,2404.04444162616,1.00079832843591
"N[6,3]",0.81514366237878,0.0199964655750034,1.34150424733364,0.0439063070600469,0.238938961755461,0.474664518260792,0.891159769710349,3.72724677274818,4500.67470319485,1.00017120192966
"N[6,4]",21.7366247585476,0.985602557042079,76.717039391206,0.310550552438944,2.66714092975098,7.04372774822274,17.624804459671,121.473125156832,6058.70805256166,1.00020809809194
"N[6,5]",2222.41413078053,7.82705489551463,589.556026151828,1309.0034007638,1826.23436900998,2139.3367722253,2518.52843940548,3643.24943386873,5673.53066036903,1.00046511501011
"N[6,6]",76.4509934769832,6.54965251217373,466.691516210643,1.24101923913313,9.54865327423822,23.7811953180725,56.7714429287177,392.634429035584,5077.1885673771,1.00006971659394
"N[6,7]",83.5886966951691,0.740140743762537,32.077707868259,39.0793933565893,60.9900161383806,77.4098780718188,100.399306729757,160.448019937435,1878.35654083691,1.00109351716911
"N[6,8]",2176.4636877377,6.77574780926668,498.713352505613,1311.91048414657,1835.50211028909,2149.35626710166,2455.24119563206,3286.25931187552,5417.35786494875,1.00193923576442
"N[7,1]",95.8258177666593,3.41988370213905,228.751564371223,3.53747374658884,18.9843087937803,45.3844156073662,98.2080671782425,473.617306358393,4474.09777241655,1.00042993969369
"N[7,2]",4901.20736631906,20.702126141222,1285.34496383557,2937.38196859187,4021.56048553475,4699.00796101209,5552.48611644125,8072.09492986789,3854.86789539817,1.00081561788515
"N[7,3]",0.790600050455183,0.0196367390451908,1.40788628034901,0.0497828063295375,0.244347135441582,0.469749867931071,0.876918929171909,3.65375185834732,5140.39409570838,1.00032733843135
"N[7,4]",23.3738094201,1.69850715386502,142.52610823423,0.408142603816135,3.01667007570328,7.66318185790545,18.9107293578607,129.850098912031,7041.32017371785,1.00000207134377
"N[7,5]",1125.2276108034,6.30114668172303,312.400444314447,665.929350131839,910.426105758489,1075.94512769616,1285.37280905113,1867.47917059462,2458.01261132166,1.00041047137318
"N[7,6]",68.9045392709697,5.82274356447832,398.842418402144,1.10510094778917,8.38755832202019,20.6899407645593,48.9991526549542,362.775821586887,4691.88494555704,1.00014287363692
"N[7,7]",122.669167344643,0.509838779360155,42.3579945822427,59.7425814224306,92.5518173649279,116.98963050907,145.415934789683,223.616641694722,6902.47829306304,1.00032419844123
"N[7,8]",1002.05901385954,4.87915392942537,244.253310315953,631.553608324583,838.03981268241,965.649070335964,1125.51778991077,1595.43404003197,2506.06238197961,1.00052820993947
"N[8,1]",102.886141812904,3.897596730261,247.507545293557,4.23342287766092,21.4551163485704,48.1174860405355,103.153534656552,500.501346412571,4032.58083144015,1.00042138102809
"N[8,2]",5539.30357840171,23.2039483258023,1391.94279611207,3217.16984468479,4573.79181318002,5405.1729557138,6358.1860937066,8683.67487007458,3598.47919482688,1.00015283813324
"N[8,3]",0.900755841900348,0.0212194628350512,1.4581485396769,0.0580993188331768,0.291592378435087,0.546331220797956,1.00409346172745,3.90367749590989,4722.09546889047,1.00017005057896
"N[8,4]",22.5844452626519,1.02116392873863,87.3240918319197,0.497555674099616,3.20764423863074,7.96002563579766,19.8519745420173,125.660896005879,7312.6910294168,1.00005825241985
"N[8,5]",1281.36702809665,4.25101147309486,328.129604346831,731.870745759437,1051.71956234276,1251.2739985948,1478.62072081559,2019.69271788086,5958.07924926998,1.00036352161762
"N[8,6]",70.3209421249111,5.77120518652283,427.071155325114,1.18628389198761,8.74926442780061,21.427592480297,52.3211668738135,372.478384438002,5476.05055893576,1.00025611012678
"N[8,7]",150.928405374303,0.773472637233386,52.5565907035657,71.3226585910174,114.022452851164,143.266861432721,178.66344497239,272.773836642199,4617.04876343453,1.00057800116405
"N[8,8]",961.812334548238,2.57977918908134,222.969986716782,599.44621195083,810.991179288863,936.120988180585,1080.9535130925,1476.98985979873,7470.12288223206,1.00008188611777
"N[9,1]",73.6752035338316,2.10618113005061,142.305437373331,3.82022834948373,16.4817922982139,36.5342857078598,76.5972090966978,378.173716511637,4565.11322984671,1.00038902315635
"N[9,2]",3624.1973725288,11.2376226765925,927.637038963165,2112.87276287635,2998.59911405574,3523.03018218849,4115.1010630748,5758.79811809479,6814.08066334061,1.000111733773
"N[9,3]",0.863026085730586,0.0175367680692334,1.17924818278534,0.0708233945573715,0.296037168358653,0.550405539228554,0.994070209945819,3.69158661585364,4521.79963803236,1.00036732934413
"N[9,4]",21.7579825576725,1.95589082292946,173.621176883238,0.554056224515737,3.11190829893023,7.72046716882151,17.7912209086924,115.721689382848,7879.81776069364,1.00042324356101
"N[9,5]",674.786607454219,4.12620726919745,193.647129174593,391.145986605812,540.932972699287,642.494827636551,770.953125604211,1132.63761485189,2202.52094077996,1.00283665217184
"N[9,6]",70.8531898342795,7.45078162325747,548.978319535541,1.09299215626194,7.94573185910741,19.2819908629253,49.0780276068163,371.240569513884,5428.83594013543,0.999975090617081
"N[9,7]",128.539205445089,0.539197880669698,44.6505922759005,60.6571566612569,97.3521868923177,122.536400067444,151.309157479654,233.345166483515,6857.37808278352,1.00022473299779
"N[9,8]",666.882578173111,3.4539569777033,169.725604708097,410.664838961816,552.921866188079,638.183511780566,751.388154397426,1075.31081184899,2414.68721086461,1.00152672836396
"N[10,1]",60.4303683341335,1.51034204486433,106.421231185573,4.11546116390457,16.4994816423236,32.8666048682047,66.9654098798778,283.785537192003,4964.84772605517,1.0000231243195
"N[10,2]",2821.25726934186,11.5555015535082,754.220459204981,1689.75391515222,2311.75508993205,2688.94528005127,3198.08635761232,4709.03828961985,4260.09238602934,1.00107170897534
"N[10,3]",0.82656832269326,0.0136939447038759,0.978133095525416,0.0848501852810474,0.326203486713461,0.572835666801029,0.989192428328251,3.14225646592872,5101.98018601408,1.00072283981699
"N[10,4]",16.117168854826,0.545817877518166,40.0536052538907,0.573755417002107,3.27904862820332,7.34587599655718,15.8485460606563,86.5621980398386,5385.02487908496,1.00156656248759
"N[10,5]",630.284324859695,3.41332059139162,176.232287649913,371.148291498308,509.042119758169,602.098392279461,718.618458130051,1061.48504718652,2665.73390768534,1.00142378854
"N[10,6]",67.1365333277978,6.2654329434308,471.754647149225,1.27857862044171,8.41154407700627,19.9739895091586,47.4857792972799,368.706170765076,5669.30995371999,0.999857167967086
"N[10,7]",97.3176778174909,0.531240094147654,34.3670601145901,46.7002680028957,73.700099513892,91.6495840465795,115.081783295841,180.369578455117,4185.07336024713,1.00105204474194
"N[10,8]",720.555567086625,2.57846645892371,176.054591616043,450.483082396824,604.51786305215,694.396870802383,805.304302903479,1147.57798596489,4661.99431550402,1.00086521009747
"N[11,1]",58.9077382487424,1.19934322237318,79.0868203027571,5.63269857647157,19.3931003956967,36.8611787776449,69.2369248460872,245.809109416746,4348.31762255074,1.0002847208337
"N[11,2]",3251.05001294409,15.598902314651,877.701755834509,1936.28220068554,2656.708011189,3113.75415957933,3674.84774541601,5398.66175356062,3165.96316403413,1.00187685096549
"N[11,3]",0.836421779475347,0.0117867384609238,0.819480841147838,0.112097639389861,0.373036908581469,0.621475047728156,1.00148726115263,2.91816804319848,4833.81822901912,1.00088124432142
"N[11,4]",14.861390725388,0.448737219845384,32.0881487344813,0.844850868313474,3.64659533786186,7.64527595746968,15.3445660324166,71.6261060524361,5113.34549873015,1.00116202585027
"N[11,5]",804.411161339699,6.28190182051035,235.271071298987,472.504907223728,640.517411501711,767.625778042203,917.506775725039,1373.06718370942,1402.66761795481,1.00380857279298
"N[11,6]",66.8762796341636,4.78857622971531,332.729466342948,1.5861541376355,10.0892088887345,23.4332779231589,54.0435171223402,362.683030740948,4828.02728906303,1.00000367074563
"N[11,7]",103.099737764347,0.430447865135898,36.4075016122295,49.3059255181349,77.7488027454882,97.5360685784418,121.398778918717,191.73504205896,7153.86332053622,1.00083870647813
"N[11,8]",1080.05504610443,2.98097848284158,251.510286925607,668.214518158868,912.656266406154,1053.42545705124,1210.42776910957,1675.77480016721,7118.58742135477,1.00010190498861
"N[12,1]",78.3341729120684,1.13936388620142,78.022402958123,10.7376004626696,33.0687971094161,56.2290510401361,96.6314447164139,262.374185939627,4689.3618285307,1.00015695740258
"N[12,2]",6186.25288746475,17.522879223048,1522.28508035216,3710.34932292168,5154.48737806225,6021.12437851016,7024.29746036327,9691.60708349188,7547.11637451881,1.00012398848941
"N[12,3]",0.959901516052942,0.0110596785071265,0.729010989407872,0.21183416610256,0.522540517474252,0.785232535226614,1.16226105702138,2.82223502398748,4344.93360959286,1.00027810183975
"N[12,4]",12.0955282346314,0.214776291763249,17.8354629940712,1.17641626412381,4.2486893046192,7.55821374724829,13.9983363458101,49.2382663219065,6895.9816310259,1.00085533069048
"N[12,5]",2129.81072521744,11.3673378296144,553.27470555859,1207.87433764781,1746.28127392046,2083.99838106062,2450.76263811133,3313.95571317314,2368.99474418027,1.0026874835694
"N[12,6]",68.1846980192351,2.78620301593381,201.255510855663,2.41444258661354,13.4501527169944,29.6386912421794,61.1977748760779,364.717028127174,5217.59116970359,1.00024676653409
"N[12,7]",111.109007884865,0.494978439157362,39.0618091769311,53.4911662815956,84.3637212593308,105.71955951701,130.292164592435,203.518826095385,6227.76396841302,0.999861777659722
"N[12,8]",2227.8243513098,6.3521223571575,519.274744611358,1344.11856029446,1881.3474506466,2181.7402875088,2515.80612231698,3428.97223199512,6682.77272643328,0.999975214828465
"N[13,1]",88.2889843581001,1.48009100983218,70.1479138099292,17.841922939216,44.2851927981168,69.3215624911105,109.294760084622,266.212487825528,2246.22200764606,1.00049911171535
"N[13,2]",9360.92940571897,36.2318837218999,2403.17859704087,5212.36757111722,7729.93323952493,9175.89523599654,10754.899884634,14642.5563971411,4399.3677528324,1.0005051276307
"N[13,3]",1.01119699078819,0.00933355669166534,0.598042277497884,0.31058978187165,0.619033641210018,0.873115353305034,1.23611025280279,2.53078603142601,4105.53192911993,1.00052324333372
"N[13,4]",9.26736967830414,0.122121909684371,9.74257996158935,1.44984248752759,4.12641500479609,6.7060342474878,11.0418086529036,32.2481173477114,6364.44860702877,0.999961154437288
"N[13,5]",2933.45165436537,11.9715349625262,780.887349379652,1620.75063217895,2398.39569494579,2881.60630449108,3377.11826095532,4710.25450066381,4254.77989032435,1.00056660414568
"N[13,6]",70.7650176916701,2.74242341367671,225.038059000158,2.96552785021478,15.9751000578416,33.2112971555188,68.138182674106,375.530814031808,6733.53203164037,0.99990096746553
"N[13,7]",75.5310935500791,0.543619862887492,29.0477127850633,35.9102812562615,55.3992219507921,69.7546836656556,89.9658910665899,144.751511628354,2855.17840461709,1.00121523496407
"N[13,8]",3804.33485536497,22.8091192065492,962.120304588088,2059.62958265795,3133.30446273849,3779.61365789308,4418.16073313974,5810.73068638635,1779.2694839841,1.00253487995209
"N[14,1]",61.821483548436,0.56918287763468,27.7875810199974,29.2797748444169,43.7467160270278,55.370842615757,72.1284930487896,129.666479871839,2383.40491139646,1.00059220001993
"N[14,2]",7081.86320291793,24.0661991897003,1752.20695358798,4169.28363030634,5917.51299328107,6900.66357423212,8064.83980819689,10940.0995461051,5300.97535495591,1.00025019774367
"N[14,3]",0.984996630609219,0.00385185134732973,0.300198337206574,0.516528855390341,0.783036147043782,0.942619774703027,1.13333003047399,1.70198219238004,6074.03833038617,0.999647898568801
"N[14,4]",7.55501763066007,0.042521996482708,3.54176969405388,3.00472569833337,5.18279044940401,6.88623421234058,9.10891001254299,15.9308708149781,6937.66524517989,0.999873845904505
"N[14,5]",2066.42769484271,7.25479643754809,534.275652889481,1226.28994788004,1704.38448190068,1992.45943469726,2343.95985640492,3346.00247194536,5423.50825166732,1.00017067905813
"N[14,6]",60.0405076945415,1.7757119352703,137.970647428034,3.45931491064252,15.8827150610408,31.0959275690608,60.9809646260654,279.944365867694,6037.10010072567,0.999855609003453
"N[14,7]",83.5223546725458,0.511807443296555,29.8588071555011,40.7048463768846,62.607312861754,78.5166361566831,97.8986184182348,155.897585512524,3403.54668922593,1.00092212021804
"N[14,8]",2460.37164317706,6.88411520680318,559.810471196281,1507.76404659289,2083.92084955677,2413.99078542898,2780.89762121718,3703.7476174875,6612.80590680269,0.999832678141646
"N[15,1]",83.5764434364813,0.677065188691271,32.0676695890818,43.1491220506539,62.2246191971064,76.5478178923104,96.8116724544057,165.854358349257,2243.23013280731,1.00154472208724
"N[15,2]",5125.47072112644,20.7376685089587,1297.29662585147,3054.89135033271,4240.52588976411,4968.85109272525,5834.73889132992,8161.14482874298,3913.44037247501,1.0008046974986
"N[15,3]",1.00210995391515,0.00314200506474272,0.269902570971398,0.568681181429516,0.825281835754271,0.966818475832524,1.1431922461255,1.64678330052319,7379.04708278816,1.00039122011479
"N[15,4]",10.2674076716376,0.0818169571840352,4.41118380479202,4.07695972601111,7.19458352187073,9.53001678987819,12.4246710476238,20.7372476934831,2906.85695549355,1.00016046566609
"N[15,5]",1835.42872364931,6.85590000218147,491.530711878031,1083.57093469714,1506.2192441535,1758.47314830704,2080.25980486715,2988.64379022642,5140.10946965592,1.00011099364228
"N[15,6]",52.961562822836,1.37282533012391,95.9630671977072,4.37121164546825,16.2276301871426,30.7456560536999,56.2198304628079,226.079284162018,4886.27239069904,1.00012852301303
"N[15,7]",133.427803851268,0.734281109234541,45.9784267559633,62.7629103580175,100.770570078021,127.514867881444,158.454509534448,241.272879106624,3920.87957106427,1.00204677829562
"N[15,8]",1606.20801359335,7.33657594778679,403.758046737626,1006.97341696493,1337.93368362441,1538.04545803507,1802.50984565638,2583.00265009189,3028.69503847043,1.0008586036738
"N[16,1]",217.165009804094,0.842830851239533,69.0090393880431,111.726696550375,170.95436035206,208.68292751961,251.0694865802,379.64495523538,6703.95538683064,1.00009244046602
"N[16,2]",5617.79136615631,35.9010629469461,1554.25273975664,3326.14612286462,4537.7460837037,5357.65797332039,6406.12953185457,9396.68861499939,1874.2549596542,1.00081823656827
"N[16,3]",1.10942580564203,0.00366694562641953,0.298124143299581,0.653496729846649,0.908812807647945,1.06529189835243,1.26309379011642,1.83191894749235,6609.75491127567,0.999866487179997
"N[16,4]",5.69965849689751,0.0528007776169183,2.54719313179177,2.34440175724225,3.96210087484135,5.21590264701246,6.85545813242882,11.8806497287689,2327.25039598393,1.00173975025726
"N[16,5]",2363.40762828525,7.94557026847517,611.41342079851,1396.9223352501,1949.49323023785,2276.46401377238,2686.18645470959,3813.71565077359,5921.33714471254,1.00007428027976
"N[16,6]",47.1886617032347,0.990040950019633,64.6624066703054,6.22506874123367,19.2577746443839,32.5260351734413,54.8956866817055,176.779671808183,4265.76977471456,1.00029135911992
"N[16,7]",120.288965967673,0.548824889954517,41.3427256724052,58.7138725637393,91.2526641242826,114.38885853646,142.390953171527,217.966950165135,5674.5393692005,1.00078734139175
"N[16,8]",1739.97796341827,8.80931491676066,433.62252751084,1105.0237565907,1443.81969408256,1666.82917757203,1951.41238207478,2818.85758697995,2422.9218257671,1.0008745354232
"N[17,1]",609.013155524339,4.04115073553238,203.106561772557,276.469475746915,466.96089495697,591.369017748778,722.3130250077,1055.5466352474,2526.02595606514,1.00148325611708
"N[17,2]",11977.6372383158,34.8490321261832,3009.2263093831,7011.93577135328,9971.93825125465,11625.2966688334,13605.0537318417,19017.3366317724,7456.38387741473,1.00044867941238
"N[17,3]",1.28023465753208,0.00471066284653641,0.352203646583969,0.730643152670743,1.03916821049484,1.22744151688828,1.45879701328826,2.12532646835512,5590.1524613849,1.00047696571169
"N[17,4]",6.71080457236883,0.044768840918206,2.75977273955032,2.89871264950657,4.81496681294021,6.26056216197364,7.98535917520246,13.5349111066783,3800.09925350933,1.00103699065772
"N[17,5]",5001.90967307735,16.7452097493711,1296.64739972624,2827.61690447814,4127.40279454969,4894.99575382309,5737.99733019384,7931.47184894288,5996.01351670727,1.00036708022853
"N[17,6]",53.988405621068,0.706566184297315,46.0759117043494,11.8608837810168,28.1114137064516,42.1595590886008,64.721009453775,167.598138146422,4252.47899907511,1.00023141632114
"N[17,7]",126.031971877486,0.799861276108542,45.3299338765944,58.5950082641432,94.1307705524266,119.137872003136,150.61147246008,229.960114492149,3211.74330671313,1.00092394231549
"N[17,8]",3836.70897815061,15.5688664266978,926.625998799891,2211.07950234145,3190.10632914396,3787.42477746734,4396.35892343106,5836.76274761501,3542.37861373525,1.00085687443694
"N[18,1]",1205.31362678198,15.6127001474515,462.59116963729,459.746548722532,866.876257855213,1154.06008276754,1498.98839099603,2195.82086864017,877.887042358379,1.00385654268077
"N[18,2]",21099.7637507847,218.401616227763,6423.025512507,9749.03419270061,16444.3012275727,20794.1929963424,25335.9216833481,34674.5583229084,864.903387810736,1.00358497785054
"N[18,3]",2.15500631638773,0.0162236329516801,0.67997190401414,1.06378020699678,1.6604954303808,2.09180943028248,2.56316815321104,3.61185645504377,1756.65191034487,1.00242386690849
"N[18,4]",4.63417427103555,0.0520268135996912,2.26277787686146,1.75200264173896,3.10206597998963,4.1108988838019,5.59244650641864,10.2686215021636,1891.600375749,1.00254845054089
"N[18,5]",5858.19100899323,23.2030342572302,1662.95568558896,3146.78142318846,4733.33186438854,5707.21908004907,6800.49113660506,9538.17616312132,5136.55319560694,1.00049852921915
"N[18,6]",53.2058385783818,0.459851237463931,22.6156322283787,20.6534621325342,37.4259166963452,49.5277061229595,64.9290354036532,107.212593934017,2418.70413572298,1.0006507244584
"N[18,7]",67.0680495440284,0.484189624921391,28.1467306117696,30.2215266998977,47.7514470873578,61.069871077913,79.7724593134677,136.190727140654,3379.28604291646,1.00133708439443
"N[18,8]",4572.29243072995,20.9360337783714,1164.71604378853,2547.25683555608,3782.83778179197,4498.20212635852,5244.80868007371,7170.21516906883,3094.93330876978,1.0003247664681
"N[19,1]",413.520315304365,2.93136812225116,154.946130819853,205.840701178597,308.813360441705,379.721209783912,482.123601004509,803.703865233019,2793.96364211436,1.00077693194904
"N[19,2]",7425.35315043358,51.3033979084544,2081.00364028869,4327.69602321299,5981.3386797975,7083.02971730689,8441.19157478386,12419.1134918067,1645.33152746868,1.0015194366977
"N[19,3]",1.39910852210568,0.00807550231112599,0.417629616198116,0.783049589572595,1.1118834868959,1.3340395518922,1.61221903416707,2.42139955379215,2674.5054463386,1.00220975632247
"N[19,4]",6.28545684472297,0.111679815910623,3.25014920325658,2.31105990986046,4.09314687873382,5.55200912273361,7.61612417411137,14.6594723384883,846.948918954067,1.00541374928609
"N[19,5]",2211.12134219103,24.1064195834589,752.189089610269,1226.04874388344,1680.98129556303,2052.28906027594,2569.3273540844,4090.81601320658,973.618094858491,1.00502228584185
"N[19,6]",27.9768226648107,0.212224027598542,12.0842033604387,12.3056295895476,19.9185780903648,25.5788420625201,33.1233832196015,58.0735593614911,3242.25333615272,1.00118957519555
"N[19,7]",51.6680551230805,0.714006174074534,26.4522926016148,19.8125983727739,32.9981565893787,45.3452883171666,63.5175423547808,120.66630755966,1372.53270482091,1.00221141545192
"N[19,8]",1885.47453701735,10.5022959883851,495.609045537142,1150.29712960665,1557.45884504084,1800.22867907401,2126.3412185724,3080.74634217125,2226.94730458676,1.00251307917976
"N[20,1]",415.841686935694,2.43047573056491,138.659430206553,219.157981714756,320.729390354712,389.73009743454,480.776189198571,758.907484360607,3254.73957665346,1.00124456959875
"N[20,2]",7677.00648076781,42.2656526554743,1982.82739310286,4570.8041035286,6289.07450151495,7378.1104731642,8747.94295801399,12274.7799617257,2200.87137029831,1.0013275861199
"N[20,3]",1.76709526306998,0.0065505609523806,0.467788472386727,1.00861138542091,1.43598539497832,1.71937286566653,2.03401263261829,2.84044973807201,5099.66968106755,1.0014362684814
"N[20,4]",22.6392983616526,0.192755713758132,9.52488938791698,9.29868985245339,16.0256112302701,20.9048136363581,27.3560645911751,46.1301366057353,2441.77341444335,1.00062346556219
"N[20,5]",4196.74895261793,14.0293591187929,1063.81339677611,2440.92318651664,3480.97784799819,4104.29899369536,4767.78118654699,6538.64774975182,5749.83319410437,1.00050192168892
"N[20,6]",35.6170112254199,0.148641330497427,12.1810625654294,17.6075433631409,27.3244346554666,33.6057052987678,41.5231315522703,65.3618473939328,6715.69833393852,0.999759876194633
"N[20,7]",155.937029390287,0.737816774530495,51.8825946791855,74.2613094622642,119.182023078975,148.926160777513,185.561898521483,276.563889672837,4944.77260901872,1.00100280176313
"N[20,8]",2255.35444891378,6.44076510554654,513.928916376372,1385.55221133923,1908.34016050003,2212.26175214891,2544.13556479351,3388.19770352435,6366.94629619672,1.00042972010908
"N[21,1]",629.296175972564,2.53555469987543,204.090134048389,320.155040207479,492.612928387781,599.337402224988,731.380220961658,1114.01816680182,6478.85191747198,1.0000187637487
"N[21,2]",8179.77194916652,30.7217247707035,2133.37041748912,4929.32207274051,6731.17480977162,7825.51942125554,9272.31603825224,13304.6149481249,4822.15703361931,1.0007568384386
"N[21,3]",2.13071021533621,0.0165454241108613,0.619322292835328,1.13226659829847,1.68082016906319,2.07208660626169,2.50853633975657,3.53380272056433,1401.12737387153,1.00335128854307
"N[21,4]",22.8157689812168,0.159072506839289,9.31455101783668,9.72792489162358,16.3611617016822,21.1882334892916,27.1759507647306,45.7942753457303,3428.73247710997,1.00169972022138
"N[21,5]",4699.76590602676,21.5541487508353,1245.37454240966,2667.19181604137,3806.45651357305,4561.43855884524,5432.22591996501,7502.26135607367,3338.3988037427,1.00250601839859
"N[21,6]",42.9493520410161,0.186887870274408,14.8234248239972,20.9200199271351,32.8573003864571,40.939515772228,50.1562020855691,77.4293837320068,6291.22011708775,1.00011419461277
"N[21,7]",240.677893055084,1.98323335374514,87.0208290482558,111.282526904454,179.06131883812,228.55338268608,288.739681488818,449.707532457081,1925.30171443134,1.00259163721396
"N[21,8]",1801.38304966941,11.9878306204601,485.387372114681,1114.97668093649,1455.52914503563,1714.72561951639,2051.92186391387,2994.66666113803,1639.44084504451,1.00130511965098
"N[22,1]",797.039531964669,4.07844704076637,249.29369171013,407.638269176543,622.979745254684,767.016900778176,931.112133619498,1382.34516947556,3736.22415049703,1.00041053884989
"N[22,2]",11139.5768513049,33.074692018947,2680.96454307669,6612.27738792995,9278.0082021732,10930.7033465039,12683.0507372948,16995.4783889537,6570.3805294874,0.99989057527343
"N[22,3]",1.24922280507413,0.006117499272309,0.338525331646514,0.737520792896259,1.01439878827236,1.19996702017501,1.43339011467037,2.03495688711494,3062.20662496411,1.00145984922751
"N[22,4]",56.3340786055267,0.461328001051345,24.1791249904609,22.8700157820101,39.6638735037837,52.1600393664471,68.1907140566305,113.220765327493,2747.0181528542,1.00036861244609
"N[22,5]",4671.60015963243,24.5599271759756,1275.45972773551,2787.6680545761,3774.5317860212,4472.05191110366,5326.38054634051,7751.39837711284,2696.99009490064,1.00128537916903
"N[22,6]",43.7107822567057,0.191700274781466,14.9740680409086,21.5640167578743,33.4196122858092,41.2812506774377,51.2138207295539,79.4410905023827,6101.46512987307,1.00070362339904
"N[22,7]",237.172299370094,1.39729772291827,82.7726246474269,117.588402049596,179.823936925436,224.896189020586,278.552197610042,436.531722623476,3509.09843065107,1.00069430739227
"N[22,8]",2415.73613826599,8.00004221808375,591.370061507642,1518.15744216609,2016.80734770844,2329.70072033412,2709.10867773281,3882.58807548612,5464.29466507837,0.999964739467111
"N[23,1]",907.822926453752,4.26147287295736,291.750160340117,451.375817447861,706.669508207166,869.882488361922,1061.26566561701,1567.90792518569,4687.08414585421,1.00041660126491
"N[23,2]",14425.3391442514,50.8798224002266,3665.34273220875,8169.80977807982,11861.1878694167,14141.6571400231,16653.23593083,22555.1561607486,5189.64925433546,1.00039971247458
"N[23,3]",1.15875105600533,0.00406113088797855,0.312711534916022,0.665172884384839,0.945895178677608,1.12307869322019,1.32243431607901,1.88549202075221,5929.16899536783,1.00014893649904
"N[23,4]",62.9770457720891,0.392897108407429,25.95892761017,27.6824294377447,45.2776109493913,58.1246447286487,74.9783177956886,124.365402492617,4365.31743075951,1.00073688589144
"N[23,5]",7658.36765223983,30.2621562036347,2000.01952130509,4311.37434643206,6294.45979632893,7479.94081940183,8792.88733369705,12103.5487983787,4367.86022370014,1.00088173312753
"N[23,6]",41.5166696192237,0.399917844088444,16.8315237504977,18.3114232429504,29.5920630965859,38.089914153902,50.1975856349361,80.7197355280337,1771.35375971191,1.00127195297309
"N[23,7]",314.298736634691,1.30745222644774,108.016019340353,152.505147706202,238.236622108439,298.049654750252,370.987676651948,573.976947242948,6825.3461062182,1.00034066262943
"N[23,8]",3623.77832475516,9.65175170112403,855.151760049758,2213.91831662519,3056.9738381304,3518.88103986703,4070.98369908469,5585.39033560382,7850.0804255766,0.99984069462168
"N[24,1]",854.719320626286,3.93143015620903,270.125490145194,418.475419885903,667.071706095998,825.821953391072,1002.53347103947,1467.33532218461,4720.95658540712,1.00040081672935
"N[24,2]",12101.0973175154,33.7590765600185,2994.01195542703,7219.52513329965,10023.9717033643,11782.0931492373,13737.5964918452,18960.2684152751,7865.49290052879,1.00030776485246
"N[24,3]",1.08903078092601,0.00445667402935929,0.290269997963325,0.635439044186397,0.895529402974347,1.04955041409964,1.23970002809466,1.77452589102973,4242.11619195362,1.00102774186585
"N[24,4]",102.404081517902,0.724373689369367,42.7755271653963,41.482357800227,73.611674711603,95.1007971531895,123.815534395648,200.437470296204,3487.10806190466,1.00057845986323
"N[24,5]",7931.68246582016,23.4431759668077,2059.15630067497,4664.50021252567,6551.2308827331,7647.48110324622,9007.36767956228,12715.4212547906,7715.17410972132,1.00033361616703
"N[24,6]",99.681366390718,0.824244763906636,36.5101687580911,45.0065514527512,73.7849147553511,94.4039074846107,118.957069892105,185.75985197031,1962.07356634372,1.00162196934667
"N[24,7]",363.458072602858,1.6605232348396,128.304865476107,178.62820474856,275.425273561034,342.627132386625,427.536991087824,668.93844199321,5970.30251886773,1.00017174973395
"N[24,8]",4470.51663612764,11.9491063649072,1059.20435512851,2775.04272291188,3775.09270076231,4343.82769582819,5017.03593522157,6959.81676862439,7857.57728913033,1.00049588894411
"N[25,1]",498.958712837756,2.31734479562853,167.255373401573,259.010889296852,389.412607928104,469.858654119471,573.261183450784,896.168126063414,5209.29371220868,1.00009295463347
"N[25,2]",9040.11315024356,69.2780154640153,2992.08757365201,5058.49105046101,7016.66647421954,8393.84454529406,10386.4141653844,16456.9473289379,1865.33880131275,1.00184433524978
"N[25,3]",1.06108934137754,0.0034816776222926,0.285537886013052,0.619839620031688,0.867288749755069,1.02130869376885,1.20980092984107,1.73882179844791,6725.89940288007,1.00014274110183
"N[25,4]",107.35530857799,0.707916179882492,43.6537316071344,43.5261647240202,77.6782307399446,100.066265648645,129.315543441485,209.917990704878,3802.58622753131,1.00050394671619
"N[25,5]",8487.01737908663,27.7157572170007,2487.13602335257,4605.79784580826,6851.69460806095,8161.72569588441,9745.37880144025,14349.3626857157,8052.77526164216,1.00010615581177
"N[25,6]",107.211833961852,0.479111313962946,38.198496031134,51.515634674356,81.8543497522071,101.459275322687,125.192357044913,198.156621537605,6356.52376149608,1.00082033223764
"N[25,7]",488.050527086992,2.63757723591806,186.822924626052,208.94048494337,357.609805175059,460.432699495991,589.73207575756,930.488318399687,5017.0676971104,1.00019802444121
"N[25,8]",5483.69678249686,16.2535708349552,1412.92463383347,3070.14863226918,4519.1501993448,5376.97134866771,6290.17120629095,8607.04202949646,7556.84331069057,1.00052083475123
"N[26,1]",456.170531758045,2.32338727867051,175.872678745395,221.566414523703,342.533535103294,421.265101501673,530.820368007073,897.672960005103,5729.98575979774,1.00053235946498
"N[26,2]",12835.7218993532,113.062036157256,7759.89355465658,3674.62997133264,7757.51928519405,11046.1571228284,15979.268107534,31837.7285701726,4710.61838617158,1.00040274538612
"N[26,3]",1.14004653183926,0.00683196299072714,0.356723607584036,0.618377805324591,0.898066828314186,1.08028954765786,1.31388925760074,2.00005876673362,2726.29403090724,1.00037483778977
"N[26,4]",100.766100013396,0.732065032743762,46.9756375710942,34.8551378109059,69.8227955636184,92.2876017975562,122.434353048829,213.78940607093,4117.61787059569,1.00074471390043
"N[26,5]",10515.737942876,105.038803772692,6666.59655810773,3177.98678142646,6199.17992690915,8925.80318375246,12929.2355160975,26895.7393616123,4028.17948348238,1.00075116080011
"N[26,6]",159.047267083612,1.17903399272608,63.6220100884885,65.8715779792958,114.341820542972,148.849995174611,191.835353770744,309.165618784661,2911.80387422953,1.00094917347218
"N[26,7]",498.210547460987,23.7838949448561,443.884378161786,113.296585162305,250.40567942962,378.047683925366,585.601174141485,1596.07977751422,348.31627410791,1.0098237461517
"N[26,8]",7699.63059112997,66.6565922447942,4458.74331266037,2423.18724227462,4797.73660955846,6690.90032623456,9488.79145618843,18501.789812171,4474.44040367268,1.00064236835575
"sigma_total[1]",0.763474090963661,0.00210014287802197,0.118588053690682,0.581018607252597,0.679701429151025,0.746063632946423,0.829168445137892,1.04245524661794,3188.48368327405,1.00173636068644
"sigma_total[2]",0.628449765657318,0.00138299032420366,0.0851826128229149,0.477739952592008,0.568798009505248,0.623819062352727,0.682939481448502,0.808181845922596,3793.70564628452,1.00035330396078
"sigma_total[3]",0.610442572096835,0.00244181254071865,0.110684796323009,0.410810910101782,0.533571278102227,0.607307225708851,0.680955451516789,0.832464941290337,2054.71362476657,1.0006819833662
"sigma_total[4]",0.874476125340582,0.0048687646955179,0.169270847694859,0.640011306333767,0.751293943877451,0.844198387563985,0.964984008781019,1.27900860032375,1208.72294553455,1.00401782100513
"sigma_total[5]",0.655927746792824,0.00225262268313859,0.0850394095273654,0.505838153038713,0.59591992897584,0.650367283554479,0.708021423120988,0.838644318314029,1425.15980803082,1.00158745745213
"sigma_total[6]",0.766501517054958,0.00424068748553457,0.152599503242083,0.552463643218332,0.667237810050912,0.73703257191587,0.83418072806782,1.14202673861276,1294.89246136903,1.00348641632811
"sigma_total[7]",0.786511370093741,0.00288032633327029,0.111098897231998,0.612482827248113,0.705157741697133,0.771694422725195,0.85089778273886,1.03735232185675,1487.77105936097,1.00357930148966
"sigma_total[8]",0.597619084739176,0.00161521493646708,0.0850094753549367,0.449256099749707,0.534407104145768,0.593746482188433,0.653577822850835,0.772755207666509,2769.96338104021,1.00103529068174
"prop_proc[1]",0.704936706810252,0.0078642330178844,0.164395150187267,0.334979068569143,0.601131347564034,0.729253769390845,0.833581589354296,0.951435275267913,436.983718726787,1.00816063688547
"prop_proc[2]",0.702813764888542,0.00775994891135497,0.164100447284191,0.328080303842524,0.601221741120038,0.727321708999917,0.827853572351666,0.946659643754894,447.200010971904,1.00751094078085
"prop_proc[3]",0.637881478688782,0.00837527451636728,0.185973505479411,0.224331566975973,0.51888629140995,0.658738643828373,0.780236989483418,0.928799771431386,493.064861018435,1.00903017335936
"prop_proc[4]",0.596365332337028,0.0080129897412727,0.178076358652326,0.222302761546248,0.47255693136723,0.611779363853112,0.730797770796388,0.89459947400958,493.882183561313,1.00584460018303
"prop_proc[5]",0.703646460367514,0.00840699655542564,0.157568429309919,0.357012053965983,0.601148130635412,0.722523854523162,0.825089662081742,0.955115389869403,351.282627701049,1.01262380378986
"prop_proc[6]",0.592340997167468,0.00830920417627914,0.199322864571246,0.157215619154927,0.457168540502425,0.613934905342767,0.748586420804758,0.906940689790343,575.433814010829,1.00750410693137
"prop_proc[7]",0.611796543273736,0.00842159070477366,0.191882741792242,0.195647220598516,0.484015900381089,0.635962748207393,0.762596276733061,0.913047862649695,519.138896577657,1.00797391378333
"prop_proc[8]",0.73206258646446,0.00776861078636869,0.153568065710755,0.376652835736947,0.636147000100688,0.75865621349057,0.849061185762728,0.963405205192019,390.764499045605,1.01035895064916
"sigma_rn[1]",0.636966473906577,0.00450382028658844,0.132715494122465,0.393384330376451,0.5490019425136,0.628214307507318,0.717024124325952,0.924343779587902,868.322693012829,1.00518145644897
"sigma_rn[2]",0.524140533185665,0.00377893443116025,0.105904858217411,0.321177162342947,0.454250349164243,0.51962435303852,0.595436354762545,0.734946523408689,785.403899723195,1.00298030716763
"sigma_rn[3]",0.483973303601006,0.00491733964876704,0.129079536189904,0.244864047973914,0.394610112465315,0.479241690141449,0.567054785615387,0.745632658795167,689.055778193318,1.00545377721427
"sigma_rn[4]",0.674183060193976,0.00818671091581742,0.200885379403132,0.343844184511878,0.532433570892641,0.653248309638968,0.787446612740117,1.13332042241114,602.112646424487,1.00620434040438
"sigma_rn[5]",0.548245766796802,0.00523124764993882,0.108300181845642,0.352179707041993,0.473917577128183,0.542910099676379,0.615846581385334,0.789151065863205,428.595701641152,1.00915955058806
"sigma_rn[6]",0.586706548960118,0.00757386163418742,0.188941903167985,0.264127624924001,0.463736309285361,0.567086438910217,0.69043226906644,0.991109219318051,622.331577031352,1.00722500869831
"sigma_rn[7]",0.611708285967521,0.00636029461300677,0.160540296112264,0.308511132215876,0.504711221015022,0.605652134733874,0.719193809219859,0.931180068263416,637.108873002007,1.00743082566353
"sigma_rn[8]",0.508895191042552,0.00349860442708367,0.0972753239734788,0.330027466700414,0.440968127360826,0.504082461481812,0.573011487632499,0.710716812009305,773.064426362343,1.00373179512567
"sigma_wn[1]",0.395755430094647,0.0058777568027299,0.130369976091912,0.1607175512899,0.308771925298055,0.389510078694458,0.476564844963607,0.678609481829603,491.962439255052,1.00601924669184
"sigma_wn[2]",0.326087906309644,0.00457620055218241,0.0996717718133483,0.150483299760822,0.255845140802339,0.319680258710946,0.389584879723865,0.534863159653223,474.388616146181,1.00833471710006
"sigma_wn[3]",0.350240009126692,0.00427081112211104,0.106458802809494,0.162097024533899,0.275581342778622,0.344257258709624,0.415171949735995,0.580334736740928,621.358760557147,1.00902615227189
"sigma_wn[4]",0.53074294199738,0.00442642666915097,0.129610460719569,0.305761982594835,0.442323057616562,0.521648993298242,0.606370557707179,0.814707019104857,857.380419614361,1.00138388562501
"sigma_wn[5]",0.339178947472081,0.00549605432984695,0.100648050085771,0.147465541715333,0.269957011480279,0.33752923709245,0.403453867183975,0.543777789579883,335.358019786153,1.0155905198669
"sigma_wn[6]",0.464157025790518,0.00413564903980047,0.124295232404742,0.247513486648636,0.376583687610157,0.456206174118689,0.537931976401438,0.735309838767713,903.278323814818,1.00333654945001
"sigma_wn[7]",0.466405002899195,0.0048512373964958,0.1159854304712,0.250248256847583,0.384631509529736,0.461571755777579,0.541619919445431,0.703002347838315,571.612638327192,1.00515259519927
"sigma_wn[8]",0.2940339313831,0.00487913700136375,0.09738526269679,0.115605128289813,0.226144258006298,0.285888591169891,0.35502061135604,0.504466350308484,398.382685184992,1.01350237641446
"Omega[1,1]",1,NA,0,1,1,1,1,1,NA,NA
"Omega[1,2]",0.33189256116773,0.006255768086123,0.230191503643936,-0.170873070449828,0.185454358703877,0.357880451161956,0.498416611316819,0.718915678975936,1353.99574401383,1.00204288353835
"Omega[1,3]",0.116499827565384,0.00400823028253941,0.251157269204318,-0.384760656042373,-0.0583365631582462,0.125414720397439,0.297729880241603,0.574736662103333,3926.32436522731,1.00087772782764
"Omega[1,4]",-0.103577529615595,0.00332143630166301,0.231832766488344,-0.54002357734102,-0.269286474024908,-0.109928211984794,0.0543538887663356,0.349630421936501,4871.89342700269,1.00077392957972
"Omega[1,5]",0.281844949841586,0.00522559230013311,0.233177838840357,-0.216257460533398,0.128485061818335,0.302777646811079,0.450486256463685,0.686991156801003,1991.14780507503,1.00092879356084
"Omega[1,6]",0.0678146495536883,0.00432808312086388,0.275140909891337,-0.493784681420246,-0.12627256322568,0.076739170617667,0.262312402958813,0.572938867546247,4041.28196467456,1.00035877273294
"Omega[1,7]",-0.00921970596820576,0.00374381766019142,0.236570166857945,-0.475235771135265,-0.168255446091868,-0.00923847607604766,0.153575590923996,0.446808655003551,3992.91968925283,1.00038263587297
"Omega[1,8]",0.17888540855641,0.00422795922193311,0.224800739323837,-0.285077879048514,0.0269462683452071,0.191470883744252,0.339887582772697,0.594607863594775,2827.05260970471,1.00052785431107
"Omega[2,1]",0.33189256116773,0.006255768086123,0.230191503643936,-0.170873070449828,0.185454358703877,0.357880451161956,0.498416611316819,0.718915678975936,1353.99574401383,1.00204288353835
"Omega[2,2]",1,1.05571440632503e-18,8.87973673140078e-17,1,1,1,1,1,7074.68786903163,0.999499874937461
"Omega[2,3]",0.133379315515872,0.00491426170524739,0.273056503677748,-0.424653395074533,-0.0549957028249916,0.149427831148122,0.335930757923121,0.627657123428951,3087.36864033638,1.00138406949236
"Omega[2,4]",-0.0416427738595259,0.00343277516146616,0.247058417127065,-0.522461380524375,-0.21172968197578,-0.0401059055405636,0.133933830481761,0.439285401934221,5179.74751849756,1.00087448365093
"Omega[2,5]",0.457117479249053,0.00322858863725855,0.204032186374983,0.00510759921324753,0.327791206811162,0.477898071051883,0.607757311685966,0.793647849904254,3993.6678202602,1.00020013422979
"Omega[2,6]",0.099137935740912,0.00451650989586874,0.269039931974214,-0.453081320977044,-0.0811858578125409,0.109827646368217,0.294353340827459,0.580849931100593,3548.35903473161,1.00104022169082
"Omega[2,7]",0.00716509764127386,0.00374324668361272,0.235567765427475,-0.454204674359083,-0.152019734692506,0.00403067217279763,0.16893145980763,0.462737160022272,3960.36147859323,1.00076805901934
"Omega[2,8]",0.480175611683103,0.00445891527000375,0.207973532845739,0.0198308672727385,0.352246837791127,0.506375347106075,0.635347984291699,0.812573300911133,2175.49304338563,1.00168230774052
"Omega[3,1]",0.116499827565384,0.00400823028253941,0.251157269204318,-0.384760656042373,-0.0583365631582462,0.125414720397439,0.297729880241603,0.574736662103333,3926.32436522731,1.00087772782764
"Omega[3,2]",0.133379315515872,0.00491426170524739,0.273056503677748,-0.424653395074533,-0.0549957028249916,0.149427831148122,0.335930757923121,0.627657123428951,3087.36864033638,1.00138406949236
"Omega[3,3]",1,1.02330702089756e-18,8.63426380078153e-17,1,1,1,1,1,7119.32336231716,0.999499874937461
"Omega[3,4]",-0.155315747991408,0.00341862727086907,0.257314808745485,-0.63567292135838,-0.338274029303685,-0.164440505563385,0.0210236117433931,0.35370898335315,5665.34101586819,1.00023142389031
"Omega[3,5]",0.148341125241637,0.00856968044202375,0.293679497599939,-0.467543184038491,-0.04857131906065,0.166070263236007,0.36697040215495,0.642823205194036,1174.40529800126,1.00449334064945
"Omega[3,6]",0.0520575755155894,0.00544259869533736,0.283174789289226,-0.505528086107867,-0.145739387102189,0.0606212096118098,0.250805165716347,0.585418697230866,2707.05167184331,1.0007445630238
"Omega[3,7]",0.0265229195866418,0.00794637423470068,0.276275010678106,-0.522044523788929,-0.164084996541107,0.0314413586105922,0.225246254207147,0.552900573921433,1208.77419509956,1.00533318014071
"Omega[3,8]",0.0198367608344003,0.00442958958586189,0.271556479799887,-0.518736993449155,-0.169591923632021,0.024684164424974,0.205337010198084,0.536748305879951,3758.31659470228,1.00075197373595
"Omega[4,1]",-0.103577529615595,0.00332143630166301,0.231832766488344,-0.54002357734102,-0.269286474024908,-0.109928211984794,0.0543538887663356,0.349630421936501,4871.89342700269,1.00077392957972
"Omega[4,2]",-0.0416427738595259,0.00343277516146616,0.247058417127065,-0.522461380524375,-0.21172968197578,-0.0401059055405636,0.133933830481761,0.439285401934221,5179.74751849756,1.00087448365093
"Omega[4,3]",-0.155315747991408,0.00341862727086907,0.257314808745485,-0.63567292135838,-0.338274029303685,-0.164440505563385,0.0210236117433931,0.35370898335315,5665.34101586819,1.00023142389031
"Omega[4,4]",1,1.15927321455554e-18,9.21358756313235e-17,1,1,1,1,1,6316.63718081487,0.999499874937461
"Omega[4,5]",0.0608257763902074,0.00399315991439452,0.248957866734082,-0.4349784376385,-0.10971214335384,0.0632118377575473,0.237736475615472,0.540366074148553,3887.03366821039,1.00148170995664
"Omega[4,6]",0.0441190520136917,0.00413722010489293,0.259878939391934,-0.469392306148262,-0.137452740698775,0.0551013571369712,0.227418748621084,0.527760230174143,3945.70778202986,1.00025876428874
"Omega[4,7]",0.252218775339201,0.00472373692178436,0.24803624710879,-0.256195774814112,0.089768685013433,0.264969646832997,0.429612070716244,0.698362187496052,2757.1405036132,1.00138930353458
"Omega[4,8]",0.0193340782084115,0.00415110234953329,0.244122677869108,-0.464002971509716,-0.149502449915516,0.0221674865553034,0.20171665287103,0.477638665130197,3458.51264229768,1.0010048195165
"Omega[5,1]",0.281844949841586,0.00522559230013311,0.233177838840357,-0.216257460533398,0.128485061818335,0.302777646811079,0.450486256463685,0.686991156801003,1991.14780507503,1.00092879356084
"Omega[5,2]",0.457117479249053,0.00322858863725855,0.204032186374983,0.00510759921324753,0.327791206811162,0.477898071051883,0.607757311685966,0.793647849904254,3993.6678202602,1.00020013422979
"Omega[5,3]",0.148341125241637,0.00856968044202375,0.293679497599939,-0.467543184038491,-0.04857131906065,0.166070263236007,0.36697040215495,0.642823205194036,1174.40529800126,1.00449334064945
"Omega[5,4]",0.0608257763902074,0.00399315991439452,0.248957866734082,-0.4349784376385,-0.10971214335384,0.0632118377575473,0.237736475615472,0.540366074148553,3887.03366821039,1.00148170995664
"Omega[5,5]",1,1.12539591081947e-18,7.59556879222657e-17,1,1,1,1,1,4555.22609092054,0.999499874937461
"Omega[5,6]",0.133999678005497,0.00436508931694562,0.278524394830475,-0.416199856578671,-0.0615586444025148,0.136955892113276,0.338516289542754,0.644777016404829,4071.36660005263,1.00028653250156
"Omega[5,7]",0.217608537437122,0.00589857275112799,0.229032665343325,-0.264085339664239,0.0657648516806787,0.231486954757116,0.383472452770727,0.605176355697814,1507.65153380476,1.00303786565058
"Omega[5,8]",0.53481667893672,0.00304695920727352,0.189153317938884,0.0999022375003726,0.423147517815045,0.558312916192459,0.67073440451005,0.835794565513696,3853.8485844586,1.00121228765833
"Omega[6,1]",0.0678146495536883,0.00432808312086388,0.275140909891337,-0.493784681420246,-0.12627256322568,0.076739170617667,0.262312402958813,0.572938867546247,4041.28196467456,1.00035877273294
"Omega[6,2]",0.099137935740912,0.00451650989586874,0.269039931974214,-0.453081320977044,-0.0811858578125409,0.109827646368217,0.294353340827459,0.580849931100593,3548.35903473161,1.00104022169082
"Omega[6,3]",0.0520575755155894,0.00544259869533736,0.283174789289226,-0.505528086107867,-0.145739387102189,0.0606212096118098,0.250805165716347,0.585418697230866,2707.05167184331,1.0007445630238
"Omega[6,4]",0.0441190520136917,0.00413722010489293,0.259878939391934,-0.469392306148262,-0.137452740698775,0.0551013571369712,0.227418748621084,0.527760230174143,3945.70778202986,1.00025876428874
"Omega[6,5]",0.133999678005497,0.00436508931694562,0.278524394830475,-0.416199856578671,-0.0615586444025148,0.136955892113276,0.338516289542754,0.644777016404829,4071.36660005263,1.00028653250156
"Omega[6,6]",1,1.34668383962292e-18,8.57247135582296e-17,1,1,1,1,1,4052.10591124127,0.999499874937461
"Omega[6,7]",0.0621052506925136,0.00452152345710119,0.273052802469326,-0.469759358113358,-0.12779355771816,0.0634601137303016,0.25567577231036,0.581344122262442,3646.89869963127,1.00037709014058
"Omega[6,8]",0.177970289480293,0.00678259592882799,0.274683934497333,-0.395610989664422,-0.00625499381889638,0.196247318950555,0.373826979019652,0.66735387476213,1640.11624122248,1.00250980972409
"Omega[7,1]",-0.00921970596820576,0.00374381766019142,0.236570166857945,-0.475235771135265,-0.168255446091868,-0.00923847607604766,0.153575590923996,0.446808655003551,3992.91968925283,1.00038263587297
"Omega[7,2]",0.00716509764127386,0.00374324668361272,0.235567765427475,-0.454204674359083,-0.152019734692506,0.00403067217279763,0.16893145980763,0.462737160022272,3960.36147859323,1.00076805901934
"Omega[7,3]",0.0265229195866418,0.00794637423470068,0.276275010678106,-0.522044523788929,-0.164084996541107,0.0314413586105922,0.225246254207147,0.552900573921433,1208.77419509956,1.00533318014071
"Omega[7,4]",0.252218775339201,0.00472373692178436,0.24803624710879,-0.256195774814112,0.089768685013433,0.264969646832997,0.429612070716244,0.698362187496052,2757.1405036132,1.00138930353458
"Omega[7,5]",0.217608537437122,0.00589857275112799,0.229032665343325,-0.264085339664239,0.0657648516806787,0.231486954757116,0.383472452770727,0.605176355697814,1507.65153380476,1.00303786565058
"Omega[7,6]",0.0621052506925136,0.00452152345710119,0.273052802469326,-0.469759358113358,-0.12779355771816,0.0634601137303016,0.25567577231036,0.581344122262442,3646.89869963127,1.00037709014058
"Omega[7,7]",1,2.06746697557329e-18,7.82539579793785e-17,1,1,1,1,1,1432.63469108522,0.999499874937461
"Omega[7,8]",-0.0344129321968974,0.00277645958866851,0.228849977827678,-0.473974548129029,-0.19290509382147,-0.0352116519347772,0.121192240781429,0.420811694953597,6793.89821352304,1.00033112666205
"Omega[8,1]",0.17888540855641,0.00422795922193311,0.224800739323837,-0.285077879048514,0.0269462683452071,0.191470883744252,0.339887582772697,0.594607863594775,2827.05260970471,1.00052785431107
"Omega[8,2]",0.480175611683103,0.00445891527000375,0.207973532845739,0.0198308672727385,0.352246837791127,0.506375347106075,0.635347984291699,0.812573300911133,2175.49304338563,1.00168230774052
"Omega[8,3]",0.0198367608344003,0.00442958958586189,0.271556479799887,-0.518736993449155,-0.169591923632021,0.024684164424974,0.205337010198084,0.536748305879951,3758.31659470228,1.00075197373595
"Omega[8,4]",0.0193340782084115,0.00415110234953329,0.244122677869108,-0.464002971509716,-0.149502449915516,0.0221674865553034,0.20171665287103,0.477638665130197,3458.51264229768,1.0010048195165
"Omega[8,5]",0.53481667893672,0.00304695920727352,0.189153317938884,0.0999022375003726,0.423147517815045,0.558312916192459,0.67073440451005,0.835794565513696,3853.8485844586,1.00121228765833
"Omega[8,6]",0.177970289480293,0.00678259592882799,0.274683934497333,-0.395610989664422,-0.00625499381889638,0.196247318950555,0.373826979019652,0.66735387476213,1640.11624122248,1.00250980972409
"Omega[8,7]",-0.0344129321968974,0.00277645958866851,0.228849977827678,-0.473974548129029,-0.19290509382147,-0.0352116519347772,0.121192240781429,0.420811694953597,6793.89821352304,1.00033112666205
"Omega[8,8]",1,5.12668326891951e-18,8.22759646758999e-17,1,1,1,1,1,257.556782904704,0.999499874937461
"Sigma[1,1]",0.423337489585851,0.00582013721680953,0.178745758887523,0.154751231678501,0.301403133013998,0.394653216179121,0.514123595335226,0.854411423860077,943.202720081186,1.00487491160895
"Sigma[1,2]",0.114772226721872,0.0032113765716832,0.0918114447281804,-0.0472988201095818,0.0533759320025814,0.109011994431982,0.16989565647452,0.311282000057666,817.355846527438,1.00334068474563
"Sigma[1,3]",0.0384586770375444,0.0019482229723591,0.0851416725353534,-0.123268017487103,-0.0155345252635329,0.0338576223995066,0.0871691573011672,0.216768077726421,1909.88419391102,1.00147801936311
"Sigma[1,4]",-0.0430984385269472,0.00158739010887807,0.111740382072828,-0.282673607958997,-0.100742804866632,-0.0404789589702828,0.0207826763871072,0.17606020081707,4955.10617004531,1.00068456286166
"Sigma[1,5]",0.10228706111498,0.00375073751032143,0.0951659578046374,-0.0674882801979818,0.0386154168267565,0.0972909734392371,0.158067290024474,0.321551778758352,643.76876649885,1.0034855878706
"Sigma[1,6]",0.0316065014006628,0.00220184678358549,0.115134466295769,-0.189180537489966,-0.0383149274944602,0.0241855369918332,0.0953451361482632,0.28158227064182,2734.23925450892,1.00064088062535
"Sigma[1,7]",-0.00108298403913785,0.001616492877846,0.0987573976012241,-0.197645381448429,-0.0581383398815439,-0.00309729151260106,0.0552960581705938,0.204400738736747,3732.4301015513,1.00074676947313
"Sigma[1,8]",0.0604807416593214,0.00169095879685837,0.0794133920698079,-0.0883133648753023,0.00830184106151947,0.056617741384953,0.109450882359241,0.227555342166452,2205.57303256788,1.00098156483932
"Sigma[2,1]",0.114772226721872,0.0032113765716832,0.0918114447281804,-0.0472988201095818,0.0533759320025814,0.109011994431982,0.16989565647452,0.311282000057666,817.355846527438,1.00334068474563
"Sigma[2,2]",0.285937735542329,0.00403525031805872,0.113968274086318,0.103154769741,0.206343379716926,0.270009468486724,0.354544452573145,0.540146398932326,797.67683867683,1.00308989368312
"Sigma[2,3]",0.0366336153111037,0.00187193307013862,0.0770169353831372,-0.106189007548997,-0.0120734445078743,0.0331788356370876,0.0816340192998171,0.19932330482015,1692.74614474297,1.00207308124158
"Sigma[2,4]",-0.0123362089836869,0.00135727790284654,0.094028009684811,-0.201967092460741,-0.0682458264688953,-0.0125479486713455,0.0411881329109078,0.177912201252346,4799.28929593411,1.00057041750328
"Sigma[2,5]",0.134401129922679,0.00232188994375116,0.0774964540260966,0.000886100005040075,0.0803215624998171,0.128237643910503,0.17907895608963,0.308011518322651,1113.98771396935,1.00226346086565
"Sigma[2,6]",0.0325470917313944,0.00171043609624057,0.0903078624051656,-0.145627031360281,-0.0210005886445352,0.028736932269843,0.0838288212467891,0.22151663463877,2787.64469469102,1.00162971592015
"Sigma[2,7]",-0.000658996398472937,0.00124558736595413,0.079038066188572,-0.166438156943659,-0.0465207129246426,0.00116550290493716,0.0500832767539229,0.1527427686786,4026.46772965199,1.0004961585068
"Sigma[2,8]",0.13302731753909,0.00254395575985526,0.0792486949278148,0.00438325290756699,0.0787191116812833,0.123186411284286,0.178545381450493,0.311802348151909,970.432044469207,1.00210620143095
"Sigma[3,1]",0.0384586770375444,0.0019482229723591,0.0851416725353534,-0.123268017487103,-0.0155345252635329,0.0338576223995066,0.0871691573011672,0.216768077726421,1909.88419391102,1.00147801936311
"Sigma[3,2]",0.0366336153111037,0.00187193307013862,0.0770169353831372,-0.106189007548997,-0.0120734445078743,0.0331788356370876,0.0816340192998171,0.19932330482015,1692.74614474297,1.00207308124158
"Sigma[3,3]",0.250889602570639,0.00529025887829495,0.131127693675503,0.0599584020092249,0.155717141521249,0.229672603191695,0.321551129889767,0.555968066697274,614.377066629007,1.0063641022194
"Sigma[3,4]",-0.0506948545582797,0.00131730712903406,0.094420766408444,-0.263238512085782,-0.102917880788934,-0.0449489605565024,0.00542487758348111,0.128674343827513,5137.60792567178,1.0001661822453
"Sigma[3,5]",0.0477737795024305,0.00430241009802309,0.0927992046376039,-0.116147405958018,-0.0108523653581507,0.0383129760879979,0.0990847875079006,0.260973269400921,465.226987146886,1.01047254680037
"Sigma[3,6]",0.0202426373122563,0.00219449004461105,0.0941616472391279,-0.148831894139414,-0.0327654404943001,0.0133255057105678,0.0675829834635987,0.233079651295769,1841.11478112104,1.00134401321785
"Sigma[3,7]",0.0152077477588871,0.00301226045859484,0.0904651568064734,-0.155803235576286,-0.0401032327135832,0.00762148596224227,0.0666499461382491,0.204549378268664,901.939981186378,1.00578267474707
"Sigma[3,8]",0.00647257228874743,0.00132872829952281,0.0735546678266273,-0.138532383251006,-0.0372495143607041,0.00514190016018496,0.0478392310699665,0.163745516258206,3064.41872563173,1.00117268649055
"Sigma[4,1]",-0.0430984385269472,0.00158739010887807,0.111740382072828,-0.282673607958997,-0.100742804866632,-0.0404789589702828,0.0207826763871072,0.17606020081707,4955.10617004531,1.00068456286166
"Sigma[4,2]",-0.0123362089836869,0.00135727790284654,0.094028009684811,-0.201967092460741,-0.0682458264688953,-0.0125479486713455,0.0411881329109078,0.177912201252346,4799.28929593411,1.00057041750328
"Sigma[4,3]",-0.0506948545582797,0.00131730712903406,0.094420766408444,-0.263238512085782,-0.102917880788934,-0.0449489605565024,0.00542487758348111,0.128674343827513,5137.60792567178,1.0001661822453
"Sigma[4,4]",0.494872689943497,0.0122161325639025,0.308618568560203,0.118228823404164,0.2834855081464,0.426733355597172,0.620072176209309,1.28441518225944,638.229143424626,1.00564420126215
"Sigma[4,5]",0.0240991217319672,0.00166926351459106,0.100816851756134,-0.168256923601337,-0.0349774134406364,0.0197741543459754,0.081636085257137,0.242268732718949,3647.67772262138,1.00145621833621
"Sigma[4,6]",0.0221201503209115,0.00224697364445049,0.124840188725453,-0.217842237558841,-0.0451256213882416,0.017224450106142,0.0805849560881797,0.289841129797621,3086.8311640609,1.0001266709941
"Sigma[4,7]",0.109036166671941,0.00321779847181336,0.129362649927305,-0.112719603086723,0.0286356821840542,0.0922338916854811,0.173724289698454,0.407230915699262,1616.2186890246,1.00171385435209
"Sigma[4,8]",0.00932556204367705,0.00163103008946444,0.0918662768506447,-0.168914441311787,-0.0460158580372828,0.00701067045403693,0.0609961489813637,0.198352485264704,3172.40251338372,1.0006229492142
"Sigma[5,1]",0.10228706111498,0.00375073751032143,0.0951659578046374,-0.0674882801979818,0.0386154168267565,0.0972909734392371,0.158067290024474,0.321551778758352,643.76876649885,1.0034855878706
"Sigma[5,2]",0.134401129922679,0.00232188994375116,0.0774964540260966,0.000886100005040075,0.0803215624998171,0.128237643910503,0.17907895608963,0.308011518322651,1113.98771396935,1.00226346086565
"Sigma[5,3]",0.0477737795024305,0.00430241009802309,0.0927992046376039,-0.116147405958018,-0.0108523653581507,0.0383129760879979,0.0990847875079006,0.260973269400921,465.226987146886,1.01047254680037
"Sigma[5,4]",0.0240991217319672,0.00166926351459106,0.100816851756134,-0.168256923601337,-0.0349774134406364,0.0197741543459754,0.081636085257137,0.242268732718949,3647.67772262138,1.00145621833621
"Sigma[5,5]",0.312300884082239,0.00624486766205972,0.124252081766879,0.12403054605957,0.224597869911193,0.294751376350473,0.379267011807528,0.622759404753342,395.877545278771,1.01030031304379
"Sigma[5,6]",0.042989119519727,0.00176548873235534,0.0989704559342002,-0.140971083738661,-0.0168619263631481,0.03761454737848,0.100193050050687,0.255645803136873,3142.54309162867,1.00031911353064
"Sigma[5,7]",0.081046006788519,0.00382839680512211,0.0926039777732865,-0.0744162118910599,0.0189859128321711,0.0695592383292045,0.133207528253098,0.288650145995378,585.093662264522,1.00823470032486
"Sigma[5,8]",0.153890872470422,0.00291698579168173,0.0801659315406467,0.0238345367711606,0.0978657097591534,0.145498415822335,0.199147242333073,0.338856480076004,755.28534762097,1.0037781338951
"Sigma[6,1]",0.0316065014006628,0.00220184678358549,0.115134466295769,-0.189180537489966,-0.0383149274944602,0.0241855369918332,0.0953451361482632,0.28158227064182,2734.23925450892,1.00064088062535
"Sigma[6,2]",0.0325470917313944,0.00171043609624057,0.0903078624051656,-0.145627031360281,-0.0210005886445352,0.028736932269843,0.0838288212467891,0.22151663463877,2787.64469469102,1.00162971592015
"Sigma[6,3]",0.0202426373122563,0.00219449004461105,0.0941616472391279,-0.148831894139414,-0.0327654404943001,0.0133255057105678,0.0675829834635987,0.233079651295769,1841.11478112104,1.00134401321785
"Sigma[6,4]",0.0221201503209115,0.00224697364445049,0.124840188725453,-0.217842237558841,-0.0451256213882416,0.017224450106142,0.0805849560881797,0.289841129797621,3086.8311640609,1.0001266709941
"Sigma[6,5]",0.042989119519727,0.00176548873235534,0.0989704559342002,-0.14097108373866,-0.0168619263631481,0.03761454737848,0.100193050050687,0.255645803136873,3142.54309162868,1.00031911353064
"Sigma[6,6]",0.379919154985085,0.0107725099753743,0.266322576739005,0.0697634027328068,0.215051364823064,0.321587029957427,0.47669671820659,0.98229767503196,611.198329142782,1.00760269124543
"Sigma[6,7]",0.0217982054932392,0.00189187385842273,0.111618906951121,-0.200494105821593,-0.04025620179496,0.0186311003204502,0.0805523312505562,0.259019505047386,3480.89704352347,1.00053710255657
"Sigma[6,8]",0.053863626911607,0.00193318498841664,0.088547018413911,-0.112486005403548,-0.00131297668293696,0.0509723079147455,0.107133647446525,0.239072751112854,2097.97860956314,1.00088883466881
"Sigma[7,1]",-0.00108298403913785,0.001616492877846,0.0987573976012241,-0.197645381448429,-0.0581383398815439,-0.00309729151260106,0.0552960581705938,0.204400738736747,3732.4301015513,1.00074676947313
"Sigma[7,2]",-0.000658996398472937,0.00124558736595413,0.079038066188572,-0.166438156943659,-0.0465207129246426,0.00116550290493716,0.0500832767539229,0.1527427686786,4026.46772965198,1.0004961585068
"Sigma[7,3]",0.0152077477588871,0.00301226045859484,0.0904651568064734,-0.155803235576286,-0.0401032327135832,0.00762148596224227,0.0666499461382491,0.204549378268664,901.939981186378,1.00578267474707
"Sigma[7,4]",0.109036166671941,0.00321779847181336,0.129362649927305,-0.112719603086723,0.0286356821840542,0.0922338916854811,0.173724289698454,0.407230915699262,1616.2186890246,1.00171385435209
"Sigma[7,5]",0.081046006788519,0.00382839680512211,0.0926039777732865,-0.0744162118910599,0.0189859128321711,0.0695592383292045,0.133207528253098,0.288650145995378,585.093662264522,1.00823470032486
"Sigma[7,6]",0.0217982054932392,0.00189187385842273,0.111618906951121,-0.200494105821593,-0.04025620179496,0.0186311003204502,0.0805523312505562,0.259019505047386,3480.89704352347,1.00053710255657
"Sigma[7,7]",0.399956992148802,0.00821379553494011,0.204676801033182,0.0951791189404279,0.254733422924288,0.366814508410951,0.517239739568207,0.867096338814283,620.939754465097,1.00745046328569
"Sigma[7,8]",-0.0111990352853946,0.000943194391311167,0.0747758054105888,-0.165130422747439,-0.0559348780764767,-0.00936032697826109,0.0337270153821186,0.139868920924147,6285.20981302643,1.00046876528547
"Sigma[8,1]",0.0604807416593214,0.00169095879685837,0.0794133920698079,-0.0883133648753023,0.00830184106151947,0.056617741384953,0.109450882359241,0.227555342166452,2205.57303256788,1.00098156483932
"Sigma[8,2]",0.13302731753909,0.00254395575985526,0.0792486949278148,0.00438325290756699,0.0787191116812833,0.123186411284286,0.178545381450493,0.311802348151909,970.432044469207,1.00210620143095
"Sigma[8,3]",0.00647257228874743,0.00132872829952281,0.0735546678266273,-0.138532383251006,-0.0372495143607041,0.00514190016018496,0.0478392310699665,0.163745516258206,3064.41872563173,1.00117268649055
"Sigma[8,4]",0.00932556204367705,0.00163103008946444,0.0918662768506447,-0.168914441311787,-0.0460158580372828,0.00701067045403693,0.0609961489813637,0.198352485264704,3172.40251338372,1.0006229492142
"Sigma[8,5]",0.153890872470422,0.00291698579168173,0.0801659315406467,0.0238345367711606,0.0978657097591534,0.145498415822335,0.199147242333073,0.338856480076004,755.28534762097,1.0037781338951
"Sigma[8,6]",0.053863626911607,0.00193318498841664,0.088547018413911,-0.112486005403548,-0.00131297668293696,0.0509723079147455,0.107133647446525,0.239072751112854,2097.97860956314,1.00088883466881
"Sigma[8,7]",-0.0111990352853946,0.000943194391311167,0.0747758054105888,-0.165130422747439,-0.0559348780764767,-0.00936032697826109,0.0337270153821186,0.139868920924147,6285.20981302643,1.00046876528547
"Sigma[8,8]",0.268435621309299,0.0036515428489557,0.102422025064025,0.108918128914907,0.194452889495559,0.254099128179025,0.328342165014018,0.505118387068413,786.744860012481,1.0038862037968
"N_sim[1]",0,NA,0,0,0,0,0,0,NA,NA
"N_sim[2]",0,NA,0,0,0,0,0,0,NA,NA
"N_sim[3]",0,NA,0,0,0,0,0,0,NA,NA
"N_sim[4]",0,NA,0,0,0,0,0,0,NA,NA
"N_sim[5]",0,NA,0,0,0,0,0,0,NA,NA
"N_sim[6]",0,NA,0,0,0,0,0,0,NA,NA
"N_sim[7]",0,NA,0,0,0,0,0,0,NA,NA
"N_sim[8]",0,NA,0,0,0,0,0,0,NA,NA
"N_sim[9]",0,NA,0,0,0,0,0,0,NA,NA
"N_sim[10]",0,NA,0,0,0,0,0,0,NA,NA
"N_sim[11]",0,NA,0,0,0,0,0,0,NA,NA
"N_sim[12]",0,NA,0,0,0,0,0,0,NA,NA
"N_sim[13]",0,NA,0,0,0,0,0,0,NA,NA
"N_sim[14]",0,NA,0,0,0,0,0,0,NA,NA
"N_sim[15]",0,NA,0,0,0,0,0,0,NA,NA
"N_sim[16]",0,NA,0,0,0,0,0,0,NA,NA
"N_sim[17]",0,NA,0,0,0,0,0,0,NA,NA
"N_sim[18]",0,NA,0,0,0,0,0,0,NA,NA
"N_sim[19]",0,NA,0,0,0,0,0,0,NA,NA
"N_sim[20]",0,NA,0,0,0,0,0,0,NA,NA
"N_sim[21]",0,NA,0,0,0,0,0,0,NA,NA
"N_sim[22]",0,NA,0,0,0,0,0,0,NA,NA
"N_sim[23]",0,NA,0,0,0,0,0,0,NA,NA
"N_sim[24]",0,NA,0,0,0,0,0,0,NA,NA
"N_sim[25]",0,NA,0,0,0,0,0,0,NA,NA
"N_sim[26]",0,NA,0,0,0,0,0,0,NA,NA
"N_sim[27]",0,NA,0,0,0,0,0,0,NA,NA
"N_sim[28]",0,NA,0,0,0,0,0,0,NA,NA
"N_sim[29]",0,NA,0,0,0,0,0,0,NA,NA
"N_sim[30]",0,NA,0,0,0,0,0,0,NA,NA
"N_sim[31]",0,NA,0,0,0,0,0,0,NA,NA
"N_sim[32]",0,NA,0,0,0,0,0,0,NA,NA
"N_sim[33]",0,NA,0,0,0,0,0,0,NA,NA
"N_sim[34]",0,NA,0,0,0,0,0,0,NA,NA
"N_sim[35]",0,NA,0,0,0,0,0,0,NA,NA
"N_sim[36]",0,NA,0,0,0,0,0,0,NA,NA
"N_sim[37]",0,NA,0,0,0,0,0,0,NA,NA
"N_sim[38]",0,NA,0,0,0,0,0,0,NA,NA
"N_sim[39]",0,NA,0,0,0,0,0,0,NA,NA
"N_sim[40]",0,NA,0,0,0,0,0,0,NA,NA
"N_sim[41]",0,NA,0,0,0,0,0,0,NA,NA
"N_sim[42]",0,NA,0,0,0,0,0,0,NA,NA
"N_sim[43]",0,NA,0,0,0,0,0,0,NA,NA
"N_sim[44]",0,NA,0,0,0,0,0,0,NA,NA
"N_sim[45]",0,NA,0,0,0,0,0,0,NA,NA
"N_sim[46]",0,NA,0,0,0,0,0,0,NA,NA
"N_sim[47]",0,NA,0,0,0,0,0,0,NA,NA
"N_sim[48]",0,NA,0,0,0,0,0,0,NA,NA
"N_sim[49]",0,NA,0,0,0,0,0,0,NA,NA
"N_sim[50]",0,NA,0,0,0,0,0,0,NA,NA
"N_sim[51]",0,NA,0,0,0,0,0,0,NA,NA
"N_sim[52]",0,NA,0,0,0,0,0,0,NA,NA
"N_sim[53]",0,NA,0,0,0,0,0,0,NA,NA
"N_sim[54]",0,NA,0,0,0,0,0,0,NA,NA
"N_sim[55]",0,NA,0,0,0,0,0,0,NA,NA
"N_sim[56]",0,NA,0,0,0,0,0,0,NA,NA
"N_sim[57]",0,NA,0,0,0,0,0,0,NA,NA
"N_sim[58]",0,NA,0,0,0,0,0,0,NA,NA
"N_sim[59]",0,NA,0,0,0,0,0,0,NA,NA
"N_sim[60]",0,NA,0,0,0,0,0,0,NA,NA
"N_sim[61]",0,NA,0,0,0,0,0,0,NA,NA
"N_sim[62]",0,NA,0,0,0,0,0,0,NA,NA
"N_sim[63]",0,NA,0,0,0,0,0,0,NA,NA
"N_sim[64]",0,NA,0,0,0,0,0,0,NA,NA
"N_sim[65]",0,NA,0,0,0,0,0,0,NA,NA
"N_sim[66]",0,NA,0,0,0,0,0,0,NA,NA
"N_sim[67]",0,NA,0,0,0,0,0,0,NA,NA
"N_sim[68]",0,NA,0,0,0,0,0,0,NA,NA
"N_sim[69]",0,NA,0,0,0,0,0,0,NA,NA
"N_sim[70]",0,NA,0,0,0,0,0,0,NA,NA
"N_sim[71]",0,NA,0,0,0,0,0,0,NA,NA
"N_sim[72]",0,NA,0,0,0,0,0,0,NA,NA
"N_sim[73]",0,NA,0,0,0,0,0,0,NA,NA
"N_sim[74]",0,NA,0,0,0,0,0,0,NA,NA
"N_sim[75]",0,NA,0,0,0,0,0,0,NA,NA
"N_sim[76]",0,NA,0,0,0,0,0,0,NA,NA
"N_sim[77]",0,NA,0,0,0,0,0,0,NA,NA
"N_sim[78]",0,NA,0,0,0,0,0,0,NA,NA
"N_sim[79]",0,NA,0,0,0,0,0,0,NA,NA
"N_sim[80]",0,NA,0,0,0,0,0,0,NA,NA
"N_sim[81]",0,NA,0,0,0,0,0,0,NA,NA
"N_sim[82]",0,NA,0,0,0,0,0,0,NA,NA
"N_sim[83]",0,NA,0,0,0,0,0,0,NA,NA
"N_sim[84]",0,NA,0,0,0,0,0,0,NA,NA
"N_sim[85]",0,NA,0,0,0,0,0,0,NA,NA
"N_sim[86]",0,NA,0,0,0,0,0,0,NA,NA
"N_sim[87]",0,NA,0,0,0,0,0,0,NA,NA
"N_sim[88]",0,NA,0,0,0,0,0,0,NA,NA
"N_sim[89]",0,NA,0,0,0,0,0,0,NA,NA
"N_sim[90]",0,NA,0,0,0,0,0,0,NA,NA
"N_sim[91]",0,NA,0,0,0,0,0,0,NA,NA
"N_sim[92]",0,NA,0,0,0,0,0,0,NA,NA
"N_sim[93]",0,NA,0,0,0,0,0,0,NA,NA
"N_sim[94]",0,NA,0,0,0,0,0,0,NA,NA
"N_sim[95]",0,NA,0,0,0,0,0,0,NA,NA
"N_sim[96]",0,NA,0,0,0,0,0,0,NA,NA
"N_sim[97]",0,NA,0,0,0,0,0,0,NA,NA
"N_sim[98]",0,NA,0,0,0,0,0,0,NA,NA
"N_sim[99]",0,NA,0,0,0,0,0,0,NA,NA
"N_sim[100]",0,NA,0,0,0,0,0,0,NA,NA
"N_sim[101]",0,NA,0,0,0,0,0,0,NA,NA
"N_sim[102]",0,NA,0,0,0,0,0,0,NA,NA
"N_sim[103]",0,NA,0,0,0,0,0,0,NA,NA
"N_sim[104]",0,NA,0,0,0,0,0,0,NA,NA
"N_sim[105]",0,NA,0,0,0,0,0,0,NA,NA
"N_sim[106]",0,NA,0,0,0,0,0,0,NA,NA
"N_sim[107]",0,NA,0,0,0,0,0,0,NA,NA
"N_sim[108]",0,NA,0,0,0,0,0,0,NA,NA
"N_sim[109]",0,NA,0,0,0,0,0,0,NA,NA
"N_sim[110]",0,NA,0,0,0,0,0,0,NA,NA
"N_sim[111]",0,NA,0,0,0,0,0,0,NA,NA
"N_sim[112]",0,NA,0,0,0,0,0,0,NA,NA
"N_sim[113]",0,NA,0,0,0,0,0,0,NA,NA
"N_sim[114]",0,NA,0,0,0,0,0,0,NA,NA
"N_sim[115]",0,NA,0,0,0,0,0,0,NA,NA
"N_sim[116]",0,NA,0,0,0,0,0,0,NA,NA
"N_sim[117]",0,NA,0,0,0,0,0,0,NA,NA
"N_sim[118]",0,NA,0,0,0,0,0,0,NA,NA
"N_sim[119]",0,NA,0,0,0,0,0,0,NA,NA
"N_sim[120]",0,NA,0,0,0,0,0,0,NA,NA
"N_sim[121]",0,NA,0,0,0,0,0,0,NA,NA
"N_sim[122]",0,NA,0,0,0,0,0,0,NA,NA
"N_sim[123]",0,NA,0,0,0,0,0,0,NA,NA
"N_sim[124]",0,NA,0,0,0,0,0,0,NA,NA
"N_sim[125]",0,NA,0,0,0,0,0,0,NA,NA
"N_sim[126]",0,NA,0,0,0,0,0,0,NA,NA
"N_sim[127]",0,NA,0,0,0,0,0,0,NA,NA
"N_sim[128]",0,NA,0,0,0,0,0,0,NA,NA
"N_sim[129]",0,NA,0,0,0,0,0,0,NA,NA
"N_sim[130]",0,NA,0,0,0,0,0,0,NA,NA
"N_sim[131]",0,NA,0,0,0,0,0,0,NA,NA
"N_sim[132]",0,NA,0,0,0,0,0,0,NA,NA
"N_sim[133]",0,NA,0,0,0,0,0,0,NA,NA
"N_sim[134]",0,NA,0,0,0,0,0,0,NA,NA
"N_sim[135]",0,NA,0,0,0,0,0,0,NA,NA
"N_sim[136]",0,NA,0,0,0,0,0,0,NA,NA
"N_sim[137]",0,NA,0,0,0,0,0,0,NA,NA
"N_sim[138]",0,NA,0,0,0,0,0,0,NA,NA
"N_sim[139]",0,NA,0,0,0,0,0,0,NA,NA
"N_sim[140]",0,NA,0,0,0,0,0,0,NA,NA
"N_sim[141]",0,NA,0,0,0,0,0,0,NA,NA
"N_sim[142]",0,NA,0,0,0,0,0,0,NA,NA
"N_all[1,1]",74.2177419678918,2.51281424727184,179.872360623817,1.02618635333701,19.7276829128548,43.9550734620969,82.8430912213711,310.798288921451,5123.98791860106,1.00053378645933
"N_all[1,2]",3702.07320247193,44.8284791196327,2497.3003730563,977.011203045859,2088.63891037998,3080.49252165881,4647.10210881004,10071.5697893443,3103.36997604031,1.00136802012575
"N_all[1,3]",0.538262297843685,0.0261197739994735,1.59098663617454,0.0286952291746514,0.122909321766616,0.220498792455048,0.431416330060596,3.14621675854008,3710.17362379597,1.00035627436835
"N_all[1,4]",18.5226388986372,2.85416790664075,227.795867328255,0.133682436242118,3.222245142043,8.47000473925954,17.4984921476025,70.8532066178257,6369.90044449121,1.00011836821486
"N_all[1,5]",1509.12685931251,12.8827757441736,760.419749783444,540.968325560182,983.464497817406,1360.33369739632,1868.35457188048,3292.07117692207,3484.07810262542,1.00130389266325
"N_all[1,6]",52.5856963984096,6.40555336995719,420.466187701743,0.754890630935623,9.42226207454651,19.7772702444984,37.8010180778518,219.248568387399,4308.72569305727,1.00006525543362
"N_all[1,7]",42.1559887311326,0.325424817838849,14.773513815966,19.9163965145136,32.0113258534285,39.9590308689265,49.9765616854404,75.7233228898275,2060.94434727733,1.00143066140607
"N_all[1,8]",1659.45935660162,17.0534604756219,1130.35415948981,444.130635505609,939.430247699108,1373.74430608798,2018.16400944034,4544.22391955084,4393.43328106955,1.00103997571931
"N_all[2,1]",89.5219475397015,3.42855200302589,273.102582961894,1.35523840277573,19.8865825830408,47.9434963448906,98.0527919647392,407.134840954098,6344.9781834232,1.00033752092605
"N_all[2,2]",4333.57676477368,39.5697930977803,2361.05288581099,1358.31136787986,2683.51316911945,3822.8352175774,5416.30500596235,10371.7879404831,3560.27767689616,1.00104235691234
"N_all[2,3]",0.580446305426898,0.0260022038639066,1.60341381567636,0.0271335412884123,0.136129487224065,0.256569818550478,0.521560188095343,3.03532594751848,3802.51490253677,1.0007205657834
"N_all[2,4]",15.6846604519365,0.743340380278451,52.3940904419689,0.139474594965959,2.49614032720885,6.58905531958428,15.1653413705705,83.0613774113688,4968.08662659099,1.00064043096573
"N_all[2,5]",1469.03475505091,6.33809466152225,442.969683300058,811.064949628424,1165.8548370324,1395.61352378105,1690.6982643782,2534.03807008775,4884.61755628608,1.00035586339839
"N_all[2,6]",55.1968865393615,5.60702700746404,307.374122511468,0.859012110473443,8.63050717019526,19.8810869453437,41.9888147041512,259.328795795218,3005.17182116876,1.00031638251653
"N_all[2,7]",28.8146314912748,0.320251812052951,12.3345628594776,12.5679973882238,20.1324832066404,26.2392338281817,34.6625197659621,58.8937394067833,1483.42069547717,1.00423996154708
"N_all[2,8]",1866.64687308072,17.7536390290726,1181.96228162834,521.948756814935,1084.19663859447,1588.76666737265,2305.55995364653,4923.55967407803,4432.33384833234,1.00101504657606
"N_all[3,1]",108.044783566704,3.65356840697177,270.665991368355,1.88274831417529,22.1969161472256,54.155386249813,117.72219279882,520.848193271589,5488.23748283302,1.00055629116331
"N_all[3,2]",5227.86806794721,30.0869260765424,1620.5762139387,2924.52151942917,4130.18379513891,4949.85362804178,5999.77987024937,9274.92351522933,2901.23750159024,1.00210274986597
"N_all[3,3]",0.647705105914244,0.0257745291145016,1.53353870846472,0.0306723645468291,0.165596820799577,0.315283059812108,0.626765698227885,3.29033489230466,3540.03866707473,1.00071810416752
"N_all[3,4]",19.3360586944801,0.895065962861564,74.5060949921028,0.184147882723079,2.52306801489654,6.80643023166752,16.6240860233459,105.378796062375,6929.04718806067,1.00084801710243
"N_all[3,5]",2202.04560583803,7.36625423783279,604.102209782098,1263.34266556863,1806.02222080187,2108.2294341441,2516.23991027555,3628.85380569669,6725.54434895294,1.00087309497843
"N_all[3,6]",60.7206267800928,4.18713199410852,267.782287151749,0.90474556458378,9.37014308452341,21.6446944410829,48.0116837046941,321.446767774105,4090.06669362693,1.00039619239224
"N_all[3,7]",42.5317367541007,0.396993409662563,16.27148052929,19.8661190725421,31.0964859958561,39.3049524034906,50.7929329850495,82.6768683836405,1679.91592539179,1.00304777603842
"N_all[3,8]",2159.49980528552,13.8327829833421,1090.07282155926,784.884759603392,1439.01937435907,1934.07939188968,2599.93039776488,4943.79366668606,6210.00423345011,0.999831982003579
"N_all[4,1]",177.474188483228,6.17407150328869,431.699083044905,2.78834069234738,30.4966217531616,80.0600005660521,186.839839291103,949.770480401638,4888.98767822187,1.0003813100663
"N_all[4,2]",10691.6747164001,32.8941897896448,2755.61107328583,6126.134219326,8818.73923055944,10446.6016556482,12175.8991023522,16997.665058743,7017.74292229893,1.00017778911315
"N_all[4,3]",0.834322554719769,0.0278321994020632,1.70519221358818,0.0355012249683483,0.204936313631471,0.419862146056088,0.82638050129066,4.28419400345586,3753.63143325143,1.00038236314045
"N_all[4,4]",28.7332609413964,1.90605453352653,159.192562385145,0.229817922359877,2.94542124116071,8.08711700623773,21.6182943950308,160.156493997978,6975.49292617575,1.00055119287771
"N_all[4,5]",5202.19444555416,49.752171626006,1583.62785797936,2555.15565942002,4059.95284353339,5082.1605470399,6198.0205435847,8547.91245671489,1013.16967363122,1.00408369671591
"N_all[4,6]",86.8356900398943,8.53682334565165,710.745194086003,0.970631116387495,10.4788861590685,25.8210552737647,63.7383384720447,419.393226297084,6931.62843141431,0.999978683042906
"N_all[4,7]",101.634544544265,0.841411326452367,38.0321664052718,46.7374856069574,75.5770410581552,95.6281704709909,120.604371756566,193.088313671795,2043.08023051706,1.0020498811086
"N_all[4,8]",3195.4526183627,11.199060460619,830.79476347361,1778.74415682423,2653.81039752179,3123.91147462106,3629.3922335773,5095.12842630809,5503.31437469885,1.00007049803986
"N_all[5,1]",180.606512041739,6.54010626716095,421.968944877036,2.97610480671738,30.4877893893317,76.7959566349097,181.63823512618,991.213454566207,4162.85582326432,1.00045554203957
"N_all[5,2]",13051.7156569757,66.86907904295,3503.74003358118,7038.84729009371,10604.2653804024,12834.2172333166,15160.1862749716,20650.4172555707,2745.4470178191,1.0013708889018
"N_all[5,3]",0.891481908783632,0.0276257170140735,1.88205565349314,0.0402131965495365,0.213684503209748,0.456461137084772,0.92345708365431,4.32901338982086,4641.28038788249,1.00068815180676
"N_all[5,4]",37.8921761148719,4.73704631027795,386.624768320266,0.311076920140469,3.0958166161478,9.06008055964472,25.066340889092,200.190471340668,6661.37809415246,1.00010168034138
"N_all[5,5]",3833.83575437688,14.2680268092052,1020.66327818309,2124.7810313137,3158.79365575896,3724.66042584107,4385.0118326863,6208.38287136359,5117.25602833023,1.00051359705708
"N_all[5,6]",96.8469545728764,10.7628710261359,792.131928805902,1.21494727780897,10.3334739809194,26.5841544072691,65.162315926443,486.524934770022,5416.74967273078,1.00030252178982
"N_all[5,7]",188.886108193207,2.48704004722163,83.0362777369084,71.5252790240101,127.320939657346,175.081543296727,232.633251183848,383.771020256584,1114.73128217658,1.00407126177708
"N_all[5,8]",2822.76537757161,8.49627236176213,687.861364412884,1666.64393965481,2372.56449867402,2755.18930615393,3179.91821702075,4402.36530441584,6554.5817084308,1.00025300568484
"N_all[6,1]",146.312566217618,5.38568193136852,366.032475505115,3.84838157208817,28.0721194867971,67.3957567501368,150.136937388434,717.566085304319,4619.10501134665,1.00005838110834
"N_all[6,2]",10899.6680349523,58.5137300341005,2868.98996759728,6020.95505668456,8928.09041763789,10659.6737244959,12648.2497390391,17045.4691546105,2404.04444162616,1.00079832843591
"N_all[6,3]",0.81514366237878,0.0199964655750034,1.34150424733364,0.0439063070600469,0.238938961755461,0.474664518260792,0.891159769710349,3.72724677274818,4500.67470319485,1.00017120192966
"N_all[6,4]",21.7366247585476,0.985602557042079,76.717039391206,0.310550552438944,2.66714092975098,7.04372774822274,17.624804459671,121.473125156832,6058.70805256166,1.00020809809194
"N_all[6,5]",2222.41413078053,7.82705489551463,589.556026151828,1309.0034007638,1826.23436900998,2139.3367722253,2518.52843940548,3643.24943386873,5673.53066036903,1.00046511501011
"N_all[6,6]",76.4509934769832,6.54965251217373,466.691516210643,1.24101923913313,9.54865327423822,23.7811953180725,56.7714429287177,392.634429035584,5077.1885673771,1.00006971659394
"N_all[6,7]",83.5886966951691,0.740140743762537,32.077707868259,39.0793933565893,60.9900161383806,77.4098780718188,100.399306729757,160.448019937435,1878.35654083691,1.00109351716911
"N_all[6,8]",2176.4636877377,6.77574780926668,498.713352505613,1311.91048414657,1835.50211028909,2149.35626710166,2455.24119563206,3286.25931187552,5417.35786494875,1.00193923576442
"N_all[7,1]",95.8258177666593,3.41988370213905,228.751564371223,3.53747374658884,18.9843087937803,45.3844156073662,98.2080671782425,473.617306358393,4474.09777241655,1.00042993969369
"N_all[7,2]",4901.20736631906,20.702126141222,1285.34496383557,2937.38196859187,4021.56048553475,4699.00796101209,5552.48611644125,8072.09492986789,3854.86789539817,1.00081561788515
"N_all[7,3]",0.790600050455183,0.0196367390451908,1.40788628034901,0.0497828063295375,0.244347135441582,0.469749867931071,0.876918929171909,3.65375185834732,5140.39409570838,1.00032733843135
"N_all[7,4]",23.3738094201,1.69850715386502,142.52610823423,0.408142603816135,3.01667007570328,7.66318185790545,18.9107293578607,129.850098912031,7041.32017371785,1.00000207134377
"N_all[7,5]",1125.2276108034,6.30114668172303,312.400444314447,665.929350131839,910.426105758489,1075.94512769616,1285.37280905113,1867.47917059462,2458.01261132166,1.00041047137318
"N_all[7,6]",68.9045392709697,5.82274356447832,398.842418402144,1.10510094778917,8.38755832202019,20.6899407645593,48.9991526549542,362.775821586887,4691.88494555704,1.00014287363692
"N_all[7,7]",122.669167344643,0.509838779360155,42.3579945822427,59.7425814224306,92.5518173649279,116.98963050907,145.415934789683,223.616641694722,6902.47829306304,1.00032419844123
"N_all[7,8]",1002.05901385954,4.87915392942537,244.253310315953,631.553608324583,838.03981268241,965.649070335964,1125.51778991077,1595.43404003197,2506.06238197961,1.00052820993947
"N_all[8,1]",102.886141812904,3.897596730261,247.507545293557,4.23342287766092,21.4551163485704,48.1174860405355,103.153534656552,500.501346412571,4032.58083144015,1.00042138102809
"N_all[8,2]",5539.30357840171,23.2039483258023,1391.94279611207,3217.16984468479,4573.79181318002,5405.1729557138,6358.1860937066,8683.67487007458,3598.47919482688,1.00015283813324
"N_all[8,3]",0.900755841900348,0.0212194628350512,1.4581485396769,0.0580993188331768,0.291592378435087,0.546331220797956,1.00409346172745,3.90367749590989,4722.09546889047,1.00017005057896
"N_all[8,4]",22.5844452626519,1.02116392873863,87.3240918319197,0.497555674099616,3.20764423863074,7.96002563579766,19.8519745420173,125.660896005879,7312.6910294168,1.00005825241985
"N_all[8,5]",1281.36702809665,4.25101147309486,328.129604346831,731.870745759437,1051.71956234276,1251.2739985948,1478.62072081559,2019.69271788086,5958.07924926998,1.00036352161762
"N_all[8,6]",70.3209421249111,5.77120518652283,427.071155325114,1.18628389198761,8.74926442780061,21.427592480297,52.3211668738135,372.478384438002,5476.05055893576,1.00025611012678
"N_all[8,7]",150.928405374303,0.773472637233386,52.5565907035657,71.3226585910174,114.022452851164,143.266861432721,178.66344497239,272.773836642199,4617.04876343453,1.00057800116405
"N_all[8,8]",961.812334548238,2.57977918908134,222.969986716782,599.44621195083,810.991179288863,936.120988180585,1080.9535130925,1476.98985979873,7470.12288223206,1.00008188611777
"N_all[9,1]",73.6752035338316,2.10618113005061,142.305437373331,3.82022834948373,16.4817922982139,36.5342857078598,76.5972090966978,378.173716511637,4565.11322984671,1.00038902315635
"N_all[9,2]",3624.1973725288,11.2376226765925,927.637038963165,2112.87276287635,2998.59911405574,3523.03018218849,4115.1010630748,5758.79811809479,6814.08066334061,1.000111733773
"N_all[9,3]",0.863026085730586,0.0175367680692334,1.17924818278534,0.0708233945573715,0.296037168358653,0.550405539228554,0.994070209945819,3.69158661585364,4521.79963803236,1.00036732934413
"N_all[9,4]",21.7579825576725,1.95589082292946,173.621176883238,0.554056224515737,3.11190829893023,7.72046716882151,17.7912209086924,115.721689382848,7879.81776069364,1.00042324356101
"N_all[9,5]",674.786607454219,4.12620726919745,193.647129174593,391.145986605812,540.932972699287,642.494827636551,770.953125604211,1132.63761485189,2202.52094077996,1.00283665217184
"N_all[9,6]",70.8531898342795,7.45078162325747,548.978319535541,1.09299215626194,7.94573185910741,19.2819908629253,49.0780276068163,371.240569513884,5428.83594013543,0.999975090617081
"N_all[9,7]",128.539205445089,0.539197880669698,44.6505922759005,60.6571566612569,97.3521868923177,122.536400067444,151.309157479654,233.345166483515,6857.37808278352,1.00022473299779
"N_all[9,8]",666.882578173111,3.4539569777033,169.725604708097,410.664838961816,552.921866188079,638.183511780566,751.388154397426,1075.31081184899,2414.68721086461,1.00152672836396
"N_all[10,1]",60.4303683341335,1.51034204486433,106.421231185573,4.11546116390457,16.4994816423236,32.8666048682047,66.9654098798778,283.785537192003,4964.84772605517,1.0000231243195
"N_all[10,2]",2821.25726934186,11.5555015535082,754.220459204981,1689.75391515222,2311.75508993205,2688.94528005127,3198.08635761232,4709.03828961985,4260.09238602934,1.00107170897534
"N_all[10,3]",0.82656832269326,0.0136939447038759,0.978133095525416,0.0848501852810474,0.326203486713461,0.572835666801029,0.989192428328251,3.14225646592872,5101.98018601408,1.00072283981699
"N_all[10,4]",16.117168854826,0.545817877518166,40.0536052538907,0.573755417002107,3.27904862820332,7.34587599655718,15.8485460606563,86.5621980398386,5385.02487908496,1.00156656248759
"N_all[10,5]",630.284324859695,3.41332059139162,176.232287649913,371.148291498308,509.042119758169,602.098392279461,718.618458130051,1061.48504718652,2665.73390768534,1.00142378854
"N_all[10,6]",67.1365333277978,6.2654329434308,471.754647149225,1.27857862044171,8.41154407700627,19.9739895091586,47.4857792972799,368.706170765076,5669.30995371999,0.999857167967086
"N_all[10,7]",97.3176778174909,0.531240094147654,34.3670601145901,46.7002680028957,73.700099513892,91.6495840465795,115.081783295841,180.369578455117,4185.07336024713,1.00105204474194
"N_all[10,8]",720.555567086625,2.57846645892371,176.054591616043,450.483082396824,604.51786305215,694.396870802383,805.304302903479,1147.57798596489,4661.99431550402,1.00086521009747
"N_all[11,1]",58.9077382487424,1.19934322237318,79.0868203027571,5.63269857647157,19.3931003956967,36.8611787776449,69.2369248460872,245.809109416746,4348.31762255074,1.0002847208337
"N_all[11,2]",3251.05001294409,15.598902314651,877.701755834509,1936.28220068554,2656.708011189,3113.75415957933,3674.84774541601,5398.66175356062,3165.96316403413,1.00187685096549
"N_all[11,3]",0.836421779475347,0.0117867384609238,0.819480841147838,0.112097639389861,0.373036908581469,0.621475047728156,1.00148726115263,2.91816804319848,4833.81822901912,1.00088124432142
"N_all[11,4]",14.861390725388,0.448737219845384,32.0881487344813,0.844850868313474,3.64659533786186,7.64527595746968,15.3445660324166,71.6261060524361,5113.34549873015,1.00116202585027
"N_all[11,5]",804.411161339699,6.28190182051035,235.271071298987,472.504907223728,640.517411501711,767.625778042203,917.506775725039,1373.06718370942,1402.66761795481,1.00380857279298
"N_all[11,6]",66.8762796341636,4.78857622971531,332.729466342948,1.5861541376355,10.0892088887345,23.4332779231589,54.0435171223402,362.683030740948,4828.02728906303,1.00000367074563
"N_all[11,7]",103.099737764347,0.430447865135898,36.4075016122295,49.3059255181349,77.7488027454882,97.5360685784418,121.398778918717,191.73504205896,7153.86332053622,1.00083870647813
"N_all[11,8]",1080.05504610443,2.98097848284158,251.510286925607,668.214518158868,912.656266406154,1053.42545705124,1210.42776910957,1675.77480016721,7118.58742135477,1.00010190498861
"N_all[12,1]",78.3341729120684,1.13936388620142,78.022402958123,10.7376004626696,33.0687971094161,56.2290510401361,96.6314447164139,262.374185939627,4689.3618285307,1.00015695740258
"N_all[12,2]",6186.25288746475,17.522879223048,1522.28508035216,3710.34932292168,5154.48737806225,6021.12437851016,7024.29746036327,9691.60708349188,7547.11637451881,1.00012398848941
"N_all[12,3]",0.959901516052942,0.0110596785071265,0.729010989407872,0.21183416610256,0.522540517474252,0.785232535226614,1.16226105702138,2.82223502398748,4344.93360959286,1.00027810183975
"N_all[12,4]",12.0955282346314,0.214776291763249,17.8354629940712,1.17641626412381,4.2486893046192,7.55821374724829,13.9983363458101,49.2382663219065,6895.9816310259,1.00085533069048
"N_all[12,5]",2129.81072521744,11.3673378296144,553.27470555859,1207.87433764781,1746.28127392046,2083.99838106062,2450.76263811133,3313.95571317314,2368.99474418027,1.0026874835694
"N_all[12,6]",68.1846980192351,2.78620301593381,201.255510855663,2.41444258661354,13.4501527169944,29.6386912421794,61.1977748760779,364.717028127174,5217.59116970359,1.00024676653409
"N_all[12,7]",111.109007884865,0.494978439157362,39.0618091769311,53.4911662815956,84.3637212593308,105.71955951701,130.292164592435,203.518826095385,6227.76396841302,0.999861777659722
"N_all[12,8]",2227.8243513098,6.3521223571575,519.274744611358,1344.11856029446,1881.3474506466,2181.7402875088,2515.80612231698,3428.97223199512,6682.77272643328,0.999975214828465
"N_all[13,1]",88.2889843581001,1.48009100983218,70.1479138099292,17.841922939216,44.2851927981168,69.3215624911105,109.294760084622,266.212487825528,2246.22200764606,1.00049911171535
"N_all[13,2]",9360.92940571897,36.2318837218999,2403.17859704087,5212.36757111722,7729.93323952493,9175.89523599654,10754.899884634,14642.5563971411,4399.3677528324,1.0005051276307
"N_all[13,3]",1.01119699078819,0.00933355669166534,0.598042277497884,0.31058978187165,0.619033641210018,0.873115353305034,1.23611025280279,2.53078603142601,4105.53192911993,1.00052324333372
"N_all[13,4]",9.26736967830414,0.122121909684371,9.74257996158935,1.44984248752759,4.12641500479609,6.7060342474878,11.0418086529036,32.2481173477114,6364.44860702877,0.999961154437288
"N_all[13,5]",2933.45165436537,11.9715349625262,780.887349379652,1620.75063217895,2398.39569494579,2881.60630449108,3377.11826095532,4710.25450066381,4254.77989032435,1.00056660414568
"N_all[13,6]",70.7650176916701,2.74242341367671,225.038059000158,2.96552785021478,15.9751000578416,33.2112971555188,68.138182674106,375.530814031808,6733.53203164037,0.99990096746553
"N_all[13,7]",75.5310935500791,0.543619862887492,29.0477127850633,35.9102812562615,55.3992219507921,69.7546836656556,89.9658910665899,144.751511628354,2855.17840461709,1.00121523496407
"N_all[13,8]",3804.33485536497,22.8091192065492,962.120304588088,2059.62958265795,3133.30446273849,3779.61365789308,4418.16073313974,5810.73068638635,1779.2694839841,1.00253487995209
"N_all[14,1]",61.821483548436,0.56918287763468,27.7875810199974,29.2797748444169,43.7467160270278,55.370842615757,72.1284930487896,129.666479871839,2383.40491139646,1.00059220001993
"N_all[14,2]",7081.86320291793,24.0661991897003,1752.20695358798,4169.28363030634,5917.51299328107,6900.66357423212,8064.83980819689,10940.0995461051,5300.97535495591,1.00025019774367
"N_all[14,3]",0.984996630609219,0.00385185134732973,0.300198337206574,0.516528855390341,0.783036147043782,0.942619774703027,1.13333003047399,1.70198219238004,6074.03833038617,0.999647898568801
"N_all[14,4]",7.55501763066007,0.042521996482708,3.54176969405388,3.00472569833337,5.18279044940401,6.88623421234058,9.10891001254299,15.9308708149781,6937.66524517989,0.999873845904505
"N_all[14,5]",2066.42769484271,7.25479643754809,534.275652889481,1226.28994788004,1704.38448190068,1992.45943469726,2343.95985640492,3346.00247194536,5423.50825166732,1.00017067905813
"N_all[14,6]",60.0405076945415,1.7757119352703,137.970647428034,3.45931491064252,15.8827150610408,31.0959275690608,60.9809646260654,279.944365867694,6037.10010072567,0.999855609003453
"N_all[14,7]",83.5223546725458,0.511807443296555,29.8588071555011,40.7048463768846,62.607312861754,78.5166361566831,97.8986184182348,155.897585512524,3403.54668922593,1.00092212021804
"N_all[14,8]",2460.37164317706,6.88411520680318,559.810471196281,1507.76404659289,2083.92084955677,2413.99078542898,2780.89762121718,3703.7476174875,6612.80590680269,0.999832678141646
"N_all[15,1]",83.5764434364813,0.677065188691271,32.0676695890818,43.1491220506539,62.2246191971064,76.5478178923104,96.8116724544057,165.854358349257,2243.23013280731,1.00154472208724
"N_all[15,2]",5125.47072112644,20.7376685089587,1297.29662585147,3054.89135033271,4240.52588976411,4968.85109272525,5834.73889132992,8161.14482874298,3913.44037247501,1.0008046974986
"N_all[15,3]",1.00210995391515,0.00314200506474272,0.269902570971398,0.568681181429516,0.825281835754271,0.966818475832524,1.1431922461255,1.64678330052319,7379.04708278816,1.00039122011479
"N_all[15,4]",10.2674076716376,0.0818169571840352,4.41118380479202,4.07695972601111,7.19458352187073,9.53001678987819,12.4246710476238,20.7372476934831,2906.85695549355,1.00016046566609
"N_all[15,5]",1835.42872364931,6.85590000218147,491.530711878031,1083.57093469714,1506.2192441535,1758.47314830704,2080.25980486715,2988.64379022642,5140.10946965592,1.00011099364228
"N_all[15,6]",52.961562822836,1.37282533012391,95.9630671977072,4.37121164546825,16.2276301871426,30.7456560536999,56.2198304628079,226.079284162018,4886.27239069904,1.00012852301303
"N_all[15,7]",133.427803851268,0.734281109234541,45.9784267559633,62.7629103580175,100.770570078021,127.514867881444,158.454509534448,241.272879106624,3920.87957106427,1.00204677829562
"N_all[15,8]",1606.20801359335,7.33657594778679,403.758046737626,1006.97341696493,1337.93368362441,1538.04545803507,1802.50984565638,2583.00265009189,3028.69503847043,1.0008586036738
"N_all[16,1]",217.165009804094,0.842830851239533,69.0090393880431,111.726696550375,170.95436035206,208.68292751961,251.0694865802,379.64495523538,6703.95538683064,1.00009244046602
"N_all[16,2]",5617.79136615631,35.9010629469461,1554.25273975664,3326.14612286462,4537.7460837037,5357.65797332039,6406.12953185457,9396.68861499939,1874.2549596542,1.00081823656827
"N_all[16,3]",1.10942580564203,0.00366694562641953,0.298124143299581,0.653496729846649,0.908812807647945,1.06529189835243,1.26309379011642,1.83191894749235,6609.75491127567,0.999866487179997
"N_all[16,4]",5.69965849689751,0.0528007776169183,2.54719313179177,2.34440175724225,3.96210087484135,5.21590264701246,6.85545813242882,11.8806497287689,2327.25039598393,1.00173975025726
"N_all[16,5]",2363.40762828525,7.94557026847517,611.41342079851,1396.9223352501,1949.49323023785,2276.46401377238,2686.18645470959,3813.71565077359,5921.33714471254,1.00007428027976
"N_all[16,6]",47.1886617032347,0.990040950019633,64.6624066703054,6.22506874123367,19.2577746443839,32.5260351734413,54.8956866817055,176.779671808183,4265.76977471456,1.00029135911992
"N_all[16,7]",120.288965967673,0.548824889954517,41.3427256724052,58.7138725637393,91.2526641242826,114.38885853646,142.390953171527,217.966950165135,5674.5393692005,1.00078734139175
"N_all[16,8]",1739.97796341827,8.80931491676066,433.62252751084,1105.0237565907,1443.81969408256,1666.82917757203,1951.41238207478,2818.85758697995,2422.9218257671,1.0008745354232
"N_all[17,1]",609.013155524339,4.04115073553238,203.106561772557,276.469475746915,466.96089495697,591.369017748778,722.3130250077,1055.5466352474,2526.02595606514,1.00148325611708
"N_all[17,2]",11977.6372383158,34.8490321261832,3009.2263093831,7011.93577135328,9971.93825125465,11625.2966688334,13605.0537318417,19017.3366317724,7456.38387741473,1.00044867941238
"N_all[17,3]",1.28023465753208,0.00471066284653641,0.352203646583969,0.730643152670743,1.03916821049484,1.22744151688828,1.45879701328826,2.12532646835512,5590.1524613849,1.00047696571169
"N_all[17,4]",6.71080457236883,0.044768840918206,2.75977273955032,2.89871264950657,4.81496681294021,6.26056216197364,7.98535917520246,13.5349111066783,3800.09925350933,1.00103699065772
"N_all[17,5]",5001.90967307735,16.7452097493711,1296.64739972624,2827.61690447814,4127.40279454969,4894.99575382309,5737.99733019384,7931.47184894288,5996.01351670727,1.00036708022853
"N_all[17,6]",53.988405621068,0.706566184297315,46.0759117043494,11.8608837810168,28.1114137064516,42.1595590886008,64.721009453775,167.598138146422,4252.47899907511,1.00023141632114
"N_all[17,7]",126.031971877486,0.799861276108542,45.3299338765944,58.5950082641432,94.1307705524266,119.137872003136,150.61147246008,229.960114492149,3211.74330671313,1.00092394231549
"N_all[17,8]",3836.70897815061,15.5688664266978,926.625998799891,2211.07950234145,3190.10632914396,3787.42477746734,4396.35892343106,5836.76274761501,3542.37861373525,1.00085687443694
"N_all[18,1]",1205.31362678198,15.6127001474515,462.59116963729,459.746548722532,866.876257855213,1154.06008276754,1498.98839099603,2195.82086864017,877.887042358379,1.00385654268077
"N_all[18,2]",21099.7637507847,218.401616227763,6423.025512507,9749.03419270061,16444.3012275727,20794.1929963424,25335.9216833481,34674.5583229084,864.903387810736,1.00358497785054
"N_all[18,3]",2.15500631638773,0.0162236329516801,0.67997190401414,1.06378020699678,1.6604954303808,2.09180943028248,2.56316815321104,3.61185645504377,1756.65191034487,1.00242386690849
"N_all[18,4]",4.63417427103555,0.0520268135996912,2.26277787686146,1.75200264173896,3.10206597998963,4.1108988838019,5.59244650641864,10.2686215021636,1891.600375749,1.00254845054089
"N_all[18,5]",5858.19100899323,23.2030342572302,1662.95568558896,3146.78142318846,4733.33186438854,5707.21908004907,6800.49113660506,9538.17616312132,5136.55319560694,1.00049852921915
"N_all[18,6]",53.2058385783818,0.459851237463931,22.6156322283787,20.6534621325342,37.4259166963452,49.5277061229595,64.9290354036532,107.212593934017,2418.70413572298,1.0006507244584
"N_all[18,7]",67.0680495440284,0.484189624921391,28.1467306117696,30.2215266998977,47.7514470873578,61.069871077913,79.7724593134677,136.190727140654,3379.28604291646,1.00133708439443
"N_all[18,8]",4572.29243072995,20.9360337783714,1164.71604378853,2547.25683555608,3782.83778179197,4498.20212635852,5244.80868007371,7170.21516906883,3094.93330876978,1.0003247664681
"N_all[19,1]",413.520315304365,2.93136812225116,154.946130819853,205.840701178597,308.813360441705,379.721209783912,482.123601004509,803.703865233019,2793.96364211436,1.00077693194904
"N_all[19,2]",7425.35315043358,51.3033979084544,2081.00364028869,4327.69602321299,5981.3386797975,7083.02971730689,8441.19157478386,12419.1134918067,1645.33152746868,1.0015194366977
"N_all[19,3]",1.39910852210568,0.00807550231112599,0.417629616198116,0.783049589572595,1.1118834868959,1.3340395518922,1.61221903416707,2.42139955379215,2674.5054463386,1.00220975632247
"N_all[19,4]",6.28545684472297,0.111679815910623,3.25014920325658,2.31105990986046,4.09314687873382,5.55200912273361,7.61612417411137,14.6594723384883,846.948918954067,1.00541374928609
"N_all[19,5]",2211.12134219103,24.1064195834589,752.189089610269,1226.04874388344,1680.98129556303,2052.28906027594,2569.3273540844,4090.81601320658,973.618094858491,1.00502228584185
"N_all[19,6]",27.9768226648107,0.212224027598542,12.0842033604387,12.3056295895476,19.9185780903648,25.5788420625201,33.1233832196015,58.0735593614911,3242.25333615272,1.00118957519555
"N_all[19,7]",51.6680551230805,0.714006174074534,26.4522926016148,19.8125983727739,32.9981565893787,45.3452883171666,63.5175423547808,120.66630755966,1372.53270482091,1.00221141545192
"N_all[19,8]",1885.47453701735,10.5022959883851,495.609045537142,1150.29712960665,1557.45884504084,1800.22867907401,2126.3412185724,3080.74634217125,2226.94730458676,1.00251307917976
"N_all[20,1]",415.841686935694,2.43047573056491,138.659430206553,219.157981714756,320.729390354712,389.73009743454,480.776189198571,758.907484360607,3254.73957665346,1.00124456959875
"N_all[20,2]",7677.00648076781,42.2656526554743,1982.82739310286,4570.8041035286,6289.07450151495,7378.1104731642,8747.94295801399,12274.7799617257,2200.87137029831,1.0013275861199
"N_all[20,3]",1.76709526306998,0.0065505609523806,0.467788472386727,1.00861138542091,1.43598539497832,1.71937286566653,2.03401263261829,2.84044973807201,5099.66968106755,1.0014362684814
"N_all[20,4]",22.6392983616526,0.192755713758132,9.52488938791698,9.29868985245339,16.0256112302701,20.9048136363581,27.3560645911751,46.1301366057353,2441.77341444335,1.00062346556219
"N_all[20,5]",4196.74895261793,14.0293591187929,1063.81339677611,2440.92318651664,3480.97784799819,4104.29899369536,4767.78118654699,6538.64774975182,5749.83319410437,1.00050192168892
"N_all[20,6]",35.6170112254199,0.148641330497427,12.1810625654294,17.6075433631409,27.3244346554666,33.6057052987678,41.5231315522703,65.3618473939328,6715.69833393852,0.999759876194633
"N_all[20,7]",155.937029390287,0.737816774530495,51.8825946791855,74.2613094622642,119.182023078975,148.926160777513,185.561898521483,276.563889672837,4944.77260901872,1.00100280176313
"N_all[20,8]",2255.35444891378,6.44076510554654,513.928916376372,1385.55221133923,1908.34016050003,2212.26175214891,2544.13556479351,3388.19770352435,6366.94629619672,1.00042972010908
"N_all[21,1]",629.296175972564,2.53555469987543,204.090134048389,320.155040207479,492.612928387781,599.337402224988,731.380220961658,1114.01816680182,6478.85191747198,1.0000187637487
"N_all[21,2]",8179.77194916652,30.7217247707035,2133.37041748912,4929.32207274051,6731.17480977162,7825.51942125554,9272.31603825224,13304.6149481249,4822.15703361931,1.0007568384386
"N_all[21,3]",2.13071021533621,0.0165454241108613,0.619322292835328,1.13226659829847,1.68082016906319,2.07208660626169,2.50853633975657,3.53380272056433,1401.12737387153,1.00335128854307
"N_all[21,4]",22.8157689812168,0.159072506839289,9.31455101783668,9.72792489162358,16.3611617016822,21.1882334892916,27.1759507647306,45.7942753457303,3428.73247710997,1.00169972022138
"N_all[21,5]",4699.76590602676,21.5541487508353,1245.37454240966,2667.19181604137,3806.45651357305,4561.43855884524,5432.22591996501,7502.26135607367,3338.3988037427,1.00250601839859
"N_all[21,6]",42.9493520410161,0.186887870274408,14.8234248239972,20.9200199271351,32.8573003864571,40.939515772228,50.1562020855691,77.4293837320068,6291.22011708775,1.00011419461277
"N_all[21,7]",240.677893055084,1.98323335374514,87.0208290482558,111.282526904454,179.06131883812,228.55338268608,288.739681488818,449.707532457081,1925.30171443134,1.00259163721396
"N_all[21,8]",1801.38304966941,11.9878306204601,485.387372114681,1114.97668093649,1455.52914503563,1714.72561951639,2051.92186391387,2994.66666113803,1639.44084504451,1.00130511965098
"N_all[22,1]",797.039531964669,4.07844704076637,249.29369171013,407.638269176543,622.979745254684,767.016900778176,931.112133619498,1382.34516947556,3736.22415049703,1.00041053884989
"N_all[22,2]",11139.5768513049,33.074692018947,2680.96454307669,6612.27738792995,9278.0082021732,10930.7033465039,12683.0507372948,16995.4783889537,6570.3805294874,0.99989057527343
"N_all[22,3]",1.24922280507413,0.006117499272309,0.338525331646514,0.737520792896259,1.01439878827236,1.19996702017501,1.43339011467037,2.03495688711494,3062.20662496411,1.00145984922751
"N_all[22,4]",56.3340786055267,0.461328001051345,24.1791249904609,22.8700157820101,39.6638735037837,52.1600393664471,68.1907140566305,113.220765327493,2747.0181528542,1.00036861244609
"N_all[22,5]",4671.60015963243,24.5599271759756,1275.45972773551,2787.6680545761,3774.5317860212,4472.05191110366,5326.38054634051,7751.39837711284,2696.99009490064,1.00128537916903
"N_all[22,6]",43.7107822567057,0.191700274781466,14.9740680409086,21.5640167578743,33.4196122858092,41.2812506774377,51.2138207295539,79.4410905023827,6101.46512987307,1.00070362339904
"N_all[22,7]",237.172299370094,1.39729772291827,82.7726246474269,117.588402049596,179.823936925436,224.896189020586,278.552197610042,436.531722623476,3509.09843065107,1.00069430739227
"N_all[22,8]",2415.73613826599,8.00004221808375,591.370061507642,1518.15744216609,2016.80734770844,2329.70072033412,2709.10867773281,3882.58807548612,5464.29466507837,0.999964739467111
"N_all[23,1]",907.822926453752,4.26147287295736,291.750160340117,451.375817447861,706.669508207166,869.882488361922,1061.26566561701,1567.90792518569,4687.08414585421,1.00041660126491
"N_all[23,2]",14425.3391442514,50.8798224002266,3665.34273220875,8169.80977807982,11861.1878694167,14141.6571400231,16653.23593083,22555.1561607486,5189.64925433546,1.00039971247458
"N_all[23,3]",1.15875105600533,0.00406113088797855,0.312711534916022,0.665172884384839,0.945895178677608,1.12307869322019,1.32243431607901,1.88549202075221,5929.16899536783,1.00014893649904
"N_all[23,4]",62.9770457720891,0.392897108407429,25.95892761017,27.6824294377447,45.2776109493913,58.1246447286487,74.9783177956886,124.365402492617,4365.31743075951,1.00073688589144
"N_all[23,5]",7658.36765223983,30.2621562036347,2000.01952130509,4311.37434643206,6294.45979632893,7479.94081940183,8792.88733369705,12103.5487983787,4367.86022370014,1.00088173312753
"N_all[23,6]",41.5166696192237,0.399917844088444,16.8315237504977,18.3114232429504,29.5920630965859,38.089914153902,50.1975856349361,80.7197355280337,1771.35375971191,1.00127195297309
"N_all[23,7]",314.298736634691,1.30745222644774,108.016019340353,152.505147706202,238.236622108439,298.049654750252,370.987676651948,573.976947242948,6825.3461062182,1.00034066262943
"N_all[23,8]",3623.77832475516,9.65175170112403,855.151760049758,2213.91831662519,3056.9738381304,3518.88103986703,4070.98369908469,5585.39033560382,7850.0804255766,0.99984069462168
"N_all[24,1]",854.719320626286,3.93143015620903,270.125490145194,418.475419885903,667.071706095998,825.821953391072,1002.53347103947,1467.33532218461,4720.95658540712,1.00040081672935
"N_all[24,2]",12101.0973175154,33.7590765600185,2994.01195542703,7219.52513329965,10023.9717033643,11782.0931492373,13737.5964918452,18960.2684152751,7865.49290052879,1.00030776485246
"N_all[24,3]",1.08903078092601,0.00445667402935929,0.290269997963325,0.635439044186397,0.895529402974347,1.04955041409964,1.23970002809466,1.77452589102973,4242.11619195362,1.00102774186585
"N_all[24,4]",102.404081517902,0.724373689369367,42.7755271653963,41.482357800227,73.611674711603,95.1007971531895,123.815534395648,200.437470296204,3487.10806190466,1.00057845986323
"N_all[24,5]",7931.68246582016,23.4431759668077,2059.15630067497,4664.50021252567,6551.2308827331,7647.48110324622,9007.36767956228,12715.4212547906,7715.17410972132,1.00033361616703
"N_all[24,6]",99.681366390718,0.824244763906636,36.5101687580911,45.0065514527512,73.7849147553511,94.4039074846107,118.957069892105,185.75985197031,1962.07356634372,1.00162196934667
"N_all[24,7]",363.458072602858,1.6605232348396,128.304865476107,178.62820474856,275.425273561034,342.627132386625,427.536991087824,668.93844199321,5970.30251886773,1.00017174973395
"N_all[24,8]",4470.51663612764,11.9491063649072,1059.20435512851,2775.04272291188,3775.09270076231,4343.82769582819,5017.03593522157,6959.81676862439,7857.57728913033,1.00049588894411
"N_all[25,1]",498.958712837756,2.31734479562853,167.255373401573,259.010889296852,389.412607928104,469.858654119471,573.261183450784,896.168126063414,5209.29371220868,1.00009295463347
"N_all[25,2]",9040.11315024356,69.2780154640153,2992.08757365201,5058.49105046101,7016.66647421954,8393.84454529406,10386.4141653844,16456.9473289379,1865.33880131275,1.00184433524978
"N_all[25,3]",1.06108934137754,0.0034816776222926,0.285537886013052,0.619839620031688,0.867288749755069,1.02130869376885,1.20980092984107,1.73882179844791,6725.89940288007,1.00014274110183
"N_all[25,4]",107.35530857799,0.707916179882492,43.6537316071344,43.5261647240202,77.6782307399446,100.066265648645,129.315543441485,209.917990704878,3802.58622753131,1.00050394671619
"N_all[25,5]",8487.01737908663,27.7157572170007,2487.13602335257,4605.79784580826,6851.69460806095,8161.72569588441,9745.37880144025,14349.3626857157,8052.77526164216,1.00010615581177
"N_all[25,6]",107.211833961852,0.479111313962946,38.198496031134,51.515634674356,81.8543497522071,101.459275322687,125.192357044913,198.156621537605,6356.52376149608,1.00082033223764
"N_all[25,7]",488.050527086992,2.63757723591806,186.822924626052,208.94048494337,357.609805175059,460.432699495991,589.73207575756,930.488318399687,5017.0676971104,1.00019802444121
"N_all[25,8]",5483.69678249686,16.2535708349552,1412.92463383347,3070.14863226918,4519.1501993448,5376.97134866771,6290.17120629095,8607.04202949646,7556.84331069057,1.00052083475123
"N_all[26,1]",456.170531758045,2.32338727867051,175.872678745395,221.566414523703,342.533535103294,421.265101501673,530.820368007073,897.672960005103,5729.98575979774,1.00053235946498
"N_all[26,2]",12835.7218993532,113.062036157256,7759.89355465658,3674.62997133264,7757.51928519405,11046.1571228284,15979.268107534,31837.7285701726,4710.61838617158,1.00040274538612
"N_all[26,3]",1.14004653183926,0.00683196299072714,0.356723607584036,0.618377805324591,0.898066828314186,1.08028954765786,1.31388925760074,2.00005876673362,2726.29403090724,1.00037483778977
"N_all[26,4]",100.766100013396,0.732065032743762,46.9756375710942,34.8551378109059,69.8227955636184,92.2876017975562,122.434353048829,213.78940607093,4117.61787059569,1.00074471390043
"N_all[26,5]",10515.737942876,105.038803772692,6666.59655810773,3177.98678142646,6199.17992690915,8925.80318375246,12929.2355160975,26895.7393616123,4028.17948348238,1.00075116080011
"N_all[26,6]",159.047267083612,1.17903399272608,63.6220100884885,65.8715779792958,114.341820542972,148.849995174611,191.835353770744,309.165618784661,2911.80387422953,1.00094917347218
"N_all[26,7]",498.210547460987,23.7838949448561,443.884378161786,113.296585162305,250.40567942962,378.047683925366,585.601174141485,1596.07977751422,348.31627410791,1.0098237461517
"N_all[26,8]",7699.63059112997,66.6565922447942,4458.74331266037,2423.18724227462,4797.73660955846,6690.90032623456,9488.79145618843,18501.789812171,4474.44040367268,1.00064236835575
"N_all[27,1]",633.659600084256,6.93361522438898,607.907544788663,103.668704161494,290.436245061526,475.322687958115,783.306560278153,2061.87192188494,7686.97719516197,0.999874390628726
"N_all[27,2]",15832.2277855361,187.303199860752,15541.6045642398,2434.80880764439,7000.02402544408,11747.9331343733,19462.6555151077,54764.9070289562,6884.95832344239,1.00043762760926
"N_all[27,3]",1.39560515131925,0.0117386508251619,0.988011720750815,0.355605612280355,0.795563574665425,1.16463137712741,1.69558199948303,3.74516456796457,7084.15124124579,0.999887283967284
"N_all[27,4]",144.903533152536,2.02667550200576,169.96637314147,18.4954867369806,58.8318798652235,101.385916156738,174.402675949601,528.307662047811,7033.27467829678,0.999862350827608
"N_all[27,5]",13572.583194425,194.984892214033,13923.2256595638,2150.73512991806,5818.49581902515,9733.36593505978,16675.1830717219,48039.0141960326,5098.91530831238,1.00064625480141
"N_all[27,6]",215.15880136568,2.52404459904577,199.095757365138,39.548999586656,100.211881491566,160.968864077136,259.619641841644,723.635054980939,6221.99935963081,0.999985554870358
"N_all[27,7]",692.347123080685,37.6668366873276,1096.36739747868,68.918318360925,235.341664914936,420.618563755908,773.20057537314,2951.3097971427,847.215566617041,1.00467754991621
"N_all[27,8]",9554.68046948477,118.905685113084,8933.68497095197,1649.33754205318,4394.237816409,7111.92785593082,11608.8296503065,33561.0820664226,5644.89708571296,1.00029948928518
"N_all[28,1]",877.489028689284,19.1721289696049,1734.48290022808,68.5548892621527,272.206640891587,543.382574895892,1015.4196195885,3672.75644280273,8184.63585072774,1.00002276475161
"N_all[28,2]",19498.5353429159,317.086928680526,26372.63251733,1705.0759450711,6688.13926839316,12387.8239474794,23016.806836819,79263.7637035846,6917.5178373617,1.00020601869592
"N_all[28,3]",1.72262268125343,0.0205049864837563,1.82254478588389,0.258902455177579,0.764504126814133,1.23985011696716,2.01864923816375,6.22484834850018,7900.18831534866,1.00012200743583
"N_all[28,4]",220.669863242316,8.15025160906862,721.65508557166,11.3846429288849,56.0136627364848,113.452845497495,227.277863363918,1068.43897225291,7840.02270790596,0.999792865519313
"N_all[28,5]",17341.6426652773,371.79247550709,23504.1071078194,1582.5755219422,5526.58592274973,10549.9188761946,20284.2621234265,74115.1220505263,3996.55986644942,1.00103168849518
"N_all[28,6]",300.811834133715,6.55517410347788,503.899873939149,27.8653758446387,95.2641110484854,173.502215368724,330.9510312367,1330.40680861155,5909.08228424697,1.00040637509677
"N_all[28,7]",969.969370687895,55.368500446838,2419.49369446028,49.4077037039727,220.4129116032,463.323923065033,971.288542445433,4795.00661211839,1909.51672235846,1.00241877515847
"N_all[28,8]",12009.8611232404,214.761311405316,17684.4571628229,1241.17384304153,4178.37378526932,7575.94348159501,13750.952497594,50685.1632043066,6780.65069439694,1.0001994743534
"eps_all[1,1]",0,NA,0,0,0,0,0,0,NA,NA
"eps_all[1,2]",0,NA,0,0,0,0,0,0,NA,NA
"eps_all[1,3]",0,NA,0,0,0,0,0,0,NA,NA
"eps_all[1,4]",0,NA,0,0,0,0,0,0,NA,NA
"eps_all[1,5]",0,NA,0,0,0,0,0,0,NA,NA
"eps_all[1,6]",0,NA,0,0,0,0,0,0,NA,NA
"eps_all[1,7]",0,NA,0,0,0,0,0,0,NA,NA
"eps_all[1,8]",0,NA,0,0,0,0,0,0,NA,NA
"eps_all[2,1]",0.0521484240201456,0.0215994815017936,0.964934022751899,-1.80639224207578,-0.617750769914759,0.036198390542809,0.733669032644192,1.90067314411824,1995.76125477641,1.0013895082984
"eps_all[2,2]",0.300015397622964,0.0179485934376975,0.87576971261872,-1.43761771188768,-0.299164458845387,0.296835498632544,0.87873213301266,2.04451977631466,2380.77855895018,1.00052396210513
"eps_all[2,3]",0.0787636908718007,0.0159722535279324,0.950511193523039,-1.71158597567285,-0.590954904853455,0.0663605548302574,0.723699832829085,1.95931749737307,3541.45788027723,1.00081619585931
"eps_all[2,4]",-0.352295871013838,0.010553952730529,0.929293907523967,-2.18895102184405,-0.976583981704045,-0.334552512587211,0.271031292006419,1.48255243046399,7753.10901252393,0.999985572136375
"eps_all[2,5]",-0.171742123833714,0.0179812141890098,0.88750318704563,-1.90666921492711,-0.760078128735935,-0.186526608449858,0.422253264135807,1.59527150433509,2436.13759512833,1.00202940015273
"eps_all[2,6]",-0.0759722843831085,0.0105462511769042,0.987964993457486,-2.03477671637552,-0.709908987712676,-0.0642046972272653,0.573866710740107,1.84078419622647,8775.80353085353,0.999738650653337
"eps_all[2,7]",-0.484346156079294,0.0130552461004344,0.854573322421023,-2.06414393491847,-1.07425857406635,-0.528712453160909,0.0802831267584298,1.29055994600203,4284.78008002557,1.00098398289704
"eps_all[2,8]",0.0051961117766448,0.0189587547122008,0.991105178331434,-1.89387745766822,-0.676209336717559,-0.00769091338698513,0.675711955329085,1.88180690118252,2732.87567501641,1.00127215680625
"eps_all[3,1]",0.113518414493712,0.0124197460767297,0.916162563808738,-1.7034854003497,-0.515119563880888,0.112348727122733,0.733282325112363,1.92484660847857,5441.51273506452,1.00035229438273
"eps_all[3,2]",0.411602215291286,0.0109008111320165,0.846494138058436,-1.24633456148484,-0.160907865762353,0.410418440481805,0.981417848550308,2.10219849731262,6030.18005275585,1.00033932283069
"eps_all[3,3]",0.184117173569593,0.0212275820839531,0.971757077708212,-1.74763964396833,-0.4841970464805,0.192201033616884,0.851655100899321,2.08277921925633,2095.62884258005,1.00311123988046
"eps_all[3,4]",0.0128338445001878,0.0101745657743279,0.92741411936026,-1.82213344483006,-0.601908619312383,0.0157467746937407,0.629324078638683,1.84492307429844,8308.36637988814,0.999797688931428
"eps_all[3,5]",0.378500985573919,0.0181955920498165,0.802723371555757,-1.22371872458104,-0.145847857951176,0.403196582561369,0.90297963372793,1.94469480823629,1946.25361860136,1.00368254083959
"eps_all[3,6]",-0.022291570926447,0.0151513915191953,0.959878739040416,-1.9311373091436,-0.66582451629819,-0.0332055018745633,0.625945503390357,1.80874548961964,4013.54099417034,1.0015011879325
"eps_all[3,7]",0.333338821014625,0.00892361718514286,0.828267675167652,-1.3074438273948,-0.212700384631821,0.330340807528426,0.894710001959876,1.94924850522139,8615.08491719811,1.00000900420808
"eps_all[3,8]",-0.0363078601148574,0.0113888704216416,0.950785052969963,-1.85673591574415,-0.702472466544342,-0.0399893633610439,0.593890375201741,1.84027846104522,6969.52833209872,1.00028674900394
"eps_all[4,1]",0.451275871871378,0.015628807632569,0.96666758337519,-1.5311341559048,-0.159543046458534,0.484877147874393,1.1065041755,2.28461979143361,3825.62695415147,1.00057775468713
"eps_all[4,2]",1.17025092193409,0.00933546862065773,0.713552946271241,-0.292582278518629,0.714198256753993,1.1874738751737,1.64505737153807,2.5177154167866,5842.25031135736,0.999999277702449
"eps_all[4,3]",0.213778151690179,0.025039352492938,1.03387655809599,-1.7840678215401,-0.481099883958194,0.215601275221855,0.898599021890305,2.28865559693846,1704.86968571835,1.00320864213929
"eps_all[4,4]",0.237235412079986,0.0137332881292531,1.00549125818423,-1.75378871183621,-0.44611122128683,0.251788672865431,0.919293726563412,2.16661236209405,5360.5275788279,1.00106335165811
"eps_all[4,5]",0.741073419475155,0.0129925211530876,0.844533779405218,-1.01621401256882,0.197100346637617,0.763850497368952,1.32228021407646,2.32379998048492,4225.19916146766,1.00065450440817
"eps_all[4,6]",-0.0270363664998524,0.0194840513900351,1.01826239743506,-2.00766125488603,-0.70866191516275,-0.0327387096080201,0.66267150644819,1.91316713769496,2731.24638807753,1.00196636167651
"eps_all[4,7]",0.819533399821275,0.0208829144917085,0.875177218248578,-1.05694706229159,0.244679864906756,0.852371315031269,1.40184541871887,2.49400413323043,1756.34483387997,1.00144043600365
"eps_all[4,8]",-0.0277466387660748,0.0111068199152616,0.940637018579566,-1.84498983767698,-0.693219478005262,-0.0232785070318733,0.600638066187857,1.8287140093509,7172.40280937098,1.00010130842619
"eps_all[5,1]",-0.167779283578183,0.0140991063890449,0.92297482550067,-1.94156533910597,-0.787597174545502,-0.175922211420176,0.461960603054617,1.63289312304631,4285.45102217468,1.00034470054061
"eps_all[5,2]",0.326252461217269,0.0147398709782547,0.68475280259771,-1.04066346593607,-0.119768677373717,0.334037804434347,0.790497786611878,1.65659037297809,2158.14327244,1.0025039117154
"eps_all[5,3]",0.0261403582920373,0.0161232047345329,1.0174343715525,-1.95188951622314,-0.68304085788164,0.0223506949195111,0.727365304056872,2.05314570968119,3982.08084362832,1.00080832243728
"eps_all[5,4]",0.0217827548490872,0.0159365025192849,0.985313042812713,-1.90991147931764,-0.651115637981685,0.0208367185555458,0.705990545687006,1.9333249618511,3822.63147949569,1.00108399161583
"eps_all[5,5]",-0.741141171025508,0.0118961231065373,0.799420834054745,-2.26025450381444,-1.28972328854092,-0.752470482863036,-0.215241127514885,0.859933032463254,4515.85537965442,0.999853763590658
"eps_all[5,6]",-0.00811011065340999,0.0181627106200195,1.00826572712801,-2.02468180156582,-0.684929508415238,-0.0189119983179357,0.679701673965147,1.93218441381418,3081.68811048615,1.00214069012694
"eps_all[5,7]",0.828618679631112,0.0168505869251372,0.873154114171134,-0.899096662538955,0.240914041567991,0.859237973040252,1.42775429886228,2.49939044669741,2685.04608697753,1.00121912152727
"eps_all[5,8]",-0.0096383451501161,0.0137485770694982,0.88658688304118,-1.76940889818699,-0.607738284584126,0.0021377922624777,0.588478872114171,1.71056151326658,4158.40800642529,1.00133412704998
"eps_all[6,1]",-0.331610547951726,0.0169405336240916,0.946186337013598,-2.17122672574196,-0.982224511001728,-0.33574913731352,0.318403257167984,1.55105949326471,3119.60187147762,1.00124058695083
"eps_all[6,2]",-0.344968347304313,0.013070189835525,0.70776512768899,-1.78653085257712,-0.806337019839956,-0.337550258307097,0.110429812295156,1.05124374030226,2932.34138996968,1.00077740227191
"eps_all[6,3]",0.051331582659319,0.0233869565446913,1.00506190525288,-1.87050133639833,-0.642204218435231,0.0537853548961097,0.721866241383816,2.03370376171659,1846.87799649804,1.0016621364571
"eps_all[6,4]",-0.580052679065735,0.0142510781636168,0.996755797995196,-2.51368399930969,-1.25684688463688,-0.596296721638549,0.0718343012962121,1.4177667669694,4891.95098518331,1.00065352642911
"eps_all[6,5]",-0.913877101307753,0.0151067690341555,0.8135780340906,-2.47685643855033,-1.45620796090551,-0.910950538094431,-0.371606729411289,0.696542711554706,2900.38232749066,1.00102103919619
"eps_all[6,6]",-0.154548790886322,0.0132518625178064,1.0027708670184,-2.09257830029285,-0.830890644273474,-0.168954534187092,0.542514642375777,1.78909593989432,5725.97665469787,1.00101288121207
"eps_all[6,7]",-0.772223985494785,0.0150729980500006,0.911664069653988,-2.51727207450428,-1.3871328408506,-0.799552469335477,-0.157708988883409,1.07525880745928,3658.22481740214,1.00068649326628
"eps_all[6,8]",-0.170393567253606,0.0181191436236363,0.881190863014477,-1.8558444140631,-0.767334276006041,-0.18922316901246,0.400947937931073,1.60537036321242,2365.18238402297,1.00170677455217
"eps_all[7,1]",-0.756506234492649,0.0133590876524899,0.954665178206294,-2.59423539311991,-1.41159982197586,-0.762839723181101,-0.147829546285291,1.16439809721512,5106.79664998403,1.00047271542848
"eps_all[7,2]",-1.41830407495559,0.00964209870270719,0.711659275373096,-2.74902885709499,-1.87252600686128,-1.45576757212583,-0.97694738360938,0.0607720091090039,5447.54821016798,1.00012061243263
"eps_all[7,3]",0.128609253455891,0.0126366217645191,0.955698689806008,-1.73992056834939,-0.51710286073675,0.130150114064858,0.78360584307551,2.0004307916186,5719.78900025997,1.0004263014222
"eps_all[7,4]",-0.0710834014687832,0.011782045874734,0.973493703596917,-1.99625794096302,-0.71862175605506,-0.0854214757979373,0.580884895010442,1.83140922248895,6826.92096512162,0.999916804379171
"eps_all[7,5]",-0.654354445783816,0.0102456653099143,0.799361604658993,-2.22160012252396,-1.18272825397928,-0.679726204954544,-0.125445841773821,0.932424454598236,6087.04116205424,1.00035490428422
"eps_all[7,6]",-0.121983469876217,0.0160097724309553,0.985115081869817,-2.09050213314854,-0.767575404718448,-0.127568352208106,0.54090092776182,1.78342345872636,3786.20058851946,1.00031634470274
"eps_all[7,7]",0.559560014663746,0.02158450655186,0.908827247630942,-1.2650218861669,-0.0533306781352636,0.565904834724033,1.18975925500787,2.25213266468365,1772.87627877156,1.00258417484098
"eps_all[7,8]",-0.434407999976987,0.0114853633742594,0.913568964391403,-2.21662378650156,-1.0704563464936,-0.43349585433932,0.18799456801974,1.36426962133781,6326.93240782849,0.99990477408597
"eps_all[8,1]",-0.0292856604774878,0.0106194314837904,0.886621481739552,-1.84988525886974,-0.606663966102501,-0.0101111272076294,0.553707598549846,1.69860850246043,6970.6610341744,1.00029223457031
"eps_all[8,2]",0.123996810218867,0.0139415783666177,0.696063349531042,-1.33260036440376,-0.320078345392737,0.15489067926345,0.598379107884696,1.4316574233681,2492.72084561694,1.00025251410799
"eps_all[8,3]",0.172597640789846,0.0130971547308553,0.912187126580474,-1.57531586959745,-0.467768652207463,0.16274527823489,0.797447516851914,1.96731178415121,4850.80661447059,1.00037609829852
"eps_all[8,4]",-0.0755377975968531,0.0106732185329606,0.888436299215257,-1.82278026893483,-0.677204425958785,-0.0599385469846865,0.531058044119948,1.65782257382204,6928.85998616213,1.00051686107079
"eps_all[8,5]",-0.00224660653990641,0.012087509769681,0.76727634803029,-1.53806547206634,-0.508795280511879,0.0244813038331146,0.52825859598085,1.43669970189714,4029.30317073838,1.00071506900661
"eps_all[8,6]",-0.0906971971437091,0.0103891852956283,0.934622812838109,-1.92595847103836,-0.720374634763045,-0.0867100538237587,0.55857069948564,1.75488241564884,8093.00428506553,0.999776364291374
"eps_all[8,7]",0.170934565300129,0.010092747885948,0.835689474483459,-1.50393132948038,-0.362247706100049,0.167433900249651,0.713873645057714,1.82905665788606,6856.0032510286,0.999826431103529
"eps_all[8,8]",-0.2313393999674,0.0101100157890806,0.859136881834921,-1.90714215723146,-0.807025878845469,-0.230794800872556,0.344673095463035,1.46299089517655,7221.39429929995,1.00071158244973
"eps_all[9,1]",-0.556759596983349,0.0153496615390835,0.922272206090495,-2.2727775416683,-1.20183750165714,-0.601047312277823,0.0487763364142015,1.33122030661725,3610.11165521819,1.00031724718714
"eps_all[9,2]",-0.745772338179686,0.0108022429699042,0.680844869077503,-2.06894644415584,-1.20106086200882,-0.750913863366654,-0.313492114992618,0.637197458933356,3972.54161070029,1.00066714380566
"eps_all[9,3]",0.0487728418072732,0.0124835284417778,0.952108235625547,-1.84667928918147,-0.591527839737598,0.0390646920269002,0.694369072730622,1.90073530238591,5816.98485917756,1.00046412790891
"eps_all[9,4]",-0.312506708099365,0.010760377592244,0.918899372211553,-2.12185802353499,-0.91144619145338,-0.324573482371037,0.286549748811158,1.52074253142345,7292.57470630085,0.999752403475618
"eps_all[9,5]",-0.829935161285393,0.0101356899325637,0.777852376899628,-2.29800962549805,-1.36413519757341,-0.83502301183041,-0.324830644928893,0.779253705732018,5889.6262217966,0.999679007553839
"eps_all[9,6]",-0.0658565100748471,0.0163055118656475,0.956035405991757,-1.92612063394279,-0.713957097955823,-0.0742366768149987,0.585326249566421,1.78500480898745,3437.78790278554,1.00211992687129
"eps_all[9,7]",-0.115439688070463,0.00990339172145894,0.829857145261941,-1.78644144393165,-0.671284032853233,-0.118891408285506,0.440088406957545,1.51695826391727,7021.64324759633,1.00006870558852
"eps_all[9,8]",-0.0141025996625608,0.0101162440776438,0.866354156420876,-1.72655796210705,-0.581412694701705,-0.0153153665165449,0.549504027573605,1.6901513806082,7334.19289928262,1.00031769328716
"eps_all[10,1]",-0.28642558187319,0.0100173488373643,0.907221891434877,-2.03117555132718,-0.895955895535455,-0.296233157896197,0.318726713784452,1.54637459064328,8202.03177327625,1.00010486735632
"eps_all[10,2]",-0.485835586465291,0.00821630986714555,0.6747020326788,-1.81150935243626,-0.913610357564524,-0.491642025680647,-0.0652230771836917,0.898299735838961,6743.26795832894,0.999904950574485
"eps_all[10,3]",0.065330452543982,0.010092197886902,0.92606715259104,-1.77698366358502,-0.542608780376308,0.064876821218369,0.670031020174571,1.9165481567009,8420.02624543271,0.999889645171452
"eps_all[10,4]",-0.27548641456692,0.0110821437700964,0.928362475016527,-2.08330876661597,-0.894397476526651,-0.295390091001714,0.33804857167949,1.57160506943661,7017.58360450937,0.999638919724269
"eps_all[10,5]",0.0244015731066425,0.00935133958511916,0.766503295817415,-1.48359788802612,-0.492695643057549,0.0352223347147992,0.549906526890178,1.5177027732208,6718.62492223492,1.00064710995961
"eps_all[10,6]",-0.0429911423502366,0.0344065598254755,0.997852654508432,-2.05744810922088,-0.696228151964965,-0.00822056628700286,0.661885045968938,1.79560076421493,841.10522552379,1.00319351940156
"eps_all[10,7]",-0.451978866328764,0.0129091850383791,0.83760266530947,-2.06594802288031,-1.02345027318893,-0.453580692158204,0.132280472783061,1.17544627793994,4209.96465139233,1.00154830495862
"eps_all[10,8]",0.223719089566438,0.0100345035180659,0.864800347259544,-1.44961671794577,-0.363172302243462,0.204704052045192,0.798570780715918,1.94040363400914,7427.45332888484,1.00026679393757
"eps_all[11,1]",-0.00198506565670435,0.0149274540415158,0.882634510302727,-1.7194633777492,-0.59208665437415,0.00049505885638685,0.594736608153624,1.70759434208614,3496.1521335469,0.999947699953281
"eps_all[11,2]",0.207255899204579,0.00978334343437256,0.657793396009729,-1.06865915213211,-0.219480254609152,0.192242664521528,0.626974977461539,1.55894978721097,4520.68680018909,1.00001540912066
"eps_all[11,3]",0.0169707739855737,0.0262916458871381,0.957709576220191,-2.01850939194531,-0.599890848737749,0.00589031430153002,0.675554469986123,1.86838481463394,1326.88141569015,1.00374130354041
"eps_all[11,4]",-0.11226920217202,0.0111040496260321,0.906109546266368,-1.87951628394315,-0.706616486911803,-0.117712246160705,0.500950017072405,1.67603372356556,6658.84067487036,1.00105391133374
"eps_all[11,5]",0.274396684053562,0.0118222330095892,0.75059487170885,-1.19339808014284,-0.224957938746901,0.276230828363176,0.768898618509373,1.74503641995774,4030.99404079255,1.00212577995325
"eps_all[11,6]",0.0418787656481689,0.0178879090151878,0.963502660626841,-1.84330008492519,-0.607291375086417,0.0516985069960633,0.718255213408768,1.8602626274454,2901.260211695,1.00190867470988
"eps_all[11,7]",-0.105323959665635,0.0129825927734806,0.834600013402492,-1.83902038016953,-0.645065794574584,-0.0819517222752723,0.468260559121229,1.46493506025994,4132.70023783548,1.00034355704548
"eps_all[11,8]",0.48269301458663,0.0130446709177131,0.874874537535379,-1.28155014340804,-0.0912893877888929,0.507843749727366,1.06998381850545,2.1495504895784,4498.06056662378,1.00059215136202
"eps_all[12,1]",0.508498422968707,0.0149702868394488,0.95361371963388,-1.44461817197262,-0.111676010248902,0.541748685127634,1.15706784766905,2.29584439198515,4057.74487356496,1.00062464841757
"eps_all[12,2]",1.01357090828849,0.0104096408654113,0.694185950609029,-0.379883157816693,0.559166301626236,1.02766365812369,1.47343300113645,2.36856484489893,4447.13329360767,1.00241792730027
"eps_all[12,3]",0.210729242964528,0.0201838434965697,1.01802990411558,-1.75831648022633,-0.490662108159498,0.207653717924862,0.910008412382431,2.15615539077625,2543.97787917998,1.00171067836376
"eps_all[12,4]",-0.0534050650915886,0.0250629534312134,1.0107412543131,-2.01258828761445,-0.73959948413961,-0.075186830311062,0.619493594811222,2.03058186206976,1626.35552746143,1.00211570805028
"eps_all[12,5]",1.06025938049742,0.0104959988235097,0.785649769282712,-0.518330260389259,0.531921610182734,1.0724693983736,1.59547056054305,2.54265352927027,5602.86847758357,0.999833061166563
"eps_all[12,6]",-0.0334420736586275,0.0190676421549828,0.964039859732743,-1.85251216561487,-0.697793793590212,-0.0442621732742831,0.632520606795369,1.814239740009,2556.20685979618,1.00090512682032
"eps_all[12,7]",-0.283866502717767,0.00917866057296073,0.839947103951194,-1.90781374493593,-0.837100095605976,-0.28228750152331,0.269915802088602,1.39025176220958,8374.2371244942,1.00058482716595
"eps_all[12,8]",0.241142674456948,0.0113802450549124,0.885773359933077,-1.49823539518244,-0.340106254043866,0.224473236306021,0.846971915672498,1.96246608171826,6058.17760340057,1.00046259070307
"eps_all[13,1]",0.176563824098644,0.0110630856308555,0.896299132519005,-1.66104692376534,-0.41627123008714,0.18584750091375,0.768649778276509,1.92171483181173,6563.77075099804,0.999652341655993
"eps_all[13,2]",0.669458171512353,0.00888317168447601,0.667880037479064,-0.693019025947069,0.243664632757116,0.680482580273149,1.11566208219505,1.95847470729703,5652.7634783505,1.00013416593891
"eps_all[13,3]",0.0488885426739228,0.0116813576004965,0.954509108087606,-1.83181353679684,-0.583964271631264,0.0394652006202034,0.685409124872062,1.94775245673659,6676.87914588499,1.0000558383607
"eps_all[13,4]",-0.334102548954742,0.0143527692600797,0.952382982829618,-2.16683112188457,-1.00046934512331,-0.326399946878222,0.323112830945799,1.56866140407986,4403.03205853351,1.00118008620709
"eps_all[13,5]",0.180490981264362,0.0119895978177992,0.780627306855017,-1.35616853744673,-0.350246396909432,0.174358660425971,0.705221237457101,1.74267659241971,4239.14476429523,1.00067940045017
"eps_all[13,6]",0.00694050722676854,0.0117778485606513,0.973272048629004,-1.86704904512295,-0.646688479616441,-0.0137026486188387,0.670780317151375,1.9129632161124,6828.67699279296,1.00035476828473
"eps_all[13,7]",-0.63452167552391,0.0125020275550814,0.855458877648698,-2.26199908700652,-1.21908899090591,-0.660082624853691,-0.0773558056163385,1.09482307767367,4682.06427852555,1.00096396560253
"eps_all[13,8]",0.364742319087826,0.0159262901804656,0.87084226459338,-1.41127242723925,-0.207136050954051,0.38370963442481,0.935248559690577,2.00281394517428,2989.85239412482,1.00098290814873
"eps_all[14,1]",-0.455734638281299,0.0159754423300652,0.901532277652318,-2.16966660111544,-1.06806731346069,-0.460057316752561,0.149827670996128,1.3219449688466,3184.61383330933,1.00013980479696
"eps_all[14,2]",-0.489176291277553,0.0086768962117492,0.661071721236934,-1.78738679713888,-0.930486022939519,-0.488504796743885,-0.0763688729436155,0.860536895909345,5804.54729274085,1.00008789072463
"eps_all[14,3]",0.147276073782691,0.012344295546295,0.894266026486381,-1.63095214266862,-0.449756908514705,0.16058412193212,0.748123325986869,1.86169032425691,5248.08477785436,1.00011091006757
"eps_all[14,4]",-0.17773754578108,0.0110009870503054,0.920493627418449,-1.9715049945991,-0.783152195579987,-0.200752906284955,0.431296104009684,1.66096130075964,7001.29320221309,1.00001671410133
"eps_all[14,5]",-0.448714975337969,0.0134892759890662,0.774238537321286,-1.91364303131865,-0.973725843350591,-0.457870787918696,0.060227063182076,1.11014486460731,3294.36934339413,1.00055816912599
"eps_all[14,6]",-0.131217512104578,0.0103971854703102,0.930428989642641,-1.9459940801234,-0.752683469154713,-0.122503989515183,0.487274319989479,1.71470421211864,8008.19951079681,1.00034573088793
"eps_all[14,7]",0.14600560815539,0.00959702355291734,0.820887781175336,-1.50579653013467,-0.380997486909903,0.156206494574155,0.672943619270814,1.75273325676313,7316.34980082117,0.999986980025229
"eps_all[14,8]",-0.37534214781588,0.01216143887639,0.861771289552266,-2.03823979807035,-0.939497772385894,-0.390851795762285,0.195211387725306,1.36269319997446,5021.27630226333,1.00097297095246
"eps_all[15,1]",0.354776336252473,0.00798821531500346,0.63535202437368,-0.901266046857689,-0.0460886897235082,0.349919837418145,0.745817427876547,1.66381895680731,6326.00180225978,0.99984017027069
"eps_all[15,2]",-0.899039307323771,0.0114845074024429,0.642618434334838,-2.14422700231643,-1.32188711091807,-0.91001113997877,-0.494073745709386,0.371487698157301,3130.98952999733,1.00125847218524
"eps_all[15,3]",-0.0132942993873652,0.00940657394681498,0.74197445517944,-1.45508958621516,-0.495662104018464,-0.00272311982859107,0.448775970189297,1.44826187185295,6221.78442362301,1.00059468456395
"eps_all[15,4]",0.31035888040356,0.012840675990324,0.79667250730521,-1.30513138525297,-0.223429676211819,0.328721686409567,0.8553085722488,1.809660506569,3849.31884001378,1.00013593044001
"eps_all[15,5]",-0.188503519622941,0.0105409482677833,0.779557966790226,-1.71992453032546,-0.723137438541913,-0.200121866583464,0.329025469726506,1.34083909947228,5469.37202037528,1.00051208995783
"eps_all[15,6]",-0.132078854829027,0.0114796482511704,0.951643511991928,-1.99412341362279,-0.779275274767732,-0.123764279592791,0.527191197994605,1.72436242738052,6872.13084903835,1.00039344773086
"eps_all[15,7]",0.502291206395729,0.0141505942114284,0.860689849614391,-1.27997586400096,-0.0434857270944519,0.527614798791842,1.08347627062368,2.11407415104312,3699.50831855827,1.00128698139659
"eps_all[15,8]",-0.473850257346272,0.00989280853540602,0.863889448001679,-2.15772624404156,-1.07138692009045,-0.478462344195713,0.0895857400673643,1.24077638992961,7625.65461248266,0.999800968473081
"eps_all[16,1]",1.38365446476853,0.00796632042309914,0.629555564315318,0.083934971428069,0.978849508320872,1.40135464908111,1.79241396710316,2.60499793699203,6245.28974848503,1.000156849561
"eps_all[16,2]",-0.415282528438181,0.0157915754301028,0.708441872057841,-1.82468060310977,-0.891149598264771,-0.423922288907054,0.0459192660712863,1.02522813241601,2012.60026621897,1.00073343835829
"eps_all[16,3]",-0.00419643205555036,0.0117269484934326,0.749359537899199,-1.49293398148541,-0.493327700966312,-0.0173069991193418,0.501680152309252,1.47698055981427,4083.29205311161,1.00118609321768
"eps_all[16,4]",-0.902573425183185,0.011173166226851,0.800436676822945,-2.46441793719856,-1.44268603279812,-0.917882293190559,-0.379363525900139,0.713572304315354,5132.1748081954,1.00002849287137
"eps_all[16,5]",0.225750637106112,0.00949487393658256,0.774169318374196,-1.30642501449959,-0.271555913440373,0.217059797556842,0.744608166391722,1.75988251936672,6648.03818133719,1.00044905524436
"eps_all[16,6]",-0.0648354723643546,0.0134968401356423,0.937985788942581,-1.91300061867075,-0.690343299601297,-0.0733770122720905,0.565459132461522,1.79475986147286,4829.79068360382,1.00075652166487
"eps_all[16,7]",-0.120785193281518,0.0111223957122811,0.84464549280935,-1.77029060368377,-0.686758986176962,-0.13568344111517,0.443750764652754,1.5836573438115,5767.03056533125,1.00024291866887
"eps_all[16,8]",-0.125876982217556,0.0229734788820133,0.907399803887462,-2.02387087950039,-0.714998239170301,-0.124610268277727,0.464739881549393,1.63988863138074,1560.06908601014,1.00134057230979
"eps_all[17,1]",1.47330439821496,0.00769114933574955,0.629285342479355,0.184537143008095,1.08087345696182,1.48091861055989,1.86959720220934,2.73814395335758,6694.41673797706,1.00012919100383
"eps_all[17,2]",0.925180780438297,0.00977631210459811,0.688713599423898,-0.467679725474615,0.482131495373325,0.940057045884777,1.3833197311781,2.23773083594023,4962.80489403967,1.00051818386762
"eps_all[17,3]",-0.0922546854953931,0.0140781239676363,0.773629716359234,-1.57113577046653,-0.601992104208537,-0.115201269494481,0.410383975700573,1.50045772735684,3019.78981760928,1.00064995046451
"eps_all[17,4]",0.185929305188377,0.0152653519484424,0.790838539580714,-1.43127756069938,-0.332190733332071,0.220998247788717,0.734825599175574,1.63495129401564,2683.87328684867,1.00167865493405
"eps_all[17,5]",0.476146412330653,0.0100367781291682,0.790753438169836,-1.10059205042576,-0.030546760156646,0.48503307643392,1.01038609604276,2.01312900307827,6207.16843123654,0.999743274209921
"eps_all[17,6]",0.0398835676889241,0.0138639944068087,0.977039127401884,-1.83387932648091,-0.602709028740186,0.0371528624619154,0.688632168349514,1.96914402705221,4966.46253237318,0.999921142506428
"eps_all[17,7]",-0.289668685223785,0.0099836690013957,0.839638345420336,-1.96162839184061,-0.833766300465527,-0.288016040296071,0.266157083530042,1.37005148839712,7073.00850558772,1.00050712955313
"eps_all[17,8]",0.425862717305865,0.0226155889015273,0.907770459595584,-1.51178553067058,-0.153094826772601,0.432103284930632,1.03300253073396,2.1913879982886,1611.15116514274,1.00197324302146
"eps_all[18,1]",0.884705075165924,0.00856272581032975,0.613349576145421,-0.366126142587548,0.498466940333061,0.904271276932812,1.30026613500534,2.09338697099169,5130.8824368901,1.00059405275794
"eps_all[18,2]",0.668644677840441,0.0180104270672146,0.698458167663046,-0.828287727611664,0.231046885210792,0.712215947575182,1.14128766034813,1.99609420207908,1503.94785465172,1.0034187501066
"eps_all[18,3]",0.745689564216454,0.0168520670115155,0.768119500793329,-0.773922773917359,0.249036694025093,0.765642658003514,1.27513606920604,2.17904527229172,2077.54876817447,1.00170045083809
"eps_all[18,4]",-0.555934956000379,0.0260856707260272,0.803646674702986,-2.06827420774603,-1.09209968945423,-0.577764472978915,-0.053050156267914,1.21857670249222,949.131283722677,1.00418666677312
"eps_all[18,5]",-0.472578102825579,0.0138478837612707,0.787958677565856,-1.95772801814691,-0.98484170278893,-0.522972092488406,0.0411053692445748,1.15664765770078,3237.72580344738,1.00114590888985
"eps_all[18,6]",-0.106274330246897,0.0118679503601088,0.984341611629369,-2.04182710167869,-0.77696966866592,-0.111677268062376,0.54183285040861,1.86221246075067,6879.23660834838,1.00027474822184
"eps_all[18,7]",-0.895240180680034,0.0128281156539121,0.863707595103622,-2.52942715340216,-1.50244829838708,-0.912981505638017,-0.332939442085688,0.867021510113833,4533.229891752,1.00102191747728
"eps_all[18,8]",-0.213299340951314,0.0140638644141483,0.863732808953268,-1.90547093748687,-0.794234987492626,-0.221170000873099,0.348327953869869,1.47502551381419,3771.80725526663,1.00038866289603
"eps_all[19,1]",-1.79735406708342,0.0253541342305786,0.782239051984916,-3.22444531898012,-2.32467820896589,-1.86786840774308,-1.33646353632388,-0.0876585592870219,951.878278876796,1.0023056115229
"eps_all[19,2]",-1.53410190210657,0.0134837180553841,0.745297807146052,-2.93176566710969,-2.04550838537469,-1.55402316831646,-1.06119592352536,0.00830357017481178,3055.20503557998,1.00203747189274
"eps_all[19,3]",-0.57065944453718,0.0143607954454016,0.814156402384938,-2.0949402636399,-1.1294427275049,-0.594969695871634,-0.0462654077728503,1.1041735167666,3214.09487674852,1.00196813467519
"eps_all[19,4]",0.0212759015161289,0.0150390898480521,0.797915689268965,-1.48305909196639,-0.526254571920815,0.019691236081068,0.531579071350203,1.63083414047338,2814.95140095131,1.00185862085751
"eps_all[19,5]",-0.838859717001108,0.0107534161334694,0.795464283158706,-2.36162423475625,-1.36388980978098,-0.857234308886873,-0.308173919706944,0.765184175745028,5472.02992713306,1.0002854023853
"eps_all[19,6]",-0.811707484625028,0.014365270265527,0.890902506329565,-2.51205959189269,-1.42188539726833,-0.831263971674637,-0.207899297501766,0.989505944501094,3846.2079317765,1.00065367865605
"eps_all[19,7]",-0.349682364502457,0.0115176558875328,0.871804358406841,-2.07730709012371,-0.945518051012339,-0.353063624902409,0.229229119703944,1.36116447821291,5729.40963046289,1.0003196536689
"eps_all[19,8]",-0.552389926416043,0.0118486993852968,0.88405234189534,-2.25022700264663,-1.15952663965697,-0.568132134415451,0.0477681280295878,1.21632501590108,5566.91507093515,1.00050047013268
"eps_all[20,1]",-0.143810104123535,0.009970210945185,0.653724582547563,-1.52520490479067,-0.537030559442046,-0.133400782575071,0.274613044429158,1.12004425589827,4299.13357341871,1.00129348584962
"eps_all[20,2]",0.0069682664410416,0.00956767858389802,0.696200216930743,-1.40878152413981,-0.432999461357132,0.00692314310079332,0.455052041529587,1.39729418826506,5294.86819985695,1.00044641885392
"eps_all[20,3]",0.331761412214844,0.0161775831192586,0.82216127054953,-1.40992301199981,-0.195804987446755,0.373231362510038,0.897481055731467,1.8455388111961,2582.77604427328,1.00233474873787
"eps_all[20,4]",1.89534132089514,0.024295803695712,0.879627221075392,0.0695103807439156,1.33158032601398,1.93878200730665,2.47988524994637,3.57535026290109,1310.7950160371,1.00399656059314
"eps_all[20,5]",0.905206773290739,0.0166322730329765,0.870266857040782,-0.894532023632465,0.342111620492281,0.915464272116798,1.4993041654437,2.53681288438539,2737.79973564297,1.00102145447194
"eps_all[20,6]",0.0252211735124022,0.0129597605587138,0.871636125106902,-1.66789828863619,-0.556691332706847,0.0307536733139125,0.603298020216785,1.75511849843385,4523.51971363979,1.00079031611911
"eps_all[20,7]",0.86940713249141,0.0111129178918384,0.880967409173113,-0.906227533848094,0.297383757058964,0.88292749691824,1.47586753440942,2.53361995240104,6284.39498535785,1.00051812420973
"eps_all[20,8]",-0.112821676761081,0.0112635104073714,0.893721722065545,-1.87896861837665,-0.713120060487899,-0.0982907147391648,0.489317108677233,1.60865377105991,6295.889513671,1.00005751982011
"eps_all[21,1]",0.484394625202403,0.00890792234866155,0.600897666430653,-0.745453308211549,0.119142464238826,0.504230249345565,0.87009526213542,1.64656300858435,4550.38548850335,1.00037602577754
"eps_all[21,2]",-0.155078070562434,0.0130893489091228,0.625287487264933,-1.3732620054266,-0.559282884013595,-0.162165754863267,0.256146212788543,1.07923669441055,2282.04070790746,1.0010363073481
"eps_all[21,3]",0.176067467750968,0.00950483135074362,0.708216672020712,-1.27245924593827,-0.262930208772831,0.189344771193032,0.65320726940866,1.52310771471702,5551.92335118184,1.00009540278734
"eps_all[21,4]",0.086661139992662,0.0145028197046416,0.785479985693175,-1.38410780068528,-0.451361616523066,0.0630386064395309,0.587749645524362,1.73318911047768,2933.35990275729,1.00135417636656
"eps_all[21,5]",-0.0487959646660447,0.00995947170249089,0.742724490565757,-1.4844708956545,-0.547312531112346,-0.0528552700434315,0.429009759588258,1.43870265804342,5561.384026017,1.0004486120327
"eps_all[21,6]",0.118688361781692,0.0160904734494917,0.823590481060156,-1.5233887929571,-0.426297276862938,0.110411814947991,0.66957446706414,1.68764449609366,2619.9016645403,1.00196656188014
"eps_all[21,7]",0.585634270302612,0.01511673810584,0.832767593523247,-1.11970252081656,0.0357458130942172,0.598550414730503,1.15764666177937,2.12986053168728,3034.80964096002,1.00199658996569
"eps_all[21,8]",-0.53894870765242,0.0242100641766161,0.902276007177685,-2.21602958443167,-1.16945465656789,-0.571606195620556,0.045367485251505,1.44901239960347,1388.95103793246,1.00443506145543
"eps_all[22,1]",0.216148318228148,0.00878120107029764,0.620924442692245,-1.05457301093986,-0.170555791364115,0.234321595591963,0.61495269267819,1.39268784767316,4999.99613987464,1.00050969154874
"eps_all[22,2]",0.450803222642654,0.00914642554356987,0.661153364001008,-0.924418640236923,0.0314577851140412,0.474873490865698,0.877105636316888,1.74415575720733,5225.18434847797,1.0000583518097
"eps_all[22,3]",-1.31997663218632,0.0153313255022617,0.7734088625293,-2.79275103418941,-1.83802990363931,-1.34888759703363,-0.827750610933201,0.283063632379088,2544.83061070386,1.00223203983437
"eps_all[22,4]",1.00192040578053,0.0105398140159134,0.773260667499405,-0.550883517423715,0.509613217755097,1.00207593488905,1.5188141103868,2.50700890896732,5382.52363040139,0.999994922134302
"eps_all[22,5]",-0.377744825039723,0.0140867774143182,0.791412156721621,-1.88107469525395,-0.916461988363546,-0.384683966150433,0.134157740737287,1.20336350404749,3156.32801076313,1.00129407383311
"eps_all[22,6]",-0.119730569337066,0.0257899317059293,0.848281340243785,-1.8465845104709,-0.668352954450145,-0.104143374980985,0.445421156289323,1.5387632556303,1081.88087492718,1.00337093512993
"eps_all[22,7]",-0.194839656711661,0.0113752590977323,0.833762814767822,-1.78610559713353,-0.764148202416542,-0.208684776565391,0.343719662701257,1.48784785216453,5372.32712099148,0.99992927522382
"eps_all[22,8]",0.239052804359371,0.0164117312705548,0.901333878744749,-1.53015367412015,-0.354456177622277,0.231421967646218,0.851772125106576,1.99254429331103,3016.21709081748,1.00130508812713
"eps_all[23,1]",0.0388584664335235,0.0129053408452488,0.601231431199081,-1.14917711767296,-0.33342342247176,0.0469286232366178,0.430017878310851,1.210279661162,2170.42305807524,1.00057571449583
"eps_all[23,2]",0.407272222461112,0.00797237743509419,0.622961954082155,-0.869644701723877,0.0172855003627705,0.407039224860907,0.809782245558404,1.64915117937576,6105.86707458227,1.00077397417626
"eps_all[23,3]",-0.387102474304786,0.00955272104776979,0.698196701281825,-1.81417718445221,-0.833006212887988,-0.381894741716742,0.0787950698615688,0.961389833393864,5341.96936739807,1.00022303533541
"eps_all[23,4]",0.054988950120165,0.0162396439555954,0.748857672099968,-1.35399607879663,-0.443348404088793,0.0172308682423459,0.545536705974815,1.57201927199358,2126.40292169971,1.00140802986581
"eps_all[23,5]",0.700248773466331,0.0171241394338008,0.782077590161697,-0.90538414723285,0.194368013393719,0.719740950670027,1.21580314212737,2.17129738261204,2085.84567155476,1.00130644780974
"eps_all[23,6]",-0.220550028490999,0.0186685314194725,0.830190250273752,-1.79506059439258,-0.796748460193,-0.242399795089155,0.318437790683051,1.44569154356848,1977.5840350604,1.00182910094633
"eps_all[23,7]",0.137415435788531,0.0099130969473234,0.806375045373876,-1.48574921608281,-0.391192340150063,0.166884201494533,0.672084967546985,1.69940224455553,6616.91341441704,0.999818578958798
"eps_all[23,8]",0.330625177222136,0.00875834134391994,0.855289348957992,-1.40971743095422,-0.223962392801705,0.332441167735809,0.893322299140584,2.03131936440754,9536.35463418474,0.999994875631136
"eps_all[24,1]",-0.268401073918111,0.00904574760749619,0.618876443587339,-1.54682321869304,-0.657837264166741,-0.252221737731642,0.140370260160841,0.9003482205151,4680.78801137297,1.00055757109473
"eps_all[24,2]",-0.352302256877912,0.00918747820982787,0.668133040891379,-1.63025165104979,-0.770419888803211,-0.3877718173203,0.0571936863156294,1.07012745460484,5288.50908053778,1.00017584508037
"eps_all[24,3]",-0.219785712489556,0.0141211444694136,0.718168721467939,-1.68551993849861,-0.670753246670576,-0.21080644013268,0.261819511973412,1.17340866303978,2586.50415383372,1.00154254169642
"eps_all[24,4]",0.4948160129958,0.0129600805639304,0.762457349770998,-1.00966434926336,-9.56285156490239e-05,0.499882820265204,1.01035581336713,1.976193066406,3461.11243667156,1.00062238926931
"eps_all[24,5]",0.214659601380904,0.0152371645835579,0.788927936232908,-1.29366559644265,-0.308098533908713,0.212937963918224,0.7214236068028,1.76466744271288,2680.81196115982,1.00190310016941
"eps_all[24,6]",1.3019156368946,0.021328317013812,0.89083148255986,-0.48228050766955,0.684652617088576,1.33558551653255,1.92209689547259,2.97342763541772,1744.52797947763,1.00112084683271
"eps_all[24,7]",-0.123387621045586,0.0140845222265604,0.839644332582152,-1.72860156188203,-0.666705074692456,-0.137983684660828,0.426578237990021,1.56965513871569,3553.91047015652,1.00111561371805
"eps_all[24,8]",0.345907410689193,0.010376806214177,0.876991178300997,-1.41199533114281,-0.243675973519336,0.371334088130549,0.936901842042873,2.06168943785694,7142.71031289782,1.00044787515552
"eps_all[25,1]",-1.01243015375354,0.00826433472182331,0.618832706551929,-2.16978005170236,-1.41982581871123,-1.03362989691741,-0.625946554283236,0.279982327601671,5607.00212434836,1.00005093088159
"eps_all[25,2]",-0.35014705644252,0.00901660991034407,0.659432344839818,-1.60376457141999,-0.790235496082706,-0.385515038964415,0.0742706821866558,1.02820920866325,5348.77006310961,1.0013485346024
"eps_all[25,3]",-0.0318181715044969,0.0123853403492794,0.70115991685867,-1.44939885836195,-0.493673682796102,-0.0262607513460169,0.43691855268838,1.29852758781782,3204.92795094195,1.00168169988566
"eps_all[25,4]",-0.193895520414196,0.0221405851403191,0.764964595255657,-1.79988756403474,-0.686314010245864,-0.184176430897908,0.310330195081045,1.26057006131552,1193.72552864618,1.00213697539606
"eps_all[25,5]",0.507526438019183,0.0177351691409511,0.769467012047467,-1.02773012754288,0.000915559505824219,0.518368728215463,1.01476147321412,1.95159142886686,1882.38885250575,1.00302466033489
"eps_all[25,6]",0.212924176353914,0.00899234808652107,0.812956527161531,-1.39591880531156,-0.330341765481626,0.221217676192327,0.729675014315574,1.83420763134492,8173.13034636952,1.00066892062942
"eps_all[25,7]",0.150561166726642,0.0165537886184127,0.851701286916123,-1.55041529743288,-0.421005309601614,0.159583687464498,0.707363620585027,1.81306410712178,2647.15759046244,1.00044611249072
"eps_all[25,8]",0.54982083035888,0.0121442713198046,0.892858346656355,-1.23046249025538,-0.0204947116549004,0.557830287464509,1.15255580483441,2.26343461111264,5405.32987297671,1.00028933140299
"eps_all[26,1]",-0.329764633545348,0.00801420309491616,0.628803409074639,-1.596654353454,-0.719233023055386,-0.334341290372638,0.0736076936448919,0.9371526075254,6156.1484939828,0.9998670504108
"eps_all[26,2]",0.508735804820382,0.0131494407113502,0.887760744029129,-1.29195808969723,-0.0609067757992753,0.49952141271681,1.10166170042677,2.25222682526383,4558.03138761978,1.00022019128287
"eps_all[26,3]",-0.00773637130825458,0.00847618209080039,0.719451217087008,-1.45908792597194,-0.477221642440574,-0.0106084013634005,0.451502251173707,1.41990915673565,7204.47182659572,0.999679217856312
"eps_all[26,4]",-0.326262792912935,0.0095033831471488,0.750781284340257,-1.77928686303074,-0.823306752490859,-0.33556207698063,0.169244609789274,1.1617810714733,6241.23302267052,1.00036284445312
"eps_all[26,5]",-0.000167945295528947,0.0165736047590826,0.939570667504747,-1.81273411940299,-0.652787032406234,-0.0177670746653689,0.648427348109155,1.81823056662184,3213.84512739909,1.00116180264616
"eps_all[26,6]",0.481871579344262,0.0236230234980824,0.852981041897491,-1.19692668842149,-0.0627819308086256,0.47787730931916,1.03445712258621,2.20127432706961,1303.79044414117,1.00324618927795
"eps_all[26,7]",-0.28199576496554,0.0189118734467977,0.955499346472738,-2.13227814904569,-0.922920078643903,-0.302566195467646,0.361220462951282,1.66752213242767,2552.65241526302,1.00125040655213
"eps_all[26,8]",0.107703300642236,0.00955638658057199,0.933305306367406,-1.74506515917874,-0.536534680299571,0.107758957309731,0.736458795297924,1.92876852915013,9538.06001048191,1.00033152325918
"eps_all[27,1]",0.00589835110231531,0.0114018246281011,1.00808565274034,-1.96134891060569,-0.673271107133743,-0.00225903174682129,0.691270147091698,1.97504778507767,7817.10875364719,1.0001985633385
"eps_all[27,2]",-0.00158451342458597,0.0112535397309563,0.989230136887757,-1.93628545129198,-0.679773539869662,0.00689301503614105,0.669095490412365,1.89091046650206,7727.09728699848,1.0005536552698
"eps_all[27,3]",0.0167069316818489,0.01120392675242,1.00710896424341,-1.96623131025538,-0.674615946185247,0.0241119377565323,0.691462209374559,1.98023345478403,8080.01936219239,0.999950030423082
"eps_all[27,4]",-0.002588416071213,0.0111954558800523,1.00057460029858,-1.94034882939588,-0.687349895779019,0.00475969652334142,0.654918451593184,1.97359076238697,7987.58297364182,0.999582516523252
"eps_all[27,5]",0.0126219199409753,0.011095058779933,0.996249378438499,-1.89780281606987,-0.648924897124932,0.00770751247654753,0.688798631548948,1.96358046997375,8062.63337750355,0.999980568270745
"eps_all[27,6]",0.0146013035230848,0.0117350864059599,1.00473454087894,-2.00275567021185,-0.64697997899852,0.0171878828271181,0.674916437274228,1.990911614929,7330.4406541265,0.999719453286554
"eps_all[27,7]",-0.00107699005834003,0.0113107690168829,1.00694997169289,-1.94625914559601,-0.688555955839076,0.0100372210257832,0.67652467886023,1.98957235103057,7925.58852177164,1.00008905644941
"eps_all[27,8]",-0.0154251545012444,0.0114076538378983,0.999431139164139,-2.00294985901078,-0.679156249722352,-0.00503371542775119,0.664937962817919,1.92931288166961,7675.61326693236,1.00027232022288
"eps_all[28,1]",0.00858337515706118,0.0112368615181073,1.00119276813719,-1.97158312899509,-0.657930894871089,0.000414275508401167,0.683276163959704,1.96268103287739,7938.62615123408,1.0003422201614
"eps_all[28,2]",4.62861385541846e-05,0.0112673211148476,1.01014007041805,-1.9662121729704,-0.66202538602132,-0.00674516581027426,0.673441907311659,1.98095196028044,8037.51607949126,1.00020009844638
"eps_all[28,3]",0.00234284175450734,0.0111623150197122,1.00799375429659,-1.95595774929649,-0.678787248555456,-0.00302270989110584,0.681402900325528,1.98188598318988,8154.68392594629,0.999653918113497
"eps_all[28,4]",-0.00259848485113404,0.011422635058546,1.00265719829127,-1.97233679054677,-0.683510248468322,-0.00342283927084881,0.675830306526031,1.94646135308404,7704.99477596192,0.99970205901267
"eps_all[28,5]",-0.0104969177214572,0.0110897979340108,0.994931020144597,-1.96957822187828,-0.68205935554721,-0.000274139748380294,0.644422566800263,1.9845480005683,8048.93976283748,0.999994227115947
"eps_all[28,6]",0.017736557872688,0.0119080184214062,1.00420089586433,-1.96147994806457,-0.663567952996515,0.0194355589095666,0.705487711024016,1.9795394200449,7111.51635764697,1.00010118600427
"eps_all[28,7]",-0.00229925364785439,0.0113058489661036,1.01039160019347,-1.95824472090296,-0.687596538956979,-0.0041429186237676,0.671596133577493,1.97953753269378,7986.80525966371,0.999813713664349
"eps_all[28,8]",-0.0108790509329497,0.0109246143718092,0.994909239173018,-1.94182505159216,-0.670445341790516,-0.0254115791311542,0.668307218122101,1.93741998529841,8293.82173233206,1.00007637230414
"lp__",-201.288575169605,2.09263738454187,31.5328710706488,-255.804160685681,-223.369719096168,-203.418482475955,-182.25798243937,-132.048903630074,227.059183039418,1.02239082122214
