"","mean","se_mean","sd","2.5%","25%","50%","75%","97.5%","n_eff","Rhat"
"eps2[1,1]",-0.0699293756591209,0.00903246002846874,0.938846924620317,-1.88071820235255,-0.700699724171532,-0.087413001131273,0.572806417927578,1.78206495375914,10803.8234675466,0.999626037605953
"eps2[1,2]",-0.145038728888188,0.00953276802020723,0.935536703273371,-1.93818514730987,-0.782777174543269,-0.148737602357143,0.47708625666231,1.7097827050749,9631.27119739628,0.999904175344841
"eps2[1,3]",-0.0426818561608215,0.00947912165475114,0.938806296760507,-1.89898084806341,-0.684847954762152,-0.0329482710427371,0.575040076519709,1.8114094736912,9808.79806211678,1.0000166741316
"eps2[1,4]",-0.174258960308245,0.00967393258866375,0.973074717427926,-2.08429048231267,-0.82348396826915,-0.172748061082413,0.463825040903433,1.75329357809811,10117.8040468841,0.999678174877026
"eps2[1,5]",-0.090288715106749,0.0104692743719119,0.938822829265341,-1.89773234578208,-0.711401885225232,-0.102568324450154,0.539022883820305,1.75719724697668,8041.44544956464,1.00009567969933
"eps2[1,6]",-0.0701429895259863,0.0091717159082506,0.964635418754507,-1.9801976719196,-0.727018588898164,-0.0677284336680898,0.595461956052383,1.78772244268564,11061.7851684501,0.999880326079252
"eps2[1,7]",-0.125515134168635,0.0088413001162948,0.994858858335345,-2.03501149787844,-0.803819750011318,-0.133133324011987,0.54441132504783,1.8490442754176,12661.6608607459,0.999727087026868
"eps2[1,8]",-0.229550420221123,0.0102038867419576,0.977548524522766,-2.17195621784653,-0.892543815545599,-0.225177797089703,0.419380962264575,1.67374752648535,9177.9437163543,1.00012222138322
"eps2[1,9]",-0.703721278920334,0.00933279343328345,0.828929992311767,-2.2888745615369,-1.25393237720176,-0.725038328640776,-0.141421380903486,0.937906732120894,7888.82641652607,0.999697673018988
"eps2[1,10]",-0.3508418485639,0.00880113649805674,0.976432528261411,-2.23524992710444,-1.03071844599564,-0.337369576301979,0.318753793654214,1.55687437448449,12308.5519910838,0.999832562177059
"eps2[1,11]",-0.0207858130774775,0.00883729088947668,0.981768392599616,-1.95213363548934,-0.686683823877704,-0.0206777975394429,0.652188965160016,1.9012181668618,12341.8365715747,1.00024722914772
"eps2[1,12]",0.156667535160879,0.00836436718674309,0.995349740743844,-1.78240527694524,-0.51280250179932,0.151592992066846,0.817674173676878,2.10319883863889,14160.7167563304,0.999841177025864
"eps2[1,13]",-0.0165590164434056,0.0085272039911466,0.978271007894586,-1.93309353299943,-0.671143210923902,-0.00748002390040216,0.650151454144942,1.8989523366319,13161.4900846628,0.999623267651879
"eps2[1,14]",0.143441428212068,0.00911410924863679,0.984819172712327,-1.77786424769475,-0.522543217210417,0.155223587363418,0.79046435324888,2.08255126761853,11675.7430760933,0.99994503131408
"eps2[1,15]",-0.0764515170575823,0.00931195488878863,1.00961044987371,-2.06832784276402,-0.760741413774192,-0.0687623154518453,0.612067962703319,1.89625322103347,11755.089695572,0.999712617829773
"eps2[1,16]",-0.0110002357599861,0.00907121540268893,0.990430609536148,-1.91620165052183,-0.68049202459065,-0.0079977802165237,0.65279908453817,1.96190703329863,11921.1224335595,0.999921151292574
"eps2[1,17]",0.132730932314216,0.00860868206290607,1.00987172791473,-1.86018026523985,-0.55164280965665,0.142219519379744,0.825789853892504,2.11162239451294,13761.2882095428,0.999749850550837
"eps2[2,1]",-0.000232859515034873,0.00939935126356044,0.937044077508942,-1.84206283019159,-0.631326371426155,0.00233519745999321,0.633207691958154,1.84958519546166,9938.57868213035,1.00001805202149
"eps2[2,2]",-0.0535274190190066,0.00929236815873319,0.933165557443169,-1.87728664034101,-0.679923793808015,-0.0511642189160266,0.566376796453929,1.78931756766543,10084.7372103802,0.999928667786529
"eps2[2,3]",-0.0637308338264517,0.00967560316454353,0.933794060534239,-1.9343733331051,-0.697652626989967,-0.0585376535282053,0.57000404608112,1.72883418812262,9314.21200118498,1.00044810167437
"eps2[2,4]",-0.161820558653457,0.00927243333526354,0.970508536617461,-2.04344641308325,-0.828406036422628,-0.159491201527586,0.488887693748613,1.74370164457558,10954.9722140549,0.999891623870843
"eps2[2,5]",-0.0856032684303036,0.0101422124168188,0.927696356191426,-1.89274823821058,-0.70589644859721,-0.0882416836622403,0.543749573534446,1.72916045447109,8366.54781418008,0.999813965183811
"eps2[2,6]",-0.0384364737876819,0.00878284567580061,0.966304342885135,-1.90120369113271,-0.709343864667257,-0.044135553929218,0.626127463969408,1.86612674885707,12104.7927800898,0.999820042619447
"eps2[2,7]",-0.0622770939447358,0.00892780426207538,0.983380600784904,-1.99003179906149,-0.734824091767414,-0.0661670951610799,0.597513266940756,1.88940508502098,12132.6020618754,0.999714389288564
"eps2[2,8]",-0.181626893227291,0.00920158484726502,0.96130367254899,-2.05811485933127,-0.838483122556807,-0.177681605234807,0.483438556214202,1.65973707827881,10914.3011511841,0.99982105109702
"eps2[2,9]",-0.364603808262058,0.00875820701633185,0.797974463219341,-1.91852084218118,-0.898787450276993,-0.365931685210235,0.165972492211064,1.24637984473139,8301.32799947873,0.999649464764392
"eps2[2,10]",-0.332471981642232,0.00845103342062394,0.972956976981621,-2.25172715363023,-0.983072086329978,-0.326418253943539,0.346774145095165,1.57062591221968,13254.6307946174,0.999611537125875
"eps2[2,11]",-0.029522097487547,0.00886923251657191,0.960613596833282,-1.91978421534196,-0.680452708431698,-0.0192508467070333,0.620454771908448,1.83170896185469,11730.7391541222,0.999909674991375
"eps2[2,12]",0.176670212697468,0.00820924422166244,0.972980499851553,-1.73110133313381,-0.469288366446722,0.180242296346357,0.822671693840858,2.13514394628999,14047.5931585322,0.999854584346183
"eps2[2,13]",-0.0459649044750146,0.00855098108896833,0.966538237526759,-1.92493483305569,-0.68703098792501,-0.0523925865320793,0.591777284941434,1.84820846522095,12776.3319807075,1.00008880951828
"eps2[2,14]",0.13541460239112,0.00862178425941892,0.987465956221761,-1.77605194637805,-0.527475167436157,0.137181458779974,0.795004449237301,2.04863419219575,13117.466413487,0.999733734096892
"eps2[2,15]",-0.089011806310671,0.00830110952950136,0.98473909442503,-1.98833829085576,-0.775389070544546,-0.0839177655955319,0.576837604576117,1.8049126891527,14072.4615691392,0.99968011437057
"eps2[2,16]",-0.030962371418072,0.00792729792461486,0.996122755780845,-1.9492180498432,-0.721706666926009,-0.0400553987049461,0.656015867549928,1.92488685692808,15789.7539452697,0.999862928824282
"eps2[2,17]",0.126158601786231,0.00865865048144494,1.0011330278451,-1.81785548997361,-0.574704497230284,0.125809473788762,0.819565938343168,2.05544147855925,13368.5147693044,0.999713957160073
"eps2[3,1]",0.183959931410253,0.00928745094741503,0.933367120262175,-1.6508536508762,-0.437454618782557,0.177714673304209,0.809897970419407,2.01192029551856,10099.7803727704,0.999965642916918
"eps2[3,2]",0.126199659861361,0.00949165007138995,0.938734639729492,-1.70682774287989,-0.527930599800514,0.151086460059781,0.770722213846898,1.94611537198662,9781.42772404353,1.00007117287192
"eps2[3,3]",-0.129322156566493,0.00961732560185938,0.947327723668587,-1.99556844273035,-0.76650760908311,-0.122599584638165,0.498594212836409,1.717806515495,9702.68327720453,0.999800180341276
"eps2[3,4]",-0.149033188043346,0.00909540294356893,0.979253881247465,-2.04932457381443,-0.800836960303101,-0.153429614498299,0.510009936198585,1.75431792064254,11591.6888559582,0.99993441109424
"eps2[3,5]",0.541753551926526,0.00745634404318332,0.766522032861059,-0.969844096397677,0.0351336798273667,0.547292432740368,1.0556472216956,2.04014520621006,10568.1120237486,1.00092488656084
"eps2[3,6]",0.0384266348629757,0.00854521845597308,0.969653758175025,-1.86519982174403,-0.633187416705522,0.045769640914081,0.699681833490544,1.89183418654517,12876.1797407801,0.999736446662165
"eps2[3,7]",0.055019975268361,0.00921381832200388,0.967529638116717,-1.83493652215659,-0.609645250328178,0.0390797744500507,0.71431633522089,1.9483996735946,11026.7941179443,0.999621838163297
"eps2[3,8]",0.00607652173053686,0.00964104034476821,0.98875997220527,-1.90014357772417,-0.676860284204306,0.00224439622733722,0.688641385219683,1.90390809877926,10518.0190427318,0.999996850310487
"eps2[3,9]",0.407284009154201,0.00879090403941073,0.833121088296289,-1.25934066892598,-0.14906465594147,0.417050956211286,0.977232405482622,2.00294560057376,8981.50625231286,1.00003792507407
"eps2[3,10]",-0.343166458046521,0.00874469800173579,0.985182912227699,-2.28279060433952,-0.991007654406088,-0.319912012602736,0.314855212216277,1.57492920419862,12692.4104969032,0.999765240181374
"eps2[3,11]",-0.014541005605089,0.00884332673522464,0.979715948582181,-1.92411136316729,-0.673765209366383,-0.0156516258586995,0.643003319817723,1.93305427996575,12273.5165715234,0.999787350747261
"eps2[3,12]",0.1743075825729,0.00935461865537534,0.993491942002241,-1.81336844262588,-0.480782662712018,0.192800949271465,0.828034553434796,2.13195652767689,11279.1538860633,0.999585592845759
"eps2[3,13]",-0.033210013636946,0.00880130409030258,0.983932266903696,-1.96875256010034,-0.688435928422198,-0.0454137416928078,0.638574182343081,1.90608169464363,12497.8800799267,0.999578182287567
"eps2[3,14]",0.133831187260383,0.00839471109845888,0.980991378731217,-1.78978837114182,-0.509902565195782,0.132067594805018,0.799316648945216,2.02959680268787,13655.8542265741,0.999778504303355
"eps2[3,15]",-0.095396823862442,0.00810180011358046,0.988936533627033,-2.06099322957428,-0.74349628304537,-0.094616946552651,0.567524485991089,1.82254976457272,14899.5720214318,0.999715384025652
"eps2[3,16]",-0.0183707556390603,0.00935850575916339,0.983562102784411,-1.97967318548688,-0.682071510273294,-0.0262839841330929,0.646048810904889,1.89234590928207,11045.6314816752,0.999804147920979
"eps2[3,17]",0.131124867568514,0.00875277182444883,0.980672532696719,-1.75993873073631,-0.526548027432569,0.113824977127985,0.810346508636072,2.05059851873437,12553.268237873,1.00002071492036
"eps2[4,1]",0.163458654476487,0.00973677621745285,0.945587254745396,-1.69716145600173,-0.458247327919118,0.155139567130293,0.78789750353148,2.06074133223283,9431.32786068449,0.999910596047404
"eps2[4,2]",0.064969498702539,0.00986731571849871,0.924655475182929,-1.77443450290588,-0.554177650380423,0.0570770419297185,0.689609531425866,1.86948437971979,8781.36122988019,1.0001132732199
"eps2[4,3]",0.79813949861312,0.00899529629332733,0.770690617221941,-0.769544744756646,0.292213368450837,0.814149337647229,1.31776029858682,2.27403523215586,7340.56007667341,1.00035138635624
"eps2[4,4]",-0.200798415501755,0.00933172131312729,0.971150450116367,-2.08630435224837,-0.853940484484805,-0.197888394432861,0.463872933727769,1.69641578308,10830.5250430967,0.999763592042728
"eps2[4,5]",0.347510666542954,0.0076877249490919,0.764838451806237,-1.15327911166253,-0.158548812615179,0.345741693801476,0.849854067359723,1.87725853123384,9897.91577403447,1.00004354486246
"eps2[4,6]",-0.0492224256960857,0.00972520349397207,0.946670988018859,-1.90659564972219,-0.680451456239224,-0.04741000135358,0.577749508249471,1.8174942093526,9475.46955841937,0.999859307020717
"eps2[4,7]",-0.0904566364701561,0.00913458230931818,0.958075086331971,-1.95741169624832,-0.737196330311703,-0.0895597718871463,0.566116551598946,1.76917702471492,11000.7351029553,0.99966973582589
"eps2[4,8]",-0.198632911628557,0.00910780568482963,0.960166912698185,-2.05196451147742,-0.839196274872925,-0.198209974758412,0.437166640987705,1.69707188690461,11113.8865579486,1.00000885091228
"eps2[4,9]",-0.48538876151373,0.00928369635618259,0.833956623533466,-2.09864051773299,-1.03546636645467,-0.490970782542804,0.0657582738695445,1.19759915179065,8069.47108510713,0.999529607207348
"eps2[4,10]",-0.364129647911044,0.00842420769065397,0.991341398514269,-2.31227308975858,-1.00729153695883,-0.359832947106763,0.290862286801544,1.55559450458687,13848.0414448365,0.999778581758893
"eps2[4,11]",-0.0201481194488949,0.00942916761949649,0.963805070577108,-1.90615641446595,-0.675342149078839,-0.0389175090869136,0.631986509578882,1.85437081116139,10447.9648136542,0.999923550108609
"eps2[4,12]",0.175073601884929,0.00889455206693616,0.988948452062631,-1.75699678787641,-0.496538671366148,0.179424173689541,0.849493972527029,2.07423393696791,12362.2962436063,0.999678034285893
"eps2[4,13]",-0.031197522687119,0.00905058806206097,0.997997232093982,-1.94421478742089,-0.723842471215024,-0.0300760278424952,0.639995781738032,1.88615402047383,12159.2020933168,0.999734642581588
"eps2[4,14]",0.141325861670835,0.00870082985917887,0.974182569909196,-1.77973788788942,-0.505116884801447,0.145903357139459,0.78859889815939,2.01321090742297,12536.0107878292,0.999846639616808
"eps2[4,15]",-0.0906648782077883,0.00902512787894812,1.00388320817056,-2.06980353598773,-0.77416883569872,-0.0885111504075733,0.583134954629213,1.87377796027461,12372.5623579966,0.999682074923468
"eps2[4,16]",-0.0164221158273053,0.00784150801092297,1.00223679054271,-1.9752947398795,-0.693699340189967,-0.0145249748280565,0.637628746444969,1.95164591740905,16335.8411244507,1.00019036611961
"eps2[4,17]",0.12937246973023,0.00867068868893188,1.01404310518109,-1.85128026681234,-0.552655438028655,0.130436563647395,0.807313866210563,2.14758380416689,13677.4660559122,0.999679291677765
"eps2[5,1]",-0.272494472887236,0.0109599768725069,0.967683658829089,-2.13757099567773,-0.925182927194714,-0.281930541154162,0.374056455276445,1.63984392295063,7795.56395817292,0.999908496037313
"eps2[5,2]",-1.07489530692494,0.0073167237849361,0.711082505731202,-2.46098387465641,-1.55991098674688,-1.07118970654821,-0.611300821385832,0.335983381858345,9445.10233711718,0.999920584514555
"eps2[5,3]",-0.789944947630345,0.00806165124584572,0.753360422164903,-2.228181376102,-1.2988979758741,-0.803588394415897,-0.293161667915708,0.737451267391058,8732.88194152813,0.999825177364775
"eps2[5,4]",-0.036842258748456,0.00960084163207677,0.948820366590726,-1.86303483579384,-0.686260832478227,-0.0494531394721096,0.594373709829036,1.81867329264527,9766.73456157742,0.99983661951899
"eps2[5,5]",-0.287860829556566,0.00923450947184476,0.774592083517488,-1.78477670917672,-0.799910534816427,-0.30880292263438,0.219235468190467,1.29072292602623,7035.88036049897,0.999859735380794
"eps2[5,6]",0.0148640164999794,0.0087341480371969,0.962522173783724,-1.88169300589774,-0.638015149886191,0.023679362108146,0.674947738338287,1.86650764339396,12144.5209724117,0.999747805732086
"eps2[5,7]",0.0243396368294785,0.00985437607212256,0.971467949513903,-1.87190780560467,-0.623908281126039,0.0252907773412183,0.67891794316863,1.91842725382101,9718.4877054513,0.999638257591529
"eps2[5,8]",-0.0284545256572262,0.00916616933939532,0.967869127071652,-1.92388027464627,-0.688700352732461,-0.0130786826554397,0.631823467026452,1.83462424157673,11149.5546720413,0.999627866408706
"eps2[5,9]",0.292461856914458,0.00857684358368076,0.811650989629463,-1.32699813359757,-0.240700750321268,0.293209041283222,0.83866863050858,1.84788843757946,8955.37270884657,1.00011398955966
"eps2[5,10]",-0.349589069660327,0.00905467779568384,0.966591881474568,-2.27681580609547,-1.00997991752333,-0.340016757368517,0.310759867321885,1.51700393551566,11395.6810267417,0.999772354000827
"eps2[5,11]",-0.0256257258754293,0.00876445782718202,0.997079211924967,-1.97271426081771,-0.689301562556551,-0.0235741647766802,0.639871801818842,1.93965623678891,12942.232942073,0.999789544324929
"eps2[5,12]",0.16192940687299,0.00848730506510008,0.978312106839412,-1.80327199800515,-0.488678182373809,0.174172161619386,0.817334585660357,2.06938461347489,13286.6419241195,0.999834828287078
"eps2[5,13]",-0.0254045086107248,0.00857894009278309,1.01454745402161,-2.00579375435602,-0.701527772511174,-0.0238807474344375,0.664415320101971,1.9352713010383,13985.4827024883,0.999934649997834
"eps2[5,14]",0.133991941256544,0.00912674346548337,0.986200283076572,-1.82697695631209,-0.531047205414225,0.140108751291601,0.787994450446478,2.07743928547784,11676.1202380156,0.999932914590967
"eps2[5,15]",-0.0860744167450097,0.00891777844671717,0.986834404957367,-2.01131950629547,-0.743201331385994,-0.0837085471916002,0.579356771389347,1.83135445486371,12245.4629191602,0.999764293177543
"eps2[5,16]",-0.00598261940215703,0.00878059276311404,0.98477436772211,-1.9227718695865,-0.67010361390561,-0.00213437645643129,0.653785070155,1.90558473928844,12578.4115796853,0.999754198310722
"eps2[5,17]",0.114193351170817,0.00817963073369355,0.993176314481935,-1.86385518443816,-0.558483896272933,0.125065442896304,0.783579762875584,2.03454557956651,14742.981194637,0.999933868054372
"eps2[6,1]",0.309554776740286,0.00814884565411814,0.684024118874199,-1.08219511566589,-0.135499834867117,0.318826509499524,0.758064704303193,1.65510149648148,7046.12992059592,0.999905593704588
"eps2[6,2]",-1.28347563982582,0.00773727158836546,0.702300953236325,-2.69209748669699,-1.74358066936241,-1.27423700658948,-0.817188172275859,0.0941350604280208,8238.93037777377,1.00017093977823
"eps2[6,3]",-0.169196955794162,0.00876104839662944,0.758184529022217,-1.68322995333568,-0.668545349727073,-0.164831020269782,0.328948481713774,1.30373295761371,7489.23878464884,0.999763366808444
"eps2[6,4]",-0.350662070914439,0.00863543859097776,0.746674020267328,-1.76488064924702,-0.864404735947168,-0.364511482897418,0.152156425754544,1.12536495873581,7476.41295379707,0.999813611324971
"eps2[6,5]",0.872072374598316,0.00946964775547794,0.782959767950585,-0.69514236522009,0.350239375326401,0.89279988462592,1.41423655391721,2.32924558672281,6836.14465061077,0.999770483204307
"eps2[6,6]",0.0996507883494638,0.00832931705223307,0.778751776443461,-1.43297105985901,-0.410134853312436,0.102559322894436,0.616063853529984,1.6390190380942,8741.3661797869,0.999861205623037
"eps2[6,7]",0.096349746832083,0.0101461978991934,0.951054865715691,-1.78982096801049,-0.543647027587057,0.110314467066411,0.744667690583037,1.9125152280904,8786.26880599533,0.99982620705259
"eps2[6,8]",-0.0663252438455274,0.00948867114567507,0.813173682384142,-1.68651344095321,-0.610235870771517,-0.0554862418202132,0.479353598218968,1.51751517382505,7344.391828019,1.0000162687993
"eps2[6,9]",-0.313743181487476,0.00912286160651823,0.824130027011819,-1.94137914952173,-0.869726769904339,-0.303822938625971,0.247360303592693,1.28511189311544,8160.73550599803,1.00012520905237
"eps2[6,10]",-0.380560866868148,0.00995682571838827,0.977715921818959,-2.29163208069709,-1.02139543889022,-0.374264885796621,0.26360570264188,1.50840748102827,9642.36493815634,1.00009246279921
"eps2[6,11]",-0.380085028933606,0.0101282956105165,0.873227647430378,-2.0363832780526,-0.971797155515216,-0.385859425682294,0.202619269260105,1.35172380875256,7433.3095400641,1.00071842364601
"eps2[6,12]",0.581580088919104,0.00936960864350362,0.892802124154919,-1.18959381741673,-0.01465276289378,0.584338040171595,1.17184619999108,2.3281636775731,9079.61695235209,0.999774986040695
"eps2[6,13]",-0.280404381974295,0.00942427960783758,0.887723942191047,-1.994819255953,-0.870037124616652,-0.281618336452596,0.315251504113552,1.47503965431429,8872.77647598191,1.00004542721444
"eps2[6,14]",-0.461346854419078,0.00930045351161976,0.918737393395981,-2.25265223878448,-1.08639419597069,-0.471820009778589,0.160457129428101,1.35476766810759,9758.30826224953,0.999809943192971
"eps2[6,15]",0.313686666761346,0.0085503446775303,0.925170721529723,-1.55402761330732,-0.296859695752592,0.323682248683013,0.940494263119746,2.11122834448494,11707.8329302588,0.999680112038059
"eps2[6,16]",-0.485323841707533,0.00946004301498911,0.933552424359666,-2.29891275118839,-1.1235265983466,-0.487683412116415,0.155753814772219,1.3330149137164,9738.4805211864,1.00025573862252
"eps2[6,17]",0.111738317818233,0.00905178330536234,1.00382234504033,-1.82674541300444,-0.55288154207965,0.117389070033114,0.774659859769435,2.05950674505019,12298.3095581018,0.999844869379814
"eps2[7,1]",-0.235271504080402,0.00905637838805064,0.686260668301718,-1.54576592209238,-0.698634330637038,-0.252266602926893,0.206829232277732,1.18321107796938,5742.07814268067,1.00002330890702
"eps2[7,2]",-0.724310912192741,0.00733113812744599,0.679788221497733,-2.06695091939698,-1.17779571772657,-0.72413806948126,-0.277054150288857,0.612115109065345,8598.13909167815,0.999954106158361
"eps2[7,3]",-0.422427643379201,0.0091525946902824,0.754906867328611,-1.86757208153196,-0.927819346492835,-0.448075127962366,0.07648472513468,1.1069464398236,6802.96585092115,0.999760141716704
"eps2[7,4]",0.0131457781979464,0.00838088808130126,0.721184902165537,-1.38822402018478,-0.467820180859294,-0.01192348934645,0.492298680986599,1.45730137311605,7404.79722821442,0.999671903962687
"eps2[7,5]",-0.572217955233742,0.00930824243827297,0.761285754565634,-2.07308551969635,-1.09228808356879,-0.588371586368535,-0.0542913522554729,0.945343159852428,6688.98210381384,1.00039690308638
"eps2[7,6]",-0.171732448738335,0.00870841692892721,0.771100919980723,-1.68927575382592,-0.697532216308209,-0.18109212260409,0.344820494660865,1.37987982708394,7840.50463277407,0.999811794539074
"eps2[7,7]",-0.395718924202004,0.0115820862506602,0.971230073502198,-2.25489665319527,-1.06502443243065,-0.407933644834864,0.246683322136419,1.5317699786324,7031.86709241964,0.999844954553783
"eps2[7,8]",-0.961469154478095,0.0114465757954254,0.826627299023039,-2.55702631099924,-1.51866342850048,-0.978959962436952,-0.414413540661103,0.683035122747098,5215.16808616713,0.999684847829995
"eps2[7,9]",-0.682174599786326,0.00880730411425455,0.807118706894222,-2.21314938585036,-1.22023891195256,-0.688880071965633,-0.158402854923911,0.966334909580996,8398.25082103545,0.999784518812259
"eps2[7,10]",-0.175978545292601,0.0108011306563584,0.966064031907183,-2.00787904842933,-0.837787067418714,-0.186477033364003,0.47112817523819,1.72662690156928,7999.69421782592,0.99988565883224
"eps2[7,11]",0.515735384047595,0.00926212588341466,0.840178869677441,-1.1378794878685,-0.0521262736982951,0.51602578563816,1.08640070165819,2.14466933849501,8228.52799984554,0.999768500866607
"eps2[7,12]",-0.337922563828561,0.008834664181675,0.863754724957192,-2.02283260779301,-0.920294530566665,-0.359198846540445,0.241788743772032,1.37089143324014,9558.7428905657,0.999994191432166
"eps2[7,13]",0.280210129121715,0.00896427165401546,0.87515468101107,-1.44978779235569,-0.301263593322105,0.271770221065249,0.862578461756585,2.0108705556785,9531.02529692285,0.999961934640509
"eps2[7,14]",-0.310411409431673,0.00868208474779441,0.892546480685144,-2.0651345781926,-0.901315451009877,-0.30891170132043,0.283430553588799,1.44316693780764,10568.5070699679,0.999983473691442
"eps2[7,15]",-0.0689494118350313,0.00906330791057945,0.907223838433293,-1.89069824593185,-0.674673828433603,-0.0594371951858541,0.54500924476326,1.72749370241712,10019.7165839114,0.999673613653872
"eps2[7,16]",-0.41909896929203,0.00833231744972328,0.93791434879709,-2.25162262015856,-1.05221556786662,-0.422879449706061,0.195232487070601,1.42445210038599,12670.5289293274,0.999699855422264
"eps2[7,17]",0.121488864753527,0.00973420837774863,0.992760665950034,-1.82704794964294,-0.556156249997025,0.132743902944379,0.78071638474228,2.03388545040777,10401.3053410491,1.00043938020722
"eps2[8,1]",2.03145650481506,0.0125611830162861,0.787494517364511,0.413387927269861,1.53205864727515,2.06410304902178,2.56837497458044,3.47994417379709,3930.37502138307,1.00102517949842
"eps2[8,2]",1.38603506851282,0.0119948531054692,0.7864344628041,-0.206425084088405,0.880346170772574,1.40261422998728,1.89705192907294,2.91790638546388,4298.68088182327,1.00130775413021
"eps2[8,3]",1.47953582981703,0.0117423425846419,0.872916033706376,-0.268376461474658,0.897440102919361,1.49158667292014,2.0746214402892,3.15076218309558,5526.31260283728,1.00015836045451
"eps2[8,4]",1.29161964926327,0.0113249042106512,0.841459773423643,-0.413733224098226,0.738172188187854,1.2943740367239,1.87381780950514,2.89519255308343,5520.74443678686,0.999983341056765
"eps2[8,5]",-0.275481442390532,0.0110201741320392,0.855162279581465,-1.96777598480271,-0.853830226401304,-0.274955807994215,0.302700321770528,1.39301154738894,6021.71446798767,1.00037232051893
"eps2[8,6]",0.627292641563084,0.0131529306324369,0.99004215861241,-1.33673094861376,-0.03909980840327,0.639387224055764,1.29198522346376,2.53938876926372,5665.81405521659,0.999869321764619
"eps2[8,7]",0.454462038076336,0.0114699170051304,1.00916104148209,-1.48061024542672,-0.239036249375917,0.441827498945128,1.15135616085202,2.3861605284462,7741.05943188903,1.00020829390512
"eps2[8,8]",0.736661844424466,0.0113513250248887,0.907189855713384,-1.10132864292194,0.125192579234377,0.748983992145926,1.3499627546548,2.48773625740671,6387.09318396812,0.999983864494093
"eps2[8,9]",0.443553210857394,0.0104495216493383,0.88209861799456,-1.31046559315282,-0.1260927974876,0.453293080018394,1.02251838094494,2.15604481385076,7125.92854479913,1.00002013331857
"eps2[8,10]",-0.0837242825659548,0.010609390119254,1.00915872006896,-2.04046619321152,-0.770132421829324,-0.0754194937124663,0.606031361777717,1.87434711965426,9047.69841948343,0.999789509140271
"eps2[8,11]",0.872788301137387,0.00972301744816348,0.911823567891408,-0.943767961770313,0.257860422179,0.894708026312801,1.49060368777157,2.58710171053213,8794.66894771516,0.999893732080416
"eps2[8,12]",0.0717203594836622,0.00963086729203851,0.903781395937387,-1.70391571276863,-0.526710906160171,0.0823335235621546,0.686259034513506,1.85548472516541,8806.35112167855,0.999942043171572
"eps2[8,13]",-0.0943079736979367,0.0099400248903016,0.946802432152464,-1.95409020056712,-0.739991193332049,-0.0848870855114067,0.532839690391754,1.74774595101472,9072.85115221804,0.999965474937413
"eps2[8,14]",0.276065914339505,0.00996409991565581,0.954075528187896,-1.63239166067787,-0.366817694302482,0.292120953462241,0.928010739011679,2.15543241850326,9168.31160417484,0.999644374018479
"eps2[8,15]",0.78348302201692,0.00943541515861383,0.956167072558134,-1.10711520533565,0.141769719133664,0.803570242692456,1.41973937830117,2.6302355475726,10269.4111060365,0.99988917926481
"eps2[8,16]",0.167310574438987,0.00888174900643763,0.958478374129035,-1.708195124528,-0.474924989309166,0.171962196153613,0.804363923596705,2.0278395104707,11645.7548784075,0.999675824513495
"eps2[8,17]",0.113142483826677,0.00944854225241623,1.00503475954002,-1.86948639626515,-0.579188073579546,0.114002798391289,0.781296238926426,2.08022033393485,11314.4264993963,1.000088264447
"eps2[9,1]",-0.661225150455342,0.0102261221760405,0.676347356579048,-1.92265632748548,-1.12533836203743,-0.684310452856928,-0.220404347122633,0.737254769570363,4374.39140628356,1.00013469672314
"eps2[9,2]",0.639132003636651,0.00852342907931938,0.687869888318098,-0.768541772375911,0.19239470563012,0.649942527508685,1.10662956030791,1.94654190820207,6513.04221727265,1.00016346948322
"eps2[9,3]",0.113567298791303,0.00799114306269612,0.724395093161304,-1.31112372534895,-0.378655816258577,0.108982536630247,0.590837317622345,1.5697680417828,8217.37654692729,1.00058026887291
"eps2[9,4]",0.184576896087421,0.0091989285774295,0.713973936643198,-1.13860649510564,-0.308834585122398,0.170756087986156,0.65462372356895,1.64865742786269,6024.07295511241,1.00039696877104
"eps2[9,5]",-1.14896401589173,0.00850827451008637,0.757563770996578,-2.63350154233482,-1.65655958329771,-1.16617047128054,-0.647627996847687,0.376985201420829,7927.84968994582,1.00023612872588
"eps2[9,6]",0.0900802307845217,0.00973801757926802,0.879891070972103,-1.59542136863491,-0.510872584092872,0.0841597387271956,0.689133026109618,1.82241516226892,8164.25785383718,0.999908164286351
"eps2[9,7]",-0.0453958681417264,0.00828324456848987,0.763491019552553,-1.56518510196727,-0.552753265916146,-0.0491869012625415,0.468515008242286,1.45356448146366,8495.85120064416,0.99979751042862
"eps2[9,8]",-0.314460372644024,0.00915245974289988,0.790180305735136,-1.8334404361047,-0.847855871617496,-0.325191695789904,0.203911573053854,1.2859275961244,7453.78304682886,1.0001257636881
"eps2[9,9]",-0.508789468952784,0.00893759551924938,0.799885331394715,-2.08863933238659,-1.04930815141826,-0.514207366408583,0.0364182751247716,1.06064820239355,8009.65984134785,0.999741089911381
"eps2[9,10]",-0.468251795710896,0.00832297851989213,0.778258668107897,-1.99728722704865,-0.994317740380168,-0.474642056700408,0.0426228083971572,1.0821748335292,8743.60209290543,1.00001108934365
"eps2[9,11]",-0.861529261000504,0.0109876196544018,0.859702747437847,-2.53031683111915,-1.44176972275937,-0.866533032919786,-0.289546660419912,0.847673636370728,6121.94458675541,0.999773067048931
"eps2[9,12]",-0.141009595574474,0.00885262552234533,0.867533257113802,-1.82025108431308,-0.726411015872069,-0.153016392838133,0.456632976409382,1.55812799820962,9603.46766373576,0.999717925033316
"eps2[9,13]",-0.45203211919461,0.0089663586738242,0.870601154049984,-2.17038496523077,-1.03151439632947,-0.452855003574321,0.127967001513427,1.23749258764419,9427.71101668919,0.999699083108503
"eps2[9,14]",-0.000510806210044814,0.00843924605738595,0.889408391419903,-1.74179501858644,-0.597094121129871,0.00198492643077116,0.587188241800318,1.74761062691417,11106.9584253931,0.999681570738158
"eps2[9,15]",-0.0760934825965064,0.00881231132000915,0.908411097547609,-1.85735102649368,-0.692298835967543,-0.0787776865437021,0.538442234659921,1.70772252272632,10626.3765033734,1.00023061284213
"eps2[9,16]",0.0205412021640135,0.00873859058162312,0.919042249856934,-1.78852587120282,-0.610414571356506,0.0319989630296222,0.655836593240468,1.79184403032757,11060.8415102144,0.999818172570173
"eps2[9,17]",0.187691195459525,0.00896108128728034,0.946630727467028,-1.68962771224444,-0.41478605759399,0.19236302034423,0.806804985233464,2.04359667984272,11159.3875731002,0.99971018289015
"eps2[10,1]",0.334129516098637,0.00782909248036624,0.649282787608034,-0.969750697496205,-0.0831765525490688,0.348028199748283,0.769050595825418,1.55070194025247,6877.72700550376,0.999880095683356
"eps2[10,2]",0.429763408645663,0.00738959488654686,0.665263869213806,-0.908007319502726,-0.00646476895324004,0.438844609744665,0.877208851467857,1.72696257427536,8104.88047421309,1.00050082765553
"eps2[10,3]",-0.415444950372337,0.00819435557240285,0.712031540117894,-1.77052066721292,-0.901166364835322,-0.42287958272651,0.0405602843559116,1.05145783958696,7550.38075314841,1.00001979748904
"eps2[10,4]",1.31885676211171,0.00897776885846179,0.727618410232986,-0.111263412146931,0.834264858493818,1.32691701326339,1.81216308783557,2.73758785980847,6568.56524984642,0.999925721004766
"eps2[10,5]",-0.482066865999726,0.00794315784497451,0.716456625590513,-1.90181822984825,-0.965162720278164,-0.483099201714702,0.0120130145545919,0.877813618321117,8135.67180683394,0.999743469261879
"eps2[10,6]",0.363260589322134,0.00916982773658924,0.842806445096039,-1.27334895167204,-0.19898999081562,0.357855763963826,0.909665462065165,2.0521195622691,8447.60000713501,0.999835341057458
"eps2[10,7]",-0.255137317348769,0.00802346627959469,0.749464260483572,-1.75207086769091,-0.754686765865442,-0.248968391341503,0.249023355523894,1.19948601746447,8725.24823761539,0.999829176110958
"eps2[10,8]",0.194777855116537,0.00815559763399233,0.765389295951695,-1.36139747990707,-0.321227732200161,0.210767444756791,0.716134899389905,1.67452726458795,8807.51083545451,0.999871283416315
"eps2[10,9]",0.0225631878310443,0.0080166589130414,0.764392725113393,-1.48316215271103,-0.489647204438528,0.0186659048007858,0.542843685867134,1.50977747016682,9091.72473512955,0.999995913941764
"eps2[10,10]",-0.108698548492379,0.00753583113252071,0.762784142308061,-1.59566600246947,-0.617406976247407,-0.108335317222444,0.398373437947541,1.40863882028684,10245.6849106063,1.00004068481352
"eps2[10,11]",-0.270781267475745,0.00842906706197308,0.826848344680433,-1.86431443191087,-0.839226868823509,-0.287916203674425,0.283613865583166,1.39797380950756,9622.60601112956,0.999820823218226
"eps2[10,12]",0.229628807581496,0.00892759989497016,0.826280432593548,-1.41391515776651,-0.326292860265504,0.231139021898274,0.79033054343794,1.85461179481639,8566.14654122911,1.00042976532802
"eps2[10,13]",-0.379065147043619,0.00898196340310325,0.865703951141156,-2.07170659248611,-0.964623182164516,-0.38152397907936,0.206344926931654,1.33016509593792,9289.58337552262,0.999707018828727
"eps2[10,14]",-0.130279014624378,0.0087225449449286,0.885896175635198,-1.84098617717038,-0.736034756103319,-0.132396387260472,0.47367935663542,1.59826934086035,10315.2372664352,0.99988130782567
"eps2[10,15]",0.0192770641464978,0.00910925286314047,0.902388671279041,-1.73383209162631,-0.593213651945468,0.014044981213805,0.633935479303741,1.79915842198042,9813.45088807903,1.00051949941469
"eps2[10,16]",-0.363829736113534,0.00893759685606828,0.925054764550238,-2.14651400044418,-0.982773368892212,-0.388609562755219,0.271333940222496,1.46235604833534,10712.562437389,0.999772957417656
"eps2[10,17]",-0.259019990258144,0.00910317937983024,0.929910873357911,-2.08054880731932,-0.894997769371331,-0.262805777019401,0.360348455168844,1.56433517917027,10435.0960399712,0.999631269639573
"eps2[11,1]",-1.38116846016232,0.0089062028403283,0.691021692951817,-2.71098912143988,-1.84915450698597,-1.38283597464396,-0.927904819969458,0.0190045207312066,6020.02366288801,1.0002565597727
"eps2[11,2]",-0.966126295500518,0.00816787904605834,0.678766361585664,-2.25481927386382,-1.43213407499934,-0.980545950917707,-0.516412152296713,0.417142059324624,6905.92769408739,1.0004999074223
"eps2[11,3]",-0.26447856969591,0.00840983726593139,0.715613711207029,-1.66495052544418,-0.740078885742801,-0.26722538550635,0.205516685410024,1.15592648741769,7240.726142756,0.999678300010644
"eps2[11,4]",-0.0323510460189685,0.0081421929205313,0.721864133197779,-1.45750305176298,-0.50751578062845,-0.0365083409728933,0.444320405686466,1.42398487705473,7860.1014420832,0.999659206052747
"eps2[11,5]",0.194526977031851,0.00826960665008408,0.743491409006014,-1.2618626433832,-0.313978984508533,0.208258478241758,0.690430692785469,1.64061756245447,8083.17914929967,0.999910226756691
"eps2[11,6]",-0.119891193415691,0.00865246874472038,0.7668183850363,-1.59644078159894,-0.640968871940513,-0.13240597623783,0.388716271169487,1.43295314164667,7854.25424421634,0.999985805030616
"eps2[11,7]",-0.795352709026303,0.00833324630180074,0.766417585695104,-2.26056945179157,-1.31035771045207,-0.798769166128653,-0.295404273277696,0.724130564433844,8458.67786582804,1.00057695952078
"eps2[11,8]",-0.492981856870107,0.0086751847621237,0.779570903895858,-2.02193668892765,-1.01110442111629,-0.502470912881264,0.0294347862007565,1.0333728261007,8075.20910032389,0.999766960503371
"eps2[11,9]",0.0736797290811201,0.0101401456544556,0.791518559346848,-1.5103597445726,-0.440225313710616,0.0806091062648057,0.601243975879135,1.5950895951595,6093.03704359423,1.00000835590595
"eps2[11,10]",0.269332925730305,0.00836961166538471,0.78276906819193,-1.28480791819202,-0.253787842385874,0.270342433421708,0.789014135833339,1.83679078865136,8746.95103967377,0.999858736237268
"eps2[11,11]",0.118255752348354,0.00912048742036395,0.839628529001746,-1.54216208728109,-0.440795604624366,0.121037014207919,0.678416395780599,1.75678301386012,8474.97207745256,1.00027324466617
"eps2[11,12]",0.0288415346225608,0.0097178675055834,0.880074242743557,-1.75054234242363,-0.552140948760492,0.0440644090666895,0.622999094770899,1.72558607128117,8201.56392304738,1.00014863089885
"eps2[11,13]",-0.0724414315929818,0.00911392823240357,0.879751453453822,-1.77216911151862,-0.672551266124327,-0.0685003200745314,0.527501781323292,1.64478483304433,9317.70115337231,0.999689547794119
"eps2[11,14]",-0.21306059817013,0.00972930558879874,0.920876597632672,-2.00077253998308,-0.834134331350867,-0.224206904565217,0.410547109050126,1.58097682251625,8958.58015555714,0.999609137379046
"eps2[11,15]",-0.264477074451798,0.00928008948439644,0.937314806168479,-2.10515378440673,-0.887412328962844,-0.26815896279615,0.365636673114159,1.55563181642722,10201.5609058982,1.00004748180927
"eps2[11,16]",-0.0178266490064332,0.00998785786266306,0.948678950078343,-1.87828453625725,-0.655000803424358,-0.0239299005983875,0.608580383802757,1.87150353831526,9021.81302076856,0.999950070228517
"eps2[11,17]",-0.694273599416732,0.0101627355820927,0.984678273789319,-2.53532988010168,-1.38650403923491,-0.719929630806862,-0.0279990229266209,1.26052053212956,9387.87847544147,0.999841187998248
"eps2[12,1]",0.0700405630310182,0.0113186715821916,0.704541709963074,-1.39995663064938,-0.381139895143107,0.0981440194517973,0.549774152213216,1.37884873063643,3874.56098161864,1.00039351098477
"eps2[12,2]",-0.620702562748407,0.0078759406031294,0.668386229352727,-1.96024382550848,-1.06471692946162,-0.616057121583431,-0.180898458678726,0.696177898616665,7201.95034603408,1.00012360219157
"eps2[12,3]",0.72440893906226,0.0108405109840366,0.759500715788459,-0.809693924931676,0.21252313695355,0.753128651897702,1.23797728390459,2.1512004149143,4908.59123284783,1.00062467071292
"eps2[12,4]",-0.802669027922435,0.00864136804933651,0.722338697447832,-2.22391688289369,-1.28236467125897,-0.813717494356874,-0.327855559710806,0.662303792789469,6987.41853847735,0.999976624210404
"eps2[12,5]",0.535258309057434,0.00931493751724854,0.744680974995328,-0.955993771429247,0.0399086618210151,0.543872980099275,1.03602513971859,1.99087321116955,6391.17376194438,1.00045637044443
"eps2[12,6]",-0.280851998782676,0.00840933557157242,0.760498767087362,-1.72711021325543,-0.792586716232173,-0.283052944941469,0.217485260029101,1.23102360746835,8178.50007961415,0.999871264959721
"eps2[12,7]",-0.524477021866843,0.00827673961794306,0.751043601746432,-2.00252280748147,-1.03576436008437,-0.526890024619079,-0.0184554716058074,0.92460360358356,8234.01617591818,0.999873352916025
"eps2[12,8]",-0.237876447783843,0.00834102956118961,0.774285472910834,-1.7663507316141,-0.751029263423753,-0.238831572053895,0.280156595641167,1.28379614467293,8617.1350929438,1.00001566823004
"eps2[12,9]",-1.03672834717766,0.0083943190043046,0.792597213407407,-2.59252559331074,-1.56223733301862,-1.04578442902632,-0.511867851790055,0.500308845973869,8915.26267190271,0.999777836802016
"eps2[12,10]",0.329910035085845,0.00819420531280728,0.785221903518622,-1.20999714701161,-0.180421762669961,0.332228978957152,0.843373893525786,1.92082210353918,9182.71548529323,0.999878730439198
"eps2[12,11]",-0.207906966955088,0.0088916602077108,0.817675755644373,-1.78788832132728,-0.771478798254452,-0.216109673795343,0.340899552626107,1.41046228764442,8456.61435729506,0.999818882163088
"eps2[12,12]",-0.612198256407674,0.00853181566532249,0.857408313515168,-2.30273056741991,-1.19318080140114,-0.611024352187683,-0.0515551518462076,1.10838735902725,10099.3274354065,0.999880137056383
"eps2[12,13]",-0.275173577527059,0.00846645313736332,0.874895248766562,-1.98413331007973,-0.868454162448178,-0.276026741734534,0.324820165940638,1.45059401988112,10678.4716346922,0.999905649436143
"eps2[12,14]",-0.23079686972861,0.00892781373080327,0.905246120060975,-1.97533366553801,-0.826109170146779,-0.226713357991651,0.36539558144241,1.5238280891235,10281.1833198371,0.999641400055772
"eps2[12,15]",-0.0240881192837225,0.00836526659953529,0.899819562394408,-1.81417707177143,-0.62703016581959,-0.0105485910874873,0.569755750487799,1.73181573187696,11570.4776688866,0.99973319930172
"eps2[12,16]",-0.0940009181285119,0.00846310465911935,0.912189224883594,-1.85112452257337,-0.712925653388658,-0.102764922652497,0.509126578043523,1.73554237285553,11617.4403841987,0.999828664257973
"eps2[12,17]",-0.247013429875157,0.00877713869949799,0.953228026250423,-2.10600382777837,-0.88358891543434,-0.255008382098186,0.403338436774702,1.61976956645737,11794.7212887277,0.999719568011322
"eps2[13,1]",-1.55482164199286,0.0100299040548019,0.705278864581387,-2.88740229851693,-2.0276181847623,-1.57900221542286,-1.10693657430903,-0.131032163364994,4944.56603660102,1.00002176442043
"eps2[13,2]",-1.11819109612758,0.00973955376871293,0.717375366269081,-2.52047178452952,-1.60153216336514,-1.12799925772077,-0.647123347779642,0.317608593068974,5425.18809330715,1.00027034622923
"eps2[13,3]",-0.129371010302751,0.0108945737234763,0.781069798306158,-1.66344984815154,-0.647464063042283,-0.120403633504238,0.393069881888515,1.37475771383355,5139.95369196114,0.999928537756572
"eps2[13,4]",-0.61897055872693,0.0102340760542343,0.779001804513993,-2.13940353275216,-1.15095001733028,-0.626446354702366,-0.0911254934480525,0.92586590712782,5794.01542679683,0.999845289157408
"eps2[13,5]",-0.28559066882177,0.0111523498732144,0.822471166688546,-1.87703661308578,-0.829709968275267,-0.289236342643724,0.260305827851035,1.34025140419288,5438.86892117446,1.00170204405576
"eps2[13,6]",-0.76789467297358,0.0109891063090716,0.838330697977388,-2.36492244035843,-1.33542488434778,-0.791908406034041,-0.201939748539477,0.920452462625654,5819.77224898935,1.00079979960211
"eps2[13,7]",-0.152531346808595,0.00995317913445107,0.795091642866208,-1.73570256526178,-0.687981587374699,-0.148612792806803,0.383372013163605,1.42151691398528,6381.32312905915,1.00018063661341
"eps2[13,8]",-0.0379788558161926,0.0111569715039131,0.851086895585193,-1.70103872071872,-0.603142502780125,-0.0348735980023635,0.543379199066385,1.63527379226595,5819.0911436483,1.00040579351255
"eps2[13,9]",-1.40998390352482,0.0117268775212573,0.864632843062537,-3.05988763719912,-1.99398608439478,-1.43525022826605,-0.833632822014873,0.342458929631106,5436.240701007,1.00000836869576
"eps2[13,10]",0.648807497503577,0.00937430804853305,0.829420439565238,-0.966787857045708,0.0749016388996151,0.661010122258342,1.20218294019717,2.23734747144032,7828.36426209198,0.999875799789259
"eps2[13,11]",-0.595461873078084,0.011125683738959,0.894590478959162,-2.32180490021247,-1.19597640562253,-0.604547944544709,-0.007874786016885,1.20817330734975,6465.39588608625,1.00042849001265
"eps2[13,12]",-0.651965420907984,0.0105706698366092,0.91451423810143,-2.38781687845177,-1.28416186019027,-0.666953973555783,-0.0348459463995808,1.18726570407558,7484.72634137856,1.00004720130176
"eps2[13,13]",-0.0731453271437387,0.00998320640702255,0.925012269605097,-1.87640993049577,-0.701356475422924,-0.0745679284439422,0.563103313716755,1.70352155836964,8585.28834416963,0.99992810622523
"eps2[13,14]",-0.798358674005474,0.0103894218881498,0.933111185606363,-2.59365652352005,-1.44152243254267,-0.823597871105568,-0.173621777080959,1.07096639634667,8066.47935472462,1.00026484026449
"eps2[13,15]",0.444385364406439,0.00939853474483503,0.948854781795682,-1.43922051153085,-0.194942961677031,0.450362643087096,1.07544581264883,2.3229256729211,10192.4642915277,0.999826227905449
"eps2[13,16]",-0.252509751780029,0.00883403038990019,0.929695488977178,-2.08457212581803,-0.867424675689158,-0.250701224137268,0.362856976230084,1.56643639150467,11075.5083672612,0.999958857489709
"eps2[13,17]",0.180852935671519,0.00936397753967117,0.943326972025462,-1.65876716944331,-0.449749500601967,0.188115529202251,0.808947487922714,2.04380319226873,10148.5449035309,1.00002176994455
"eps2[14,1]",0.547537879385796,0.00831083282438845,0.691451935095787,-0.818968038151251,0.0875362686652578,0.556932502665244,1.00381733849458,1.92116592169628,6922.05267700229,0.999975955938123
"eps2[14,2]",0.550512757564787,0.00926172581636848,0.709721758150781,-0.835152357949118,0.0774341928728904,0.541886906344374,1.02355604272189,1.94846987616002,5872.08589154771,1.00007620822732
"eps2[14,3]",-0.555992599550366,0.0104084973542755,0.798498232514472,-2.11496077028939,-1.0820966489956,-0.566441397211966,-0.03347902665111,1.03285530303861,5885.34391134013,1.00091242669825
"eps2[14,4]",-0.163179379481368,0.0105485587788915,0.776971478648584,-1.70147656655936,-0.667039946099609,-0.161184410770088,0.359181829060632,1.35876692834031,5425.30176337601,0.999872521016789
"eps2[14,5]",0.0175194922166685,0.0110623647521846,0.826331578178854,-1.56582139513112,-0.542599941751873,-0.0016982691546152,0.562754375733917,1.67456890059759,5579.72443495405,0.999894439906313
"eps2[14,6]",0.664256609492986,0.011669914092507,0.858846162153897,-1.07618620642716,0.104857846691956,0.684530344158509,1.24273070500214,2.32592142469302,5416.20932502062,1.0002047084872
"eps2[14,7]",1.3538624558036,0.0123933431396567,0.876460637853886,-0.450660864269327,0.771920664311731,1.36283766991662,1.95525781638362,3.04040159421387,5001.35732857879,1.0001621822574
"eps2[14,8]",0.642431825819054,0.0127085357648081,0.897894033894561,-1.18266047302925,0.036920485295833,0.670554760072237,1.25946338877228,2.34725287357924,4991.822575527,0.999691752237522
"eps2[14,9]",1.34212413773575,0.0137559660308701,0.905968832803799,-0.487339028807385,0.74117490466233,1.35830980675975,1.96751564515093,3.05299208746087,4337.54831379507,1.00007024373144
"eps2[14,10]",1.94374133986811,0.0101912407556714,0.876047245813425,0.167081083121207,1.37226350658013,1.95727262436239,2.53693549855266,3.64127401454864,7389.25976862904,0.999941511560888
"eps2[14,11]",-0.16149788811489,0.010386794640925,0.892994603515949,-1.92299555251635,-0.755698166325283,-0.167134893535318,0.439730881671458,1.5902528960729,7391.53399093423,1.00081104695828
"eps2[14,12]",-0.224701370873627,0.0104762465037795,0.925122672958472,-1.99540757789008,-0.860042698801883,-0.242383173595726,0.411525117653417,1.61752260361972,7798.07184579821,0.999893577492994
"eps2[14,13]",-0.529665242637099,0.0112193652329443,0.945555733581006,-2.38526276016759,-1.16195968346494,-0.547543902695521,0.11247026829952,1.32619675814238,7102.93258032112,0.999809848112956
"eps2[14,14]",0.508747008056941,0.00969587158856408,0.941220980009942,-1.38626584119602,-0.11978214662393,0.525433630932854,1.14045933673806,2.34734965023071,9423.44039832587,0.999778079260523
"eps2[14,15]",0.279041232038109,0.00933971912676534,0.945819245135326,-1.56871534535637,-0.351458112350285,0.281034193601321,0.929782410784592,2.12782240138815,10255.3068965115,0.999853977252114
"eps2[14,16]",0.290155141232644,0.00932059641230829,0.963258971131051,-1.60553109974155,-0.359654242674384,0.296530531775008,0.934442621821479,2.18867636065296,10680.6754505589,1.00012138377342
"eps2[14,17]",-0.493151034845033,0.00917718102068545,0.970935064859522,-2.40220968028052,-1.14883807589039,-0.488890283460693,0.148493118273526,1.44219810111268,11193.3935861998,0.999679666795645
"eps2[15,1]",1.59970100830611,0.0100578442639367,0.731474645406879,0.0920130219654023,1.132083854611,1.61786891569598,2.0822862804118,2.97507608826808,5289.18479453038,1.00008746497789
"eps2[15,2]",1.16139183311337,0.009861534485294,0.757865504648743,-0.351789153102398,0.652853613452471,1.17755181519954,1.67738960051336,2.61799789178744,5906.02504656165,1.00063964160599
"eps2[15,3]",-0.13897549328236,0.0105707293701476,0.814982077972418,-1.75820347412186,-0.687739449014989,-0.122341858584397,0.403527050636995,1.43955011020583,5944.1013850886,0.999956047011152
"eps2[15,4]",0.590526230313298,0.0109168217401122,0.816869498107132,-1.06892331352235,0.0512845427970098,0.615868475945472,1.14269880203881,2.13600240685947,5599.03164423202,0.999789880145035
"eps2[15,5]",0.941695961624412,0.0109812849904886,0.844818600111015,-0.738869320938831,0.383907046442755,0.959743368114691,1.50775425979076,2.58271153792725,5918.62206270378,1.00093020319784
"eps2[15,6]",1.02155671627641,0.0108564912330795,0.867115904818276,-0.73657051909246,0.456358115546909,1.0426352004548,1.61062825978299,2.6708427991607,6379.333875544,0.999902607125538
"eps2[15,7]",0.898990548841056,0.0117993155565795,0.862117339575467,-0.837319467057096,0.339528056667234,0.920183623921223,1.46122335192215,2.56373738363991,5338.49854022222,1.00017458711121
"eps2[15,8]",-0.346120584793911,0.0127204780516771,0.904181476009592,-2.07063266452236,-0.964315122697291,-0.340286031337276,0.262756212676061,1.40903444060687,5052.47699621777,1.0006025039659
"eps2[15,9]",0.654547086066039,0.0114560774098951,0.897132204093005,-1.16297460019398,0.0681887295284127,0.655888511886405,1.24543585263985,2.39805961349966,6132.54882111711,1.00013760524874
"eps2[15,10]",1.28863431916103,0.0104983170494918,0.883801052549878,-0.438304747227815,0.690676524764385,1.28952005521947,1.90341564153258,2.99835740339392,7087.11794157679,0.999695234970666
"eps2[15,11]",0.880762016830375,0.0109588908968068,0.953516037386551,-1.02708930644912,0.258041814554162,0.896436824034743,1.51599238412955,2.7341306301969,7570.4692080434,0.999835044267673
"eps2[15,12]",0.641211960790641,0.0134108985017534,0.980768817695145,-1.29509852873609,-0.0199815555799774,0.641556948207287,1.31403249102297,2.55172826723114,5348.3220173045,0.999809346387411
"eps2[15,13]",1.22566537721418,0.0106370948619835,0.961455678508336,-0.701441895788495,0.585379540590942,1.2344517628655,1.88983827247144,3.05919879057623,8169.81971459828,0.99981975210827
"eps2[15,14]",-0.207273661641472,0.00966077930002985,0.938893627923606,-2.03458406094541,-0.834620280499256,-0.208282718079746,0.423200405481722,1.65445384740565,9445.14134879924,0.999773473171021
"eps2[15,15]",0.17898448122083,0.00890947643962524,0.946411255671482,-1.70126837991509,-0.450850002883378,0.196128904630847,0.823746159925197,2.02738987774035,11283.8011980978,0.999870269295819
"eps2[15,16]",0.179413105776284,0.00952498863483814,0.951100981615376,-1.66846442712072,-0.463615090866297,0.179715616004048,0.819654292244777,2.05203416122052,9970.66965305086,0.99991234863078
"eps2[15,17]",-0.485573522301078,0.00893199717002234,0.960023128199337,-2.40070394789636,-1.12701469204953,-0.492686735062459,0.151019236686308,1.43593887235844,11552.2409388258,1.0005391529363
"eps2[16,1]",-0.457347701449885,0.00831432490343478,0.670452305069904,-1.76932698906314,-0.895877733066527,-0.456574020013221,-0.0190818686695036,0.877664315761187,6502.52144540396,1.00000110950348
"eps2[16,2]",0.444210079972113,0.00778429622578592,0.682192621144763,-0.889017678497091,0.00232281499388629,0.446517701000717,0.887605495130614,1.80852532630363,7680.24946126159,1.00010829518652
"eps2[16,3]",-0.470685792843952,0.00917494339869449,0.742655658062235,-1.95697615053444,-0.957837199576538,-0.460682395513291,0.0142000390803774,0.974096327014885,6551.91419012886,0.999704887392528
"eps2[16,4]",-0.6769561802244,0.00968645834893776,0.733929318568214,-2.07785341255765,-1.17013803776722,-0.691003015584681,-0.19761109754422,0.795023837599458,5740.87965885627,0.999775276266509
"eps2[16,5]",0.35382781806822,0.00916123372145807,0.760869691341974,-1.14453163474546,-0.15590023909652,0.340582796823748,0.850449745502353,1.88310107856688,6897.83248593007,1.00007822519971
"eps2[16,6]",-0.590412834225095,0.0109709079628094,0.812435251473418,-2.12623645769521,-1.1449139492754,-0.59909892590125,-0.0593836047761214,1.01938226070476,5483.93596400255,1.00017939326193
"eps2[16,7]",-0.843482205286888,0.0116260255888478,0.798644010600869,-2.33831548214968,-1.39654779246603,-0.865535497561474,-0.317601995305653,0.796094148621059,4718.93428047246,1.00024821215833
"eps2[16,8]",-0.54141622626607,0.010599856810454,0.806198783902776,-2.12082990885203,-1.08035679089757,-0.54476552758738,-0.00770817763179779,1.05614437541083,5784.74581103941,1.00000843433437
"eps2[16,9]",0.524515656966541,0.00975209693543508,0.815779048119715,-1.06700239800153,-0.0331987065433336,0.522821762519423,1.07046974415968,2.1219254253804,6997.59937995256,1.00035696121908
"eps2[16,10]",0.535668911468981,0.00914486043032498,0.832155991285776,-1.10492926530241,-0.0205266723333024,0.543416831994252,1.08949400977793,2.16486878955399,8280.47643188376,1.00011723360562
"eps2[16,11]",0.645729807228824,0.0105239019993622,0.873969853765086,-1.07148671528177,0.0667604320947983,0.648499537728797,1.24442104656775,2.31651783507836,6896.66791827194,0.999805827922996
"eps2[16,12]",-0.64539822838253,0.010156464627109,0.900220611570229,-2.38201980951529,-1.25452262651474,-0.665015890737667,-0.0509307554764345,1.16672835285542,7856.20457940907,1.00005747983025
"eps2[16,13]",0.67207199422643,0.00968716148620999,0.893818427253742,-1.11215782084292,0.064839326087429,0.672396022704002,1.26172479156833,2.40649073810237,8513.44880676579,0.999970042037414
"eps2[16,14]",0.213446591230488,0.0095492519361716,0.92751541591121,-1.59896326819261,-0.412466755382852,0.206980971526785,0.84913656307795,2.02587747706397,9434.16723264619,1.00024245193709
"eps2[16,15]",-0.656310082969904,0.00900752759601017,0.907315066953838,-2.39240217187965,-1.26406970800407,-0.665359270850522,-0.0532649704034469,1.15425613099061,10146.2379474402,1.00024968445899
"eps2[16,16]",0.441200158498766,0.00894399536323386,0.946815331599768,-1.39990050730749,-0.179697248026654,0.441330351966267,1.07822905379429,2.28706917846897,11206.4338716978,1.00001759259087
"eps2[16,17]",0.0934693857872878,0.00866266602380476,0.968814518107493,-1.81892491282269,-0.565895842079128,0.0937209901380679,0.761205251053363,1.93778286533783,12507.7195327151,0.999721349049702
"eps2[17,1]",-0.399507669525866,0.00791180751620999,0.670935140860742,-1.73013940843637,-0.847803494085322,-0.395747764736601,0.0512275544715293,0.921565392525242,7191.33718512943,0.999658464896126
"eps2[17,2]",0.233762238561881,0.00873789113014679,0.684491168441422,-1.06006666974335,-0.231415098063195,0.221558040317923,0.681358929972258,1.60763153148441,6136.5240345944,1.0009858787917
"eps2[17,3]",-0.327758211230725,0.00867253024202819,0.729936636046203,-1.75357914947592,-0.813713743047862,-0.342738035705225,0.143152254468279,1.18005085817165,7084.00204038574,0.999993779355769
"eps2[17,4]",0.0843011153813289,0.00858836739050001,0.704780266545675,-1.31896330610431,-0.382425685995912,0.090171347077934,0.558870441299137,1.47684939079606,6734.20360007024,1.00041897674742
"eps2[17,5]",0.536071614485288,0.0103216468701759,0.763111181878639,-1.05451145395528,0.0335865767266325,0.55959545300072,1.04757076927285,1.99477530015299,5466.10086401703,1.00061623932688
"eps2[17,6]",0.203468581786426,0.00990328257592297,0.762503176240309,-1.30945817104612,-0.310063611274306,0.217626006210835,0.721222209462399,1.65618002680348,5928.22900351585,1.00050931062425
"eps2[17,7]",-0.764505830217395,0.00922625745386607,0.779649991174032,-2.26348668351885,-1.29284903171333,-0.770609321562779,-0.248606814699106,0.798006710949908,7140.82217612414,0.999661087357867
"eps2[17,8]",0.685612986683989,0.00971334463674423,0.782723117512995,-0.881385146476306,0.170028506311465,0.693866197531181,1.21161211620837,2.21867545717273,6493.49821298046,1.00004895818855
"eps2[17,9]",0.770444601309625,0.0089833616260516,0.806445471862216,-0.839668371451508,0.244614333788385,0.774339034711281,1.30292154628187,2.34634849675354,8058.83474599117,1.00026629812918
"eps2[17,10]",-0.665757156378949,0.0106577218248836,0.802157212044185,-2.22717028335825,-1.21487218497678,-0.668968244826212,-0.127725136687581,0.917503352216877,5664.87359834863,1.00010719325713
"eps2[17,11]",-0.041317650140992,0.00942279210668707,0.858284335377725,-1.71048513538283,-0.61573758030044,-0.0491685527162258,0.524545241250164,1.63175718509474,8296.65733795102,1.00008095329338
"eps2[17,12]",-0.336758693491215,0.0106624478269967,0.894069179946602,-2.07508278950447,-0.943805696207582,-0.34765422821338,0.255176586613842,1.44529529281155,7031.18314440076,1.00020600287398
"eps2[17,13]",0.19930910356787,0.0102823877284433,0.917531762693063,-1.6197407395257,-0.40957259759281,0.199293748872962,0.812177154661569,1.98151185100971,7962.58831684247,0.999988897517631
"eps2[17,14]",0.923513919835406,0.0105509963925941,0.926352948539047,-0.919885331153261,0.306584282121367,0.924445230407197,1.55734412388157,2.68658181511546,7708.4316744257,0.999988540136044
"eps2[17,15]",-0.369651519858193,0.00877926413833893,0.91618010177436,-2.15418605562443,-0.981506677404427,-0.367489373772678,0.247525973271963,1.41503902593146,10890.4413159544,0.999847613435716
"eps2[17,16]",0.25420563087986,0.00924483954191756,0.936269619813978,-1.60736743965577,-0.36707400040854,0.249487740950126,0.889549720816493,2.08239498279611,10256.5926557178,0.999792127770431
"eps2[17,17]",0.17979357931552,0.00864905418963466,0.948504005555869,-1.6962775059615,-0.458218685396733,0.179008626902602,0.831423772131676,1.9989661328068,12026.5511373241,0.999597803246939
"eps2[18,1]",-0.0264529183975136,0.00810062157224857,0.681930399794005,-1.37620974257854,-0.479856372341965,-0.0220740686851764,0.441608036262184,1.2969894806916,7086.68965421974,1.00011690757753
"eps2[18,2]",0.984019343208232,0.0100097056730262,0.712023812898117,-0.420486384529761,0.503301611211752,0.989074066643495,1.47395538823871,2.35116989234305,5059.95228637619,1.00108510514055
"eps2[18,3]",0.882143238357637,0.00970281501237511,0.760550066566227,-0.66416822231759,0.38593264425876,0.898705874334002,1.38974440659739,2.3463463524611,6144.12601472179,0.999845004567847
"eps2[18,4]",-0.172400466866021,0.00831928046940898,0.722198952796141,-1.57609141236543,-0.657500969642582,-0.17626751566164,0.31644195855141,1.2639254706284,7536.02233136959,1.000088902164
"eps2[18,5]",-0.830702715583005,0.00926328824317821,0.77583716931496,-2.35169129344717,-1.34743121192179,-0.850801944583639,-0.317355512808902,0.722086863817065,7014.72755756778,1.00090167482791
"eps2[18,6]",-0.554969540260974,0.00916518930299303,0.77868766035726,-2.08901527772811,-1.078272996491,-0.551384590178215,-0.0401436584231954,0.978773138919154,7218.44590313904,0.999950876821997
"eps2[18,7]",0.0877565439781689,0.00883784663917514,0.773559385065922,-1.43446991751945,-0.431852846706274,0.0842599228273385,0.618898909963343,1.59094835889658,7661.15760635609,1.00011087491612
"eps2[18,8]",0.674492646762797,0.00905890238696037,0.80422407723017,-0.953053335426121,0.148247481777455,0.680021331476336,1.20808204103229,2.25086808887755,7881.39296939249,1.00020272901328
"eps2[18,9]",0.505880148721728,0.00953168215362083,0.815141450290655,-1.12131526561342,-0.0319825823113338,0.514039578403421,1.04769299724882,2.10666660272768,7313.52671142257,0.999785893337542
"eps2[18,10]",-0.724214383478898,0.00960144010660263,0.88934358218695,-2.41631703306549,-1.33133024071369,-0.740489175281751,-0.113681781745954,1.05074502716491,8579.58727641478,0.999670662749857
"eps2[18,11]",-0.0227576754629855,0.00883642588666217,0.828030100135285,-1.66615382484083,-0.567511050700128,-0.0244592071114401,0.532731243716027,1.63519232596083,8780.89876329003,0.999840739060931
"eps2[18,12]",-0.135343314405172,0.00972067571190018,0.888776089847079,-1.86151343457801,-0.737144174637467,-0.142654651301006,0.453356963311081,1.6009612137838,8359.7216094572,1.00012155158024
"eps2[18,13]",-0.119341433903959,0.0101988647378783,0.900901203496614,-1.90294866677352,-0.731245179448847,-0.118801983270703,0.488300637623354,1.64076340654273,7802.80350097368,1.00078908244998
"eps2[18,14]",-0.616081400336615,0.0118528824842549,0.946550088435795,-2.42974557172152,-1.25528635256192,-0.629572188477363,0.0204518696506567,1.21489317890488,6377.3351853342,1.00036098260446
"eps2[18,15]",0.0601569905971336,0.00958688436128654,0.942688521908078,-1.79472546396544,-0.5715545870533,0.0737091648681657,0.684380267283339,1.90918899965194,9668.99778259427,0.99987488866167
"eps2[18,16]",-0.501002184602385,0.00976136883825206,0.939940487578978,-2.32189084924611,-1.14462489804715,-0.489660572832116,0.133089640248318,1.32265822560521,9272.12478808897,0.999615053623163
"eps2[18,17]",0.150653976335337,0.00907090102889223,0.956098125130202,-1.75688677314022,-0.483346412589307,0.152009818174673,0.793792053269586,2.0116118045412,11109.7446275845,0.999880832983016
"eps2[19,1]",-0.156756006469689,0.00765172043081373,0.662979231583217,-1.44409102935155,-0.595770423698403,-0.162390059122379,0.277069385326217,1.15076916462086,7507.26350822031,1.00015002593537
"eps2[19,2]",-0.175450382604686,0.00884917966957604,0.670590715854506,-1.46279442769508,-0.63912928419288,-0.193162682085957,0.272363707185014,1.1402848801873,5742.60635322014,1.00002472956887
"eps2[19,3]",0.179953006103976,0.00780007225903412,0.715945443000867,-1.22865167526799,-0.291547981423668,0.179883778594745,0.655097268413641,1.56750702647112,8424.85832453264,1.00042699551175
"eps2[19,4]",0.326197175223574,0.00809223804857235,0.705815132286924,-1.07513296995181,-0.139370243671823,0.329186249532639,0.786255028370521,1.68373226496789,7607.54676182655,1.00034585065273
"eps2[19,5]",-0.566131138150804,0.00795976590166827,0.72640078999032,-1.99993507462357,-1.0386579007833,-0.562682212258414,-0.0955790178868876,0.890547010914435,8328.21685720033,0.999783570597102
"eps2[19,6]",-0.600500233573781,0.00918215390294487,0.773697557531997,-2.10334393630088,-1.12729974306814,-0.608670206344483,-0.0767860188051509,0.918061782063815,7099.91772719888,0.999844160228219
"eps2[19,7]",0.79095436292423,0.00993265321977658,0.770097048923707,-0.790670513468145,0.276635974447363,0.818793159151819,1.3189173509379,2.23852133813894,6011.18884764224,1.00010896729236
"eps2[19,8]",0.518541794946751,0.00863183702654572,0.771956483900684,-1.02303624803864,0.00731401896588236,0.524469385174254,1.02775697867165,2.02126024890944,7997.9590199638,1.00023319207195
"eps2[19,9]",0.265143074128999,0.00908046819382769,0.793280591361555,-1.30678281839339,-0.279734000514769,0.26255188487711,0.793551468278955,1.84818655494145,7631.97913819429,0.99993652083001
"eps2[19,10]",-0.745858544550824,0.00946587386381669,0.878490072820871,-2.42397821540586,-1.34031195313152,-0.749100844820789,-0.163985151547859,0.978633417752431,8612.95722466777,0.999842457478488
"eps2[19,11]",0.0028917352005331,0.00879693570856354,0.845719610703477,-1.68247188996455,-0.557076109204866,0.0169132145633346,0.566768594459444,1.63751428236142,9242.510793955,0.999623426187911
"eps2[19,12]",0.570770110450899,0.0103665573403988,0.871529128017883,-1.17657061649926,0.00305413731651745,0.591743585713984,1.14567842162579,2.25905925904181,7067.97011680274,1.00004718815581
"eps2[19,13]",0.0711341891541647,0.00924951004302898,0.888499754776123,-1.66197052085696,-0.535887852027696,0.0798618413800343,0.657853636390908,1.83692369641942,9227.35369628146,0.999896809086971
"eps2[19,14]",0.242721451879572,0.00953492395111699,0.892157573573831,-1.55399587730683,-0.361151181504966,0.247955396883503,0.838221937845301,1.98362794402742,8754.84912372579,1.0003799663802
"eps2[19,15]",-0.162220290481522,0.00946431500448575,0.93999836156951,-1.96923516140724,-0.799326193169808,-0.167898168428991,0.475910903344637,1.72255096814088,9864.51687154579,0.999669844108333
"eps2[19,16]",0.740063712616788,0.0107940985792056,0.956318952940238,-1.10470291955261,0.105605717313653,0.755164723043246,1.37764626800762,2.61882210270104,7849.33321588034,0.999600992964674
"eps2[19,17]",0.180010349977834,0.00929413112952048,0.938306914896183,-1.64065811858757,-0.459223974794436,0.176507443938585,0.820773129507628,2.02063000796886,10192.301042474,1.00008761290487
"eps2[20,1]",0.092768244980056,0.00692907805137389,0.6392960653163,-1.19136808151252,-0.315592944300115,0.105153230782156,0.516446396944212,1.31960908799439,8512.42221003397,1.00041615294147
"eps2[20,2]",0.17429430795952,0.00714779037459734,0.637980665355008,-1.08846251402464,-0.258441829026567,0.178028053405081,0.601463301985071,1.41496833430066,7966.57079235887,1.00010508453222
"eps2[20,3]",-0.166523009810134,0.00717969636667045,0.67810925259776,-1.48730477609612,-0.618337720738574,-0.169820405781126,0.279375063368927,1.16363941207576,8920.45864777613,0.999873414242565
"eps2[20,4]",-0.30177649767858,0.00729796297473257,0.677817896981875,-1.61460998080779,-0.764393775378094,-0.293394497475749,0.147100568690079,1.01008909198659,8626.2641335587,0.999798711761766
"eps2[20,5]",0.295257785653725,0.00885082107604382,0.720684458462156,-1.13415778895027,-0.183432907746824,0.307454757381006,0.782710836179444,1.68025202476826,6630.14750500247,1.00038128290443
"eps2[20,6]",0.0690300321303741,0.00895389647241292,0.850998053494329,-1.60069289402629,-0.510994027381558,0.0649308252541049,0.642109178102857,1.71735126310942,9033.02050653956,1.00035712095273
"eps2[20,7]",0.306836296006903,0.00739505734504664,0.712670640214921,-1.1088578430727,-0.162311632261099,0.314012510220106,0.787336942032792,1.69783461290018,9287.41053006178,0.999887115634662
"eps2[20,8]",0.223281897181942,0.00799439437676584,0.739512241859718,-1.22850539723791,-0.276392424167711,0.217438918481148,0.732264476885913,1.66362430715277,8556.96188507155,0.999947935680675
"eps2[20,9]",0.254261040394003,0.00747940120091856,0.743908686326705,-1.22653242957831,-0.227828091691151,0.244596114669956,0.736702552850983,1.74219845949615,9892.4895497719,0.99994653997166
"eps2[20,10]",0.119069591591433,0.00909086081836021,0.766762194646749,-1.45447883687375,-0.379007544044961,0.127274266774302,0.632625603797932,1.6014902408186,7113.95913375417,1.00011445684274
"eps2[20,11]",-0.404393482847929,0.00799286062521089,0.805070434020196,-1.99399672860721,-0.936976379401167,-0.404101032706705,0.132979857045454,1.17974838027514,10145.2621857481,0.999979646400018
"eps2[20,12]",0.153089430273682,0.00822865036526743,0.819832395734858,-1.48392205613739,-0.393457410288483,0.150001439274607,0.6986265676642,1.78076934027703,9926.42651441379,0.999694506139929
"eps2[20,13]",0.0166708953603851,0.00845581585835266,0.835142853710514,-1.64998739713451,-0.538116871921229,0.0168699541955352,0.569463427694613,1.68172163527699,9754.62334906351,0.999602652529394
"eps2[20,14]",0.150903331887111,0.00835626355320636,0.881856081625479,-1.61528749182859,-0.439594505619541,0.150727141014411,0.748088581050281,1.88250692872987,11137.0756749385,0.999804926469327
"eps2[20,15]",-0.0984529793068181,0.00877893717201868,0.896745620178214,-1.85853437640794,-0.69848761592724,-0.105933841448155,0.505857221332589,1.65983632542947,10434.0916361052,0.999940526549513
"eps2[20,16]",0.155644143676496,0.00811759029626104,0.909178716874035,-1.6211617974103,-0.443454689081464,0.156207609308061,0.766090987042069,1.95817077501753,12544.2374148282,1.00006286202374
"eps2[20,17]",0.276225091957563,0.00826606040996709,0.950639854968398,-1.62717584963152,-0.348469428043289,0.277038266849472,0.909009798554167,2.12443790088587,13226.193920845,0.999688985422219
"eps_slope[1]",-0.252183201231942,0.0109138381559723,0.733676396039522,-1.73491150234275,-0.698595029864601,-0.245518569916274,0.202545396110474,1.19873936930741,4519.12210266997,1.00098103477132
"eps_slope[2]",-0.416503362122286,0.0103785433572814,0.711891468655929,-1.96907104342871,-0.841545070075035,-0.381471644571114,0.0394135038302435,0.910150966897984,4704.9473597989,1.00172157248984
"eps_slope[3]",0.586426162562029,0.0107548125647784,0.771109341472899,-0.773703862944028,0.0963347619259715,0.546668584006869,1.0147207991272,2.2440584932467,5140.74707287967,1.00061790779702
"eps_slope[4]",1.09512781195286,0.0131752333837854,0.80811667864109,-0.275262246024562,0.575636875558905,1.02092061666398,1.5274608204223,2.89246869030965,3762.11014555564,1.0007197871346
"eps_slope[5]",0.194537846710909,0.0095302618850327,0.656874850167052,-1.04472513384746,-0.220812850647379,0.169873556516667,0.589485018564284,1.5734110021011,4750.67804118072,1.00086271799047
"eps_slope[6]",0.00138494231756452,0.0101164369367536,0.737869829046527,-1.45167461223491,-0.45231744325286,-0.00709339313582154,0.452025532592197,1.47856868547163,5319.91077321654,1.00043924628742
"eps_slope[7]",-0.2710934482012,0.0129906617412508,0.863999335085222,-2.0768861093445,-0.764835665362942,-0.252956468233696,0.256224808756071,1.3582517598313,4423.48203195811,0.999733106688273
"eps_slope[8]",1.1849685849091,0.0139810554064899,0.806996299590459,-0.147351498430061,0.656900507002836,1.09847448599819,1.61422435521308,2.99528850488506,3331.67916546349,1.00219691855932
"eps_slope[9]",-1.56261734720027,0.0158652035298996,0.916261925964776,-3.71354177371064,-2.03955665065494,-1.43629880633683,-0.945702729728302,-0.118890631439325,3335.40046540225,1.0012998117308
"eps_slope[10]",1.30946180588882,0.0292085598165694,1.77181667836633,-1.3848046864057,0.173024924405594,1.02329429154295,2.17005876533666,5.54569895220923,3679.741267312,1.00047159949426
"eps_slope[11]",0.143502052188043,0.00994006984397909,0.712307268386755,-1.26670533444532,-0.2892853580337,0.1355299010358,0.568075269887434,1.59332433968083,5135.18246682715,0.999919478201396
"eps_slope[12]",-1.17183151694578,0.0148931202334507,0.958473841137928,-3.30798157199635,-1.68366285784741,-1.08314785260057,-0.540499815512637,0.468309091534155,4141.80013389586,1.0002314835354
"eps_slope[13]",0.234730168235237,0.0100062909119572,0.771820863496965,-1.22464576125768,-0.238375885868367,0.209466628963436,0.685786078872235,1.84446465128721,5949.58643382172,1.00017549579545
"eps_slope[14]",-0.901216389073329,0.0134824357829134,0.994646089625699,-3.06905035352444,-1.44928449376533,-0.838039526918332,-0.253742931259999,0.852294379079509,5442.52507138204,1.00061239419189
"eps_slope[15]",1.03603100218784,0.0136820587270186,0.871815081323522,-0.431227671098871,0.472830845601104,0.955278425921033,1.5072365073009,2.95070553352066,4060.18530106497,1.00009656999323
"eps_slope[16]",0.0513448775009228,0.0107424584072055,0.827181115389311,-1.53913072831949,-0.448964182631569,0.0511040493950532,0.534848210852542,1.74448162773233,5929.16942028015,0.999990106710426
"eps_slope[17]",-3.38994571825294,0.0352532237438485,1.99759509832126,-8.20472255524428,-4.45498862823059,-3.1259432206258,-2.06369954005856,-0.136034477050998,3210.82956034762,1.00149083522769
"slope_mu",0.00594960299277501,0.000388349199125442,0.022767065592963,-0.0404584738608475,-0.00875153810603797,0.00658163754631162,0.0209920286444107,0.0508376242152112,3436.91894331921,1.00205684731238
"sigma_slope",0.0551937530253171,0.000416552572605038,0.0198951691465759,0.0233935021370041,0.0410692148330919,0.0528096927203023,0.0666331087440645,0.101076570914265,2281.1593802404,1.0009133143285
"log_N_0[1]",6.24433467982456,0.011351711190274,0.70748209614877,4.85240161660321,5.78079780071267,6.24569000288485,6.70664184843478,7.66684913817886,3884.25954119045,1.00028406194346
"log_N_0[2]",5.31288376540017,0.00952428762818097,0.662381605273793,4.03361020880726,4.87892795356541,5.29747265624163,5.73532071208668,6.65753431756666,4836.72640703375,0.999944669489378
"log_N_0[3]",4.4949231435977,0.00954817880261979,0.676189316268735,3.15428345120682,4.04895627153573,4.5169182789373,4.94773581020777,5.77854846647084,5015.28390998182,1.00101664849216
"log_N_0[4]",6.66031030041573,0.00995903308198709,0.63988842587765,5.40608221652114,6.23103097193386,6.66805205311422,7.08279717444648,7.91200378001888,4128.32766265595,0.999896241980437
"log_N_0[5]",3.79145126857482,0.00751770491902835,0.531017683569943,2.73523905439573,3.44473833996984,3.80321036861202,4.14718756834607,4.8183411910829,4989.38960329369,1.00000718788294
"log_N_0[6]",7.47118960097822,0.00944835700731756,0.655821578190272,6.19430572140454,7.05026627464543,7.47069749730607,7.89248294866116,8.75818129227638,4817.91145720634,1.00017799234358
"log_N_0[7]",9.74168728132358,0.013497930672762,0.871148565591669,8.08433684822328,9.17681510389499,9.7320003942913,10.2941859552214,11.4613879341934,4165.33624404444,1.00009429537047
"log_N_0[8]",8.55232255242626,0.0106131987307643,0.60155874720324,7.36357992258498,8.14985844539585,8.55041561664727,8.95325374952,9.7595028408051,3212.65063158361,1.00050690379754
"log_N_0[9]",6.46459129896416,0.00628162100247001,0.448201003544281,5.54247616542979,6.17449377325351,6.4742016155191,6.76718725500789,7.32327994370012,5090.98935862822,1.00005992944267
"log_N_0[10]",2.20819964952281,0.0332453037883721,1.96195922288011,-2.62368741083252,1.16934715061305,2.54603612075776,3.55585310269789,5.21921675847713,3482.72627204643,1.00091310039807
"log_N_0[11]",5.94998702860977,0.00952070378976381,0.681215763623206,4.5752866508835,5.50952785522201,5.96498268520158,6.38275304095444,7.28966524302466,5119.54389896098,1.00029719336202
"log_N_0[12]",7.73002096236898,0.0127255503040381,0.836173411695062,6.12117824958082,7.16308917158049,7.72232536475418,8.28859925244412,9.34685300040114,4317.57175245899,1.00046787279118
"log_N_0[13]",5.667786534015,0.0100856763047738,0.736405456092531,4.2128962988824,5.18184943461131,5.67212691934792,6.14981600102588,7.11529934397887,5331.18733933812,1.000523305354
"log_N_0[14]",7.01447961955472,0.0139134874837689,0.968787398481518,5.2059935853205,6.35243284205855,6.98270630362478,7.63424142310179,9.01259581029805,4848.24947170634,1.00012276040156
"log_N_0[15]",6.06251486697391,0.0120302706949967,0.761042775514713,4.51188944527039,5.56765041803868,6.07709353202414,6.57235600981488,7.53303828202156,4001.91017152752,1.00060735620711
"log_N_0[16]",6.90585229162611,0.0114452580304454,0.820889113897445,5.2792253593486,6.38410173066331,6.90082517839444,7.43192701819554,8.58102126165422,5144.19966023203,1.00028062661496
"log_N_0[17]",3.32747980702823,0.029138430985058,1.52152966352634,0.12579510034671,2.34501308787338,3.45909914445555,4.4092636105129,6.0345309193116,2726.64452420659,1.00004009530262
"mu_log_sigma_total",-0.564311343651273,0.00218256698283058,0.108768458905002,-0.777831585646702,-0.636003823288426,-0.564555496477687,-0.494714159141167,-0.34783067553759,2483.53787969927,1.00046528397059
"sd_log_sigma_total",0.370249709287482,0.00139740889316643,0.0845863617139411,0.233635530837201,0.310309656580469,0.359357351303596,0.420029263967496,0.563122217148818,3663.98498105894,1.00090764773287
"z_log_sigma_total[1]",-0.190445741604849,0.0069124073821371,0.486847365161804,-1.1506045265802,-0.518578963702744,-0.193252455813287,0.131845319601446,0.78552680839602,4960.51762667181,1.00009342532085
"z_log_sigma_total[2]",-0.0550004319494373,0.00762095825277794,0.49833800627704,-1.01728900361547,-0.387580902794403,-0.0554676454241482,0.261796822092993,0.962955676608632,4275.9129537982,1.00111364265038
"z_log_sigma_total[3]",0.310934311497138,0.00655569284640681,0.485867537766479,-0.64023732854464,-0.0163923881602419,0.301213418734018,0.631524388523909,1.30151308033081,5492.86053472633,1.00000974268454
"z_log_sigma_total[4]",-1.13098051721999,0.00745350699970656,0.557115461286254,-2.23902131939419,-1.50065748041118,-1.12742211451032,-0.759226303399057,-0.0440489454869386,5586.87681056601,1.00034937145452
"z_log_sigma_total[5]",-0.11363587620761,0.00704292496266042,0.499622618137335,-1.09723946365802,-0.436073819939348,-0.117520579938711,0.208844656081392,0.883629001692588,5032.43366633711,1.00019957746579
"z_log_sigma_total[6]",-0.687563583604245,0.00742119305329277,0.558874779598332,-1.77136759313955,-1.04859014386393,-0.691504431165263,-0.330754135528588,0.455859653070956,5671.28620073304,0.999626975155927
"z_log_sigma_total[7]",-0.341975473916583,0.00731753962015528,0.547215905405632,-1.38661891716243,-0.704047785047648,-0.354004610239495,0.0165002330595849,0.753705387451743,5592.25876815262,0.999989619913658
"z_log_sigma_total[8]",-1.38222223076816,0.00760559886900886,0.57310910237584,-2.5108176137341,-1.76173059527182,-1.37881467815521,-1.0029359038078,-0.266062331446994,5678.16200994055,0.999777455847387
"z_log_sigma_total[9]",1.58536123391306,0.00727351185304349,0.504301733784855,0.683025883733223,1.23019930316195,1.55497139573997,1.91562257497939,2.65114682151643,4807.20475643266,1.00013115950992
"z_log_sigma_total[10]",2.06065562538611,0.00855722938831158,0.574841663200984,1.02155669481744,1.65847478281165,2.03876373383618,2.43116736493802,3.25335465100041,4512.63415896464,1.00037011043521
"z_log_sigma_total[11]",-0.374849933065003,0.00663296343838283,0.512184044320862,-1.36983925077296,-0.721219415782547,-0.38097842864674,-0.0337424371704286,0.651943517580817,5962.61657952121,1.00017691647186
"z_log_sigma_total[12]",-0.0837336637854462,0.00644460389337984,0.502456699921692,-1.06557003753764,-0.412678114314334,-0.0838502285126583,0.245639406107082,0.914636545834464,6078.6176192881,0.999885684352457
"z_log_sigma_total[13]",-0.042034663374126,0.00665802965382309,0.506779636664012,-1.01561974748397,-0.382836475178584,-0.0521289325192497,0.289727377779926,0.985105300780031,5793.57804121626,1.00014165884636
"z_log_sigma_total[14]",0.730078987633629,0.00644752628306811,0.496499268496819,-0.176743437621328,0.389423440284862,0.698736044559485,1.05238482986443,1.75515815678499,5929.94934531776,1.00043096447727
"z_log_sigma_total[15]",-0.340719527584046,0.00666120414056929,0.516696304360877,-1.34268466041388,-0.677571936247942,-0.346359692260512,-0.00917842772792301,0.706004345480754,6016.79512670812,1.00062765732963
"z_log_sigma_total[16]",0.555565094533642,0.00642530616766678,0.498134150454469,-0.386921832156343,0.218974393960344,0.544856811264276,0.875462073953367,1.57929385310599,6010.42219576151,1.00025823321232
"z_log_sigma_total[17]",-0.220147238002292,0.0084577024003923,0.606676596545638,-1.36263146952495,-0.629024696533361,-0.231881359057954,0.170072411167925,1.00620761561049,5145.28794502389,1.00022036885084
"mu_logit_prop_proc",0.820837667756561,0.0221500048933194,0.487850691779226,-0.106870798792515,0.488567813774098,0.812254003632724,1.14371190936253,1.82226969452541,485.094328763144,1.00426556485594
"sd_logit_prop_proc",0.396509428308572,0.00737683893170113,0.288900870442282,0.0171587414939553,0.166012421658814,0.340940014256915,0.573421815802979,1.07869157533316,1533.75890986533,1.00243607651494
"z_logit_prop_proc[1]",-0.0464041088690399,0.0113019683524569,0.973619615325286,-1.92995865094467,-0.707350281748392,-0.0378314698374215,0.607956699961591,1.83928939129249,7421.13712153523,1.00033271429816
"z_logit_prop_proc[2]",0.192200309739457,0.0129912020890306,0.97372558497382,-1.70076174062834,-0.460883124068882,0.19973024293198,0.853245950101284,2.08389568862379,5617.90622365102,0.999802616213892
"z_logit_prop_proc[3]",-0.297834965542482,0.0127753339474934,1.00675642664911,-2.29870487009912,-0.953727773102379,-0.302911061500945,0.373389082272838,1.68279947522712,6210.18157504873,0.9999510945903
"z_logit_prop_proc[4]",0.158496423065312,0.0108888496506835,0.958275738679496,-1.72173198808647,-0.483274593973836,0.180159286509324,0.804007233976264,2.01857846378438,7744.92084253025,0.999883888571144
"z_logit_prop_proc[5]",-0.17127737533777,0.0120172275460879,0.96298386132417,-2.00860346169277,-0.81512027113609,-0.164156563129308,0.459660208117767,1.74394864531791,6421.39592994013,1.00031156243407
"z_logit_prop_proc[6]",0.0595980847053513,0.0114103128671283,0.983992535104178,-1.86871907181324,-0.597346397732863,0.0632603751968407,0.728075287105721,1.955232169582,7436.84109480707,0.999981131622902
"z_logit_prop_proc[7]",0.155759240938062,0.0121814701693036,1.00941305149612,-1.83068907257116,-0.522062360238058,0.157881064179661,0.845623117165466,2.09963502283846,6866.54735482925,1.00028610607781
"z_logit_prop_proc[8]",0.0961875868368963,0.0122050058088013,0.986974501693354,-1.82966419325935,-0.580576155682574,0.0970695079585676,0.764833059860757,2.01892154772886,6539.36961287167,1.00003140948261
"z_logit_prop_proc[9]",0.0580610001242062,0.0118609370657797,0.948286729043973,-1.77758979386453,-0.591785772641987,0.0655115251561733,0.707325329506589,1.92472123176404,6392.06735343148,0.99995818843148
"z_logit_prop_proc[10]",0.348892240269299,0.0116407026907945,0.991599400310432,-1.62798254335295,-0.305201786184999,0.345421901091483,1.01610290203251,2.26441691082933,7256.28139876114,0.99983022594411
"z_logit_prop_proc[11]",0.0246567505818968,0.0107694852596315,0.993422731808539,-1.89498307067793,-0.665482022456149,0.0311634968633047,0.707722229706247,1.96611799821968,8508.99551068449,0.999926225320007
"z_logit_prop_proc[12]",-0.0363912524126408,0.0116434865953425,0.988286280326789,-1.94571000325317,-0.721117600764858,-0.0464295224029318,0.646169793408039,1.95731815901444,7204.42687717152,0.999894180374059
"z_logit_prop_proc[13]",-0.102124444263824,0.0103685996197555,0.956379807196095,-1.94938535324955,-0.734073566128979,-0.113515774852812,0.530164039613936,1.78449325813475,8507.86493184616,1.00015739649929
"z_logit_prop_proc[14]",-0.302205382716411,0.0127626105750644,0.986994785562506,-2.23127011319839,-0.956576300565279,-0.320829604865272,0.357726726504785,1.6532997601163,5980.68158321906,1.00062977024248
"z_logit_prop_proc[15]",0.0582096962456221,0.0107405311657321,0.970045473979662,-1.825712742832,-0.591463861244303,0.0528238745976109,0.723473034912591,1.96554456844168,8157.04142966884,0.999891215749444
"z_logit_prop_proc[16]",-0.214682844967101,0.0111498168760309,0.943571048030111,-2.04733788550287,-0.851719211010313,-0.223343841010694,0.423281268681264,1.64680579385468,7161.66074733301,1.00002557811295
"z_logit_prop_proc[17]",0.174406113983861,0.0105886155772548,0.963648476033228,-1.75527029652277,-0.459031642233923,0.18184211086769,0.823856168456002,2.03205198271681,8282.45175930816,1.00026478196687
"L[1,1]",1,NA,0,1,1,1,1,1,NA,NA
"L[1,2]",0,NA,0,0,0,0,0,0,NA,NA
"L[1,3]",0,NA,0,0,0,0,0,0,NA,NA
"L[1,4]",0,NA,0,0,0,0,0,0,NA,NA
"L[1,5]",0,NA,0,0,0,0,0,0,NA,NA
"L[1,6]",0,NA,0,0,0,0,0,0,NA,NA
"L[1,7]",0,NA,0,0,0,0,0,0,NA,NA
"L[1,8]",0,NA,0,0,0,0,0,0,NA,NA
"L[1,9]",0,NA,0,0,0,0,0,0,NA,NA
"L[1,10]",0,NA,0,0,0,0,0,0,NA,NA
"L[1,11]",0,NA,0,0,0,0,0,0,NA,NA
"L[1,12]",0,NA,0,0,0,0,0,0,NA,NA
"L[1,13]",0,NA,0,0,0,0,0,0,NA,NA
"L[1,14]",0,NA,0,0,0,0,0,0,NA,NA
"L[1,15]",0,NA,0,0,0,0,0,0,NA,NA
"L[1,16]",0,NA,0,0,0,0,0,0,NA,NA
"L[1,17]",0,NA,0,0,0,0,0,0,NA,NA
"L[2,1]",0.168731833926919,0.00266478408257208,0.195331923493458,-0.220084534267125,0.034972638654754,0.172374850598703,0.307601064198484,0.535320683756341,5373.0688097156,1.00099608808317
"L[2,2]",0.965144742538892,0.000601425252284693,0.0433086320296849,0.843740224062049,0.949987720954145,0.981965566128579,0.995981993956797,0.999963665315498,5185.44000724683,1.00087720588921
"L[2,3]",0,NA,0,0,0,0,0,0,NA,NA
"L[2,4]",0,NA,0,0,0,0,0,0,NA,NA
"L[2,5]",0,NA,0,0,0,0,0,0,NA,NA
"L[2,6]",0,NA,0,0,0,0,0,0,NA,NA
"L[2,7]",0,NA,0,0,0,0,0,0,NA,NA
"L[2,8]",0,NA,0,0,0,0,0,0,NA,NA
"L[2,9]",0,NA,0,0,0,0,0,0,NA,NA
"L[2,10]",0,NA,0,0,0,0,0,0,NA,NA
"L[2,11]",0,NA,0,0,0,0,0,0,NA,NA
"L[2,12]",0,NA,0,0,0,0,0,0,NA,NA
"L[2,13]",0,NA,0,0,0,0,0,0,NA,NA
"L[2,14]",0,NA,0,0,0,0,0,0,NA,NA
"L[2,15]",0,NA,0,0,0,0,0,0,NA,NA
"L[2,16]",0,NA,0,0,0,0,0,0,NA,NA
"L[2,17]",0,NA,0,0,0,0,0,0,NA,NA
"L[3,1]",0.163880156776962,0.00320397262257281,0.207045521015228,-0.25234277991108,0.0249242062473972,0.169615031500876,0.309609105320067,0.547410384958434,4175.93843109183,1.00013344400084
"L[3,2]",0.170006552379603,0.00286414922449569,0.19866728022065,-0.230081754220597,0.0384105912217962,0.173735931432758,0.309368927408794,0.542700992757295,4811.28861704093,1.00017339556894
"L[3,3]",0.926343377624505,0.00084482565898873,0.0616704513022022,0.771557424750297,0.894022501755703,0.94175724659177,0.973845926637102,0.997436571138897,5328.68516646134,1.00001484057883
"L[3,4]",0,NA,0,0,0,0,0,0,NA,NA
"L[3,5]",0,NA,0,0,0,0,0,0,NA,NA
"L[3,6]",0,NA,0,0,0,0,0,0,NA,NA
"L[3,7]",0,NA,0,0,0,0,0,0,NA,NA
"L[3,8]",0,NA,0,0,0,0,0,0,NA,NA
"L[3,9]",0,NA,0,0,0,0,0,0,NA,NA
"L[3,10]",0,NA,0,0,0,0,0,0,NA,NA
"L[3,11]",0,NA,0,0,0,0,0,0,NA,NA
"L[3,12]",0,NA,0,0,0,0,0,0,NA,NA
"L[3,13]",0,NA,0,0,0,0,0,0,NA,NA
"L[3,14]",0,NA,0,0,0,0,0,0,NA,NA
"L[3,15]",0,NA,0,0,0,0,0,0,NA,NA
"L[3,16]",0,NA,0,0,0,0,0,0,NA,NA
"L[3,17]",0,NA,0,0,0,0,0,0,NA,NA
"L[4,1]",0.158106507085013,0.00247742482343635,0.20367079904593,-0.253606575698894,0.0203717383789174,0.163604976714973,0.303027627575688,0.532810054028532,6758.5972110102,1.0000828493838
"L[4,2]",0.151613070784284,0.00274701606100646,0.197640120575916,-0.248556568322288,0.0174661355279825,0.156440891208678,0.289376726726293,0.519291420371262,5176.39993521025,1.00022133879497
"L[4,3]",0.0335334605145403,0.00260353770238514,0.215411397064251,-0.382230333479946,-0.115360596287567,0.0334671004246912,0.184608893382127,0.44875498891934,6845.56994779042,0.999740717878861
"L[4,4]",0.905232714487239,0.000974006831878309,0.067201189628371,0.739315745865301,0.868288414588019,0.919972510057162,0.956788890584309,0.992528678737177,4760.251693351,1.00042542987162
"L[4,5]",0,NA,0,0,0,0,0,0,NA,NA
"L[4,6]",0,NA,0,0,0,0,0,0,NA,NA
"L[4,7]",0,NA,0,0,0,0,0,0,NA,NA
"L[4,8]",0,NA,0,0,0,0,0,0,NA,NA
"L[4,9]",0,NA,0,0,0,0,0,0,NA,NA
"L[4,10]",0,NA,0,0,0,0,0,0,NA,NA
"L[4,11]",0,NA,0,0,0,0,0,0,NA,NA
"L[4,12]",0,NA,0,0,0,0,0,0,NA,NA
"L[4,13]",0,NA,0,0,0,0,0,0,NA,NA
"L[4,14]",0,NA,0,0,0,0,0,0,NA,NA
"L[4,15]",0,NA,0,0,0,0,0,0,NA,NA
"L[4,16]",0,NA,0,0,0,0,0,0,NA,NA
"L[4,17]",0,NA,0,0,0,0,0,0,NA,NA
"L[5,1]",0.0713958475339077,0.0027823182851966,0.202866350217743,-0.333818161294416,-0.066040316561854,0.0761659040508007,0.216707197901538,0.446492530977923,5316.26243894296,0.999832203158353
"L[5,2]",-0.122879340281904,0.00271225043000139,0.198988017566294,-0.48997887951501,-0.266074522086929,-0.126893572601307,0.0134711723704008,0.277377806824751,5382.62689712792,1.00031657465446
"L[5,3]",-0.0269322629145939,0.00288607130526057,0.215073811204452,-0.44024831194565,-0.179634216813735,-0.029124643524169,0.124303489422065,0.393096424324146,5553.4254779849,1.00020705307701
"L[5,4]",-0.132222671916983,0.00266930807717747,0.20743692844406,-0.5224044847373,-0.277129531102887,-0.136212530938242,0.00976645725673628,0.275218016555527,6039.13509759927,1.00053528602352
"L[5,5]",0.886756051226788,0.000950260639502217,0.0724080375565444,0.706238591763695,0.844887856637865,0.901478045334135,0.941123871332163,0.985064344635267,5806.14760848588,0.999900251795036
"L[5,6]",0,NA,0,0,0,0,0,0,NA,NA
"L[5,7]",0,NA,0,0,0,0,0,0,NA,NA
"L[5,8]",0,NA,0,0,0,0,0,0,NA,NA
"L[5,9]",0,NA,0,0,0,0,0,0,NA,NA
"L[5,10]",0,NA,0,0,0,0,0,0,NA,NA
"L[5,11]",0,NA,0,0,0,0,0,0,NA,NA
"L[5,12]",0,NA,0,0,0,0,0,0,NA,NA
"L[5,13]",0,NA,0,0,0,0,0,0,NA,NA
"L[5,14]",0,NA,0,0,0,0,0,0,NA,NA
"L[5,15]",0,NA,0,0,0,0,0,0,NA,NA
"L[5,16]",0,NA,0,0,0,0,0,0,NA,NA
"L[5,17]",0,NA,0,0,0,0,0,0,NA,NA
"L[6,1]",0.207658841702672,0.00264445126408621,0.210945506941056,-0.219459610785304,0.0653747870714627,0.214225052859507,0.357003850774934,0.597204865278638,6363.10989463821,0.999884040342592
"L[6,2]",0.115353147782734,0.00261402967631814,0.199968088901043,-0.271511161921456,-0.021332184251133,0.117245194254834,0.258022433258535,0.491791991940491,5851.94673858593,1.00008893206027
"L[6,3]",-0.00606396367340706,0.00264816726487418,0.216592977784942,-0.414393122984445,-0.159873134697982,-0.0074062518481357,0.144104357463801,0.417714062687145,6689.56562849924,1.00005557043386
"L[6,4]",0.148734906028581,0.00248546483274157,0.206982243849817,-0.278266480316835,0.0103748087559477,0.154803543664004,0.293089714388343,0.536883916383625,6935.07139235475,1.00007150937643
"L[6,5]",0.0521328142659769,0.00267204610884806,0.212630754975659,-0.366465090228293,-0.0925558475164934,0.0545635114775812,0.201339044601759,0.456798838193107,6332.34059902355,1.00059171782913
"L[6,6]",0.831360538594983,0.00132281835418075,0.0900646101581574,0.625838094059225,0.775458160261157,0.845605608782184,0.898655762452084,0.966473482454248,4635.62101235866,1.00049494367876
"L[6,7]",0,NA,0,0,0,0,0,0,NA,NA
"L[6,8]",0,NA,0,0,0,0,0,0,NA,NA
"L[6,9]",0,NA,0,0,0,0,0,0,NA,NA
"L[6,10]",0,NA,0,0,0,0,0,0,NA,NA
"L[6,11]",0,NA,0,0,0,0,0,0,NA,NA
"L[6,12]",0,NA,0,0,0,0,0,0,NA,NA
"L[6,13]",0,NA,0,0,0,0,0,0,NA,NA
"L[6,14]",0,NA,0,0,0,0,0,0,NA,NA
"L[6,15]",0,NA,0,0,0,0,0,0,NA,NA
"L[6,16]",0,NA,0,0,0,0,0,0,NA,NA
"L[6,17]",0,NA,0,0,0,0,0,0,NA,NA
"L[7,1]",0.179572467098875,0.0023306119452915,0.203140365362417,-0.238333848674819,0.0459363213153946,0.185605833808511,0.322085316403112,0.555417168497152,7597.18185572874,1.00035327404481
"L[7,2]",0.0943161491502206,0.00237893416416053,0.203135869009805,-0.31141468039778,-0.0420204698336185,0.0967860444406784,0.234236900253522,0.475754963903517,7291.35739211045,1.00001083264177
"L[7,3]",0.0324551682332298,0.00252409900520912,0.215152623900103,-0.391696902125385,-0.114853418565136,0.0349634634452459,0.184074697193823,0.440552455811646,7265.75120289394,0.999892584049601
"L[7,4]",0.0321665771334683,0.00249768868707447,0.207013399093223,-0.375028415045604,-0.107350807156244,0.0334291425466385,0.172547939389229,0.433361565205683,6869.42362313184,0.999623220916912
"L[7,5]",-0.0497340073811751,0.00259611841775211,0.209753181415706,-0.45080881255967,-0.195772198582618,-0.0511906956634272,0.0965476761121538,0.362357759635186,6527.81919384079,1.00000980901486
"L[7,6]",0.0573834795582849,0.00268840908413127,0.21194454649499,-0.355839226727051,-0.0890709446697394,0.0624621363119887,0.207418347783794,0.457281008220188,6215.18104842462,0.999729312426374
"L[7,7]",0.826357630279602,0.00131737176295227,0.0870525313159539,0.628590475262242,0.773889039926599,0.838669823183959,0.89041922407705,0.960641324959689,4366.62711646935,1.00126981290093
"L[7,8]",0,NA,0,0,0,0,0,0,NA,NA
"L[7,9]",0,NA,0,0,0,0,0,0,NA,NA
"L[7,10]",0,NA,0,0,0,0,0,0,NA,NA
"L[7,11]",0,NA,0,0,0,0,0,0,NA,NA
"L[7,12]",0,NA,0,0,0,0,0,0,NA,NA
"L[7,13]",0,NA,0,0,0,0,0,0,NA,NA
"L[7,14]",0,NA,0,0,0,0,0,0,NA,NA
"L[7,15]",0,NA,0,0,0,0,0,0,NA,NA
"L[7,16]",0,NA,0,0,0,0,0,0,NA,NA
"L[7,17]",0,NA,0,0,0,0,0,0,NA,NA
"L[8,1]",0.0866252356833989,0.00255744191559245,0.208643724511251,-0.335797929968937,-0.052576999715623,0.0911857448692298,0.231450938086298,0.473537646432447,6655.78210636452,1.00016632831307
"L[8,2]",0.127789989431548,0.00265949474892886,0.205143245386789,-0.277946296488169,-0.0133126698547121,0.133503416838219,0.270601797990658,0.515929333181121,5949.98908884004,0.999894968703118
"L[8,3]",0.110200661071277,0.00252708120174748,0.214937326303215,-0.326374472163175,-0.0333662908083478,0.111753375322933,0.263736819617553,0.5139265863381,7234.11302871711,1.00005542910106
"L[8,4]",0.0548040213272667,0.00256518155538084,0.21135381344238,-0.370075794335354,-0.0889409511591029,0.0576764904879796,0.202305643573958,0.453256298418773,6788.65845418567,0.999862139662205
"L[8,5]",-0.0374540709572594,0.00261557136722089,0.207944129064549,-0.438250866198424,-0.180050145778709,-0.0403613983854687,0.109260685908199,0.361107949702354,6320.62722871646,1.00041964743553
"L[8,6]",-0.0021248457775947,0.00277782132971812,0.218250264576281,-0.422209780761869,-0.155768367747253,-0.00383473109844553,0.151764907464341,0.417479419307693,6173.06629438685,1.00030351522012
"L[8,7]",0.105369772448558,0.00282309829869649,0.214240388433098,-0.322849543977902,-0.0420075285946145,0.112890656368045,0.256159987354845,0.502800585683884,5759.04793750265,0.999947021185348
"L[8,8]",0.791597412618153,0.00139711564838993,0.0930830782994908,0.578862409578936,0.734317968794991,0.801901837128491,0.859144863569118,0.940927059840613,4438.91429955665,0.999847198716424
"L[8,9]",0,NA,0,0,0,0,0,0,NA,NA
"L[8,10]",0,NA,0,0,0,0,0,0,NA,NA
"L[8,11]",0,NA,0,0,0,0,0,0,NA,NA
"L[8,12]",0,NA,0,0,0,0,0,0,NA,NA
"L[8,13]",0,NA,0,0,0,0,0,0,NA,NA
"L[8,14]",0,NA,0,0,0,0,0,0,NA,NA
"L[8,15]",0,NA,0,0,0,0,0,0,NA,NA
"L[8,16]",0,NA,0,0,0,0,0,0,NA,NA
"L[8,17]",0,NA,0,0,0,0,0,0,NA,NA
"L[9,1]",0.144577333963382,0.00238928432775566,0.18746238391055,-0.229752520843382,0.0153284207301984,0.145809595092357,0.275898601792346,0.503419382280857,6155.91482633765,1.00015941919331
"L[9,2]",0.233426499216381,0.00239386413171133,0.181704158890561,-0.140132309580343,0.11683452547262,0.238323312218677,0.361424669151487,0.566649231230637,5761.4359766645,1.00003038951829
"L[9,3]",-0.0393897417948151,0.00283689182554498,0.201790413358842,-0.426844457612345,-0.179756077043687,-0.0418033317409915,0.0993662975780983,0.354733692797073,5059.59212751757,0.9999712798944
"L[9,4]",0.0710627875392182,0.00272077490526845,0.197018000882321,-0.323851989956665,-0.0599594072213611,0.0750015311939213,0.206063245029387,0.450990463555297,5243.56419747249,1.00005641443526
"L[9,5]",0.0169483612512376,0.00269065062683493,0.195326924800887,-0.357121332996918,-0.119662986412373,0.0165343347817263,0.151899465218515,0.396523465498253,5269.987756079,1.00028556071382
"L[9,6]",0.0754776511302596,0.00288977460711789,0.203735158056048,-0.334399012593605,-0.0619276826112328,0.07903952880906,0.217840012435683,0.464353197498465,4970.54511523291,0.999994831364466
"L[9,7]",0.112862605342457,0.00270638266742521,0.194612893184302,-0.282599854329153,-0.0178812751884555,0.116639296326781,0.247698761663809,0.483209207338916,5170.884191456,0.999665469839965
"L[9,8]",0.152224592000143,0.00281876245905882,0.199243370504606,-0.253888721505983,0.0154700193538992,0.161508799038071,0.292159378956431,0.520731543900953,4996.32639856093,0.99971875234061
"L[9,9]",0.74917704398114,0.00145960595036916,0.0997996081267877,0.529093050448366,0.685194141204175,0.759917323792242,0.821485245394309,0.914572681388652,4675.05173924954,0.999915491670128
"L[9,10]",0,NA,0,0,0,0,0,0,NA,NA
"L[9,11]",0,NA,0,0,0,0,0,0,NA,NA
"L[9,12]",0,NA,0,0,0,0,0,0,NA,NA
"L[9,13]",0,NA,0,0,0,0,0,0,NA,NA
"L[9,14]",0,NA,0,0,0,0,0,0,NA,NA
"L[9,15]",0,NA,0,0,0,0,0,0,NA,NA
"L[9,16]",0,NA,0,0,0,0,0,0,NA,NA
"L[9,17]",0,NA,0,0,0,0,0,0,NA,NA
"L[10,1]",0.0658057058432586,0.00199798649362239,0.180582193044122,-0.299740188985758,-0.0553125033954454,0.0698257315832611,0.190101594666065,0.403566499846242,8168.92200809054,1.00004029406799
"L[10,2]",0.0432080024521674,0.00199647002044197,0.184220741724136,-0.320877038243534,-0.0793297331700003,0.0436717399703123,0.169508094819475,0.40382031731075,8514.34937578727,0.999637485904809
"L[10,3]",-0.100799934053243,0.00212853099105372,0.191303993602839,-0.461952578885599,-0.234387996298197,-0.101168705342413,0.0288796772955428,0.280245235462734,8077.7073889293,1.00006813579028
"L[10,4]",-0.0573279065675174,0.00221510707142418,0.188716190299476,-0.413963842363326,-0.187296562928645,-0.0579185501694148,0.0682190555907046,0.317734687593074,7258.19905170371,0.999916242093638
"L[10,5]",0.10496318102315,0.00218778903756392,0.192957131468745,-0.275859904321466,-0.0274991502529609,0.110620781285944,0.239526906167747,0.475190473580274,7778.76738662265,1.00005335622351
"L[10,6]",0.0971151279198424,0.00237373409100743,0.192911481268351,-0.276463057043093,-0.0376496203075798,0.098224143958695,0.23187952815973,0.470326367789475,6604.68359990164,0.99981050386882
"L[10,7]",0.132040791501981,0.00236352424584347,0.18870288971875,-0.253859720475814,0.00484433869305727,0.138810500528663,0.267394084521009,0.47881183342068,6374.3657371792,0.999578997389311
"L[10,8]",-0.0256078009249229,0.00249762790273733,0.199314897040666,-0.41271749950416,-0.163108286633533,-0.0230065568005902,0.112301699053897,0.359913788908085,6368.307772163,1.00022810374022
"L[10,9]",0.0701680050970346,0.002350545121873,0.189439368528938,-0.313255310794445,-0.0586803577882938,0.0730757196525734,0.202711351197663,0.432901631462234,6495.36094719167,0.999807433258314
"L[10,10]",0.777216864237694,0.00132773462576159,0.0918717267125523,0.572753654459885,0.72124598965584,0.786445810807768,0.844532949595379,0.925096720476495,4787.85727045072,1.00084023381799
"L[10,11]",0,NA,0,0,0,0,0,0,NA,NA
"L[10,12]",0,NA,0,0,0,0,0,0,NA,NA
"L[10,13]",0,NA,0,0,0,0,0,0,NA,NA
"L[10,14]",0,NA,0,0,0,0,0,0,NA,NA
"L[10,15]",0,NA,0,0,0,0,0,0,NA,NA
"L[10,16]",0,NA,0,0,0,0,0,0,NA,NA
"L[10,17]",0,NA,0,0,0,0,0,0,NA,NA
"L[11,1]",0.22567907310205,0.00269804042868853,0.203046007521373,-0.182482746177518,0.0896423827871201,0.232213286191835,0.370244273884804,0.596570070581035,5663.59256180388,1.00074639449406
"L[11,2]",0.139376093688187,0.00242243592127076,0.195490515445663,-0.247985197627864,0.00766659713258502,0.143184238871455,0.27603593192859,0.507938809083832,6512.4857757803,1.00037142262427
"L[11,3]",0.0688195668353603,0.00249630389921659,0.208563351520389,-0.342364679056075,-0.0731719415704707,0.073954192674765,0.218503625638693,0.458303010168803,6980.41244422353,1.00034516730118
"L[11,4]",0.0921970959356191,0.00242379100773734,0.208568719483045,-0.334110732510145,-0.0468729695916773,0.0986666616112869,0.238192226908464,0.48159291602582,7404.70923908136,0.999863824023263
"L[11,5]",0.0449389107469105,0.00249434570903355,0.204016198053191,-0.354598978860892,-0.0930763391665263,0.0471368102025511,0.185682579601676,0.441178440783137,6689.84429083643,1.00020513618093
"L[11,6]",0.061450152610519,0.00276278639735393,0.215512420726741,-0.35850942069738,-0.0858277182271805,0.0612059075232025,0.21060703251692,0.477352604890623,6084.85161585445,1.00026370904892
"L[11,7]",0.0069018509594803,0.00271014667491717,0.202932692342367,-0.376073517585925,-0.13793568071063,0.00682118857927051,0.149912613503324,0.402415628805405,5606.84361366136,1.00073552256354
"L[11,8]",-0.0234599099037404,0.00252275568346182,0.212824431275888,-0.426012355968992,-0.174146671555273,-0.0240681133377242,0.129005914504498,0.390596379240723,7116.92807043428,1.00046417790607
"L[11,9]",0.110940532630539,0.00263075711836698,0.199463791604122,-0.283795120054452,-0.0251371281095327,0.114829165163065,0.246795992924587,0.492554709910337,5748.66011606353,1.00070411433024
"L[11,10]",0.0442187097986474,0.00242748060228441,0.185593635224062,-0.324191845123227,-0.0824645978449903,0.0463216926667691,0.176178466940015,0.394360347970668,5845.40518366605,0.999898894370552
"L[11,11]",0.684630571501368,0.0015950305069865,0.108929921972663,0.449673193572173,0.616304493702141,0.691410542927028,0.763388816061156,0.87232105242214,4663.97696997655,1.00070019981811
"L[11,12]",0,NA,0,0,0,0,0,0,NA,NA
"L[11,13]",0,NA,0,0,0,0,0,0,NA,NA
"L[11,14]",0,NA,0,0,0,0,0,0,NA,NA
"L[11,15]",0,NA,0,0,0,0,0,0,NA,NA
"L[11,16]",0,NA,0,0,0,0,0,0,NA,NA
"L[11,17]",0,NA,0,0,0,0,0,0,NA,NA
"L[12,1]",0.19406755773341,0.00235349328022139,0.203956131250937,-0.225767971534585,0.0589558107091608,0.20409724536824,0.335934264958902,0.566742970617225,7510.13261012734,0.999568866993585
"L[12,2]",0.0311635995413561,0.00244549414694892,0.197250548054703,-0.3544937886288,-0.105019562994588,0.0312162290450277,0.167507563461181,0.415863711766444,6505.83705387215,0.999829178729529
"L[12,3]",6.1842106235215e-05,0.00264491258386798,0.212558967285824,-0.410837135412374,-0.146419440892843,0.000123454014560731,0.144433766028095,0.415001756971595,6458.56771071755,1.00047840678427
"L[12,4]",0.139265318144942,0.00248440881600507,0.209855093419387,-0.275994894383562,-0.00322615966713376,0.141749380680216,0.285764994863786,0.534296468508184,7134.98239088293,1.00004640385667
"L[12,5]",0.0365908958476589,0.00247919159213159,0.204980017704836,-0.3734556628208,-0.10070133524799,0.0374029172425507,0.178034017412201,0.428941578400083,6836.01287270612,1.0003692357069
"L[12,6]",0.0919932424000083,0.00266506983596391,0.212370674844324,-0.324308293158937,-0.054777980498305,0.0956441667553766,0.239672313548857,0.500882883464344,6349.97340687552,1.00024967548492
"L[12,7]",0.139072430221601,0.00273056509084828,0.202925246686038,-0.266340499676203,4.79154386280062e-05,0.144563419853032,0.281165326566457,0.514121360447103,5522.89895858595,1.0004441062416
"L[12,8]",0.0297012684269693,0.00269261343631575,0.213287715098351,-0.37875588129245,-0.118810815384861,0.0274532000640295,0.181931685057219,0.437609143239668,6274.5656307041,0.999874906306915
"L[12,9]",0.0764285316292984,0.00260448799080999,0.198767089129469,-0.314274424278248,-0.0601045090345129,0.0803726992488101,0.215358719904932,0.460245291019337,5824.30670792364,1.00035029006457
"L[12,10]",-0.10020663756816,0.00235429257085584,0.188593808314525,-0.451671768835561,-0.233640477060099,-0.102093751902495,0.0252554875257917,0.278630551705925,6417.0289184532,1.00075314761593
"L[12,11]",0.0143724975316465,0.00259524938586744,0.212573981535655,-0.387992950739386,-0.134350690822335,0.013939115187372,0.158889116611023,0.435582869732729,6709.0653183701,1.00015488647072
"L[12,12]",0.646866932621219,0.00168473079933696,0.117055413829508,0.406357083423879,0.568721661434934,0.654764287060857,0.731451140446598,0.856316837262004,4827.49662037502,1.00064108179766
"L[12,13]",0,NA,0,0,0,0,0,0,NA,NA
"L[12,14]",0,NA,0,0,0,0,0,0,NA,NA
"L[12,15]",0,NA,0,0,0,0,0,0,NA,NA
"L[12,16]",0,NA,0,0,0,0,0,0,NA,NA
"L[12,17]",0,NA,0,0,0,0,0,0,NA,NA
"L[13,1]",0.116494117298291,0.00227588731367156,0.196292217921726,-0.267450927034261,-0.0178082855657652,0.118474180420174,0.253697578660921,0.494184845967474,7438.83035181908,1.00051533901643
"L[13,2]",0.100426816990216,0.00219622410269763,0.194694578894085,-0.279846336416894,-0.0347140977045358,0.105391911250623,0.235624645591879,0.475246983417987,7858.76697355897,0.999764859560163
"L[13,3]",-0.041848792222504,0.00239855276505709,0.212285095294488,-0.438859861143809,-0.190890749065535,-0.0436558364966852,0.103884930298446,0.376610114582137,7833.22231601359,1.00059913066878
"L[13,4]",0.00733273624415671,0.00240884018648539,0.206926562945456,-0.397819429343402,-0.134594763969852,0.0106628648988164,0.152756507355735,0.409200089779682,7379.32287031093,0.999861434487227
"L[13,5]",0.136923124615572,0.00252707747852092,0.208644228636804,-0.280009142801595,-0.00569475424398982,0.141724882286561,0.284748707385504,0.52403040641283,6816.7228572377,1.00090218761159
"L[13,6]",0.0293216303854783,0.00260901283136548,0.212606950828172,-0.393660656318087,-0.114461710548766,0.0311099594361203,0.174261271725781,0.445216759345006,6640.52609839113,1.00109710511009
"L[13,7]",-0.00293504635050467,0.00277187666255168,0.210140755388839,-0.410418886050006,-0.145859302733583,-0.00128026520234712,0.138872221540639,0.407628408485422,5747.41787248967,1.00010328368885
"L[13,8]",-0.0801399295456041,0.00295377489476275,0.216807426762711,-0.490759094193153,-0.233710694775197,-0.0864540476043819,0.0709854276550669,0.353122158747208,5387.577369215,0.99978907387445
"L[13,9]",0.0693993847521473,0.00260037944854362,0.20574355693875,-0.329906147969342,-0.0714599269473032,0.0680205589472234,0.212256746388503,0.463146722167404,6260.06780735086,1.00021407820397
"L[13,10]",0.0668805003113822,0.0025730565326055,0.18900275902478,-0.303071535717665,-0.0607160769827591,0.0654559153230991,0.196859359312743,0.427808626866554,5395.57373036242,0.999969427662332
"L[13,11]",0.174722358334604,0.00292048137498056,0.213334529471283,-0.25902281250508,0.0317412196990057,0.182130796286192,0.324294021270898,0.568859436104854,5335.97058410266,1.00049806540187
"L[13,12]",0.0262135231739809,0.00269563840495678,0.212140600842487,-0.389988184333185,-0.117997371248736,0.0278299825227042,0.174269650927732,0.43148660688102,6193.33139174176,0.999866033212671
"L[13,13]",0.616997390427922,0.00171172463788976,0.120784773453678,0.367362076007662,0.53561456219204,0.62346861394209,0.704197255139773,0.832412748037975,4979.1656464889,0.999991396547099
"L[13,14]",0,NA,0,0,0,0,0,0,NA,NA
"L[13,15]",0,NA,0,0,0,0,0,0,NA,NA
"L[13,16]",0,NA,0,0,0,0,0,0,NA,NA
"L[13,17]",0,NA,0,0,0,0,0,0,NA,NA
"L[14,1]",0.12709105427086,0.00235670607288345,0.202464461886953,-0.275946515867762,-0.0152515318790144,0.131203486099776,0.269219964624591,0.516937668967276,7380.51666569879,0.999778954995391
"L[14,2]",0.137425157905198,0.00268449838368877,0.199800756299677,-0.259330953105091,0.000893888494483067,0.139326948498258,0.276887729128699,0.516925825684396,5539.4667766218,0.999896659320489
"L[14,3]",-0.0374048240098342,0.0025296787257244,0.214866221841878,-0.442527339450464,-0.187189885544832,-0.040416390723515,0.106755159693612,0.389840373742156,7214.48870657054,0.999932297092419
"L[14,4]",0.0702656283304807,0.00258589831088015,0.208635930776551,-0.338320441844763,-0.0741771492891896,0.0716258822557897,0.218899589009289,0.470463776355211,6509.61528007882,1.00044632755769
"L[14,5]",0.0508739670186208,0.00250821638185751,0.208891073169237,-0.358422561746275,-0.0938449797385936,0.0558599695902914,0.197483052523767,0.442081310137239,6936.01082235191,1.00000139298943
"L[14,6]",0.0940726606820465,0.00272248541784952,0.216909469088946,-0.33920292909248,-0.0529426149237649,0.0981685108131686,0.247892633577474,0.501934076389069,6347.83892637699,0.999929701061043
"L[14,7]",0.027154233583769,0.00259649650954572,0.205582979212072,-0.35976427916768,-0.118845904356297,0.0252882025508715,0.170430336181942,0.430201934103883,6269.00800644952,1.00015521196919
"L[14,8]",0.0934114639851859,0.00260646352928774,0.209494904271066,-0.328558128032401,-0.0484040762411923,0.0965725775714309,0.238334259106435,0.488063801660358,6460.16517756663,0.999879190896744
"L[14,9]",0.194862101064194,0.00265455767375164,0.199589274564389,-0.204471936866961,0.0596686211084903,0.201946178940241,0.33515935455988,0.566565133734456,5653.1442647922,1.00016730982492
"L[14,10]",-0.0173100217515454,0.00229039483479299,0.185501687735737,-0.378490568836812,-0.143214170911457,-0.018997224050974,0.106699515095623,0.349782770584599,6559.56468889039,0.999821580704309
"L[14,11]",0.0349426308549823,0.00260393839800823,0.212767973698338,-0.378387775196425,-0.111604132124989,0.0330474590532043,0.180164173906543,0.443004942928949,6676.53459308945,1.00021628752725
"L[14,12]",0.0126039160768624,0.00270140117005695,0.212700297951542,-0.39484493852822,-0.137178376377657,0.0142818147500991,0.159805175436174,0.427019225853855,6199.51948416004,1.00016998537355
"L[14,13]",-0.00724401907587262,0.00273999574403642,0.21305787708286,-0.411544141697604,-0.15530378073021,-0.0093309532909139,0.13910546805727,0.411098391721671,6046.37966923204,1.00035742814325
"L[14,14]",0.569773487809508,0.00195120609743797,0.125909595813461,0.31383769617944,0.481891324824051,0.576025380095469,0.661947351503543,0.796901099253907,4164.00623047718,1.00095339340656
"L[14,15]",0,NA,0,0,0,0,0,0,NA,NA
"L[14,16]",0,NA,0,0,0,0,0,0,NA,NA
"L[14,17]",0,NA,0,0,0,0,0,0,NA,NA
"L[15,1]",0.217844542974773,0.00287430296004255,0.202644245663037,-0.200950441417094,0.0829193747458309,0.224610781284229,0.360280968666589,0.588692665167771,4970.53879218863,1.00055035242555
"L[15,2]",0.0714953476265314,0.00233358248991138,0.196701185064946,-0.303673998390603,-0.0657427088204573,0.0702652854107859,0.211020520276813,0.452662031888903,7105.0581726675,1.00037324303378
"L[15,3]",0.129856338009338,0.00246880193494841,0.208083544608847,-0.289405765955882,-0.0108328856098487,0.13748178358495,0.276108495460421,0.513510304984417,7104.00038516443,1.00035337388757
"L[15,4]",0.113562597338276,0.00256961742551707,0.204971700825478,-0.299493935726326,-0.0256201520979814,0.117783830685376,0.255633537650939,0.500541043633891,6362.83809017459,0.999904093837141
"L[15,5]",-0.0297432352945675,0.00260267534809098,0.205028837736693,-0.434853136224529,-0.168655104887811,-0.030032069673756,0.110281730060037,0.3747226906317,6205.68750600185,1.00007546139092
"L[15,6]",0.0894714407563526,0.00261821412088465,0.210725322580426,-0.330566490426703,-0.0529803168006488,0.0941823677799758,0.237510797200985,0.491623579143943,6477.73433908838,0.999683725980461
"L[15,7]",0.166898428667139,0.00268580312319393,0.208623023482988,-0.262292732438168,0.0291267016039877,0.175304412879503,0.3134975324244,0.551406212726356,6033.59452931969,1.00079296085306
"L[15,8]",0.0923287621896353,0.00277214104254003,0.212977577407787,-0.340344060354594,-0.0507236647916335,0.09768961813266,0.241476523970677,0.492430252828627,5902.51527712812,1.00057288798545
"L[15,9]",-0.0217160568752267,0.00235551115526543,0.195329784596645,-0.397871227910148,-0.154811552013482,-0.0235330522844186,0.109383188837338,0.365279322332737,6876.48676808904,0.999709367033153
"L[15,10]",0.084229118729303,0.00243024011241669,0.183111965433138,-0.286090441171802,-0.0366917402199197,0.0868075705474944,0.211801268119792,0.43242655086325,5677.21156263266,1.00067927799868
"L[15,11]",0.0120270086755852,0.00236876350022851,0.205160402225432,-0.378227847146504,-0.130022280722564,0.01243163950927,0.15178174596088,0.421686883860007,7501.42339752523,1.00002135574916
"L[15,12]",0.0355584774738158,0.00257388142137454,0.208515081761078,-0.371681214387606,-0.108088151204663,0.0386875097222354,0.181106633425813,0.435182220546842,6562.93155746503,0.999888124548495
"L[15,13]",-0.04344726959467,0.00266561426806716,0.20823363866854,-0.435897386320147,-0.192741399515715,-0.0462067680586866,0.100519710128454,0.367728272057002,6102.49127791402,1.00065971548336
"L[15,14]",-0.0521941889827166,0.00268096493649699,0.213213627888438,-0.459766000303297,-0.201298387137936,-0.0569221025071417,0.0948253617934851,0.369365687656883,6324.8124472619,1.00051849863168
"L[15,15]",0.506421995734063,0.00182399531250244,0.126336782743141,0.257606625859737,0.418723054223109,0.506499705249735,0.594831409244758,0.748140000918165,4797.46914629441,1.00132255729084
"L[15,16]",0,NA,0,0,0,0,0,0,NA,NA
"L[15,17]",0,NA,0,0,0,0,0,0,NA,NA
"L[16,1]",0.0627915094809513,0.00221009178590846,0.198006895404721,-0.3288659666516,-0.0706595372786675,0.0625306909013127,0.201305720029485,0.441826746892691,8026.75501241375,1.00001129504854
"L[16,2]",0.141937625277002,0.00243782948414214,0.199126230709535,-0.25648932217147,0.00482858483113079,0.143024943084559,0.281784685611621,0.513451019174139,6671.91178397773,0.999956833370383
"L[16,3]",-0.0168239288529562,0.00242703891762856,0.211251656856885,-0.431561456328795,-0.161675262943602,-0.0183224004536548,0.129735854248656,0.38905177096558,7576.11864086976,1.00008719688705
"L[16,4]",0.0222373285650187,0.00241253957974754,0.203448162950087,-0.383706134793019,-0.116769771935017,0.0264775559287032,0.162241273787342,0.410054946560559,7111.45803091749,0.99992892356262
"L[16,5]",0.0415152845125676,0.00256575376918556,0.206229639490336,-0.359349511021746,-0.100571889693226,0.0411657026760955,0.186766483217678,0.443066682629264,6460.59049359399,1.00021707285008
"L[16,6]",0.0217303256527562,0.00257515654938813,0.21051726877231,-0.390124395304681,-0.120689245004328,0.0229290333729976,0.169159361070934,0.421137301281187,6682.94954058064,0.999956567397507
"L[16,7]",0.0890427711338975,0.00246488153092322,0.205199604912873,-0.31529575112181,-0.0484564531549894,0.0889194852754744,0.227443607438179,0.483834251188066,6930.44209217024,0.999933278047658
"L[16,8]",0.0692827919778961,0.00268702671819689,0.21103027422451,-0.346039595136092,-0.075375660539712,0.0708368367456229,0.217077050063801,0.471267364947928,6168.01692761488,1.00057842536623
"L[16,9]",0.178678449997227,0.00257475130902071,0.2027478083186,-0.234115280757672,0.0439770674294022,0.184289429024417,0.322686476942901,0.555042349760894,6200.71486670402,0.999942318995211
"L[16,10]",0.0683361844084969,0.00243764706862506,0.189794187757341,-0.310483006302521,-0.0581128442968609,0.0705660396122206,0.197530033481054,0.431685086276699,6062.1148880714,1.00017417294168
"L[16,11]",0.0627182267182574,0.00277371549557716,0.215257368778478,-0.358687605949017,-0.0834825168841051,0.0658554409354019,0.212946695858109,0.473229102507631,6022.71384472255,1.00051043705961
"L[16,12]",0.0221062447102782,0.00286961246969786,0.214475026980718,-0.397258991177944,-0.124208640554474,0.0179568552242329,0.170173804795423,0.44263067122049,5586.0775490856,1.00069807338079
"L[16,13]",0.06245489609472,0.00279511840385874,0.219843735422133,-0.36999222162708,-0.088705587551363,0.0632794018187446,0.215490185691283,0.479821004046861,6186.25431621791,1.00065267632524
"L[16,14]",0.139835536913619,0.00321510324638433,0.222473084155836,-0.317370162609044,-0.0126605381288605,0.148348254038287,0.297133691561275,0.547453037153908,4788.12084804909,1.00041932168768
"L[16,15]",-0.0436542264172335,0.0026560976897179,0.217512207762765,-0.46059957133961,-0.196247622496993,-0.0463324893145267,0.107875997417311,0.381961995920597,6706.24143885988,0.999962222507694
"L[16,16]",0.472562969033422,0.00195943028756065,0.13278750160627,0.215111216001091,0.378152841905882,0.4743951733309,0.567963903962988,0.726203059112063,4592.55922783485,1.0013399540086
"L[16,17]",0,NA,0,0,0,0,0,0,NA,NA
"L[17,1]",-0.0503083683414224,0.00241196449694693,0.202018426843514,-0.435107538824286,-0.189740207583037,-0.0518828822823894,0.0913349254178198,0.345017352686805,7015.20146745669,0.999697921018071
"L[17,2]",-0.0165796549911952,0.00218212948059599,0.200317830428842,-0.397502128988741,-0.156783921711596,-0.0184390946872475,0.12247123517038,0.378872753256026,8427.10067732173,0.99989615440594
"L[17,3]",0.057080102522342,0.00222914740539996,0.210164978549238,-0.350394092908628,-0.090242281118042,0.0587726757325273,0.20275701582538,0.462019456952576,8888.79970385487,0.9998836554276
"L[17,4]",-0.0495344363017955,0.00230265619819694,0.205529877028857,-0.434179796295637,-0.196490710384718,-0.0523180567323019,0.0909185334398938,0.368651989728376,7966.94328012958,0.999828747347259
"L[17,5]",-0.0856384637665472,0.0023448181646782,0.205607790051764,-0.470608282259725,-0.233088088969039,-0.084832683494974,0.0579543369844078,0.321738944087496,7688.8394173316,1.00012937780775
"L[17,6]",-0.105353816795641,0.00246254439342919,0.215505891622463,-0.508300092530092,-0.261804974361802,-0.104707232634197,0.0405226210183106,0.321113721639257,7658.61359543721,0.999933200595875
"L[17,7]",-0.036900195466337,0.00223217115364752,0.202045368443773,-0.421013894098648,-0.174869859437327,-0.0415002957672219,0.101090574187772,0.360850017058892,8192.99737902279,0.99997197975151
"L[17,8]",0.0322642498240398,0.00259577240743807,0.212410935438595,-0.377100790167392,-0.115897293800534,0.0313507710760922,0.180226413509529,0.442608108375196,6696.07824393291,0.999781990205842
"L[17,9]",-0.0939477810445848,0.00248755027647,0.203334983409707,-0.472979794985115,-0.237784269159136,-0.102242432524781,0.0489769806538827,0.313039991191627,6681.6000360717,1.00010810412
"L[17,10]",-0.234270526193717,0.00223773144193768,0.186008996934254,-0.578713160259553,-0.365018256696808,-0.242603007240173,-0.108564925534503,0.148339700243296,6909.58515293749,0.999813691531433
"L[17,11]",-0.0529650671435911,0.00251107231340708,0.216026917568518,-0.4703989441528,-0.203075413361208,-0.0558958381106552,0.0941853097193277,0.373916014927585,7401.11748861655,1.00101786010898
"L[17,12]",-0.0139983912075934,0.00264967308441705,0.216200787664351,-0.435526640736893,-0.168941634121579,-0.0112086794064571,0.137421902645596,0.40384870411476,6657.7878972708,0.999706276344346
"L[17,13]",-0.0166438511302456,0.00244051197829007,0.208381370332447,-0.421824885015144,-0.161014193025491,-0.017912210961557,0.127772276271942,0.386367249072638,7290.47612721531,1.0000243670751
"L[17,14]",0.0114876059063608,0.0025477138267668,0.215680183098952,-0.405241505300643,-0.138349920044136,0.0103472120081088,0.160114503063022,0.435928140036494,7166.69956778078,0.999779533025665
"L[17,15]",-0.00640631717474043,0.00264257438585978,0.21912524156663,-0.427339825507168,-0.159676935492362,-0.0071437122979663,0.14840517448236,0.414224244085432,6875.91300860359,1.00029193411754
"L[17,16]",-0.0040615187161054,0.00279088282820048,0.219839343954315,-0.426152843790226,-0.159256603856109,-0.00374570647173157,0.150949412631434,0.412956161597068,6204.79777433527,0.99990204865937
"L[17,17]",0.432718927798982,0.00212036459373936,0.136616992684732,0.173155824913521,0.335180667907246,0.432271067590581,0.529949901052428,0.699060702231544,4151.34048476441,1.00008940539527
"slope[1]",-0.00754879509732231,0.000581141481245348,0.0372194103308142,-0.0838511024173906,-0.0315393874221216,-0.00762271328519194,0.017088463475938,0.0658820344765725,4101.80702522408,1.0003236028005
"slope[2]",-0.0155606466177208,0.000490142223302126,0.0348500203475334,-0.0872537949676634,-0.0379888134420669,-0.0144033347739454,0.00724116216623197,0.0516916375356292,5055.47351082996,0.999932249150579
"slope[3]",0.0368599156253809,0.000507245555261043,0.0368064599252581,-0.0327525378326493,0.0122907335742191,0.0356261126650048,0.0599744813418779,0.110777915060087,5265.16028662353,1.0009067522937
"slope[4]",0.062460724882966,0.000523588513299564,0.0341041657989373,-0.00315669867668919,0.0399223162446783,0.0619946254151069,0.0851500122011708,0.129324009980138,4242.62494841283,0.999804922837762
"slope[5]",0.0160255469506714,0.000399769979913702,0.0290833046747157,-0.0414225364477357,-0.00308602216210853,0.0156050127066403,0.0348639397631421,0.0741433962634565,5292.57656193845,0.999938131011626
"slope[6]",0.0059787551004906,0.000535126323352027,0.0374001095949322,-0.0664063701101704,-0.0181174286358908,0.00610784659901851,0.0298258262924823,0.0800657675412339,4884.64628083389,1.00006136402016
"slope[7]",-0.00849243576449436,0.000696288103401117,0.0451232432156839,-0.0984215512949528,-0.0370347367532803,-0.00701966504179599,0.0208503472742612,0.0768564429667103,4199.74250489183,1.00023561730535
"slope[8]",0.0668475207263456,0.00055332556301204,0.0318717251402105,0.00436338169707767,0.0454504883110058,0.066624968526257,0.088463886631211,0.130105933090777,3317.79595772514,1.00046272196547
"slope[9]",-0.0726059510032025,0.000446269445038413,0.0325519766286703,-0.1344483049696,-0.0946148676028256,-0.0735559961637069,-0.0511905874705389,-0.00515121930881518,5320.59772583036,1.00005980248996
"slope[10]",0.0815806588633234,0.00172672982403807,0.100434683992552,-0.0643109970892235,0.0128851342178042,0.061340011335523,0.13095014029823,0.3321020306682,3383.12975231748,1.00078541593259
"slope[11]",0.0136376827642426,0.000496460770566722,0.036026608710154,-0.0566316057027853,-0.00934150669914419,0.0127127408466241,0.0367332308456136,0.08650829660193,5265.95194071956,1.00024708677729
"slope[12]",-0.055166059783019,0.000683666802338386,0.0446188193550486,-0.143706747783653,-0.0853657059826019,-0.0543223240585331,-0.0241304603862451,0.0287694500608976,4259.38762777199,1.00065697176563
"slope[13]",0.0181650195168979,0.000519862461862318,0.0388725256066629,-0.057749415413841,-0.00768134080614489,0.017648688855648,0.0435119673947919,0.0952681566413661,5591.24597342222,1.00073839592073
"slope[14]",-0.0427212775249782,0.000735262100719178,0.0510955704461459,-0.14940267422889,-0.0744230516519376,-0.0399501074703703,-0.0072604821160896,0.0495472704019876,4829.27729112146,0.999884516974531
"slope[15]",0.0603238502928676,0.00063446184928377,0.0404094502320083,-0.015491066948872,0.0330295503287199,0.0592654699526446,0.0864584769008335,0.142021123775918,4056.53155301516,1.00067755211635
"slope[16]",0.00904632751577969,0.000583192385785825,0.042679199131873,-0.0745262453694391,-0.0181948689258291,0.00896809170537636,0.0362870295953238,0.095198016557169,5355.60862636584,1.0004370926836
"slope[17]",-0.167754385467271,0.00152337372953012,0.0800006268097059,-0.30869703117336,-0.225603475215978,-0.17415822896953,-0.115603513787851,0.00067919957803336,2757.87041240415,1.00009297903023
"eps[1,1]",-0.0757993415915431,0.00877485616900543,0.909557139069426,-1.83662515401974,-0.691216302440735,-0.093242569782916,0.53967474999753,1.7074353014272,10744.3453900711,0.999572570996994
"eps[1,2]",-0.14666732168354,0.00924343775267393,0.904772993083758,-1.90405747149032,-0.753203417808873,-0.158776252935404,0.453344426698397,1.62877442899332,9581.03034160601,0.999843670611335
"eps[1,3]",-0.0472425451757872,0.00934411958719088,0.919744473070151,-1.86356044533028,-0.662538743890882,-0.0509746572215698,0.564849494969208,1.78318928320267,9688.52351286454,1.00017031620082
"eps[1,4]",-0.172634210182752,0.00946884209015311,0.945234073687122,-2.03090907376916,-0.797751952052907,-0.183199192143924,0.458324420854933,1.70507988655124,9965.17636545453,0.99974349932015
"eps[1,5]",-0.0908180619087721,0.0105132451494875,0.906435729189124,-1.84651633352629,-0.688410126543699,-0.107887419296055,0.514218379466699,1.70050473318218,7433.62157851156,1.00019668625561
"eps[1,6]",-0.0675345910304099,0.00901894948146414,0.937201554994453,-1.90013688061951,-0.707153554041725,-0.0710969195925766,0.582412658287662,1.74934009554516,10798.2677637564,1.00002144386504
"eps[1,7]",-0.126201210022543,0.00883590126601979,0.968421311548801,-2.00301926558974,-0.783151567074107,-0.135728295934723,0.513947387198978,1.8236997073237,12012.3220653083,0.999740897748941
"eps[1,8]",-0.231799614192829,0.00997967683423526,0.944521887947669,-2.09225003644258,-0.870490620273327,-0.225140400122607,0.400121636798859,1.62589278411023,8957.58828079644,1.00009517673093
"eps[1,9]",-0.70628749839712,0.00878875015321424,0.794755033122514,-2.22491752359826,-1.23800342835483,-0.71924775352965,-0.184859683384714,0.873764159247769,8177.34530055805,0.999698797573998
"eps[1,10]",-0.352937923126231,0.00833770061917384,0.952050643806761,-2.18042523103166,-1.00290844526132,-0.337297524232644,0.294431029534454,1.48495737654126,13038.4963058243,0.999846568783927
"eps[1,11]",-0.0197762701419178,0.00869649607687381,0.955685476695315,-1.89038044009435,-0.674344030286983,-0.0288886088190516,0.639648673973504,1.86976143168102,12076.507673219,1.00041020066028
"eps[1,12]",0.15485787578888,0.0082468996162361,0.96916971081744,-1.74550773264104,-0.507079473661658,0.163844575922555,0.799056310690243,2.0732176822667,13810.781333745,0.999895458096736
"eps[1,13]",-0.0184164708472174,0.00838283245512501,0.959776218613768,-1.91884312544567,-0.669022085384174,-0.018490176911756,0.629568850001061,1.86092205676473,13108.6629559458,0.999612246573043
"eps[1,14]",0.141677230739443,0.00887702404033091,0.957987741940521,-1.72302529514927,-0.504372493174882,0.149380491905982,0.779429913985569,2.03127484878296,11646.223278772,0.999858103490185
"eps[1,15]",-0.0725101379685967,0.00909469607965968,0.981727332009593,-1.99137969890458,-0.731263836136765,-0.0679780057810065,0.591686306485025,1.86055642037791,11652.1316582963,0.999698381076085
"eps[1,16]",-0.0126104117903262,0.00874248366320917,0.96575164457626,-1.88803555260342,-0.664158240150082,-0.0137288240692571,0.631426124878931,1.89107433414782,12202.8494669048,0.999995558333064
"eps[1,17]",0.130250190975372,0.00844051831985269,0.988553229002715,-1.83849229732272,-0.546574863921264,0.136588335394468,0.798919373273022,2.06389032123727,13717.0867233278,0.999777118312254
"eps[2,1]",-0.00610282544745701,0.00898465042071785,0.912793168158618,-1.80250088118218,-0.634704886592414,-0.00568142121990153,0.62093078063123,1.774855124357,10321.4899444805,0.999938830160582
"eps[2,2]",-0.0551560118143592,0.00903744877836365,0.902022069321886,-1.82001073183033,-0.666411398202093,-0.0539632590796358,0.538277541084263,1.72153515765647,9961.91034744243,0.999910290081646
"eps[2,3]",-0.0682915228414175,0.0093614696787239,0.902100048600174,-1.81687184125477,-0.686561542224372,-0.0599373638879963,0.535846108009365,1.69681024203618,9285.84312597811,1.00049564686375
"eps[2,4]",-0.160195808527964,0.00916031073785936,0.942863139549572,-2.01443616521768,-0.800516262823796,-0.150554027343727,0.473005926707531,1.67115750050075,10594.4131011107,0.999893815275621
"eps[2,5]",-0.0861326152323267,0.0100056529718256,0.902598906015874,-1.85987816166662,-0.687771220471139,-0.0815387067285466,0.525573191868975,1.66398816083775,8137.64487549573,0.999884232976693
"eps[2,6]",-0.0358280752921055,0.00855407369510531,0.93303628345965,-1.83691518619836,-0.67865409157346,-0.0338749781704308,0.607875825348779,1.81950410887468,11897.373353457,0.999927404404633
"eps[2,7]",-0.0629631697986442,0.00865129213885171,0.954588179545426,-1.91026628295664,-0.707655129341386,-0.0554699881645233,0.573607109295125,1.83689508852672,12175.0330647201,0.999743846202866
"eps[2,8]",-0.183876087198997,0.00890618443390461,0.939635837377307,-2.03917513670524,-0.822251948452864,-0.181749233059247,0.459095786233341,1.61145725970733,11131.0408235939,0.999810239890889
"eps[2,9]",-0.367170027738844,0.00831473341693272,0.767743279817133,-1.86314387369067,-0.873363872437022,-0.367357103492044,0.132742567281179,1.19493190931426,8525.80485748878,0.999734439242968
"eps[2,10]",-0.334568056204562,0.00801774496258923,0.945523689320732,-2.18427222490966,-0.978903202071944,-0.321217532543815,0.322643272759787,1.48720536699093,13907.2209074062,0.999629923394199
"eps[2,11]",-0.0285125545519873,0.00874509499486137,0.940527570903068,-1.90045525125602,-0.656317749873763,-0.0239395945141488,0.62038431383527,1.76673215856014,11566.8205889865,0.999904909532302
"eps[2,12]",0.174860553325469,0.00812598207808781,0.948516543597898,-1.69022618166344,-0.449024027157388,0.18211537570186,0.795841859779703,2.06329481755832,13625.0498471494,0.999876311937982
"eps[2,13]",-0.0478223588788264,0.00842778565394816,0.939525999516171,-1.87981074118415,-0.675755587011474,-0.0556508274052678,0.570049243876447,1.80642997692347,12427.6966110494,1.00009430899117
"eps[2,14]",0.133650404918495,0.00834655678398582,0.96013531158981,-1.76159130465238,-0.51281739251454,0.137897287042858,0.769151696853982,2.02600046506654,13232.7522037139,0.999737979273896
"eps[2,15]",-0.0850704272216853,0.00807609552450449,0.958766538359298,-1.92005346941812,-0.74656106685457,-0.0857119917195462,0.565831772733397,1.76510964913283,14093.6292461899,0.999734144877825
"eps[2,16]",-0.0325725474484121,0.00775055587820208,0.969678068532899,-1.89908113299592,-0.710353645324159,-0.0319115307039817,0.627176454458057,1.84927423231113,15652.7065353975,0.999895197993365
"eps[2,17]",0.123677860447386,0.008309811539151,0.975241060217204,-1.74336225884679,-0.559428069938973,0.128537967308385,0.802055467966756,1.98093057803564,13773.41417193,0.999686741791428
"eps[3,1]",0.178089965477831,0.00899362546666854,0.906063755822211,-1.61075890599213,-0.442922592141276,0.16937434695564,0.781240767455171,1.97234800579061,10149.576491797,0.999941569713388
"eps[3,2]",0.124571067066008,0.00918969258225499,0.909546257716504,-1.65894721733718,-0.496836027209688,0.134768238504518,0.758163043332847,1.88209231941381,9795.97382030366,0.999897840411048
"eps[3,3]",-0.133882845581459,0.00952044501558534,0.915350102520871,-1.96196867149561,-0.741630438792192,-0.122541046621462,0.476850212975515,1.64486428612521,9244.00072207416,0.999833822733196
"eps[3,4]",-0.147408437917853,0.00891178394928939,0.948166146729184,-1.97760139864801,-0.781901661631388,-0.147141064917338,0.479024957030563,1.71366885461113,11319.8218487344,0.999871758945461
"eps[3,5]",0.541224205124503,0.00723225646087177,0.740320812119536,-0.881498754004403,0.0531377978810231,0.54794756056599,1.03267709207004,2.00827324570676,10478.335044447,1.00088556923709
"eps[3,6]",0.0410350333585522,0.00830691495705575,0.941390254582706,-1.79662889282247,-0.594670798916806,0.0457691115627266,0.68962754199885,1.83050097001919,12842.8043809968,0.999801578029524
"eps[3,7]",0.0543338994144526,0.00903742158783754,0.938382210106181,-1.77177028307003,-0.599669944638771,0.0451467528383828,0.681660987225878,1.91587700667323,10781.2830279631,0.99964529823222
"eps[3,8]",0.00382732775883157,0.00949858748749107,0.963354652790396,-1.86251344132733,-0.659092036287121,-0.00113780786914168,0.661350841481494,1.85430640806912,10286.1853127206,0.999971731406585
"eps[3,9]",0.404717789677415,0.00847236900332509,0.800080644204135,-1.18667365195618,-0.120696611901998,0.424017866022623,0.94881439427092,1.94313798447449,8917.8015279274,1.00001779033365
"eps[3,10]",-0.345262532608852,0.00853345730476358,0.957277152848722,-2.22816716625229,-0.989078630132374,-0.328399071721283,0.297885135021592,1.53252652218682,12584.1923465226,0.9998008580813
"eps[3,11]",-0.0135314626695294,0.00864154013470986,0.954166108345195,-1.89135144292001,-0.652533546688508,-0.0167833224518181,0.621607675381324,1.90384743428871,12191.7393824054,0.999749202952562
"eps[3,12]",0.172497923200901,0.0089202111412256,0.965455312596542,-1.73370486325253,-0.469618645819694,0.176151283182803,0.804730139042075,2.05115152710363,11714.2391182407,0.999641220590954
"eps[3,13]",-0.0350674680407578,0.00829767607330941,0.950863337840499,-1.93143369178358,-0.661349513793022,-0.0420856125732094,0.598023130927861,1.83985145379429,13131.76953123,0.999611482951752
"eps[3,14]",0.132066989787758,0.00823094834767329,0.953747466565438,-1.77717419884594,-0.502497917686432,0.137086073629638,0.771784398274418,1.9952956980265,13426.6306455096,0.999796903543492
"eps[3,15]",-0.0914554447734564,0.00807807803305639,0.961804982639467,-1.98203385984974,-0.726853210646704,-0.0891208205814235,0.542793924376428,1.77870100486497,14176.1388092797,0.999743426319405
"eps[3,16]",-0.0199809316694004,0.00886692883124237,0.961983234178665,-1.94218129376363,-0.661901098995177,-0.0232165604665547,0.631127949867529,1.86615193713305,11770.3278739752,0.999768976782011
"eps[3,17]",0.128644126229669,0.00857126703750414,0.95790322990679,-1.73853408467743,-0.521693464791555,0.128936360666068,0.793406737556443,1.9744818081728,12489.7349980061,1.00004469976384
"eps[4,1]",0.157588688544065,0.0095550847179759,0.917816744159905,-1.6527256322055,-0.459232568534992,0.152615866978156,0.758063131413597,1.96744516927079,9226.62498178349,1.00012035471361
"eps[4,2]",0.0633409059071864,0.00980043184680539,0.902575945902935,-1.71358746918743,-0.541106249510187,0.0545705629656746,0.663008351129408,1.84118767770458,8481.58628405227,1.00024982432493
"eps[4,3]",0.793578809598155,0.00907107986133695,0.736576081282678,-0.714494890639695,0.305529883131012,0.816999171935886,1.30146757868014,2.17508201871037,6593.51871175005,1.0006227907343
"eps[4,4]",-0.199173665376262,0.0091980386356904,0.946450189963509,-2.020867479439,-0.836860993606223,-0.202132002918113,0.45158738651775,1.67423986330279,10587.7838489638,0.999791773060131
"eps[4,5]",0.346981319740931,0.00713283727642222,0.730021217130901,-1.09315459134683,-0.136426370926515,0.336680559047636,0.826819518983833,1.81936372901069,10474.8142931915,1.00002151968219
"eps[4,6]",-0.0466140272005092,0.00940689381636316,0.924613144593894,-1.87330147335885,-0.655993546198934,-0.0468159773198507,0.560730246643445,1.79174089350422,9661.1237004967,0.999804633897697
"eps[4,7]",-0.0911427123240646,0.00900388221171205,0.93199530987768,-1.91243585741658,-0.72432436162741,-0.0882394789101924,0.534188364551742,1.71070848874605,10714.3997028018,0.999710736264989
"eps[4,8]",-0.200882105600262,0.00908830032586282,0.939107964299389,-1.99332804188445,-0.826785032306942,-0.203442267899397,0.427933943979335,1.66457065076299,10677.4047858059,1.0000961144949
"eps[4,9]",-0.487954980990516,0.00897047577990483,0.801742199357658,-2.02754321237006,-1.03423823280747,-0.490452212965501,0.0349165543577841,1.12071145047889,7988.00872028726,0.999566937217984
"eps[4,10]",-0.366225722473375,0.0081122900169428,0.961067723495064,-2.24324315241817,-1.00733839887892,-0.368141791347357,0.273440971874157,1.49385334438937,14035.2789114319,0.999808027593924
"eps[4,11]",-0.0191385765133352,0.00931635256971202,0.937680063398252,-1.85600803924157,-0.652118746105575,-0.0185763219091244,0.610259867717452,1.80943411272692,10130.188652512,0.999846849691745
"eps[4,12]",0.173263942512931,0.00858604503832625,0.960293229877513,-1.71593785768867,-0.476968370503979,0.184000568827592,0.83164328174977,2.00580942680143,12508.9659295669,0.999724503744308
"eps[4,13]",-0.0330549770909308,0.00875790511543562,0.968274770914042,-1.91875196207164,-0.705478939754259,-0.0353307654865731,0.628765161814784,1.83676790612514,12223.5333276069,0.999760470183603
"eps[4,14]",0.13956166419821,0.00854758420472592,0.946097165901642,-1.71838188110291,-0.500566010967349,0.139055392003762,0.774119958033367,1.95791726570858,12251.3714468991,0.999824757287388
"eps[4,15]",-0.0867234991188027,0.00890954512129288,0.9761818596741,-2.00074810028148,-0.745985453668197,-0.0818744772678308,0.577577253812392,1.80841926192665,12004.6748798606,0.999751878531743
"eps[4,16]",-0.0180322918576454,0.00767584298386592,0.974919584443186,-1.91985423108014,-0.687471733537359,-0.0185739860310956,0.625998418169189,1.88828198698135,16131.8964210313,1.00013741647071
"eps[4,17]",0.126891728391385,0.00851668212670569,0.989756638949171,-1.82704371575846,-0.542561531283702,0.12668754670681,0.790805345724461,2.08295573570983,13505.664929771,0.99969082484378
"eps[5,1]",-0.278364438819658,0.0106092637553514,0.940250795919844,-2.07614787477123,-0.915943034449674,-0.289627731466981,0.346493694906899,1.5905937759151,7854.47074578988,0.999800301152495
"eps[5,2]",-1.0765238997203,0.00677957115389334,0.675233682808449,-2.37182701617996,-1.52888483612384,-1.079633744738,-0.631370070980429,0.293274279275949,9919.81904617628,0.999776332304205
"eps[5,3]",-0.794505636645311,0.00787633551099604,0.724394430840795,-2.16235128649937,-1.27947801213346,-0.81854777150396,-0.322548137550086,0.66464462351364,8458.66431691792,0.999759908795605
"eps[5,4]",-0.0352175086229633,0.00940347565883018,0.924108780461279,-1.80921847977778,-0.667051950707685,-0.0320130782620368,0.588843482609962,1.78581142275288,9657.60378661469,0.999825862988642
"eps[5,5]",-0.28839017635859,0.00911058414064854,0.748007409767242,-1.71664194769695,-0.790150329334122,-0.302289307213002,0.195734352125404,1.23513390826457,6740.92279672354,0.999972038373901
"eps[5,6]",0.0174724149955558,0.0085565215156062,0.938630876814911,-1.80919768058638,-0.617243227014829,0.0213846362818028,0.650561991902623,1.84654982231453,12033.5891429997,0.999686618614788
"eps[5,7]",0.0236535609755701,0.00967858789143138,0.942465356608035,-1.81874903090308,-0.6051601597728,0.0228879763298474,0.658838610337079,1.87494716940529,9482.14940598421,0.999595504178836
"eps[5,8]",-0.0307037196289315,0.00889742036556204,0.939533887078743,-1.84247455401049,-0.664765423045194,-0.0258039607321911,0.603563255597838,1.82171673666687,11150.559986464,0.999653824898545
"eps[5,9]",0.289895637437672,0.00832802712049264,0.781881025608721,-1.26318910019081,-0.225987691876181,0.297613066790994,0.820880462582893,1.79989551409811,8814.48790813233,1.00003861538748
"eps[5,10]",-0.351685144222657,0.00885089148421246,0.943762717516399,-2.22030407259457,-0.989243077905007,-0.351967320730565,0.297505098700164,1.46269092619014,11369.7679631394,0.999741266163064
"eps[5,11]",-0.0246161829398697,0.00859594511737902,0.970725634433558,-1.9221005918391,-0.678970880439338,-0.022206017584341,0.626391869834204,1.88004256808733,12752.8052876499,0.999754976705271
"eps[5,12]",0.160119747500991,0.00835747029083597,0.953429691937259,-1.72183222314717,-0.469165918815985,0.167175512277424,0.794268639256813,2.00703749138125,13014.505238123,0.999855329858718
"eps[5,13]",-0.0272619630145366,0.00836410155621196,0.986194552089465,-1.92239898897221,-0.683896314467884,-0.0404198882593839,0.637148688738792,1.89692319997551,13902.2983191431,0.999941168808676
"eps[5,14]",0.132227743783919,0.00884691215637973,0.958938364418251,-1.77575295850913,-0.514297098995701,0.131777193019277,0.762740081280713,2.02589359302959,11748.9202974339,0.999890818710021
"eps[5,15]",-0.0821330376560241,0.00879937809001714,0.967116985445345,-1.9898708454543,-0.724123398210248,-0.0777904898969218,0.560105740437282,1.81346501153996,12079.6420194233,0.999732010053024
"eps[5,16]",-0.00759279543249716,0.00869215604378245,0.960723452690102,-1.87752658969207,-0.644621289033066,0.00092768775612374,0.645289046498878,1.86758522932532,12216.3581526049,0.999752975528162
"eps[5,17]",0.111712609831973,0.00812143232471289,0.969030060596263,-1.82455652826756,-0.550026097445072,0.123919040553682,0.775259962819622,1.99359139908356,14236.6969289006,0.999978382262996
"eps[6,1]",0.303684810807864,0.00765535062392365,0.646616633064727,-0.997127623608967,-0.121131987202446,0.314756815472527,0.727421901838689,1.58386587714435,7134.50046152582,1.00011262075925
"eps[6,2]",-1.28510423262118,0.00732159537703109,0.666303107412521,-2.61355344469887,-1.71034618995256,-1.28263383718208,-0.847522755092848,0.033144302610923,8281.94284248357,1.00032778873189
"eps[6,3]",-0.173757644809128,0.00834870594659046,0.722656455297142,-1.62832237374129,-0.641149380716772,-0.171498007799427,0.301569602666654,1.23959186408472,7492.47742776684,0.999775632640541
"eps[6,4]",-0.349037320788946,0.00823741979490052,0.713536703089779,-1.73617628172825,-0.830679228979688,-0.36460099536244,0.13225087057876,1.08586879046905,7503.2641632678,0.999826489583909
"eps[6,5]",0.871543027796293,0.00922769715799088,0.752924926726073,-0.646653104405885,0.382251328697185,0.884669002560728,1.39726008104304,2.28774903823044,6657.58445810364,0.999721345415322
"eps[6,6]",0.10225918684504,0.00803269239068358,0.742044268962415,-1.35908996535108,-0.386908981110409,0.108067056721823,0.590930712007575,1.55028226858291,8533.69974391237,0.999779559661635
"eps[6,7]",0.0956636709781745,0.00993477805574676,0.919654713202093,-1.74248988077451,-0.513402354804815,0.116698101426113,0.714933332960932,1.85798264148412,8569.06156682868,0.999881188868104
"eps[6,8]",-0.0685744378172327,0.00956457995667163,0.773952977328229,-1.60102742129117,-0.573630385314995,-0.0603804890857896,0.443069708767965,1.45294943296368,6547.82926160157,0.999966414642831
"eps[6,9]",-0.316309400964262,0.00872440681502737,0.788781556297059,-1.88249825577673,-0.847300036238504,-0.31076648198727,0.207967452483749,1.24356328212562,8174.13258361147,1.00005655172561
"eps[6,10]",-0.382656941430478,0.00978854572657705,0.950483686080121,-2.27075940612826,-1.02575989839624,-0.378923544335467,0.249388149025173,1.45844876392056,9428.72537215305,1.00011434760793
"eps[6,11]",-0.379075485998046,0.0097608279306908,0.846137317356271,-1.99822505898877,-0.956685285858049,-0.387812475692426,0.190418739886288,1.28414477957759,7514.64354509574,1.00079926068361
"eps[6,12]",0.579770429547105,0.00917403734583115,0.864171454762645,-1.12905043885895,0.0026050292790368,0.579899073244646,1.15137201648722,2.27364820824448,8873.1704823276,0.999685457453182
"eps[6,13]",-0.282261836378106,0.00923323104364893,0.863096811371152,-1.94650131686917,-0.858017472902458,-0.291241050321312,0.298073785306408,1.43500293191406,8737.99150515605,1.00000354870832
"eps[6,14]",-0.463111051891703,0.00891304142418553,0.887822771945511,-2.20700042157075,-1.05623716494074,-0.483625690277894,0.145259914947389,1.29054657924054,9922.03398783478,0.999783374894898
"eps[6,15]",0.317628045850332,0.00833796913203817,0.898642509420386,-1.46408609702371,-0.280243518048218,0.327275551087593,0.918233970538625,2.03209354937801,11615.9130172138,0.999669678383901
"eps[6,16]",-0.486934017737873,0.00931151883951892,0.908140179013367,-2.25467589403731,-1.10448865188203,-0.488584560552921,0.140631691126207,1.30769141985704,9511.84421437452,1.00017558334138
"eps[6,17]",0.109257576479388,0.00871783525457558,0.978741384458787,-1.81309446944791,-0.539276062256542,0.120683183087527,0.753650905143527,2.03998156721573,12604.295863511,0.999929126197892
"eps[7,1]",-0.241141470012824,0.00831540825101671,0.64513896756974,-1.47768788171422,-0.672067523689957,-0.265393298216293,0.180617593329048,1.077217208935,6019.20864423463,1.00001311926417
"eps[7,2]",-0.725939504988093,0.00680346371998441,0.63829842980359,-1.99605716823742,-1.14450686814338,-0.734588807982855,-0.316630712769538,0.562262472052639,8802.12244590406,0.999944538097827
"eps[7,3]",-0.426988332394166,0.00876032559803486,0.720292786448902,-1.79996491454757,-0.918985470407001,-0.445803313480904,0.0399794448237898,1.03600112334934,6760.48159543677,0.999761524618311
"eps[7,4]",0.0147705283234391,0.00824422662342961,0.685964798351723,-1.29072421164277,-0.447254071809675,-0.00643046226918678,0.462252449121093,1.40269423809604,6923.15119394507,0.999729690366766
"eps[7,5]",-0.572747302035765,0.00882227121908043,0.725493391306706,-1.96846710114602,-1.06913461751909,-0.59092893833056,-0.083724529651225,0.860486153950582,6762.48183388061,1.00033876890708
"eps[7,6]",-0.169124050242758,0.0082824173050252,0.738551590379906,-1.61918848196261,-0.666813678392432,-0.174396589982036,0.313463772104292,1.30074385992649,7951.47061889516,0.999915268659671
"eps[7,7]",-0.396405000055912,0.0115929144417852,0.951472551159425,-2.18485234373072,-1.03556763468278,-0.417452985277398,0.225257955327566,1.49627171866136,6736.08046729146,0.999743668525747
"eps[7,8]",-0.963718348449801,0.0111860775368375,0.794601169135034,-2.47558193309264,-1.50505530716756,-0.974665131733451,-0.429764544969496,0.629986400075357,5045.94774548439,0.999745585001251
"eps[7,9]",-0.684740819263111,0.00847533618566261,0.774158714812676,-2.14423778919551,-1.20695826186709,-0.707064479272415,-0.179770381544896,0.884771806803872,8343.45918816512,0.999854077935686
"eps[7,10]",-0.178074619854932,0.0107315884864431,0.942641379535613,-1.98663852213031,-0.827955135720896,-0.186561812220727,0.464114986052446,1.69330457194932,7715.51604573726,0.999874384315164
"eps[7,11]",0.516744926983155,0.00898450084984696,0.811425643387278,-1.08702371949962,-0.0259830188044602,0.524167341551618,1.07134902395728,2.0712575222604,8156.6072095593,0.999715019744761
"eps[7,12]",-0.33973222320056,0.00864296766485903,0.840411348265351,-1.97898902084528,-0.907373481626176,-0.357778319213168,0.227320841726746,1.33315560257341,9454.9239475676,1.00005017822945
"eps[7,13]",0.278352674717904,0.00864489220327395,0.847355793096429,-1.40509619722684,-0.291536040812141,0.276736793316435,0.855911786050486,1.94066843996079,9607.54531134355,0.999945613948668
"eps[7,14]",-0.312175606904298,0.00843703315762843,0.863045381367127,-2.02268972191871,-0.885607877897249,-0.311785324636732,0.260334688295876,1.37839783475585,10463.7596079346,1.00005579062251
"eps[7,15]",-0.0650080327460456,0.00869550085925574,0.877767976541911,-1.81733547211446,-0.648918611834417,-0.0638335014436926,0.525091669954077,1.63749312988866,10189.9079378696,0.999611663869847
"eps[7,16]",-0.420709145322371,0.00810026537528155,0.914053659954031,-2.20413793872081,-1.03484190098312,-0.420955546948767,0.187999204600237,1.37977067116256,12733.4148821057,0.999725151126569
"eps[7,17]",0.119008123414683,0.00927072054603351,0.965183393568109,-1.76086641787034,-0.522595984396,0.124181051846121,0.761141369363608,2.00726271212798,10839.086997629,1.00047093344731
"eps[8,1]",2.02558653888264,0.012710222880529,0.750246752155018,0.481875156253298,1.54718753129292,2.05773125562663,2.53198890958086,3.43022418589204,3484.1906874656,1.00111386062461
"eps[8,2]",1.38440647571747,0.011982325888402,0.755309374903573,-0.141651447271568,0.894415096982314,1.39801493583237,1.88840901485057,2.87219308793725,3973.44765548345,1.00146935073199
"eps[8,3]",1.47497514080206,0.0115715884998772,0.845470721889892,-0.188447147501381,0.916185118788338,1.48448551016121,2.0529276135865,3.07075228220863,5338.40087853766,1.0001463130424
"eps[8,4]",1.29324439938876,0.0109148514384901,0.814864149295716,-0.344072002267998,0.744346496209966,1.3004681709634,1.85595846400223,2.84000348853507,5573.5867389147,0.999977956312896
"eps[8,5]",-0.276010789192555,0.0107430568704128,0.821724483044436,-1.89865435832826,-0.821643768850621,-0.267507545803209,0.284025439301128,1.31007241246879,5850.55011998827,1.00044813116793
"eps[8,6]",0.62990104005866,0.0130038973171414,0.964382083118764,-1.28799089058269,-0.00937798985798325,0.631830052867547,1.28365415253008,2.49501613175593,5499.85453900073,0.999974830588802
"eps[8,7]",0.453775962222427,0.0112187916829628,0.97910501627596,-1.44875714313956,-0.204588641652452,0.448074595314569,1.11209752123911,2.3308477466019,7616.69181266377,1.00015360950266
"eps[8,8]",0.734412650452761,0.011172202279153,0.881285989088104,-1.03707373640747,0.145649628304702,0.739654855269415,1.32729638839167,2.43652081717903,6222.37456849287,1.00007256178438
"eps[8,9]",0.440986991380608,0.0102418676476441,0.858034234665267,-1.27657031448118,-0.128413565923766,0.446892463792645,1.01758049720278,2.12104113414557,7018.60681257089,1.00010466266702
"eps[8,10]",-0.0858203571282857,0.0105211502538031,0.990045771546907,-2.02169519703119,-0.753782598607682,-0.0824509632470156,0.599808311370871,1.82997710199477,8854.90896734254,0.999804877999166
"eps[8,11]",0.873797844072947,0.00946908916138589,0.882561778182954,-0.891908217981432,0.27736516220048,0.901564170853498,1.48122321746892,2.55663184405762,8687.07995102806,0.99989782025341
"eps[8,12]",0.0699107001116635,0.00935297758992765,0.872206663231644,-1.65289983334834,-0.514460046296862,0.0823545949575517,0.655278124643517,1.79136473985505,8696.39009614918,1.00002171459626
"eps[8,13]",-0.0961654281017485,0.00970936083992139,0.9134918121727,-1.88715353168838,-0.716467995908653,-0.0862004208612163,0.511648469561351,1.68782776721205,8851.72748382824,0.999960982122712
"eps[8,14]",0.27430171686688,0.00969823647756877,0.927440283706632,-1.56091410528471,-0.35386607136355,0.289354187096096,0.909508197266725,2.06047028406388,9145.05606465941,0.999698337233411
"eps[8,15]",0.787424401105906,0.00911115254385567,0.926570932921457,-1.0387728934571,0.177061191807903,0.800687047391524,1.39716921260459,2.61895498545112,10342.1470434075,0.999842797437852
"eps[8,16]",0.165700398408647,0.00867968332970638,0.925768540800999,-1.63913158574174,-0.457613049494853,0.177971755526316,0.773980828620242,1.94470260844571,11376.1962647225,0.999713142844354
"eps[8,17]",0.110661742487833,0.00920186455307281,0.978277102565705,-1.82996427268814,-0.55769337949239,0.110004086023112,0.775807393383652,2.01942119171949,11302.4372473929,1.00010435269686
"eps[9,1]",-0.667095116387764,0.00942143393457017,0.645264320730194,-1.86835537105163,-1.11317277738488,-0.692334281371733,-0.244730682189931,0.663119324611525,4690.73922434328,1.00015900976857
"eps[9,2]",0.637503410841298,0.00792310784649983,0.649877736739057,-0.686062493882272,0.213263389373137,0.649079688912745,1.07191873634742,1.90546536882678,6727.78623235744,0.999971216273857
"eps[9,3]",0.109006609776337,0.00750628560815685,0.682093266202374,-1.23501253961959,-0.350115662650075,0.0959149631386848,0.559401429361824,1.45793903579527,8257.28651645057,1.00047398969883
"eps[9,4]",0.186201646212914,0.00881591028538795,0.681012641978845,-1.07469857111234,-0.276170200377103,0.154804996626745,0.630364000161969,1.59760472594312,5967.27460816967,1.00049534534238
"eps[9,5]",-1.14949336269375,0.0083796836666148,0.716726276980897,-2.5609653092346,-1.62986647519037,-1.15995531520242,-0.684348737708396,0.287200440474449,7315.6244977102,1.00032021574353
"eps[9,6]",0.0926886292800981,0.00945140061578553,0.848164987764587,-1.53497428280769,-0.485268509331889,0.0745682854622383,0.665497677909632,1.77119348731863,8053.19727158636,0.999809063090221
"eps[9,7]",-0.0460819439956348,0.00788868630340256,0.724323602451534,-1.49023165839898,-0.52770722982802,-0.0472788943559634,0.43877155584922,1.37856813087497,8430.5498598916,0.999813710546377
"eps[9,8]",-0.316709566615729,0.00872494898661467,0.758468653897624,-1.77443646149727,-0.829013467988762,-0.321352199020398,0.185832089858665,1.18598120953303,7557.00102355531,1.00010593856139
"eps[9,9]",-0.51135568842957,0.00868224293541637,0.766065822643199,-2.01672107101879,-1.02441321727128,-0.519620769068466,0.0120424740821751,0.999559859597006,7785.17370503957,0.999720979950819
"eps[9,10]",-0.470347870273227,0.0078086319144058,0.74982530546212,-1.93830463049179,-0.975829003342955,-0.48115797629393,0.0213328646082312,1.02668879711878,9220.83569398104,1.00000067317304
"eps[9,11]",-0.860519718064945,0.0109616054029883,0.836213059727458,-2.46704136775789,-1.41767193394428,-0.888456774832794,-0.300569399726493,0.796305355164244,5819.4985380126,0.999880298553781
"eps[9,12]",-0.142819254946473,0.00852703393215815,0.837670893401705,-1.78229594377133,-0.707859688518029,-0.160151674535939,0.425132417774201,1.51258532007426,9650.52339950032,0.999662052091444
"eps[9,13]",-0.453889573598422,0.00859278779607202,0.842752670246494,-2.11971512007121,-1.02050207033482,-0.458399841453994,0.112059545561451,1.18252037859309,9619.04820043778,0.99973433559853
"eps[9,14]",-0.00227500368266964,0.0081792408103378,0.860167028700996,-1.70011786151168,-0.578725205290536,0.0013476113549345,0.566134369828848,1.66802743714468,11059.6044226311,0.999720316385948
"eps[9,15]",-0.0721521035075207,0.00855734751364768,0.875549639428438,-1.80827111749964,-0.652777529172872,-0.0757498655032691,0.519888962795996,1.64616985975903,10468.4699072756,1.00012696978976
"eps[9,16]",0.0189310261336734,0.00864599053859959,0.895471883853996,-1.71416309303829,-0.585610753184324,0.0146270270134898,0.627154492626814,1.77917151261983,10726.904071569,0.999827271087943
"eps[9,17]",0.185210454120681,0.00878830293341691,0.925815635730005,-1.65531199065497,-0.415210725042488,0.190547687329622,0.794324903249653,1.96535490553994,11097.8534343541,0.999683170389219
"eps[10,1]",0.328259550166214,0.00727340229315646,0.607886313486515,-0.886772228317245,-0.0683709415998195,0.338204618014138,0.735915226167697,1.47893456400573,6985.04989210873,1.00005373163217
"eps[10,2]",0.42813481585031,0.00692520092639722,0.621686200962188,-0.831042176386215,0.0279832061084205,0.440929916818384,0.842221360092374,1.62280629724856,8058.93584930132,1.00024650249312
"eps[10,3]",-0.420005639387303,0.00842851092900397,0.683387982864384,-1.71624921267999,-0.881419774486153,-0.428753022104414,0.0156451149461667,1.01436232007236,6574.04945202373,0.99995136645317
"eps[10,4]",1.3204815122372,0.00872310557365216,0.692197155136412,-0.0566099187398954,0.858763121892456,1.32503680538773,1.78364040538938,2.66718744463436,6296.76322185567,0.999895186964297
"eps[10,5]",-0.48259621280175,0.00754835732176256,0.686593237323091,-1.86516811586431,-0.939774542911858,-0.475355269192491,-0.0136284592862839,0.838283488986716,8273.5927908396,0.999781119570096
"eps[10,6]",0.36586898781771,0.00925150111208673,0.813408694833191,-1.20580164551473,-0.180100461707395,0.357915706237545,0.905336948142635,1.99124660384263,7730.24413846671,0.999814651971016
"eps[10,7]",-0.255823393202677,0.00760588792820479,0.71580083751792,-1.67153474380416,-0.73135152260042,-0.244192925778323,0.223164830231021,1.1478806755567,8856.95749942877,0.999819552221151
"eps[10,8]",0.192528661144832,0.00764147781166422,0.73196255054987,-1.28091963561918,-0.299046596818903,0.206164484036281,0.685103733848687,1.5783075052392,9175.35783970317,0.999916450671529
"eps[10,9]",0.0199969683542584,0.00777970977439894,0.735192891442987,-1.42220724105291,-0.473896155296429,0.0307716058012113,0.509219050091581,1.43156494287522,8930.50066111882,0.999972231265898
"eps[10,10]",-0.11079462305471,0.00724140699182728,0.732794313850714,-1.55055739305477,-0.595183222533155,-0.107029065404827,0.370970840950733,1.33089419204287,10240.4317509569,1.00009987832906
"eps[10,11]",-0.269771724540185,0.0081265538453144,0.799342076790942,-1.80299450359961,-0.812207849340748,-0.288328250677015,0.267187807380729,1.32149743815251,9675.03432534304,0.999740353890052
"eps[10,12]",0.227819148209497,0.00854207961996648,0.79209972755001,-1.33543684218019,-0.30248533654553,0.231766052410309,0.758499086756918,1.77055965951138,8598.69406904435,1.00049393109969
"eps[10,13]",-0.380922601447431,0.00871687446687398,0.829034751163868,-1.98921579833623,-0.945311319610543,-0.383312499834045,0.177063901748309,1.2577623686026,9045.31900014114,0.999723309353435
"eps[10,14]",-0.132043212097003,0.00838213198626446,0.853401252556498,-1.76433024218067,-0.717068165284189,-0.131727249044072,0.429363073225563,1.56621929380824,10365.6743744584,0.999850312699646
"eps[10,15]",0.0232184432354835,0.00874036314061424,0.87896120645821,-1.66902136308138,-0.57699154804315,0.016783035225728,0.618484516772915,1.75399808195518,10113.0105774822,1.00044669938627
"eps[10,16]",-0.365439912143874,0.00858842152538378,0.896592029595313,-2.12078561962346,-0.963288486053746,-0.370837195747846,0.22888114651683,1.41726910370553,10898.4075414403,0.999797554270526
"eps[10,17]",-0.261500731596989,0.00889419216750223,0.904476626765489,-2.01855031938718,-0.875919648415471,-0.272418398202854,0.344166260022169,1.52757958770484,10341.4557912386,0.999647946858284
"eps[11,1]",-1.38703842609474,0.00804813661339433,0.65710781315199,-2.63498312059022,-1.83359430186316,-1.39994469617367,-0.96220076576471,-0.0581084378925355,6666.26513495982,1.00008333299629
"eps[11,2]",-0.96775488829587,0.00779307888993256,0.646296007997092,-2.18155440302637,-1.40810589322987,-0.984633162570244,-0.543251191211843,0.359814604464548,6877.72491386653,1.00035310532389
"eps[11,3]",-0.269039258710876,0.00783839827461724,0.675563877509986,-1.59917434227416,-0.728140404323497,-0.274659143418985,0.188312368083761,1.08071045873188,7428.10760592902,0.999745778568796
"eps[11,4]",-0.0307262958934758,0.00764230480329031,0.683832560336557,-1.37174551219735,-0.482311633619399,-0.0338014254385274,0.420801218244514,1.33388840516519,8006.64994613973,0.999738149523854
"eps[11,5]",0.193997630229828,0.00789751784538041,0.70719057144391,-1.2064275935783,-0.275358243937173,0.200064703653672,0.663785698531095,1.56619856832443,8018.47338199681,0.999865707267601
"eps[11,6]",-0.117282794920115,0.00828760751858339,0.734513265200421,-1.55023824705006,-0.616359444807866,-0.122500974391612,0.383728204599185,1.33023783184526,7854.90497504228,1.00009445784887
"eps[11,7]",-0.796038784880211,0.00807546515972624,0.734061495246349,-2.19938946526318,-1.29724632253997,-0.800097666113966,-0.320547219064767,0.67710455046819,8262.84854679179,1.00056498646188
"eps[11,8]",-0.495231050841812,0.00839035606105314,0.748440559848079,-1.96432058293841,-0.986965484750621,-0.498339851389467,0.00631665490931514,0.977506078402595,7957.08224931513,0.999773692763589
"eps[11,9]",0.0711135096043342,0.0100411060632174,0.761458295375425,-1.46932104221291,-0.420670543902322,0.0823073121588256,0.567029960607637,1.53760500382659,5750.81153947433,0.999909573489297
"eps[11,10]",0.267236851167974,0.00792956323863324,0.746445265293337,-1.20332450487918,-0.234330466984443,0.272904637135631,0.762505528846311,1.75349304522225,8861.29921365394,0.9998460336896
"eps[11,11]",0.119265295283913,0.00881689613456293,0.802808022317642,-1.49076927368494,-0.41409522423925,0.130786528058976,0.660682353075398,1.66590483883731,8290.71446012392,1.00035805329878
"eps[11,12]",0.0270318752505621,0.00945581166869102,0.851245016341026,-1.65262786978891,-0.530400010954616,0.0488145393158378,0.605781807111681,1.6753114913525,8104.22587932522,1.00019443548226
"eps[11,13]",-0.0742988859967936,0.0089742032185657,0.850367178242644,-1.72058696317255,-0.661235615854899,-0.060919179813788,0.506236684351461,1.57387829741406,8978.85956586259,0.999705712025771
"eps[11,14]",-0.214824795642755,0.00953090766800826,0.892168300917093,-1.96648233584888,-0.814518529044137,-0.222552060088045,0.373262944219971,1.55257509279904,8762.43990532935,0.99968616983876
"eps[11,15]",-0.260535695362812,0.00908382242676727,0.909027141413636,-2.05491604271159,-0.86469940497008,-0.266671318741985,0.335686452158771,1.52037879490643,10014.2038808546,0.999909445689935
"eps[11,16]",-0.0194368250367733,0.00976204337792239,0.927673461880279,-1.81988844265688,-0.648660854324495,-0.0198867406885605,0.59565579809186,1.81109127535826,9030.43767088959,1.00006276822987
"eps[11,17]",-0.696754340755576,0.0100773898886857,0.960217647477618,-2.49711061456,-1.37757499865942,-0.712611967132025,-0.0564355905248911,1.21945627370218,9079.10928828943,0.999807461679633
"eps[12,1]",0.064170597098596,0.0113666435021019,0.66209348188189,-1.31211644012898,-0.354188392829515,0.0917111492274631,0.522194281037806,1.26202354371069,3392.92411434356,1.00028656120544
"eps[12,2]",-0.62233115554376,0.00736671694380792,0.628205274584043,-1.87059952881979,-1.02885209951143,-0.612492599543913,-0.208043455484243,0.614100691968685,7272.02211712662,1.00014067700242
"eps[12,3]",0.719848250047294,0.0107327690748477,0.72367372669384,-0.724544036909908,0.240852181408611,0.743652663893505,1.21297036384833,2.06980261693303,4546.34135406923,1.00063732983588
"eps[12,4]",-0.801044277796942,0.00864007680243442,0.696115103253453,-2.15658102248439,-1.26296370344853,-0.810906468603035,-0.340833513364313,0.61880993035422,6491.22864865594,1.00008051877238
"eps[12,5]",0.534728962255411,0.00867736296138341,0.710595331928699,-0.904432478719739,0.0761960712352754,0.54817925593891,1.01171008588994,1.90329099071091,6706.08683835132,1.00049751027774
"eps[12,6]",-0.2782436002871,0.00783302554391918,0.722752769094248,-1.66777549808444,-0.76266146231352,-0.280873393440449,0.193509436185641,1.18185503701986,8513.74117120537,0.999864874334991
"eps[12,7]",-0.525163097720751,0.00789473148649571,0.7132979406067,-1.91417353253255,-1.00967447438023,-0.527364875830554,-0.0501978463517773,0.909636719044994,8163.3273733435,0.999912629536738
"eps[12,8]",-0.240125641755548,0.00800793273823512,0.741209576329262,-1.73204286205645,-0.731565662247784,-0.226808087041219,0.252598586678267,1.20919022491655,8567.2454604619,1.00000499381009
"eps[12,9]",-1.03929456665445,0.00806855561293608,0.763636555627061,-2.53923523889139,-1.54490690992966,-1.04175946098104,-0.54284905318371,0.440101186550808,8957.39707685953,0.999798033174867
"eps[12,10]",0.327813960523514,0.00780577411988221,0.749149229964985,-1.13157511889294,-0.16183131786177,0.319509190452077,0.809360453842325,1.85623291654903,9210.95616508266,0.999852784513293
"eps[12,11]",-0.206897424019528,0.00864938500828424,0.789041177491787,-1.72832078420586,-0.749450982815103,-0.218193993560589,0.327575731592146,1.37047255916882,8322.02235416165,0.999797683467603
"eps[12,12]",-0.614007915779673,0.00828218080353902,0.838011752729294,-2.24605706726334,-1.17352403787939,-0.619574494835391,-0.054488746209859,1.05774187752447,10237.898149268,0.999793418557683
"eps[12,13]",-0.277031031930871,0.00822862549527777,0.841899638983334,-1.93610170334703,-0.851573364835409,-0.27927415879724,0.287764318467402,1.38666429731804,10468.05636981,0.999764214540788
"eps[12,14]",-0.232561067201235,0.00865536808912129,0.872041463289931,-1.93365304687038,-0.807443521289027,-0.224745489912722,0.345989265164796,1.47496040585106,10150.868133977,0.999639872033841
"eps[12,15]",-0.0201467401947368,0.00828456666029614,0.877721192703267,-1.75914171374881,-0.598952515786468,-0.0167522183548012,0.570191279051584,1.67524426245586,11224.6698404424,0.999730125194817
"eps[12,16]",-0.095611094158852,0.00813620666491761,0.882418721016012,-1.78926322445173,-0.691356697170829,-0.106930736067034,0.484638134844533,1.64415361370338,11762.6583730365,0.99986134869075
"eps[12,17]",-0.249494171214001,0.00860202834357452,0.925787492083582,-2.06305827838644,-0.87388753193873,-0.249948286495402,0.375111172469856,1.56740198518568,11582.9952810467,0.999791053443336
"eps[13,1]",-1.56069160792528,0.0091175231155846,0.669098879503331,-2.82296311593339,-2.00660304163408,-1.58998275839807,-1.1330012919807,-0.182282959711354,5385.51027838002,1.0000644542498
"eps[13,2]",-1.11981968892293,0.00927831509137537,0.680864858396235,-2.46398465943313,-1.5781363704314,-1.11920111622537,-0.673176736703733,0.266931626195449,5384.97392542665,1.00007734060696
"eps[13,3]",-0.133931699317716,0.0103088561826052,0.748127369930408,-1.61842910691969,-0.629390294504469,-0.130127427034462,0.360682995520304,1.34762374447872,5266.5974589876,0.999931044574704
"eps[13,4]",-0.617345808601437,0.00997952762080548,0.75137403051349,-2.06890795960475,-1.12811049744871,-0.614726917596555,-0.123968943620892,0.892182970960797,5668.8164100796,0.999852033425268
"eps[13,5]",-0.286120015623794,0.0108958224573582,0.793942561361912,-1.83455610180945,-0.807848457456287,-0.289147863352122,0.236686313882118,1.27090616552493,5309.5551009534,1.00181798488552
"eps[13,6]",-0.765286274478003,0.0105951353737158,0.806685593076104,-2.30664888552885,-1.31475576292378,-0.783806295629634,-0.238995735228392,0.883588937049749,5796.89696802541,1.00069746267162
"eps[13,7]",-0.153217422662504,0.00971795567739052,0.76561352131527,-1.67411866888134,-0.665921531495156,-0.151533764006168,0.36431418445689,1.34570597445272,6206.82301302749,1.00011768430855
"eps[13,8]",-0.0402280497878979,0.0107850639425331,0.822844783464623,-1.65591511710327,-0.594884980285993,-0.041575087099377,0.517250080638276,1.57959611080172,5820.90339697484,1.00046418582172
"eps[13,9]",-1.4125501230016,0.0112873445563051,0.839287373406431,-3.02722675021162,-1.98888156874445,-1.42708369106011,-0.853976305033461,0.289234587817198,5528.88827414313,1.00005414793436
"eps[13,10]",0.646711422941246,0.00916070293585137,0.80356330907694,-0.906290239119346,0.106234023922012,0.648769069127524,1.19468233390469,2.21393830123479,7694.53885410735,0.999931292583351
"eps[13,11]",-0.594452330142525,0.0104634975725552,0.864940483685125,-2.25901829635044,-1.17380345816054,-0.609008287641062,-0.00948272006142414,1.14664037987784,6833.11443292394,1.00042836815161
"eps[13,12]",-0.653775080279983,0.010300442811701,0.889171807437182,-2.35743626238581,-1.26643262086924,-0.666346357809281,-0.0492671386752055,1.11589961768576,7451.77233670546,1.00009976367662
"eps[13,13]",-0.0750027815475505,0.00977949687258312,0.900857566387791,-1.81065144553592,-0.688722313304873,-0.0685782786499472,0.534169585967369,1.68142132896847,8485.53515148599,0.99991657261274
"eps[13,14]",-0.800122871478099,0.0101003914318286,0.905256144102746,-2.52992793686649,-1.41026310473173,-0.81692353448509,-0.206498783385555,0.999460012832979,8032.79257458221,1.00043555860893
"eps[13,15]",0.448326743495424,0.00906938883256167,0.91780424784525,-1.34467497764964,-0.168879557054252,0.458634974839847,1.05750894308681,2.25265707737101,10241.0404878,0.999742451257157
"eps[13,16]",-0.254119927810369,0.00855345207284889,0.900484533811069,-1.99815371164694,-0.85011988370928,-0.246022814313369,0.33374889348809,1.51383171477373,11083.3146684495,0.999918912888802
"eps[13,17]",0.178372194332675,0.00881896530633067,0.914206697915064,-1.62032644139661,-0.429679822389368,0.18022567394625,0.787765435050296,1.99535494418659,10746.165614936,1.00002085425508
"eps[14,1]",0.541667913453374,0.0079979615517226,0.653767944650344,-0.750505861174684,0.109035180036328,0.550370519267832,0.970747650210211,1.84033072313216,6681.72536426398,0.99988298730132
"eps[14,2]",0.548884164769434,0.00879176809558039,0.675691823951067,-0.780591836671629,0.101687431050177,0.539374230711761,0.985294687788141,1.8797435060966,5906.69953881118,0.999994977116266
"eps[14,3]",-0.560553288565332,0.0106055076712749,0.764499246174611,-2.06985149857129,-1.07002412450131,-0.564238386400351,-0.0726807730201129,1.01588843535021,5196.26388690665,1.00089301331388
"eps[14,4]",-0.161554629355875,0.0102356316805414,0.746437700525048,-1.66932652886894,-0.639794400139044,-0.169280372899741,0.344810384514837,1.27487310173636,5318.11633010425,0.999897123952447
"eps[14,5]",0.0169901454146454,0.0107638300660811,0.79807641736116,-1.53433234138331,-0.510342607635604,0.000564048221963844,0.541267893393954,1.62616069399524,5497.37407857676,1.00004123749484
"eps[14,6]",0.666865007988562,0.0117037180665057,0.830890854443962,-1.00432807122349,0.121999539957692,0.674359800960655,1.22499519299329,2.2613211803904,5040.11278121351,1.00016084250288
"eps[14,7]",1.35317637994969,0.0120328698645918,0.847088709877674,-0.369303466737994,0.792837466878078,1.37162823595452,1.93370312196714,2.96895595029252,4955.86362746883,1.00011540947061
"eps[14,8]",0.640182631847349,0.0124526813727121,0.867260565080184,-1.10166271153436,0.057057234705931,0.660178031715458,1.24318774542732,2.26964317490288,4850.35411204361,0.999690983859387
"eps[14,9]",1.33955791825896,0.0139120748867403,0.88080882992494,-0.446297850003811,0.764516635187697,1.36285745808794,1.95063738754863,2.98799742633255,4008.47801410423,1.00001524561534
"eps[14,10]",1.94164526530578,0.00986285993330161,0.844944302404616,0.256144010216385,1.38284471777018,1.96073635222928,2.5182417714366,3.55120917546726,7339.22889162261,0.999946175616851
"eps[14,11]",-0.16048834517933,0.0101553378167085,0.87150322293818,-1.87976816107071,-0.744327345525522,-0.155403940939949,0.434167207546924,1.54266168095143,7364.60138943081,1.00089946541009
"eps[14,12]",-0.226511030245625,0.0102106280759354,0.899562301895079,-1.96015879803766,-0.840119236599688,-0.223588573560937,0.381543721068621,1.56489436805291,7761.71299429884,0.999879689686889
"eps[14,13]",-0.53152269704091,0.0110712623834887,0.925714338204556,-2.35299941964388,-1.15693944753382,-0.547595692423492,0.0967541173283805,1.26952608184237,6991.32826409564,0.999823119832651
"eps[14,14]",0.506982810584316,0.00935792582668353,0.919702156717822,-1.36379508564337,-0.111013340819368,0.528226451846046,1.13065346931,2.29586337583051,9659.06776044237,0.999839798560435
"eps[14,15]",0.282982611127095,0.00924841482967994,0.924511725293043,-1.53163690850436,-0.346195439739035,0.282465704610743,0.917919561556946,2.08988446782053,9992.87015358843,0.999880309773607
"eps[14,16]",0.288544965202304,0.00905077858520017,0.935424875231745,-1.56999871695752,-0.335323971964377,0.302225358645396,0.909350293346244,2.11262554342165,10681.8370390513,1.00017532145602
"eps[14,17]",-0.495631776183877,0.00893074213466374,0.944559720090689,-2.33616562398977,-1.12639175236712,-0.489250426223997,0.130996124011497,1.39752616322363,11186.22997196,0.999692961573224
"eps[15,1]",1.59383104237369,0.00965013379154557,0.699173094235913,0.164965782255891,1.15039552787048,1.6120135823385,2.05939679606364,2.93665097077748,5249.31634080304,1.00008382110678
"eps[15,2]",1.15976324031802,0.00957074614591969,0.722060915427956,-0.286526699132797,0.682651877995605,1.1809928801577,1.64368204644767,2.54944017105142,5691.88452781186,1.00072098706482
"eps[15,3]",-0.143536182297325,0.0103958043323363,0.782403650233928,-1.73014038700588,-0.66393157346265,-0.126306111098977,0.384657338244148,1.38521494696366,5664.29081184064,1.00003999556978
"eps[15,4]",0.59215098043879,0.0105064881862751,0.779614584961896,-1.00416140167656,0.0958428246987357,0.621046913850438,1.11505558981628,2.07648355323182,5506.10840363389,0.999744076810361
"eps[15,5]",0.941166614822389,0.0108314950581256,0.813571612236857,-0.678360913119323,0.405566428236136,0.960320851092591,1.48532541260405,2.51174672062437,5641.76199691345,1.00085953397805
"eps[15,6]",1.02416511477199,0.0108514977890946,0.841057997527606,-0.65333946187011,0.479892236858797,1.04144198877176,1.58835781771141,2.6357758836457,6007.20588997538,1.00008355042296
"eps[15,7]",0.898304472987147,0.0115032240666901,0.8291500021448,-0.767680803109417,0.349860576696627,0.917852820318459,1.4541741517444,2.50073725493967,5195.49646599931,1.00013022503892
"eps[15,8]",-0.348369778765617,0.0125485347750686,0.880334451438412,-2.04479141410496,-0.939525496930267,-0.342790336581878,0.245773584677533,1.3607769729502,4921.6345105192,1.00066250971793
"eps[15,9]",0.651980866589253,0.0113777027327048,0.869573712436687,-1.10363057371631,0.0765325379375708,0.655755158404053,1.23183232138015,2.35072240418478,5841.22102005428,1.00028222979476
"eps[15,10]",1.2865382445987,0.0103149525624485,0.854392413088175,-0.399080109876185,0.713091871674784,1.29018495406199,1.8646195161752,2.92718345740118,6860.88747209751,0.999697681061095
"eps[15,11]",0.881771559765935,0.0108558730716892,0.927646603141501,-1.00813568091254,0.275249887708975,0.90549491397889,1.50148694941695,2.67028544013306,7301.8953353637,0.999792319961597
"eps[15,12]",0.639402301418642,0.0131034992815259,0.949693404528341,-1.22363327125817,0.00212519983989418,0.646616595377361,1.28795354845904,2.48739541877841,5252.8169328736,0.999865157448119
"eps[15,13]",1.22380792281037,0.0107027191464565,0.939589208939627,-0.668993153143203,0.599211847332835,1.23942111628528,1.86023493130979,3.02878337176814,7707.04300627149,0.999860530007098
"eps[15,14]",-0.209037859114097,0.00948516023365663,0.915648486238233,-1.99881232118719,-0.827216036317836,-0.200413599475074,0.401491548702805,1.6222450701453,9318.97656952863,0.999775798724933
"eps[15,15]",0.182925860309816,0.00871060416906919,0.921296679628391,-1.63759345309881,-0.426801094993305,0.192835628108616,0.796267949358887,2.01167634802659,11186.7119211972,1.00005397286692
"eps[15,16]",0.177802929745944,0.00928724365932322,0.922914677063216,-1.6232633844617,-0.435876303816306,0.180656839375302,0.795431284386252,1.98826458806288,9875.2801657941,0.999943306360036
"eps[15,17]",-0.488054263639922,0.0087542245745488,0.935286958648785,-2.34620867639587,-1.11224087557458,-0.49756253070996,0.126475889054627,1.38377322264965,11414.4342407582,1.00057483200619
"eps[16,1]",-0.463217667382307,0.00742064806183253,0.629122952823381,-1.69108635972717,-0.882371105797246,-0.466361761296417,-0.0510730517327586,0.800498731380138,7187.65777162998,1.00003806020925
"eps[16,2]",0.442581487176761,0.00734609426551633,0.642314692154608,-0.809903790884854,0.0221052505170809,0.446604454491094,0.86464684036361,1.71677205702397,7645.09203975907,1.0003347445344
"eps[16,3]",-0.475246481858918,0.00866408657389659,0.706923455550546,-1.88050916502238,-0.940433223526329,-0.461647359345214,-0.0229317757141836,0.917716394063218,6657.31668991434,0.999783672732054
"eps[16,4]",-0.675331430098908,0.00933326876846222,0.701738523047385,-2.00101791475752,-1.14338011053973,-0.696112791941522,-0.221303435354916,0.765986609319742,5653.05345719725,0.999716066646397
"eps[16,5]",0.353298471266196,0.00876184597617425,0.730244674830957,-1.06249917708922,-0.137879210398158,0.339650436510728,0.839450391338616,1.80647929130514,6946.17256457239,1.00013921674905
"eps[16,6]",-0.587804435729519,0.0106665247927614,0.775022181437697,-2.04689116027179,-1.12021063523404,-0.59697183347029,-0.0765858168008184,0.963975222068914,5279.37328471315,1.00034318375034
"eps[16,7]",-0.844168281140797,0.0118413692304892,0.769863203733006,-2.26277946849986,-1.38225784014831,-0.867855501332164,-0.34103407093213,0.722158675345644,4226.91270536428,1.0004112509106
"eps[16,8]",-0.543665420237776,0.0102098214671447,0.775220697985958,-2.05338552999794,-1.06220261586227,-0.564758211868415,-0.0343959126494323,1.01195783051867,5765.2006037102,0.999920553045221
"eps[16,9]",0.521949437489755,0.00958557345074514,0.787966162823509,-1.0383762958735,-0.00567699285336187,0.510632144533576,1.04874599064187,2.06700429164218,6757.38926764076,1.00058309341027
"eps[16,10]",0.53357283690665,0.00873094434941889,0.798668104622028,-1.04291614593677,0.00478185662824682,0.536064198848467,1.07476291488775,2.11250615384824,8367.77977314998,1.00015646261285
"eps[16,11]",0.646739350164384,0.0102808630562259,0.842030997695155,-0.981868002489827,0.087138380576588,0.639861901101242,1.23011957176991,2.25311657899704,6708.06111108601,0.999825687404277
"eps[16,12]",-0.647207887754529,0.00974217215521633,0.874332915405525,-2.32919561404331,-1.23258917135851,-0.666840313139294,-0.0632869716195986,1.12784384383802,8054.56437682387,0.999983288277493
"eps[16,13]",0.670214539822618,0.009544204083936,0.868560014610651,-1.08961111306012,0.0965565714974768,0.682159205726093,1.24451102671342,2.35333151820469,8281.71402160132,1.00002289501378
"eps[16,14]",0.211682393757863,0.00930838758597897,0.895599923866069,-1.56286760997989,-0.399608332236982,0.210152480749184,0.831038412544124,1.94775528046982,9257.19003921341,1.00024463516117
"eps[16,15]",-0.652368703880918,0.00869410256894155,0.8801588686255,-2.35896291560646,-1.24090917396206,-0.660611903395659,-0.0676212715624517,1.09056197144408,10248.7905971246,1.00014198017723
"eps[16,16]",0.439589982468426,0.00855028256603767,0.916203629090519,-1.34751206176414,-0.181710172949066,0.45013749947517,1.06159111900317,2.23180641459168,11482.1464203946,0.999974053907545
"eps[16,17]",0.0909886444484436,0.00827097866413214,0.930758230908282,-1.73951265891061,-0.531049408919507,0.0929803011488389,0.725197743592658,1.89290136883579,12663.6812291909,0.999700927675605
"eps[17,1]",-0.405377635458288,0.00749622431877697,0.630681659273771,-1.65714086107255,-0.827898185745807,-0.399567721552999,0.00818551538291865,0.86170005033433,7078.4025121433,0.999683796671494
"eps[17,2]",0.232133645766529,0.00808710461969035,0.650303318224481,-0.993952153112173,-0.202281837149641,0.215298627644249,0.65243000208081,1.55578013453756,6466.15062749866,1.00090119782753
"eps[17,3]",-0.332318900245691,0.00841861559549425,0.698736965875635,-1.69181828715731,-0.80335114468912,-0.346326037827778,0.11805195349323,1.10284592673425,6888.83972049792,0.999916512779682
"eps[17,4]",0.0859258655068216,0.00827995890544003,0.673536541523739,-1.26105220152837,-0.355218197855569,0.0971805676719171,0.535899544680444,1.38612452577796,6617.07355840582,1.00034563427552
"eps[17,5]",0.535542267683265,0.0099114408365961,0.731612409739743,-0.947537368434247,0.056701333522675,0.553959519192667,1.02359061779797,1.92850288001139,5448.64535339382,1.0006926960179
"eps[17,6]",0.206076980282002,0.00965928929080172,0.734709772612322,-1.25751227062962,-0.282382081700101,0.213207980211262,0.713020863740843,1.61536576470721,5785.50518083507,1.00046851950052
"eps[17,7]",-0.765191906071303,0.00893084959385091,0.745788343822319,-2.21149157989408,-1.26638063268479,-0.7824509800892,-0.282163952817927,0.724071132543878,6973.41693185703,0.999628167881663
"eps[17,8]",0.683363792712283,0.00948407131436676,0.749071202230058,-0.812799282191084,0.196013233529878,0.689001930486213,1.18485231525474,2.115150136125,6238.16101556208,1.00017815711308
"eps[17,9]",0.767878381832839,0.00859584798112823,0.770948566804623,-0.770607914846731,0.267215349889438,0.770357819762499,1.28070333030469,2.24272654462832,8044.02400952335,1.00025379244779
"eps[17,10]",-0.66785323094128,0.00996311344609514,0.777804207995864,-2.18086591936284,-1.18971849499252,-0.676192714433377,-0.147649637338965,0.886650959154432,6094.67323309731,1.00008245234905
"eps[17,11]",-0.0403081072054323,0.00927334354141007,0.828288962753853,-1.67717221819941,-0.588163406771433,-0.0482845090968936,0.515147982707405,1.56812209427296,7977.94523086133,1.0001616667057
"eps[17,12]",-0.338568352863213,0.0102882390121365,0.8623576131649,-2.01554488585881,-0.921022862616127,-0.352713138199486,0.232135041729238,1.34710664244111,7025.75034711876,1.00024316850711
"eps[17,13]",0.197451649164058,0.0102111396592692,0.883171310724415,-1.5391544532352,-0.388963994099406,0.205479927319094,0.794120417578533,1.90677367176121,7480.68682070995,0.999979290929647
"eps[17,14]",0.921749722362781,0.0105147841312915,0.897724318800898,-0.867804291007415,0.329398519837941,0.929936283857609,1.53609178005369,2.63434754009006,7289.29049397739,0.999913028085205
"eps[17,15]",-0.365710140769207,0.00864505032418938,0.88867483141071,-2.13251120148759,-0.951693493429161,-0.359200187773422,0.217663301282645,1.39722357317202,10566.9757198782,0.999898422191016
"eps[17,16]",0.25259545484952,0.00903276203045074,0.908031473430982,-1.52083797317233,-0.34769137955599,0.251357986384745,0.864230860277646,2.02468654188061,10105.5665445132,0.999801834959937
"eps[17,17]",0.177312837976676,0.00836375728721134,0.923473266744367,-1.61526727994916,-0.444578536721203,0.173341810675198,0.812568550517041,1.98395789578953,12191.1819466403,0.999562432930353
"eps[18,1]",-0.0323228843299357,0.00765847946538221,0.640967102200611,-1.30475513425435,-0.450633753207165,-0.0298755850700959,0.398001989130744,1.22127934447555,7004.648956917,1.00018367704643
"eps[18,2]",0.98239075041288,0.00942674673262811,0.672219824866565,-0.339108976165308,0.534405145246005,0.98917732810135,1.44004963503564,2.27165566637714,5085.09363851653,1.00110817078703
"eps[18,3]",0.877582549342671,0.00925118434119336,0.72265642189512,-0.584592442290799,0.40843610170456,0.892507014015598,1.35752391689377,2.25929497411739,6101.95587774669,0.999815090000066
"eps[18,4]",-0.170775716740528,0.0079080521406069,0.686571154359007,-1.49955549599534,-0.636790613184473,-0.175367701698041,0.281998636460205,1.17797631899154,7537.58213873824,1.00028780876462
"eps[18,5]",-0.831232062385028,0.0088962003763736,0.735795692392436,-2.25149085139001,-1.32181748682115,-0.847978768487238,-0.354431260260688,0.648263956902236,6840.77599344509,1.00105336406441
"eps[18,6]",-0.552361141765398,0.00890131716633133,0.742694244988577,-2.00482270611901,-1.04792139913243,-0.554606872014272,-0.0520462921505519,0.928895114369503,6961.64006951659,0.99983628179186
"eps[18,7]",0.0870704681242605,0.0086221710885119,0.742880032969154,-1.35892892695793,-0.403753851803173,0.095794179469373,0.582151936737844,1.53547977695017,7423.42112933186,1.00024507155113
"eps[18,8]",0.672243452791092,0.00866509899154896,0.769908454183878,-0.868868999694027,0.161422948228333,0.682439439074738,1.19857043642307,2.16177344722144,7894.61799172062,1.00030525233003
"eps[18,9]",0.503313929244942,0.00928535925403619,0.78045768437945,-1.05289904998556,-0.0111637933361141,0.514075566764999,1.02617986838616,2.03081384372562,7064.8232211609,0.999794016004898
"eps[18,10]",-0.726310458041229,0.00940221613311597,0.858261800461957,-2.36904929815945,-1.3096209928429,-0.737566170723928,-0.144808982820609,0.982182773302136,8332.57259750436,0.999677510414884
"eps[18,11]",-0.0217481325274258,0.00877141920707645,0.797744881424864,-1.5985962380934,-0.55173249577871,-0.0253838954476649,0.496044563672603,1.57396159697461,8271.57701380536,0.999763190101293
"eps[18,12]",-0.137152973777171,0.00944241078195653,0.84919399991523,-1.80385491025371,-0.706737182971026,-0.142957567363692,0.433247888128849,1.52059296215218,8088.12871155705,1.00014225053925
"eps[18,13]",-0.121198888307771,0.0100998244096281,0.86809859112802,-1.84353850942954,-0.713884392897905,-0.125904363068613,0.469435671154204,1.5656264812314,7387.72049196129,1.00073991472169
"eps[18,14]",-0.61784559780924,0.0115641026725316,0.914079768945553,-2.40101820296083,-1.25244298489284,-0.638489076171457,-0.00180329922852648,1.16713749462253,6248.04740618391,1.0003776988887
"eps[18,15]",0.0640983696861192,0.00918982690154766,0.913855628045478,-1.72957622977029,-0.554006207311755,0.0796272535235168,0.665281146895911,1.86501853314271,9888.73000409243,0.99989733679784
"eps[18,16]",-0.502612360632725,0.00992111753745405,0.917877119431106,-2.28615668853178,-1.12269193209728,-0.51192671203908,0.106306300827372,1.30375520529171,8559.49018718282,0.999587698640971
"eps[18,17]",0.148173234996493,0.00885144612977172,0.926413653470388,-1.71830885312739,-0.466552737603507,0.1505795529972,0.763756751335441,1.96186142071318,10954.2193467482,0.999911831707808
"eps[19,1]",-0.162625972402111,0.00713954516698067,0.622798463986104,-1.39251166899718,-0.569248450297065,-0.162876627563256,0.239536581720213,1.08200678728595,7609.46238780876,1.00009033954642
"eps[19,2]",-0.177078975400039,0.00870688578117565,0.639355577649646,-1.37093427883399,-0.627548128430727,-0.195576605326444,0.248152345009837,1.12907603219335,5392.11594160699,1.00028026627769
"eps[19,3]",0.17539231708901,0.00733301887980515,0.679572429480029,-1.14688928885339,-0.273995423927216,0.167318151965583,0.62523106132873,1.52102672308573,8588.27408154729,1.00028449231131
"eps[19,4]",0.327821925349067,0.00776952107611467,0.672377126843896,-1.03634882617138,-0.114172228310703,0.345405114032792,0.770993424426916,1.61889899948111,7489.23337181935,1.00034843304909
"eps[19,5]",-0.566660484952828,0.00765949943927666,0.692439570442529,-1.91273047351235,-1.02375439391713,-0.568163001468982,-0.11441306528038,0.805836283605678,8172.65148345524,0.999852886193127
"eps[19,6]",-0.597891835078204,0.00879378644582966,0.744816391649139,-2.03338173793204,-1.09976367766648,-0.614676397281708,-0.0933449824242915,0.874054572744975,7173.75635227455,0.999863398692338
"eps[19,7]",0.790268287070322,0.00945477861226231,0.738693251503827,-0.729639025970941,0.303517869075844,0.813499847420065,1.29441625420119,2.16536045934332,6104.15474350114,1.00017848953689
"eps[19,8]",0.516292600975046,0.0083812717897622,0.739403836041052,-0.961294133502723,0.0323907449247113,0.524379413978124,1.01306299629032,1.95934751312173,7782.9376302175,1.00021521715024
"eps[19,9]",0.262576854652213,0.00864176286509184,0.764027023869499,-1.24817495938837,-0.251421836938517,0.253078290721565,0.773973322805006,1.77354615117403,7816.50752376103,0.999835110594795
"eps[19,10]",-0.747954619113155,0.00909490038076977,0.845221166096187,-2.35885636650219,-1.3223568367252,-0.748269379865472,-0.184644227241051,0.901570839343734,8636.64035886525,0.999924466918025
"eps[19,11]",0.00390127813609275,0.00849575081986454,0.81326880502446,-1.61514734761703,-0.541054472336795,0.00387008792397853,0.549125795531646,1.58235915387842,9163.56988204432,0.999678305160821
"eps[19,12]",0.5689604510789,0.0101270922369453,0.847136424270103,-1.13143790270122,0.0101457971563114,0.578776852912927,1.13474855548362,2.19253155547833,6997.40772137355,1.00003508215732
"eps[19,13]",0.0692767347503529,0.00901764243755031,0.856953415862831,-1.6101262934891,-0.519108786148758,0.074902981462368,0.636428672721029,1.78323092883096,9030.84538019893,0.999909606278772
"eps[19,14]",0.240957254406947,0.0092534982693418,0.867369235542596,-1.4937254399567,-0.331735040267399,0.25215882616443,0.823588367512106,1.96595563841253,8786.09980524365,1.00039550533133
"eps[19,15]",-0.158278911392536,0.00931480425575869,0.906400196317317,-1.90925839160358,-0.774349592062429,-0.161400608611708,0.468616760196449,1.62906212796764,9468.74707415325,0.999619492308782
"eps[19,16]",0.738453536586448,0.0106346928602514,0.92776165409254,-1.11023726292626,0.12241695589514,0.748977207543297,1.36028264536838,2.54208732194333,7610.6707439307,0.999630511308076
"eps[19,17]",0.177529608638989,0.00888418883376293,0.90809119451448,-1.58913424971151,-0.450480126585041,0.178614489891514,0.798650261433032,1.95023088890294,10447.7643165104,1.00004714093393
"eps[20,1]",0.0868982790476339,0.00630317128260694,0.603016344645118,-1.12706056867363,-0.296360358253042,0.0963738599450195,0.481352154626584,1.26933026516173,9152.50447508553,1.00023897710614
"eps[20,2]",0.172665715164168,0.00632580454632528,0.597982312191124,-1.00671496893931,-0.232916653562931,0.16826173184157,0.575271174069735,1.36822262223213,8936.04070068972,1.00001041291174
"eps[20,3]",-0.1710836988251,0.00668341094702232,0.63780060365693,-1.40324820540758,-0.605718845149921,-0.181244766034175,0.250223798470189,1.09032886340606,9106.96191863457,1.00001192474318
"eps[20,4]",-0.300151747553087,0.00683202182623153,0.640841165346237,-1.54716916840526,-0.725687247707353,-0.300940639554831,0.129505796139783,0.958850015418137,8798.37184832644,0.999839244233089
"eps[20,5]",0.294728438851702,0.00783242967655486,0.682049706524414,-1.07585334045007,-0.16066058974999,0.30022865343176,0.750355677126048,1.61052757489735,7582.9648743565,1.00038212827819
"eps[20,6]",0.0716384306259505,0.00877541952335557,0.826106947465163,-1.54528429095623,-0.482016118116247,0.0704897435585041,0.634914787203655,1.68220157175643,8862.10259546219,1.00021878993889
"eps[20,7]",0.306150220152995,0.00693054818782646,0.669987298840362,-0.993168133416187,-0.141227091609993,0.310060702905123,0.756361612745336,1.62851965820689,9345.40150066447,0.999844866892902
"eps[20,8]",0.221032703210237,0.00740800518894941,0.7001729964647,-1.15714563356289,-0.244799842470973,0.215019603540624,0.696321283819638,1.60289538866702,8933.22266083565,0.999915689392637
"eps[20,9]",0.251694820917217,0.00707113716138831,0.711041539590593,-1.12220569411208,-0.222603789277186,0.252299319287841,0.715592595088999,1.68412159499391,10111.4030842509,0.999988919192965
"eps[20,10]",0.116973517029102,0.00895225761694842,0.73444691247737,-1.39357524833694,-0.355698649239146,0.131896186180155,0.62036222203297,1.51746894678898,6730.62937071874,1.00021395379529
"eps[20,11]",-0.403383939912369,0.00761565366665549,0.775386461482026,-1.92965035038284,-0.916012108464237,-0.403293643588579,0.115041946853344,1.12489602435144,10366.259021628,0.999938783271049
"eps[20,12]",0.151279770901684,0.00775485871835064,0.786149160623059,-1.4202185596088,-0.370312915780375,0.146995145057081,0.673248335579947,1.69547847108748,10276.8999861902,0.999658093137936
"eps[20,13]",0.0148134409565733,0.00807144360688782,0.80460686775471,-1.58459259493508,-0.5087627427912,0.0118052946696742,0.546374724587089,1.60997187825967,9937.22302021494,0.999550641999541
"eps[20,14]",0.149139134414486,0.00805060700871104,0.85267548443492,-1.56637857277675,-0.408894637272815,0.157544313952689,0.714100012886685,1.79198234339123,11217.8673229849,0.99982440306177
"eps[20,15]",-0.0945116002178324,0.00839836195705503,0.874775264933143,-1.81694338708576,-0.684439256046084,-0.0996091709792793,0.501683399017464,1.60977875889198,10849.3523196209,1.00002479283719
"eps[20,16]",0.154033967646156,0.00803055629287685,0.881133317794931,-1.5735248862277,-0.438675689581512,0.15498208740624,0.745873174310858,1.88844537198649,12039.0435372646,1.00007066587246
"eps[20,17]",0.273744350618718,0.0080119981311752,0.91933754844897,-1.55029614723985,-0.333611762883032,0.271813116486999,0.882006047545801,2.06622428113405,13166.4385952108,0.99970588067195
"mean_eps[1]",0.00586996593242214,0.00272276473913591,0.225347122491996,-0.444131941183019,-0.14277146800596,0.00704473315950921,0.15870988305453,0.441151544042134,6849.8931693233,1.0000979129646
"mean_eps[2]",0.0016285927953526,0.00258695843077279,0.224367754104456,-0.445541375907745,-0.151520781901853,0.00459367956025699,0.153210133906928,0.434407235064351,7522.1498540716,1.00047710036543
"mean_eps[3]",0.00456068901496579,0.00241875836352385,0.225664794848797,-0.441521068641727,-0.147298444178247,0.00422687804691324,0.157395724455854,0.439886733761314,8704.47646078093,0.999813003164018
"mean_eps[4]",-0.00162475012549266,0.00232571898475642,0.220384437941517,-0.424077864122933,-0.155062910712047,-0.00127091082412314,0.151814359610177,0.425908598035513,8979.40112396455,0.999701281719471
"mean_eps[5]",0.000529346802023127,0.00246597194044286,0.223268772960308,-0.430378705764373,-0.15202933202997,0.00172000077988266,0.150084963800652,0.435932536357657,8197.46762262404,0.999770801269154
"mean_eps[6]",-0.00260839849557641,0.0022222211464835,0.224093463621399,-0.439074801483931,-0.152910622065405,-0.00458404132209952,0.147976970304568,0.438230466560103,10169.1306340541,0.999776443795796
"mean_eps[7]",0.000686075853908442,0.00217423284565297,0.227823659320606,-0.452599345653815,-0.154550545525787,0.00296081838341008,0.152786041606426,0.453459979426572,10979.5753119958,0.999889510870269
"mean_eps[8]",0.00224919397170529,0.00236638181528382,0.224716858574418,-0.434806759009473,-0.14804378813271,0.00425198767082803,0.155711217920705,0.442906480021998,9017.82226641734,0.999735916411901
"mean_eps[9]",0.00256621947678592,0.00232961401444342,0.221649533890901,-0.436095015466029,-0.148494430545864,0.00133739332862799,0.149553543583802,0.445217447247793,9052.44102578971,0.999735845599972
"mean_eps[10]",0.00209607456233088,0.0022361911894487,0.222635823626613,-0.443534547517689,-0.148319869727136,0.00421040559621782,0.153401100898413,0.435995549866809,9912.24959156689,0.999618701065957
"mean_eps[11]",-0.00100954293555965,0.0020745594766908,0.220389384471256,-0.44159545554373,-0.14744065678724,-0.00139630535178103,0.148739237411313,0.424732412594242,11285.7275879033,0.999834127208211
"mean_eps[12]",0.00180965937199868,0.00222312191982578,0.224863083754324,-0.437711705062853,-0.148968920730819,0.00127697309288588,0.152770819295062,0.439195439250903,10230.8039593852,0.99970569856049
"mean_eps[13]",0.00185745440381179,0.00209599196237127,0.226841976899254,-0.440316543340209,-0.151590171607896,0.00313991973441494,0.151587286009235,0.443668090919714,11712.9859167187,0.999926163659758
"mean_eps[14]",0.00176419747262483,0.00205395570672075,0.228137992977738,-0.440427979637606,-0.151551059387958,0.00239134532662814,0.155767830460726,0.444106180717083,12337.1000121445,0.999711544565676
"mean_eps[15]",-0.00394137908898565,0.0019566258669954,0.223410435587719,-0.449512802765812,-0.152156308436921,-0.00286507375113161,0.14528648499278,0.439907016707965,13037.4101751669,1.00001108722687
"mean_eps[16]",0.00161017603034012,0.00189432337880235,0.223200863762295,-0.424216112274572,-0.152268082316928,0.00154119484847415,0.153847208605467,0.431737388264871,13883.0057517641,0.999708939145802
"mean_eps[17]",0.00248074133884417,0.00207835182515336,0.225429060540409,-0.434269123011527,-0.14943165883688,0.00557080454210974,0.15267522448814,0.444213510185006,11764.7219637066,0.999660024564107
"N[1,1]",664.305161591154,8.97546155719796,567.661466993362,128.047546989948,324.017589039852,515.784999410858,817.819660610757,2136.33960492141,4000.04841736431,1.00037775350246
"N[1,2]",254.68749359384,2.98590697716312,210.018624660202,56.4644066476919,131.489629996493,199.831140019162,309.612251248261,778.628804516268,4947.2410671509,1.00009387177902
"N[1,3]",112.420489091021,1.25410199030061,89.4867747976401,23.4362383783889,57.3375809385084,91.5530219320069,140.855682307592,323.290194685077,5091.57326772623,1.00020287497548
"N[1,4]",957.718994402189,10.5013956470392,680.102355299127,222.75716858593,508.279235244876,786.861346819556,1191.29612613949,2729.85509162548,4194.25195385022,0.999589309511015
"N[1,5]",50.9523856373823,0.408634356362759,28.9191627174992,15.4134283549861,31.335083237289,44.8449223929289,63.2558471498612,123.759640402607,5008.43076479822,1.00005503079638
"N[1,6]",2193.36326733988,32.1010367413234,1931.70316715547,489.95119748733,1153.16576357687,1755.83094700349,2677.08273948381,6362.52955508468,3621.1179092489,1.00062362710447
"N[1,7]",26073.4040585563,1060.94130138767,63414.0271853943,3243.26835529036,9670.30478707321,16848.2218475929,29560.2553251804,94976.8120494528,3572.6293040176,1.00016150089641
"N[1,8]",6215.96078653221,73.1418705672444,4232.43356146725,1577.4737342254,3462.88887477111,5168.903347847,7733.01227169708,17318.0219708773,3348.48357512987,1.00025590433111
"N[1,9]",708.717705067624,4.17479754145534,327.909203447002,255.309412490369,480.339802428643,648.201507928507,868.864559591468,1515.16553735586,6169.30688622086,0.99993363190975
"N[1,10]",33.9633770581278,1.07220805330776,89.8257676105076,0.0725349039281743,3.21988990144195,12.7564384915069,35.017683188421,184.789663328659,7018.49095599858,0.999982828444803
"N[1,11]",485.831910452376,5.83507278415158,410.244199181016,97.0558713638685,247.034463678304,389.546283516396,591.554053329055,1465.080170999,4943.01971390584,1.0002256858264
"N[1,12]",3253.08437319179,53.0566253314976,3522.29639108545,455.400954718387,1290.89259641815,2258.20463009464,3978.25775513485,11462.693999894,4407.29934766406,1.00065772294852
"N[1,13]",381.414107652896,5.15504500470098,355.964843847163,67.5519083751956,178.011730732519,290.652072063507,468.63115119972,1230.65424447002,4768.14323890805,1.00008580495451
"N[1,14]",1853.08327639017,42.9345839262688,2843.62918431738,182.361975005939,573.887192694844,1077.83138588817,2067.80187270975,8205.79438988068,4386.63408052355,1.0004016299722
"N[1,15]",570.51861542564,8.25527718959032,502.164931195492,91.0937727178493,261.818213412014,435.760827529852,715.052531214702,1868.77475195766,3700.23613722509,1.00073459091681
"N[1,16]",1419.17000454256,27.7159256157735,1736.79892713417,196.217825130925,592.352428679911,993.093857202924,1689.05929189104,5329.54561652808,3926.81381425928,1.00055079373857
"N[1,17]",76.731368567996,2.32076993845553,176.588601136004,1.13404978891978,10.4334104614666,31.7883269711588,82.2089034461906,417.603701461094,5789.76787115017,0.999686655569137
"N[2,1]",625.952510661118,7.06166350406884,490.56899337215,123.490888517683,317.4089811115,501.63661179471,778.805411206712,1881.43098057562,4825.98704448309,1.00034657057429
"N[2,2]",232.015050112858,2.37603618660686,183.53788953465,50.6068492924032,121.594900163204,185.165967611488,284.439449260829,689.119927371717,5966.85337421949,1.00046336076009
"N[2,3]",109.449616743375,1.3222572825317,90.5019340998192,24.4091256242246,58.455469291758,88.2695014712083,135.019448719645,317.278877298906,4684.72158602981,1.0012971659528
"N[2,4]",934.366855211162,8.87959273501522,633.787180039374,245.30485628699,519.055172095029,778.257947366763,1151.548545206,2520.46337783998,5094.49107880291,0.999942032233668
"N[2,5]",48.6468195320662,0.29410445159616,23.6783724985725,17.6723981453657,32.516418143507,43.9604613308806,59.5820297943628,106.54997352932,6481.87274739406,0.99992901303829
"N[2,6]",2060.89712444122,24.0873668475425,1600.26871743176,496.316139051239,1127.8517465083,1680.37531562065,2559.24788705973,5874.80477557216,4413.74437723791,1.00021090307597
"N[2,7]",23411.3259819848,683.455535043474,39684.4586826189,2940.31998217977,9109.87654259344,15710.3676282751,27119.5300131883,90109.6323162268,3371.47847469688,0.999967740620325
"N[2,8]",5940.3505044636,58.8916097537306,3687.00486424394,1731.28261616334,3530.79866564614,5046.81334209676,7267.91784843126,15660.8380895657,3919.58935940176,1.00036426095779
"N[2,9]",309.519117679959,1.53908822535428,141.662849266796,123.421082735264,214.391738858802,280.260620919517,371.446242903641,662.443716081293,8471.97984125439,0.999911709409041
"N[2,10]",28.43405330942,1.02706623632928,84.1297286072901,0.0715503475110188,2.03826963361215,7.80528582500922,23.902851288819,188.229776635309,6709.68405862773,0.999994811618317
"N[2,11]",455.689313049196,5.05687837158079,392.564437479956,96.5548004869914,234.43618959055,364.305920408496,563.75667348399,1347.95223300768,6026.38526069245,1.00010569015515
"N[2,12]",3020.62409102615,41.6496938347655,2948.17322243096,456.26687478198,1287.1067572406,2205.84929322817,3710.40354230283,10415.6237987602,5010.51501607886,1.00090966347264
"N[2,13]",366.619821432122,4.50851038826988,340.239552124083,69.8508438461982,172.880862972891,280.979561324513,446.263409132119,1174.17800389041,5695.12743893804,1.00031389131059
"N[2,14]",1619.60148245083,30.141790955609,2208.59768163562,163.751762630016,546.907397169108,1002.68041996485,1878.22480578012,6658.14637668539,5369.02117589666,0.999989516608825
"N[2,15]",535.59450386688,6.8244942749473,464.249038096107,95.1168633451779,257.994777952139,410.767045805021,664.913802904637,1727.4669489377,4627.656103365,1.00032145507802
"N[2,16]",1300.52438177498,23.0587542779519,1556.10645646919,169.424297995071,517.003794067729,899.988155874103,1537.5939956662,4897.13348195587,4554.14576095833,1.00026528562434
"N[2,17]",66.3850929382179,1.7768715533215,133.55694530552,1.4860746238744,11.6264988349348,31.7242762793809,75.0618724028133,329.405269180373,5649.64143680339,0.999710749122332
"N[3,1]",606.009883411904,5.5843404233403,448.228880400939,130.086569774347,318.126206341675,490.702982903126,756.925692329309,1738.54399907746,6442.52186298249,1.00003996486266
"N[3,2]",215.340698276845,1.80307140823515,151.397686608713,55.1315552223985,120.857263039725,179.140913454947,261.740154774245,612.704876576751,7050.38161721497,1.00015248273298
"N[3,3]",101.468364975561,0.689181592884602,61.1207450791229,28.7433426887355,61.3566153163524,87.6374537736507,125.778502076448,254.270519735064,7865.203078464,0.999937662463069
"N[3,4]",909.665390267514,7.55081156568986,556.845675995531,265.68411481244,547.589969989546,781.457658603867,1121.0247334085,2271.94197585778,5438.54139582526,1.00028157127473
"N[3,5]",44.6428188293178,0.147977799795409,12.2980074550316,25.6323905254753,36.2223886404038,42.8425143802937,51.1576923127518,73.746789809992,6906.7919233638,1.0005722111758
"N[3,6]",1969.41133740914,18.1351861949976,1347.40609250566,519.51028158775,1126.94119117281,1649.46625712945,2434.74019598059,5203.38733549305,5520.17665067999,0.999767741007469
"N[3,7]",21730.2680086621,474.999596459301,30265.8687255726,2920.27356846986,8853.87909177118,15152.6927812256,25888.9173371951,77165.8515569234,4059.94178901758,0.999855881182897
"N[3,8]",5782.7639258798,45.9687886334399,3287.85622263973,1957.84231381081,3661.42586430827,5048.58461259909,7022.38517329738,13814.1912106253,5115.63460513631,1.00021993671958
"N[3,9]",198.271276667512,1.15140719883965,95.7067798999172,76.4506271782866,134.090130986048,178.099039961493,238.418984428832,438.905033254773,6909.19624001386,1.0004972912953
"N[3,10]",26.1119967659929,2.10931264704007,180.0380973063,0.0767652498032133,1.49836097131489,5.37243414922171,16.9897301070493,155.928073971192,7285.29120420113,0.999961436863835
"N[3,11]",426.242729712714,4.33055329794213,348.643770792367,97.2575960432989,229.768997882845,348.668519840891,525.056305144131,1203.67133338182,6481.52266651214,0.999788867883932
"N[3,12]",2872.27570838989,34.6670689236797,2485.77004270258,490.987177411491,1352.89532048706,2202.96496048951,3599.80188516228,9079.38838901366,5141.47409266161,1.00009526740956
"N[3,13]",347.217427805898,3.44868929464705,287.411275711361,71.5430962055555,171.909419336498,271.30856477962,432.086657390914,1054.62652009324,6945.43525027041,1.00011412336619
"N[3,14]",1524.61761598822,25.6514150559883,1912.56963813468,167.609698617014,564.891250775816,995.357249803999,1789.28183815885,6147.55600289959,5559.19436480213,1.00038193726999
"N[3,15]",502.457958920964,5.58922935967612,390.038854544009,105.306778763923,256.498273708475,399.815758943908,626.234288313349,1516.85002166959,4869.80847658667,1.00018074276209
"N[3,16]",1201.91859967319,18.3426176719367,1394.58730499985,171.203802178363,497.113505410133,834.982068256831,1414.88828271531,4572.00754607334,5780.54501144908,1.00023176309203
"N[3,17]",56.3496999982483,1.30710687106376,99.4879392841256,1.81961861710403,12.2646662619205,30.1178895475287,66.6791804639804,252.268485603738,5793.20204627442,0.999725125305655
"N[4,1]",621.559617548987,4.75931348066361,394.779757759555,165.547215247534,357.75489471363,530.915015383998,771.611495870314,1621.85678817875,6880.51791220746,1.00016541361844
"N[4,2]",215.229490370622,1.39503075373513,119.336693824934,73.0034130940138,138.104457603383,189.637384899726,261.230347141883,507.557196935963,7317.7983826869,1.00029133392803
"N[4,3]",91.3040412941466,0.327608863552162,29.684439156456,47.8910688119515,71.0516089701661,86.4510483333823,106.553101985842,163.743270381861,8210.06148503701,1.00002516186351
"N[4,4]",901.335984921132,5.91227250318359,455.527307387463,328.444278278024,594.699958890243,805.211121909711,1102.10853129109,2041.83783566829,5936.35613531809,0.999830964066904
"N[4,5]",58.5243542363188,0.149156365849696,14.2389351458682,35.2930080059449,49.028001115832,57.0212742091429,66.3845581055528,90.8732233181115,9113.21124057448,0.999844303086555
"N[4,6]",1990.89159647813,13.8719603540327,1129.43700971821,639.491532350937,1245.56431054514,1743.01089031746,2420.94637729624,4870.52096013529,6629.0050764195,0.999942167498303
"N[4,7]",21324.8791253459,328.712393763825,22546.1396036118,3084.83276552452,9268.09439010647,15625.7378572028,25610.7735137136,75063.6630651802,4704.48648824329,0.999994800676213
"N[4,8]",5928.10809388693,35.6133022023091,2764.22282147206,2387.18678692633,4096.24370689669,5360.51429200108,7119.1493134316,12644.3699426408,6024.50829099707,1.00018281122732
"N[4,9]",292.681702074819,1.54097471841993,130.015977211194,112.420319305226,202.565076782573,268.947053939881,354.88843181605,612.795524807701,7118.72836877753,0.999711575787172
"N[4,10]",23.4176066177532,1.96398967737329,170.869277831628,0.089292546229806,1.38954615425959,4.64512299165198,14.7017901823486,138.040208005535,7569.19277547201,1.00015642785507
"N[4,11]",425.604682830264,3.10417176451684,257.487364689815,124.733026843646,256.182117430286,367.959987829934,524.48169546998,1083.18674594507,6880.50565693955,0.999695649863499
"N[4,12]",2937.22494687919,27.9735133181116,2141.50611041794,680.51339552911,1581.76006079756,2418.32493921623,3628.3666885105,8303.75484425965,5860.63408098804,1.00018972070693
"N[4,13]",349.405507828761,3.12955151035301,254.763746765004,88.2684310078415,193.5906426115,289.10054312806,432.409455619911,971.776567396604,6626.90960211552,0.999891205419418
"N[4,14]",1647.06668833468,21.9335882348652,1672.83565374671,232.649994760695,701.446080303291,1192.63527488828,1987.02340144563,5807.44146789143,5816.840831596,1.00003485962072
"N[4,15]",474.770313192641,4.37611608611023,313.939705143064,123.521770847428,273.601748695919,398.480776985312,587.100585112949,1289.1388289803,5146.53373517786,0.999858054595902
"N[4,16]",1230.53250401466,15.7637922151225,1226.70862901532,219.321669431291,572.26022891598,916.009007361495,1496.70150326568,4128.57251659444,6055.65935371702,1.00091462468008
"N[4,17]",44.753164171735,0.891124022584858,65.1449591517168,2.13065736957494,11.9624669723083,26.6292572065334,54.0814268676264,191.644827596383,5344.23232356335,0.999846583862307
"N[5,1]",630.883379272477,3.99472933071152,332.937627607845,206.894946496467,411.162645811364,560.667048797528,766.760342899322,1449.44296411453,6946.26015192297,0.999599281192502
"N[5,2]",204.488552251051,0.748109428769849,55.0060245398155,112.866731996981,165.99601487432,199.209825935154,237.372218772968,327.229960164905,5406.17698954169,0.999689124207648
"N[5,3]",147.944862904055,0.829325426951388,46.4998963904163,76.5602133435457,115.566977215002,141.903576571829,173.147318226228,257.294670294302,3143.79347684833,1.00051255663221
"N[5,4]",883.243788777665,4.21628028076862,346.131354985314,405.337540014045,647.057361342416,823.914101313958,1045.12263915723,1706.29887712197,6739.42645658273,1.00003684365615
"N[5,5]",70.3876499247271,0.180555702678488,17.2917608762978,41.9152034242057,58.362115579776,68.6707082706412,80.2893159858728,110.009314224837,9171.83055559716,0.999719351113249
"N[5,6]",1904.16439359823,9.39042537587804,840.963957332086,776.028631414234,1331.14028424684,1748.61170743127,2282.58218189418,4046.59444386587,8020.18219348155,0.999734058364104
"N[5,7]",19542.0042779881,232.956182744341,17138.6102016099,3507.33385015197,9374.15779716798,15070.7295574509,24050.9593577164,60487.4122074873,5412.55995602716,0.999881579334091
"N[5,8]",5945.09258471213,25.843968709398,2163.242880843,2890.03232153659,4492.18784842677,5573.85268260079,6921.84998474562,11160.5504053342,7006.35523705937,0.999875205286547
"N[5,9]",168.288346050713,0.917911646297485,79.8250353995061,66.0265558474337,114.656872719654,151.627335715449,202.629231074807,372.715937073977,7562.69314496519,0.99986247965514
"N[5,10]",15.1766131855963,1.13729106430021,96.4766513512701,0.0899944881818967,1.02835630992976,3.16087197588495,9.62405958876972,82.8644284853622,7196.16624951228,0.999821326751094
"N[5,11]",412.601968024286,2.40896948648678,205.928029555913,149.96871982583,275.533742059159,370.163889841653,499.671013227749,927.874956090198,7307.49168519314,0.999999857884567
"N[5,12]",2808.84831614366,19.9626052887532,1636.79003628762,861.471681753834,1724.46869444499,2463.6899344964,3436.08875333462,7009.41640901841,6722.82034740952,0.999771955314303
"N[5,13]",333.881248586409,2.61953718877012,223.800950674015,105.844130703674,208.604923334445,291.333166579271,404.963099374857,811.324896924921,7299.19081812564,1.00047294690866
"N[5,14]",1414.18027418149,13.7371203719381,1115.70305046566,302.177700143456,738.159907093547,1132.54109056376,1745.12678569118,4139.34714975749,6596.38253912987,1.00035625669608
"N[5,15]",461.002169961734,2.96809737626308,234.329608188502,163.042805238169,305.177083176156,410.387131850797,558.026399461132,1050.56051794132,6233.01314358438,1.00042735176077
"N[5,16]",1062.09704575283,9.97569140619158,803.495998238939,265.865924930089,578.501635167925,872.063199146342,1294.39747423566,3011.24436941404,6487.5605512123,1.00010857341657
"N[5,17]",38.706791268024,0.628388537270626,45.0230840940938,2.90870521721386,13.1809556336041,25.7912072371704,48.1204126958149,150.740878474903,5133.50481155618,0.999897016035312
"N[6,1]",507.033874001276,1.66756992278044,134.08207980128,298.283386435928,416.17474545866,488.586888574052,575.216430448501,830.179361423864,6465.07204667795,0.999857472538167
"N[6,2]",118.050120735115,0.305290984701964,28.369098735255,71.4478203725481,98.6938891455904,114.977699075239,133.409616632973,184.926060016691,8635.0154355933,1.00004976261349
"N[6,3]",88.963987178254,0.275254115424334,24.8578902980271,49.7687195956748,71.8559584887259,85.5409615312285,102.480701226095,147.63366586089,8155.69342539067,0.999899578611875
"N[6,4]",818.427179735971,1.66330504244466,148.279669493994,562.276842128296,719.382610917103,804.972459458075,900.025690127898,1161.40812955152,7947.29639648637,0.999806566320455
"N[6,5]",65.5996702906376,0.216082008189053,15.9523066738328,40.4465365653527,54.4515157108771,63.6862686936347,74.2047285853857,102.689557635012,5450.16644343245,1.0000063332692
"N[6,6]",1664.77127448376,4.02581075625084,354.187715148071,1080.39903632373,1426.30791619748,1624.58893859997,1857.64118021826,2464.55762928597,7740.34424211634,0.999982452093663
"N[6,7]",17379.9388650007,167.958262100706,13254.3456980597,3962.04357258123,9345.00337897898,14064.1194422645,21346.7494901027,49604.1213250056,6227.50152729799,1.00041656026387
"N[6,8]",5562.9869487374,11.0304221474417,947.92651589363,3932.64840058629,4954.72926461704,5475.36219085461,6072.75735079158,7736.78612322022,7385.24786978755,0.999930634224777
"N[6,9]",162.957089823644,0.77184530264068,73.219027220171,64.7374184970346,113.310977505245,149.357791799581,196.082528092617,333.668499514477,8998.85757561942,1.00019774957608
"N[6,10]",8.63344584504409,0.502458139239864,43.2663274500467,0.112187383395098,0.912689390355162,2.56535992548962,6.98840345466631,49.5998439829059,7414.81456298313,1.00027182546352
"N[6,11]",340.828539656843,0.890302529153913,80.9200848127631,206.344829365537,286.408123242643,332.079562017376,383.491500582436,529.838486617654,8261.09172639396,0.999919081289325
"N[6,12]",2515.69276781646,7.69863940204072,694.641879941572,1452.89750122845,2031.77244410697,2416.03165883575,2891.55358830635,4128.8332571785,8141.30397600989,0.999579192882677
"N[6,13]",280.45157602058,0.810341772718064,76.8523505270276,157.855937714989,228.230186822826,271.073269496014,322.045227836038,453.070832065468,8994.51717778834,0.999861663295416
"N[6,14]",1211.32528940797,5.47821866714179,443.787065127425,538.576428050813,901.433349520909,1149.31607523499,1443.83203105437,2259.50916305306,6562.518683773,1.00001832778031
"N[6,15]",378.383683632551,1.17011935337306,92.9033269264055,232.624826866792,314.126796469468,365.136264299447,429.751721896053,596.042212560711,6303.79684152377,0.999622635406336
"N[6,16]",887.844688199803,4.06178573042829,305.64860850157,422.789874009043,678.504331589327,841.526311777612,1049.25855378495,1609.4918095125,5662.53405421458,0.999978388914558
"N[6,17]",31.5643910977285,0.426502595647675,31.1945671144475,3.53156170873997,13.1905341502421,23.8301214292794,40.2400308602803,104.847659611689,5349.51696926921,0.999818724010127
"N[7,1]",573.037309295167,1.49262043840485,137.359107703607,353.344296993997,478.776400860819,558.792143215483,647.050012573909,878.755224233017,8468.68840221303,1.00005763200512
"N[7,2]",66.869107529912,0.22146508228823,16.6991777484401,40.2754581532725,55.3810576239265,64.7290131395638,75.8963433573038,105.746472451164,5685.64383383893,1.00076227250428
"N[7,3]",78.7393017031304,0.25485357789301,22.864167866944,43.2857414384262,62.8975743916688,75.5934465664834,90.9213771870569,132.894240948424,8048.76652883121,1.00018575327233
"N[7,4]",741.835220681947,1.6358921421612,126.916366536585,525.581270885859,656.494879900081,728.046062840625,813.354020698538,1023.5803423906,6019.02196116695,0.999931303560573
"N[7,5]",112.016215836358,0.493949714219535,29.2393326768453,63.2924823490883,91.252402300903,108.996067072345,128.861567402362,177.5176567115,3504.04307407503,1.00022078704019
"N[7,6]",1673.04284980199,3.35380670073708,325.84777445692,1111.29779263693,1455.45049034785,1640.20192365183,1853.1555643189,2380.46468267842,9439.59718379766,1.00004677865082
"N[7,7]",16463.1105432066,141.958781172824,11547.9587839887,4258.18988495701,9443.07259810116,13811.7644590398,20012.4410713073,45068.3305192297,6617.37774399489,1.00048415211655
"N[7,8]",5579.92284412823,10.3168444637063,861.43414905255,4058.88471156081,5007.48532488636,5520.90566509576,6087.26995236492,7506.33970185597,6971.88800133728,0.999753829660394
"N[7,9]",99.9281156790056,0.48507476305599,44.511293003748,38.4309611015755,69.2200460062894,92.1432785914473,120.690041960751,210.410784729396,8420.21265849756,0.999797459728043
"N[7,10]",6.29077132875241,0.31900650914113,28.0987219059815,0.132982272618418,0.865262249283447,2.19811838189728,5.37466753294322,31.9564200958112,7758.43351529248,0.999827539095119
"N[7,11]",272.213412246162,0.840844718955682,62.1435998508713,172.54301771767,229.48256496347,264.362159838356,305.968977483092,417.654974532691,5462.11969780361,1.00066435713405
"N[7,12]",3217.03395835516,11.4765505878792,809.398757606095,1885.9882533013,2657.84296815362,3144.04238949167,3681.77808670967,5071.35415495261,4973.9603175916,1.00059486360549
"N[7,13]",238.568305421351,0.7798641708664,62.1283997995053,142.468445007283,195.990490304635,230.003894205425,272.106694202828,384.375601448435,6346.61859213371,0.999916155815406
"N[7,14]",760.851525162397,2.87932183369597,258.665032545284,377.923212333123,584.538321056993,719.482028661462,892.432771571124,1376.84170207941,8070.39933567746,0.999698663312754
"N[7,15]",457.155797060301,1.1061214551711,100.212295688336,289.811960495684,389.084298761583,447.52961317313,512.971636086142,687.140546374134,8207.98189324544,0.999724626863315
"N[7,16]",515.587770547257,1.79737330738623,165.633177342458,270.628078799716,401.842578898468,490.66954132519,600.335017164872,914.988001843664,8492.15848415627,1.00053501282072
"N[7,17]",26.0008901608978,0.275821272875902,21.0890517008207,4.44074513186418,13.110014902867,21.2102812076053,32.645592201676,74.746277272239,5845.99697542806,0.999906015691815
"N[8,1]",509.609982554487,1.97831704542993,126.374804432272,312.163160273772,420.768931940117,491.953372079137,578.548649850476,803.335709339382,4080.64868919329,1.00040364671398
"N[8,2]",46.6636698621344,0.226710140597238,12.8709542783976,27.6496305965174,38.0265611222394,44.6085831908156,52.835306356554,77.8713673004115,3223.14321122655,1.00179159110093
"N[8,3]",60.354075473619,0.393365315189958,20.9132488272538,31.056461718336,45.854882356024,56.4655071057067,70.6144886164788,111.904449814959,2826.51231759934,1.000979066935
"N[8,4]",749.850310097462,1.97612653229548,132.799458457184,530.884568769991,659.993783438106,736.318681045153,823.428400678116,1051.08651775362,4516.09542118475,0.999786763156108
"N[8,5]",90.6380915872309,0.252659303500104,22.6880373840045,54.3745187290106,75.0282178415368,87.8594899467364,103.048418844692,142.950719243479,8063.49403517723,0.999594737584916
"N[8,6]",1476.56881412751,3.98586829896195,309.68413637002,977.117972698452,1262.199184734,1440.38504410321,1652.96237952182,2188.1925725717,6036.59485068547,1.00025782395377
"N[8,7]",12765.8104431339,87.9202852429039,7308.13862935508,4030.1158082033,7982.58664426558,11139.8214009033,15618.2742675093,31208.8051969214,6909.32111251608,1.00124339760369
"N[8,8]",4279.93755144659,13.0815184292741,728.667575724071,3091.82174180991,3785.54250441136,4207.31224950488,4688.87508560986,5901.53803827254,3102.71992499876,1.0003206563462
"N[8,9]",37.7393997820881,0.257733933351181,18.2115140577477,14.5895414064495,25.227625159316,33.6888741947913,45.7651165572908,83.8295055509233,4992.85442219317,1.00082406869316
"N[8,10]",3.76533034813257,0.12475454306758,10.870844837205,0.151495368217121,0.774335110885226,1.69804368512118,3.72678975541144,19.348465539489,7593.00794317068,1.00040900200769
"N[8,11]",300.500713443306,0.732102319964972,67.0973083829953,190.710171147734,254.598233207333,292.978733573553,338.010841498842,451.408570247507,8399.75523859648,1.00026305047165
"N[8,12]",2218.53617884656,6.46903383632645,565.424688080413,1325.11260715911,1833.04592223329,2152.40582621259,2506.11228450599,3554.24062412786,7639.60120925162,0.999573077689428
"N[8,13]",287.112369775276,0.827760500592301,74.8309011800924,166.809236764147,235.541901902182,279.313530774739,327.279707427102,456.711450610918,8172.45529136482,1.0000314022897
"N[8,14]",460.808349332451,2.48644788610676,174.749649435273,219.924994778814,343.765722736671,427.146084925861,539.817173365627,890.871179095698,4939.39666237666,1.00086228405195
"N[8,15]",383.002754378121,1.6624413248844,96.9995737642396,237.128157533419,315.134043290992,368.845514855133,433.728802017308,614.487656377283,3404.45030982414,1.00019597284979
"N[8,16]",307.352395651829,1.38097901396484,105.406316011637,155.012992399428,234.787289791068,290.498304003034,358.503819871596,559.345974749081,5825.84749723677,1.00044275401782
"N[8,17]",22.7436159315483,0.180532146626598,14.1693292960463,5.85727682275995,13.4573570072479,19.6783211204298,28.1488553399859,57.9877116809151,6160.12456951389,0.999954890372023
"N[9,1]",1225.01252893327,5.90395772889495,310.117492820913,697.004361849931,1002.14622904091,1196.83987919175,1408.43774705053,1920.78356172056,2759.09115959398,1.00069075330958
"N[9,2]",100.827234042137,0.273347534032446,24.6917790021385,61.5963890478439,84.1094990251315,97.7503000780794,114.55329689536,157.182462193722,8159.70469977559,0.999883542043977
"N[9,3]",175.340503499701,0.85785286791354,53.5903933799496,90.8991545433147,137.74009786185,168.458553370028,204.896791247045,300.126007693353,3902.54819344041,1.00083330522984
"N[9,4]",1420.39771962343,2.66446459969477,240.711934032388,996.233900647938,1259.80900592697,1404.08524560148,1558.05914404879,1952.09348283643,8161.60055080232,1.00017580218461
"N[9,5]",75.2707657456326,0.24633461903438,18.9675823576296,44.314509704259,62.2232878509359,73.3277859713761,86.0218939224695,118.218123514135,5928.88540263476,0.999860867886156
"N[9,6]",2589.89486565352,12.469789642561,967.754098720373,1213.45720399542,1937.6512519459,2417.46697995238,3044.89167509238,4959.12789063451,6022.98503608313,1.00004247954552
"N[9,7]",18091.0398411701,44.2588074834951,4191.29554124157,11087.912422865,15316.4189295435,17658.1479147048,20362.9845453472,27708.2384952561,8968.03211109219,0.999953584279506
"N[9,8]",7022.57440041915,13.1026173698554,1079.16149444902,5060.0265368472,6299.03508801187,6972.46341581444,7673.02921793833,9347.91533221378,6783.54584442441,1.00036370600731
"N[9,9]",115.771305102359,0.619104181365038,53.6340542175716,44.3585088884329,79.4461877192842,106.294134481177,141.062474531459,245.368916732833,7505.05326645519,1.00039173929071
"N[9,10]",2.25150322362284,0.015204002882427,1.44784745824286,0.651782895137276,1.38623339810741,1.93519442066159,2.70061456280823,5.64414122678873,9068.38039887728,0.999910643070395
"N[9,11]",694.512949862372,3.53498117830528,171.924284236746,407.100397196981,571.537896368397,681.636757436397,798.435269395474,1077.36393114097,2365.37628512925,1.00171398074049
"N[9,12]",3263.17128295239,8.95292234764071,799.613262165573,1952.31476379907,2715.90174235593,3180.75986545165,3701.20515347122,5057.87789611009,7976.83009574092,0.999749838311984
"N[9,13]",356.609005471684,1.12740708057129,90.8354667138658,207.943685447407,295.347315446476,347.323822616232,407.157328259936,556.922887102618,6491.56466772202,1.00032181450682
"N[9,14]",900.488933259202,3.81755727476226,312.857256930972,432.94117252492,685.373434795346,853.621751399138,1056.03410980952,1637.12984582468,6716.16478668111,0.999956773340468
"N[9,15]",1015.66896549952,4.39671898441928,237.620667225381,615.004874159803,848.568501658862,995.552488200105,1156.69618648229,1525.99507652158,2920.86177208818,1.00075069827342
"N[9,16]",532.531523055548,1.86307238939456,170.927917199343,275.6090498287,416.168768527881,510.846416995043,618.717737133957,933.095468352075,8417.17859307575,1.00017726679137
"N[9,17]",15.8690443487274,0.0486020978899398,4.08141214972968,9.12898404020059,13.145831556141,15.5029563427977,18.0387301544303,25.0300121831065,7051.97679121024,1.0002032294828
"N[10,1]",895.573226471443,2.15770297330294,200.785280253711,558.966705836028,760.294446377402,876.812403946279,1010.14413609137,1353.22782368128,8659.25286967374,0.999743481582743
"N[10,2]",125.790960244574,0.347070524001947,29.6458301272837,75.8374427520983,105.413280819474,122.955326259719,142.435594217891,193.152452378675,7296.11664422518,0.999861996343948
"N[10,3]",187.796652249091,0.611151169853567,52.6682142448939,103.421629757689,150.892395834133,181.420208924051,217.551000997472,308.869036645559,7426.76859411776,1.00016217486907
"N[10,4]",1562.82083279673,2.93750980885612,252.765868307438,1130.38523451311,1389.92453856347,1539.0150384329,1709.23966089815,2113.754471011,7404.20114060016,1.00003155599163
"N[10,5]",43.5035358482595,0.126241854253855,10.4720826029685,26.8119331900184,36.2742935568589,42.3044346000969,49.2826255416378,67.6426511511089,6881.12407420524,1.00009253225414
"N[10,6]",2525.83586760392,9.62857915659275,838.503792690496,1295.1285370076,1965.44919906436,2400.32812067305,2934.8375398669,4446.83776388762,7583.77871719042,0.999720669584421
"N[10,7]",17937.0086226722,39.6684104691837,3844.67491472491,11493.6378306393,15289.5713159329,17616.1660854838,20121.8074551963,26440.7509155004,9393.54783352968,0.999784079970118
"N[10,8]",6959.75341376909,11.1954774558019,1011.82186369925,5185.56497690599,6270.33456462926,6880.29991430455,7542.10333173644,9227.17972836075,8168.1344832278,0.999858401239275
"N[10,9]",71.8500434867215,0.376498052785957,32.237237289715,28.8336219285162,50.2829600393658,65.5831130125308,86.0944109129618,148.919072964792,7331.45482916271,1.00019015996386
"N[10,10]",1.28168665251134,0.00861148153266824,0.72837265539873,0.442697097606964,0.815518325719752,1.12110252601436,1.53985444524763,3.06408335761664,7154.04252072232,0.999772003419241
"N[10,11]",444.959175827618,1.05504128057479,92.9562401447946,294.494281996787,381.082584029844,435.309490051912,496.278567650298,656.709321774809,7762.79635537448,1.00022901137669
"N[10,12]",2621.5892300346,7.5452648698944,640.879491791709,1592.05275532253,2186.98314550401,2542.19988016247,2964.12616458164,4098.21034260176,7214.45898706004,1.00046694550978
"N[10,13]",241.141489382055,0.628871399975522,57.7776924802374,148.09942098589,201.405447599317,234.676781586085,272.445575266741,376.009595231255,8441.05437163973,0.999914935419377
"N[10,14]",737.226429836244,2.60675508402756,240.336831398371,381.312498066417,572.973633152614,701.036837742952,862.355339502723,1288.01005547521,8500.41646446929,1.00003444155529
"N[10,15]",951.007325107674,2.32089814015458,199.063667040098,616.294421327796,815.282084245688,929.194720818915,1066.28035549927,1393.71371489368,7356.51016260217,1.00016996511134
"N[10,16]",481.633413576567,1.69456645836633,146.790294862548,255.677731586326,380.589284457372,462.816309556353,560.068921703555,811.696550849865,7503.7347536031,1.00020646225782
"N[10,17]",17.9441316178832,0.0613791927787271,4.24802135169565,10.7505871480687,15.0677315981793,17.5640031087552,20.3730119421857,27.4391761535767,4789.95062594326,1.00023963908433
"N[11,1]",1033.39293224181,3.33022231528921,245.550153500158,620.214731055678,862.983638708034,1012.07294942195,1176.70608399205,1572.87417895554,5436.68244419492,1.00014398157651
"N[11,2]",155.454745127271,0.585533802663272,38.376753291349,90.9421075847353,128.315224910914,151.870547472363,179.017029729704,241.154356957964,4295.68588597213,1.00013854140661
"N[11,3]",168.001446161482,0.51093633425589,47.7027186523242,93.3679347452994,135.309190299479,161.3723504705,193.206636326065,283.667472923616,8716.71177907346,0.999938333455753
"N[11,4]",2582.48897488237,6.75874147521176,455.430151715423,1762.07394926324,2273.77998147735,2560.39572470474,2862.17483177456,3544.53776568559,4540.58583221386,0.9999680858265
"N[11,5]",33.3688419138218,0.114172365314452,8.58865378243055,20.1229345388684,27.4600195414158,32.1305666746211,37.8685323250002,53.6464498732125,5658.85017447501,1.00027609405873
"N[11,6]",3149.94106295802,8.43582329383075,678.546154563351,1969.33787774913,2684.46904652997,3104.15492823857,3539.26179511272,4660.03430617143,6469.99342526331,1.00059736207375
"N[11,7]",17474.6149722215,44.3749706153347,3933.69156731523,10837.6452904188,14844.5929803819,17133.753953076,19641.363995574,26406.9253747106,7858.22487418274,0.99964841019919
"N[11,8]",8224.65026704898,14.1462307656201,1249.52581724375,6001.02035491641,7381.80801096606,8143.73638095039,8946.0084484935,10959.709392207,7802.0546995684,0.999606244072639
"N[11,9]",94.3034736016712,0.480570280490176,42.6532061066012,36.4998885000337,65.438526073794,86.7351829336378,113.799911030366,198.500998689112,7877.52052443944,0.999827217429514
"N[11,10]",1.22693686628084,0.00876908274740937,0.744764287125655,0.407023896629791,0.776866155032727,1.05951654887701,1.46361045357029,3.10647903084461,7213.22285392222,0.999999429123609
"N[11,11]",454.942789431518,1.07553521922476,98.5028562666391,290.518804321784,388.222768021819,445.429119929282,509.04712783437,684.735124303359,8387.80596011785,1.0000960977461
"N[11,12]",3196.10240791337,9.13432027445795,791.077056631654,1904.59915357785,2659.45885079919,3122.77069052352,3621.64858306344,4992.76533190172,7500.41178910453,1.0000593398072
"N[11,13]",208.885147855783,0.573129265823741,53.0223544777449,125.983376220444,173.430362190433,203.019479354958,237.200630674712,329.452664183937,8558.79938263078,0.999975198799131
"N[11,14]",795.141964475399,3.06596131150601,272.718244120691,396.361839650539,606.961073078489,757.327375407334,931.386394830013,1410.18548677241,7912.15968077624,1.00002512798489
"N[11,15]",1147.01006757226,3.12676848828082,252.996850978475,721.021351847497,976.137146377,1123.63566229792,1293.33469377306,1726.73754697589,6546.9462930332,1.00007268270199
"N[11,16]",390.284508618788,1.42128112727684,123.089527771243,208.740908188778,305.647940443743,370.246211048087,454.210398437916,685.81717403336,7500.36213455293,0.999824298450544
"N[11,17]",12.9304308352374,0.0369380076066436,3.04257546267058,7.77523564066353,10.9104896547857,12.6447344625325,14.6119003274184,19.6419871138417,6784.78022228852,1.00092426961669
"N[12,1]",559.226102672137,1.99695765456528,133.39346845278,346.610770533374,465.916408639215,543.419813951621,633.127949273116,864.652484384783,4462.01903474341,1.00001618746213
"N[12,2]",87.4765395989847,0.250169769716703,20.8908134793833,54.2948930737677,73.4993637674245,84.7829128451402,98.6131479611705,137.374409844562,6973.34328942432,1.00022438631177
"N[12,3]",123.716191741572,0.539718094178725,36.06766182015,68.8129799523562,98.5660847973808,118.252938488116,143.194315359391,209.996159257316,4465.82830145386,1.00050642890042
"N[12,4]",2401.59998808969,5.45735591433143,399.63640223261,1688.87778893145,2132.97276595994,2375.03030020369,2636.18302553341,3268.33326959841,5362.47801376419,1.00056246454718
"N[12,5]",37.1287460053226,0.116321124570167,9.18269734311574,22.721000627806,30.7289417420722,35.8433139810082,42.1906500647673,58.3865956287879,6231.94133556212,0.999959604583767
"N[12,6]",2586.24497635238,5.44192879354358,503.145934791886,1713.84555863469,2249.02621247977,2553.83899256894,2865.69383527996,3690.92891348811,8548.34864495005,1.00048379532626
"N[12,7]",10645.9964314699,28.8887573781151,2322.78696334509,6920.0439228074,9070.3243797536,10329.4319659836,11865.469527236,16185.9006560285,6464.88846719722,0.999704930659541
"N[12,8]",6853.96099157067,12.0180282477755,1039.1610355431,5065.12973861923,6151.07271309596,6760.69509443008,7460.93514789872,9110.14535912699,7476.51600138574,0.999768448494407
"N[12,9]",56.4539452412597,0.299175213735643,25.1153999320315,21.3110021390784,38.8977913114318,52.071451802709,68.6837936836473,116.545489974288,7047.40088067987,0.999735469034777
"N[12,10]",1.35108942178148,0.010769325964442,0.883770015913851,0.457360436343521,0.853167962900972,1.1587162320309,1.61497190338697,3.35236541456129,6734.43989637149,1.00060884663217
"N[12,11]",406.452466022734,0.92561457697443,86.4563345325641,259.273128864125,347.310227057406,398.227444775713,456.736578298515,600.908103052529,8724.35375281147,0.999620085243871
"N[12,12]",2480.89466252246,8.47902774327587,616.975535994281,1453.98523221756,2056.03382323001,2416.23042599852,2835.37343330191,3840.97572830374,5294.72947326974,1.00060336328857
"N[12,13]",198.429593001718,0.519143378097857,48.3436124316287,120.742508001424,164.986091380059,193.109883489516,224.957987153951,310.544460328726,8671.6863549009,1.00015384633987
"N[12,14]",536.477912627422,1.9034151785513,172.948371366917,271.051650225519,416.60101965232,510.323228647664,629.577426918573,945.054459388409,8255.92800183526,0.999913035999712
"N[12,15]",814.308875938119,2.26988370814331,177.493043412611,520.540664861861,692.071207257797,794.988990745059,912.54556969844,1212.88777677533,6114.42267044298,0.999751076137175
"N[12,16]",337.900363908347,1.14595224281982,103.931178592699,177.891310016191,265.579385685718,323.84615357955,392.694215090377,583.486565114143,8225.43105857577,1.00005060630237
"N[12,17]",7.39456527635378,0.0229930588592965,1.73996909261619,4.60106267151468,6.1929150444224,7.18303592422178,8.33807812891786,11.3340109762485,5726.5039640237,0.999748509026188
"N[13,1]",578.139260530931,1.5959954914557,130.972934518167,353.736453258956,488.423461608546,565.96081882852,653.989907512437,863.021968546591,6734.41376504898,0.999926864917238
"N[13,2]",66.0485490179044,0.167352534098875,15.4050803647594,41.4744136479354,55.503017217874,64.1968938276777,74.4470718374561,101.668570207663,8473.5100842488,1.00019918770371
"N[13,3]",178.573974873519,0.675194221624283,51.527914348282,97.1361680624094,142.686364306992,172.169719740054,206.588947703721,296.632238508338,5824.0848659248,1.00065293621335
"N[13,4]",1963.83916736326,3.32337178682007,312.95814260048,1418.96974568584,1752.42824212746,1941.14638229837,2143.9744665542,2662.82468719493,8867.77476491,0.999822151727345
"N[13,5]",52.0381602982189,0.149040151384321,12.4001984631117,31.6567880869203,43.4833128535247,50.8190405467962,58.9813629246887,79.8128279049134,6922.304608409,1.0009815963229
"N[13,6]",2240.2789003733,4.84634321042927,428.791493889656,1510.87089094925,1956.04146425636,2204.43114929793,2488.33057101333,3184.58883445671,7828.23742615579,0.999809367706955
"N[13,7]",8300.97484289687,22.9324486763334,1797.8189970789,5417.30040589831,7103.39468954567,8094.26009325271,9236.07043165803,12625.6478344032,6145.97897111282,0.999941852881542
"N[13,8]",6708.17484058341,11.37890281461,1001.14268753193,4940.13392604211,6045.36871172436,6627.89388614832,7276.67961489619,8958.91240348629,7740.8951096968,1.00017207874632
"N[13,9]",17.5915063192132,0.0873454522238574,7.65613498640914,7.22505897229227,12.4035507329641,16.1155313541572,21.1199167152829,36.3039451421447,7683.13684481075,0.999991121624737
"N[13,10]",1.56597992490266,0.0111972044455046,0.906602260062746,0.526518766036064,0.97316919881105,1.34919160541723,1.90849703915848,3.90345941698725,6555.62916911926,1.00055693013594
"N[13,11]",354.067108661852,0.825682568113353,74.2393626471608,228.038589661292,303.091609794954,347.981638334165,396.431802279444,518.477409354003,8084.29658435695,0.99993729027061
"N[13,12]",1505.44359859238,3.92401248365929,355.409154070257,936.163723001137,1257.32432059983,1463.87436508087,1706.20105828522,2325.52451497021,8203.44854278831,0.999664978728754
"N[13,13]",169.566785670414,0.454647156371223,41.2249891662384,103.375720834121,141.237546867983,164.285220521253,192.120243591128,265.141084257872,8221.89908864783,1.00019882843127
"N[13,14]",347.426350348225,1.30462025544893,111.511680659493,178.154568721963,272.333910233257,331.892923488465,404.701922400315,612.929773851967,7305.87922665983,0.999625949821804
"N[13,15]",796.469439830447,2.30404526697289,171.057278860454,516.582401601563,678.003619900828,778.53992169817,892.094178654783,1187.42649234057,5511.89712940034,1.00016454513918
"N[13,16]",245.57187839187,0.812659298521952,74.8301537631156,129.956784393629,194.749857493705,235.060527778069,284.637817169842,420.366102050552,8478.83643398171,0.999838998142408
"N[13,17]",6.07511992906155,0.0176370493715441,1.38467881309548,3.84562235935974,5.1444173242179,5.90339752964634,6.80237715123413,9.3082308722805,6163.76727893208,0.999774737010119
"N[14,1]",293.134416592575,1.32989811096017,79.4857374079536,175.579169088744,238.614651991524,280.741947798157,332.623506224834,480.633532360716,3572.24861910393,1.00010419797147
"N[14,2]",34.8220491276035,0.127883261151569,9.25030353893532,20.2840766305314,28.5350560327684,33.5393321154578,39.571712330678,57.0382646035564,5232.20272193898,1.00053128222013
"N[14,3]",136.291233640841,0.499223784524434,41.2523253464551,71.9786082019547,107.396811037085,131.558264487147,158.501588268495,231.539131216573,6828.20155256912,1.00133872686572
"N[14,4]",1527.33242371331,3.23555682248276,270.227863971077,1057.43114834168,1345.11072877944,1504.4755396733,1679.10478409098,2124.63718287934,6975.28881022497,1.00048615753802
"N[14,5]",48.819306801919,0.145656234287479,12.666572981279,28.8190440568232,40.1336432112633,47.1384460420958,55.708751608014,78.6579558508319,7562.40799412109,0.999970330831955
"N[14,6]",1387.00188211033,5.00471608775534,308.590777223103,913.542901267242,1175.53853608765,1340.98619962588,1545.99520230544,2131.214418087,3801.95518731927,1.00040336012979
"N[14,7]",6355.61484425287,25.9495317201131,1614.4002697505,3907.30223039551,5264.04801645578,6109.43794134327,7166.55097942892,10244.8123993948,3870.46721224952,1.00001120730484
"N[14,8]",6498.77200427274,12.2043878527399,1061.5090346087,4689.03439164243,5799.74416362022,6400.77013354585,7101.07911345979,8822.27747157998,7565.11244744691,0.999660046777695
"N[14,9]",3.34863361178749,0.0484258105249532,2.13529657540441,1.07151159621566,1.97824284433703,2.82109299961869,4.04293926706852,8.92721053141596,1944.29701849688,1.00131589873545
"N[14,10]",2.03530008352292,0.0217974643191926,1.43416806166063,0.592393396157324,1.17658759779073,1.67756986201827,2.45879061744926,5.57119947222708,4329.00554965793,1.00038198247982
"N[14,11]",202.051726802769,0.680621614755105,50.1608961273279,124.321802877764,168.540064976429,194.97950189823,228.043615830713,321.310682277911,5431.49143608122,1.00001804774568
"N[14,12]",748.144873182197,2.65522211525809,205.613333327962,434.982573934722,606.64954252743,719.624660580255,851.355876704165,1237.79315987379,5996.54137040098,1.00054364812144
"N[14,13]",131.773559812433,0.404443205938502,35.9797035558483,75.1435081079137,107.167730559834,127.082374097207,151.405699475474,213.497068913314,7914.07338386949,0.999813059438795
"N[14,14]",117.334732438206,0.986577802427004,51.6410234537388,52.0425785530836,81.4042600443044,106.205930312501,139.620375670584,251.149549807645,2739.85135683024,1.00133844838894
"N[14,15]",820.045333312719,2.24285120094543,195.014066846807,510.732260815929,689.404498660377,796.269764004802,922.409937715494,1274.00793867768,7560.15944231799,0.99987046336276
"N[14,16]",125.620180409472,0.699202035768491,46.9596061039425,62.7187451208648,94.1402123843123,116.779062545065,146.504165165291,241.194954374201,4510.6956255954,0.999978955281216
"N[14,17]",7.02678544808575,0.0280976986721024,1.81533533590802,3.97193874485928,5.78383758025505,6.86932082772039,8.0815460150437,10.9599294205074,4174.19007739204,1.00064374819923
"N[15,1]",365.172952327224,1.1880001189044,87.9831629382369,227.963305091172,303.860385058441,354.096742107928,412.19706725216,574.498321025305,5484.86790679568,1.00001473262843
"N[15,2]",45.6618582401535,0.163698692420415,11.6329044954014,27.4997343506334,37.5216250895928,44.0149777481962,51.8750043518593,73.0901697958919,5049.93635183131,1.00024850700955
"N[15,3]",118.548495536638,0.405566056366659,35.3433689034548,64.3079237002935,94.621810520485,113.402357321605,136.95849360026,202.467498612149,7594.38636150408,1.00035355694917
"N[15,4]",1634.34193976352,3.49030147912752,282.861738109077,1154.76273821597,1444.44882151926,1608.9680977817,1791.52859977237,2264.60190581731,6567.83946149011,1.00046095601029
"N[15,5]",48.9128289499546,0.154934483614976,12.4706504515732,29.7457657597083,40.2244117968974,47.2216470971616,55.6169078043397,77.9795438696254,6478.61294566489,1.00124161234372
"N[15,6]",1845.55838426095,4.32069970452758,375.455319550524,1218.91806833704,1596.52713863767,1799.63390844488,2057.87184030011,2704.43605043172,7551.06758520411,0.999756401233041
"N[15,7]",11442.7153742133,28.1684955883894,2519.13374126277,7178.02042036137,9728.56459378107,11206.2815224669,12847.1214469425,17149.0679698333,7997.88478994336,0.999841707292323
"N[15,8]",8836.09772736546,16.0341500443104,1346.14877625462,6411.81336508258,7924.73338070266,8762.46285611943,9645.58338257935,11794.3336516093,7048.4599246796,0.999677812130314
"N[15,9]",14.3529259287043,0.0769724702176033,6.60460779892199,5.56290502027667,9.80512347140485,13.2135964436646,17.3112934709613,31.0075170969425,7362.46456450414,0.999608331327205
"N[15,10]",21.9560322186533,0.143281562544452,12.4124867648305,6.47992574533539,13.6508636609099,19.5565653937664,26.9146854660657,52.6958107655711,7504.76294807896,0.999756430714272
"N[15,11]",230.953205815836,0.885260033659516,55.2712050281109,145.587160296544,192.311173378098,223.386645969201,260.637508426701,360.573113387833,3898.12849526521,0.999963808927708
"N[15,12]",743.833153695467,2.8091755972324,190.495635511404,447.0609713395,610.996172798623,717.071284778375,843.507106525883,1190.2695017001,4598.45864954186,1.00071951091092
"N[15,13]",111.365492162294,0.836084584540918,34.5741640630254,61.2542103314004,86.9479922728921,105.919350338653,129.40436523134,195.603841839725,1710.02690996107,1.00034252159676
"N[15,14]",238.705725907627,0.941889040509141,81.8976419522882,118.868936243915,182.565188478066,226.187480421522,279.74682077445,428.548072383028,7560.37448331615,0.999928873429019
"N[15,15]",1266.45883666373,3.02226560194193,283.596443896309,793.836183965077,1075.04662276076,1240.27073027421,1421.61731929712,1913.08508916818,8805.14080214685,0.999887652753818
"N[15,16]",244.650636718284,0.897826145530889,78.8189218035126,125.371032604991,189.889895927558,233.46984968583,285.444018113087,431.897563015458,7706.84248350116,0.999865249104597
"N[15,17]",3.09120700263632,0.00774046464388709,0.725814408179529,1.90570199338201,2.60550261489414,3.00871365372147,3.47139152719732,4.77116608189668,8792.59577799997,1.00005618280036
"N[16,1]",725.509274365395,2.59705630175288,175.110510633847,435.039357139344,603.675290294191,710.234783710039,827.108493805536,1115.73727016598,4546.33777823205,1.00053411501966
"N[16,2]",86.3098962226248,0.237638730800472,20.9936391561387,51.9489869832256,71.8575306027258,83.881825019985,98.0433971719152,134.577741278021,7804.42673440421,1.00053747234927
"N[16,3]",148.280833925235,0.496664670143698,43.8223957112338,80.5569840903588,117.809933411085,142.601462513405,172.483480890583,249.666295151309,7785.12690808498,0.99975699706642
"N[16,4]",2415.88909727236,4.84508346951548,409.594969453647,1686.57465833966,2141.30933938119,2390.94512068435,2656.95159624342,3311.48193539605,7146.71891784939,0.999702781669113
"N[16,5]",70.3493150962484,0.191615546693707,17.7395941247134,41.447934200382,58.2243696495686,68.4507190745471,80.2763023303689,109.925743387413,8570.88904735416,0.999876003875108
"N[16,6]",3358.19634963747,12.052848436234,697.192813197992,2135.39744467108,2863.23684343128,3325.72704802818,3788.69259013828,4827.72958300023,3346.00366705121,1.00065160033688
"N[16,7]",19737.9098791877,94.0088391802047,4800.95186486052,11326.0601622764,16396.9504658454,19334.2092559605,22722.0917295322,29919.779505184,2608.0584679002,1.00118200981329
"N[16,8]",9611.48712072726,16.321458096788,1476.7357145989,6946.76754523969,8615.65578845666,9547.2099246561,10480.3636584224,12803.7443400085,8186.29984823971,0.999793318505676
"N[16,9]",38.8559973456998,0.197331984242122,18.0020575695814,15.0316723034182,26.8092442994788,35.4649128996244,46.8416597876379,81.863661219542,8322.41420313094,1.00015929800291
"N[16,10]",133.552433273365,1.08372602456463,78.6779072520574,36.3859909112734,81.4978255749572,118.75854226612,165.233759330186,331.72249765928,5270.67932542608,1.00083960125226
"N[16,11]",472.839342580033,1.144671257008,105.425649744436,294.678216149396,401.757939059182,462.478477151484,532.263963931807,714.165244192579,8482.63962958831,0.999777158800405
"N[16,12]",1362.39672584472,6.05293557486567,363.064132383532,768.859186122405,1103.47006193366,1326.85270161539,1582.32443479046,2150.9738550019,3597.77989037189,0.999706233069936
"N[16,13]",311.272216444337,0.899948871843995,79.7451931814635,180.382472576789,256.590124303075,301.909306165218,355.656826033801,491.968717718364,7851.87460294911,1.00040517628821
"N[16,14]",296.759147473553,1.20221849113097,105.158722068061,146.736063200688,225.448631712962,278.805951109381,347.919902355365,549.516488604239,7651.09848931683,1.00018437759183
"N[16,15]",2150.2789290186,10.4414574376716,521.420696989339,1268.3575448334,1790.3423529325,2107.61143851616,2463.11095644383,3288.30916468394,2493.75788726068,1.0003889173132
"N[16,16]",420.550974445784,1.5217692323297,137.408415741671,212.954967287205,327.050793940085,400.947345576638,490.791008440411,744.863978426131,8153.21822466113,0.999997586691683
"N[16,17]",1.30634327892442,0.00553623349007784,0.333785099228798,0.802981170670651,1.07640911074927,1.25264062772051,1.47844013932621,2.08056815473636,3635.00568025761,1.00067539971225
"N[17,1]",585.518798345447,1.52604909024311,136.485585432821,359.465962882049,492.351567432487,572.172667535241,660.630425851358,905.078960320714,7999.01599523281,0.999756427264974
"N[17,2]",99.39975773448,0.267658343326552,23.8712925405752,60.2221780349044,83.1352178148542,97.0727963757335,112.630666058156,153.563159697601,7954.08630564599,0.999797055286403
"N[17,3]",122.041908774802,0.390903067744449,35.1713631328022,67.0790626090048,97.4617195824538,117.642488932427,140.925955295269,203.818288172738,8095.43599854113,0.999792537251052
"N[17,4]",2083.14733820018,3.7606417973296,339.971698938445,1502.68606056631,1856.2640802311,2053.68729479949,2270.45217895504,2859.64479465191,8172.62541312734,0.999942760929948
"N[17,5]",81.0938719286688,0.216199465590586,19.4363642934268,49.2039281963963,67.4020120173209,79.2833944150534,92.5962114830615,123.967569569945,8082.03689260774,0.999954046031308
"N[17,6]",2574.5178081127,6.04448437955137,501.863044496676,1754.88674807464,2239.15349115263,2520.26495798849,2850.22437837803,3729.05988472696,6893.69261426606,0.99966572242184
"N[17,7]",12860.3074864757,30.8492132067002,2848.79372994879,8163.19053332182,10959.929306483,12563.0096759892,14391.972700034,19217.5304011304,8527.7375398664,0.999815978793768
"N[17,8]",8228.85644556775,20.9904494518188,1317.06801141939,6051.75049022196,7319.33357521465,8082.74690894987,8991.55791252296,11223.1619242576,3937.06810942574,1.00001051067332
"N[17,9]",40.1587178562259,0.218580068671463,18.376512567789,16.1534327295306,27.9825410833172,36.5976188123335,48.2645580661679,83.3986289460714,7068.13890408229,1.00056909407759
"N[17,10]",233.613005345178,1.88440039179622,134.176805912185,62.060530512545,144.377350586923,207.710716052594,291.045359837896,560.407987674043,5070.00662446016,0.999927847275011
"N[17,11]",591.601241010481,1.64625307161771,128.486107333711,372.126650422149,502.326684325086,581.48222372939,665.973806999842,879.024497332652,6091.42844427783,1.0000621484417
"N[17,12]",771.000444799784,2.07380725559567,186.897428499635,468.791321331613,644.093491626828,747.225492766287,869.814842868087,1209.74932473687,8122.12881131878,1.00017261183964
"N[17,13]",477.398787312874,1.75331166956552,120.604560310524,275.631401573083,393.45089001048,465.936656647167,547.750894399454,751.112914539363,4731.61296004439,1.0010001346333
"N[17,14]",291.78743812417,1.50153552634879,101.632420371178,144.676595883019,221.560709305013,274.855082502259,341.767225633652,534.230003605,4581.34832232282,1.00004211035114
"N[17,15]",1330.96103545214,3.45482642610656,292.075950827885,855.565552938364,1136.47285216104,1293.81275505174,1487.6956591833,2016.64712417151,7147.25262115594,0.999791356468681
"N[17,16]",617.114291595617,2.10278031839435,191.531839110572,323.967309588612,487.217820873314,590.207958514682,714.700456098559,1077.81036605217,8296.4853520036,1.00001337821364
"N[17,17]",1.07649232982885,0.00306167883553714,0.247386608940854,0.675734951014087,0.911162929693679,1.04841722987463,1.20623255164443,1.64947061774483,6528.79618294575,1.00006808431675
"N[18,1]",487.27175441355,1.33025423462583,116.374346445882,298.517014665207,408.487643822964,472.980612853426,550.306305849173,758.075819847236,7653.23783481536,0.999923795571495
"N[18,2]",103.993815260334,0.31454439933876,25.2403268082185,63.6634364703823,86.2576811000988,100.526292867057,117.559789715456,163.74333782826,6439.11281594493,1.0006851339538
"N[18,3]",105.271466091039,0.448090607813578,32.1689781127541,56.6448156965156,82.6649658615299,100.503608435929,122.020016160303,181.373932748262,5153.98141831249,1.00028010821843
"N[18,4]",2262.14275494707,4.1328231063359,369.466521246593,1595.69593120549,2019.164405748,2244.12346995035,2474.76201793076,3060.29549991848,7992.01976030983,1.00028367455566
"N[18,5]",102.133303533311,0.40972478904848,26.364116231368,58.6182176089948,83.8987581200228,99.5863360805469,117.369766650892,161.274171537327,4140.39670867139,1.00121553194277
"N[18,6]",2834.51234926813,6.86495645513343,556.880392121154,1875.73106145458,2462.22866602855,2786.89629701787,3157.45968429591,4046.34102779491,6580.33917701368,1.00001558903663
"N[18,7]",8996.31835134269,35.791499776361,2131.32128751204,5687.56213434626,7550.30734681794,8684.72510579396,10108.2271943854,13926.0120814121,3545.99444726401,1.00020865664661
"N[18,8]",10118.1611275196,20.7599537085762,1562.79698215054,7454.76773134202,9076.76240120851,10000.7061299276,10984.8453842275,13506.8563785057,5666.98895597436,1.0004372327813
"N[18,9]",68.2047151504967,0.335664275286957,31.5655929584817,27.2940104147299,47.289407601537,61.7570330158484,81.5617112208617,147.166418593096,8843.36723790794,1.00023395235733
"N[18,10]",136.996992371792,0.881962942949177,82.1070454153269,40.1878574438124,85.2100011963343,120.626956049624,166.374995639607,339.214813934859,8666.82790820975,0.999968451521775
"N[18,11]",571.636864628266,1.3673891853511,123.588689947723,365.83697659519,488.680255580323,558.332865288796,640.631998037178,857.87046987206,8169.08050321408,0.999699849205326
"N[18,12]",634.173827325152,1.93720153753237,158.777246693475,384.658533717147,525.241624469762,612.800540831225,720.826729107332,1007.24891014811,6717.79772997245,1.00004265830356
"N[18,13]",504.639973481987,1.45556058525634,126.543709277526,299.733640379134,416.180817824443,489.741089488063,575.655577192657,800.954722241034,7558.23771845146,1.00015325809961
"N[18,14]",623.007553306395,3.85013987657012,233.583592752893,286.438061870475,458.347919160572,584.506192886133,743.436193430656,1179.34573879023,3680.71043505952,1.00012449096974
"N[18,15]",1058.56517861171,3.28078757255851,241.504335203484,673.122095902767,893.5312209716,1027.62796623279,1187.62983297396,1628.70771145028,5418.6816880041,1.00003658746036
"N[18,16]",902.233853943138,4.14925376408282,288.693511129913,449.819257666853,700.358069714195,862.994250674222,1061.03655502159,1583.70511290236,4840.98850832179,1.00006683499656
"N[18,17]",1.01539938257122,0.00254573214244031,0.234346190941719,0.629723445878744,0.857840009881746,0.986804778780352,1.14423991888748,1.56087927023322,8474.03758292217,0.999735463639409
"N[19,1]",477.055115120255,1.23029995548182,109.05237197851,299.99742901625,402.373619392308,466.050323558839,538.771290912245,718.428644490288,7856.84555202324,1.00018328659646
"N[19,2]",160.738905541629,0.568419912223088,39.3250515222404,96.4570184110042,133.027349785562,156.80026000017,183.7632423966,250.223336726911,4786.30129954414,1.0000845419315
"N[19,3]",184.002169981549,0.648602225774186,52.3926024152248,101.257000527121,147.391347978015,177.609543950116,213.425849607397,304.764150254147,6525.03841199167,0.999830346650018
"N[19,4]",2415.4345981362,4.2448319032231,392.667318719466,1749.45120586627,2148.02871649775,2376.73865412614,2646.18860486833,3279.44749589318,8557.13769520456,0.999994623068775
"N[19,5]",67.8532926644145,0.171633289379584,16.2972800983964,40.9678365744179,56.8063843236987,66.120069895694,76.9021643219639,105.754912937309,9016.27621100452,0.99991897103999
"N[19,6]",2385.51362433296,5.03016916009441,465.619750034958,1594.28599983085,2079.16918656502,2348.60501465892,2635.78967433596,3435.35108855733,8568.35804929512,0.999678201015851
"N[19,7]",9778.65173794217,28.5043079577817,2222.35529998429,6295.12026400859,8293.57052685829,9485.00683476956,10942.0387060847,14855.2748101239,6078.6338395503,0.99985830631399
"N[19,8]",13929.7273492009,23.8220662181054,2056.41628073587,10241.7178347454,12564.9782607501,13815.07842476,15139.1545156874,18358.3686149914,7451.83469018472,1.00032643713313
"N[19,9]",116.351972215887,0.623918181909737,51.6486349899118,44.9788632354538,80.3479264251272,107.673741584832,141.397179308348,240.39839838127,6852.71093685475,1.00013239865059
"N[19,10]",79.963627429279,0.970210778660829,82.0064064078324,12.2942921641739,34.4292582402092,57.9914575657483,97.1571855523527,280.874113124798,7144.36068624751,1.00011239632309
"N[19,11]",606.508868022409,1.48262787231218,131.86529817028,387.220386349487,518.150564666994,593.192120128232,679.245056234004,905.116959658595,7910.36861593959,0.999785692848197
"N[19,12]",569.09471812758,2.09548389786849,145.24717251862,345.656129963747,467.846195671087,548.720961166834,647.104609601339,909.174095790542,4804.48362791717,1.00015999852357
"N[19,13]",442.563997340383,1.17668546228814,107.74597452805,269.742739545001,366.183758448101,430.028840322392,503.490394298475,688.714230114363,8384.58035841322,1.00009741127703
"N[19,14]",407.564006067842,1.64095863965304,137.204877642954,208.62804528557,312.418175711181,384.639408446954,475.422915954971,741.250676256136,6991.07292073661,0.999617273717557
"N[19,15]",1315.41791647444,3.16872904099258,280.864463861365,851.702154494269,1123.96655010378,1285.48603333785,1470.86761357746,1948.98368982547,7856.39624918699,0.999923173860488
"N[19,16]",574.757283508024,3.18304263387609,191.661916896212,293.013805837383,441.352733892597,544.736488339314,670.828011611824,1041.14695748826,3625.65723084369,1.0001249480212
"N[19,17]",1.04690321855517,0.00273933321695749,0.239996587132995,0.655898237894038,0.886441697407659,1.0178620221508,1.17769266677417,1.59409416216217,7675.74262938673,0.999727549899858
"N[20,1]",440.215774542594,1.21628833814454,101.611295000555,276.524156128809,371.108534834634,428.22144771132,496.889257550255,676.513704546813,6979.28426188217,1.00032305512872
"N[20,2]",141.998654634382,0.372645785468914,33.4656291066779,89.1831537721705,118.901422854798,137.81591268981,160.052074090614,221.139665955514,8065.02205590746,0.999888076007546
"N[20,3]",199.157908769474,0.60074053482903,55.8671198555857,109.579849699284,160.323056831701,192.584701967385,231.021967845913,328.522011655606,8648.45821329249,0.999958381998322
"N[20,4]",2807.09506667502,5.17053966171049,452.45664880122,1987.71232820107,2509.69769824196,2778.87476812413,3067.96985000743,3780.85597823824,7657.41529412978,0.999760103461315
"N[20,5]",53.08390580813,0.170335339476127,13.1435352883804,32.3149305856758,43.974688672616,51.3316823226587,60.3160849542549,83.6341631164453,5954.0828049167,0.999713917803308
"N[20,6]",1938.33573333478,6.13947226253191,432.615893979987,1263.21132936954,1648.16423532221,1878.72681818738,2169.58835365042,2946.80367646368,4965.26987950015,1.00018198001061
"N[20,7]",13154.5484905611,32.7530043780008,2815.21011865352,8394.50722135164,11277.6467303267,12888.9101641089,14683.9810563265,19492.6710415285,7387.87167196455,0.999953632907178
"N[20,8]",17582.8611756804,29.1131633688366,2620.58081375711,12709.8396701507,15870.7181732768,17464.4617276275,19194.9531924458,23362.9297718624,8102.44924571269,0.999903309745782
"N[20,9]",130.921676672862,0.619122027128704,58.8244438360659,53.1098305553128,91.5325564631702,119.694091321339,158.16035082064,266.084355166245,9027.40960372598,0.999889533135569
"N[20,10]",34.708492433717,0.317460028384214,21.5850216414962,10.966565432172,20.9110239827629,29.2776136838789,42.0465424952852,90.6141587592578,4623.0317421622,1.00037792027679
"N[20,11]",586.782710460248,1.31577482410784,124.937134130937,375.259972188705,502.752151960147,575.540457242774,657.652974720822,865.247725444174,9016.12521540335,0.999757290180879
"N[20,12]",758.930439720819,1.99819189147394,182.382487967543,459.729379085198,634.707646480048,739.33022928834,859.068637123244,1177.10165791204,8330.89934047339,0.9997537874893
"N[20,13]",418.121714906952,1.15066778829379,101.867667704424,250.836590756529,349.883172846381,407.155572124881,474.405249093975,646.064962338388,7837.4144734544,0.999816520012977
"N[20,14]",447.097691328858,1.73054141397855,147.920591674968,225.357605221109,346.027524695443,426.149868241109,523.557086943456,801.535325130842,7306.22894079551,0.999834514491471
"N[20,15]",1397.02649768484,3.37652480539251,298.840995396365,894.384162667118,1192.33672503468,1368.71889735856,1565.44885000669,2072.47124495436,7833.22244154461,1.00000819411136
"N[20,16]",1064.73830967566,3.94595690540451,329.306753833673,549.908606848955,835.073245408107,1020.60111211076,1244.98211831168,1822.98105554469,6964.60675711293,0.999756500831829
"N[20,17]",1.05890190129194,0.00288384248054907,0.244344697129531,0.667603039998482,0.894639166929038,1.03073423989401,1.18870225906632,1.63515624036339,7178.98038284112,0.999908683223439
"N[21,1]",456.791834310658,1.23524435981023,116.348575457522,270.16195496674,376.201264773407,443.173199360007,519.550198464242,724.89746556195,8871.89475846215,1.00021888389672
"N[21,2]",153.509466948567,0.425682854471571,39.9707985462663,90.4489331951863,126.379892939581,148.154474262397,175.352339753772,247.142325968175,8816.847584707,0.99990740100212
"N[21,3]",195.583778891923,0.615479992704149,59.055102024087,102.888577251848,154.207659126135,187.175719524933,228.089277763163,332.300853002128,9206.33912089109,0.999843895244144
"N[21,4]",2765.94048297873,5.40464395083868,493.670204331772,1912.23776013453,2434.93630362954,2735.14613730534,3047.87621634792,3849.65176819663,8343.33448321153,0.999983399083278
"N[21,5]",63.1141154434353,0.173905323725373,16.6221925736405,36.4669626965003,51.8644936304445,60.9350473971162,72.2907505139288,101.173567639839,9135.89005724958,0.999863680220397
"N[21,6]",2110.67750734511,10.1640792556976,795.997590152565,979.084300139441,1566.39413350912,1980.70283909053,2492.58516221922,4027.62098089109,6133.20413987406,1.00013860020683
"N[21,7]",14737.799366531,40.6487061790238,3436.95165866888,8952.82448953388,12413.9301712551,14439.5645348117,16584.6317436629,22740.9582389778,7149.1332831378,0.999999673689968
"N[21,8]",19992.1188908739,42.0774797627154,3320.78807637274,13861.5427181918,17816.5420360033,19821.6032078459,21951.1588444325,27127.2430367002,6228.49159047293,0.999627084436363
"N[21,9]",167.045533218097,0.989967716050564,82.7323877232187,60.7238960421273,110.893273499426,149.589622354007,201.945554912554,374.537510508816,6984.07755213425,1.00010742706382
"N[21,10]",53.9081513576324,0.334745057750242,31.7464698235704,15.1782054595035,32.596070178375,47.30546541413,66.940751694666,129.236438833783,8994.19980131357,1.00003723900313
"N[21,11]",517.828108911508,1.41787066455765,123.260637191128,321.183524335938,435.798257039907,503.391688344169,583.08870748445,806.791924410949,7557.45522185507,0.999686820393309
"N[21,12]",781.07575027653,2.36328883434676,210.022450171993,453.060632422829,638.062806255159,753.429655001584,890.187959335509,1272.16623653351,7897.64912920383,0.999891176675357
"N[21,13]",430.717414285252,1.24933825322884,115.515576087419,245.113171820996,352.497940606801,415.806922300624,490.813253592714,699.893343357472,8549.11228396951,1.00036562574779
"N[21,14]",503.183219315907,1.96955623392393,181.804523719475,235.579766995227,376.602438349746,474.841803705726,594.984162462065,939.515390134248,8520.64752859553,1.00014210287473
"N[21,15]",1475.29344980554,3.95173151771025,352.139677131826,890.851075139411,1233.74657643509,1441.25348001834,1668.3528761187,2297.52904630051,7940.63185900892,0.999810311728869
"N[21,16]",1262.48916853482,4.70025265109359,423.422852289207,606.3413161216,967.967502246951,1210.46752186726,1489.95940908764,2264.41363850892,8115.32992580749,0.999803484851391
"N[21,17]",1.00592307461055,0.00321267747839754,0.274205149543012,0.594229082041495,0.824703318883093,0.966644074774042,1.14184559744141,1.64648271880838,7284.78863596695,0.999793261477995
"sigma_total[1]",0.538312281772123,0.00109077768403501,0.0875645411570829,0.394104638385834,0.476762744194002,0.529548321023888,0.589378901404294,0.733644149183852,6444.42337314747,1.00014508298606
"sigma_total[2]",0.5658047584077,0.00121352762002621,0.0921023383259645,0.420461593875948,0.502272127521148,0.55407765811123,0.616906594545693,0.778217742119005,5760.25861283574,1.00066797192286
"sigma_total[3]",0.645108906856317,0.00154061698339448,0.105093977480772,0.473459840160262,0.572276591910661,0.634776426137842,0.704193649399164,0.883945577661154,4653.35618037941,0.999966928161438
"sigma_total[4]",0.385213967066724,0.000905347229754156,0.0745987929905691,0.266394902864036,0.332145373371525,0.375231627772603,0.428881578447973,0.554489927908846,6789.42893929547,0.999994495735734
"sigma_total[5]",0.553553120705016,0.00132585747216621,0.0927235240165067,0.404293995504036,0.487416775318389,0.543015996694349,0.607650007266779,0.761015751303393,4890.8706463788,0.999892761526547
"sigma_total[6]",0.451818630712587,0.00102284195666856,0.0876473620788355,0.313800705132753,0.389994371296542,0.440610196888787,0.500917344962496,0.653968536389799,7342.7819328324,0.999866142660106
"sigma_total[7]",0.512031272799267,0.00120406921657099,0.0969296931469621,0.365203361134585,0.442714345159108,0.498163088601012,0.565845754790751,0.738225776977797,6480.53363737305,1.00018580275276
"sigma_total[8]",0.352227733510914,0.000912016258361199,0.0721213679872896,0.23638340719019,0.301429995073277,0.342670031422169,0.393526286058979,0.519565218055441,6253.49418783466,1.00021426993479
"sigma_total[9]",1.01295029879564,0.00173864699063326,0.146531993755207,0.778070643122036,0.909326804091752,0.995222375166386,1.101536959017,1.34299962127219,7103.0045227303,0.99972081008345
"sigma_total[10]",1.20963342081452,0.00261642111198263,0.215077433404795,0.872217441921561,1.05681887269068,1.18021490541427,1.32689732889223,1.72026854728985,6757.31867728398,0.999861331381863
"sigma_total[11]",0.504564140156047,0.000972139575581773,0.0875168270393391,0.364261339348711,0.442624201456488,0.493419279782937,0.555786419017601,0.704281331311615,8104.49354027154,1.00032450230748
"sigma_total[12]",0.560374846189811,0.00106127802941318,0.0958245526091168,0.406471186501301,0.4917084472081,0.547964641879552,0.61745740835985,0.780470573575194,8152.58345920015,1.00030359317272
"sigma_total[13]",0.568940277186772,0.00106480292177936,0.0967307109979555,0.414622923074552,0.500961611395824,0.556900160751661,0.623415793369543,0.791392259142579,8252.59042436244,1.000123736716
"sigma_total[14]",0.750539954788351,0.0017735230606203,0.128011568508918,0.54949438531488,0.660159967940432,0.732839282068747,0.821678505198967,1.04026052095318,5209.84446718901,1.00071878150514
"sigma_total[15]",0.510772506231646,0.000986222346128359,0.0873314446863711,0.37023197796239,0.449113156166829,0.500286261641159,0.55918801858949,0.717705996239165,7841.36395071729,1.00028166516132
"sigma_total[16]",0.704393180605668,0.00146531043470022,0.117010467163328,0.514928766772704,0.622057016474538,0.690508674610296,0.772652760360728,0.970995450355276,6376.61419975887,0.999923017623883
"sigma_total[17]",0.537875549507679,0.00171742729522487,0.117153864375512,0.361935138767531,0.454530210171099,0.51968554615144,0.600913437931686,0.813977720784069,4653.25138582232,0.999979808733706
"prop_proc[1]",0.674098645640532,0.00453363279763317,0.130645884559343,0.374662492830652,0.598519501001743,0.687299989273164,0.766490435196,0.889280801656756,830.421881882953,1.00137339865178
"prop_proc[2]",0.700739731614947,0.00438982302095274,0.121491254182082,0.438930009459263,0.624623535570283,0.709166324664181,0.785430074515521,0.913705003685402,765.942216883463,1.00239119108346
"prop_proc[3]",0.644064921582493,0.00506250044610444,0.147996345425542,0.280297472928967,0.561668989740541,0.665783926843267,0.748830901927454,0.875696986896613,854.617601918652,1.00186030653818
"prop_proc[4]",0.697222550082946,0.004330765550159,0.122803724042777,0.429956172319069,0.61967632038519,0.705712189837381,0.785540855074647,0.905952734091649,804.069756354532,1.00206473345592
"prop_proc[5]",0.661017352220189,0.00460432888332413,0.134457364825772,0.347721301881112,0.582331986609083,0.675302028448361,0.754978829699571,0.882187407624716,852.779037367232,1.00278162384039
"prop_proc[6]",0.685022041520385,0.00470104416408134,0.132647864876784,0.386946046995101,0.605034402752943,0.698542019731363,0.776354522019398,0.908530674874114,796.18110264553,1.00305364164325
"prop_proc[7]",0.695416471355548,0.00460574273130941,0.132061455777777,0.400076498770785,0.617112027940016,0.707628193927522,0.789058221711012,0.918144093866851,822.153310833508,1.00324912111782
"prop_proc[8]",0.687783346414321,0.00451294769871814,0.131824304911197,0.393404862866799,0.608999731085619,0.699068752234899,0.779127295457267,0.913367872183866,853.238373599897,1.00191972950171
"prop_proc[9]",0.688269533668893,0.00439943113675134,0.117910614276954,0.44029771381326,0.61271623997483,0.696740678394245,0.771165507664923,0.8963827391811,718.311394168781,1.00392153780585
"prop_proc[10]",0.715851728279442,0.00414620409402161,0.117271018121075,0.464973603462228,0.639472907516848,0.723713552333774,0.798263263517942,0.923474188078071,799.981675288343,1.0035232883176
"prop_proc[11]",0.682872001705985,0.0043961112438279,0.129427010654506,0.389584286254704,0.604708217913216,0.696023901609068,0.775405158430843,0.897042351699257,866.787208221547,1.00210827243926
"prop_proc[12]",0.676230753046277,0.00461517016470857,0.132504662506487,0.384858839614232,0.598553199964603,0.68873157079548,0.769409282423855,0.899498008117519,824.303006240541,1.00142265513194
"prop_proc[13]",0.669654014787678,0.00461258438834785,0.128438451254549,0.386311237050535,0.590349066372918,0.681639896965995,0.759972575207748,0.887825187940915,775.356568937931,1.00161214955291
"prop_proc[14]",0.644648583329785,0.00440807570262718,0.138784524176173,0.326992928354893,0.562266758877057,0.66245992346907,0.743180870947467,0.872869867825552,991.25180897678,1.00184992424856
"prop_proc[15]",0.684882713309162,0.00473686071000432,0.132273182713618,0.390383891208004,0.606597316493667,0.697721405989063,0.777478627197032,0.90697900791508,779.762559424267,1.00132693440696
"prop_proc[16]",0.656652381488025,0.00423104442777847,0.129773282815303,0.366881701489158,0.576080000751095,0.669821968352199,0.747785908623496,0.877570861726742,940.752563835193,1.00300844133634
"prop_proc[17]",0.698212291428801,0.00457095560422216,0.12597517701723,0.414947432521541,0.621261341829432,0.707798368644295,0.787010160009761,0.912734651891333,759.549265668636,1.00359565044678
"sigma_rn[1]",0.440714004306767,0.0020291381954367,0.0911746753732326,0.28248414542358,0.37761543864413,0.433309477961045,0.494313207084892,0.639522922236036,2018.94830782548,1.00027996525667
"sigma_rn[2]",0.472284710352001,0.0020686922015386,0.0915236647379875,0.318379623858285,0.409357335456006,0.463340484536489,0.524138283824239,0.682022797570005,1957.3795587554,1.00016759317074
"sigma_rn[3]",0.516754204626079,0.00320348440468007,0.120208992118428,0.286010132364591,0.438688534660901,0.514105740986328,0.589696043496921,0.76796053464053,1408.0843887822,1.0008619916535
"sigma_rn[4]",0.320911715209034,0.00138484079580594,0.0719296936645458,0.202947488850554,0.269717965060951,0.31280887694719,0.362809294212153,0.484136912175419,2697.84331836785,1.0002879123236
"sigma_rn[5]",0.449518826410959,0.00251951430361498,0.100092732072089,0.277550791692587,0.379679986265487,0.441397676356639,0.510360476214872,0.669319895309733,1578.23412952092,1.00054462660254
"sigma_rn[6]",0.372463300133872,0.00162603389435689,0.084467884048732,0.230761944800682,0.314805971819518,0.363920025242776,0.421478742200876,0.561971896515175,2698.5100627965,1.00074518061768
"sigma_rn[7]",0.425574687886818,0.00205804753582929,0.0951385710702443,0.27069631349731,0.359187682006829,0.414264809614193,0.481736551884294,0.641253177977853,2136.98977996653,1.00144223702572
"sigma_rn[8]",0.291545851215893,0.0014428750300213,0.0707887568628409,0.17504883429028,0.241975119452423,0.283767288839316,0.331876313976924,0.455450651107005,2406.97254141852,1.00047948851087
"sigma_rn[9]",0.838823677681701,0.00384682259210596,0.15284307798697,0.573159469266951,0.73137858710507,0.826364321101692,0.932464012924316,1.17123328569342,1578.65501693934,1.00025948927636
"sigma_rn[10]",1.01935854061228,0.00351761898651084,0.198925880485006,0.699929707374567,0.880933739055695,0.99482164614067,1.13041696297972,1.47403765423295,3198.04804920835,0.999894004320376
"sigma_rn[11]",0.415936266892405,0.00188771536847433,0.0889096703611393,0.264115703905227,0.354570498341913,0.407589100547712,0.468559595063313,0.613298413872006,2218.32399574103,1.00106149710547
"sigma_rn[12]",0.459931291956844,0.0022510142617785,0.10005044189963,0.290141396520181,0.390455590662405,0.449713340303954,0.519480946008013,0.683309829320985,1975.52044742103,1.00044510287107
"sigma_rn[13]",0.464685495859435,0.00236331070794103,0.0994994083553638,0.295572310930964,0.394998066665956,0.456012595730228,0.523530195649355,0.68751095410953,1772.5534964352,1.00068561800115
"sigma_rn[14]",0.601592020602286,0.00330074086766107,0.138535149526071,0.362809298555368,0.506171235059987,0.58919811764568,0.684973374424319,0.910379328497172,1761.55859939781,1.00135208614787
"sigma_rn[15]",0.421512055142356,0.0019630257218568,0.0892446648668583,0.266916053565254,0.360894311458113,0.41347296863871,0.472276003307947,0.621152082641634,2066.86706757287,1.00055847231903
"sigma_rn[16]",0.570163384276705,0.00296665281856707,0.124491087889262,0.356899466602731,0.484183788993291,0.559608418657267,0.645196163459219,0.851083535526224,1760.93398386681,1.00104261933968
"sigma_rn[17]",0.448659592122838,0.00242755712340864,0.112184737901708,0.274776721584598,0.369576371871252,0.431646571731067,0.511729901563932,0.710515551807015,2135.64291317774,1.00041170331579
"sigma_wn[1]",0.299246099760678,0.00203351401262689,0.07320197269496,0.178384227160783,0.248989577494214,0.291994869797413,0.341489623017315,0.464144323784181,1295.83955035935,1.00136285719242
"sigma_wn[2]",0.30161432658154,0.00230978754582595,0.0788542864446604,0.161230386421615,0.249318643699847,0.29527992525829,0.347892353548862,0.471648412265851,1165.48460595765,1.00284742900657
"sigma_wn[3]",0.372555065728341,0.00227452399300643,0.0832415211864822,0.230398614486259,0.314672107857996,0.364944320313928,0.421229563484594,0.559443828856329,1339.36507870445,1.00116124767424
"sigma_wn[4]",0.206348377032389,0.0015409627442422,0.0567209936219017,0.111188272169764,0.167315355541658,0.200688719574566,0.239468659706459,0.333185807531065,1354.88795625722,1.00157799837823
"sigma_wn[5]",0.312788400843251,0.00194315631735483,0.0713947483981329,0.188572536034476,0.263959907957979,0.30504266003482,0.354484452173466,0.472459803043642,1349.94805400278,1.00250659096945
"sigma_wn[6]",0.246860660572399,0.00198700329354155,0.0708433127411408,0.127715980971573,0.198455370056281,0.239330914328035,0.287393827684202,0.404878515559773,1271.16096663836,1.00134047363809
"sigma_wn[7]",0.27431748671218,0.00208972620612591,0.0784657259777775,0.140905941330468,0.221388426742284,0.266966248146438,0.319585261603147,0.44816874474272,1409.87697009305,1.00167041952604
"sigma_wn[8]",0.19075996103674,0.00143296601144435,0.0535425842302825,0.099941690033102,0.154230043405905,0.184352458227545,0.222296521336789,0.31189014734771,1396.13327534867,1.00146548801983
"sigma_wn[9]",0.551848385909102,0.00363050748280358,0.126567617732498,0.3247734194578,0.467150780891357,0.544452527849548,0.626261380462256,0.834503887999268,1215.37567305736,1.00399716600506
"sigma_wn[10]",0.630335204693387,0.00513655481519403,0.182999603406544,0.312630203781253,0.506893963497487,0.618680291872254,0.734486686504273,1.0357484796282,1269.27709478965,1.00276635215402
"sigma_wn[11]",0.276370501585183,0.001894035586386,0.0704006750576506,0.154893849159679,0.228954166690525,0.270737083216035,0.316815506340207,0.437013705103607,1381.58426364057,1.00130662657101
"sigma_wn[12]",0.309437855032828,0.00213095409726605,0.0768406421177016,0.171842207116594,0.257904696278977,0.302452476976919,0.355326748240227,0.480422700043911,1300.27071490543,1.00131818350186
"sigma_wn[13]",0.318301000752405,0.0021059260730835,0.0768271160710794,0.186321233652921,0.265876360762394,0.311813454712782,0.363085249883282,0.485915250256289,1330.8920133923,1.00098645966813
"sigma_wn[14]",0.43452832609964,0.00236226939332756,0.0988885499576035,0.269700923851159,0.366937860947237,0.423763871179417,0.49220730319709,0.649504591856284,1752.3997045021,1.00067065474328
"sigma_wn[15]",0.278533641166952,0.00212393417638277,0.0727875451975085,0.154756652273354,0.228390776762096,0.272958510654918,0.32175318014559,0.440350875489225,1174.44325791473,1.00120284039339
"sigma_wn[16]",0.401593952865428,0.00224453505124586,0.0894450080866925,0.245728768387452,0.34053346675584,0.393923638178238,0.454747148172825,0.597430729616823,1588.03266589683,1.00221185429861
"sigma_wn[17]",0.286676321210325,0.00214310934343235,0.0834967397168318,0.148522591238057,0.22902906648616,0.27747661833062,0.334075552582078,0.473730749788148,1517.92521935115,1.0019397474505
"Omega[1,1]",1,NA,0,1,1,1,1,1,NA,NA
"Omega[1,2]",0.168731833926919,0.00266478408257208,0.195331923493458,-0.220084534267125,0.034972638654754,0.172374850598703,0.307601064198484,0.535320683756341,5373.0688097156,1.00099608808317
"Omega[1,3]",0.163880156776962,0.00320397262257281,0.207045521015228,-0.25234277991108,0.0249242062473972,0.169615031500876,0.309609105320067,0.547410384958434,4175.93843109183,1.00013344400084
"Omega[1,4]",0.158106507085013,0.00247742482343635,0.20367079904593,-0.253606575698894,0.0203717383789174,0.163604976714973,0.303027627575688,0.532810054028532,6758.5972110102,1.0000828493838
"Omega[1,5]",0.0713958475339077,0.0027823182851966,0.202866350217743,-0.333818161294416,-0.066040316561854,0.0761659040508007,0.216707197901538,0.446492530977923,5316.26243894296,0.999832203158353
"Omega[1,6]",0.207658841702672,0.00264445126408621,0.210945506941056,-0.219459610785304,0.0653747870714627,0.214225052859507,0.357003850774934,0.597204865278638,6363.10989463821,0.999884040342592
"Omega[1,7]",0.179572467098875,0.0023306119452915,0.203140365362417,-0.238333848674819,0.0459363213153946,0.185605833808511,0.322085316403112,0.555417168497152,7597.18185572874,1.00035327404481
"Omega[1,8]",0.0866252356833989,0.00255744191559245,0.208643724511251,-0.335797929968937,-0.052576999715623,0.0911857448692298,0.231450938086298,0.473537646432447,6655.78210636452,1.00016632831307
"Omega[1,9]",0.144577333963382,0.00238928432775566,0.18746238391055,-0.229752520843382,0.0153284207301984,0.145809595092357,0.275898601792346,0.503419382280857,6155.91482633765,1.00015941919331
"Omega[1,10]",0.0658057058432586,0.00199798649362239,0.180582193044122,-0.299740188985758,-0.0553125033954454,0.0698257315832611,0.190101594666065,0.403566499846242,8168.92200809054,1.00004029406799
"Omega[1,11]",0.22567907310205,0.00269804042868853,0.203046007521373,-0.182482746177518,0.0896423827871201,0.232213286191835,0.370244273884804,0.596570070581035,5663.59256180388,1.00074639449406
"Omega[1,12]",0.19406755773341,0.00235349328022139,0.203956131250937,-0.225767971534585,0.0589558107091608,0.20409724536824,0.335934264958902,0.566742970617225,7510.13261012734,0.999568866993585
"Omega[1,13]",0.116494117298291,0.00227588731367156,0.196292217921726,-0.267450927034261,-0.0178082855657652,0.118474180420174,0.253697578660921,0.494184845967474,7438.83035181908,1.00051533901643
"Omega[1,14]",0.12709105427086,0.00235670607288345,0.202464461886953,-0.275946515867762,-0.0152515318790144,0.131203486099776,0.269219964624591,0.516937668967276,7380.51666569879,0.999778954995391
"Omega[1,15]",0.217844542974773,0.00287430296004255,0.202644245663037,-0.200950441417094,0.0829193747458309,0.224610781284229,0.360280968666589,0.588692665167771,4970.53879218863,1.00055035242555
"Omega[1,16]",0.0627915094809513,0.00221009178590846,0.198006895404721,-0.3288659666516,-0.0706595372786675,0.0625306909013127,0.201305720029485,0.441826746892691,8026.75501241375,1.00001129504854
"Omega[1,17]",-0.0503083683414224,0.00241196449694693,0.202018426843514,-0.435107538824286,-0.189740207583037,-0.0518828822823894,0.0913349254178198,0.345017352686805,7015.20146745669,0.999697921018071
"Omega[2,1]",0.168731833926919,0.00266478408257208,0.195331923493458,-0.220084534267125,0.034972638654754,0.172374850598703,0.307601064198484,0.535320683756341,5373.0688097156,1.00099608808317
"Omega[2,2]",1,1.04535797924906e-18,9.36783527868144e-17,1,1,1,1,1,8030.60775960317,0.999499874937461
"Omega[2,3]",0.19793219281893,0.00284095636003668,0.197499749516427,-0.196472074009768,0.0673828938406002,0.206880781181096,0.335478458980385,0.562046035332839,4832.85731423863,1.00027683296985
"Omega[2,4]",0.176643791237648,0.00261780314013484,0.195547635987549,-0.220511038975871,0.046988968159777,0.180494191557741,0.313675722254733,0.539197722502417,5579.9611018501,1.0000517190776
"Omega[2,5]",-0.106855395873295,0.00263372239871906,0.196045070319166,-0.474003557230128,-0.245427942199346,-0.109708446982242,0.0270981776158776,0.284654881393481,5540.79213583046,1.00027679557192
"Omega[2,6]",0.149608670461821,0.00248749487965737,0.195995969916571,-0.242325678889502,0.0191774558550348,0.153451051384865,0.286698961617668,0.512924085136802,6208.2599321438,0.999812403866051
"Omega[2,7]",0.123658515584389,0.00228528419662777,0.200033494807545,-0.28168123611089,-0.0118760354290091,0.128977187119602,0.26613968536493,0.494981122250222,7661.6977006687,1.00018261583449
"Omega[2,8]",0.141481125680838,0.00258373281169251,0.203192399710319,-0.261483192819076,0.00181725398060607,0.144077621918851,0.284893116685392,0.524179398207644,6184.7153736511,0.999741072646193
"Omega[2,9]",0.253333129290484,0.00231009008447868,0.178385686966268,-0.119121546710236,0.137764972399749,0.258658616191075,0.37954973437478,0.580752783115099,5962.96387593242,0.999921818505517
"Omega[2,10]",0.0547175326746961,0.00193091771050814,0.181048356653951,-0.305766346514539,-0.0659918038044901,0.0536120597978867,0.17948990727908,0.408238736921128,8791.47291429879,0.99986614750292
"Omega[2,11]",0.175647069057099,0.00222226940198903,0.193194278691633,-0.214393050193256,0.0469500529320406,0.180700932850694,0.311260348453332,0.534677363290475,7557.79501622152,1.00015394874742
"Omega[2,12]",0.0632550090732282,0.00224445029590141,0.194129582447433,-0.319753235029946,-0.0706643673374585,0.0654944217782953,0.197461425218973,0.435756522729025,7481.06548529401,0.999699897384894
"Omega[2,13]",0.118291492942328,0.00216789868855049,0.191220905858965,-0.255890965468722,-0.0143977080833738,0.123460775382443,0.250524902031255,0.485988132412568,7780.23611426412,0.999694982768085
"Omega[2,14]",0.15648441859441,0.00251675563591327,0.196292336315629,-0.22574127593643,0.0234482162110954,0.159051439163966,0.296057354395862,0.529493090008993,6083.0948553814,1.00013333146467
"Omega[2,15]",0.109165030294133,0.00217007479371106,0.192569758774826,-0.265529819405796,-0.0220267725863111,0.108657430760709,0.246610620982565,0.472401977010245,7874.56854648337,1.00007268031243
"Omega[2,16]",0.149176848545546,0.0023526977953044,0.196022840862878,-0.240102084756528,0.0142104730737356,0.151036791953736,0.287764316544744,0.517620692841983,6941.94337478872,1.00002223867912
"Omega[2,17]",-0.0247444568260657,0.00211091990221901,0.196476864339229,-0.40643743363185,-0.160816508850781,-0.0267708150233758,0.111100822793068,0.362025835206501,8663.21968963333,1.00001007498877
"Omega[3,1]",0.163880156776962,0.00320397262257281,0.207045521015228,-0.25234277991108,0.0249242062473972,0.169615031500876,0.309609105320067,0.547410384958434,4175.93843109183,1.00013344400084
"Omega[3,2]",0.19793219281893,0.00284095636003668,0.197499749516427,-0.196472074009768,0.0673828938406002,0.206880781181096,0.335478458980385,0.562046035332839,4832.85731423863,1.00027683296985
"Omega[3,3]",1,1.01116105180335e-18,8.7995490095921e-17,1,1,1,1,1,7573.21284727198,0.999499874937461
"Omega[3,4]",0.0857103472001791,0.00244755168187057,0.21136988400053,-0.329526210542098,-0.0584723398080533,0.0868577478552608,0.230418799538381,0.495212403826919,7458.001666733,0.9999137310987
"Omega[3,5]",-0.0305947769191338,0.0027398178282142,0.210903037465149,-0.434392843245282,-0.176201241395942,-0.030435876048959,0.114843237678277,0.380040337690415,5925.46305255465,0.9998827542793
"Omega[3,6]",0.0515189514715121,0.00238829311219941,0.213314097005833,-0.361105618413287,-0.0973538890016126,0.0534569084205754,0.199979518249961,0.469523658467517,7977.44579241141,0.999864044359851
"Omega[3,7]",0.0797136278960223,0.00237482757479777,0.213741463121424,-0.347488118622091,-0.0655417622551292,0.0828535126999227,0.23009959459093,0.477505747503537,8100.52916290397,1.00023096370895
"Omega[3,8]",0.145466281768518,0.00237955612702432,0.212245641409179,-0.282813668875542,0.000358566330757824,0.15015413107192,0.297534852664998,0.539979967870735,7955.83293815653,1.00010174529658
"Omega[3,9]",0.0291133549554137,0.0022869552237749,0.192135338868064,-0.345630403943634,-0.105746214072114,0.0278969286257088,0.161321319962918,0.400107194889279,7058.28479980537,0.999673340929992
"Omega[3,10]",-0.0763026259249943,0.00206925094920766,0.189476663884223,-0.437530479024864,-0.206379024092559,-0.078070659267251,0.0520986322070557,0.296910189234827,8384.65374986861,1.00000995255055
"Omega[3,11]",0.131862835047535,0.00239052860855023,0.203571960130409,-0.279181633364017,-0.00796896535066495,0.139031459358282,0.27839460530797,0.504471109538131,7251.83686461615,1.00040409186698
"Omega[3,12]",0.0393846418615066,0.0023961653345043,0.208334360888479,-0.362927966620265,-0.103398404875449,0.0408298199543223,0.185102783263486,0.436530881965881,7559.41603489378,1.00002059172545
"Omega[3,13]",-0.00222881408341578,0.00228853889275763,0.208161103893697,-0.395905501045703,-0.14730290932279,-0.00372498513119926,0.144871747607989,0.398099423301366,8273.37233343379,1.0007899098053
"Omega[3,14]",0.0103056633842773,0.00230726376908611,0.209067154946022,-0.38053061520061,-0.135507246519318,0.0104793554175369,0.149089626648109,0.4276795574842,8210.64217467178,0.999870177294108
"Omega[3,15]",0.178066722892411,0.00239664389165056,0.206271905136663,-0.24185441241552,0.0417583509141824,0.18630862685926,0.321243795752408,0.558149343521062,7407.52527951876,1.00019225283648
"Omega[3,16]",0.0192677690390072,0.00227302672186155,0.206063091095786,-0.383471055133083,-0.124008154300941,0.0226288113569711,0.161654079554665,0.416439923304101,8218.47688174736,0.999944689202173
"Omega[3,17]",0.0420913591751822,0.00223935522741629,0.209281899912243,-0.36427598362128,-0.100750507453235,0.0421727785449978,0.187246868899425,0.447358842527006,8734.08384686376,0.99968820522946
"Omega[4,1]",0.158106507085013,0.00247742482343635,0.20367079904593,-0.253606575698894,0.0203717383789174,0.163604976714973,0.303027627575688,0.532810054028532,6758.5972110102,1.0000828493838
"Omega[4,2]",0.176643791237648,0.00261780314013484,0.195547635987549,-0.220511038975871,0.046988968159777,0.180494191557741,0.313675722254733,0.539197722502417,5579.9611018501,1.0000517190776
"Omega[4,3]",0.0857103472001791,0.00244755168187057,0.21136988400053,-0.329526210542098,-0.0584723398080533,0.0868577478552608,0.230418799538381,0.495212403826919,7458.001666733,0.9999137310987
"Omega[4,4]",1,1.13161841581382e-18,9.51877463058056e-17,1,1,1,1,1,7075.58049263686,0.999499874937461
"Omega[4,5]",-0.135291059799853,0.002577754354848,0.200932763465364,-0.516142385708702,-0.278375793638341,-0.139833691631789,0.00369964523928945,0.258976664095434,6076.00966454556,1.00030021672642
"Omega[4,6]",0.19698372203001,0.00235859247302146,0.202456403410518,-0.216007696919789,0.0616083325127269,0.202339800274027,0.341683187211442,0.570384023851417,7368.12895914606,1.00020983061906
"Omega[4,7]",0.0759612317566882,0.00237734877325598,0.205257956815729,-0.330421877031703,-0.0621669829074119,0.0786320729378729,0.216488845564498,0.469318919588344,7454.42590494836,0.999625682049831
"Omega[4,8]",0.093989998457403,0.0024106601082457,0.205201006250286,-0.314981992869749,-0.0458984510880435,0.097507114035175,0.239145806665434,0.488970541155247,7245.81113513463,0.999926878063475
"Omega[4,9]",0.131529066138321,0.00238785583410355,0.186644140808282,-0.247504721726565,0.0112443068809103,0.134578907178766,0.259020316759474,0.486171766220181,6109.59632228323,1.00022924037442
"Omega[4,10]",-0.038387372768018,0.00205801325654071,0.182993734350757,-0.393308897265371,-0.165323898876574,-0.0405193537179616,0.0852852495262194,0.321814363698549,7906.35123892947,1.00018837811058
"Omega[4,11]",0.154137042664635,0.00219003535036673,0.200382682835581,-0.259628156639563,0.02189029225047,0.16128970491571,0.296626155305549,0.526191214553496,8371.78610281652,0.999763492948549
"Omega[4,12]",0.172262633131405,0.00236691162178943,0.203617960535347,-0.235075111356898,0.0360414437510506,0.179570260966233,0.315721274183065,0.552171384941512,7400.61961035592,0.999934061332476
"Omega[4,13]",0.044223280852987,0.0022906208414117,0.199364096740289,-0.355650023145251,-0.0893514517767777,0.0457098287245077,0.182975694098426,0.422772072179363,7575.08452307273,1.00000804698997
"Omega[4,14]",0.112836231053052,0.00238241994499054,0.201787936915908,-0.285681342983559,-0.0237611524476428,0.11550869378743,0.252556516326998,0.492708632165446,7173.8743835631,1.00011391018554
"Omega[4,15]",0.162131784882534,0.00251550964514329,0.199855947493097,-0.243528284661778,0.0265384448173988,0.167724349181857,0.302661664581508,0.532987167185334,6312.22077250355,0.999719600296375
"Omega[4,16]",0.0563976953204907,0.00226503980583088,0.19710033157074,-0.335687875612787,-0.0771659814482666,0.061614611559595,0.191550810345811,0.431124376220351,7572.2166704294,0.999760156133669
"Omega[4,17]",-0.0586261738505345,0.00235889045370535,0.204488661952211,-0.44413307040755,-0.200414471053278,-0.0628892890938565,0.0800726741632521,0.361376266047738,7514.89506618691,1.00013315181742
"Omega[5,1]",0.0713958475339077,0.0027823182851966,0.202866350217743,-0.333818161294416,-0.066040316561854,0.0761659040508007,0.216707197901538,0.446492530977923,5316.26243894296,0.999832203158353
"Omega[5,2]",-0.106855395873295,0.00263372239871906,0.196045070319166,-0.474003557230128,-0.245427942199346,-0.109708446982242,0.0270981776158776,0.284654881393481,5540.79213583046,1.00027679557192
"Omega[5,3]",-0.0305947769191338,0.0027398178282142,0.210903037465149,-0.434392843245282,-0.176201241395942,-0.030435876048959,0.114843237678277,0.380040337690415,5925.46305255465,0.9998827542793
"Omega[5,4]",-0.135291059799853,0.002577754354848,0.200932763465364,-0.516142385708702,-0.278375793638341,-0.139833691631789,0.00369964523928945,0.258976664095434,6076.00966454556,1.00030021672642
"Omega[5,5]",1,1.00601374134705e-18,8.54817011247484e-17,1,1,1,1,1,7220.02143167168,0.999499874937461
"Omega[5,6]",0.0323777012163326,0.00257799067300074,0.207947341135289,-0.380309389905576,-0.107251490275678,0.0355872362002082,0.17674769203856,0.42862082211106,6506.44944901046,1.00025597173701
"Omega[5,7]",-0.0530470815358743,0.00242697398659224,0.205496259990829,-0.441755112130328,-0.197528781796885,-0.0552095082295007,0.0895603257018229,0.346717175596028,7169.31399384622,1.00020658993903
"Omega[5,8]",-0.0569618524308702,0.00245089671804276,0.20414195657148,-0.452921118305318,-0.201426732278898,-0.0556637298796895,0.0845940314839612,0.337495564680871,6937.68417093204,1.00007909593741
"Omega[5,9]",-0.0139212928668528,0.00240542117882475,0.188389469854312,-0.374057172044919,-0.145791811407577,-0.0148344405800663,0.115502943102074,0.349695322375609,6133.81943235471,1.00000099176911
"Omega[5,10]",0.105607082466041,0.00207330019274174,0.187239557883177,-0.262380226099526,-0.0225666326884225,0.109772710663117,0.236111106568597,0.468987821269621,8155.88019909584,1.00016886343316
"Omega[5,11]",0.0264574770724032,0.00234038732393762,0.199470732613307,-0.369899784062584,-0.111307870428136,0.0299223380007086,0.166091425123213,0.412363780391996,7264.11801207942,1.00000966622059
"Omega[5,12]",0.031088433952755,0.00261463908752743,0.203464653354588,-0.382045744818611,-0.105687740722374,0.0320886492273567,0.17132465158044,0.419225753870313,6055.56188724171,1.00055862174188
"Omega[5,13]",0.124141418553659,0.00239107497551968,0.203080120783928,-0.283058852005291,-0.0134408316009315,0.128983173153596,0.269137626181319,0.499352041790611,7213.53988747303,1.0000044718712
"Omega[5,14]",0.0295385414575456,0.00235117266210563,0.203795647526637,-0.364176700884105,-0.111056059549367,0.0313887861792475,0.172496895809307,0.416488301860702,7513.1275558755,0.999798579656317
"Omega[5,15]",-0.0375472129989106,0.00241248944392188,0.202155213030119,-0.427923157737225,-0.177937245030635,-0.0377571223756483,0.10204446620902,0.358861414346668,7021.64787905856,0.999835217062264
"Omega[5,16]",0.0194857383951112,0.00242809556845524,0.201081933907472,-0.367885452096797,-0.120351132131725,0.0183286579121386,0.165045369031824,0.408504176518515,6858.26961341608,0.999890015906931
"Omega[5,17]",-0.0767884416831433,0.00224906947071377,0.202469094262273,-0.464746422381264,-0.221415911346017,-0.0764169985778322,0.0658509695548981,0.318163169829709,8104.22965288112,0.999976737898457
"Omega[6,1]",0.207658841702672,0.00264445126408621,0.210945506941056,-0.219459610785304,0.0653747870714627,0.214225052859507,0.357003850774934,0.597204865278638,6363.10989463821,0.999884040342592
"Omega[6,2]",0.149608670461821,0.00248749487965737,0.195995969916571,-0.242325678889502,0.0191774558550348,0.153451051384865,0.286698961617668,0.512924085136802,6208.2599321438,0.999812403866051
"Omega[6,3]",0.0515189514715121,0.00238829311219941,0.213314097005833,-0.361105618413287,-0.0973538890016126,0.0534569084205754,0.199979518249961,0.469523658467517,7977.44579241141,0.999864044359851
"Omega[6,4]",0.19698372203001,0.00235859247302146,0.202456403410518,-0.216007696919789,0.0616083325127269,0.202339800274027,0.341683187211442,0.570384023851417,7368.12895914606,1.00020983061906
"Omega[6,5]",0.0323777012163326,0.00257799067300074,0.207947341135289,-0.380309389905576,-0.107251490275678,0.0355872362002082,0.17674769203856,0.42862082211106,6506.44944901046,1.00025597173701
"Omega[6,6]",1,1.13922225107868e-18,9.06861537825192e-17,1,1,1,1,1,6336.72773809915,0.999499874937461
"Omega[6,7]",0.107566836421991,0.00250940435306724,0.204194567872527,-0.304460049587842,-0.0278819956065551,0.111942916806042,0.252376136057388,0.485936477136911,6621.35807961911,0.999643453884612
"Omega[6,8]",0.0426665205169441,0.00259872114288547,0.209880620316574,-0.373488512625395,-0.099983555379394,0.0451040203395675,0.190004215048478,0.442178815647879,6522.66867385346,1.00032183987844
"Omega[6,9]",0.149580971478798,0.00250327964905561,0.190343342256317,-0.239691542434492,0.0216130972497782,0.157419660312689,0.283829376813789,0.501090781808711,5781.71452475411,1.00071377846706
"Omega[6,10]",0.105983104515021,0.00236704647017507,0.18167898288336,-0.253238392675944,-0.0195457798105083,0.110000013808409,0.233329853240242,0.449615320255642,5891.09208606599,1.00005997598975
"Omega[6,11]",0.141575649583979,0.00262098331471596,0.211254801448266,-0.283673829013397,0.000858095825202662,0.148329355696543,0.292898271943657,0.533585787209161,6496.57811107275,1.00048900496544
"Omega[6,12]",0.162452742862652,0.00257653698324437,0.204544830716331,-0.247948678804506,0.0219874508683457,0.167585305173285,0.306502884508297,0.546668337397729,6302.37521534803,1.00047802526832
"Omega[6,13]",0.0762071284184226,0.00238837602631994,0.202659538864746,-0.321380744446299,-0.0638550543693273,0.077637180623247,0.212785462155938,0.470604832071415,7199.93695722124,1.00085868651493
"Omega[6,14]",0.158028376872004,0.00259813295433441,0.20517747874766,-0.264940329732849,0.0199091267084746,0.166963179626922,0.301875964293103,0.538842692913704,6236.43836761214,0.999971626386841
"Omega[6,15]",0.158724192449726,0.00254695546043882,0.207164829537834,-0.261220483204753,0.0171825213839495,0.165140299420684,0.305006071254475,0.54345421519316,6615.90641385181,0.999918633308701
"Omega[6,16]",0.0601639565157721,0.00232961254980861,0.199029646989512,-0.333647522521652,-0.0759557070078721,0.0613002177675166,0.200943574609594,0.432528346857507,7299.08045928501,0.999889342139904
"Omega[6,17]",-0.125080129071918,0.00256301070374031,0.209258877796499,-0.524398119504101,-0.271046674072086,-0.126455939400087,0.0160682492710719,0.294365454235824,6666.0250929183,0.99991383479107
"Omega[7,1]",0.179572467098875,0.0023306119452915,0.203140365362417,-0.238333848674819,0.0459363213153946,0.185605833808511,0.322085316403112,0.555417168497152,7597.18185572874,1.00035327404481
"Omega[7,2]",0.123658515584389,0.00228528419662777,0.200033494807545,-0.28168123611089,-0.0118760354290091,0.128977187119602,0.26613968536493,0.494981122250222,7661.6977006687,1.00018261583449
"Omega[7,3]",0.0797136278960223,0.00237482757479777,0.213741463121424,-0.347488118622091,-0.0655417622551292,0.0828535126999227,0.23009959459093,0.477505747503537,8100.52916290397,1.00023096370895
"Omega[7,4]",0.0759612317566882,0.00237734877325598,0.205257956815729,-0.330421877031703,-0.0621669829074119,0.0786320729378729,0.216488845564498,0.469318919588344,7454.42590494836,0.999625682049831
"Omega[7,5]",-0.0530470815358743,0.00242697398659224,0.205496259990829,-0.441755112130328,-0.197528781796885,-0.0552095082295007,0.0895603257018229,0.346717175596028,7169.31399384622,1.00020658993903
"Omega[7,6]",0.107566836421991,0.00250940435306724,0.204194567872527,-0.304460049587842,-0.0278819956065551,0.111942916806042,0.252376136057388,0.485936477136911,6621.35807961911,0.999643453884612
"Omega[7,7]",1,1.39434153141865e-18,8.24163115647542e-17,1,1,1,1,1,3493.71940472106,0.999499874937461
"Omega[7,8]",0.139429463145081,0.0027484603465779,0.209591544082834,-0.292358518962419,-0.00464874837706366,0.146976643910653,0.28946841041527,0.52669044738014,5815.25231973826,0.99991374698165
"Omega[7,9]",0.163256610760048,0.00241831577862599,0.185622022762959,-0.214027208353116,0.0369272268004933,0.170944960302234,0.294946852894583,0.510800974030595,5891.59632955961,1.0000725673911
"Omega[7,10]",0.135188717173549,0.00222057739462577,0.180858366830414,-0.233582357457979,0.0142666921133496,0.142858121421027,0.262202877025674,0.472903119046456,6633.54043575849,1.00016612735876
"Omega[7,11]",0.0697185567334673,0.00234938376333997,0.200817478328477,-0.321012383111767,-0.0683513067410195,0.0706312113370698,0.209099990868433,0.456834436236604,7306.25949061461,1.0006986755523
"Omega[7,12]",0.187752091612785,0.0026336451657905,0.199442653938562,-0.227725434635831,0.0555191639922484,0.195644531630274,0.328107615591698,0.551530355355426,5734.84343794957,1.00042342508006
"Omega[7,13]",0.0186897531144635,0.00251562919213666,0.201110275930247,-0.3709460587846,-0.120732591291858,0.0172855017537803,0.155366667776436,0.414239339306994,6391.09498622812,0.999931622999381
"Omega[7,14]",0.0640049449372574,0.00241728216495896,0.201780511618059,-0.332458203956709,-0.0776936439837395,0.0651402621395011,0.205905853165979,0.461191483278714,6967.92940776828,1.00004811790155
"Omega[7,15]",0.227699023496426,0.00264280772806561,0.20843655881701,-0.20535110832804,0.0912227777120785,0.239133383735817,0.375246512191598,0.601690635214748,6220.37622741878,1.00033820864351
"Omega[7,16]",0.111075702054886,0.00233099250318992,0.198186068529327,-0.2871989983374,-0.0225996923565973,0.113688209953332,0.247917109089237,0.487112167371528,7228.77140887813,0.999847495974565
"Omega[7,17]",-0.0483996927394847,0.0022705507437945,0.199462638848622,-0.425057460624179,-0.185951954303437,-0.0510922168584884,0.0853479241306327,0.351884701659632,7717.21671405197,0.999802566619109
"Omega[8,1]",0.0866252356833989,0.00255744191559245,0.208643724511251,-0.335797929968937,-0.052576999715623,0.0911857448692298,0.231450938086298,0.473537646432447,6655.78210636452,1.00016632831307
"Omega[8,2]",0.141481125680838,0.00258373281169251,0.203192399710319,-0.261483192819076,0.00181725398060607,0.144077621918851,0.284893116685392,0.524179398207644,6184.7153736511,0.999741072646193
"Omega[8,3]",0.145466281768518,0.00237955612702432,0.212245641409179,-0.282813668875542,0.000358566330757824,0.15015413107192,0.297534852664998,0.539979967870735,7955.83293815653,1.00010174529658
"Omega[8,4]",0.093989998457403,0.0024106601082457,0.205201006250286,-0.314981992869749,-0.0458984510880435,0.097507114035175,0.239145806665434,0.488970541155247,7245.81113513463,0.999926878063475
"Omega[8,5]",-0.0569618524308702,0.00245089671804276,0.20414195657148,-0.452921118305318,-0.201426732278898,-0.0556637298796895,0.0845940314839612,0.337495564680871,6937.68417093204,1.00007909593741
"Omega[8,6]",0.0426665205169441,0.00259872114288547,0.209880620316574,-0.373488512625395,-0.099983555379394,0.0451040203395675,0.190004215048478,0.442178815647879,6522.66867385346,1.00032183987844
"Omega[8,7]",0.139429463145081,0.0027484603465779,0.209591544082834,-0.292358518962419,-0.00464874837706366,0.146976643910653,0.28946841041527,0.52669044738014,5815.25231973826,0.99991374698165
"Omega[8,8]",1,1.71450749918292e-18,9.62502502560858e-17,1,1,1,1,1,3151.55547863246,0.999499874937461
"Omega[8,9]",0.205907667469992,0.00242249611270505,0.190792810415106,-0.187358631141906,0.0765617452292363,0.214332490164027,0.341963338116779,0.548746222692271,6202.94360799115,0.999882744978623
"Omega[8,10]",-0.0106020127301187,0.00221516081665533,0.185627491781181,-0.365986608000347,-0.140422213754881,-0.0103919071089681,0.117265004106187,0.351567156128528,7022.21418159666,1.00016248255443
"Omega[8,11]",0.0332212040851196,0.00232480180037828,0.205472566547401,-0.356133949992948,-0.111216935485032,0.0323644614307992,0.177406660846338,0.428478275990656,7811.52496126258,1.00083761920665
"Omega[8,12]",0.0811351406122545,0.00260755419990994,0.210363351368042,-0.334024141944421,-0.0619114936916615,0.0819912166942921,0.227222647470495,0.486432616244522,6508.38856748357,1.0001369887545
"Omega[8,13]",-0.0693883419864404,0.00273439837604545,0.208891803200776,-0.46519246189348,-0.216573182855567,-0.074947232595533,0.0694798775605747,0.350637988923832,5836.05293954308,0.999699155501087
"Omega[8,14]",0.123322269605637,0.00245481162322686,0.20565146280818,-0.287673191201347,-0.0154089891681691,0.128048707729993,0.268455952315762,0.507223537698602,7018.22462529878,1.00003801073163
"Omega[8,15]",0.17962840764662,0.00316600530702126,0.21302985259126,-0.261008691731003,0.0352532785723565,0.190836797686324,0.33102490237329,0.560783671155638,4527.49163598549,0.999920959364289
"Omega[8,16]",0.0977228454611607,0.00239319122754872,0.20551259072831,-0.311021624979311,-0.0427597111452868,0.0993583427588804,0.239977743728104,0.491393386610306,7374.32143170285,1.00036968369564
"Omega[8,17]",0.0232394270040516,0.00240064019230603,0.206515314341273,-0.377925594889167,-0.118077961929422,0.0257024692741524,0.167940140313749,0.419395583905782,7400.31795429224,0.999665217961841
"Omega[9,1]",0.144577333963382,0.00238928432775566,0.18746238391055,-0.229752520843382,0.0153284207301984,0.145809595092357,0.275898601792346,0.503419382280857,6155.91482633765,1.00015941919331
"Omega[9,2]",0.253333129290484,0.00231009008447868,0.178385686966268,-0.119121546710236,0.137764972399749,0.258658616191075,0.37954973437478,0.580752783115099,5962.96387593242,0.999921818505517
"Omega[9,3]",0.0291133549554137,0.0022869552237749,0.192135338868064,-0.345630403943634,-0.105746214072114,0.0278969286257088,0.161321319962918,0.400107194889279,7058.28479980537,0.999673340929992
"Omega[9,4]",0.131529066138321,0.00238785583410355,0.186644140808282,-0.247504721726565,0.0112443068809103,0.134578907178766,0.259020316759474,0.486171766220181,6109.59632228323,1.00022924037442
"Omega[9,5]",-0.0139212928668528,0.00240542117882475,0.188389469854312,-0.374057172044919,-0.145791811407577,-0.0148344405800663,0.115502943102074,0.349695322375609,6133.81943235471,1.00000099176911
"Omega[9,6]",0.149580971478798,0.00250327964905561,0.190343342256317,-0.239691542434492,0.0216130972497782,0.157419660312689,0.283829376813789,0.501090781808711,5781.71452475411,1.00071377846706
"Omega[9,7]",0.163256610760048,0.00241831577862599,0.185622022762959,-0.214027208353116,0.0369272268004933,0.170944960302234,0.294946852894583,0.510800974030595,5891.59632955961,1.0000725673911
"Omega[9,8]",0.205907667469992,0.00242249611270505,0.190792810415106,-0.187358631141906,0.0765617452292363,0.214332490164027,0.341963338116779,0.548746222692271,6202.94360799115,0.999882744978623
"Omega[9,9]",1,2.48637675488629e-18,8.08400396110588e-17,1,1,1,1,1,1057.10751790486,0.999499874937461
"Omega[9,10]",0.115127401199457,0.00196351400885729,0.165653193585909,-0.218273707945861,0.00291333467806347,0.119187136132603,0.231366902416828,0.422907815943777,7117.56787929227,0.999917922069142
"Omega[9,11]",0.182527329011919,0.0022325016930662,0.187205436288835,-0.19781124356739,0.0576646163663529,0.185930108252033,0.314832424707692,0.538293706526189,7031.58641528374,1.00001757693812
"Omega[9,12]",0.159597467787342,0.00230801847667337,0.185869461020761,-0.222020750600185,0.0341365370383833,0.164598454058446,0.289726762567786,0.504211275762167,6485.41119279213,1.00091608162569
"Omega[9,13]",0.0868647456562379,0.00277422815323056,0.190443010211427,-0.275808654451237,-0.0427144792158139,0.0847785052752466,0.21734496781671,0.457939391070601,4712.43882655823,0.999902300938367
"Omega[9,14]",0.276573770139202,0.00235045906118111,0.186209999471985,-0.112374346043637,0.153605454531286,0.282647612589996,0.40732444428072,0.62355872309443,6276.25550203293,1.00035747884941
"Omega[9,15]",0.0973315828298771,0.00223071852915096,0.184899285481935,-0.275076647312038,-0.0275834421055681,0.101487618612793,0.229125108865827,0.442247678940759,6870.38249753713,1.0001615268117
"Omega[9,16]",0.234234519087215,0.00226430964461827,0.186691553521703,-0.136244588608061,0.105198768655678,0.237937270691083,0.367912651157146,0.581507096063362,6797.94593804379,1.00031763027074
"Omega[9,17]",-0.126068444754981,0.00229952543782857,0.186652629277739,-0.470095627853208,-0.257705721507887,-0.133990166217927,-0.00102115557982766,0.26182658874274,6588.57945351901,1.00039483184358
"Omega[10,1]",0.0658057058432586,0.00199798649362239,0.180582193044122,-0.299740188985758,-0.0553125033954454,0.0698257315832611,0.190101594666065,0.403566499846242,8168.92200809054,1.00004029406799
"Omega[10,2]",0.0547175326746961,0.00193091771050814,0.181048356653951,-0.305766346514539,-0.0659918038044901,0.0536120597978867,0.17948990727908,0.408238736921128,8791.47291429879,0.99986614750292
"Omega[10,3]",-0.0763026259249943,0.00206925094920766,0.189476663884223,-0.437530479024864,-0.206379024092559,-0.078070659267251,0.0520986322070557,0.296910189234827,8384.65374986861,1.00000995255055
"Omega[10,4]",-0.038387372768018,0.00205801325654071,0.182993734350757,-0.393308897265371,-0.165323898876574,-0.0405193537179616,0.0852852495262194,0.321814363698549,7906.35123892947,1.00018837811058
"Omega[10,5]",0.105607082466041,0.00207330019274174,0.187239557883177,-0.262380226099526,-0.0225666326884225,0.109772710663117,0.236111106568597,0.468987821269621,8155.88019909584,1.00016886343316
"Omega[10,6]",0.105983104515021,0.00236704647017507,0.18167898288336,-0.253238392675944,-0.0195457798105083,0.110000013808409,0.233329853240242,0.449615320255642,5891.09208606599,1.00005997598975
"Omega[10,7]",0.135188717173549,0.00222057739462577,0.180858366830414,-0.233582357457979,0.0142666921133496,0.142858121421027,0.262202877025674,0.472903119046456,6633.54043575849,1.00016612735876
"Omega[10,8]",-0.0106020127301187,0.00221516081665533,0.185627491781181,-0.365986608000347,-0.140422213754881,-0.0103919071089681,0.117265004106187,0.351567156128528,7022.21418159666,1.00016248255443
"Omega[10,9]",0.115127401199457,0.00196351400885729,0.165653193585909,-0.218273707945861,0.00291333467806347,0.119187136132603,0.231366902416828,0.422907815943777,7117.56787929227,0.999917922069142
"Omega[10,10]",1,1.22302266047587e-18,9.23780641654477e-17,1,1,1,1,1,5705.17153340883,0.999499874937461
"Omega[10,11]",0.0756408493996421,0.00240327952513836,0.182944204241561,-0.284767989232676,-0.0514636106922981,0.0778023861312178,0.202973689268347,0.430594531890583,5794.6703922898,1.00025462524449
"Omega[10,12]",-0.0441560938812161,0.00223094366951042,0.185039977075699,-0.405870651751648,-0.170565410409613,-0.0436913968063629,0.0838398643707225,0.318051473770852,6879.45323271348,1.00118137290568
"Omega[10,13]",0.103366463045179,0.00226501573983212,0.180256454379862,-0.250819185053658,-0.0196542817450029,0.102751252088388,0.228033499044794,0.455882747732436,6333.43328238433,0.999996408426403
"Omega[10,14]",0.0396365462745258,0.00221739483345627,0.180016759513386,-0.314654947040099,-0.0828490044708965,0.0415893958451809,0.164257406332795,0.384338220703487,6590.82555283599,1.00005544388877
"Omega[10,15]",0.105526891576751,0.00234467892484001,0.186267161082558,-0.264236988072308,-0.0202476667198742,0.109654226422997,0.235288906336671,0.454531203828229,6311.11118545476,1.00058937780425
"Omega[10,16]",0.111433295023447,0.00237198337442345,0.183324550977407,-0.251782425114496,-0.0113922598714469,0.113346633767947,0.238415099535323,0.462306469802878,5973.35022243657,1.00041511037166
"Omega[10,17]",-0.264247878556378,0.00219754843586529,0.177047844947896,-0.594011664923298,-0.38994984824096,-0.269603678213136,-0.144902181355115,0.094580613759108,6490.89191648359,0.999780258839989
"Omega[11,1]",0.22567907310205,0.00269804042868853,0.203046007521373,-0.182482746177518,0.0896423827871201,0.232213286191835,0.370244273884804,0.596570070581035,5663.59256180388,1.00074639449406
"Omega[11,2]",0.175647069057099,0.00222226940198903,0.193194278691633,-0.214393050193256,0.0469500529320406,0.180700932850694,0.311260348453332,0.534677363290475,7557.79501622152,1.00015394874742
"Omega[11,3]",0.131862835047535,0.00239052860855023,0.203571960130409,-0.279181633364017,-0.00796896535066495,0.139031459358282,0.27839460530797,0.504471109538131,7251.83686461615,1.00040409186698
"Omega[11,4]",0.154137042664635,0.00219003535036673,0.200382682835581,-0.259628156639563,0.02189029225047,0.16128970491571,0.296626155305549,0.526191214553496,8371.78610281652,0.999763492948549
"Omega[11,5]",0.0264574770724032,0.00234038732393762,0.199470732613307,-0.369899784062584,-0.111307870428136,0.0299223380007086,0.166091425123213,0.412363780391996,7264.11801207942,1.00000966622059
"Omega[11,6]",0.141575649583979,0.00262098331471596,0.211254801448266,-0.283673829013397,0.000858095825202662,0.148329355696543,0.292898271943657,0.533585787209161,6496.57811107275,1.00048900496544
"Omega[11,7]",0.0697185567334673,0.00234938376333997,0.200817478328477,-0.321012383111767,-0.0683513067410195,0.0706312113370698,0.209099990868433,0.456834436236604,7306.25949061461,1.0006986755523
"Omega[11,8]",0.0332212040851196,0.00232480180037828,0.205472566547401,-0.356133949992948,-0.111216935485032,0.0323644614307992,0.177406660846338,0.428478275990656,7811.52496126258,1.00083761920665
"Omega[11,9]",0.182527329011919,0.0022325016930662,0.187205436288835,-0.19781124356739,0.0576646163663529,0.185930108252033,0.314832424707692,0.538293706526189,7031.58641528374,1.00001757693812
"Omega[11,10]",0.0756408493996421,0.00240327952513836,0.182944204241561,-0.284767989232676,-0.0514636106922981,0.0778023861312178,0.202973689268347,0.430594531890583,5794.6703922898,1.00025462524449
"Omega[11,11]",1,1.39141761604785e-18,8.91869642249639e-17,1,1,1,1,1,4108.54235189956,0.999499874937461
"Omega[11,12]",0.0977220433325588,0.00247446962289476,0.202141661986865,-0.304390180435186,-0.0407098264067341,0.102736493970364,0.238360639245366,0.484082024880887,6673.4039001351,1.00020556321638
"Omega[11,13]",0.237406676770283,0.00259100902326647,0.198142933088843,-0.162551337039942,0.103938304558529,0.24230455645986,0.380107052268747,0.599834996001759,5848.16105283607,1.00097351578181
"Omega[11,14]",0.124537691829956,0.00241930317657176,0.201192089997943,-0.27124081918479,-0.0119782209854433,0.125510873494412,0.268075729980198,0.505566756728881,6915.78069415913,0.99979208299059
"Omega[11,15]",0.112903448931659,0.0025141523149155,0.198651839586854,-0.279253923944283,-0.0214093750556611,0.115206948001306,0.250894685685352,0.484748727642689,6243.12473782913,1.00018878855662
"Omega[11,16]",0.126357003255335,0.00247109332880877,0.200300526935917,-0.267579956951766,-0.011185475443657,0.129213835720429,0.26823736003944,0.509448170809893,6570.31039670379,1.00058082918296
"Omega[11,17]",-0.10950048968369,0.0026379759490304,0.203965719025688,-0.499217661909046,-0.25318664521727,-0.112984171290693,0.030111502835579,0.29492320553164,5978.23108021444,1.00058508744232
"Omega[12,1]",0.19406755773341,0.00235349328022139,0.203956131250937,-0.225767971534585,0.0589558107091608,0.20409724536824,0.335934264958902,0.566742970617225,7510.13261012734,0.999568866993585
"Omega[12,2]",0.0632550090732282,0.00224445029590141,0.194129582447433,-0.319753235029946,-0.0706643673374585,0.0654944217782953,0.197461425218973,0.435756522729025,7481.06548529401,0.999699897384894
"Omega[12,3]",0.0393846418615066,0.0023961653345043,0.208334360888479,-0.362927966620265,-0.103398404875449,0.0408298199543223,0.185102783263486,0.436530881965881,7559.41603489378,1.00002059172545
"Omega[12,4]",0.172262633131405,0.00236691162178943,0.203617960535347,-0.235075111356898,0.0360414437510506,0.179570260966233,0.315721274183065,0.552171384941512,7400.61961035592,0.999934061332476
"Omega[12,5]",0.031088433952755,0.00261463908752743,0.203464653354588,-0.382045744818611,-0.105687740722374,0.0320886492273567,0.17132465158044,0.419225753870313,6055.56188724171,1.00055862174188
"Omega[12,6]",0.162452742862652,0.00257653698324437,0.204544830716331,-0.247948678804506,0.0219874508683457,0.167585305173285,0.306502884508297,0.546668337397729,6302.37521534803,1.00047802526832
"Omega[12,7]",0.187752091612785,0.0026336451657905,0.199442653938562,-0.227725434635831,0.0555191639922484,0.195644531630274,0.328107615591698,0.551530355355426,5734.84343794957,1.00042342508006
"Omega[12,8]",0.0811351406122545,0.00260755419990994,0.210363351368042,-0.334024141944421,-0.0619114936916615,0.0819912166942921,0.227222647470495,0.486432616244522,6508.38856748357,1.0001369887545
"Omega[12,9]",0.159597467787342,0.00230801847667337,0.185869461020761,-0.222020750600185,0.0341365370383833,0.164598454058446,0.289726762567786,0.504211275762167,6485.41119279213,1.00091608162569
"Omega[12,10]",-0.0441560938812161,0.00223094366951042,0.185039977075699,-0.405870651751648,-0.170565410409613,-0.0436913968063629,0.0838398643707225,0.318051473770852,6879.45323271348,1.00118137290568
"Omega[12,11]",0.0977220433325588,0.00247446962289476,0.202141661986865,-0.304390180435186,-0.0407098264067341,0.102736493970364,0.238360639245366,0.484082024880887,6673.4039001351,1.00020556321638
"Omega[12,12]",1,3.4758278959239e-18,9.51958401578083e-17,1,1,1,1,1,750.100428248501,0.999499874937461
"Omega[12,13]",0.0650810078550241,0.00242840834623984,0.197837468180691,-0.329614115158386,-0.0723218751957327,0.068336761258858,0.205563058785955,0.443837940104182,6637.02811509521,0.9999144766011
"Omega[12,14]",0.0983556378514241,0.00252019481950819,0.200523943049986,-0.299972307542844,-0.0394178350758241,0.102877413207026,0.238324325817595,0.474433959146385,6330.88234818671,1.0008302501934
"Omega[12,15]",0.139099083505646,0.00263247439500056,0.20195442576046,-0.270380124561617,0.00197747916758697,0.146291916963883,0.282828639867593,0.511075876822344,5885.43325280092,0.999607563135492
"Omega[12,16]",0.0778013137283705,0.00244789480366543,0.1995178007113,-0.313613780505633,-0.062060787821174,0.0799179481909387,0.21473452809004,0.456539030315673,6643.20718208616,1.00055710514878
"Omega[12,17]",-0.0467774661928449,0.00272455642797408,0.204767560360545,-0.432417340762645,-0.192166188798387,-0.0515063017814465,0.0933071699337978,0.356377355611013,5648.46833141826,1.00027572728906
"Omega[13,1]",0.116494117298291,0.00227588731367156,0.196292217921726,-0.267450927034261,-0.0178082855657652,0.118474180420174,0.253697578660921,0.494184845967474,7438.83035181908,1.00051533901643
"Omega[13,2]",0.118291492942328,0.00216789868855049,0.191220905858965,-0.255890965468722,-0.0143977080833738,0.123460775382443,0.250524902031255,0.485988132412568,7780.23611426412,0.999694982768085
"Omega[13,3]",-0.00222881408341578,0.00228853889275763,0.208161103893697,-0.395905501045703,-0.14730290932279,-0.00372498513119926,0.144871747607989,0.398099423301366,8273.37233343379,1.0007899098053
"Omega[13,4]",0.044223280852987,0.0022906208414117,0.199364096740289,-0.355650023145251,-0.0893514517767777,0.0457098287245077,0.182975694098426,0.422772072179363,7575.08452307273,1.00000804698997
"Omega[13,5]",0.124141418553659,0.00239107497551968,0.203080120783928,-0.283058852005291,-0.0134408316009315,0.128983173153596,0.269137626181319,0.499352041790611,7213.53988747303,1.0000044718712
"Omega[13,6]",0.0762071284184226,0.00238837602631994,0.202659538864746,-0.321380744446299,-0.0638550543693273,0.077637180623247,0.212785462155938,0.470604832071415,7199.93695722124,1.00085868651493
"Omega[13,7]",0.0186897531144635,0.00251562919213666,0.201110275930247,-0.3709460587846,-0.120732591291858,0.0172855017537803,0.155366667776436,0.414239339306994,6391.09498622812,0.999931622999381
"Omega[13,8]",-0.0693883419864404,0.00273439837604545,0.208891803200776,-0.46519246189348,-0.216573182855567,-0.074947232595533,0.0694798775605747,0.350637988923832,5836.05293954308,0.999699155501087
"Omega[13,9]",0.0868647456562379,0.00277422815323056,0.190443010211427,-0.275808654451237,-0.0427144792158139,0.0847785052752466,0.21734496781671,0.457939391070601,4712.43882655823,0.999902300938367
"Omega[13,10]",0.103366463045179,0.00226501573983212,0.180256454379862,-0.250819185053658,-0.0196542817450029,0.102751252088388,0.228033499044794,0.455882747732436,6333.43328238433,0.999996408426403
"Omega[13,11]",0.237406676770283,0.00259100902326647,0.198142933088843,-0.162551337039942,0.103938304558529,0.24230455645986,0.380107052268747,0.599834996001759,5848.16105283607,1.00097351578181
"Omega[13,12]",0.0650810078550241,0.00242840834623984,0.197837468180691,-0.329614115158386,-0.0723218751957327,0.068336761258858,0.205563058785955,0.443837940104182,6637.02811509521,0.9999144766011
"Omega[13,13]",1,2.15707225348771e-18,9.25946601583628e-17,1,1,1,1,1,1842.64850493457,0.999499874937461
"Omega[13,14]",0.0347752799900793,0.00278541384308483,0.205317017882174,-0.354536007233789,-0.110818734876225,0.0357882643461411,0.175774451323133,0.433848040753775,5433.38445886409,1.00023710299108
"Omega[13,15]",-0.0101600699061229,0.0025172348796628,0.198709038099504,-0.386421384074034,-0.148929245916688,-0.00868293237611456,0.123821171481384,0.381230298277806,6231.43056827621,1.00057622318386
"Omega[13,16]",0.115825074864669,0.00261111011558871,0.202827452486143,-0.278054988287301,-0.0258381131982891,0.116919559784275,0.257262164710127,0.505601057381276,6033.96931640297,1.00049540938888
"Omega[13,17]",-0.08722733983895,0.00245736806495832,0.195847098693774,-0.459104154038634,-0.221047179676965,-0.0901064579466762,0.0481127472337205,0.300256914156502,6351.75684642341,1.00036112840921
"Omega[14,1]",0.12709105427086,0.00235670607288345,0.202464461886953,-0.275946515867762,-0.0152515318790144,0.131203486099776,0.269219964624591,0.516937668967276,7380.51666569879,0.999778954995391
"Omega[14,2]",0.15648441859441,0.00251675563591327,0.196292336315629,-0.22574127593643,0.0234482162110954,0.159051439163966,0.296057354395862,0.529493090008993,6083.0948553814,1.00013333146467
"Omega[14,3]",0.0103056633842773,0.00230726376908611,0.209067154946022,-0.38053061520061,-0.135507246519318,0.0104793554175369,0.149089626648109,0.4276795574842,8210.64217467178,0.999870177294108
"Omega[14,4]",0.112836231053052,0.00238241994499054,0.201787936915908,-0.285681342983559,-0.0237611524476428,0.11550869378743,0.252556516326998,0.492708632165446,7173.8743835631,1.00011391018554
"Omega[14,5]",0.0295385414575456,0.00235117266210563,0.203795647526637,-0.364176700884105,-0.111056059549367,0.0313887861792475,0.172496895809307,0.416488301860702,7513.1275558755,0.999798579656317
"Omega[14,6]",0.158028376872004,0.00259813295433441,0.20517747874766,-0.264940329732849,0.0199091267084746,0.166963179626922,0.301875964293103,0.538842692913704,6236.43836761214,0.999971626386841
"Omega[14,7]",0.0640049449372574,0.00241728216495896,0.201780511618059,-0.332458203956709,-0.0776936439837395,0.0651402621395011,0.205905853165979,0.461191483278714,6967.92940776828,1.00004811790155
"Omega[14,8]",0.123322269605637,0.00245481162322686,0.20565146280818,-0.287673191201347,-0.0154089891681691,0.128048707729993,0.268455952315762,0.507223537698602,7018.22462529878,1.00003801073163
"Omega[14,9]",0.276573770139202,0.00235045906118111,0.186209999471985,-0.112374346043637,0.153605454531286,0.282647612589996,0.40732444428072,0.62355872309443,6276.25550203293,1.00035747884941
"Omega[14,10]",0.0396365462745258,0.00221739483345627,0.180016759513386,-0.314654947040099,-0.0828490044708965,0.0415893958451809,0.164257406332795,0.384338220703487,6590.82555283599,1.00005544388877
"Omega[14,11]",0.124537691829956,0.00241930317657176,0.201192089997943,-0.27124081918479,-0.0119782209854433,0.125510873494412,0.268075729980198,0.505566756728881,6915.78069415913,0.99979208299059
"Omega[14,12]",0.0983556378514241,0.00252019481950819,0.200523943049986,-0.299972307542844,-0.0394178350758241,0.102877413207026,0.238324325817595,0.474433959146385,6330.88234818671,1.0008302501934
"Omega[14,13]",0.0347752799900793,0.00278541384308483,0.205317017882174,-0.354536007233789,-0.110818734876225,0.0357882643461411,0.175774451323133,0.433848040753775,5433.38445886409,1.00023710299108
"Omega[14,14]",1,1.5503834381396e-18,9.63542570403752e-17,1,1,1,1,1,3862.45625036636,0.999499874937461
"Omega[14,15]",0.0154334304598657,0.0025150448161912,0.204501065707873,-0.37726527754443,-0.127885033380306,0.0152915280027513,0.15827144886112,0.417641592554094,6611.49531647087,1.00043123718854
"Omega[14,16]",0.250066924733709,0.00280082105812171,0.204210178236101,-0.169761909383502,0.11669046710347,0.259306477752501,0.398113413387417,0.620945440069892,5315.98862142552,1.00068010014137
"Omega[14,17]",-0.0460751200838981,0.00261054392927751,0.201955928069333,-0.427411688690069,-0.18746872639737,-0.0497746396118841,0.0896898831514883,0.358946192296686,5984.82147109874,0.999609812302575
"Omega[15,1]",0.217844542974773,0.00287430296004255,0.202644245663037,-0.200950441417094,0.0829193747458309,0.224610781284229,0.360280968666589,0.588692665167771,4970.53879218863,1.00055035242555
"Omega[15,2]",0.109165030294133,0.00217007479371106,0.192569758774826,-0.265529819405796,-0.0220267725863111,0.108657430760709,0.246610620982565,0.472401977010245,7874.56854648337,1.00007268031243
"Omega[15,3]",0.178066722892411,0.00239664389165056,0.206271905136663,-0.24185441241552,0.0417583509141824,0.18630862685926,0.321243795752408,0.558149343521062,7407.52527951876,1.00019225283648
"Omega[15,4]",0.162131784882534,0.00251550964514329,0.199855947493097,-0.243528284661778,0.0265384448173988,0.167724349181857,0.302661664581508,0.532987167185334,6312.22077250355,0.999719600296375
"Omega[15,5]",-0.0375472129989106,0.00241248944392188,0.202155213030119,-0.427923157737225,-0.177937245030635,-0.0377571223756483,0.10204446620902,0.358861414346668,7021.64787905856,0.999835217062264
"Omega[15,6]",0.158724192449726,0.00254695546043882,0.207164829537834,-0.261220483204753,0.0171825213839495,0.165140299420684,0.305006071254475,0.54345421519316,6615.90641385181,0.999918633308701
"Omega[15,7]",0.227699023496426,0.00264280772806561,0.20843655881701,-0.20535110832804,0.0912227777120785,0.239133383735817,0.375246512191598,0.601690635214748,6220.37622741878,1.00033820864351
"Omega[15,8]",0.17962840764662,0.00316600530702126,0.21302985259126,-0.261008691731003,0.0352532785723565,0.190836797686324,0.33102490237329,0.560783671155638,4527.49163598549,0.999920959364289
"Omega[15,9]",0.0973315828298771,0.00223071852915096,0.184899285481935,-0.275076647312038,-0.0275834421055681,0.101487618612793,0.229125108865827,0.442247678940759,6870.38249753713,1.0001615268117
"Omega[15,10]",0.105526891576751,0.00234467892484001,0.186267161082558,-0.264236988072308,-0.0202476667198742,0.109654226422997,0.235288906336671,0.454531203828229,6311.11118545476,1.00058937780425
"Omega[15,11]",0.112903448931659,0.0025141523149155,0.198651839586854,-0.279253923944283,-0.0214093750556611,0.115206948001306,0.250894685685352,0.484748727642689,6243.12473782913,1.00018878855662
"Omega[15,12]",0.139099083505646,0.00263247439500056,0.20195442576046,-0.270380124561617,0.00197747916758697,0.146291916963883,0.282828639867593,0.511075876822344,5885.43325280092,0.999607563135492
"Omega[15,13]",-0.0101600699061229,0.0025172348796628,0.198709038099504,-0.386421384074034,-0.148929245916688,-0.00868293237611456,0.123821171481384,0.381230298277806,6231.43056827621,1.00057622318386
"Omega[15,14]",0.0154334304598657,0.0025150448161912,0.204501065707873,-0.37726527754443,-0.127885033380306,0.0152915280027513,0.15827144886112,0.417641592554094,6611.49531647087,1.00043123718854
"Omega[15,15]",1,2.06834891814744e-18,1.07646844012316e-16,1,1,1,1,1,2708.66313132211,0.999499874937461
"Omega[15,16]",0.00353508580225182,0.00248219901478501,0.200143760408085,-0.384686717265154,-0.135838708951048,0.00471703160337242,0.139817343474114,0.394782137686702,6501.46026720698,0.999988170038513
"Omega[15,17]",-0.0540964809233183,0.00255015267915729,0.2047518131164,-0.450630732890822,-0.19620551854892,-0.0574028269749845,0.087906063405669,0.34592988973946,6446.48753223093,0.999950086333174
"Omega[16,1]",0.0627915094809513,0.00221009178590846,0.198006895404721,-0.3288659666516,-0.0706595372786675,0.0625306909013127,0.201305720029485,0.441826746892691,8026.75501241375,1.00001129504854
"Omega[16,2]",0.149176848545546,0.0023526977953044,0.196022840862878,-0.240102084756528,0.0142104730737356,0.151036791953736,0.287764316544744,0.517620692841983,6941.94337478872,1.00002223867912
"Omega[16,3]",0.0192677690390072,0.00227302672186155,0.206063091095786,-0.383471055133083,-0.124008154300941,0.0226288113569711,0.161654079554665,0.416439923304101,8218.47688174736,0.999944689202173
"Omega[16,4]",0.0563976953204907,0.00226503980583088,0.19710033157074,-0.335687875612787,-0.0771659814482666,0.061614611559595,0.191550810345811,0.431124376220351,7572.2166704294,0.999760156133669
"Omega[16,5]",0.0194857383951112,0.00242809556845524,0.201081933907472,-0.367885452096797,-0.120351132131725,0.0183286579121386,0.165045369031824,0.408504176518515,6858.26961341608,0.999890015906931
"Omega[16,6]",0.0601639565157721,0.00232961254980861,0.199029646989512,-0.333647522521652,-0.0759557070078721,0.0613002177675166,0.200943574609594,0.432528346857507,7299.08045928501,0.999889342139904
"Omega[16,7]",0.111075702054886,0.00233099250318992,0.198186068529327,-0.2871989983374,-0.0225996923565973,0.113688209953332,0.247917109089237,0.487112167371528,7228.77140887813,0.999847495974565
"Omega[16,8]",0.0977228454611607,0.00239319122754872,0.20551259072831,-0.311021624979311,-0.0427597111452868,0.0993583427588804,0.239977743728104,0.491393386610306,7374.32143170285,1.00036968369564
"Omega[16,9]",0.234234519087215,0.00226430964461827,0.186691553521703,-0.136244588608061,0.105198768655678,0.237937270691083,0.367912651157146,0.581507096063362,6797.94593804379,1.00031763027074
"Omega[16,10]",0.111433295023447,0.00237198337442345,0.183324550977407,-0.251782425114496,-0.0113922598714469,0.113346633767947,0.238415099535323,0.462306469802878,5973.35022243657,1.00041511037166
"Omega[16,11]",0.126357003255335,0.00247109332880877,0.200300526935917,-0.267579956951766,-0.011185475443657,0.129213835720429,0.26823736003944,0.509448170809893,6570.31039670379,1.00058082918296
"Omega[16,12]",0.0778013137283705,0.00244789480366543,0.1995178007113,-0.313613780505633,-0.062060787821174,0.0799179481909387,0.21473452809004,0.456539030315673,6643.20718208616,1.00055710514878
"Omega[16,13]",0.115825074864669,0.00261111011558871,0.202827452486143,-0.278054988287301,-0.0258381131982891,0.116919559784275,0.257262164710127,0.505601057381276,6033.96931640297,1.00049540938888
"Omega[16,14]",0.250066924733709,0.00280082105812171,0.204210178236101,-0.169761909383502,0.11669046710347,0.259306477752501,0.398113413387417,0.620945440069892,5315.98862142552,1.00068010014137
"Omega[16,15]",0.00353508580225182,0.00248219901478501,0.200143760408085,-0.384686717265154,-0.135838708951048,0.00471703160337242,0.139817343474114,0.394782137686702,6501.46026720698,0.999988170038513
"Omega[16,16]",1,2.64223701246284e-18,1.00449254239455e-16,1,1,1,1,1,1445.2730013158,0.999499874937461
"Omega[16,17]",-0.0718734819757273,0.00255437858406364,0.197114862238403,-0.44559103454179,-0.206712980208985,-0.0799044498882691,0.0605393208731357,0.327567921602972,5954.8141656437,1.00061519758472
"Omega[17,1]",-0.0503083683414224,0.00241196449694693,0.202018426843514,-0.435107538824286,-0.189740207583037,-0.0518828822823894,0.0913349254178198,0.345017352686805,7015.20146745669,0.999697921018071
"Omega[17,2]",-0.0247444568260657,0.00211091990221901,0.196476864339229,-0.40643743363185,-0.160816508850781,-0.0267708150233758,0.111100822793068,0.362025835206501,8663.21968963333,1.00001007498877
"Omega[17,3]",0.0420913591751822,0.00223935522741629,0.209281899912243,-0.36427598362128,-0.100750507453235,0.0421727785449978,0.187246868899425,0.447358842527006,8734.08384686376,0.99968820522946
"Omega[17,4]",-0.0586261738505345,0.00235889045370535,0.204488661952211,-0.44413307040755,-0.200414471053278,-0.0628892890938565,0.0800726741632521,0.361376266047738,7514.89506618691,1.00013315181742
"Omega[17,5]",-0.0767884416831433,0.00224906947071377,0.202469094262273,-0.464746422381264,-0.221415911346017,-0.0764169985778322,0.0658509695548981,0.318163169829709,8104.22965288112,0.999976737898457
"Omega[17,6]",-0.125080129071918,0.00256301070374031,0.209258877796499,-0.524398119504101,-0.271046674072086,-0.126455939400087,0.0160682492710719,0.294365454235824,6666.0250929183,0.99991383479107
"Omega[17,7]",-0.0483996927394847,0.0022705507437945,0.199462638848622,-0.425057460624179,-0.185951954303437,-0.0510922168584884,0.0853479241306327,0.351884701659632,7717.21671405197,0.999802566619109
"Omega[17,8]",0.0232394270040516,0.00240064019230603,0.206515314341273,-0.377925594889167,-0.118077961929422,0.0257024692741524,0.167940140313749,0.419395583905782,7400.31795429224,0.999665217961841
"Omega[17,9]",-0.126068444754981,0.00229952543782857,0.186652629277739,-0.470095627853208,-0.257705721507887,-0.133990166217927,-0.00102115557982766,0.26182658874274,6588.57945351901,1.00039483184358
"Omega[17,10]",-0.264247878556378,0.00219754843586529,0.177047844947896,-0.594011664923298,-0.38994984824096,-0.269603678213136,-0.144902181355115,0.094580613759108,6490.89191648359,0.999780258839989
"Omega[17,11]",-0.10950048968369,0.0026379759490304,0.203965719025688,-0.499217661909046,-0.25318664521727,-0.112984171290693,0.030111502835579,0.29492320553164,5978.23108021444,1.00058508744232
"Omega[17,12]",-0.0467774661928449,0.00272455642797408,0.204767560360545,-0.432417340762645,-0.192166188798387,-0.0515063017814465,0.0933071699337978,0.356377355611013,5648.46833141826,1.00027572728906
"Omega[17,13]",-0.08722733983895,0.00245736806495832,0.195847098693774,-0.459104154038634,-0.221047179676965,-0.0901064579466762,0.0481127472337205,0.300256914156502,6351.75684642341,1.00036112840921
"Omega[17,14]",-0.0460751200838981,0.00261054392927751,0.201955928069333,-0.427411688690069,-0.18746872639737,-0.0497746396118841,0.0896898831514883,0.358946192296686,5984.82147109874,0.999609812302575
"Omega[17,15]",-0.0540964809233183,0.00255015267915729,0.2047518131164,-0.450630732890822,-0.19620551854892,-0.0574028269749845,0.087906063405669,0.34592988973946,6446.48753223093,0.999950086333174
"Omega[17,16]",-0.0718734819757273,0.00255437858406364,0.197114862238403,-0.44559103454179,-0.206712980208985,-0.0799044498882691,0.0605393208731357,0.327567921602972,5954.8141656437,1.00061519758472
"Omega[17,17]",1,1.34468375628867e-18,1.13398040980396e-16,1,1,1,1,1,7111.6567443444,0.999499874937461
"Sigma[1,1]",0.202540615918841,0.00185027404463134,0.0856282310966446,0.0797972925623582,0.142593419847461,0.187757103690874,0.244345546745964,0.408989570806308,2141.71575596459,1.00031306190814
"Sigma[1,2]",0.0353250694733969,0.00076023963069008,0.0449652728579912,-0.0481460274499455,0.00629807560278896,0.0327064343687048,0.0616469280957982,0.133602739845189,3498.27104707946,1.00096886502959
"Sigma[1,3]",0.0390627792862747,0.000989936119119607,0.0526330237866471,-0.0596025534795646,0.00466470406379935,0.0354839915748271,0.0700016665593571,0.153564403020663,2826.84698776574,1.0002508691319
"Sigma[1,4]",0.0217305110734664,0.000406105244401633,0.0312192551705315,-0.0388612156767786,0.002611912827739,0.0206351667895494,0.0403546427707609,0.0865025991776353,5909.73325775788,0.999873879577375
"Sigma[1,5]",0.0152773653135078,0.000661672926482986,0.0433963594161218,-0.0690984431736033,-0.0116138330755226,0.0139040669098877,0.0417595589930784,0.104219095154866,4301.49938084332,1.00005983345504
"Sigma[1,6]",0.0338280448800272,0.000641675647749116,0.0385892061654569,-0.0384824791618177,0.00964057469407569,0.0316445241276552,0.0566063074749622,0.114847666782171,3616.60079858642,1.00029352841347
"Sigma[1,7]",0.0335094924088979,0.000590246517280019,0.0418571888324408,-0.0452210551447019,0.00749356947730788,0.0313160590526621,0.0577487834703169,0.122457751934217,5028.90287797398,1.00097975235599
"Sigma[1,8]",0.0110156880070695,0.000373137489377877,0.0293337356971595,-0.0484676744459603,-0.00604366157345343,0.0103956291779577,0.0279631316304928,0.0727725803344646,6180.12101132858,1.00023739953456
"Sigma[1,9]",0.0528143643893514,0.00100780925443355,0.0747250511604376,-0.0893143708545055,0.00552308018713657,0.0494669809058565,0.0973141859000064,0.207057994823588,5497.63316838006,1.00039633149703
"Sigma[1,10]",0.0290429826998452,0.00100591704242537,0.0873679317724135,-0.145590722792304,-0.0234243063312755,0.0284642853819509,0.0811030441698936,0.207724585640434,7543.61955567124,1.0003770782548
"Sigma[1,11]",0.0416149774621231,0.00075081915714301,0.0418478449763331,-0.0349442850185021,0.0147917606140724,0.0388135758636235,0.0655698303749787,0.133078458723626,3106.52967229868,1.000380581277
"Sigma[1,12]",0.0391552456921511,0.000590617120587919,0.0457712116895201,-0.0474548890380597,0.0105741876749148,0.037346913076531,0.0657595572859368,0.138676689089467,6005.82613018472,0.999729590062529
"Sigma[1,13]",0.023219661006263,0.000547592916294865,0.0435530179203668,-0.0624200660532482,-0.00343996535894354,0.0218412872549209,0.0486969987470398,0.118941173156927,6325.87877418598,1.00050356836624
"Sigma[1,14]",0.0332676329003091,0.000746921246087555,0.058686235237568,-0.080670701250913,-0.0034676889507043,0.0312348196241596,0.0668982754395581,0.157233824474014,6173.37805934578,1.00001774937559
"Sigma[1,15]",0.0408611238234145,0.000754568763492412,0.0419776664522975,-0.0366315089866697,0.0138865605424402,0.0382536198365312,0.0655160604123289,0.132062476301557,3094.84525545283,1.00076301262374
"Sigma[1,16]",0.0149402620366275,0.000626254078267315,0.0542391262397057,-0.0940405513336322,-0.0161968404331766,0.0144004999292921,0.0465387749603326,0.123987137338002,7501.08756371316,0.999876756870302
"Sigma[1,17]",-0.00915242502627433,0.000541673240922316,0.0432934660692306,-0.0950494386636125,-0.0347198334899125,-0.00886370782553533,0.0165374927286241,0.077553797577619,6388.07417447937,0.999866152461266
"Sigma[2,1]",0.0353250694733969,0.00076023963069008,0.0449652728579912,-0.0481460274499455,0.00629807560278896,0.0327064343687048,0.0616469280957982,0.133602739845189,3498.27104707946,1.00096886502959
"Sigma[2,2]",0.231428381766694,0.00203913370808223,0.0935685212093637,0.101365584897413,0.167573428092812,0.21468440461891,0.274720940711235,0.465155101305189,2105.56243526069,1.00013643147087
"Sigma[2,3]",0.0493230203908499,0.000992767081392449,0.0543813759121614,-0.0499466579907816,0.0146203151919278,0.0459816838283169,0.080319098744047,0.169945440784819,3000.58301572034,1.00062093753755
"Sigma[2,4]",0.0261212531809822,0.000464293846201146,0.0325242814243819,-0.0372685120555478,0.00620339281228615,0.0247708533092666,0.0448622117083638,0.0937422670555497,4907.15262045126,0.999940893083908
"Sigma[2,5]",-0.0228584928551116,0.000637449273509416,0.0455841630531866,-0.118476497482136,-0.0497649835997098,-0.0210535711228133,0.00541757233695641,0.0655455612128462,5113.71723315174,1.00023359665739
"Sigma[2,6]",0.0257742575528255,0.000526088407648611,0.0374026824104192,-0.0462251077763172,0.0029998582318105,0.0248714077229394,0.0484621483612908,0.101940841651878,5054.61445281764,1.00007447391255
"Sigma[2,7]",0.0245075655668371,0.000533403112156496,0.043592471846885,-0.0613167457339387,-0.00211008148977328,0.0232270361141645,0.0500972142722836,0.117285168142358,6679.0070357809,1.000545942872
"Sigma[2,8]",0.0188091463946597,0.000398489152697632,0.0303211117313955,-0.0408316281687131,0.000257995449293967,0.0179999053372685,0.0368951026983989,0.0818956663491013,5789.71563548399,0.999918769612312
"Sigma[2,9]",0.0985783081219295,0.00110039300164526,0.0779881949488136,-0.0521112205002613,0.050556839612944,0.0954344766979285,0.143856707487509,0.264957683833168,5022.98750611025,1.0001440097226
"Sigma[2,10]",0.0251944442800364,0.00101563731085235,0.0928321678696328,-0.165742611675587,-0.0298149524448583,0.02397330796102,0.0806751116284406,0.21383640143295,8354.48514436859,0.99981812327848
"Sigma[2,11]",0.0335488095211117,0.000491574418235975,0.0414029070291413,-0.0472269850926152,0.00851983188573097,0.0322604647041113,0.0580378487056584,0.120766653682485,7093.86832524923,1.00045375864698
"Sigma[2,12]",0.0126452480824123,0.000526280712369085,0.0448789546650525,-0.0771437961699539,-0.0144192981778967,0.0131122730747957,0.0393415107788311,0.104667801767183,7271.94453128237,0.999824619808007
"Sigma[2,13]",0.0256374210792919,0.00057365369493557,0.0455577272985403,-0.0626528003645224,-0.00296811692726745,0.0248283967507103,0.0521222636322844,0.118797288829462,6307.02439503433,0.999766118328726
"Sigma[2,14]",0.0416347454165534,0.00071902780375069,0.0592573308439293,-0.076459644531644,0.0064823081579118,0.0404978427801806,0.0767389486794836,0.16023449075211,6791.92376253357,1.00060349676832
"Sigma[2,15]",0.0215572403070777,0.000495419201454885,0.0409063735282945,-0.05747419407025,-0.00422588963309497,0.0201827018254292,0.0457626807053904,0.106219567747803,6817.67492179818,0.999979946883708
"Sigma[2,16]",0.0378803082943632,0.000630134847050353,0.0562558934493882,-0.0723073711225666,0.00342954403430577,0.0365397105324103,0.071428343720974,0.15379738732133,7970.19704795186,0.99985911941958
"Sigma[2,17]",-0.00537133614744508,0.000495739345790482,0.0445104803478553,-0.0960871149087442,-0.0317625022013699,-0.00493567702710994,0.0221040015437967,0.0838787829151236,8061.53573804386,1.00031640859019
"Sigma[3,1]",0.0390627792862747,0.000989936119119607,0.0526330237866471,-0.0596025534795646,0.00466470406379935,0.0354839915748271,0.0700016665593571,0.153564403020663,2826.84698776574,1.0002508691319
"Sigma[3,2]",0.0493230203908499,0.000992767081392449,0.0543813759121614,-0.0499466579907816,0.0146203151919278,0.0459816838283169,0.080319098744047,0.169945440784819,3000.58301572034,1.00062093753755
"Sigma[3,3]",0.281483303509637,0.00341562564526243,0.130119134830184,0.0818017966545158,0.192447630536534,0.264304714685176,0.347741424272584,0.589763383122009,1451.24856257959,1.00090354135587
"Sigma[3,4]",0.0130328297052025,0.000449090585324933,0.0376970327665803,-0.0634379132077744,-0.00904659266760975,0.0128260203501489,0.0351476948980732,0.0906138252156316,7046.06155390341,0.999857288468384
"Sigma[3,5]",-0.00524240569212326,0.000700694962323863,0.0532383556860819,-0.109986528563668,-0.0371748220993741,-0.00620807179558094,0.0249113633590986,0.106740201287126,5772.86333977966,0.999933597567721
"Sigma[3,6]",0.00940763376802374,0.00052557262995396,0.044589637914131,-0.0803408613658784,-0.0173294507518095,0.00905615651192194,0.035466962606135,0.10051764332587,7197.84367588768,0.999909324721297
"Sigma[3,7]",0.0176347951110104,0.000604601501869707,0.0515545241360889,-0.0842054395888343,-0.0126676417639415,0.0161172152202903,0.0481482942440964,0.124684126764011,7271.01635907165,1.00039858638119
"Sigma[3,8]",0.0221928641839338,0.000479275677792998,0.0356813329985021,-0.0460592099368385,5.7117546056347e-05,0.0201389548193712,0.042863019618877,0.100013059024666,5542.57222439395,1.00014692486813
"Sigma[3,9]",0.011108087594462,0.00105025907982369,0.088885988037976,-0.168278101767569,-0.0423052861248086,0.0113833980980494,0.0644678075012433,0.188136691895377,7162.64981660307,0.999644085857209
"Sigma[3,10]",-0.0396565270875666,0.00123487053612234,0.108309338831183,-0.264812056566557,-0.103628175833178,-0.0365373061557545,0.024810190190445,0.174218874269593,7692.87990018656,0.999955300714993
"Sigma[3,11]",0.029164572689076,0.000729771900797796,0.0485079059472951,-0.061553709711923,-0.00157550976870577,0.0271640136508914,0.0570962398819851,0.130989197423971,4418.25501625426,1.00086541426422
"Sigma[3,12]",0.00867235198406515,0.000640106706215445,0.0531610311585676,-0.0994320494084606,-0.0228505421752757,0.00859383305165009,0.0399095542870505,0.116641875148805,6897.34640735078,0.999806367217337
"Sigma[3,13]",-0.000194368506692781,0.000620217826752884,0.0536734714902444,-0.107191857140175,-0.0326693783453088,-0.000786575071422477,0.031567191387849,0.11169621569511,7489.12158163838,1.00079717575785
"Sigma[3,14]",0.00149191449162859,0.00084009037592449,0.0716928442478631,-0.14637614349854,-0.0402366812300138,0.00286111952343792,0.0420952530088638,0.143972044809591,7282.82042931779,0.999987947066667
"Sigma[3,15]",0.0395489357980903,0.000817321946616314,0.0500552335085985,-0.0526870734974738,0.00804856188701162,0.0367634061829275,0.0684914657589619,0.148493560115139,3750.70288078442,1.00058020628815
"Sigma[3,16]",0.0052674170262189,0.000779847621167966,0.0664571262942971,-0.128433342928403,-0.0342601854072974,0.00588576022397433,0.0434799801572197,0.138580910371036,7262.12319704471,0.999868267255835
"Sigma[3,17]",0.0090086793442579,0.000580316824409989,0.0528010852902628,-0.0971901339346949,-0.0213855418804253,0.00857607208664694,0.0405002760970016,0.114625071850646,8278.57094813451,0.999713735517909
"Sigma[4,1]",0.0217305110734664,0.000406105244401633,0.0312192551705315,-0.0388612156767786,0.002611912827739,0.0206351667895494,0.0403546427707609,0.0865025991776353,5909.73325775788,0.999873879577375
"Sigma[4,2]",0.0261212531809822,0.000464293846201146,0.0325242814243819,-0.0372685120555478,0.00620339281228615,0.0247708533092666,0.0448622117083638,0.0937422670555497,4907.15262045126,0.999940893083908
"Sigma[4,3]",0.0130328297052025,0.000449090585324933,0.0376970327665803,-0.0634379132077744,-0.00904659266760974,0.0128260203501489,0.0351476948980732,0.0906138252156316,7046.06155390341,0.999857288468384
"Sigma[4,4]",0.108157563053976,0.000931154579267411,0.050201188480243,0.0411876839868201,0.072747780680732,0.0978493934989605,0.131630584321388,0.234388550543833,2906.59439015772,1.00036025395499
"Sigma[4,5]",-0.0190568327023894,0.000430664245516162,0.0318506880570596,-0.0867347130573091,-0.0372921487545376,-0.0181287497982323,0.000433512445136577,0.0408350305503644,5469.65586374333,1.00006369301974
"Sigma[4,6]",0.0231400677418587,0.000429261554642952,0.0273012457689954,-0.0299436513811766,0.00648147246402748,0.0218430008204141,0.0382494328752028,0.0830546764817834,4045.02249286112,1.00050452260096
"Sigma[4,7]",0.0101096365945871,0.000374370686469675,0.0301794197560067,-0.050402086439957,-0.00776794833128043,0.0094566046822737,0.0273383986243462,0.0733257809612771,6498.57446236929,0.999876792363606
"Sigma[4,8]",0.00892130158112345,0.000257415416947782,0.0213623613346761,-0.0321462433753346,-0.0037272653902024,0.00804814512104248,0.0208704692864677,0.0550040680273066,6886.98926038536,0.999768793610929
"Sigma[4,9]",0.0348319254308395,0.000751600319223014,0.0538411295897834,-0.0723495627533432,0.00259159232275366,0.0329411499284595,0.0665768309105865,0.149916871216142,5131.61911155958,1.00078841947122
"Sigma[4,10]",-0.0119656416411074,0.000732110288153517,0.064483636641763,-0.143877577967578,-0.050708856690271,-0.0118416426179291,0.0259733773821317,0.12071650022195,7757.93299650135,1.00017033974152
"Sigma[4,11]",0.0203157958946632,0.000381104063519126,0.0297784927968742,-0.0381414205598948,0.00260708129809977,0.0189851434115072,0.0377749939810547,0.0837250947565552,6105.45825852881,0.999934587751825
"Sigma[4,12]",0.0250947904725921,0.000455030004959424,0.0331146079884202,-0.0377326906822578,0.00499787048024159,0.0237600781281349,0.0441473083100977,0.0944596174100175,5296.13645227209,1.00027563431882
"Sigma[4,13]",0.0066455122254245,0.000391257664125333,0.0325632121287135,-0.0586046779582137,-0.0124864103626811,0.00627534355651883,0.0252823603740637,0.0739498919841061,6926.73800309212,1.00028653270767
"Sigma[4,14]",0.021616551436569,0.000556241775199993,0.0426705707590009,-0.0597439306720178,-0.00397808154588746,0.0202303277867349,0.0454932592351494,0.112580978395131,5884.77278630954,1.0003380476288
"Sigma[4,15]",0.0217059467069733,0.000428501327461304,0.0301837814345211,-0.0371738870755688,0.0032210090106228,0.0202721047919813,0.0391040468462068,0.0856251107247208,4961.8422350148,0.999875189712335
"Sigma[4,16]",0.0104036457065931,0.000466632686325923,0.0390209249852074,-0.068675988924805,-0.0130616114089467,0.0101000754187377,0.0325431482368835,0.0926245109052613,6992.69855489362,0.999984854135526
"Sigma[4,17]",-0.00855453705083659,0.000392729698941784,0.0322134120054461,-0.076272834002042,-0.0269796716430974,-0.00804703138952548,0.0102579202644717,0.0557079598123481,6727.99972565199,0.999873575320912
"Sigma[5,1]",0.0152773653135078,0.000661672926482986,0.0433963594161218,-0.0690984431736033,-0.0116138330755226,0.0139040669098877,0.0417595589930784,0.104219095154866,4301.49938084332,1.00005983345504
"Sigma[5,2]",-0.0228584928551116,0.000637449273509416,0.0455841630531866,-0.118476497482136,-0.0497649835997098,-0.0210535711228133,0.00541757233695641,0.0655455612128462,5113.71723315174,1.00023359665739
"Sigma[5,3]",-0.00524240569212326,0.000700694962323863,0.0532383556860819,-0.109986528563668,-0.0371748220993741,-0.00620807179558094,0.0249113633590986,0.106740201287126,5772.86333977966,0.999933597567721
"Sigma[5,4]",-0.0190568327023894,0.000430664245516162,0.0318506880570596,-0.0867347130573091,-0.0372921487545376,-0.0181287497982323,0.000433512445136577,0.0408350305503644,5469.65586374333,1.00006369301974
"Sigma[5,5]",0.212084477992164,0.00240338430955837,0.0966949232626394,0.0770344427258376,0.144156892086125,0.194831909257719,0.260467815829931,0.447989122563131,1618.67963592213,1.00044950405313
"Sigma[5,6]",0.00647542595905411,0.000506338046864507,0.038013637160444,-0.067540304161617,-0.0159685227239238,0.005212550369303,0.0279960227244581,0.0876734446553633,5636.34704662134,1.00041172963114
"Sigma[5,7]",-0.0107491150273242,0.000526447544753568,0.0426422617142508,-0.100907141483677,-0.0353104668855902,-0.00945916155264408,0.0157119452385118,0.0736368010902374,6561.00325854406,1.00027887800723
"Sigma[5,8]",-0.00699351371814841,0.000356931931451322,0.0291123871050834,-0.0671649670594556,-0.0239177452150795,-0.00644335940326417,0.0101648122500862,0.0508133642723147,6652.49919475412,1.0001020189801
"Sigma[5,9]",-0.00549770143456433,0.000987491557643061,0.0760953544473237,-0.161577318469559,-0.0508500088144194,-0.00506679997736831,0.0400888367599007,0.148892517785121,5938.12732916059,1.0001748839275
"Sigma[5,10]",0.0468000890872251,0.00104377021410704,0.0927442251003571,-0.132515041120793,-0.00922463005266998,0.0453127897758318,0.101692905840003,0.237311323531518,7895.21489425775,0.9999863246965
"Sigma[5,11]",0.00502401629353407,0.000479137904317053,0.0399789086271676,-0.0761349088920774,-0.0191936742984515,0.00481067838768517,0.0289998847335276,0.0877155580913375,6962.1088739668,0.99982499190048
"Sigma[5,12]",0.00792179798270588,0.000637621372296724,0.0453224432039038,-0.0798877626137456,-0.0196093518347383,0.006082711504988,0.033893925062152,0.102451457916497,5052.43686720493,1.00051561828225
"Sigma[5,13]",0.0254987322671011,0.00058869879281957,0.0463200247956004,-0.0646939416730799,-0.00255585419139474,0.0241512429267926,0.0531382016577276,0.12060788490848,6190.8641753166,1.00029499214827
"Sigma[5,14]",0.00885795862342381,0.000732615181389311,0.059597095487182,-0.106704522754117,-0.0269111056149956,0.00766684484144142,0.0434562368611375,0.133075446713553,6617.56721603087,0.999918136313178
"Sigma[5,15]",-0.0066632496218788,0.000493525030727236,0.0409035986272043,-0.089113586713491,-0.0308012581576361,-0.00642133507675991,0.018118942129338,0.0749510532332704,6869.17637944789,0.999785171099614
"Sigma[5,16]",0.00454625867235919,0.000701201551211993,0.0560294229398166,-0.107836363709334,-0.0286987461576968,0.00433716634736937,0.0377664153035083,0.117559880347718,6384.78919472188,0.999972288323511
"Sigma[5,17]",-0.01473811930818,0.000531936603519458,0.0450933545672204,-0.10615192834307,-0.041180444338883,-0.013513628118582,0.0119292736066242,0.0742497622978749,7186.29989285569,0.999869993247882
"Sigma[6,1]",0.0338280448800272,0.000641675647749116,0.0385892061654569,-0.0384824791618177,0.00964057469407569,0.0316445241276552,0.0566063074749622,0.114847666782171,3616.60079858642,1.00029352841347
"Sigma[6,2]",0.0257742575528255,0.000526088407648611,0.0374026824104192,-0.0462251077763172,0.0029998582318105,0.0248714077229394,0.0484621483612908,0.101940841651878,5054.61445281764,1.00007447391255
"Sigma[6,3]",0.00940763376802374,0.000525572629953961,0.044589637914131,-0.0803408613658784,-0.0173294507518095,0.00905615651192194,0.035466962606135,0.10051764332587,7197.84367588767,0.999909324721297
"Sigma[6,4]",0.0231400677418587,0.000429261554642952,0.0273012457689954,-0.0299436513811766,0.00648147246402748,0.021843000820414,0.0382494328752028,0.0830546764817834,4045.02249286112,1.00050452260096
"Sigma[6,5]",0.00647542595905411,0.000506338046864507,0.038013637160444,-0.067540304161617,-0.0159685227239238,0.005212550369303,0.0279960227244581,0.0876734446553633,5636.34704662134,1.00041172963114
"Sigma[6,6]",0.145862841529355,0.00127938897971462,0.0692085853533291,0.0532510752906847,0.0991027999009917,0.132437784916764,0.177644330130406,0.315812431742814,2926.27228034097,1.00071086321016
"Sigma[6,7]",0.0164054724361035,0.000451146515942369,0.0351884114519212,-0.053379739841343,-0.004066687782729,0.0157492759310738,0.03676668408454,0.0896351733251788,6083.64841312126,0.999661008999398
"Sigma[6,8]",0.0046021667461805,0.000333666193138327,0.0249958156052953,-0.0468351815881881,-0.00984913783631182,0.00424679059998819,0.0189202560666072,0.0568109895098044,5611.90372092549,1.00064835286962
"Sigma[6,9]",0.0463353886822334,0.00097055069427313,0.0636559001718648,-0.0746064355520425,0.00626678443862689,0.0447799737348026,0.0839319730906416,0.178601229911355,4301.70752076273,1.00073098555446
"Sigma[6,10]",0.0394045994194035,0.00104783404091731,0.0741251976168315,-0.102190006661757,-0.00691781608930024,0.0375414307274676,0.0826022360135585,0.192846003366025,5004.33900305613,1.00032409373845
"Sigma[6,11]",0.0211241032468585,0.00045980371987316,0.0353730393076356,-0.0487886849938819,0.000123564938111636,0.0201992361056865,0.0422307498753219,0.0939950284380466,5918.33838318591,1.00033645579343
"Sigma[6,12]",0.027920876049541,0.000552051439033021,0.0384911061819271,-0.0432566095888069,0.0034236584261729,0.0260769031110461,0.0510212177160546,0.107444486054759,4861.40375407787,1.00035720671379
"Sigma[6,13]",0.0130762083482475,0.000465315427718885,0.0383323491984085,-0.0608053116090648,-0.00958733504917816,0.0117581302580314,0.0344588156556415,0.0932285802653903,6786.3455219344,1.0007202839212
"Sigma[6,14]",0.0359778402781876,0.00078850448798647,0.0516010515023713,-0.0613553516741304,0.00373741120251508,0.0337250335975658,0.0648985778096807,0.145286745281695,4282.61233938112,1.00004858920297
"Sigma[6,15]",0.0246614178323019,0.00047179592640416,0.0354793593983296,-0.0429624766151004,0.00242132165054619,0.0236105753386851,0.045367750593829,0.0993365230018771,5655.13746248148,1.00029363710064
"Sigma[6,16]",0.0121767206399571,0.000550989496096868,0.0457443162477976,-0.0792990911196434,-0.0147023334861215,0.0117276512046421,0.039307441636734,0.104257929865942,6892.67246477529,1.00012057952874
"Sigma[6,17]",-0.0202498189952852,0.000519704100494884,0.038195579343342,-0.100641516347125,-0.0421647701468397,-0.0186615077416365,0.00240422250604242,0.0532100550722578,5401.49423034742,1.0001099550137
"Sigma[7,1]",0.0335094924088979,0.000590246517280019,0.0418571888324408,-0.0452210551447019,0.00749356947730788,0.0313160590526621,0.0577487834703169,0.122457751934217,5028.90287797398,1.00097975235599
"Sigma[7,2]",0.0245075655668371,0.000533403112156496,0.043592471846885,-0.0613167457339387,-0.00211008148977328,0.0232270361141645,0.0500972142722836,0.117285168142358,6679.0070357809,1.000545942872
"Sigma[7,3]",0.0176347951110104,0.000604601501869707,0.0515545241360889,-0.0842054395888343,-0.0126676417639415,0.0161172152202903,0.0481482942440964,0.124684126764011,7271.01635907165,1.00039858638119
"Sigma[7,4]",0.0101096365945871,0.000374370686469675,0.0301794197560067,-0.050402086439957,-0.00776794833128043,0.0094566046822737,0.0273383986243462,0.0733257809612771,6498.57446236929,0.999876792363606
"Sigma[7,5]",-0.0107491150273242,0.000526447544753568,0.0426422617142508,-0.100907141483677,-0.0353104668855902,-0.00945916155264408,0.0157119452385118,0.0736368010902374,6561.00325854406,1.00027887800723
"Sigma[7,6]",0.0164054724361035,0.000451146515942369,0.0351884114519212,-0.053379739841343,-0.004066687782729,0.0157492759310738,0.03676668408454,0.0896351733251788,6083.64841312126,0.999661008999398
"Sigma[7,7]",0.190164031256787,0.00186163848303185,0.0895077421879193,0.0732764944500433,0.129015790912886,0.171615332851427,0.232070107315713,0.411205640054445,2311.69486723045,1.00142754445867
"Sigma[7,8]",0.0170680608028383,0.000429632446765245,0.0285870299583365,-0.0388496534712023,-0.000553856694482981,0.0161763836464097,0.0338000080527402,0.0770371762473517,4427.35073345586,1.00006797446582
"Sigma[7,9]",0.0570713289079488,0.0010615542150591,0.0711941613514699,-0.0806685969180869,0.0119536881474295,0.0558985851952305,0.0998773918368041,0.203737925126645,4497.84410598584,1.00005676229999
"Sigma[7,10]",0.0575902712273344,0.00112715836286482,0.0854550873278923,-0.109430747601926,0.00560602857101414,0.0557193047326345,0.108580354558024,0.230777441970843,5747.85719327209,1.00042180050758
"Sigma[7,11]",0.011878177771848,0.000472405021257654,0.0390559545186933,-0.0634032773376711,-0.0114211607459247,0.0112805081437634,0.0340608006498552,0.0925464331151876,6835.10990797333,1.00082721678744
"Sigma[7,12]",0.0368711388356592,0.000667407195415993,0.0436437237304513,-0.0443275417871047,0.0092924201966057,0.0342639921683171,0.0621137148112401,0.132191837396316,4276.23759047646,1.00075085939297
"Sigma[7,13]",0.00283260516301709,0.00053649225054856,0.0425885913213099,-0.0821699757506829,-0.0220316005061975,0.00305931333190349,0.0281403276683605,0.0889860650096498,6301.72786489136,1.0000864313938
"Sigma[7,14]",0.0151249072090687,0.000702693703766287,0.0556992672709712,-0.0965676073850426,-0.0184772852545319,0.0149915354137526,0.047146528558342,0.128893555638392,6282.99681588948,1.00024657663136
"Sigma[7,15]",0.040859778234839,0.000743620641715062,0.0415710971413688,-0.0354808082686384,0.0142818569535497,0.0384799967807103,0.0653588496561558,0.12985148417237,3125.21643755692,1.00001811460662
"Sigma[7,16]",0.0260250677572658,0.000634399281933316,0.0519205121875343,-0.0758010157172408,-0.00505097695892881,0.0249303396910148,0.0557556406850758,0.131038386237017,6698.11455221862,1.00005551376918
"Sigma[7,17]",-0.00835410232058016,0.000515953427628305,0.0415211672001615,-0.0924073635795399,-0.0330689573096692,-0.00888554075047602,0.0149443034826052,0.0788952118878554,6476.16794984526,0.999997846806783
"Sigma[8,1]",0.0110156880070695,0.000373137489377877,0.0293337356971595,-0.0484676744459603,-0.00604366157345343,0.0103956291779577,0.0279631316304928,0.0727725803344646,6180.12101132858,1.00023739953456
"Sigma[8,2]",0.0188091463946597,0.000398489152697632,0.0303211117313955,-0.0408316281687131,0.000257995449293967,0.0179999053372685,0.0368951026983989,0.0818956663491013,5789.71563548399,0.999918769612312
"Sigma[8,3]",0.0221928641839338,0.000479275677792998,0.0356813329985021,-0.0460592099368385,5.7117546056347e-05,0.0201389548193712,0.042863019618877,0.100013059024666,5542.57222439395,1.00014692486813
"Sigma[8,4]",0.00892130158112345,0.000257415416947782,0.0213623613346761,-0.0321462433753346,-0.0037272653902024,0.00804814512104248,0.0208704692864677,0.0550040680273066,6886.98926038536,0.999768793610929
"Sigma[8,5]",-0.00699351371814841,0.000356931931451322,0.0291123871050834,-0.0671649670594556,-0.0239177452150795,-0.00644335940326417,0.0101648122500862,0.0508133642723147,6652.49919475412,1.0001020189801
"Sigma[8,6]",0.0046021667461805,0.000333666193138327,0.0249958156052953,-0.0468351815881881,-0.00984913783631182,0.00424679059998819,0.0189202560666072,0.0568109895098044,5611.90372092549,1.00064835286962
"Sigma[8,7]",0.0170680608028383,0.000429632446765245,0.0285870299583365,-0.0388496534712023,-0.000553856694482981,0.0161763836464097,0.0338000080527402,0.0770371762473517,4427.35073345586,1.00006797446582
"Sigma[8,8]",0.0900094050783736,0.000899123189506068,0.0454908293059436,0.0306420946166627,0.0585519585562176,0.0805238742169315,0.110141888139805,0.207435295596854,2559.81930931032,1.00057289877168
"Sigma[8,9]",0.0502547470010872,0.00081596239866282,0.0521205187239732,-0.0467785614143366,0.0170554767051251,0.0474620789914548,0.0802986495074682,0.163850650313197,4080.15974452396,1.00010715670961
"Sigma[8,10]",-0.00250194834783629,0.000710020616536801,0.0596965289429001,-0.121889794876197,-0.0386119044559588,-0.00285573910828245,0.0329068761365753,0.11750528722948,7068.97166687421,1.0001428263068
"Sigma[8,11]",0.00362591904062481,0.000313549993721324,0.0270447303832024,-0.0506147393275686,-0.0124722895056943,0.00360507078954016,0.0194291950983539,0.060043963018795,7439.63655276107,1.00060326285172
"Sigma[8,12]",0.0105720076194246,0.000399409015485338,0.0304499199610047,-0.0482100586222156,-0.00743009688992743,0.00980526314359638,0.0279952937261079,0.0720494993908614,5812.14691703384,1.00009483090768
"Sigma[8,13]",-0.0100146180525986,0.00045839954256265,0.0309134575639943,-0.0752002930936297,-0.0280901960804481,-0.00922174943231492,0.00837593079591319,0.0508109534604426,4547.85713146014,0.999927046540911
"Sigma[8,14]",0.0213248322279991,0.000543008898471198,0.0390472455475159,-0.0566823575440403,-0.00236085691952117,0.019857646418041,0.0443521190882736,0.103646652594315,5170.90922512092,1.00022119397656
"Sigma[8,15]",0.0230562978844509,0.000543611391702891,0.0298715190637285,-0.0298619175614074,0.00371049841275961,0.0211917924144921,0.0401519561766034,0.0885127409493952,3019.51727629608,1.00008551271079
"Sigma[8,16]",0.015211727654325,0.000442222305321752,0.0375622272784768,-0.0603922079439661,-0.00626461854302501,0.0147065402673261,0.0367155399498816,0.0924178694678024,7214.75161084879,1.00024727059554
"Sigma[8,17]",0.00241061713205008,0.00035378479615814,0.0298724312688232,-0.0611668805639724,-0.0141832997055986,0.00299854102242563,0.0196658611593438,0.0632548687438714,7129.56135281257,0.999644025322572
"Sigma[9,1]",0.0528143643893514,0.00100780925443355,0.0747250511604376,-0.0893143708545055,0.00552308018713657,0.0494669809058565,0.0973141859000064,0.207057994823587,5497.63316838006,1.00039633149703
"Sigma[9,2]",0.0985783081219295,0.00110039300164526,0.0779881949488136,-0.0521112205002613,0.050556839612944,0.0954344766979285,0.143856707487509,0.264957683833168,5022.98750611025,1.0001440097226
"Sigma[9,3]",0.011108087594462,0.00105025907982369,0.088885988037976,-0.168278101767569,-0.0423052861248086,0.0113833980980494,0.0644678075012433,0.188136691895377,7162.64981660307,0.999644085857209
"Sigma[9,4]",0.0348319254308395,0.000751600319223014,0.0538411295897834,-0.0723495627533432,0.00259159232275366,0.0329411499284595,0.0665768309105865,0.149916871216142,5131.61911155958,1.00078841947122
"Sigma[9,5]",-0.00549770143456433,0.000987491557643061,0.0760953544473237,-0.161577318469559,-0.0508500088144194,-0.00506679997736831,0.0400888367599007,0.148892517785121,5938.12732916059,1.0001748839275
"Sigma[9,6]",0.0463353886822334,0.00097055069427313,0.0636559001718648,-0.0746064355520425,0.00626678443862689,0.0447799737348026,0.0839319730906416,0.178601229911355,4301.70752076273,1.00073098555446
"Sigma[9,7]",0.0570713289079488,0.0010615542150591,0.0711941613514699,-0.0806685969180869,0.0119536881474295,0.0558985851952305,0.0998773918368041,0.203737925126645,4497.84410598584,1.00005676229999
"Sigma[9,8]",0.0502547470010872,0.000815962398662819,0.0521205187239732,-0.0467785614143366,0.0170554767051251,0.0474620789914548,0.0802986495074682,0.163850650313197,4080.15974452396,1.00010715670961
"Sigma[9,9]",0.726983248602175,0.00666467142838965,0.271757178156117,0.328511778343569,0.53491463768059,0.682877993233047,0.869489135652666,1.37178741458735,1662.66426177093,1.00020388386475
"Sigma[9,10]",0.0988221570801076,0.00200605845090991,0.154780940651435,-0.198799784560971,0.00210794883336119,0.0941246664241181,0.190780195455618,0.425779478061489,5953.16332203249,0.999784308094934
"Sigma[9,11]",0.0626195689057745,0.000924193082001957,0.0708376906882008,-0.0701653462036852,0.0180770169224674,0.0593984591357033,0.104029127695388,0.21256855584014,5874.93901618263,1.00011107373637
"Sigma[9,12]",0.0610587936494773,0.00113806773379337,0.0771048086263427,-0.089226890440632,0.0124451666352222,0.0581319133243376,0.108181609948839,0.220779745171893,4590.14818438566,1.00122565341506
"Sigma[9,13]",0.030188049091953,0.00102250521360526,0.0782937136630353,-0.124945137130915,-0.0161555252405105,0.0301244536065651,0.0765147015808607,0.190861623972184,5863.03820595605,1.00007686185047
"Sigma[9,14]",0.139438682820725,0.00207926227531217,0.108741511072583,-0.0539706748058325,0.0689353714037298,0.129847598226346,0.202533383205146,0.387303223750301,2735.09351081603,1.00099965366796
"Sigma[9,15]",0.0348398871288834,0.000950302701299133,0.0702471532686038,-0.100707226570562,-0.00878125297674694,0.0325649645436749,0.0777721413855356,0.18189405589614,5464.28737127638,1.00025193028326
"Sigma[9,16]",0.108951849932369,0.00130494902415996,0.0981197880023328,-0.0727059604187188,0.0465259773498067,0.103361770759538,0.1657972654508,0.316864702253536,5653.61341078961,1.00049540688161
"Sigma[9,17]",-0.0486773634897314,0.0011371260881573,0.0773045877086218,-0.21051921471331,-0.0932375779717824,-0.0454375533578117,-0.000318091818721791,0.0995039480768873,4621.60995403001,1.00041735946632
"Sigma[10,1]",0.0290429826998452,0.00100591704242537,0.0873679317724135,-0.145590722792304,-0.0234243063312755,0.0284642853819509,0.0811030441698936,0.207724585640434,7543.61955567123,1.0003770782548
"Sigma[10,2]",0.0251944442800364,0.00101563731085235,0.0928321678696328,-0.165742611675587,-0.0298149524448583,0.02397330796102,0.0806751116284406,0.21383640143295,8354.48514436859,0.99981812327848
"Sigma[10,3]",-0.0396565270875666,0.00123487053612234,0.108309338831183,-0.264812056566557,-0.103628175833178,-0.0365373061557545,0.024810190190445,0.174218874269593,7692.87990018656,0.999955300714993
"Sigma[10,4]",-0.0119656416411074,0.000732110288153517,0.064483636641763,-0.143877577967578,-0.050708856690271,-0.0118416426179291,0.0259733773821317,0.12071650022195,7757.93299650135,1.00017033974152
"Sigma[10,5]",0.0468000890872251,0.00104377021410704,0.0927442251003571,-0.132515041120793,-0.00922463005266998,0.0453127897758318,0.101692905840003,0.237311323531519,7895.21489425775,0.9999863246965
"Sigma[10,6]",0.0394045994194035,0.00104783404091731,0.0741251976168315,-0.102190006661757,-0.00691781608930024,0.0375414307274676,0.0826022360135585,0.192846003366025,5004.33900305613,1.00032409373845
"Sigma[10,7]",0.0575902712273344,0.00112715836286482,0.0854550873278923,-0.109430747601926,0.00560602857101414,0.0557193047326346,0.108580354558024,0.230777441970843,5747.85719327209,1.00042180050758
"Sigma[10,8]",-0.00250194834783629,0.000710020616536801,0.0596965289429001,-0.121889794876197,-0.0386119044559588,-0.00285573910828245,0.0329068761365754,0.11750528722948,7068.97166687421,1.0001428263068
"Sigma[10,9]",0.0988221570801076,0.00200605845090991,0.154780940651435,-0.198799784560971,0.00210794883336119,0.0941246664241181,0.190780195455618,0.425779478061489,5953.16332203249,0.999784308094934
"Sigma[10,10]",1.0786583938077,0.00738760904611418,0.441955034041338,0.489901597833103,0.776044253310485,0.989670108138924,1.27784251087882,2.17278702038353,3578.89009104713,0.999810973369718
"Sigma[10,11]",0.0312578137649504,0.00108234829133691,0.0825100461522324,-0.132001517390384,-0.0201750075645272,0.0294616696476125,0.0817089985529847,0.20354657109658,5811.38420033687,1.00003764346898
"Sigma[10,12]",-0.0207235546557907,0.00116911021050164,0.0942644394978384,-0.216032562758155,-0.0742654349122278,-0.0184813985883486,0.0361785895145654,0.162505204093413,6501.07044622213,1.00211183614509
"Sigma[10,13]",0.0466582889500882,0.00113208705018406,0.0917735320931596,-0.13497733061838,-0.00910973648094345,0.0437180620227246,0.101249848266739,0.237875076059396,6571.66245457771,1.00035447609943
"Sigma[10,14]",0.0236263019465394,0.00152308822913577,0.119783272763314,-0.216518761599217,-0.0471784870770845,0.0228071468097226,0.0944053126963875,0.267754672608618,6185.03591996693,1.00035803345972
"Sigma[10,15]",0.0446710328011024,0.00118222203945185,0.0854539540663342,-0.121412410702637,-0.00800454288222125,0.0426574856597909,0.0966153993659419,0.224047313909381,5224.75852224233,1.00087907575478
"Sigma[10,16]",0.0638109713786498,0.00158021786625984,0.116474593124847,-0.162222452848429,-0.00587605595887999,0.0601993752757049,0.129303454541643,0.308611023516892,5432.8594350047,1.00003765067086
"Sigma[10,17]",-0.119453257814667,0.00149852366578158,0.0932021067116561,-0.3243042566388,-0.170940703380468,-0.111577144116886,-0.0585840133123164,0.0466271284547536,3868.33650527206,0.999998688145499
"Sigma[11,1]",0.0416149774621231,0.00075081915714301,0.0418478449763331,-0.0349442850185021,0.0147917606140724,0.0388135758636235,0.0655698303749787,0.133078458723626,3106.52967229868,1.000380581277
"Sigma[11,2]",0.0335488095211117,0.000491574418235975,0.0414029070291413,-0.0472269850926152,0.00851983188573097,0.0322604647041113,0.0580378487056584,0.120766653682485,7093.86832524923,1.00045375864698
"Sigma[11,3]",0.029164572689076,0.000729771900797795,0.0485079059472951,-0.061553709711923,-0.00157550976870577,0.0271640136508914,0.0570962398819851,0.130989197423971,4418.25501625426,1.00086541426422
"Sigma[11,4]",0.0203157958946632,0.000381104063519126,0.0297784927968742,-0.0381414205598948,0.00260708129809977,0.0189851434115072,0.0377749939810547,0.0837250947565551,6105.45825852881,0.999934587751825
"Sigma[11,5]",0.00502401629353407,0.000479137904317053,0.0399789086271676,-0.0761349088920774,-0.0191936742984515,0.00481067838768517,0.0289998847335276,0.0877155580913375,6962.1088739668,0.99982499190048
"Sigma[11,6]",0.0211241032468585,0.00045980371987316,0.0353730393076356,-0.0487886849938819,0.000123564938111636,0.0201992361056865,0.0422307498753219,0.0939950284380466,5918.33838318591,1.00033645579343
"Sigma[11,7]",0.011878177771848,0.000472405021257654,0.0390559545186933,-0.0634032773376711,-0.0114211607459247,0.0112805081437634,0.0340608006498552,0.0925464331151876,6835.10990797333,1.00082721678744
"Sigma[11,8]",0.00362591904062481,0.000313549993721324,0.0270447303832024,-0.0506147393275686,-0.0124722895056943,0.00360507078954016,0.0194291950983539,0.060043963018795,7439.63655276107,1.00060326285172
"Sigma[11,9]",0.0626195689057745,0.000924193082001957,0.0708376906882008,-0.0701653462036852,0.0180770169224674,0.0593984591357033,0.104029127695388,0.21256855584014,5874.93901618263,1.00011107373637
"Sigma[11,10]",0.0312578137649504,0.00108234829133691,0.0825100461522324,-0.132001517390384,-0.0201750075645272,0.0294616696476125,0.0817089985529847,0.20354657109658,5811.38420033687,1.00003764346898
"Sigma[11,11]",0.180906919483931,0.00163058186972821,0.0799482890703436,0.0697571066915669,0.125720238309157,0.166128874911697,0.21954809413948,0.376134944653863,2403.9926188476,1.00098463880886
"Sigma[11,12]",0.0176844722337578,0.000511625709122926,0.0416041785756724,-0.0648019381771707,-0.00724957443893625,0.0171821595457196,0.0428770787216669,0.101683593320957,6612.55328135619,1.00017443949332
"Sigma[11,13]",0.0463060921346041,0.000793176364105349,0.0440994248580824,-0.0318740672017386,0.0176828183762927,0.0429619031822208,0.0712387822117213,0.14530644726526,3091.19443290774,1.00171206256005
"Sigma[11,14]",0.0296582730616341,0.000661057514024213,0.0545004442967085,-0.0771919521220686,-0.00266462798363912,0.0284361647565269,0.0612199636429483,0.143406948504652,6797.06766426575,0.999870928633937
"Sigma[11,15]",0.0198670296108971,0.00051408012601727,0.0375152287965462,-0.0514445470682872,-0.00360239377597084,0.0181767975192154,0.0421145385545654,0.0986798339884181,5325.41637776159,1.00044789184649
"Sigma[11,16]",0.0289797339155462,0.000651765180105532,0.0517562546771376,-0.0722564024451034,-0.00264839610652065,0.0277106844895667,0.0595182707070663,0.13639907615064,6305.84617652224,1.00046563699768
"Sigma[11,17]",-0.0198856937178225,0.000580161952274267,0.0421199707057064,-0.107163270593965,-0.0442956997186793,-0.0186923565469869,0.00504391315748081,0.0642685057269148,5270.81330133835,1.00041782552048
"Sigma[12,1]",0.0391552456921511,0.000590617120587919,0.0457712116895201,-0.0474548890380597,0.0105741876749148,0.037346913076531,0.0657595572859368,0.138676689089467,6005.82613018472,0.999729590062529
"Sigma[12,2]",0.0126452480824123,0.000526280712369085,0.0448789546650525,-0.0771437961699539,-0.0144192981778967,0.0131122730747957,0.0393415107788311,0.104667801767183,7271.94453128237,0.999824619808007
"Sigma[12,3]",0.00867235198406515,0.000640106706215445,0.0531610311585676,-0.0994320494084606,-0.0228505421752757,0.00859383305165009,0.0399095542870505,0.116641875148805,6897.34640735078,0.999806367217337
"Sigma[12,4]",0.0250947904725921,0.000455030004959424,0.0331146079884202,-0.0377326906822578,0.00499787048024159,0.0237600781281349,0.0441473083100977,0.0944596174100175,5296.13645227209,1.00027563431882
"Sigma[12,5]",0.00792179798270588,0.000637621372296724,0.0453224432039038,-0.0798877626137456,-0.0196093518347383,0.006082711504988,0.033893925062152,0.102451457916497,5052.43686720493,1.00051561828225
"Sigma[12,6]",0.027920876049541,0.000552051439033021,0.0384911061819271,-0.0432566095888069,0.0034236584261729,0.0260769031110461,0.0510212177160546,0.107444486054759,4861.40375407787,1.00035720671379
"Sigma[12,7]",0.0368711388356592,0.000667407195415993,0.0436437237304513,-0.0443275417871047,0.0092924201966057,0.0342639921683171,0.0621137148112401,0.132191837396316,4276.23759047646,1.00075085939297
"Sigma[12,8]",0.0105720076194246,0.000399409015485338,0.0304499199610047,-0.0482100586222156,-0.00743009688992743,0.00980526314359638,0.0279952937261079,0.0720494993908614,5812.14691703384,1.00009483090768
"Sigma[12,9]",0.0610587936494773,0.00113806773379337,0.0771048086263427,-0.089226890440632,0.0124451666352222,0.0581319133243376,0.108181609948839,0.220779745171893,4590.14818438566,1.00122565341506
"Sigma[12,10]",-0.0207235546557907,0.00116911021050164,0.0942644394978384,-0.216032562758155,-0.0742654349122278,-0.0184813985883486,0.0361785895145654,0.162505204093413,6501.07044622213,1.00211183614509
"Sigma[12,11]",0.0176844722337578,0.000511625709122926,0.0416041785756724,-0.0648019381771707,-0.00724957443893625,0.0171821595457196,0.0428770787216669,0.101683593320957,6612.55328135619,1.00017443949332
"Sigma[12,12]",0.221545632984038,0.00216826529806785,0.0989266572155524,0.0841820301137104,0.152455568684647,0.202242088460401,0.269860453265877,0.466912324796887,2081.62181297535,1.00052423138594
"Sigma[12,13]",0.0139566574988118,0.000580453888649057,0.0456371542167411,-0.0753398172423247,-0.0139022496171078,0.013170365135071,0.0409016783882362,0.108774279275187,6181.61083955648,0.999899329472077
"Sigma[12,14]",0.026345805883046,0.000759721453055017,0.0601146612546002,-0.0914192117907652,-0.0101405192334244,0.0253708182212793,0.0613350111140134,0.150455050480464,6261.12000702431,1.00093808070717
"Sigma[12,15]",0.0268734280581749,0.000594726242594555,0.0426144701532531,-0.0565259490791956,0.000328569491430503,0.0255759215593405,0.052450683673355,0.116617264540778,5134.2851054604,0.999638695810598
"Sigma[12,16]",0.0203928605582678,0.000729193459087325,0.0572156708535698,-0.09134503673207,-0.0147572880301978,0.0189910491012835,0.053032636141531,0.142804259206756,6156.64993010101,1.00024715526461
"Sigma[12,17]",-0.0097104619697748,0.000636561052969903,0.0460184705874652,-0.101673065847298,-0.036848701325022,-0.0092991830213519,0.0176890479958332,0.08220985412531,5226.17845133018,1.00025681597884
"Sigma[13,1]",0.023219661006263,0.000547592916294865,0.0435530179203668,-0.0624200660532482,-0.00343996535894354,0.0218412872549209,0.0486969987470398,0.118941173156927,6325.87877418598,1.00050356836624
"Sigma[13,2]",0.0256374210792919,0.00057365369493557,0.0455577272985403,-0.0626528003645224,-0.00296811692726745,0.0248283967507103,0.0521222636322844,0.118797288829462,6307.02439503433,0.999766118328726
"Sigma[13,3]",-0.000194368506692781,0.000620217826752884,0.0536734714902444,-0.107191857140175,-0.0326693783453088,-0.000786575071422477,0.031567191387849,0.11169621569511,7489.12158163838,1.00079717575785
"Sigma[13,4]",0.0066455122254245,0.000391257664125333,0.0325632121287135,-0.0586046779582137,-0.0124864103626811,0.00627534355651883,0.0252823603740637,0.0739498919841061,6926.73800309212,1.00028653270767
"Sigma[13,5]",0.0254987322671011,0.00058869879281957,0.0463200247956004,-0.0646939416730799,-0.00255585419139474,0.0241512429267926,0.0531382016577276,0.12060788490848,6190.8641753166,1.00029499214827
"Sigma[13,6]",0.0130762083482475,0.000465315427718885,0.0383323491984085,-0.0608053116090648,-0.00958733504917816,0.0117581302580314,0.0344588156556415,0.0932285802653903,6786.3455219344,1.0007202839212
"Sigma[13,7]",0.00283260516301709,0.00053649225054856,0.0425885913213099,-0.0821699757506829,-0.0220316005061975,0.00305931333190349,0.0281403276683605,0.0889860650096498,6301.72786489136,1.0000864313938
"Sigma[13,8]",-0.0100146180525986,0.00045839954256265,0.0309134575639943,-0.0752002930936297,-0.0280901960804481,-0.00922174943231492,0.00837593079591319,0.0508109534604426,4547.85713146014,0.999927046540911
"Sigma[13,9]",0.030188049091953,0.00102250521360526,0.0782937136630353,-0.124945137130915,-0.0161555252405105,0.0301244536065651,0.0765147015808607,0.190861623972184,5863.03820595605,1.00007686185047
"Sigma[13,10]",0.0466582889500882,0.00113208705018406,0.0917735320931596,-0.13497733061838,-0.00910973648094345,0.0437180620227246,0.101249848266739,0.237875076059396,6571.66245457771,1.00035447609943
"Sigma[13,11]",0.0463060921346041,0.00079317636410535,0.0440994248580824,-0.0318740672017386,0.0176828183762927,0.0429619031822208,0.0712387822117213,0.14530644726526,3091.19443290773,1.00171206256005
"Sigma[13,12]",0.0139566574988118,0.000580453888649057,0.0456371542167411,-0.0753398172423247,-0.0139022496171078,0.013170365135071,0.0409016783882362,0.108774279275187,6181.61083955648,0.999899329472077
"Sigma[13,13]",0.225831504808664,0.00229712891773442,0.0996827117212214,0.0873629912011172,0.156023472671227,0.207947487467477,0.274083866126129,0.472671326353898,1883.08077520078,1.00060933055155
"Sigma[13,14]",0.00652292129504335,0.000815928118072673,0.0621728487155877,-0.126367930152727,-0.0296191267840994,0.00875781673061184,0.0436000744260469,0.127965337978401,5806.27677653789,1.00008693180196
"Sigma[13,15]",-0.00225907981041715,0.000550938753604604,0.0418347860565677,-0.0861072947304365,-0.0277056397706187,-0.00155441859674475,0.0226467837879808,0.0817251765858647,5765.91798088692,1.00050438146349
"Sigma[13,16]",0.0287856628083337,0.000729823126687755,0.0578808860816504,-0.0847142580953612,-0.00631266843679114,0.027604153820721,0.0626836822700427,0.149392985299654,6289.77484905315,1.00039157293048
"Sigma[13,17]",-0.0172421062088302,0.000552310579345306,0.0443836510385669,-0.108438884649317,-0.0422423375064773,-0.0167049288520946,0.00895018717336392,0.0709169308882987,6457.72170889123,1.00039088584928
"Sigma[14,1]",0.0332676329003091,0.000746921246087555,0.058686235237568,-0.080670701250913,-0.00346768895070431,0.0312348196241596,0.0668982754395581,0.157233824474014,6173.37805934578,1.00001774937559
"Sigma[14,2]",0.0416347454165534,0.00071902780375069,0.0592573308439293,-0.076459644531644,0.0064823081579118,0.0404978427801806,0.0767389486794836,0.16023449075211,6791.92376253357,1.00060349676832
"Sigma[14,3]",0.00149191449162859,0.00084009037592449,0.0716928442478631,-0.14637614349854,-0.0402366812300138,0.00286111952343792,0.0420952530088638,0.143972044809591,7282.82042931779,0.999987947066667
"Sigma[14,4]",0.021616551436569,0.000556241775199993,0.0426705707590009,-0.0597439306720178,-0.00397808154588746,0.0202303277867349,0.0454932592351494,0.112580978395131,5884.77278630954,1.0003380476288
"Sigma[14,5]",0.00885795862342381,0.000732615181389311,0.059597095487182,-0.106704522754117,-0.0269111056149956,0.00766684484144142,0.0434562368611375,0.133075446713553,6617.56721603087,0.999918136313178
"Sigma[14,6]",0.0359778402781876,0.00078850448798647,0.0516010515023713,-0.0613553516741304,0.00373741120251508,0.0337250335975658,0.0648985778096808,0.145286745281695,4282.61233938112,1.00004858920297
"Sigma[14,7]",0.0151249072090687,0.000702693703766287,0.0556992672709712,-0.0965676073850426,-0.0184772852545319,0.0149915354137526,0.047146528558342,0.128893555638392,6282.99681588948,1.00024657663136
"Sigma[14,8]",0.0213248322279991,0.000543008898471198,0.0390472455475159,-0.0566823575440403,-0.00236085691952117,0.019857646418041,0.0443521190882736,0.103646652594315,5170.90922512092,1.00022119397656
"Sigma[14,9]",0.139438682820725,0.00207926227531217,0.108741511072583,-0.0539706748058325,0.0689353714037298,0.129847598226346,0.202533383205146,0.387303223750301,2735.09351081603,1.00099965366796
"Sigma[14,10]",0.0236263019465394,0.00152308822913577,0.119783272763314,-0.216518761599217,-0.0471784870770845,0.0228071468097225,0.0944053126963875,0.267754672608618,6185.03591996693,1.00035803345972
"Sigma[14,11]",0.0296582730616341,0.000661057514024213,0.0545004442967085,-0.0771919521220686,-0.00266462798363912,0.0284361647565269,0.0612199636429483,0.143406948504652,6797.06766426575,0.999870928633937
"Sigma[14,12]",0.026345805883046,0.000759721453055017,0.0601146612546002,-0.0914192117907651,-0.0101405192334244,0.0253708182212793,0.0613350111140134,0.150455050480464,6261.12000702431,1.00093808070717
"Sigma[14,13]",0.00652292129504335,0.000815928118072673,0.0621728487155877,-0.126367930152727,-0.0296191267840994,0.00875781673061184,0.0436000744260469,0.127965337978401,5806.27677653789,1.00008693180196
"Sigma[14,14]",0.381102547908096,0.00418825760740834,0.180934085201473,0.131630592921936,0.256209327178447,0.347154421844651,0.469188526070063,0.828790531679635,1866.26798475122,1.00131249469438
"Sigma[14,15]",0.00290546405482724,0.000696496486471588,0.0562435529323016,-0.112621030397496,-0.0300179995781463,0.00338158612961622,0.0367258635963185,0.114153430678079,6520.90142417533,1.00013131385578
"Sigma[14,16]",0.0864681943430052,0.00153848816957259,0.0820797946281928,-0.0629994766037121,0.0335068812824089,0.0799375232264276,0.133322823813901,0.268691421030251,2846.32311809811,1.00092299668345
"Sigma[14,17]",-0.0124667640207249,0.000770587263728245,0.0596092629807158,-0.132757633562972,-0.0466167069484887,-0.0118965045304323,0.0218613869711942,0.10671374164758,5983.89343749327,0.999609152384588
"Sigma[15,1]",0.0408611238234145,0.000754568763492412,0.0419776664522975,-0.0366315089866697,0.0138865605424402,0.0382536198365312,0.0655160604123289,0.132062476301557,3094.84525545283,1.00076301262374
"Sigma[15,2]",0.0215572403070777,0.000495419201454885,0.0409063735282945,-0.05747419407025,-0.00422588963309497,0.0201827018254292,0.0457626807053904,0.106219567747803,6817.67492179818,0.999979946883708
"Sigma[15,3]",0.0395489357980903,0.000817321946616314,0.0500552335085985,-0.0526870734974738,0.00804856188701162,0.0367634061829275,0.0684914657589619,0.148493560115139,3750.70288078442,1.00058020628815
"Sigma[15,4]",0.0217059467069733,0.000428501327461304,0.0301837814345211,-0.0371738870755688,0.0032210090106228,0.0202721047919813,0.0391040468462068,0.0856251107247208,4961.8422350148,0.999875189712335
"Sigma[15,5]",-0.0066632496218788,0.000493525030727236,0.0409035986272043,-0.089113586713491,-0.0308012581576361,-0.00642133507675991,0.018118942129338,0.0749510532332704,6869.17637944789,0.999785171099614
"Sigma[15,6]",0.0246614178323019,0.00047179592640416,0.0354793593983296,-0.0429624766151004,0.00242132165054619,0.0236105753386851,0.045367750593829,0.0993365230018771,5655.13746248148,1.00029363710064
"Sigma[15,7]",0.040859778234839,0.000743620641715062,0.0415710971413688,-0.0354808082686384,0.0142818569535497,0.0384799967807103,0.0653588496561558,0.12985148417237,3125.21643755692,1.00001811460662
"Sigma[15,8]",0.0230562978844509,0.000543611391702891,0.0298715190637285,-0.0298619175614074,0.00371049841275961,0.0211917924144921,0.0401519561766034,0.0885127409493952,3019.51727629608,1.00008551271079
"Sigma[15,9]",0.0348398871288834,0.000950302701299133,0.0702471532686038,-0.100707226570562,-0.00878125297674694,0.0325649645436749,0.0777721413855356,0.18189405589614,5464.28737127638,1.00025193028326
"Sigma[15,10]",0.0446710328011024,0.00118222203945185,0.0854539540663342,-0.121412410702637,-0.00800454288222125,0.0426574856597909,0.0966153993659419,0.224047313909381,5224.75852224233,1.00087907575478
"Sigma[15,11]",0.0198670296108971,0.00051408012601727,0.0375152287965462,-0.0514445470682872,-0.00360239377597084,0.0181767975192154,0.0421145385545655,0.0986798339884181,5325.41637776159,1.00044789184649
"Sigma[15,12]",0.0268734280581749,0.000594726242594555,0.0426144701532531,-0.0565259490791956,0.000328569491430503,0.0255759215593405,0.052450683673355,0.116617264540778,5134.2851054604,0.999638695810598
"Sigma[15,13]",-0.00225907981041715,0.000550938753604604,0.0418347860565677,-0.0861072947304365,-0.0277056397706187,-0.00155441859674475,0.0226467837879808,0.0817251765858647,5765.91798088692,1.00050438146349
"Sigma[15,14]",0.00290546405482724,0.000696496486471588,0.0562435529323016,-0.112621030397496,-0.0300179995781463,0.00338158612961622,0.0367258635963185,0.114153430678079,6520.90142417533,1.00013131385578
"Sigma[15,15]",0.185636027261254,0.00170935868956404,0.0806577831556778,0.0712441833387742,0.130244704045876,0.170959896045412,0.223044623300529,0.385829911019598,2226.51771430717,1.00077005269738
"Sigma[15,16]",0.000298705928575294,0.000644818990259998,0.0518150117476079,-0.107095796634669,-0.0301273487126619,0.00101019696010499,0.0306060687463971,0.103545588646544,6457.07102574656,0.999971825346397
"Sigma[15,17]",-0.00988743374148888,0.000518146222524973,0.0417541722263245,-0.0956087819000397,-0.0339990037331933,-0.00956705631074732,0.0150848559819932,0.0736725756202685,6493.74280668166,0.999948761547
"Sigma[16,1]",0.0149402620366275,0.000626254078267315,0.0542391262397057,-0.0940405513336322,-0.0161968404331766,0.0144004999292921,0.0465387749603326,0.123987137338002,7501.08756371316,0.999876756870302
"Sigma[16,2]",0.0378803082943632,0.000630134847050353,0.0562558934493882,-0.0723073711225666,0.00342954403430577,0.0365397105324103,0.071428343720974,0.15379738732133,7970.19704795186,0.99985911941958
"Sigma[16,3]",0.0052674170262189,0.000779847621167966,0.0664571262942971,-0.128433342928403,-0.0342601854072974,0.00588576022397433,0.0434799801572197,0.138580910371036,7262.12319704471,0.999868267255835
"Sigma[16,4]",0.0104036457065931,0.000466632686325923,0.0390209249852074,-0.068675988924805,-0.0130616114089467,0.0101000754187377,0.0325431482368835,0.0926245109052613,6992.69855489362,0.999984854135526
"Sigma[16,5]",0.00454625867235919,0.000701201551211993,0.0560294229398166,-0.107836363709334,-0.0286987461576968,0.00433716634736937,0.0377664153035083,0.117559880347718,6384.78919472188,0.999972288323511
"Sigma[16,6]",0.0121767206399571,0.000550989496096868,0.0457443162477976,-0.0792990911196434,-0.0147023334861215,0.0117276512046421,0.039307441636734,0.104257929865942,6892.67246477529,1.00012057952874
"Sigma[16,7]",0.0260250677572658,0.000634399281933316,0.0519205121875343,-0.0758010157172408,-0.00505097695892881,0.0249303396910148,0.0557556406850758,0.131038386237017,6698.11455221862,1.00005551376918
"Sigma[16,8]",0.015211727654325,0.000442222305321752,0.0375622272784768,-0.0603922079439661,-0.00626461854302501,0.0147065402673261,0.0367155399498816,0.0924178694678024,7214.75161084879,1.00024727059554
"Sigma[16,9]",0.108951849932369,0.00130494902415996,0.0981197880023328,-0.0727059604187188,0.0465259773498067,0.103361770759538,0.1657972654508,0.316864702253536,5653.61341078961,1.00049540688161
"Sigma[16,10]",0.0638109713786498,0.00158021786625984,0.116474593124847,-0.162222452848429,-0.00587605595887999,0.0601993752757049,0.129303454541643,0.308611023516892,5432.8594350047,1.00003765067086
"Sigma[16,11]",0.0289797339155462,0.000651765180105532,0.0517562546771376,-0.0722564024451034,-0.00264839610652065,0.0277106844895667,0.0595182707070663,0.13639907615064,6305.84617652224,1.00046563699768
"Sigma[16,12]",0.0203928605582678,0.000729193459087325,0.0572156708535698,-0.09134503673207,-0.0147572880301978,0.0189910491012835,0.053032636141531,0.142804259206756,6156.64993010101,1.00024715526461
"Sigma[16,13]",0.0287856628083337,0.000729823126687755,0.0578808860816504,-0.0847142580953612,-0.00631266843679114,0.027604153820721,0.0626836822700427,0.149392985299654,6289.77484905315,1.00039157293048
"Sigma[16,14]",0.0864681943430052,0.00153848816957259,0.0820797946281928,-0.062999476603712,0.0335068812824089,0.0799375232264276,0.133322823813901,0.268691421030251,2846.32311809811,1.00092299668345
"Sigma[16,15]",0.000298705928575294,0.000644818990259998,0.0518150117476079,-0.107095796634669,-0.0301273487126619,0.00101019696010499,0.0306060687463971,0.103545588646544,6457.07102574656,0.999971825346397
"Sigma[16,16]",0.340582378479847,0.00359392328542009,0.153681788522606,0.127377229831363,0.234433943548265,0.313161583137613,0.416278096389079,0.724343192976798,1828.55154471921,1.00102988729224
"Sigma[16,17]",-0.0182651894242712,0.000738071683914112,0.0556049515439539,-0.13450565355143,-0.0494341600468522,-0.0178421893607886,0.0142524391515024,0.0929142202310597,5675.83609221218,1.00078057764113
"Sigma[17,1]",-0.00915242502627433,0.000541673240922316,0.0432934660692306,-0.0950494386636125,-0.0347198334899125,-0.00886370782553533,0.0165374927286241,0.077553797577619,6388.07417447937,0.999866152461266
"Sigma[17,2]",-0.00537133614744508,0.000495739345790482,0.0445104803478553,-0.0960871149087442,-0.0317625022013699,-0.00493567702710994,0.0221040015437967,0.0838787829151236,8061.53573804386,1.00031640859019
"Sigma[17,3]",0.0090086793442579,0.000580316824409989,0.0528010852902628,-0.0971901339346949,-0.0213855418804253,0.00857607208664694,0.0405002760970016,0.114625071850646,8278.57094813451,0.999713735517909
"Sigma[17,4]",-0.00855453705083659,0.000392729698941784,0.0322134120054461,-0.076272834002042,-0.0269796716430974,-0.00804703138952548,0.0102579202644717,0.0557079598123481,6727.99972565198,0.999873575320912
"Sigma[17,5]",-0.01473811930818,0.000531936603519458,0.0450933545672204,-0.10615192834307,-0.041180444338883,-0.013513628118582,0.0119292736066242,0.0742497622978749,7186.29989285569,0.999869993247882
"Sigma[17,6]",-0.0202498189952852,0.000519704100494884,0.038195579343342,-0.100641516347125,-0.0421647701468397,-0.0186615077416365,0.00240422250604242,0.0532100550722578,5401.49423034742,1.0001099550137
"Sigma[17,7]",-0.00835410232058016,0.000515953427628305,0.0415211672001615,-0.0924073635795399,-0.0330689573096692,-0.00888554075047602,0.0149443034826052,0.0788952118878554,6476.16794984526,0.999997846806783
"Sigma[17,8]",0.00241061713205008,0.00035378479615814,0.0298724312688232,-0.0611668805639724,-0.0141832997055986,0.00299854102242563,0.0196658611593438,0.0632548687438714,7129.56135281257,0.999644025322572
"Sigma[17,9]",-0.0486773634897314,0.0011371260881573,0.0773045877086218,-0.21051921471331,-0.0932375779717824,-0.0454375533578117,-0.000318091818721791,0.0995039480768873,4621.60995403001,1.00041735946632
"Sigma[17,10]",-0.119453257814667,0.00149852366578158,0.0932021067116561,-0.3243042566388,-0.170940703380468,-0.111577144116886,-0.0585840133123164,0.0466271284547536,3868.33650527206,0.999998688145499
"Sigma[17,11]",-0.0198856937178225,0.000580161952274267,0.0421199707057064,-0.107163270593965,-0.0442956997186793,-0.0186923565469869,0.00504391315748081,0.0642685057269148,5270.81330133835,1.00041782552048
"Sigma[17,12]",-0.0097104619697748,0.000636561052969903,0.0460184705874652,-0.101673065847298,-0.036848701325022,-0.0092991830213519,0.0176890479958332,0.08220985412531,5226.17845133018,1.00025681597884
"Sigma[17,13]",-0.0172421062088302,0.000552310579345306,0.0443836510385669,-0.108438884649317,-0.0422423375064773,-0.0167049288520946,0.00895018717336392,0.0709169308882988,6457.72170889123,1.00039088584928
"Sigma[17,14]",-0.0124667640207249,0.000770587263728245,0.0596092629807158,-0.132757633562972,-0.0466167069484887,-0.0118965045304323,0.0218613869711942,0.10671374164758,5983.89343749327,0.999609152384588
"Sigma[17,15]",-0.00988743374148888,0.000518146222524973,0.0417541722263245,-0.0956087819000397,-0.0339990037331933,-0.00956705631074732,0.0150848559819932,0.0736725756202685,6493.74280668166,0.999948761547
"Sigma[17,16]",-0.0182651894242712,0.000738071683914112,0.0556049515439539,-0.13450565355143,-0.0494341600468522,-0.0178421893607886,0.0142524391515024,0.0929142202310597,5675.83609221218,1.00078057764113
"Sigma[17,17]",0.213879271844979,0.00238630465139648,0.113489739587675,0.0755022478329425,0.136586694681566,0.186318763176136,0.261867492357409,0.504832349987716,2261.83762121312,1.00046737899559
"N_sim[1]",0,NA,0,0,0,0,0,0,NA,NA
"N_sim[2]",0,NA,0,0,0,0,0,0,NA,NA
"N_sim[3]",0,NA,0,0,0,0,0,0,NA,NA
"N_sim[4]",0,NA,0,0,0,0,0,0,NA,NA
"N_sim[5]",0,NA,0,0,0,0,0,0,NA,NA
"N_sim[6]",0,NA,0,0,0,0,0,0,NA,NA
"N_sim[7]",0,NA,0,0,0,0,0,0,NA,NA
"N_sim[8]",0,NA,0,0,0,0,0,0,NA,NA
"N_sim[9]",0,NA,0,0,0,0,0,0,NA,NA
"N_sim[10]",0,NA,0,0,0,0,0,0,NA,NA
"N_sim[11]",0,NA,0,0,0,0,0,0,NA,NA
"N_sim[12]",0,NA,0,0,0,0,0,0,NA,NA
"N_sim[13]",0,NA,0,0,0,0,0,0,NA,NA
"N_sim[14]",0,NA,0,0,0,0,0,0,NA,NA
"N_sim[15]",0,NA,0,0,0,0,0,0,NA,NA
"N_sim[16]",0,NA,0,0,0,0,0,0,NA,NA
"N_sim[17]",0,NA,0,0,0,0,0,0,NA,NA
"N_sim[18]",0,NA,0,0,0,0,0,0,NA,NA
"N_sim[19]",0,NA,0,0,0,0,0,0,NA,NA
"N_sim[20]",0,NA,0,0,0,0,0,0,NA,NA
"N_sim[21]",0,NA,0,0,0,0,0,0,NA,NA
"N_sim[22]",0,NA,0,0,0,0,0,0,NA,NA
"N_sim[23]",0,NA,0,0,0,0,0,0,NA,NA
"N_sim[24]",0,NA,0,0,0,0,0,0,NA,NA
"N_sim[25]",0,NA,0,0,0,0,0,0,NA,NA
"N_sim[26]",0,NA,0,0,0,0,0,0,NA,NA
"N_sim[27]",0,NA,0,0,0,0,0,0,NA,NA
"N_sim[28]",0,NA,0,0,0,0,0,0,NA,NA
"N_sim[29]",0,NA,0,0,0,0,0,0,NA,NA
"N_sim[30]",0,NA,0,0,0,0,0,0,NA,NA
"N_sim[31]",0,NA,0,0,0,0,0,0,NA,NA
"N_sim[32]",0,NA,0,0,0,0,0,0,NA,NA
"N_sim[33]",0,NA,0,0,0,0,0,0,NA,NA
"N_sim[34]",0,NA,0,0,0,0,0,0,NA,NA
"N_sim[35]",0,NA,0,0,0,0,0,0,NA,NA
"N_sim[36]",0,NA,0,0,0,0,0,0,NA,NA
"N_sim[37]",0,NA,0,0,0,0,0,0,NA,NA
"N_sim[38]",0,NA,0,0,0,0,0,0,NA,NA
"N_sim[39]",0,NA,0,0,0,0,0,0,NA,NA
"N_sim[40]",0,NA,0,0,0,0,0,0,NA,NA
"N_sim[41]",0,NA,0,0,0,0,0,0,NA,NA
"N_sim[42]",0,NA,0,0,0,0,0,0,NA,NA
"N_sim[43]",0,NA,0,0,0,0,0,0,NA,NA
"N_sim[44]",0,NA,0,0,0,0,0,0,NA,NA
"N_sim[45]",0,NA,0,0,0,0,0,0,NA,NA
"N_sim[46]",0,NA,0,0,0,0,0,0,NA,NA
"N_sim[47]",0,NA,0,0,0,0,0,0,NA,NA
"N_sim[48]",0,NA,0,0,0,0,0,0,NA,NA
"N_sim[49]",0,NA,0,0,0,0,0,0,NA,NA
"N_sim[50]",0,NA,0,0,0,0,0,0,NA,NA
"N_sim[51]",0,NA,0,0,0,0,0,0,NA,NA
"N_sim[52]",0,NA,0,0,0,0,0,0,NA,NA
"N_sim[53]",0,NA,0,0,0,0,0,0,NA,NA
"N_sim[54]",0,NA,0,0,0,0,0,0,NA,NA
"N_sim[55]",0,NA,0,0,0,0,0,0,NA,NA
"N_sim[56]",0,NA,0,0,0,0,0,0,NA,NA
"N_sim[57]",0,NA,0,0,0,0,0,0,NA,NA
"N_sim[58]",0,NA,0,0,0,0,0,0,NA,NA
"N_sim[59]",0,NA,0,0,0,0,0,0,NA,NA
"N_sim[60]",0,NA,0,0,0,0,0,0,NA,NA
"N_sim[61]",0,NA,0,0,0,0,0,0,NA,NA
"N_sim[62]",0,NA,0,0,0,0,0,0,NA,NA
"N_sim[63]",0,NA,0,0,0,0,0,0,NA,NA
"N_sim[64]",0,NA,0,0,0,0,0,0,NA,NA
"N_sim[65]",0,NA,0,0,0,0,0,0,NA,NA
"N_sim[66]",0,NA,0,0,0,0,0,0,NA,NA
"N_sim[67]",0,NA,0,0,0,0,0,0,NA,NA
"N_sim[68]",0,NA,0,0,0,0,0,0,NA,NA
"N_sim[69]",0,NA,0,0,0,0,0,0,NA,NA
"N_sim[70]",0,NA,0,0,0,0,0,0,NA,NA
"N_sim[71]",0,NA,0,0,0,0,0,0,NA,NA
"N_sim[72]",0,NA,0,0,0,0,0,0,NA,NA
"N_sim[73]",0,NA,0,0,0,0,0,0,NA,NA
"N_sim[74]",0,NA,0,0,0,0,0,0,NA,NA
"N_sim[75]",0,NA,0,0,0,0,0,0,NA,NA
"N_sim[76]",0,NA,0,0,0,0,0,0,NA,NA
"N_sim[77]",0,NA,0,0,0,0,0,0,NA,NA
"N_sim[78]",0,NA,0,0,0,0,0,0,NA,NA
"N_sim[79]",0,NA,0,0,0,0,0,0,NA,NA
"N_sim[80]",0,NA,0,0,0,0,0,0,NA,NA
"N_sim[81]",0,NA,0,0,0,0,0,0,NA,NA
"N_sim[82]",0,NA,0,0,0,0,0,0,NA,NA
"N_sim[83]",0,NA,0,0,0,0,0,0,NA,NA
"N_sim[84]",0,NA,0,0,0,0,0,0,NA,NA
"N_sim[85]",0,NA,0,0,0,0,0,0,NA,NA
"N_sim[86]",0,NA,0,0,0,0,0,0,NA,NA
"N_sim[87]",0,NA,0,0,0,0,0,0,NA,NA
"N_sim[88]",0,NA,0,0,0,0,0,0,NA,NA
"N_sim[89]",0,NA,0,0,0,0,0,0,NA,NA
"N_sim[90]",0,NA,0,0,0,0,0,0,NA,NA
"N_sim[91]",0,NA,0,0,0,0,0,0,NA,NA
"N_sim[92]",0,NA,0,0,0,0,0,0,NA,NA
"N_sim[93]",0,NA,0,0,0,0,0,0,NA,NA
"N_sim[94]",0,NA,0,0,0,0,0,0,NA,NA
"N_sim[95]",0,NA,0,0,0,0,0,0,NA,NA
"N_sim[96]",0,NA,0,0,0,0,0,0,NA,NA
"N_sim[97]",0,NA,0,0,0,0,0,0,NA,NA
"N_sim[98]",0,NA,0,0,0,0,0,0,NA,NA
"N_sim[99]",0,NA,0,0,0,0,0,0,NA,NA
"N_sim[100]",0,NA,0,0,0,0,0,0,NA,NA
"N_sim[101]",0,NA,0,0,0,0,0,0,NA,NA
"N_sim[102]",0,NA,0,0,0,0,0,0,NA,NA
"N_sim[103]",0,NA,0,0,0,0,0,0,NA,NA
"N_sim[104]",0,NA,0,0,0,0,0,0,NA,NA
"N_sim[105]",0,NA,0,0,0,0,0,0,NA,NA
"N_sim[106]",0,NA,0,0,0,0,0,0,NA,NA
"N_sim[107]",0,NA,0,0,0,0,0,0,NA,NA
"N_sim[108]",0,NA,0,0,0,0,0,0,NA,NA
"N_sim[109]",0,NA,0,0,0,0,0,0,NA,NA
"N_sim[110]",0,NA,0,0,0,0,0,0,NA,NA
"N_sim[111]",0,NA,0,0,0,0,0,0,NA,NA
"N_sim[112]",0,NA,0,0,0,0,0,0,NA,NA
"N_sim[113]",0,NA,0,0,0,0,0,0,NA,NA
"N_sim[114]",0,NA,0,0,0,0,0,0,NA,NA
"N_sim[115]",0,NA,0,0,0,0,0,0,NA,NA
"N_sim[116]",0,NA,0,0,0,0,0,0,NA,NA
"N_sim[117]",0,NA,0,0,0,0,0,0,NA,NA
"N_sim[118]",0,NA,0,0,0,0,0,0,NA,NA
"N_sim[119]",0,NA,0,0,0,0,0,0,NA,NA
"N_sim[120]",0,NA,0,0,0,0,0,0,NA,NA
"N_sim[121]",0,NA,0,0,0,0,0,0,NA,NA
"N_sim[122]",0,NA,0,0,0,0,0,0,NA,NA
"N_sim[123]",0,NA,0,0,0,0,0,0,NA,NA
"N_sim[124]",0,NA,0,0,0,0,0,0,NA,NA
"N_sim[125]",0,NA,0,0,0,0,0,0,NA,NA
"N_sim[126]",0,NA,0,0,0,0,0,0,NA,NA
"N_sim[127]",0,NA,0,0,0,0,0,0,NA,NA
"N_sim[128]",0,NA,0,0,0,0,0,0,NA,NA
"N_sim[129]",0,NA,0,0,0,0,0,0,NA,NA
"N_sim[130]",0,NA,0,0,0,0,0,0,NA,NA
"N_sim[131]",0,NA,0,0,0,0,0,0,NA,NA
"N_sim[132]",0,NA,0,0,0,0,0,0,NA,NA
"N_sim[133]",0,NA,0,0,0,0,0,0,NA,NA
"N_sim[134]",0,NA,0,0,0,0,0,0,NA,NA
"N_sim[135]",0,NA,0,0,0,0,0,0,NA,NA
"N_sim[136]",0,NA,0,0,0,0,0,0,NA,NA
"N_sim[137]",0,NA,0,0,0,0,0,0,NA,NA
"N_sim[138]",0,NA,0,0,0,0,0,0,NA,NA
"N_sim[139]",0,NA,0,0,0,0,0,0,NA,NA
"N_sim[140]",0,NA,0,0,0,0,0,0,NA,NA
"N_sim[141]",0,NA,0,0,0,0,0,0,NA,NA
"N_sim[142]",0,NA,0,0,0,0,0,0,NA,NA
"N_sim[143]",0,NA,0,0,0,0,0,0,NA,NA
"N_sim[144]",0,NA,0,0,0,0,0,0,NA,NA
"N_sim[145]",0,NA,0,0,0,0,0,0,NA,NA
"N_sim[146]",0,NA,0,0,0,0,0,0,NA,NA
"N_sim[147]",0,NA,0,0,0,0,0,0,NA,NA
"N_sim[148]",0,NA,0,0,0,0,0,0,NA,NA
"N_sim[149]",0,NA,0,0,0,0,0,0,NA,NA
"N_sim[150]",0,NA,0,0,0,0,0,0,NA,NA
"N_sim[151]",0,NA,0,0,0,0,0,0,NA,NA
"N_sim[152]",0,NA,0,0,0,0,0,0,NA,NA
"N_sim[153]",0,NA,0,0,0,0,0,0,NA,NA
"N_sim[154]",0,NA,0,0,0,0,0,0,NA,NA
"N_sim[155]",0,NA,0,0,0,0,0,0,NA,NA
"N_sim[156]",0,NA,0,0,0,0,0,0,NA,NA
"N_sim[157]",0,NA,0,0,0,0,0,0,NA,NA
"N_sim[158]",0,NA,0,0,0,0,0,0,NA,NA
"N_sim[159]",0,NA,0,0,0,0,0,0,NA,NA
"N_sim[160]",0,NA,0,0,0,0,0,0,NA,NA
"N_sim[161]",0,NA,0,0,0,0,0,0,NA,NA
"N_sim[162]",0,NA,0,0,0,0,0,0,NA,NA
"N_sim[163]",0,NA,0,0,0,0,0,0,NA,NA
"N_sim[164]",0,NA,0,0,0,0,0,0,NA,NA
"N_sim[165]",0,NA,0,0,0,0,0,0,NA,NA
"N_sim[166]",0,NA,0,0,0,0,0,0,NA,NA
"N_sim[167]",0,NA,0,0,0,0,0,0,NA,NA
"N_sim[168]",0,NA,0,0,0,0,0,0,NA,NA
"N_sim[169]",0,NA,0,0,0,0,0,0,NA,NA
"N_sim[170]",0,NA,0,0,0,0,0,0,NA,NA
"N_sim[171]",0,NA,0,0,0,0,0,0,NA,NA
"N_sim[172]",0,NA,0,0,0,0,0,0,NA,NA
"N_sim[173]",0,NA,0,0,0,0,0,0,NA,NA
"N_sim[174]",0,NA,0,0,0,0,0,0,NA,NA
"N_sim[175]",0,NA,0,0,0,0,0,0,NA,NA
"N_sim[176]",0,NA,0,0,0,0,0,0,NA,NA
"N_sim[177]",0,NA,0,0,0,0,0,0,NA,NA
"N_sim[178]",0,NA,0,0,0,0,0,0,NA,NA
"N_sim[179]",0,NA,0,0,0,0,0,0,NA,NA
"N_sim[180]",0,NA,0,0,0,0,0,0,NA,NA
"N_sim[181]",0,NA,0,0,0,0,0,0,NA,NA
"N_sim[182]",0,NA,0,0,0,0,0,0,NA,NA
"N_sim[183]",0,NA,0,0,0,0,0,0,NA,NA
"N_sim[184]",0,NA,0,0,0,0,0,0,NA,NA
"N_sim[185]",0,NA,0,0,0,0,0,0,NA,NA
"N_sim[186]",0,NA,0,0,0,0,0,0,NA,NA
"N_sim[187]",0,NA,0,0,0,0,0,0,NA,NA
"N_sim[188]",0,NA,0,0,0,0,0,0,NA,NA
"N_sim[189]",0,NA,0,0,0,0,0,0,NA,NA
"N_sim[190]",0,NA,0,0,0,0,0,0,NA,NA
"N_sim[191]",0,NA,0,0,0,0,0,0,NA,NA
"N_sim[192]",0,NA,0,0,0,0,0,0,NA,NA
"N_sim[193]",0,NA,0,0,0,0,0,0,NA,NA
"N_sim[194]",0,NA,0,0,0,0,0,0,NA,NA
"N_sim[195]",0,NA,0,0,0,0,0,0,NA,NA
"N_sim[196]",0,NA,0,0,0,0,0,0,NA,NA
"N_sim[197]",0,NA,0,0,0,0,0,0,NA,NA
"N_sim[198]",0,NA,0,0,0,0,0,0,NA,NA
"N_sim[199]",0,NA,0,0,0,0,0,0,NA,NA
"N_sim[200]",0,NA,0,0,0,0,0,0,NA,NA
"N_sim[201]",0,NA,0,0,0,0,0,0,NA,NA
"N_sim[202]",0,NA,0,0,0,0,0,0,NA,NA
"N_sim[203]",0,NA,0,0,0,0,0,0,NA,NA
"N_sim[204]",0,NA,0,0,0,0,0,0,NA,NA
"N_sim[205]",0,NA,0,0,0,0,0,0,NA,NA
"N_sim[206]",0,NA,0,0,0,0,0,0,NA,NA
"N_sim[207]",0,NA,0,0,0,0,0,0,NA,NA
"N_sim[208]",0,NA,0,0,0,0,0,0,NA,NA
"N_sim[209]",0,NA,0,0,0,0,0,0,NA,NA
"N_sim[210]",0,NA,0,0,0,0,0,0,NA,NA
"N_sim[211]",0,NA,0,0,0,0,0,0,NA,NA
"N_sim[212]",0,NA,0,0,0,0,0,0,NA,NA
"N_sim[213]",0,NA,0,0,0,0,0,0,NA,NA
"N_sim[214]",0,NA,0,0,0,0,0,0,NA,NA
"N_sim[215]",0,NA,0,0,0,0,0,0,NA,NA
"N_sim[216]",0,NA,0,0,0,0,0,0,NA,NA
"N_sim[217]",0,NA,0,0,0,0,0,0,NA,NA
"N_sim[218]",0,NA,0,0,0,0,0,0,NA,NA
"N_sim[219]",0,NA,0,0,0,0,0,0,NA,NA
"N_sim[220]",0,NA,0,0,0,0,0,0,NA,NA
"N_sim[221]",0,NA,0,0,0,0,0,0,NA,NA
"N_sim[222]",0,NA,0,0,0,0,0,0,NA,NA
"N_sim[223]",0,NA,0,0,0,0,0,0,NA,NA
"N_sim[224]",0,NA,0,0,0,0,0,0,NA,NA
"N_sim[225]",0,NA,0,0,0,0,0,0,NA,NA
"N_sim[226]",0,NA,0,0,0,0,0,0,NA,NA
"N_sim[227]",0,NA,0,0,0,0,0,0,NA,NA
"N_sim[228]",0,NA,0,0,0,0,0,0,NA,NA
"N_sim[229]",0,NA,0,0,0,0,0,0,NA,NA
"N_sim[230]",0,NA,0,0,0,0,0,0,NA,NA
"N_sim[231]",0,NA,0,0,0,0,0,0,NA,NA
"N_sim[232]",0,NA,0,0,0,0,0,0,NA,NA
"N_sim[233]",0,NA,0,0,0,0,0,0,NA,NA
"N_sim[234]",0,NA,0,0,0,0,0,0,NA,NA
"N_sim[235]",0,NA,0,0,0,0,0,0,NA,NA
"N_sim[236]",0,NA,0,0,0,0,0,0,NA,NA
"N_sim[237]",0,NA,0,0,0,0,0,0,NA,NA
"N_sim[238]",0,NA,0,0,0,0,0,0,NA,NA
"N_sim[239]",0,NA,0,0,0,0,0,0,NA,NA
"N_sim[240]",0,NA,0,0,0,0,0,0,NA,NA
"N_sim[241]",0,NA,0,0,0,0,0,0,NA,NA
"N_sim[242]",0,NA,0,0,0,0,0,0,NA,NA
"N_sim[243]",0,NA,0,0,0,0,0,0,NA,NA
"N_sim[244]",0,NA,0,0,0,0,0,0,NA,NA
"N_sim[245]",0,NA,0,0,0,0,0,0,NA,NA
"N_sim[246]",0,NA,0,0,0,0,0,0,NA,NA
"N_sim[247]",0,NA,0,0,0,0,0,0,NA,NA
"N_sim[248]",0,NA,0,0,0,0,0,0,NA,NA
"N_sim[249]",0,NA,0,0,0,0,0,0,NA,NA
"N_sim[250]",0,NA,0,0,0,0,0,0,NA,NA
"N_sim[251]",0,NA,0,0,0,0,0,0,NA,NA
"N_sim[252]",0,NA,0,0,0,0,0,0,NA,NA
"N_sim[253]",0,NA,0,0,0,0,0,0,NA,NA
"N_sim[254]",0,NA,0,0,0,0,0,0,NA,NA
"N_sim[255]",0,NA,0,0,0,0,0,0,NA,NA
"N_sim[256]",0,NA,0,0,0,0,0,0,NA,NA
"N_sim[257]",0,NA,0,0,0,0,0,0,NA,NA
"N_sim[258]",0,NA,0,0,0,0,0,0,NA,NA
"N_sim[259]",0,NA,0,0,0,0,0,0,NA,NA
"N_sim[260]",0,NA,0,0,0,0,0,0,NA,NA
"N_sim[261]",0,NA,0,0,0,0,0,0,NA,NA
"N_sim[262]",0,NA,0,0,0,0,0,0,NA,NA
"N_sim[263]",0,NA,0,0,0,0,0,0,NA,NA
"N_sim[264]",0,NA,0,0,0,0,0,0,NA,NA
"N_sim[265]",0,NA,0,0,0,0,0,0,NA,NA
"N_sim[266]",0,NA,0,0,0,0,0,0,NA,NA
"N_sim[267]",0,NA,0,0,0,0,0,0,NA,NA
"N_sim[268]",0,NA,0,0,0,0,0,0,NA,NA
"N_sim[269]",0,NA,0,0,0,0,0,0,NA,NA
"N_sim[270]",0,NA,0,0,0,0,0,0,NA,NA
"N_all[1,1]",1593.25645613667,65.753084050575,5401.25941824211,29.9651662321545,208.484933866366,540.0276408887,1320.00764237266,9124.53499441734,6747.73188646168,0.999949946482099
"N_all[1,2]",692.860469181759,27.3823668401494,2322.02068791106,13.1032798680848,85.9068387480575,219.549956632124,569.365650865637,4138.25290861697,7191.01510025069,1.00005238814601
"N_all[1,3]",282.842251818468,19.5220231223089,1625.91317296628,3.38206678396688,26.608966948733,72.1692483988791,205.559770702897,1568.79912329801,6936.574478802,1.00024563448021
"N_all[1,4]",1083.07044145091,26.9565829826809,2080.88996782958,54.6930176514989,244.78913209292,516.582951055564,1127.63030263232,5705.24087216014,5958.93368760679,0.999641112650612
"N_all[1,5]",101.078271974961,3.69250971176926,324.012495981528,2.70665919337387,17.0192759998762,40.0498490789905,92.1222866045245,565.320220842941,7699.81386888923,1.0000561653663
"N_all[1,6]",4310.3944066445,278.984019369594,24251.416372302,133.019731218306,751.688636498778,1679.83127143543,3893.28593452533,20685.3216551468,7556.41083872911,1.00046249719506
"N_all[1,7]",75368.3130983683,8057.03577990303,565841.513346476,835.601112508917,6559.58187761561,17891.0642431997,50673.2084047138,413666.197706028,4932.18125889839,1.00022004404099
"N_all[1,8]",6867.78697612803,225.397646527357,17354.7534418378,431.514928420943,1699.42788397152,3461.52729236841,7028.15224001401,32143.8967821575,5928.40878195387,0.999824472138542
"N_all[1,9]",21154.5612480517,8269.98402488181,740382.264061041,14.4961366714475,237.60811319316,961.509652811131,3962.80704094185,78026.5667865358,8014.98422673999,0.999976280658346
"N_all[1,10]",1785.04713223074,463.658757498633,39619.0537855227,0.00298585514507448,0.555951565904933,6.33490255019131,64.214983832942,5084.09770925101,7301.48612349766,1.00029185805298
"N_all[1,11]",946.774345752533,36.8514063219034,3250.01981251235,25.0381356709025,146.254722799851,355.365694329604,867.935388673262,5023.49274231003,7777.92739708341,0.99974354197801
"N_all[1,12]",11451.0218868884,617.246319771622,54202.8870094802,133.220430182169,1130.85282969461,3208.01256018781,8979.21827652978,71065.0317827711,7711.30391254755,0.999972245866398
"N_all[1,13]",918.908338706967,74.7403505831663,6548.57528293689,13.5492892767019,97.8220807347564,253.820686433805,669.195907405412,5091.15448759049,7676.85588488003,0.999933718516374
"N_all[1,14]",15602.9591273991,4010.76275667859,358036.732964414,33.230205532167,411.178560853189,1462.7618369038,5206.24560272846,65220.3190980584,7968.95224381187,0.999954720745502
"N_all[1,15]",976.495456703836,42.1127540551163,3472.69250790987,17.2330447859717,116.914725762557,296.726046677787,779.809734430886,5898.16815979505,6799.94456480617,1.00002093917872
"N_all[1,16]",5231.90977236355,380.582255503165,31591.4328559945,28.6440106451325,304.390877051062,951.13307101278,2966.31776561001,32190.2013559521,6890.35466934658,1.00021800652095
"N_all[1,17]",939.74818192778,121.137644741093,10809.4944035399,0.571282021162621,18.1082328741299,88.3141418594006,372.44786283447,4715.13554805337,7962.55620763386,1.00040836547596
"N_all[2,1]",1334.80298952498,41.0830912756273,3273.2493123064,35.4759215941916,225.958684732121,534.172413206015,1266.55241736773,7645.37008863425,6347.92726279132,0.999856711613051
"N_all[2,2]",581.95139005778,19.2310609599263,1636.73576342452,16.3743578653127,88.4421745040389,215.853325881068,529.882248281466,3105.36790165655,7243.5365365228,1.00046215547179
"N_all[2,3]",236.967614036651,10.3380344409397,818.959949332968,4.36536614851907,29.0804388016358,75.3763086655716,195.46083593549,1390.63216522354,6275.515079239,1.00045045849401
"N_all[2,4]",1062.27148826809,25.3187555007443,1930.92869464233,69.1661010467496,272.217875128497,560.450468588994,1153.9785915272,5072.09462323538,5816.31291227986,0.999691371858584
"N_all[2,5]",88.3552145220784,2.60739696382623,223.034154747431,3.49908565492256,18.205893596838,40.6237535852048,88.1571844482466,458.588754733413,7316.92221765561,1.00001531393692
"N_all[2,6]",3756.7528379259,164.689480973602,13755.9426650065,153.180617125492,791.446785826746,1677.01391338669,3702.52027856274,17490.1608027252,6976.68303133667,1.00077674500425
"N_all[2,7]",59231.8108327912,3921.19077937257,275752.916803093,1048.78401227567,7038.21298595877,18147.2615450047,47201.3015225231,323424.538346001,4945.43256633673,1.00011252165985
"N_all[2,8]",6545.62352678052,159.94955762212,12097.996355408,533.29072673573,1909.74314225198,3674.07513897801,7241.82353922865,29524.7188415567,5720.85331099136,0.999779216224742
"N_all[2,9]",12554.8295656396,4229.63207994936,378652.940143722,17.0495446201834,250.711578080652,907.513331180019,3370.42378004778,47277.6253610733,8014.51939130805,0.999974720615598
"N_all[2,10]",1021.50241005804,231.539731654125,20146.4848326068,0.00428960394071231,0.709317517004158,7.34554322884982,59.9880250059896,3630.11697914395,7570.90002249475,0.99996584297406
"N_all[2,11]",836.865212042779,29.5843330954477,2599.28370709466,29.9704882531533,155.922600368815,360.375642807095,811.844908238481,4450.13671961102,7719.40455435882,1.00004514080929
"N_all[2,12]",9103.15664995589,316.802242120426,26691.8818635997,154.816272167706,1155.99504268949,2982.00722495343,8121.11167178303,52604.460021448,7098.75021568735,1.00001919208202
"N_all[2,13]",757.773754445981,35.9763617867196,3112.52372420684,17.0647501355748,104.367071675289,259.155125323609,647.578129824127,4139.0602557425,7484.98366473909,0.999877463612046
"N_all[2,14]",9924.95902571104,1436.12251986924,127673.590503839,38.5774131535866,420.678335125565,1386.19976796681,4501.94562012342,54137.3269733855,7903.49456816459,1.00006644012765
"N_all[2,15]",902.000171093632,38.9532850178445,3275.91983811589,21.721944668041,133.026063427928,316.297057198087,783.899116719203,5190.13587470385,7072.58791924054,0.999788878536115
"N_all[2,16]",4375.13131073979,311.964036042879,26189.0664500272,36.0874761831515,342.554483867289,974.700757111812,2708.82900900287,25120.7671133626,7047.4333030116,1.00007289950516
"N_all[2,17]",586.674739844629,56.5473243491336,5029.96730115879,0.640226791253558,16.5226715611582,74.1805364732249,288.748031159838,3334.7813034195,7912.36299499916,1.00031225547992
"N_all[3,1]",1133.20262998005,30.82678512294,2432.31094666009,43.4437932044373,236.920129313212,527.454666344361,1161.15385528777,6026.14121397813,6225.60723726954,0.999758169657908
"N_all[3,2]",486.304467631273,13.1851590297542,1072.61841847581,18.8336512971416,93.8553558162932,212.951048419465,481.647047281195,2571.07795341104,6617.89322361674,1.00066318189578
"N_all[3,3]",205.539273033146,9.17810900284092,773.545517209246,5.60339198404769,32.5076537777447,76.8125162434524,186.621924815937,1119.22661306826,7103.38452596313,1.00005059806094
"N_all[3,4]",1044.65050963087,22.2657074762277,1667.28686200743,83.1867685947741,307.911790849023,598.171297394555,1167.32659838705,4781.00210150323,5607.22079837009,0.999674060758786
"N_all[3,5]",77.1792487599964,1.62811801945167,133.764518570264,4.2221797219516,20.1231096859614,41.3914167217357,84.5087806843813,369.749482947061,6750.09827445467,1.0001521547536
"N_all[3,6]",3310.44924224065,97.9977509545938,7527.13322837393,185.794167624732,836.457209529544,1724.4322028839,3576.56190671503,15201.6307898488,5899.66006394302,1.0007073151489
"N_all[3,7]",50035.4781015007,3116.75715727361,216220.021940942,1209.79995508483,7235.65800641594,17643.852069392,43416.2906103408,278801.178130115,4812.66778025885,1.00005839896431
"N_all[3,8]",6464.39225052163,144.456428461545,10870.0574971488,618.336715028333,2130.62865093986,3906.0161860911,7314.40762579678,26407.7653866117,5662.26167930985,0.999749825654566
"N_all[3,9]",4773.11508469011,408.260910174734,36299.7270914135,25.3620588695626,261.436445347791,845.989524704439,2744.8326550188,28884.2778021276,7905.53236461436,0.99983842214331
"N_all[3,10]",507.541736712788,83.1841555936443,7234.62227539777,0.00815730905584191,0.946657337304386,7.83834524352809,52.2697096481037,2257.80286232138,7563.98219038156,0.999819874332766
"N_all[3,11]",728.058202922447,18.4032264648047,1602.33050547683,37.2388782245927,168.265095967349,363.764439392549,761.803323456181,3390.65432579236,7580.8213295917,0.999794918337829
"N_all[3,12]",7377.91510313201,212.090224155605,17355.5837536114,180.298582613379,1122.24768677445,2873.41474749883,7032.05522488547,43006.3197669737,6696.33464655564,0.999805000095153
"N_all[3,13]",645.561248963065,19.7903540044206,1636.0529331655,20.5487145603175,112.102498164562,263.087555537337,612.918484008804,3491.98196174873,6834.19829873063,0.999769269953946
"N_all[3,14]",6470.59468583144,501.564781098761,44130.3490253224,44.5549836560713,441.029444928562,1319.71721726526,4021.75838734653,36611.2929278207,7741.42048586437,1.00015571526431
"N_all[3,15]",813.386982273232,27.5163069430034,2183.80043844719,27.8899094284141,147.747455623206,340.170420570759,767.350701259802,4407.26306051769,6298.62288847703,0.999976658725779
"N_all[3,16]",3682.29507409325,266.301349317327,22606.7977784433,50.1814060289067,364.20665932703,972.338479985977,2525.4731713508,19686.7848199401,7206.61572599521,0.999916265673431
"N_all[3,17]",377.889348836517,27.1428882388893,2375.73156603832,0.67449090267356,14.5410306382384,61.5572536551955,223.360506201491,2166.27338584918,7660.94984876541,1.0000761005448
"N_all[4,1]",1004.2560240026,25.4332223628315,2060.27050116478,52.2220142593193,247.975362434408,523.210343521277,1067.38846404154,4924.65182562165,6562.1433317382,0.999883507587251
"N_all[4,2]",407.562325906011,8.55275027835134,683.323378665032,24.1785101541956,102.660642054841,205.788820490469,443.802708541505,2096.94889108232,6383.23709093407,1.00040022868798
"N_all[4,3]",169.282003415051,4.93335809450002,401.044880302293,7.58376856626324,36.8715104602412,80.4546596894899,174.834733939441,860.315856395111,6608.46618642124,1.00008445836491
"N_all[4,4]",1020.42942958908,18.8942306970406,1339.26445169009,103.198523732603,346.858850074124,643.526310938261,1185.54219106949,4196.44197110095,5024.28487059043,0.999951993932477
"N_all[4,5]",69.209291613663,1.23052286708314,98.519856672299,5.36046346675961,22.1876546290601,42.0419791013566,79.5991067941051,290.50069508555,6410.14960139285,1.0001110956358
"N_all[4,6]",2987.19695618059,82.1195573021929,5789.33296555866,232.443077271111,902.546121579005,1743.30166716686,3287.20149715238,12545.977646338,4970.08547029107,1.00052637610395
"N_all[4,7]",43106.8556877449,2590.30054408919,184672.898037165,1472.97843377103,7726.09313799974,17526.950334396,40052.0034559509,208642.597149075,5082.8350440959,1.00001649547743
"N_all[4,8]",6416.92925948012,123.760520412815,8862.29884546897,788.922674240783,2405.53838439255,4216.77958271843,7520.50890959394,25046.0686575987,5127.76988865568,0.999792739609685
"N_all[4,9]",2928.86447743398,175.127859381715,15499.4854215717,37.3144846937188,288.312552245099,782.848987061356,2162.0880691127,18090.8450018997,7832.92704188241,1.00005160862807
"N_all[4,10]",345.746056216332,67.220121010521,5886.04801423415,0.0133151325117828,1.25064062917173,8.77082189050562,52.8147946322289,1273.80530091332,7667.41589744525,1.00006162653807
"N_all[4,11]",649.671276438402,12.7944151838234,1082.28946620492,45.9925394712072,182.025445907576,371.440567734313,738.678185781092,2898.78596171282,7155.59882017396,0.999811179587167
"N_all[4,12]",6075.34727712181,161.551487014106,13184.1467576455,216.344322672349,1154.65325407431,2681.91116560359,6321.71710153106,32020.6954343085,6660.12127864073,1.00009093118726
"N_all[4,13]",567.839972782144,15.1745846710867,1223.66160059902,27.2463374485421,125.332931709979,272.584162106378,586.605292991012,2771.38811472167,6502.62990566745,1.00011105781163
"N_all[4,14]",4625.15083124067,272.171423483956,23658.9526183706,60.5327255908802,477.101768041704,1264.57531649818,3457.42290521774,28592.0040285338,7556.24410854628,1.0001334287364
"N_all[4,15]",741.090332607616,21.5347680690759,1675.50484942339,36.1427539217827,165.287006138587,364.20819195783,748.638154217396,3623.03706780719,6053.56180555451,0.999987204346167
"N_all[4,16]",2841.48193673644,127.576783978146,9897.35594567656,63.8347833355099,402.497206977815,976.265508705306,2357.49218216175,15964.8841375337,6018.59442781983,1.00021835121371
"N_all[4,17]",254.457605429811,18.1140325718485,1575.67744362692,0.746909042475938,13.2931578913234,52.5420350007466,176.159926307984,1439.20563554319,7566.66222065316,1.00000766062425
"N_all[5,1]",871.11906864053,16.8995769846017,1268.43004393651,68.1615748409971,270.922732482758,518.796836999817,1000.2390077165,3737.55239580222,5633.53987345585,0.999788235935862
"N_all[5,2]",353.387533266167,7.25635941481575,554.616730066632,30.5089262146572,109.462845565148,209.40445573177,397.362439492143,1572.12638173882,5841.82254853442,0.999988262729888
"N_all[5,3]",146.616679069425,3.33778689089396,272.816963335834,10.3306851284329,41.4803743073698,83.6639384073372,164.012503335921,664.136084554833,6680.75479227786,0.999872546277207
"N_all[5,4]",1002.52232237248,17.1468788846477,1207.66898718312,132.204633488389,396.113363594235,669.728761041743,1172.03945372434,3924.56559995374,4960.50243412936,0.999974012114496
"N_all[5,5]",62.0151088101196,0.853046317050841,71.6203445526876,7.50092177623734,24.4057770072181,42.963424818984,74.8869316337604,231.286549588661,7049.00124734085,1.00014509047654
"N_all[5,6]",2683.72965037235,56.0180924742489,4199.85744743,286.201618694522,958.865317527944,1726.77726766506,3121.78183274437,10102.6955460648,5620.98552766293,1.00028081713287
"N_all[5,7]",38596.2581454874,4587.52703899802,290424.663505213,1804.73825339677,8201.51270646851,17407.4643176133,36183.3495396278,169449.744074902,4007.8339116394,1.00027505472386
"N_all[5,8]",6299.77246208264,97.9056338786029,6663.22221050403,999.743218276228,2658.07303339249,4485.42525269275,7566.0909023649,22487.5824519889,4631.83655941478,1.00007877845067
"N_all[5,9]",1798.59034114024,60.9608889448239,5372.21688299101,61.3009660618566,309.530907384958,722.958477325289,1707.15193080624,9593.16755403412,7766.12706584132,1.00003875793475
"N_all[5,10]",140.443890458208,13.3254525934362,1195.78006114013,0.0235689747398712,1.63390240497267,9.84815251648807,44.6631143431674,820.040119436363,8052.64730440771,0.999820263873421
"N_all[5,11]",595.417841789772,10.7462177218488,878.018584278882,57.9143015096002,198.411546217595,378.743355178727,696.317486317694,2492.08115811647,6675.68977067625,0.999776265888658
"N_all[5,12]",4866.10406157609,104.592924228653,8183.72583710448,269.81205132002,1195.30416425349,2546.15423572754,5406.30973338971,23610.1673967913,6122.059311539,1.00013098082652
"N_all[5,13]",500.647619346774,11.992088557976,948.005604751897,34.3736089505431,138.337961211027,278.461090547648,553.596571104286,2236.7198052743,6249.31125708132,0.999814355841963
"N_all[5,14]",3500.16072279411,179.257135067037,15467.7330818213,86.9329378713548,506.455996174764,1212.75979966565,2973.086090812,19748.9142025344,7445.61260073243,1.00034933092071
"N_all[5,15]",672.309263178626,15.8013949659007,1167.39338279235,46.5189753394865,192.259792417837,381.479061684072,744.6512068318,3070.12772761676,5458.12650342513,1.00018439955729
"N_all[5,16]",2187.37834627426,84.4726524353243,5591.80172223072,92.9855083897533,447.180122863544,987.988071403056,2141.78419222855,11129.3004293697,4381.98881406149,1.00071317286867
"N_all[5,17]",167.529241518661,8.53344528592607,683.678868558727,0.834477580363282,11.9707629180351,44.044522546977,136.468036995418,942.993765503773,6418.82443163983,1.00015027356773
"N_all[6,1]",759.624919117003,13.0501004906259,898.715937715105,91.3298131060752,294.801865933518,516.782501143499,916.530708585006,2816.45639947906,4742.60740575883,0.999859094610045
"N_all[6,2]",298.868072794754,4.66432275564691,344.585204600072,40.1601075831239,119.196060942223,205.469862627208,354.668224145669,1116.02530860177,5457.78047731421,1.00010422445816
"N_all[6,3]",126.865734902915,1.93323810577263,149.068556136543,15.3595059157935,48.1086386245907,86.8568907450634,152.28616057603,485.855406504708,5945.67814711345,1.00022732535939
"N_all[6,4]",983.382080539621,13.3954536946543,912.630315152984,167.805431770964,446.52728802936,727.981770265573,1204.99811543629,3375.48106428345,4641.67711462214,0.999743662843703
"N_all[6,5]",55.4803199384817,0.595867202821067,45.6026629587859,10.0384539809109,27.378744134441,43.8175083317325,69.2702729544399,168.995127782676,5857.08388211192,0.999963825630857
"N_all[6,6]",2421.51126202945,40.3634370413262,2837.63483525227,371.706904764418,1042.79642776003,1756.37970750597,2924.93249862578,8077.83531260182,4942.38682509967,1.00008689674508
"N_all[6,7]",32786.3431545775,3827.79102906649,237532.935369711,2315.52212132833,8739.19691440339,17176.5437483708,32685.8104330049,134975.045685095,3850.80237329933,1.00041167144365
"N_all[6,8]",6230.64943037321,84.5369698512701,5167.31365296551,1258.30412776559,3007.92933331473,4777.32875610766,7747.73111144845,20059.0507977278,3736.25314622284,1.00009238077313
"N_all[6,9]",1131.6803211402,22.7981292232933,1960.68906886503,106.03880305237,360.124839754101,673.757146398412,1300.89603767752,4856.40126692696,7396.37689422718,1.00000267948165
"N_all[6,10]",68.2536953836567,4.56680490266573,410.1295808803,0.0407212733497218,2.31989403446222,10.7516878427578,40.3540794959662,424.133262900903,8065.23955096399,0.999555357956241
"N_all[6,11]",542.749534075919,8.94244079885253,704.353030915369,76.9374379775458,218.063460803054,385.968488334749,655.53942022038,1975.46543564421,6203.95484446067,1.00019732411488
"N_all[6,12]",3967.08340579622,72.1145020853893,5374.87296161405,347.867815614701,1232.28247807596,2395.82566212936,4692.88684097069,16550.168868106,5555.09114799056,1.00053994801699
"N_all[6,13]",438.483895569168,8.69611946985352,629.702017221018,47.5075656355889,156.231194122874,282.611078816135,511.010451382689,1780.73555265624,5243.47466459936,0.9997382092498
"N_all[6,14]",2544.73329156029,85.1994667040386,6948.69179241303,122.980888433841,541.189042891276,1139.56539584387,2466.16380384304,13270.7324833035,6651.69527757997,1.00041948962115
"N_all[6,15]",616.096942874062,11.4074672657171,768.542264511262,63.4421401383479,223.43626024462,410.113422615419,725.926483323959,2345.74871907401,4538.96724736863,1.00030394908766
"N_all[6,16]",1758.5946969126,42.2647458002344,3242.17839527381,128.309995286192,505.889959242337,982.053377980089,1926.88879334183,7779.73092880214,5884.60467430056,1.00040595730445
"N_all[6,17]",113.533026140087,5.02295844614174,408.800066604137,0.921095383243716,10.8880682992358,38.1768600396612,106.184104221438,609.244611855289,6623.731889307,0.999993215732352
"N_all[7,1]",664.305161591154,8.97546155719796,567.661466993362,128.047546989948,324.017589039852,515.784999410858,817.819660610757,2136.33960492141,4000.04841736431,1.00037775350246
"N_all[7,2]",254.68749359384,2.98590697716312,210.018624660202,56.4644066476919,131.489629996493,199.831140019162,309.612251248261,778.628804516268,4947.2410671509,1.00009387177902
"N_all[7,3]",112.420489091021,1.25410199030061,89.4867747976401,23.4362383783889,57.3375809385084,91.5530219320069,140.855682307592,323.290194685077,5091.57326772623,1.00020287497548
"N_all[7,4]",957.718994402189,10.5013956470392,680.102355299127,222.75716858593,508.279235244876,786.861346819556,1191.29612613949,2729.85509162548,4194.25195385022,0.999589309511015
"N_all[7,5]",50.9523856373823,0.408634356362759,28.9191627174992,15.4134283549861,31.335083237289,44.8449223929289,63.2558471498612,123.759640402607,5008.43076479822,1.00005503079638
"N_all[7,6]",2193.36326733988,32.1010367413234,1931.70316715547,489.95119748733,1153.16576357687,1755.83094700349,2677.08273948381,6362.52955508468,3621.1179092489,1.00062362710447
"N_all[7,7]",26073.4040585563,1060.94130138767,63414.0271853943,3243.26835529036,9670.30478707321,16848.2218475929,29560.2553251804,94976.8120494528,3572.6293040176,1.00016150089641
"N_all[7,8]",6215.96078653221,73.1418705672444,4232.43356146725,1577.4737342254,3462.88887477111,5168.903347847,7733.01227169708,17318.0219708773,3348.48357512987,1.00025590433111
"N_all[7,9]",708.717705067624,4.17479754145534,327.909203447002,255.309412490369,480.339802428643,648.201507928507,868.864559591468,1515.16553735586,6169.30688622086,0.99993363190975
"N_all[7,10]",33.9633770581278,1.07220805330776,89.8257676105076,0.0725349039281743,3.21988990144195,12.7564384915069,35.017683188421,184.789663328659,7018.49095599858,0.999982828444803
"N_all[7,11]",485.831910452376,5.83507278415158,410.244199181016,97.0558713638685,247.034463678304,389.546283516396,591.554053329055,1465.080170999,4943.01971390584,1.0002256858264
"N_all[7,12]",3253.08437319179,53.0566253314976,3522.29639108545,455.400954718387,1290.89259641815,2258.20463009464,3978.25775513485,11462.693999894,4407.29934766406,1.00065772294852
"N_all[7,13]",381.414107652896,5.15504500470098,355.964843847163,67.5519083751956,178.011730732519,290.652072063507,468.63115119972,1230.65424447002,4768.14323890805,1.00008580495451
"N_all[7,14]",1853.08327639017,42.9345839262688,2843.62918431738,182.361975005939,573.887192694844,1077.83138588817,2067.80187270975,8205.79438988068,4386.63408052355,1.0004016299722
"N_all[7,15]",570.51861542564,8.25527718959032,502.164931195492,91.0937727178493,261.818213412014,435.760827529852,715.052531214702,1868.77475195766,3700.23613722509,1.00073459091681
"N_all[7,16]",1419.17000454256,27.7159256157735,1736.79892713417,196.217825130925,592.352428679911,993.093857202924,1689.05929189104,5329.54561652808,3926.81381425928,1.00055079373857
"N_all[7,17]",76.731368567996,2.32076993845553,176.588601136004,1.13404978891978,10.4334104614666,31.7883269711588,82.2089034461906,417.603701461094,5789.76787115017,0.999686655569137
"N_all[8,1]",625.952510661118,7.06166350406884,490.56899337215,123.490888517683,317.4089811115,501.63661179471,778.805411206712,1881.43098057562,4825.98704448309,1.00034657057429
"N_all[8,2]",232.015050112858,2.37603618660686,183.53788953465,50.6068492924032,121.594900163204,185.165967611488,284.439449260829,689.119927371717,5966.85337421949,1.00046336076009
"N_all[8,3]",109.449616743375,1.3222572825317,90.5019340998192,24.4091256242246,58.455469291758,88.2695014712083,135.019448719645,317.278877298906,4684.72158602981,1.0012971659528
"N_all[8,4]",934.366855211162,8.87959273501522,633.787180039374,245.30485628699,519.055172095029,778.257947366763,1151.548545206,2520.46337783998,5094.49107880291,0.999942032233668
"N_all[8,5]",48.6468195320662,0.29410445159616,23.6783724985725,17.6723981453657,32.516418143507,43.9604613308806,59.5820297943628,106.54997352932,6481.87274739406,0.99992901303829
"N_all[8,6]",2060.89712444122,24.0873668475425,1600.26871743176,496.316139051239,1127.8517465083,1680.37531562065,2559.24788705973,5874.80477557216,4413.74437723791,1.00021090307597
"N_all[8,7]",23411.3259819848,683.455535043474,39684.4586826189,2940.31998217977,9109.87654259344,15710.3676282751,27119.5300131883,90109.6323162268,3371.47847469688,0.999967740620325
"N_all[8,8]",5940.3505044636,58.8916097537306,3687.00486424394,1731.28261616334,3530.79866564614,5046.81334209676,7267.91784843126,15660.8380895657,3919.58935940176,1.00036426095779
"N_all[8,9]",309.519117679959,1.53908822535428,141.662849266796,123.421082735264,214.391738858802,280.260620919517,371.446242903641,662.443716081293,8471.97984125439,0.999911709409041
"N_all[8,10]",28.43405330942,1.02706623632928,84.1297286072901,0.0715503475110188,2.03826963361215,7.80528582500922,23.902851288819,188.229776635309,6709.68405862773,0.999994811618317
"N_all[8,11]",455.689313049196,5.05687837158079,392.564437479956,96.5548004869914,234.43618959055,364.305920408496,563.75667348399,1347.95223300768,6026.38526069245,1.00010569015515
"N_all[8,12]",3020.62409102615,41.6496938347655,2948.17322243096,456.26687478198,1287.1067572406,2205.84929322817,3710.40354230283,10415.6237987602,5010.51501607886,1.00090966347264
"N_all[8,13]",366.619821432122,4.50851038826988,340.239552124083,69.8508438461982,172.880862972891,280.979561324513,446.263409132119,1174.17800389041,5695.12743893804,1.00031389131059
"N_all[8,14]",1619.60148245083,30.141790955609,2208.59768163562,163.751762630016,546.907397169108,1002.68041996485,1878.22480578012,6658.14637668539,5369.02117589666,0.999989516608825
"N_all[8,15]",535.59450386688,6.8244942749473,464.249038096107,95.1168633451779,257.994777952139,410.767045805021,664.913802904637,1727.4669489377,4627.656103365,1.00032145507802
"N_all[8,16]",1300.52438177498,23.0587542779519,1556.10645646919,169.424297995071,517.003794067729,899.988155874103,1537.5939956662,4897.13348195587,4554.14576095833,1.00026528562434
"N_all[8,17]",66.3850929382179,1.7768715533215,133.55694530552,1.4860746238744,11.6264988349348,31.7242762793809,75.0618724028133,329.405269180373,5649.64143680339,0.999710749122332
"N_all[9,1]",606.009883411904,5.5843404233403,448.228880400939,130.086569774347,318.126206341675,490.702982903126,756.925692329309,1738.54399907746,6442.52186298249,1.00003996486266
"N_all[9,2]",215.340698276845,1.80307140823515,151.397686608713,55.1315552223985,120.857263039725,179.140913454947,261.740154774245,612.704876576751,7050.38161721497,1.00015248273298
"N_all[9,3]",101.468364975561,0.689181592884602,61.1207450791229,28.7433426887355,61.3566153163524,87.6374537736507,125.778502076448,254.270519735064,7865.203078464,0.999937662463069
"N_all[9,4]",909.665390267514,7.55081156568986,556.845675995531,265.68411481244,547.589969989546,781.457658603867,1121.0247334085,2271.94197585778,5438.54139582526,1.00028157127473
"N_all[9,5]",44.6428188293178,0.147977799795409,12.2980074550316,25.6323905254753,36.2223886404038,42.8425143802937,51.1576923127518,73.746789809992,6906.7919233638,1.0005722111758
"N_all[9,6]",1969.41133740914,18.1351861949976,1347.40609250566,519.51028158775,1126.94119117281,1649.46625712945,2434.74019598059,5203.38733549305,5520.17665067999,0.999767741007469
"N_all[9,7]",21730.2680086621,474.999596459301,30265.8687255726,2920.27356846986,8853.87909177118,15152.6927812256,25888.9173371951,77165.8515569234,4059.94178901758,0.999855881182897
"N_all[9,8]",5782.7639258798,45.9687886334399,3287.85622263973,1957.84231381081,3661.42586430827,5048.58461259909,7022.38517329738,13814.1912106253,5115.63460513631,1.00021993671958
"N_all[9,9]",198.271276667512,1.15140719883965,95.7067798999172,76.4506271782866,134.090130986048,178.099039961493,238.418984428832,438.905033254773,6909.19624001386,1.0004972912953
"N_all[9,10]",26.1119967659929,2.10931264704007,180.0380973063,0.0767652498032133,1.49836097131489,5.37243414922171,16.9897301070493,155.928073971192,7285.29120420113,0.999961436863835
"N_all[9,11]",426.242729712714,4.33055329794213,348.643770792367,97.2575960432989,229.768997882845,348.668519840891,525.056305144131,1203.67133338182,6481.52266651214,0.999788867883932
"N_all[9,12]",2872.27570838989,34.6670689236797,2485.77004270258,490.987177411491,1352.89532048706,2202.96496048951,3599.80188516228,9079.38838901366,5141.47409266161,1.00009526740956
"N_all[9,13]",347.217427805898,3.44868929464705,287.411275711361,71.5430962055555,171.909419336498,271.30856477962,432.086657390914,1054.62652009324,6945.43525027041,1.00011412336619
"N_all[9,14]",1524.61761598822,25.6514150559883,1912.56963813468,167.609698617014,564.891250775816,995.357249803999,1789.28183815885,6147.55600289959,5559.19436480213,1.00038193726999
"N_all[9,15]",502.457958920964,5.58922935967612,390.038854544009,105.306778763923,256.498273708475,399.815758943908,626.234288313349,1516.85002166959,4869.80847658667,1.00018074276209
"N_all[9,16]",1201.91859967319,18.3426176719367,1394.58730499985,171.203802178363,497.113505410133,834.982068256831,1414.88828271531,4572.00754607334,5780.54501144908,1.00023176309203
"N_all[9,17]",56.3496999982483,1.30710687106376,99.4879392841256,1.81961861710403,12.2646662619205,30.1178895475287,66.6791804639804,252.268485603738,5793.20204627442,0.999725125305655
"N_all[10,1]",621.559617548987,4.75931348066361,394.779757759555,165.547215247534,357.75489471363,530.915015383998,771.611495870314,1621.85678817875,6880.51791220746,1.00016541361844
"N_all[10,2]",215.229490370622,1.39503075373513,119.336693824934,73.0034130940138,138.104457603383,189.637384899726,261.230347141883,507.557196935963,7317.7983826869,1.00029133392803
"N_all[10,3]",91.3040412941466,0.327608863552162,29.684439156456,47.8910688119515,71.0516089701661,86.4510483333823,106.553101985842,163.743270381861,8210.06148503701,1.00002516186351
"N_all[10,4]",901.335984921132,5.91227250318359,455.527307387463,328.444278278024,594.699958890243,805.211121909711,1102.10853129109,2041.83783566829,5936.35613531809,0.999830964066904
"N_all[10,5]",58.5243542363188,0.149156365849696,14.2389351458682,35.2930080059449,49.028001115832,57.0212742091429,66.3845581055528,90.8732233181115,9113.21124057448,0.999844303086555
"N_all[10,6]",1990.89159647813,13.8719603540327,1129.43700971821,639.491532350937,1245.56431054514,1743.01089031746,2420.94637729624,4870.52096013529,6629.0050764195,0.999942167498303
"N_all[10,7]",21324.8791253459,328.712393763825,22546.1396036118,3084.83276552452,9268.09439010647,15625.7378572028,25610.7735137136,75063.6630651802,4704.48648824329,0.999994800676213
"N_all[10,8]",5928.10809388693,35.6133022023091,2764.22282147206,2387.18678692633,4096.24370689669,5360.51429200108,7119.1493134316,12644.3699426408,6024.50829099707,1.00018281122732
"N_all[10,9]",292.681702074819,1.54097471841993,130.015977211194,112.420319305226,202.565076782573,268.947053939881,354.88843181605,612.795524807701,7118.72836877753,0.999711575787172
"N_all[10,10]",23.4176066177532,1.96398967737329,170.869277831628,0.089292546229806,1.38954615425959,4.64512299165198,14.7017901823486,138.040208005535,7569.19277547201,1.00015642785507
"N_all[10,11]",425.604682830264,3.10417176451684,257.487364689815,124.733026843646,256.182117430286,367.959987829934,524.48169546998,1083.18674594507,6880.50565693955,0.999695649863499
"N_all[10,12]",2937.22494687919,27.9735133181116,2141.50611041794,680.51339552911,1581.76006079756,2418.32493921623,3628.3666885105,8303.75484425965,5860.63408098804,1.00018972070693
"N_all[10,13]",349.405507828761,3.12955151035301,254.763746765004,88.2684310078415,193.5906426115,289.10054312806,432.409455619911,971.776567396604,6626.90960211552,0.999891205419418
"N_all[10,14]",1647.06668833468,21.9335882348652,1672.83565374671,232.649994760695,701.446080303291,1192.63527488828,1987.02340144563,5807.44146789143,5816.840831596,1.00003485962072
"N_all[10,15]",474.770313192641,4.37611608611023,313.939705143064,123.521770847428,273.601748695919,398.480776985312,587.100585112949,1289.1388289803,5146.53373517786,0.999858054595902
"N_all[10,16]",1230.53250401466,15.7637922151225,1226.70862901532,219.321669431291,572.26022891598,916.009007361495,1496.70150326568,4128.57251659444,6055.65935371702,1.00091462468008
"N_all[10,17]",44.753164171735,0.891124022584858,65.1449591517168,2.13065736957494,11.9624669723083,26.6292572065334,54.0814268676264,191.644827596383,5344.23232356335,0.999846583862307
"N_all[11,1]",630.883379272477,3.99472933071152,332.937627607845,206.894946496467,411.162645811364,560.667048797528,766.760342899322,1449.44296411453,6946.26015192297,0.999599281192502
"N_all[11,2]",204.488552251051,0.748109428769849,55.0060245398155,112.866731996981,165.99601487432,199.209825935154,237.372218772968,327.229960164905,5406.17698954169,0.999689124207648
"N_all[11,3]",147.944862904055,0.829325426951388,46.4998963904163,76.5602133435457,115.566977215002,141.903576571829,173.147318226228,257.294670294302,3143.79347684833,1.00051255663221
"N_all[11,4]",883.243788777665,4.21628028076862,346.131354985314,405.337540014045,647.057361342416,823.914101313958,1045.12263915723,1706.29887712197,6739.42645658273,1.00003684365615
"N_all[11,5]",70.3876499247271,0.180555702678488,17.2917608762978,41.9152034242057,58.362115579776,68.6707082706412,80.2893159858728,110.009314224837,9171.83055559716,0.999719351113249
"N_all[11,6]",1904.16439359823,9.39042537587804,840.963957332086,776.028631414234,1331.14028424684,1748.61170743127,2282.58218189418,4046.59444386587,8020.18219348155,0.999734058364104
"N_all[11,7]",19542.0042779881,232.956182744341,17138.6102016099,3507.33385015197,9374.15779716798,15070.7295574509,24050.9593577164,60487.4122074873,5412.55995602716,0.999881579334091
"N_all[11,8]",5945.09258471213,25.843968709398,2163.242880843,2890.03232153659,4492.18784842677,5573.85268260079,6921.84998474562,11160.5504053342,7006.35523705937,0.999875205286547
"N_all[11,9]",168.288346050713,0.917911646297485,79.8250353995061,66.0265558474337,114.656872719654,151.627335715449,202.629231074807,372.715937073977,7562.69314496519,0.99986247965514
"N_all[11,10]",15.1766131855963,1.13729106430021,96.4766513512701,0.0899944881818967,1.02835630992976,3.16087197588495,9.62405958876972,82.8644284853622,7196.16624951228,0.999821326751094
"N_all[11,11]",412.601968024286,2.40896948648678,205.928029555913,149.96871982583,275.533742059159,370.163889841653,499.671013227749,927.874956090198,7307.49168519314,0.999999857884567
"N_all[11,12]",2808.84831614366,19.9626052887532,1636.79003628762,861.471681753834,1724.46869444499,2463.6899344964,3436.08875333462,7009.41640901841,6722.82034740952,0.999771955314303
"N_all[11,13]",333.881248586409,2.61953718877012,223.800950674015,105.844130703674,208.604923334445,291.333166579271,404.963099374857,811.324896924921,7299.19081812564,1.00047294690866
"N_all[11,14]",1414.18027418149,13.7371203719381,1115.70305046566,302.177700143456,738.159907093547,1132.54109056376,1745.12678569118,4139.34714975749,6596.38253912987,1.00035625669608
"N_all[11,15]",461.002169961734,2.96809737626308,234.329608188502,163.042805238169,305.177083176156,410.387131850797,558.026399461132,1050.56051794132,6233.01314358438,1.00042735176077
"N_all[11,16]",1062.09704575283,9.97569140619158,803.495998238939,265.865924930089,578.501635167925,872.063199146342,1294.39747423566,3011.24436941404,6487.5605512123,1.00010857341657
"N_all[11,17]",38.706791268024,0.628388537270626,45.0230840940938,2.90870521721386,13.1809556336041,25.7912072371704,48.1204126958149,150.740878474903,5133.50481155618,0.999897016035312
"N_all[12,1]",507.033874001276,1.66756992278044,134.08207980128,298.283386435928,416.17474545866,488.586888574052,575.216430448501,830.179361423864,6465.07204667795,0.999857472538167
"N_all[12,2]",118.050120735115,0.305290984701964,28.369098735255,71.4478203725481,98.6938891455904,114.977699075239,133.409616632973,184.926060016691,8635.0154355933,1.00004976261349
"N_all[12,3]",88.963987178254,0.275254115424334,24.8578902980271,49.7687195956748,71.8559584887259,85.5409615312285,102.480701226095,147.63366586089,8155.69342539067,0.999899578611875
"N_all[12,4]",818.427179735971,1.66330504244466,148.279669493994,562.276842128296,719.382610917103,804.972459458075,900.025690127898,1161.40812955152,7947.29639648637,0.999806566320455
"N_all[12,5]",65.5996702906376,0.216082008189053,15.9523066738328,40.4465365653527,54.4515157108771,63.6862686936347,74.2047285853857,102.689557635012,5450.16644343245,1.0000063332692
"N_all[12,6]",1664.77127448376,4.02581075625084,354.187715148071,1080.39903632373,1426.30791619748,1624.58893859997,1857.64118021826,2464.55762928597,7740.34424211634,0.999982452093663
"N_all[12,7]",17379.9388650007,167.958262100706,13254.3456980597,3962.04357258123,9345.00337897898,14064.1194422645,21346.7494901027,49604.1213250056,6227.50152729799,1.00041656026387
"N_all[12,8]",5562.9869487374,11.0304221474417,947.92651589363,3932.64840058629,4954.72926461704,5475.36219085461,6072.75735079158,7736.78612322022,7385.24786978755,0.999930634224777
"N_all[12,9]",162.957089823644,0.77184530264068,73.219027220171,64.7374184970346,113.310977505245,149.357791799581,196.082528092617,333.668499514477,8998.85757561942,1.00019774957608
"N_all[12,10]",8.63344584504409,0.502458139239864,43.2663274500467,0.112187383395098,0.912689390355162,2.56535992548962,6.98840345466631,49.5998439829059,7414.81456298313,1.00027182546352
"N_all[12,11]",340.828539656843,0.890302529153913,80.9200848127631,206.344829365537,286.408123242643,332.079562017376,383.491500582436,529.838486617654,8261.09172639396,0.999919081289325
"N_all[12,12]",2515.69276781646,7.69863940204072,694.641879941572,1452.89750122845,2031.77244410697,2416.03165883575,2891.55358830635,4128.8332571785,8141.30397600989,0.999579192882677
"N_all[12,13]",280.45157602058,0.810341772718064,76.8523505270276,157.855937714989,228.230186822826,271.073269496014,322.045227836038,453.070832065468,8994.51717778834,0.999861663295416
"N_all[12,14]",1211.32528940797,5.47821866714179,443.787065127425,538.576428050813,901.433349520909,1149.31607523499,1443.83203105437,2259.50916305306,6562.518683773,1.00001832778031
"N_all[12,15]",378.383683632551,1.17011935337306,92.9033269264055,232.624826866792,314.126796469468,365.136264299447,429.751721896053,596.042212560711,6303.79684152377,0.999622635406336
"N_all[12,16]",887.844688199803,4.06178573042829,305.64860850157,422.789874009043,678.504331589327,841.526311777612,1049.25855378495,1609.4918095125,5662.53405421458,0.999978388914558
"N_all[12,17]",31.5643910977285,0.426502595647675,31.1945671144475,3.53156170873997,13.1905341502421,23.8301214292794,40.2400308602803,104.847659611689,5349.51696926921,0.999818724010127
"N_all[13,1]",573.037309295167,1.49262043840485,137.359107703607,353.344296993997,478.776400860819,558.792143215483,647.050012573909,878.755224233017,8468.68840221303,1.00005763200512
"N_all[13,2]",66.869107529912,0.22146508228823,16.6991777484401,40.2754581532725,55.3810576239265,64.7290131395638,75.8963433573038,105.746472451164,5685.64383383893,1.00076227250428
"N_all[13,3]",78.7393017031304,0.25485357789301,22.864167866944,43.2857414384262,62.8975743916688,75.5934465664834,90.9213771870569,132.894240948424,8048.76652883121,1.00018575327233
"N_all[13,4]",741.835220681947,1.6358921421612,126.916366536585,525.581270885859,656.494879900081,728.046062840625,813.354020698538,1023.5803423906,6019.02196116695,0.999931303560573
"N_all[13,5]",112.016215836358,0.493949714219535,29.2393326768453,63.2924823490883,91.252402300903,108.996067072345,128.861567402362,177.5176567115,3504.04307407503,1.00022078704019
"N_all[13,6]",1673.04284980199,3.35380670073708,325.84777445692,1111.29779263693,1455.45049034785,1640.20192365183,1853.1555643189,2380.46468267842,9439.59718379766,1.00004677865082
"N_all[13,7]",16463.1105432066,141.958781172824,11547.9587839887,4258.18988495701,9443.07259810116,13811.7644590398,20012.4410713073,45068.3305192297,6617.37774399489,1.00048415211655
"N_all[13,8]",5579.92284412823,10.3168444637063,861.43414905255,4058.88471156081,5007.48532488636,5520.90566509576,6087.26995236492,7506.33970185597,6971.88800133728,0.999753829660394
"N_all[13,9]",99.9281156790056,0.48507476305599,44.511293003748,38.4309611015755,69.2200460062894,92.1432785914473,120.690041960751,210.410784729396,8420.21265849756,0.999797459728043
"N_all[13,10]",6.29077132875241,0.31900650914113,28.0987219059815,0.132982272618418,0.865262249283447,2.19811838189728,5.37466753294322,31.9564200958112,7758.43351529248,0.999827539095119
"N_all[13,11]",272.213412246162,0.840844718955682,62.1435998508713,172.54301771767,229.48256496347,264.362159838356,305.968977483092,417.654974532691,5462.11969780361,1.00066435713405
"N_all[13,12]",3217.03395835516,11.4765505878792,809.398757606095,1885.9882533013,2657.84296815362,3144.04238949167,3681.77808670967,5071.35415495261,4973.9603175916,1.00059486360549
"N_all[13,13]",238.568305421351,0.7798641708664,62.1283997995053,142.468445007283,195.990490304635,230.003894205425,272.106694202828,384.375601448435,6346.61859213371,0.999916155815406
"N_all[13,14]",760.851525162397,2.87932183369597,258.665032545284,377.923212333123,584.538321056993,719.482028661462,892.432771571124,1376.84170207941,8070.39933567746,0.999698663312754
"N_all[13,15]",457.155797060301,1.1061214551711,100.212295688336,289.811960495684,389.084298761583,447.52961317313,512.971636086142,687.140546374134,8207.98189324544,0.999724626863315
"N_all[13,16]",515.587770547257,1.79737330738623,165.633177342458,270.628078799716,401.842578898468,490.66954132519,600.335017164872,914.988001843664,8492.15848415627,1.00053501282072
"N_all[13,17]",26.0008901608978,0.275821272875902,21.0890517008207,4.44074513186418,13.110014902867,21.2102812076053,32.645592201676,74.746277272239,5845.99697542806,0.999906015691815
"N_all[14,1]",509.609982554487,1.97831704542993,126.374804432272,312.163160273772,420.768931940117,491.953372079137,578.548649850476,803.335709339382,4080.64868919329,1.00040364671398
"N_all[14,2]",46.6636698621344,0.226710140597238,12.8709542783976,27.6496305965174,38.0265611222394,44.6085831908156,52.835306356554,77.8713673004115,3223.14321122655,1.00179159110093
"N_all[14,3]",60.354075473619,0.393365315189958,20.9132488272538,31.056461718336,45.854882356024,56.4655071057067,70.6144886164788,111.904449814959,2826.51231759934,1.000979066935
"N_all[14,4]",749.850310097462,1.97612653229548,132.799458457184,530.884568769991,659.993783438106,736.318681045153,823.428400678116,1051.08651775362,4516.09542118475,0.999786763156108
"N_all[14,5]",90.6380915872309,0.252659303500104,22.6880373840045,54.3745187290106,75.0282178415368,87.8594899467364,103.048418844692,142.950719243479,8063.49403517723,0.999594737584916
"N_all[14,6]",1476.56881412751,3.98586829896195,309.68413637002,977.117972698452,1262.199184734,1440.38504410321,1652.96237952182,2188.1925725717,6036.59485068547,1.00025782395377
"N_all[14,7]",12765.8104431339,87.9202852429039,7308.13862935508,4030.1158082033,7982.58664426558,11139.8214009033,15618.2742675093,31208.8051969214,6909.32111251608,1.00124339760369
"N_all[14,8]",4279.93755144659,13.0815184292741,728.667575724071,3091.82174180991,3785.54250441136,4207.31224950488,4688.87508560986,5901.53803827254,3102.71992499876,1.0003206563462
"N_all[14,9]",37.7393997820881,0.257733933351181,18.2115140577477,14.5895414064495,25.227625159316,33.6888741947913,45.7651165572908,83.8295055509233,4992.85442219317,1.00082406869316
"N_all[14,10]",3.76533034813257,0.12475454306758,10.870844837205,0.151495368217121,0.774335110885226,1.69804368512118,3.72678975541144,19.348465539489,7593.00794317068,1.00040900200769
"N_all[14,11]",300.500713443306,0.732102319964972,67.0973083829953,190.710171147734,254.598233207333,292.978733573553,338.010841498842,451.408570247507,8399.75523859648,1.00026305047165
"N_all[14,12]",2218.53617884656,6.46903383632645,565.424688080413,1325.11260715911,1833.04592223329,2152.40582621259,2506.11228450599,3554.24062412786,7639.60120925162,0.999573077689428
"N_all[14,13]",287.112369775276,0.827760500592301,74.8309011800924,166.809236764147,235.541901902182,279.313530774739,327.279707427102,456.711450610918,8172.45529136482,1.0000314022897
"N_all[14,14]",460.808349332451,2.48644788610676,174.749649435273,219.924994778814,343.765722736671,427.146084925861,539.817173365627,890.871179095698,4939.39666237666,1.00086228405195
"N_all[14,15]",383.002754378121,1.6624413248844,96.9995737642396,237.128157533419,315.134043290992,368.845514855133,433.728802017308,614.487656377283,3404.45030982414,1.00019597284979
"N_all[14,16]",307.352395651829,1.38097901396484,105.406316011637,155.012992399428,234.787289791068,290.498304003034,358.503819871596,559.345974749081,5825.84749723677,1.00044275401782
"N_all[14,17]",22.7436159315483,0.180532146626598,14.1693292960463,5.85727682275995,13.4573570072479,19.6783211204298,28.1488553399859,57.9877116809151,6160.12456951389,0.999954890372023
"N_all[15,1]",1225.01252893327,5.90395772889495,310.117492820913,697.004361849931,1002.14622904091,1196.83987919175,1408.43774705053,1920.78356172056,2759.09115959398,1.00069075330958
"N_all[15,2]",100.827234042137,0.273347534032446,24.6917790021385,61.5963890478439,84.1094990251315,97.7503000780794,114.55329689536,157.182462193722,8159.70469977559,0.999883542043977
"N_all[15,3]",175.340503499701,0.85785286791354,53.5903933799496,90.8991545433147,137.74009786185,168.458553370028,204.896791247045,300.126007693353,3902.54819344041,1.00083330522984
"N_all[15,4]",1420.39771962343,2.66446459969477,240.711934032388,996.233900647938,1259.80900592697,1404.08524560148,1558.05914404879,1952.09348283643,8161.60055080232,1.00017580218461
"N_all[15,5]",75.2707657456326,0.24633461903438,18.9675823576296,44.314509704259,62.2232878509359,73.3277859713761,86.0218939224695,118.218123514135,5928.88540263476,0.999860867886156
"N_all[15,6]",2589.89486565352,12.469789642561,967.754098720373,1213.45720399542,1937.6512519459,2417.46697995238,3044.89167509238,4959.12789063451,6022.98503608313,1.00004247954552
"N_all[15,7]",18091.0398411701,44.2588074834951,4191.29554124157,11087.912422865,15316.4189295435,17658.1479147048,20362.9845453472,27708.2384952561,8968.03211109219,0.999953584279506
"N_all[15,8]",7022.57440041915,13.1026173698554,1079.16149444902,5060.0265368472,6299.03508801187,6972.46341581444,7673.02921793833,9347.91533221378,6783.54584442441,1.00036370600731
"N_all[15,9]",115.771305102359,0.619104181365038,53.6340542175716,44.3585088884329,79.4461877192842,106.294134481177,141.062474531459,245.368916732833,7505.05326645519,1.00039173929071
"N_all[15,10]",2.25150322362284,0.015204002882427,1.44784745824286,0.651782895137276,1.38623339810741,1.93519442066159,2.70061456280823,5.64414122678873,9068.38039887728,0.999910643070395
"N_all[15,11]",694.512949862372,3.53498117830528,171.924284236746,407.100397196981,571.537896368397,681.636757436397,798.435269395474,1077.36393114097,2365.37628512925,1.00171398074049
"N_all[15,12]",3263.17128295239,8.95292234764071,799.613262165573,1952.31476379907,2715.90174235593,3180.75986545165,3701.20515347122,5057.87789611009,7976.83009574092,0.999749838311984
"N_all[15,13]",356.609005471684,1.12740708057129,90.8354667138658,207.943685447407,295.347315446476,347.323822616232,407.157328259936,556.922887102618,6491.56466772202,1.00032181450682
"N_all[15,14]",900.488933259202,3.81755727476226,312.857256930972,432.94117252492,685.373434795346,853.621751399138,1056.03410980952,1637.12984582468,6716.16478668111,0.999956773340468
"N_all[15,15]",1015.66896549952,4.39671898441928,237.620667225381,615.004874159803,848.568501658862,995.552488200105,1156.69618648229,1525.99507652158,2920.86177208818,1.00075069827342
"N_all[15,16]",532.531523055548,1.86307238939456,170.927917199343,275.6090498287,416.168768527881,510.846416995043,618.717737133957,933.095468352075,8417.17859307575,1.00017726679137
"N_all[15,17]",15.8690443487274,0.0486020978899398,4.08141214972968,9.12898404020059,13.145831556141,15.5029563427977,18.0387301544303,25.0300121831065,7051.97679121024,1.0002032294828
"N_all[16,1]",895.573226471443,2.15770297330294,200.785280253711,558.966705836028,760.294446377402,876.812403946279,1010.14413609137,1353.22782368128,8659.25286967374,0.999743481582743
"N_all[16,2]",125.790960244574,0.347070524001947,29.6458301272837,75.8374427520983,105.413280819474,122.955326259719,142.435594217891,193.152452378675,7296.11664422518,0.999861996343948
"N_all[16,3]",187.796652249091,0.611151169853567,52.6682142448939,103.421629757689,150.892395834133,181.420208924051,217.551000997472,308.869036645559,7426.76859411776,1.00016217486907
"N_all[16,4]",1562.82083279673,2.93750980885612,252.765868307438,1130.38523451311,1389.92453856347,1539.0150384329,1709.23966089815,2113.754471011,7404.20114060016,1.00003155599163
"N_all[16,5]",43.5035358482595,0.126241854253855,10.4720826029685,26.8119331900184,36.2742935568589,42.3044346000969,49.2826255416378,67.6426511511089,6881.12407420524,1.00009253225414
"N_all[16,6]",2525.83586760392,9.62857915659275,838.503792690496,1295.1285370076,1965.44919906436,2400.32812067305,2934.8375398669,4446.83776388762,7583.77871719042,0.999720669584421
"N_all[16,7]",17937.0086226722,39.6684104691837,3844.67491472491,11493.6378306393,15289.5713159329,17616.1660854838,20121.8074551963,26440.7509155004,9393.54783352968,0.999784079970118
"N_all[16,8]",6959.75341376909,11.1954774558019,1011.82186369925,5185.56497690599,6270.33456462926,6880.29991430455,7542.10333173644,9227.17972836075,8168.1344832278,0.999858401239275
"N_all[16,9]",71.8500434867215,0.376498052785957,32.237237289715,28.8336219285162,50.2829600393658,65.5831130125308,86.0944109129618,148.919072964792,7331.45482916271,1.00019015996386
"N_all[16,10]",1.28168665251134,0.00861148153266824,0.72837265539873,0.442697097606964,0.815518325719752,1.12110252601436,1.53985444524763,3.06408335761664,7154.04252072232,0.999772003419241
"N_all[16,11]",444.959175827618,1.05504128057479,92.9562401447946,294.494281996787,381.082584029844,435.309490051912,496.278567650298,656.709321774809,7762.79635537448,1.00022901137669
"N_all[16,12]",2621.5892300346,7.5452648698944,640.879491791709,1592.05275532253,2186.98314550401,2542.19988016247,2964.12616458164,4098.21034260176,7214.45898706004,1.00046694550978
"N_all[16,13]",241.141489382055,0.628871399975522,57.7776924802374,148.09942098589,201.405447599317,234.676781586085,272.445575266741,376.009595231255,8441.05437163973,0.999914935419377
"N_all[16,14]",737.226429836244,2.60675508402756,240.336831398371,381.312498066417,572.973633152614,701.036837742952,862.355339502723,1288.01005547521,8500.41646446929,1.00003444155529
"N_all[16,15]",951.007325107674,2.32089814015458,199.063667040098,616.294421327796,815.282084245688,929.194720818915,1066.28035549927,1393.71371489368,7356.51016260217,1.00016996511134
"N_all[16,16]",481.633413576567,1.69456645836633,146.790294862548,255.677731586326,380.589284457372,462.816309556353,560.068921703555,811.696550849865,7503.7347536031,1.00020646225782
"N_all[16,17]",17.9441316178832,0.0613791927787271,4.24802135169565,10.7505871480687,15.0677315981793,17.5640031087552,20.3730119421857,27.4391761535767,4789.95062594326,1.00023963908433
"N_all[17,1]",1033.39293224181,3.33022231528921,245.550153500158,620.214731055678,862.983638708034,1012.07294942195,1176.70608399205,1572.87417895554,5436.68244419492,1.00014398157651
"N_all[17,2]",155.454745127271,0.585533802663272,38.376753291349,90.9421075847353,128.315224910914,151.870547472363,179.017029729704,241.154356957964,4295.68588597213,1.00013854140661
"N_all[17,3]",168.001446161482,0.51093633425589,47.7027186523242,93.3679347452994,135.309190299479,161.3723504705,193.206636326065,283.667472923616,8716.71177907346,0.999938333455753
"N_all[17,4]",2582.48897488237,6.75874147521176,455.430151715423,1762.07394926324,2273.77998147735,2560.39572470474,2862.17483177456,3544.53776568559,4540.58583221386,0.9999680858265
"N_all[17,5]",33.3688419138218,0.114172365314452,8.58865378243055,20.1229345388684,27.4600195414158,32.1305666746211,37.8685323250002,53.6464498732125,5658.85017447501,1.00027609405873
"N_all[17,6]",3149.94106295802,8.43582329383075,678.546154563351,1969.33787774913,2684.46904652997,3104.15492823857,3539.26179511272,4660.03430617143,6469.99342526331,1.00059736207375
"N_all[17,7]",17474.6149722215,44.3749706153347,3933.69156731523,10837.6452904188,14844.5929803819,17133.753953076,19641.363995574,26406.9253747106,7858.22487418274,0.99964841019919
"N_all[17,8]",8224.65026704898,14.1462307656201,1249.52581724375,6001.02035491641,7381.80801096606,8143.73638095039,8946.0084484935,10959.709392207,7802.0546995684,0.999606244072639
"N_all[17,9]",94.3034736016712,0.480570280490176,42.6532061066012,36.4998885000337,65.438526073794,86.7351829336378,113.799911030366,198.500998689112,7877.52052443944,0.999827217429514
"N_all[17,10]",1.22693686628084,0.00876908274740937,0.744764287125655,0.407023896629791,0.776866155032727,1.05951654887701,1.46361045357029,3.10647903084461,7213.22285392222,0.999999429123609
"N_all[17,11]",454.942789431518,1.07553521922476,98.5028562666391,290.518804321784,388.222768021819,445.429119929282,509.04712783437,684.735124303359,8387.80596011785,1.0000960977461
"N_all[17,12]",3196.10240791337,9.13432027445795,791.077056631654,1904.59915357785,2659.45885079919,3122.77069052352,3621.64858306344,4992.76533190172,7500.41178910453,1.0000593398072
"N_all[17,13]",208.885147855783,0.573129265823741,53.0223544777449,125.983376220444,173.430362190433,203.019479354958,237.200630674712,329.452664183937,8558.79938263078,0.999975198799131
"N_all[17,14]",795.141964475399,3.06596131150601,272.718244120691,396.361839650539,606.961073078489,757.327375407334,931.386394830013,1410.18548677241,7912.15968077624,1.00002512798489
"N_all[17,15]",1147.01006757226,3.12676848828082,252.996850978475,721.021351847497,976.137146377,1123.63566229792,1293.33469377306,1726.73754697589,6546.9462930332,1.00007268270199
"N_all[17,16]",390.284508618788,1.42128112727684,123.089527771243,208.740908188778,305.647940443743,370.246211048087,454.210398437916,685.81717403336,7500.36213455293,0.999824298450544
"N_all[17,17]",12.9304308352374,0.0369380076066436,3.04257546267058,7.77523564066353,10.9104896547857,12.6447344625325,14.6119003274184,19.6419871138417,6784.78022228852,1.00092426961669
"N_all[18,1]",559.226102672137,1.99695765456528,133.39346845278,346.610770533374,465.916408639215,543.419813951621,633.127949273116,864.652484384783,4462.01903474341,1.00001618746213
"N_all[18,2]",87.4765395989847,0.250169769716703,20.8908134793833,54.2948930737677,73.4993637674245,84.7829128451402,98.6131479611705,137.374409844562,6973.34328942432,1.00022438631177
"N_all[18,3]",123.716191741572,0.539718094178725,36.06766182015,68.8129799523562,98.5660847973808,118.252938488116,143.194315359391,209.996159257316,4465.82830145386,1.00050642890042
"N_all[18,4]",2401.59998808969,5.45735591433143,399.63640223261,1688.87778893145,2132.97276595994,2375.03030020369,2636.18302553341,3268.33326959841,5362.47801376419,1.00056246454718
"N_all[18,5]",37.1287460053226,0.116321124570167,9.18269734311574,22.721000627806,30.7289417420722,35.8433139810082,42.1906500647673,58.3865956287879,6231.94133556212,0.999959604583767
"N_all[18,6]",2586.24497635238,5.44192879354358,503.145934791886,1713.84555863469,2249.02621247977,2553.83899256894,2865.69383527996,3690.92891348811,8548.34864495005,1.00048379532626
"N_all[18,7]",10645.9964314699,28.8887573781151,2322.78696334509,6920.0439228074,9070.3243797536,10329.4319659836,11865.469527236,16185.9006560285,6464.88846719722,0.999704930659541
"N_all[18,8]",6853.96099157067,12.0180282477755,1039.1610355431,5065.12973861923,6151.07271309596,6760.69509443008,7460.93514789872,9110.14535912699,7476.51600138574,0.999768448494407
"N_all[18,9]",56.4539452412597,0.299175213735643,25.1153999320315,21.3110021390784,38.8977913114318,52.071451802709,68.6837936836473,116.545489974288,7047.40088067987,0.999735469034777
"N_all[18,10]",1.35108942178148,0.010769325964442,0.883770015913851,0.457360436343521,0.853167962900972,1.1587162320309,1.61497190338697,3.35236541456129,6734.43989637149,1.00060884663217
"N_all[18,11]",406.452466022734,0.92561457697443,86.4563345325641,259.273128864125,347.310227057406,398.227444775713,456.736578298515,600.908103052529,8724.35375281147,0.999620085243871
"N_all[18,12]",2480.89466252246,8.47902774327587,616.975535994281,1453.98523221756,2056.03382323001,2416.23042599852,2835.37343330191,3840.97572830374,5294.72947326974,1.00060336328857
"N_all[18,13]",198.429593001718,0.519143378097857,48.3436124316287,120.742508001424,164.986091380059,193.109883489516,224.957987153951,310.544460328726,8671.6863549009,1.00015384633987
"N_all[18,14]",536.477912627422,1.9034151785513,172.948371366917,271.051650225519,416.60101965232,510.323228647664,629.577426918573,945.054459388409,8255.92800183526,0.999913035999712
"N_all[18,15]",814.308875938119,2.26988370814331,177.493043412611,520.540664861861,692.071207257797,794.988990745059,912.54556969844,1212.88777677533,6114.42267044298,0.999751076137175
"N_all[18,16]",337.900363908347,1.14595224281982,103.931178592699,177.891310016191,265.579385685718,323.84615357955,392.694215090377,583.486565114143,8225.43105857577,1.00005060630237
"N_all[18,17]",7.39456527635378,0.0229930588592965,1.73996909261619,4.60106267151468,6.1929150444224,7.18303592422178,8.33807812891786,11.3340109762485,5726.5039640237,0.999748509026188
"N_all[19,1]",578.139260530931,1.5959954914557,130.972934518167,353.736453258956,488.423461608546,565.96081882852,653.989907512437,863.021968546591,6734.41376504898,0.999926864917238
"N_all[19,2]",66.0485490179044,0.167352534098875,15.4050803647594,41.4744136479354,55.503017217874,64.1968938276777,74.4470718374561,101.668570207663,8473.5100842488,1.00019918770371
"N_all[19,3]",178.573974873519,0.675194221624283,51.527914348282,97.1361680624094,142.686364306992,172.169719740054,206.588947703721,296.632238508338,5824.0848659248,1.00065293621335
"N_all[19,4]",1963.83916736326,3.32337178682007,312.95814260048,1418.96974568584,1752.42824212746,1941.14638229837,2143.9744665542,2662.82468719493,8867.77476491,0.999822151727345
"N_all[19,5]",52.0381602982189,0.149040151384321,12.4001984631117,31.6567880869203,43.4833128535247,50.8190405467962,58.9813629246887,79.8128279049134,6922.304608409,1.0009815963229
"N_all[19,6]",2240.2789003733,4.84634321042927,428.791493889656,1510.87089094925,1956.04146425636,2204.43114929793,2488.33057101333,3184.58883445671,7828.23742615579,0.999809367706955
"N_all[19,7]",8300.97484289687,22.9324486763334,1797.8189970789,5417.30040589831,7103.39468954567,8094.26009325271,9236.07043165803,12625.6478344032,6145.97897111282,0.999941852881542
"N_all[19,8]",6708.17484058341,11.37890281461,1001.14268753193,4940.13392604211,6045.36871172436,6627.89388614832,7276.67961489619,8958.91240348629,7740.8951096968,1.00017207874632
"N_all[19,9]",17.5915063192132,0.0873454522238574,7.65613498640914,7.22505897229227,12.4035507329641,16.1155313541572,21.1199167152829,36.3039451421447,7683.13684481075,0.999991121624737
"N_all[19,10]",1.56597992490266,0.0111972044455046,0.906602260062746,0.526518766036064,0.97316919881105,1.34919160541723,1.90849703915848,3.90345941698725,6555.62916911926,1.00055693013594
"N_all[19,11]",354.067108661852,0.825682568113353,74.2393626471608,228.038589661292,303.091609794954,347.981638334165,396.431802279444,518.477409354003,8084.29658435695,0.99993729027061
"N_all[19,12]",1505.44359859238,3.92401248365929,355.409154070257,936.163723001137,1257.32432059983,1463.87436508087,1706.20105828522,2325.52451497021,8203.44854278831,0.999664978728754
"N_all[19,13]",169.566785670414,0.454647156371223,41.2249891662384,103.375720834121,141.237546867983,164.285220521253,192.120243591128,265.141084257872,8221.89908864783,1.00019882843127
"N_all[19,14]",347.426350348225,1.30462025544893,111.511680659493,178.154568721963,272.333910233257,331.892923488465,404.701922400315,612.929773851967,7305.87922665983,0.999625949821804
"N_all[19,15]",796.469439830447,2.30404526697289,171.057278860454,516.582401601563,678.003619900828,778.53992169817,892.094178654783,1187.42649234057,5511.89712940034,1.00016454513918
"N_all[19,16]",245.57187839187,0.812659298521952,74.8301537631156,129.956784393629,194.749857493705,235.060527778069,284.637817169842,420.366102050552,8478.83643398171,0.999838998142408
"N_all[19,17]",6.07511992906155,0.0176370493715441,1.38467881309548,3.84562235935974,5.1444173242179,5.90339752964634,6.80237715123413,9.3082308722805,6163.76727893208,0.999774737010119
"N_all[20,1]",293.134416592575,1.32989811096017,79.4857374079536,175.579169088744,238.614651991524,280.741947798157,332.623506224834,480.633532360716,3572.24861910393,1.00010419797147
"N_all[20,2]",34.8220491276035,0.127883261151569,9.25030353893532,20.2840766305314,28.5350560327684,33.5393321154578,39.571712330678,57.0382646035564,5232.20272193898,1.00053128222013
"N_all[20,3]",136.291233640841,0.499223784524434,41.2523253464551,71.9786082019547,107.396811037085,131.558264487147,158.501588268495,231.539131216573,6828.20155256912,1.00133872686572
"N_all[20,4]",1527.33242371331,3.23555682248276,270.227863971077,1057.43114834168,1345.11072877944,1504.4755396733,1679.10478409098,2124.63718287934,6975.28881022497,1.00048615753802
"N_all[20,5]",48.819306801919,0.145656234287479,12.666572981279,28.8190440568232,40.1336432112633,47.1384460420958,55.708751608014,78.6579558508319,7562.40799412109,0.999970330831955
"N_all[20,6]",1387.00188211033,5.00471608775534,308.590777223103,913.542901267242,1175.53853608765,1340.98619962588,1545.99520230544,2131.214418087,3801.95518731927,1.00040336012979
"N_all[20,7]",6355.61484425287,25.9495317201131,1614.4002697505,3907.30223039551,5264.04801645578,6109.43794134327,7166.55097942892,10244.8123993948,3870.46721224952,1.00001120730484
"N_all[20,8]",6498.77200427274,12.2043878527399,1061.5090346087,4689.03439164243,5799.74416362022,6400.77013354585,7101.07911345979,8822.27747157998,7565.11244744691,0.999660046777695
"N_all[20,9]",3.34863361178749,0.0484258105249532,2.13529657540441,1.07151159621566,1.97824284433703,2.82109299961869,4.04293926706852,8.92721053141596,1944.29701849688,1.00131589873545
"N_all[20,10]",2.03530008352292,0.0217974643191926,1.43416806166063,0.592393396157324,1.17658759779073,1.67756986201827,2.45879061744926,5.57119947222708,4329.00554965793,1.00038198247982
"N_all[20,11]",202.051726802769,0.680621614755105,50.1608961273279,124.321802877764,168.540064976429,194.97950189823,228.043615830713,321.310682277911,5431.49143608122,1.00001804774568
"N_all[20,12]",748.144873182197,2.65522211525809,205.613333327962,434.982573934722,606.64954252743,719.624660580255,851.355876704165,1237.79315987379,5996.54137040098,1.00054364812144
"N_all[20,13]",131.773559812433,0.404443205938502,35.9797035558483,75.1435081079137,107.167730559834,127.082374097207,151.405699475474,213.497068913314,7914.07338386949,0.999813059438795
"N_all[20,14]",117.334732438206,0.986577802427004,51.6410234537388,52.0425785530836,81.4042600443044,106.205930312501,139.620375670584,251.149549807645,2739.85135683024,1.00133844838894
"N_all[20,15]",820.045333312719,2.24285120094543,195.014066846807,510.732260815929,689.404498660377,796.269764004802,922.409937715494,1274.00793867768,7560.15944231799,0.99987046336276
"N_all[20,16]",125.620180409472,0.699202035768491,46.9596061039425,62.7187451208648,94.1402123843123,116.779062545065,146.504165165291,241.194954374201,4510.6956255954,0.999978955281216
"N_all[20,17]",7.02678544808575,0.0280976986721024,1.81533533590802,3.97193874485928,5.78383758025505,6.86932082772039,8.0815460150437,10.9599294205074,4174.19007739204,1.00064374819923
"N_all[21,1]",365.172952327224,1.1880001189044,87.9831629382369,227.963305091172,303.860385058441,354.096742107928,412.19706725216,574.498321025305,5484.86790679568,1.00001473262843
"N_all[21,2]",45.6618582401535,0.163698692420415,11.6329044954014,27.4997343506334,37.5216250895928,44.0149777481962,51.8750043518593,73.0901697958919,5049.93635183131,1.00024850700955
"N_all[21,3]",118.548495536638,0.405566056366659,35.3433689034548,64.3079237002935,94.621810520485,113.402357321605,136.95849360026,202.467498612149,7594.38636150408,1.00035355694917
"N_all[21,4]",1634.34193976352,3.49030147912752,282.861738109077,1154.76273821597,1444.44882151926,1608.9680977817,1791.52859977237,2264.60190581731,6567.83946149011,1.00046095601029
"N_all[21,5]",48.9128289499546,0.154934483614976,12.4706504515732,29.7457657597083,40.2244117968974,47.2216470971616,55.6169078043397,77.9795438696254,6478.61294566489,1.00124161234372
"N_all[21,6]",1845.55838426095,4.32069970452758,375.455319550524,1218.91806833704,1596.52713863767,1799.63390844488,2057.87184030011,2704.43605043172,7551.06758520411,0.999756401233041
"N_all[21,7]",11442.7153742133,28.1684955883894,2519.13374126277,7178.02042036137,9728.56459378107,11206.2815224669,12847.1214469425,17149.0679698333,7997.88478994336,0.999841707292323
"N_all[21,8]",8836.09772736546,16.0341500443104,1346.14877625462,6411.81336508258,7924.73338070266,8762.46285611943,9645.58338257935,11794.3336516093,7048.4599246796,0.999677812130314
"N_all[21,9]",14.3529259287043,0.0769724702176033,6.60460779892199,5.56290502027667,9.80512347140485,13.2135964436646,17.3112934709613,31.0075170969425,7362.46456450414,0.999608331327205
"N_all[21,10]",21.9560322186533,0.143281562544452,12.4124867648305,6.47992574533539,13.6508636609099,19.5565653937664,26.9146854660657,52.6958107655711,7504.76294807896,0.999756430714272
"N_all[21,11]",230.953205815836,0.885260033659516,55.2712050281109,145.587160296544,192.311173378098,223.386645969201,260.637508426701,360.573113387833,3898.12849526521,0.999963808927708
"N_all[21,12]",743.833153695467,2.8091755972324,190.495635511404,447.0609713395,610.996172798623,717.071284778375,843.507106525883,1190.2695017001,4598.45864954186,1.00071951091092
"N_all[21,13]",111.365492162294,0.836084584540918,34.5741640630254,61.2542103314004,86.9479922728921,105.919350338653,129.40436523134,195.603841839725,1710.02690996107,1.00034252159676
"N_all[21,14]",238.705725907627,0.941889040509141,81.8976419522882,118.868936243915,182.565188478066,226.187480421522,279.74682077445,428.548072383028,7560.37448331615,0.999928873429019
"N_all[21,15]",1266.45883666373,3.02226560194193,283.596443896309,793.836183965077,1075.04662276076,1240.27073027421,1421.61731929712,1913.08508916818,8805.14080214685,0.999887652753818
"N_all[21,16]",244.650636718284,0.897826145530889,78.8189218035126,125.371032604991,189.889895927558,233.46984968583,285.444018113087,431.897563015458,7706.84248350116,0.999865249104597
"N_all[21,17]",3.09120700263632,0.00774046464388709,0.725814408179529,1.90570199338201,2.60550261489414,3.00871365372147,3.47139152719732,4.77116608189668,8792.59577799997,1.00005618280036
"N_all[22,1]",725.509274365395,2.59705630175288,175.110510633847,435.039357139344,603.675290294191,710.234783710039,827.108493805536,1115.73727016598,4546.33777823205,1.00053411501966
"N_all[22,2]",86.3098962226248,0.237638730800472,20.9936391561387,51.9489869832256,71.8575306027258,83.881825019985,98.0433971719152,134.577741278021,7804.42673440421,1.00053747234927
"N_all[22,3]",148.280833925235,0.496664670143698,43.8223957112338,80.5569840903588,117.809933411085,142.601462513405,172.483480890583,249.666295151309,7785.12690808498,0.99975699706642
"N_all[22,4]",2415.88909727236,4.84508346951548,409.594969453647,1686.57465833966,2141.30933938119,2390.94512068435,2656.95159624342,3311.48193539605,7146.71891784939,0.999702781669113
"N_all[22,5]",70.3493150962484,0.191615546693707,17.7395941247134,41.447934200382,58.2243696495686,68.4507190745471,80.2763023303689,109.925743387413,8570.88904735416,0.999876003875108
"N_all[22,6]",3358.19634963747,12.052848436234,697.192813197992,2135.39744467108,2863.23684343128,3325.72704802818,3788.69259013828,4827.72958300023,3346.00366705121,1.00065160033688
"N_all[22,7]",19737.9098791877,94.0088391802047,4800.95186486052,11326.0601622764,16396.9504658454,19334.2092559605,22722.0917295322,29919.779505184,2608.0584679002,1.00118200981329
"N_all[22,8]",9611.48712072726,16.321458096788,1476.7357145989,6946.76754523969,8615.65578845666,9547.2099246561,10480.3636584224,12803.7443400085,8186.29984823971,0.999793318505676
"N_all[22,9]",38.8559973456998,0.197331984242122,18.0020575695814,15.0316723034182,26.8092442994788,35.4649128996244,46.8416597876379,81.863661219542,8322.41420313094,1.00015929800291
"N_all[22,10]",133.552433273365,1.08372602456463,78.6779072520574,36.3859909112734,81.4978255749572,118.75854226612,165.233759330186,331.72249765928,5270.67932542608,1.00083960125226
"N_all[22,11]",472.839342580033,1.144671257008,105.425649744436,294.678216149396,401.757939059182,462.478477151484,532.263963931807,714.165244192579,8482.63962958831,0.999777158800405
"N_all[22,12]",1362.39672584472,6.05293557486567,363.064132383532,768.859186122405,1103.47006193366,1326.85270161539,1582.32443479046,2150.9738550019,3597.77989037189,0.999706233069936
"N_all[22,13]",311.272216444337,0.899948871843995,79.7451931814635,180.382472576789,256.590124303075,301.909306165218,355.656826033801,491.968717718364,7851.87460294911,1.00040517628821
"N_all[22,14]",296.759147473553,1.20221849113097,105.158722068061,146.736063200688,225.448631712962,278.805951109381,347.919902355365,549.516488604239,7651.09848931683,1.00018437759183
"N_all[22,15]",2150.2789290186,10.4414574376716,521.420696989339,1268.3575448334,1790.3423529325,2107.61143851616,2463.11095644383,3288.30916468394,2493.75788726068,1.0003889173132
"N_all[22,16]",420.550974445784,1.5217692323297,137.408415741671,212.954967287205,327.050793940085,400.947345576638,490.791008440411,744.863978426131,8153.21822466113,0.999997586691683
"N_all[22,17]",1.30634327892442,0.00553623349007784,0.333785099228798,0.802981170670651,1.07640911074927,1.25264062772051,1.47844013932621,2.08056815473636,3635.00568025761,1.00067539971225
"N_all[23,1]",585.518798345447,1.52604909024311,136.485585432821,359.465962882049,492.351567432487,572.172667535241,660.630425851358,905.078960320714,7999.01599523281,0.999756427264974
"N_all[23,2]",99.39975773448,0.267658343326552,23.8712925405752,60.2221780349044,83.1352178148542,97.0727963757335,112.630666058156,153.563159697601,7954.08630564599,0.999797055286403
"N_all[23,3]",122.041908774802,0.390903067744449,35.1713631328022,67.0790626090048,97.4617195824538,117.642488932427,140.925955295269,203.818288172738,8095.43599854113,0.999792537251052
"N_all[23,4]",2083.14733820018,3.7606417973296,339.971698938445,1502.68606056631,1856.2640802311,2053.68729479949,2270.45217895504,2859.64479465191,8172.62541312734,0.999942760929948
"N_all[23,5]",81.0938719286688,0.216199465590586,19.4363642934268,49.2039281963963,67.4020120173209,79.2833944150534,92.5962114830615,123.967569569945,8082.03689260774,0.999954046031308
"N_all[23,6]",2574.5178081127,6.04448437955137,501.863044496676,1754.88674807464,2239.15349115263,2520.26495798849,2850.22437837803,3729.05988472696,6893.69261426606,0.99966572242184
"N_all[23,7]",12860.3074864757,30.8492132067002,2848.79372994879,8163.19053332182,10959.929306483,12563.0096759892,14391.972700034,19217.5304011304,8527.7375398664,0.999815978793768
"N_all[23,8]",8228.85644556775,20.9904494518188,1317.06801141939,6051.75049022196,7319.33357521465,8082.74690894987,8991.55791252296,11223.1619242576,3937.06810942574,1.00001051067332
"N_all[23,9]",40.1587178562259,0.218580068671463,18.376512567789,16.1534327295306,27.9825410833172,36.5976188123335,48.2645580661679,83.3986289460714,7068.13890408229,1.00056909407759
"N_all[23,10]",233.613005345178,1.88440039179622,134.176805912185,62.060530512545,144.377350586923,207.710716052594,291.045359837896,560.407987674043,5070.00662446016,0.999927847275011
"N_all[23,11]",591.601241010481,1.64625307161771,128.486107333711,372.126650422149,502.326684325086,581.48222372939,665.973806999842,879.024497332652,6091.42844427783,1.0000621484417
"N_all[23,12]",771.000444799784,2.07380725559567,186.897428499635,468.791321331613,644.093491626828,747.225492766287,869.814842868087,1209.74932473687,8122.12881131878,1.00017261183964
"N_all[23,13]",477.398787312874,1.75331166956552,120.604560310524,275.631401573083,393.45089001048,465.936656647167,547.750894399454,751.112914539363,4731.61296004439,1.0010001346333
"N_all[23,14]",291.78743812417,1.50153552634879,101.632420371178,144.676595883019,221.560709305013,274.855082502259,341.767225633652,534.230003605,4581.34832232282,1.00004211035114
"N_all[23,15]",1330.96103545214,3.45482642610656,292.075950827885,855.565552938364,1136.47285216104,1293.81275505174,1487.6956591833,2016.64712417151,7147.25262115594,0.999791356468681
"N_all[23,16]",617.114291595617,2.10278031839435,191.531839110572,323.967309588612,487.217820873314,590.207958514682,714.700456098559,1077.81036605217,8296.4853520036,1.00001337821364
"N_all[23,17]",1.07649232982885,0.00306167883553714,0.247386608940854,0.675734951014087,0.911162929693679,1.04841722987463,1.20623255164443,1.64947061774483,6528.79618294575,1.00006808431675
"N_all[24,1]",487.27175441355,1.33025423462583,116.374346445882,298.517014665207,408.487643822964,472.980612853426,550.306305849173,758.075819847236,7653.23783481536,0.999923795571495
"N_all[24,2]",103.993815260334,0.31454439933876,25.2403268082185,63.6634364703823,86.2576811000988,100.526292867057,117.559789715456,163.74333782826,6439.11281594493,1.0006851339538
"N_all[24,3]",105.271466091039,0.448090607813578,32.1689781127541,56.6448156965156,82.6649658615299,100.503608435929,122.020016160303,181.373932748262,5153.98141831249,1.00028010821843
"N_all[24,4]",2262.14275494707,4.1328231063359,369.466521246593,1595.69593120549,2019.164405748,2244.12346995035,2474.76201793076,3060.29549991848,7992.01976030983,1.00028367455566
"N_all[24,5]",102.133303533311,0.40972478904848,26.364116231368,58.6182176089948,83.8987581200228,99.5863360805469,117.369766650892,161.274171537327,4140.39670867139,1.00121553194277
"N_all[24,6]",2834.51234926813,6.86495645513343,556.880392121154,1875.73106145458,2462.22866602855,2786.89629701787,3157.45968429591,4046.34102779491,6580.33917701368,1.00001558903663
"N_all[24,7]",8996.31835134269,35.791499776361,2131.32128751204,5687.56213434626,7550.30734681794,8684.72510579396,10108.2271943854,13926.0120814121,3545.99444726401,1.00020865664661
"N_all[24,8]",10118.1611275196,20.7599537085762,1562.79698215054,7454.76773134202,9076.76240120851,10000.7061299276,10984.8453842275,13506.8563785057,5666.98895597436,1.0004372327813
"N_all[24,9]",68.2047151504967,0.335664275286957,31.5655929584817,27.2940104147299,47.289407601537,61.7570330158484,81.5617112208617,147.166418593096,8843.36723790794,1.00023395235733
"N_all[24,10]",136.996992371792,0.881962942949177,82.1070454153269,40.1878574438124,85.2100011963343,120.626956049624,166.374995639607,339.214813934859,8666.82790820975,0.999968451521775
"N_all[24,11]",571.636864628266,1.3673891853511,123.588689947723,365.83697659519,488.680255580323,558.332865288796,640.631998037178,857.87046987206,8169.08050321408,0.999699849205326
"N_all[24,12]",634.173827325152,1.93720153753237,158.777246693475,384.658533717147,525.241624469762,612.800540831225,720.826729107332,1007.24891014811,6717.79772997245,1.00004265830356
"N_all[24,13]",504.639973481987,1.45556058525634,126.543709277526,299.733640379134,416.180817824443,489.741089488063,575.655577192657,800.954722241034,7558.23771845146,1.00015325809961
"N_all[24,14]",623.007553306395,3.85013987657012,233.583592752893,286.438061870475,458.347919160572,584.506192886133,743.436193430656,1179.34573879023,3680.71043505952,1.00012449096974
"N_all[24,15]",1058.56517861171,3.28078757255851,241.504335203484,673.122095902767,893.5312209716,1027.62796623279,1187.62983297396,1628.70771145028,5418.6816880041,1.00003658746036
"N_all[24,16]",902.233853943138,4.14925376408282,288.693511129913,449.819257666853,700.358069714195,862.994250674222,1061.03655502159,1583.70511290236,4840.98850832179,1.00006683499656
"N_all[24,17]",1.01539938257122,0.00254573214244031,0.234346190941719,0.629723445878744,0.857840009881746,0.986804778780352,1.14423991888748,1.56087927023322,8474.03758292217,0.999735463639409
"N_all[25,1]",477.055115120255,1.23029995548182,109.05237197851,299.99742901625,402.373619392308,466.050323558839,538.771290912245,718.428644490288,7856.84555202324,1.00018328659646
"N_all[25,2]",160.738905541629,0.568419912223088,39.3250515222404,96.4570184110042,133.027349785562,156.80026000017,183.7632423966,250.223336726911,4786.30129954414,1.0000845419315
"N_all[25,3]",184.002169981549,0.648602225774186,52.3926024152248,101.257000527121,147.391347978015,177.609543950116,213.425849607397,304.764150254147,6525.03841199167,0.999830346650018
"N_all[25,4]",2415.4345981362,4.2448319032231,392.667318719466,1749.45120586627,2148.02871649775,2376.73865412614,2646.18860486833,3279.44749589318,8557.13769520456,0.999994623068775
"N_all[25,5]",67.8532926644145,0.171633289379584,16.2972800983964,40.9678365744179,56.8063843236987,66.120069895694,76.9021643219639,105.754912937309,9016.27621100452,0.99991897103999
"N_all[25,6]",2385.51362433296,5.03016916009441,465.619750034958,1594.28599983085,2079.16918656502,2348.60501465892,2635.78967433596,3435.35108855733,8568.35804929512,0.999678201015851
"N_all[25,7]",9778.65173794217,28.5043079577817,2222.35529998429,6295.12026400859,8293.57052685829,9485.00683476956,10942.0387060847,14855.2748101239,6078.6338395503,0.99985830631399
"N_all[25,8]",13929.7273492009,23.8220662181054,2056.41628073587,10241.7178347454,12564.9782607501,13815.07842476,15139.1545156874,18358.3686149914,7451.83469018472,1.00032643713313
"N_all[25,9]",116.351972215887,0.623918181909737,51.6486349899118,44.9788632354538,80.3479264251272,107.673741584832,141.397179308348,240.39839838127,6852.71093685475,1.00013239865059
"N_all[25,10]",79.963627429279,0.970210778660829,82.0064064078324,12.2942921641739,34.4292582402092,57.9914575657483,97.1571855523527,280.874113124798,7144.36068624751,1.00011239632309
"N_all[25,11]",606.508868022409,1.48262787231218,131.86529817028,387.220386349487,518.150564666994,593.192120128232,679.245056234004,905.116959658595,7910.36861593959,0.999785692848197
"N_all[25,12]",569.09471812758,2.09548389786849,145.24717251862,345.656129963747,467.846195671087,548.720961166834,647.104609601339,909.174095790542,4804.48362791717,1.00015999852357
"N_all[25,13]",442.563997340383,1.17668546228814,107.74597452805,269.742739545001,366.183758448101,430.028840322392,503.490394298475,688.714230114363,8384.58035841322,1.00009741127703
"N_all[25,14]",407.564006067842,1.64095863965304,137.204877642954,208.62804528557,312.418175711181,384.639408446954,475.422915954971,741.250676256136,6991.07292073661,0.999617273717557
"N_all[25,15]",1315.41791647444,3.16872904099258,280.864463861365,851.702154494269,1123.96655010378,1285.48603333785,1470.86761357746,1948.98368982547,7856.39624918699,0.999923173860488
"N_all[25,16]",574.757283508024,3.18304263387609,191.661916896212,293.013805837383,441.352733892597,544.736488339314,670.828011611824,1041.14695748826,3625.65723084369,1.0001249480212
"N_all[25,17]",1.04690321855517,0.00273933321695749,0.239996587132995,0.655898237894038,0.886441697407659,1.0178620221508,1.17769266677417,1.59409416216217,7675.74262938673,0.999727549899858
"N_all[26,1]",440.215774542594,1.21628833814454,101.611295000555,276.524156128809,371.108534834634,428.22144771132,496.889257550255,676.513704546813,6979.28426188217,1.00032305512872
"N_all[26,2]",141.998654634382,0.372645785468914,33.4656291066779,89.1831537721705,118.901422854798,137.81591268981,160.052074090614,221.139665955514,8065.02205590746,0.999888076007546
"N_all[26,3]",199.157908769474,0.60074053482903,55.8671198555857,109.579849699284,160.323056831701,192.584701967385,231.021967845913,328.522011655606,8648.45821329249,0.999958381998322
"N_all[26,4]",2807.09506667502,5.17053966171049,452.45664880122,1987.71232820107,2509.69769824196,2778.87476812413,3067.96985000743,3780.85597823824,7657.41529412978,0.999760103461315
"N_all[26,5]",53.08390580813,0.170335339476127,13.1435352883804,32.3149305856758,43.974688672616,51.3316823226587,60.3160849542549,83.6341631164453,5954.0828049167,0.999713917803308
"N_all[26,6]",1938.33573333478,6.13947226253191,432.615893979987,1263.21132936954,1648.16423532221,1878.72681818738,2169.58835365042,2946.80367646368,4965.26987950015,1.00018198001061
"N_all[26,7]",13154.5484905611,32.7530043780008,2815.21011865352,8394.50722135164,11277.6467303267,12888.9101641089,14683.9810563265,19492.6710415285,7387.87167196455,0.999953632907178
"N_all[26,8]",17582.8611756804,29.1131633688366,2620.58081375711,12709.8396701507,15870.7181732768,17464.4617276275,19194.9531924458,23362.9297718624,8102.44924571269,0.999903309745782
"N_all[26,9]",130.921676672862,0.619122027128704,58.8244438360659,53.1098305553128,91.5325564631702,119.694091321339,158.16035082064,266.084355166245,9027.40960372598,0.999889533135569
"N_all[26,10]",34.708492433717,0.317460028384214,21.5850216414962,10.966565432172,20.9110239827629,29.2776136838789,42.0465424952852,90.6141587592578,4623.0317421622,1.00037792027679
"N_all[26,11]",586.782710460248,1.31577482410784,124.937134130937,375.259972188705,502.752151960147,575.540457242774,657.652974720822,865.247725444174,9016.12521540335,0.999757290180879
"N_all[26,12]",758.930439720819,1.99819189147394,182.382487967543,459.729379085198,634.707646480048,739.33022928834,859.068637123244,1177.10165791204,8330.89934047339,0.9997537874893
"N_all[26,13]",418.121714906952,1.15066778829379,101.867667704424,250.836590756529,349.883172846381,407.155572124881,474.405249093975,646.064962338388,7837.4144734544,0.999816520012977
"N_all[26,14]",447.097691328858,1.73054141397855,147.920591674968,225.357605221109,346.027524695443,426.149868241109,523.557086943456,801.535325130842,7306.22894079551,0.999834514491471
"N_all[26,15]",1397.02649768484,3.37652480539251,298.840995396365,894.384162667118,1192.33672503468,1368.71889735856,1565.44885000669,2072.47124495436,7833.22244154461,1.00000819411136
"N_all[26,16]",1064.73830967566,3.94595690540451,329.306753833673,549.908606848955,835.073245408107,1020.60111211076,1244.98211831168,1822.98105554469,6964.60675711293,0.999756500831829
"N_all[26,17]",1.05890190129194,0.00288384248054907,0.244344697129531,0.667603039998482,0.894639166929038,1.03073423989401,1.18870225906632,1.63515624036339,7178.98038284112,0.999908683223439
"N_all[27,1]",456.791834310658,1.23524435981023,116.348575457522,270.16195496674,376.201264773407,443.173199360007,519.550198464242,724.89746556195,8871.89475846215,1.00021888389672
"N_all[27,2]",153.509466948567,0.425682854471571,39.9707985462663,90.4489331951863,126.379892939581,148.154474262397,175.352339753772,247.142325968175,8816.847584707,0.99990740100212
"N_all[27,3]",195.583778891923,0.615479992704149,59.055102024087,102.888577251848,154.207659126135,187.175719524933,228.089277763163,332.300853002128,9206.33912089109,0.999843895244144
"N_all[27,4]",2765.94048297873,5.40464395083868,493.670204331772,1912.23776013453,2434.93630362954,2735.14613730534,3047.87621634792,3849.65176819663,8343.33448321153,0.999983399083278
"N_all[27,5]",63.1141154434353,0.173905323725373,16.6221925736405,36.4669626965003,51.8644936304445,60.9350473971162,72.2907505139288,101.173567639839,9135.89005724958,0.999863680220397
"N_all[27,6]",2110.67750734511,10.1640792556976,795.997590152565,979.084300139441,1566.39413350912,1980.70283909053,2492.58516221922,4027.62098089109,6133.20413987406,1.00013860020683
"N_all[27,7]",14737.799366531,40.6487061790238,3436.95165866888,8952.82448953388,12413.9301712551,14439.5645348117,16584.6317436629,22740.9582389778,7149.1332831378,0.999999673689968
"N_all[27,8]",19992.1188908739,42.0774797627154,3320.78807637274,13861.5427181918,17816.5420360033,19821.6032078459,21951.1588444325,27127.2430367002,6228.49159047293,0.999627084436363
"N_all[27,9]",167.045533218097,0.989967716050564,82.7323877232187,60.7238960421273,110.893273499426,149.589622354007,201.945554912554,374.537510508816,6984.07755213425,1.00010742706382
"N_all[27,10]",53.9081513576324,0.334745057750242,31.7464698235704,15.1782054595035,32.596070178375,47.30546541413,66.940751694666,129.236438833783,8994.19980131357,1.00003723900313
"N_all[27,11]",517.828108911508,1.41787066455765,123.260637191128,321.183524335938,435.798257039907,503.391688344169,583.08870748445,806.791924410949,7557.45522185507,0.999686820393309
"N_all[27,12]",781.07575027653,2.36328883434676,210.022450171993,453.060632422829,638.062806255159,753.429655001584,890.187959335509,1272.16623653351,7897.64912920383,0.999891176675357
"N_all[27,13]",430.717414285252,1.24933825322884,115.515576087419,245.113171820996,352.497940606801,415.806922300624,490.813253592714,699.893343357472,8549.11228396951,1.00036562574779
"N_all[27,14]",503.183219315907,1.96955623392393,181.804523719475,235.579766995227,376.602438349746,474.841803705726,594.984162462065,939.515390134248,8520.64752859553,1.00014210287473
"N_all[27,15]",1475.29344980554,3.95173151771025,352.139677131826,890.851075139411,1233.74657643509,1441.25348001834,1668.3528761187,2297.52904630051,7940.63185900892,0.999810311728869
"N_all[27,16]",1262.48916853482,4.70025265109359,423.422852289207,606.3413161216,967.967502246951,1210.46752186726,1489.95940908764,2264.41363850892,8115.32992580749,0.999803484851391
"N_all[27,17]",1.00592307461055,0.00321267747839754,0.274205149543012,0.594229082041495,0.824703318883093,0.966644074774042,1.14184559744141,1.64648271880838,7284.78863596695,0.999793261477995
"N_all[28,1]",501.278298424093,3.08973805597512,285.171742610677,161.479054425888,309.909606616345,437.270318602998,617.294820952473,1207.19255288115,8518.62802798967,0.999913147285644
"N_all[28,2]",171.661763015194,1.21697569727144,113.505696577696,48.9425138942265,101.206951379733,145.534611251943,209.431301942426,447.90670905781,8699.04355753986,0.999718388299798
"N_all[28,3]",237.522326648568,2.01342108896479,177.386658341334,57.4649718310035,129.080031184905,192.586247268167,290.878615032813,689.75619995793,7761.98284407227,1.00005564507313
"N_all[28,4]",3120.40144830412,13.9391430168521,1255.5786839203,1335.76720400379,2268.72188342521,2913.26041140735,3727.53298767094,6115.57447083446,8113.63973411607,0.999972936183024
"N_all[28,5]",72.4168467785078,0.504315389739279,44.2485011029972,21.8993411195095,44.1922097576549,62.4709678632691,88.5872434704098,182.016735042175,7698.26195065814,0.999708271787894
"N_all[28,6]",2310.91304996268,17.3155745170857,1479.05308558415,686.013378641969,1402.30227442497,1990.27706291299,2819.1942406642,5832.96236155539,7296.14929905752,1.00037999869694
"N_all[28,7]",16143.6057811662,107.379497558552,9174.36552801185,5195.15708624961,10215.057750105,14088.8106642009,19647.595528663,40023.4780949975,7299.77281025992,1.00015571868683
"N_all[28,8]",22389.5712319243,93.5778071046433,8191.28120300578,10318.4462243072,16809.2768990782,21142.3473664469,26296.0021942119,41677.8269825251,7662.27867566094,1.00026525695934
"N_all[28,9]",230.570526519823,3.88477325710645,350.360956598788,20.1926585034464,74.0786278207428,139.597706249332,268.488228660889,946.838753892306,8133.92298686206,0.999798186455878
"N_all[28,10]",102.048938087764,2.43992212026805,214.056212167083,4.80545151514238,22.4905805648961,50.7921517632099,108.175996564004,493.697111820143,7696.68554652254,0.999691888368115
"N_all[28,11]",577.031093329341,3.45174343736084,308.765928169274,194.828295670512,373.644546875754,512.682575396769,702.77498530447,1350.2803791358,8001.69006537936,0.999650682143958
"N_all[28,12]",839.407746865472,5.93231012752705,539.414652598337,243.376728392889,500.246182273166,714.835362580135,1024.66442797929,2157.4823079595,8267.94892406309,0.999943705005166
"N_all[28,13]",490.895149723633,3.34354827444969,294.829744847726,141.7713564282,296.924397925926,422.256964342713,601.457138117082,1217.23712890681,7775.4833773487,1.00070598280948
"N_all[28,14]",593.733576190169,5.94643032097511,523.412290386678,112.27000441441,284.15240900132,457.877165947483,730.333276053203,1899.32045247729,7747.74224254693,0.999937021654703
"N_all[28,15]",1727.14742617804,11.1966256681453,942.405309727646,556.666824669111,1110.45365124992,1528.87901885229,2103.6063589435,4031.49395077543,7084.36829842884,1.00008273231772
"N_all[28,16]",1530.94983361188,14.0611802581225,1257.75926639972,318.648872631639,777.98650418773,1217.96655025437,1890.58246954445,4580.91524749197,8001.13318753938,1.00017304079148
"N_all[28,17]",0.979228797984624,0.00895261923167599,0.764032859259659,0.298507744718556,0.582718204553669,0.81862726769445,1.16272022064319,2.64077026846645,7283.22700850534,1.00002358150264
"eps_all[1,1]",0.00664967637877747,0.0115733372164675,1.00734784973855,-1.96900850250046,-0.658736005125442,-0.00308396416109866,0.68880369300843,1.98938640993328,7576.03046628001,1.00047540743245
"eps_all[1,2]",-0.011363253473534,0.0114144377012663,0.9983121492449,-1.96184723509846,-0.670057423038201,-0.00898965471324501,0.653082303718951,1.94432600382681,7649.33477969755,1.00008945882395
"eps_all[1,3]",0.00949481325648118,0.011191546137619,0.988039854054005,-1.93035662751904,-0.650685319588785,0.00105605606075471,0.678697702243985,1.93618134683251,7794.14977013676,1.00102341551301
"eps_all[1,4]",0.000128928692183189,0.0112139624843359,1.00164682403327,-2.01289194416932,-0.670535335396877,0.00337173297203847,0.68100915091462,1.93644545208973,7978.3124244398,0.999842108588742
"eps_all[1,5]",0.0240733889060996,0.0109645275083272,0.984446408501823,-1.88576458229916,-0.644610037974561,0.029971638798093,0.697884763988091,1.97232114559965,8061.28572988004,0.999852394622559
"eps_all[1,6]",-0.00574101585277519,0.0116098620057267,1.00670535504797,-1.94618449421141,-0.700415112256214,-0.0128129177505895,0.680007202421504,1.98293221099792,7518.83651785423,1.00061264153339
"eps_all[1,7]",0.0119023395777818,0.0114419708302828,1.01511718184321,-1.946203062603,-0.671855213016515,0.012287387037273,0.688328545134207,2.02635932664003,7871.01400007078,1.0001056153218
"eps_all[1,8]",0.00232223412855489,0.0112747802807978,1.00004742328149,-1.95498782200584,-0.671007421591546,0.0083532597093093,0.693249756166009,1.91708526816187,7867.28740353779,0.999870082274006
"eps_all[1,9]",0.00727136858777857,0.0108960247174268,0.997131455227407,-1.94560829942041,-0.665562902281234,0.00694969159664758,0.672812073665882,1.94289155291857,8374.68872064442,1.00009307207715
"eps_all[1,10]",0.00122130430548355,0.0112979575558682,0.997301957378949,-1.94602673799489,-0.67362441225781,0.00260750136687097,0.682388534461672,1.94034283096835,7792.0811199679,1.0009882820955
"eps_all[1,11]",0.00334723949748823,0.0114157438845878,1.01565391288803,-1.98332212585606,-0.686800880010314,0.00561960101747311,0.68929886324722,1.9654173223359,7915.58576149221,1.00034991763951
"eps_all[1,12]",-0.00123505455521045,0.0111557097590881,0.982824328890909,-1.95864859099875,-0.648731529380392,-0.010975619304411,0.65756709939583,1.91305615568503,7761.70949233954,1.00043331561858
"eps_all[1,13]",0.00625086843767013,0.0110834516002048,0.993376635979173,-1.94951290672444,-0.661037474502074,0.00267622197906866,0.663527467726861,1.93865369713952,8033.00106019396,0.999846005647709
"eps_all[1,14]",-0.008121218315485,0.0112284909832807,1.00297106612027,-2.01568441679046,-0.681551548071398,-0.00689696037288325,0.6622874852749,1.9462465026191,7978.73461551163,1.00000503036974
"eps_all[1,15]",-0.00251454924804986,0.0112519577406079,1.00420908029893,-1.95681449041068,-0.67519401664431,-0.00185222499457731,0.69365619010132,1.95024265541184,7965.11596823354,0.9996573144412
"eps_all[1,16]",-0.0118907901513672,0.011532291670485,1.00714117910122,-1.99250487673421,-0.693357607610327,-0.012842835496326,0.684630073184349,1.9295870803644,7626.92491710305,1.00031142476107
"eps_all[1,17]",0.011092753577317,0.0110644026340686,0.993207430026121,-1.89918850487678,-0.671997265957218,0.0163959544846704,0.685057767373329,1.9424528475463,8057.93902632336,0.999886535475927
"eps_all[2,1]",0.00169456104477594,0.0112680169487627,1.00820105149143,-1.98964434906443,-0.681765246519053,0.00810129777778651,0.678671937872003,1.96694710879649,8005.69995111889,0.999852468481575
"eps_all[2,2]",0.00231571730368679,0.0110850335690732,1.00843518075798,-1.96006549591747,-0.682555528904184,0.0102767769838455,0.683536013237921,1.93600959306595,8276.02799902843,0.999609544275795
"eps_all[2,3]",0.000115917963431165,0.0112242292246799,1.00748781338902,-1.96638099882631,-0.680397086667561,-0.00872618230253471,0.679802916375132,2.02596571740975,8056.87356489832,1.00026303134144
"eps_all[2,4]",0.0192140174582165,0.011552687344463,1.01980736507305,-1.99152504490235,-0.663916907587735,0.0131563332417241,0.686791986934417,2.08798290683211,7792.38224732636,0.999860845064862
"eps_all[2,5]",0.00428459079684098,0.0112508574955405,0.996710090638413,-1.94882668464534,-0.67082326885968,-0.00100488824087051,0.668350439663296,2.00529631462848,7848.13495184956,0.999873897870879
"eps_all[2,6]",0.0129848424115765,0.0110761295550456,0.993782561971323,-1.89605935790314,-0.662436626976464,0.0205832343532377,0.681954621369055,1.95885935904327,8050.20036429434,0.99993435528154
"eps_all[2,7]",0.00537226077196332,0.0115004605541202,0.998816687377436,-1.93256355541197,-0.665888289068263,0.000246166518176054,0.670001534957622,1.98039517654894,7542.94799894725,0.999790234401889
"eps_all[2,8]",-0.00163013120773194,0.0115527873808168,0.995653089364803,-1.96249521673537,-0.680942458347829,0.00171623531710437,0.66936418953351,1.93096205877823,7427.49776980875,1.00011297292913
"eps_all[2,9]",0.0134703597509333,0.0109791409822711,0.98379561823178,-1.91267233923448,-0.664391576247159,0.0213257819534766,0.678669483478415,1.9385169201915,8029.21420183887,1.0000834935039
"eps_all[2,10]",-0.00927968181680475,0.0113016212830573,0.990949946274181,-1.97585128142133,-0.666719700624052,-0.00874661241443451,0.646840118372991,1.97327849432112,7688.15157234405,0.999707615480783
"eps_all[2,11]",-0.000267123469293638,0.0112609305563301,0.993690189559335,-1.91466618866119,-0.672399494966747,0.00939750869753252,0.677463892473034,1.94959415938557,7786.7000163828,0.999915449331895
"eps_all[2,12]",0.00695344347360446,0.0114753302930869,0.994728111197866,-1.93208869356421,-0.675767832640996,0.00991868389328692,0.664601781672988,1.9760664294026,7514.12461966397,1.00018116786043
"eps_all[2,13]",-0.00804210162943134,0.0114899056007614,1.01541992763154,-2.00172742987982,-0.680782103049946,-0.0135182739530229,0.682548071349228,1.98628085129136,7810.13324365583,0.999843028988782
"eps_all[2,14]",-0.0280767997777816,0.0110094070153882,0.992913008917108,-1.95292153872174,-0.699477310380787,-0.0314010884690921,0.641724923103528,1.90822838091348,8133.81978682285,0.999797014969158
"eps_all[2,15]",0.0126712890845374,0.0111540125528766,1.01221979846182,-1.9559216632837,-0.679615716116353,0.00088995178411421,0.697093595670392,1.9874709090299,8235.45118714483,1.00027991078967
"eps_all[2,16]",-0.00165802438043435,0.0114840986735264,1.00322235715418,-1.96992865980545,-0.677489094922381,0.00246978157414705,0.665188396815004,1.97658716923126,7631.33595975887,1.00022302061716
"eps_all[2,17]",0.0063891433660491,0.0112163142939001,1.0024374281951,-1.95562892341231,-0.663620786881617,0.00915259190484658,0.678352516231227,1.95174103710186,7987.56134903956,0.99969467105468
"eps_all[3,1]",0.0193307785006298,0.011219168134705,1.00249638542937,-1.93956911745421,-0.659751888926714,0.0140802003311934,0.6837124810005,1.98615277070207,7984.43735262874,0.999743286906349
"eps_all[3,2]",0.00550743422558761,0.0118312915311859,1.0019010485008,-1.94256186444675,-0.67025528418501,-0.00537306805097706,0.686683439475106,1.98241177510057,7171.09293060637,1.00011102649793
"eps_all[3,3]",0.00302228622295951,0.011456719264257,1.01309118429113,-2.00575243613309,-0.668431813741988,0.00901040012821964,0.677858680447178,2.00678773376793,7819.45581496445,0.999778797623358
"eps_all[3,4]",-0.0171138716372838,0.0113521489630748,0.986964391104626,-1.9394532119612,-0.679153138598061,-0.00937942781636576,0.643195911550307,1.89314980387113,7558.69471734019,0.999886902106162
"eps_all[3,5]",-0.000175339932005782,0.0112874865705259,0.999024014821312,-1.968667038409,-0.672544578178112,0.000751563327385091,0.683371519558511,1.95814611370371,7833.52732839958,1.00025648393163
"eps_all[3,6]",-0.0252964868574994,0.0111604915929733,1.00879964621865,-2.00580273400935,-0.703298212599676,-0.0219643150271129,0.663073064922715,1.9567368422085,8170.39763533744,1.00013313648355
"eps_all[3,7]",-0.0114909368449076,0.0111443874054267,0.998666572703642,-1.94175802186869,-0.684354692353294,-0.00570349392022116,0.649842939484598,1.94455732768871,8030.24185035758,1.0003178436414
"eps_all[3,8]",-0.0134638411831001,0.0111330155110227,0.989749475119734,-1.95496808473535,-0.686479223068958,-0.0253067708119264,0.649115192333355,1.95124921015953,7903.59962453667,1.00054583186495
"eps_all[3,9]",0.00705914575937969,0.0112697933930647,0.988737119723185,-1.90600323251273,-0.651663000983462,-0.00597258042623575,0.664015649688002,1.93733370424631,7697.14679839036,0.999635054433808
"eps_all[3,10]",-0.0110730323669021,0.0112932156458115,1.00979094528261,-1.96893256960148,-0.692651139158919,-0.0241224218777861,0.670444492568864,1.99442763562213,7995.16998861598,1.00055486686046
"eps_all[3,11]",-0.00456735865146802,0.0110988457831285,1.00434843508769,-1.95919484378224,-0.691185757966666,-0.00909942140448821,0.676629070482612,1.99556005659619,8188.66643443218,0.999880658284265
"eps_all[3,12]",-0.00815565318774997,0.0110071988154402,0.996684929062499,-1.98268686655652,-0.676049699509127,-0.01310967713884,0.661837272179717,1.9279777783719,8199.02405934634,0.99992150985711
"eps_all[3,13]",0.00930532847142686,0.0115564785164708,1.01649802294253,-1.95922227460525,-0.692773624627228,0.0066560956526659,0.702789859466148,1.9917245948996,7736.81200236008,1.00011301320398
"eps_all[3,14]",0.0130167674044237,0.0114172328991853,1.01026765735322,-1.94830949840225,-0.676581775581661,0.0096045383773467,0.692946807322307,1.99140286374123,7829.8091961228,0.999885239986992
"eps_all[3,15]",-0.0184841266871112,0.0109871523246506,0.99058335482965,-1.93767262951653,-0.678895472538287,-0.0042767297109429,0.643736441721983,1.89691013428934,8128.52528541597,1.000073229548
"eps_all[3,16]",-0.0122754496766777,0.0113247001660263,1.0086244469802,-1.98096612607731,-0.693431565190007,0.00177967085958249,0.672416272785898,1.9505868633802,7932.41735229213,0.999868916713611
"eps_all[3,17]",-0.0262548238636177,0.0119801696436645,1.01140782613867,-2.04120255883967,-0.696202770534671,-0.0179856525559924,0.650201525155485,1.94045094594177,7127.3269890052,1.00010724042054
"eps_all[4,1]",0.0166933386781685,0.0113180684730696,1.00751354407543,-1.97454623868041,-0.670519405783135,0.00311013463940187,0.684700987547934,1.9734601033896,7924.23145460315,0.999784425877925
"eps_all[4,2]",-0.00296840490955116,0.0109650383819597,1.00024452294662,-1.94782638039192,-0.675880404391683,0.00722983990593652,0.667226832576799,1.93527422585657,8321.31670856642,1.00037315652387
"eps_all[4,3]",-0.00452621737755117,0.0111604877627501,1.00640666550556,-2.01054512074377,-0.679443514819041,0.00127034459493284,0.690504916993415,1.924797783865,8131.68707576489,0.999741563201708
"eps_all[4,4]",0.0179992142311152,0.0115885053906487,1.00070768978541,-1.94780758381923,-0.66946366773897,0.0284680802610792,0.695362219701778,1.98018596773731,7456.92233528237,1.00011135833407
"eps_all[4,5]",0.0126084998700551,0.0111641029755194,0.992101355183606,-1.87517677518802,-0.668345688121506,0.00703776796524336,0.694716165807331,1.946764478672,7897.04146501918,0.999769748238153
"eps_all[4,6]",-0.00650429552502649,0.0110954667924573,0.99277383775926,-1.94400193470785,-0.667735693651374,-0.0103782150847402,0.672452779626083,1.93000947151974,8005.88766005792,0.999867135347596
"eps_all[4,7]",-0.012256559234041,0.0112135321495687,1.00111025631973,-1.9523584699178,-0.695024457675856,-0.0244185345186107,0.66859202416278,1.94954887409639,7970.37869413411,1.00007064267345
"eps_all[4,8]",0.0103162960795039,0.0110762727343094,1.00197624525564,-1.90975278180079,-0.677399784218762,0.00852468362575323,0.683866664201037,1.97859642583984,8183.2829708308,0.999734449517216
"eps_all[4,9]",0.0093155663271841,0.0112304018685154,0.996448939900523,-1.90284165030858,-0.671482216302748,-0.0165412279949704,0.680541218211354,1.97280725433201,7872.62389902291,1.00034538208942
"eps_all[4,10]",0.00587396573903108,0.0110694843555963,0.991020820822672,-1.95896181515238,-0.66155845732391,0.0100809187713694,0.68533863778509,1.89867582103996,8015.1337908195,0.999704196270047
"eps_all[4,11]",0.00535091135257716,0.011299002212025,0.993989011586133,-1.93974337905245,-0.663935144316726,0.00884572929126926,0.676217343611051,1.94609579547878,7738.96672576245,1.00014505959723
"eps_all[4,12]",0.00605828484790831,0.0115709171501988,0.99884927436541,-1.93437875016925,-0.664848085079621,-0.00491305667850141,0.672827787758008,1.98397069802223,7451.85419782544,0.999675824823573
"eps_all[4,13]",0.0146785693878887,0.0108932625155772,0.990425921391042,-1.91274986811043,-0.659371537569107,0.00929687513661243,0.670781766737086,1.99133226882115,8266.62156731614,1.00023440140335
"eps_all[4,14]",-0.00123830131816289,0.0113430828553209,1.00537242221921,-1.95961458280302,-0.682059542364509,-0.0155014263163427,0.677211611228754,1.97552844510592,7855.82368381575,1.00045142335545
"eps_all[4,15]",0.0174107348260402,0.0114437957234439,1.00408301932605,-1.98647643468932,-0.645790792100662,0.0107907290076803,0.698513728111143,1.97607611550113,7698.37480250522,0.999660299400641
"eps_all[4,16]",-0.00654622004242643,0.0114135504396681,1.0046887192272,-1.96902531486328,-0.690020067818349,0.0026464341644098,0.680628962765803,1.94942230753481,7748.56939895532,1.00001146503026
"eps_all[4,17]",0.00605281192855113,0.0111277296900688,0.992230395730894,-1.97000233419881,-0.663238794793216,0.0163077638210275,0.676766993865356,1.8805652559678,7950.81995599749,0.999569890766136
"eps_all[5,1]",-0.0313964303123191,0.0114832156254184,0.994602642050391,-1.96321093114461,-0.712236326211507,-0.0361905340000908,0.650912766891142,1.94810582466374,7501.91566206734,1.00010066046059
"eps_all[5,2]",0.0128096829963758,0.0116566595684864,1.00219030493404,-1.95130667661125,-0.669364304479994,0.0171483295132821,0.695040858875944,1.97231668308696,7391.83336498081,0.999768510791196
"eps_all[5,3]",-0.0309985756700613,0.0112313966891503,0.987015142874548,-1.94095175980641,-0.709023234650564,-0.0262365518004226,0.642922920615901,1.90871987317101,7722.89442866927,1.00002495114953
"eps_all[5,4]",0.00574385133342238,0.0111445945251992,0.999420129181394,-1.96046689641697,-0.667347871796103,0.0020124291034936,0.68388659192665,1.96801346766164,8042.06613505014,0.999885840764218
"eps_all[5,5]",0.00804153501851068,0.0109881772786887,0.988716773616132,-1.91601245090992,-0.645742013635233,0.00904374038212519,0.666256630194079,1.97125595461082,8096.40993307315,1.000118269579
"eps_all[5,6]",0.0177742550011964,0.0114271882769734,0.996593373490494,-1.934280488669,-0.664502858639021,0.0199458744091305,0.686929548861496,1.99880636911086,7606.01581950864,0.999918615263718
"eps_all[5,7]",-0.00165814279881332,0.0110394264207452,0.989967056622665,-1.9587562656327,-0.672169358933511,-0.0142939994563427,0.657028910109727,1.95923007337051,8041.71110198518,0.999719099912239
"eps_all[5,8]",-0.0368260411217731,0.0110340311742457,0.994614849575747,-1.96924387188301,-0.707254309560129,-0.0226942385446514,0.635522358567788,1.90864375586257,8125.3385373415,0.999590037752015
"eps_all[5,9]",-0.00408164598890612,0.0108861735497034,0.999996584182818,-1.96492903403013,-0.688977241788536,0.00694945492190167,0.672428755517014,1.96566204196461,8438.13609699783,1.00004828492544
"eps_all[5,10]",-0.00229178164474217,0.0109536113187955,0.992661892029054,-1.94635056945513,-0.670292354340283,-0.00100595380968355,0.655565478230947,1.97679377640966,8212.73948925776,0.999680454398834
"eps_all[5,11]",-0.000335587793367885,0.0111498683734068,0.995135598652116,-1.93898330999688,-0.676965423917832,-0.000170585612574234,0.663359744403585,1.93895236327943,7965.72013215749,0.999708739725289
"eps_all[5,12]",-0.00421705697153555,0.0112743404959308,1.00355114347872,-1.99028652034031,-0.683428111452811,0.00709897697450386,0.673429239900134,1.96437455472803,7923.12899507001,1.0000599802367
"eps_all[5,13]",0.00369397221197552,0.0113424786374384,0.992346799039951,-1.94946481856094,-0.664708744699033,0.0165308778607145,0.668156674365395,1.96251286351329,7654.3974038293,0.999792740098856
"eps_all[5,14]",-0.0230821025541262,0.0111788838831564,0.994275510595039,-1.99067117589969,-0.682435787073588,-0.0173456445492492,0.659306678829787,1.90858913521791,7910.73060646274,1.00004976462454
"eps_all[5,15]",0.000286691799997825,0.0112845216203413,1.00843229560558,-1.95530617490133,-0.678992384015431,0.00409793949538727,0.684615365959656,1.9659361480168,7985.96101171837,1.00001247083169
"eps_all[5,16]",0.00490866119009242,0.0113514842695717,0.99934879523682,-1.96160566540038,-0.675475198196968,0.00950719044415368,0.689610223668975,1.96230668550978,7750.48505501137,1.00077163251532
"eps_all[5,17]",-0.00629864056553862,0.0111132827856481,0.994992870439084,-1.95186525803385,-0.67146602078622,0.00105961849462665,0.667544597638928,1.94823600323802,8015.95382509596,0.99997337646399
"eps_all[6,1]",0.0146292453712759,0.0110160114006195,0.99830695786714,-1.96821156047347,-0.664680082173149,0.0150685570736594,0.709328492953198,1.96503512644753,8212.57677568493,1.00004901244857
"eps_all[6,2]",-0.00765164530065722,0.0114202498328035,1.01144821230758,-1.96671888769122,-0.697285826511202,-0.0239400935288915,0.671292335217931,1.95883851134932,7843.97304755249,1.00013821619241
"eps_all[6,3]",-0.00278951124398275,0.0113967307235285,0.995542976116242,-1.93851776012903,-0.679250840019324,-0.00667755007031067,0.684017069437656,1.93663222508314,7630.61340313902,1.00069898599293
"eps_all[6,4]",0.0214627003924302,0.0110612324011504,1.0080131619028,-1.88789482078572,-0.660123953067383,0.0111620821368127,0.710744442524831,1.97675245804358,8304.72720854576,1.00025159721426
"eps_all[6,5]",0.00115323008913544,0.0112700935301063,1.0019560495516,-1.9762644313831,-0.673688802449114,0.00735771330525566,0.671537290174982,2.01194275117446,7903.91576270529,1.00021838411468
"eps_all[6,6]",6.99974608244267e-05,0.0113849533239387,0.996628527671417,-1.97518461748406,-0.676265759661662,0.00321185385734955,0.66140457465916,1.94271316394021,7663.09341602327,0.999767441471556
"eps_all[6,7]",0.000595259004579489,0.0114980101898562,0.992047698751377,-1.93335249280203,-0.684215996420223,0.0107732400338537,0.679738473910283,1.94604208279514,7444.22908871349,0.999672785750453
"eps_all[6,8]",0.00109858590756793,0.0111864244660314,0.994863169143751,-1.91826024073558,-0.667978465360529,-0.00393927627086324,0.663328151784759,1.99428327217384,7909.4105214283,1.00057830756678
"eps_all[6,9]",0.00336893095595443,0.0112694013581852,1.00430599693968,-1.94887413768213,-0.671666228214492,0.00201676718852218,0.677040209585967,1.96507483096355,7942.00980570294,0.999724280500661
"eps_all[6,10]",0.00835473613202904,0.0109134851589106,1.00610869958078,-1.95478213710047,-0.653855522079507,-0.00463476381053366,0.674791095484541,2.01569201945499,8498.9032264138,1.00023823081445
"eps_all[6,11]",0.0167109100560006,0.0117866685159386,1.01470552261434,-1.9757753744292,-0.67160304254714,0.0267119687254764,0.715495850547162,2.00295189418855,7411.35998926355,0.999736242332946
"eps_all[6,12]",-0.000222868566747023,0.011012412398089,1.00057200951194,-1.93673030506704,-0.689255480294171,0.00192676131287575,0.678461361582058,1.96667185880269,8255.27919413412,0.9999638774989
"eps_all[6,13]",-0.00950536664476689,0.0110442435242353,0.988164719786744,-1.96568108190768,-0.669174224850568,-0.00295153047122843,0.65024878803267,1.9180401608619,8005.46826421545,1.00015768994309
"eps_all[6,14]",-0.00966152062623367,0.0110312097265368,1.00690418665115,-1.93400204128688,-0.694213659723144,-0.0164227143729472,0.652881840965601,2.02204502360288,8331.63067410522,0.999833819410528
"eps_all[6,15]",-0.0129368064752841,0.0113229448108037,1.01678922858479,-2.02547033371257,-0.686703618754123,0.000790686782654693,0.67270547214222,1.97401956652996,8063.86210641106,0.999949208024304
"eps_all[6,16]",0.00687081472157647,0.0109008377583208,0.991663093516434,-1.91786017298192,-0.672684049666202,0.00445134408943588,0.660555034968631,1.95589981927529,8275.77260930707,1.00029547563763
"eps_all[6,17]",-0.00406511548687184,0.0113769679096082,1.00398127897388,-1.96199364653014,-0.670768325328496,-0.0172982121641655,0.664106049094423,1.96234218888713,7787.5018561263,1.00002458694985
"eps_all[7,1]",0,NA,0,0,0,0,0,0,NA,NA
"eps_all[7,2]",0,NA,0,0,0,0,0,0,NA,NA
"eps_all[7,3]",0,NA,0,0,0,0,0,0,NA,NA
"eps_all[7,4]",0,NA,0,0,0,0,0,0,NA,NA
"eps_all[7,5]",0,NA,0,0,0,0,0,0,NA,NA
"eps_all[7,6]",0,NA,0,0,0,0,0,0,NA,NA
"eps_all[7,7]",0,NA,0,0,0,0,0,0,NA,NA
"eps_all[7,8]",0,NA,0,0,0,0,0,0,NA,NA
"eps_all[7,9]",0,NA,0,0,0,0,0,0,NA,NA
"eps_all[7,10]",0,NA,0,0,0,0,0,0,NA,NA
"eps_all[7,11]",0,NA,0,0,0,0,0,0,NA,NA
"eps_all[7,12]",0,NA,0,0,0,0,0,0,NA,NA
"eps_all[7,13]",0,NA,0,0,0,0,0,0,NA,NA
"eps_all[7,14]",0,NA,0,0,0,0,0,0,NA,NA
"eps_all[7,15]",0,NA,0,0,0,0,0,0,NA,NA
"eps_all[7,16]",0,NA,0,0,0,0,0,0,NA,NA
"eps_all[7,17]",0,NA,0,0,0,0,0,0,NA,NA
"eps_all[8,1]",-0.0757993415915431,0.00877485616900543,0.909557139069426,-1.83662515401974,-0.691216302440735,-0.093242569782916,0.53967474999753,1.7074353014272,10744.3453900711,0.999572570996994
"eps_all[8,2]",-0.14666732168354,0.00924343775267393,0.904772993083758,-1.90405747149032,-0.753203417808873,-0.158776252935404,0.453344426698397,1.62877442899332,9581.03034160601,0.999843670611335
"eps_all[8,3]",-0.0472425451757872,0.00934411958719088,0.919744473070151,-1.86356044533028,-0.662538743890882,-0.0509746572215698,0.564849494969208,1.78318928320267,9688.52351286454,1.00017031620082
"eps_all[8,4]",-0.172634210182752,0.00946884209015311,0.945234073687122,-2.03090907376916,-0.797751952052907,-0.183199192143924,0.458324420854933,1.70507988655124,9965.17636545453,0.99974349932015
"eps_all[8,5]",-0.0908180619087721,0.0105132451494875,0.906435729189124,-1.84651633352629,-0.688410126543699,-0.107887419296055,0.514218379466699,1.70050473318218,7433.62157851156,1.00019668625561
"eps_all[8,6]",-0.0675345910304099,0.00901894948146414,0.937201554994453,-1.90013688061951,-0.707153554041725,-0.0710969195925766,0.582412658287662,1.74934009554516,10798.2677637564,1.00002144386504
"eps_all[8,7]",-0.126201210022543,0.00883590126601979,0.968421311548801,-2.00301926558974,-0.783151567074107,-0.135728295934723,0.513947387198978,1.8236997073237,12012.3220653083,0.999740897748941
"eps_all[8,8]",-0.231799614192829,0.00997967683423526,0.944521887947669,-2.09225003644258,-0.870490620273327,-0.225140400122607,0.400121636798859,1.62589278411023,8957.58828079644,1.00009517673093
"eps_all[8,9]",-0.70628749839712,0.00878875015321424,0.794755033122514,-2.22491752359826,-1.23800342835483,-0.71924775352965,-0.184859683384714,0.873764159247769,8177.34530055805,0.999698797573998
"eps_all[8,10]",-0.352937923126231,0.00833770061917384,0.952050643806761,-2.18042523103166,-1.00290844526132,-0.337297524232644,0.294431029534454,1.48495737654126,13038.4963058243,0.999846568783927
"eps_all[8,11]",-0.0197762701419178,0.00869649607687381,0.955685476695315,-1.89038044009435,-0.674344030286983,-0.0288886088190516,0.639648673973504,1.86976143168102,12076.507673219,1.00041020066028
"eps_all[8,12]",0.15485787578888,0.0082468996162361,0.96916971081744,-1.74550773264104,-0.507079473661658,0.163844575922555,0.799056310690243,2.0732176822667,13810.781333745,0.999895458096736
"eps_all[8,13]",-0.0184164708472174,0.00838283245512501,0.959776218613768,-1.91884312544567,-0.669022085384174,-0.018490176911756,0.629568850001061,1.86092205676473,13108.6629559458,0.999612246573043
"eps_all[8,14]",0.141677230739443,0.00887702404033091,0.957987741940521,-1.72302529514927,-0.504372493174882,0.149380491905982,0.779429913985569,2.03127484878296,11646.223278772,0.999858103490185
"eps_all[8,15]",-0.0725101379685967,0.00909469607965968,0.981727332009593,-1.99137969890458,-0.731263836136765,-0.0679780057810065,0.591686306485025,1.86055642037791,11652.1316582963,0.999698381076085
"eps_all[8,16]",-0.0126104117903262,0.00874248366320917,0.96575164457626,-1.88803555260342,-0.664158240150082,-0.0137288240692571,0.631426124878931,1.89107433414782,12202.8494669048,0.999995558333064
"eps_all[8,17]",0.130250190975372,0.00844051831985269,0.988553229002715,-1.83849229732272,-0.546574863921264,0.136588335394468,0.798919373273022,2.06389032123727,13717.0867233278,0.999777118312254
"eps_all[9,1]",-0.00610282544745701,0.00898465042071785,0.912793168158618,-1.80250088118218,-0.634704886592414,-0.00568142121990153,0.62093078063123,1.774855124357,10321.4899444805,0.999938830160582
"eps_all[9,2]",-0.0551560118143592,0.00903744877836365,0.902022069321886,-1.82001073183033,-0.666411398202093,-0.0539632590796358,0.538277541084263,1.72153515765647,9961.91034744243,0.999910290081646
"eps_all[9,3]",-0.0682915228414175,0.0093614696787239,0.902100048600174,-1.81687184125477,-0.686561542224372,-0.0599373638879963,0.535846108009365,1.69681024203618,9285.84312597811,1.00049564686375
"eps_all[9,4]",-0.160195808527964,0.00916031073785936,0.942863139549572,-2.01443616521768,-0.800516262823796,-0.150554027343727,0.473005926707531,1.67115750050075,10594.4131011107,0.999893815275621
"eps_all[9,5]",-0.0861326152323267,0.0100056529718256,0.902598906015874,-1.85987816166662,-0.687771220471139,-0.0815387067285466,0.525573191868975,1.66398816083775,8137.64487549573,0.999884232976693
"eps_all[9,6]",-0.0358280752921055,0.00855407369510531,0.93303628345965,-1.83691518619836,-0.67865409157346,-0.0338749781704308,0.607875825348779,1.81950410887468,11897.373353457,0.999927404404633
"eps_all[9,7]",-0.0629631697986442,0.00865129213885171,0.954588179545426,-1.91026628295664,-0.707655129341386,-0.0554699881645233,0.573607109295125,1.83689508852672,12175.0330647201,0.999743846202866
"eps_all[9,8]",-0.183876087198997,0.00890618443390461,0.939635837377307,-2.03917513670524,-0.822251948452864,-0.181749233059247,0.459095786233341,1.61145725970733,11131.0408235939,0.999810239890889
"eps_all[9,9]",-0.367170027738844,0.00831473341693272,0.767743279817133,-1.86314387369067,-0.873363872437022,-0.367357103492044,0.132742567281179,1.19493190931426,8525.80485748878,0.999734439242968
"eps_all[9,10]",-0.334568056204562,0.00801774496258923,0.945523689320732,-2.18427222490966,-0.978903202071944,-0.321217532543815,0.322643272759787,1.48720536699093,13907.2209074062,0.999629923394199
"eps_all[9,11]",-0.0285125545519873,0.00874509499486137,0.940527570903068,-1.90045525125602,-0.656317749873763,-0.0239395945141488,0.62038431383527,1.76673215856014,11566.8205889865,0.999904909532302
"eps_all[9,12]",0.174860553325469,0.00812598207808781,0.948516543597898,-1.69022618166344,-0.449024027157388,0.18211537570186,0.795841859779703,2.06329481755832,13625.0498471494,0.999876311937982
"eps_all[9,13]",-0.0478223588788264,0.00842778565394816,0.939525999516171,-1.87981074118415,-0.675755587011474,-0.0556508274052678,0.570049243876447,1.80642997692347,12427.6966110494,1.00009430899117
"eps_all[9,14]",0.133650404918495,0.00834655678398582,0.96013531158981,-1.76159130465238,-0.51281739251454,0.137897287042858,0.769151696853982,2.02600046506654,13232.7522037139,0.999737979273896
"eps_all[9,15]",-0.0850704272216853,0.00807609552450449,0.958766538359298,-1.92005346941812,-0.74656106685457,-0.0857119917195462,0.565831772733397,1.76510964913283,14093.6292461899,0.999734144877825
"eps_all[9,16]",-0.0325725474484121,0.00775055587820208,0.969678068532899,-1.89908113299592,-0.710353645324159,-0.0319115307039817,0.627176454458057,1.84927423231113,15652.7065353975,0.999895197993365
"eps_all[9,17]",0.123677860447386,0.008309811539151,0.975241060217204,-1.74336225884679,-0.559428069938973,0.128537967308385,0.802055467966756,1.98093057803564,13773.41417193,0.999686741791428
"eps_all[10,1]",0.178089965477831,0.00899362546666854,0.906063755822211,-1.61075890599213,-0.442922592141276,0.16937434695564,0.781240767455171,1.97234800579061,10149.576491797,0.999941569713388
"eps_all[10,2]",0.124571067066008,0.00918969258225499,0.909546257716504,-1.65894721733718,-0.496836027209688,0.134768238504518,0.758163043332847,1.88209231941381,9795.97382030366,0.999897840411048
"eps_all[10,3]",-0.133882845581459,0.00952044501558534,0.915350102520871,-1.96196867149561,-0.741630438792192,-0.122541046621462,0.476850212975515,1.64486428612521,9244.00072207416,0.999833822733196
"eps_all[10,4]",-0.147408437917853,0.00891178394928939,0.948166146729184,-1.97760139864801,-0.781901661631388,-0.147141064917338,0.479024957030563,1.71366885461113,11319.8218487344,0.999871758945461
"eps_all[10,5]",0.541224205124503,0.00723225646087177,0.740320812119536,-0.881498754004403,0.0531377978810231,0.54794756056599,1.03267709207004,2.00827324570676,10478.335044447,1.00088556923709
"eps_all[10,6]",0.0410350333585522,0.00830691495705575,0.941390254582706,-1.79662889282247,-0.594670798916806,0.0457691115627266,0.68962754199885,1.83050097001919,12842.8043809968,0.999801578029524
"eps_all[10,7]",0.0543338994144526,0.00903742158783754,0.938382210106181,-1.77177028307003,-0.599669944638771,0.0451467528383828,0.681660987225878,1.91587700667323,10781.2830279631,0.99964529823222
"eps_all[10,8]",0.00382732775883157,0.00949858748749107,0.963354652790396,-1.86251344132733,-0.659092036287121,-0.00113780786914168,0.661350841481494,1.85430640806912,10286.1853127206,0.999971731406585
"eps_all[10,9]",0.404717789677415,0.00847236900332509,0.800080644204135,-1.18667365195618,-0.120696611901998,0.424017866022623,0.94881439427092,1.94313798447449,8917.8015279274,1.00001779033365
"eps_all[10,10]",-0.345262532608852,0.00853345730476358,0.957277152848722,-2.22816716625229,-0.989078630132374,-0.328399071721283,0.297885135021592,1.53252652218682,12584.1923465226,0.9998008580813
"eps_all[10,11]",-0.0135314626695294,0.00864154013470986,0.954166108345195,-1.89135144292001,-0.652533546688508,-0.0167833224518181,0.621607675381324,1.90384743428871,12191.7393824054,0.999749202952562
"eps_all[10,12]",0.172497923200901,0.0089202111412256,0.965455312596542,-1.73370486325253,-0.469618645819694,0.176151283182803,0.804730139042075,2.05115152710363,11714.2391182407,0.999641220590954
"eps_all[10,13]",-0.0350674680407578,0.00829767607330941,0.950863337840499,-1.93143369178358,-0.661349513793022,-0.0420856125732094,0.598023130927861,1.83985145379429,13131.76953123,0.999611482951752
"eps_all[10,14]",0.132066989787758,0.00823094834767329,0.953747466565438,-1.77717419884594,-0.502497917686432,0.137086073629638,0.771784398274418,1.9952956980265,13426.6306455096,0.999796903543492
"eps_all[10,15]",-0.0914554447734564,0.00807807803305639,0.961804982639467,-1.98203385984974,-0.726853210646704,-0.0891208205814235,0.542793924376428,1.77870100486497,14176.1388092797,0.999743426319405
"eps_all[10,16]",-0.0199809316694004,0.00886692883124237,0.961983234178665,-1.94218129376363,-0.661901098995177,-0.0232165604665547,0.631127949867529,1.86615193713305,11770.3278739752,0.999768976782011
"eps_all[10,17]",0.128644126229669,0.00857126703750414,0.95790322990679,-1.73853408467743,-0.521693464791555,0.128936360666068,0.793406737556443,1.9744818081728,12489.7349980061,1.00004469976384
"eps_all[11,1]",0.157588688544065,0.0095550847179759,0.917816744159905,-1.6527256322055,-0.459232568534992,0.152615866978156,0.758063131413597,1.96744516927079,9226.62498178349,1.00012035471361
"eps_all[11,2]",0.0633409059071864,0.00980043184680539,0.902575945902935,-1.71358746918743,-0.541106249510187,0.0545705629656746,0.663008351129408,1.84118767770458,8481.58628405227,1.00024982432493
"eps_all[11,3]",0.793578809598155,0.00907107986133695,0.736576081282678,-0.714494890639695,0.305529883131012,0.816999171935886,1.30146757868014,2.17508201871037,6593.51871175005,1.0006227907343
"eps_all[11,4]",-0.199173665376262,0.0091980386356904,0.946450189963509,-2.020867479439,-0.836860993606223,-0.202132002918113,0.45158738651775,1.67423986330279,10587.7838489638,0.999791773060131
"eps_all[11,5]",0.346981319740931,0.00713283727642222,0.730021217130901,-1.09315459134683,-0.136426370926515,0.336680559047636,0.826819518983833,1.81936372901069,10474.8142931915,1.00002151968219
"eps_all[11,6]",-0.0466140272005092,0.00940689381636316,0.924613144593894,-1.87330147335885,-0.655993546198934,-0.0468159773198507,0.560730246643445,1.79174089350422,9661.1237004967,0.999804633897697
"eps_all[11,7]",-0.0911427123240646,0.00900388221171205,0.93199530987768,-1.91243585741658,-0.72432436162741,-0.0882394789101924,0.534188364551742,1.71070848874605,10714.3997028018,0.999710736264989
"eps_all[11,8]",-0.200882105600262,0.00908830032586282,0.939107964299389,-1.99332804188445,-0.826785032306942,-0.203442267899397,0.427933943979335,1.66457065076299,10677.4047858059,1.0000961144949
"eps_all[11,9]",-0.487954980990516,0.00897047577990483,0.801742199357658,-2.02754321237006,-1.03423823280747,-0.490452212965501,0.0349165543577841,1.12071145047889,7988.00872028726,0.999566937217984
"eps_all[11,10]",-0.366225722473375,0.0081122900169428,0.961067723495064,-2.24324315241817,-1.00733839887892,-0.368141791347357,0.273440971874157,1.49385334438937,14035.2789114319,0.999808027593924
"eps_all[11,11]",-0.0191385765133352,0.00931635256971202,0.937680063398252,-1.85600803924157,-0.652118746105575,-0.0185763219091244,0.610259867717452,1.80943411272692,10130.188652512,0.999846849691745
"eps_all[11,12]",0.173263942512931,0.00858604503832625,0.960293229877513,-1.71593785768867,-0.476968370503979,0.184000568827592,0.83164328174977,2.00580942680143,12508.9659295669,0.999724503744308
"eps_all[11,13]",-0.0330549770909308,0.00875790511543562,0.968274770914042,-1.91875196207164,-0.705478939754259,-0.0353307654865731,0.628765161814784,1.83676790612514,12223.5333276069,0.999760470183603
"eps_all[11,14]",0.13956166419821,0.00854758420472592,0.946097165901642,-1.71838188110291,-0.500566010967349,0.139055392003762,0.774119958033367,1.95791726570858,12251.3714468991,0.999824757287388
"eps_all[11,15]",-0.0867234991188027,0.00890954512129288,0.9761818596741,-2.00074810028148,-0.745985453668197,-0.0818744772678308,0.577577253812392,1.80841926192665,12004.6748798606,0.999751878531743
"eps_all[11,16]",-0.0180322918576454,0.00767584298386592,0.974919584443186,-1.91985423108014,-0.687471733537359,-0.0185739860310956,0.625998418169189,1.88828198698135,16131.8964210313,1.00013741647071
"eps_all[11,17]",0.126891728391385,0.00851668212670569,0.989756638949171,-1.82704371575846,-0.542561531283702,0.12668754670681,0.790805345724461,2.08295573570983,13505.664929771,0.99969082484378
"eps_all[12,1]",-0.278364438819658,0.0106092637553514,0.940250795919844,-2.07614787477123,-0.915943034449674,-0.289627731466981,0.346493694906899,1.5905937759151,7854.47074578988,0.999800301152495
"eps_all[12,2]",-1.0765238997203,0.00677957115389334,0.675233682808449,-2.37182701617996,-1.52888483612384,-1.079633744738,-0.631370070980429,0.293274279275949,9919.81904617628,0.999776332304205
"eps_all[12,3]",-0.794505636645311,0.00787633551099604,0.724394430840795,-2.16235128649937,-1.27947801213346,-0.81854777150396,-0.322548137550086,0.66464462351364,8458.66431691792,0.999759908795605
"eps_all[12,4]",-0.0352175086229633,0.00940347565883018,0.924108780461279,-1.80921847977778,-0.667051950707685,-0.0320130782620368,0.588843482609962,1.78581142275288,9657.60378661469,0.999825862988642
"eps_all[12,5]",-0.28839017635859,0.00911058414064854,0.748007409767242,-1.71664194769695,-0.790150329334122,-0.302289307213002,0.195734352125404,1.23513390826457,6740.92279672354,0.999972038373901
"eps_all[12,6]",0.0174724149955558,0.0085565215156062,0.938630876814911,-1.80919768058638,-0.617243227014829,0.0213846362818028,0.650561991902623,1.84654982231453,12033.5891429997,0.999686618614788
"eps_all[12,7]",0.0236535609755701,0.00967858789143138,0.942465356608035,-1.81874903090308,-0.6051601597728,0.0228879763298474,0.658838610337079,1.87494716940529,9482.14940598421,0.999595504178836
"eps_all[12,8]",-0.0307037196289315,0.00889742036556204,0.939533887078743,-1.84247455401049,-0.664765423045194,-0.0258039607321911,0.603563255597838,1.82171673666687,11150.559986464,0.999653824898545
"eps_all[12,9]",0.289895637437672,0.00832802712049264,0.781881025608721,-1.26318910019081,-0.225987691876181,0.297613066790994,0.820880462582893,1.79989551409811,8814.48790813233,1.00003861538748
"eps_all[12,10]",-0.351685144222657,0.00885089148421246,0.943762717516399,-2.22030407259457,-0.989243077905007,-0.351967320730565,0.297505098700164,1.46269092619014,11369.7679631394,0.999741266163064
"eps_all[12,11]",-0.0246161829398697,0.00859594511737902,0.970725634433558,-1.9221005918391,-0.678970880439338,-0.022206017584341,0.626391869834204,1.88004256808733,12752.8052876499,0.999754976705271
"eps_all[12,12]",0.160119747500991,0.00835747029083597,0.953429691937259,-1.72183222314717,-0.469165918815985,0.167175512277424,0.794268639256813,2.00703749138125,13014.505238123,0.999855329858718
"eps_all[12,13]",-0.0272619630145366,0.00836410155621196,0.986194552089465,-1.92239898897221,-0.683896314467884,-0.0404198882593839,0.637148688738792,1.89692319997551,13902.2983191431,0.999941168808676
"eps_all[12,14]",0.132227743783919,0.00884691215637973,0.958938364418251,-1.77575295850913,-0.514297098995701,0.131777193019277,0.762740081280713,2.02589359302959,11748.9202974339,0.999890818710021
"eps_all[12,15]",-0.0821330376560241,0.00879937809001714,0.967116985445345,-1.9898708454543,-0.724123398210248,-0.0777904898969218,0.560105740437282,1.81346501153996,12079.6420194233,0.999732010053024
"eps_all[12,16]",-0.00759279543249716,0.00869215604378245,0.960723452690102,-1.87752658969207,-0.644621289033066,0.00092768775612374,0.645289046498878,1.86758522932532,12216.3581526049,0.999752975528162
"eps_all[12,17]",0.111712609831973,0.00812143232471289,0.969030060596263,-1.82455652826756,-0.550026097445072,0.123919040553682,0.775259962819622,1.99359139908356,14236.6969289006,0.999978382262996
"eps_all[13,1]",0.303684810807864,0.00765535062392365,0.646616633064727,-0.997127623608967,-0.121131987202446,0.314756815472527,0.727421901838689,1.58386587714435,7134.50046152582,1.00011262075925
"eps_all[13,2]",-1.28510423262118,0.00732159537703109,0.666303107412521,-2.61355344469887,-1.71034618995256,-1.28263383718208,-0.847522755092848,0.033144302610923,8281.94284248357,1.00032778873189
"eps_all[13,3]",-0.173757644809128,0.00834870594659046,0.722656455297142,-1.62832237374129,-0.641149380716772,-0.171498007799427,0.301569602666654,1.23959186408472,7492.47742776684,0.999775632640541
"eps_all[13,4]",-0.349037320788946,0.00823741979490052,0.713536703089779,-1.73617628172825,-0.830679228979688,-0.36460099536244,0.13225087057876,1.08586879046905,7503.2641632678,0.999826489583909
"eps_all[13,5]",0.871543027796293,0.00922769715799088,0.752924926726073,-0.646653104405885,0.382251328697185,0.884669002560728,1.39726008104304,2.28774903823044,6657.58445810364,0.999721345415322
"eps_all[13,6]",0.10225918684504,0.00803269239068358,0.742044268962415,-1.35908996535108,-0.386908981110409,0.108067056721823,0.590930712007575,1.55028226858291,8533.69974391237,0.999779559661635
"eps_all[13,7]",0.0956636709781745,0.00993477805574676,0.919654713202093,-1.74248988077451,-0.513402354804815,0.116698101426113,0.714933332960932,1.85798264148412,8569.06156682868,0.999881188868104
"eps_all[13,8]",-0.0685744378172327,0.00956457995667163,0.773952977328229,-1.60102742129117,-0.573630385314995,-0.0603804890857896,0.443069708767965,1.45294943296368,6547.82926160157,0.999966414642831
"eps_all[13,9]",-0.316309400964262,0.00872440681502737,0.788781556297059,-1.88249825577673,-0.847300036238504,-0.31076648198727,0.207967452483749,1.24356328212562,8174.13258361147,1.00005655172561
"eps_all[13,10]",-0.382656941430478,0.00978854572657705,0.950483686080121,-2.27075940612826,-1.02575989839624,-0.378923544335467,0.249388149025173,1.45844876392056,9428.72537215305,1.00011434760793
"eps_all[13,11]",-0.379075485998046,0.0097608279306908,0.846137317356271,-1.99822505898877,-0.956685285858049,-0.387812475692426,0.190418739886288,1.28414477957759,7514.64354509574,1.00079926068361
"eps_all[13,12]",0.579770429547105,0.00917403734583115,0.864171454762645,-1.12905043885895,0.0026050292790368,0.579899073244646,1.15137201648722,2.27364820824448,8873.1704823276,0.999685457453182
"eps_all[13,13]",-0.282261836378106,0.00923323104364893,0.863096811371152,-1.94650131686917,-0.858017472902458,-0.291241050321312,0.298073785306408,1.43500293191406,8737.99150515605,1.00000354870832
"eps_all[13,14]",-0.463111051891703,0.00891304142418553,0.887822771945511,-2.20700042157075,-1.05623716494074,-0.483625690277894,0.145259914947389,1.29054657924054,9922.03398783478,0.999783374894898
"eps_all[13,15]",0.317628045850332,0.00833796913203817,0.898642509420386,-1.46408609702371,-0.280243518048218,0.327275551087593,0.918233970538625,2.03209354937801,11615.9130172138,0.999669678383901
"eps_all[13,16]",-0.486934017737873,0.00931151883951892,0.908140179013367,-2.25467589403731,-1.10448865188203,-0.488584560552921,0.140631691126207,1.30769141985704,9511.84421437452,1.00017558334138
"eps_all[13,17]",0.109257576479388,0.00871783525457558,0.978741384458787,-1.81309446944791,-0.539276062256542,0.120683183087527,0.753650905143527,2.03998156721573,12604.295863511,0.999929126197892
"eps_all[14,1]",-0.241141470012824,0.00831540825101671,0.64513896756974,-1.47768788171422,-0.672067523689957,-0.265393298216293,0.180617593329048,1.077217208935,6019.20864423463,1.00001311926417
"eps_all[14,2]",-0.725939504988093,0.00680346371998441,0.63829842980359,-1.99605716823742,-1.14450686814338,-0.734588807982855,-0.316630712769538,0.562262472052639,8802.12244590406,0.999944538097827
"eps_all[14,3]",-0.426988332394166,0.00876032559803486,0.720292786448902,-1.79996491454757,-0.918985470407001,-0.445803313480904,0.0399794448237898,1.03600112334934,6760.48159543677,0.999761524618311
"eps_all[14,4]",0.0147705283234391,0.00824422662342961,0.685964798351723,-1.29072421164277,-0.447254071809675,-0.00643046226918678,0.462252449121093,1.40269423809604,6923.15119394507,0.999729690366766
"eps_all[14,5]",-0.572747302035765,0.00882227121908043,0.725493391306706,-1.96846710114602,-1.06913461751909,-0.59092893833056,-0.083724529651225,0.860486153950582,6762.48183388061,1.00033876890708
"eps_all[14,6]",-0.169124050242758,0.0082824173050252,0.738551590379906,-1.61918848196261,-0.666813678392432,-0.174396589982036,0.313463772104292,1.30074385992649,7951.47061889516,0.999915268659671
"eps_all[14,7]",-0.396405000055912,0.0115929144417852,0.951472551159425,-2.18485234373072,-1.03556763468278,-0.417452985277398,0.225257955327566,1.49627171866136,6736.08046729146,0.999743668525747
"eps_all[14,8]",-0.963718348449801,0.0111860775368375,0.794601169135034,-2.47558193309264,-1.50505530716756,-0.974665131733451,-0.429764544969496,0.629986400075357,5045.94774548439,0.999745585001251
"eps_all[14,9]",-0.684740819263111,0.00847533618566261,0.774158714812676,-2.14423778919551,-1.20695826186709,-0.707064479272415,-0.179770381544896,0.884771806803872,8343.45918816512,0.999854077935686
"eps_all[14,10]",-0.178074619854932,0.0107315884864431,0.942641379535613,-1.98663852213031,-0.827955135720896,-0.186561812220727,0.464114986052446,1.69330457194932,7715.51604573726,0.999874384315164
"eps_all[14,11]",0.516744926983155,0.00898450084984696,0.811425643387278,-1.08702371949962,-0.0259830188044602,0.524167341551618,1.07134902395728,2.0712575222604,8156.6072095593,0.999715019744761
"eps_all[14,12]",-0.33973222320056,0.00864296766485903,0.840411348265351,-1.97898902084528,-0.907373481626176,-0.357778319213168,0.227320841726746,1.33315560257341,9454.9239475676,1.00005017822945
"eps_all[14,13]",0.278352674717904,0.00864489220327395,0.847355793096429,-1.40509619722684,-0.291536040812141,0.276736793316435,0.855911786050486,1.94066843996079,9607.54531134355,0.999945613948668
"eps_all[14,14]",-0.312175606904298,0.00843703315762843,0.863045381367127,-2.02268972191871,-0.885607877897249,-0.311785324636732,0.260334688295876,1.37839783475585,10463.7596079346,1.00005579062251
"eps_all[14,15]",-0.0650080327460456,0.00869550085925574,0.877767976541911,-1.81733547211446,-0.648918611834417,-0.0638335014436926,0.525091669954077,1.63749312988866,10189.9079378696,0.999611663869847
"eps_all[14,16]",-0.420709145322371,0.00810026537528155,0.914053659954031,-2.20413793872081,-1.03484190098312,-0.420955546948767,0.187999204600237,1.37977067116256,12733.4148821057,0.999725151126569
"eps_all[14,17]",0.119008123414683,0.00927072054603351,0.965183393568109,-1.76086641787034,-0.522595984396,0.124181051846121,0.761141369363608,2.00726271212798,10839.086997629,1.00047093344731
"eps_all[15,1]",2.02558653888264,0.012710222880529,0.750246752155018,0.481875156253298,1.54718753129292,2.05773125562663,2.53198890958086,3.43022418589204,3484.1906874656,1.00111386062461
"eps_all[15,2]",1.38440647571747,0.011982325888402,0.755309374903573,-0.141651447271568,0.894415096982314,1.39801493583237,1.88840901485057,2.87219308793725,3973.44765548345,1.00146935073199
"eps_all[15,3]",1.47497514080206,0.0115715884998772,0.845470721889892,-0.188447147501381,0.916185118788338,1.48448551016121,2.0529276135865,3.07075228220863,5338.40087853766,1.0001463130424
"eps_all[15,4]",1.29324439938876,0.0109148514384901,0.814864149295716,-0.344072002267998,0.744346496209966,1.3004681709634,1.85595846400223,2.84000348853507,5573.5867389147,0.999977956312896
"eps_all[15,5]",-0.276010789192555,0.0107430568704128,0.821724483044436,-1.89865435832826,-0.821643768850621,-0.267507545803209,0.284025439301128,1.31007241246879,5850.55011998827,1.00044813116793
"eps_all[15,6]",0.62990104005866,0.0130038973171414,0.964382083118764,-1.28799089058269,-0.00937798985798325,0.631830052867547,1.28365415253008,2.49501613175593,5499.85453900073,0.999974830588802
"eps_all[15,7]",0.453775962222427,0.0112187916829628,0.97910501627596,-1.44875714313956,-0.204588641652452,0.448074595314569,1.11209752123911,2.3308477466019,7616.69181266377,1.00015360950266
"eps_all[15,8]",0.734412650452761,0.011172202279153,0.881285989088104,-1.03707373640747,0.145649628304702,0.739654855269415,1.32729638839167,2.43652081717903,6222.37456849287,1.00007256178438
"eps_all[15,9]",0.440986991380608,0.0102418676476441,0.858034234665267,-1.27657031448118,-0.128413565923766,0.446892463792645,1.01758049720278,2.12104113414557,7018.60681257089,1.00010466266702
"eps_all[15,10]",-0.0858203571282857,0.0105211502538031,0.990045771546907,-2.02169519703119,-0.753782598607682,-0.0824509632470156,0.599808311370871,1.82997710199477,8854.90896734254,0.999804877999166
"eps_all[15,11]",0.873797844072947,0.00946908916138589,0.882561778182954,-0.891908217981432,0.27736516220048,0.901564170853498,1.48122321746892,2.55663184405762,8687.07995102806,0.99989782025341
"eps_all[15,12]",0.0699107001116635,0.00935297758992765,0.872206663231644,-1.65289983334834,-0.514460046296862,0.0823545949575517,0.655278124643517,1.79136473985505,8696.39009614918,1.00002171459626
"eps_all[15,13]",-0.0961654281017485,0.00970936083992139,0.9134918121727,-1.88715353168838,-0.716467995908653,-0.0862004208612163,0.511648469561351,1.68782776721205,8851.72748382824,0.999960982122712
"eps_all[15,14]",0.27430171686688,0.00969823647756877,0.927440283706632,-1.56091410528471,-0.35386607136355,0.289354187096096,0.909508197266725,2.06047028406388,9145.05606465941,0.999698337233411
"eps_all[15,15]",0.787424401105906,0.00911115254385567,0.926570932921457,-1.0387728934571,0.177061191807903,0.800687047391524,1.39716921260459,2.61895498545112,10342.1470434075,0.999842797437852
"eps_all[15,16]",0.165700398408647,0.00867968332970638,0.925768540800999,-1.63913158574174,-0.457613049494853,0.177971755526316,0.773980828620242,1.94470260844571,11376.1962647225,0.999713142844354
"eps_all[15,17]",0.110661742487833,0.00920186455307281,0.978277102565705,-1.82996427268814,-0.55769337949239,0.110004086023112,0.775807393383652,2.01942119171949,11302.4372473929,1.00010435269686
"eps_all[16,1]",-0.667095116387764,0.00942143393457017,0.645264320730194,-1.86835537105163,-1.11317277738488,-0.692334281371733,-0.244730682189931,0.663119324611525,4690.73922434328,1.00015900976857
"eps_all[16,2]",0.637503410841298,0.00792310784649983,0.649877736739057,-0.686062493882272,0.213263389373137,0.649079688912745,1.07191873634742,1.90546536882678,6727.78623235744,0.999971216273857
"eps_all[16,3]",0.109006609776337,0.00750628560815685,0.682093266202374,-1.23501253961959,-0.350115662650075,0.0959149631386848,0.559401429361824,1.45793903579527,8257.28651645057,1.00047398969883
"eps_all[16,4]",0.186201646212914,0.00881591028538795,0.681012641978845,-1.07469857111234,-0.276170200377103,0.154804996626745,0.630364000161969,1.59760472594312,5967.27460816967,1.00049534534238
"eps_all[16,5]",-1.14949336269375,0.0083796836666148,0.716726276980897,-2.5609653092346,-1.62986647519037,-1.15995531520242,-0.684348737708396,0.287200440474449,7315.6244977102,1.00032021574353
"eps_all[16,6]",0.0926886292800981,0.00945140061578553,0.848164987764587,-1.53497428280769,-0.485268509331889,0.0745682854622383,0.665497677909632,1.77119348731863,8053.19727158636,0.999809063090221
"eps_all[16,7]",-0.0460819439956348,0.00788868630340256,0.724323602451534,-1.49023165839898,-0.52770722982802,-0.0472788943559634,0.43877155584922,1.37856813087497,8430.5498598916,0.999813710546377
"eps_all[16,8]",-0.316709566615729,0.00872494898661467,0.758468653897624,-1.77443646149727,-0.829013467988762,-0.321352199020398,0.185832089858665,1.18598120953303,7557.00102355531,1.00010593856139
"eps_all[16,9]",-0.51135568842957,0.00868224293541637,0.766065822643199,-2.01672107101879,-1.02441321727128,-0.519620769068466,0.0120424740821751,0.999559859597006,7785.17370503957,0.999720979950819
"eps_all[16,10]",-0.470347870273227,0.0078086319144058,0.74982530546212,-1.93830463049179,-0.975829003342955,-0.48115797629393,0.0213328646082312,1.02668879711878,9220.83569398104,1.00000067317304
"eps_all[16,11]",-0.860519718064945,0.0109616054029883,0.836213059727458,-2.46704136775789,-1.41767193394428,-0.888456774832794,-0.300569399726493,0.796305355164244,5819.4985380126,0.999880298553781
"eps_all[16,12]",-0.142819254946473,0.00852703393215815,0.837670893401705,-1.78229594377133,-0.707859688518029,-0.160151674535939,0.425132417774201,1.51258532007426,9650.52339950032,0.999662052091444
"eps_all[16,13]",-0.453889573598422,0.00859278779607202,0.842752670246494,-2.11971512007121,-1.02050207033482,-0.458399841453994,0.112059545561451,1.18252037859309,9619.04820043778,0.99973433559853
"eps_all[16,14]",-0.00227500368266964,0.0081792408103378,0.860167028700996,-1.70011786151168,-0.578725205290536,0.0013476113549345,0.566134369828848,1.66802743714468,11059.6044226311,0.999720316385948
"eps_all[16,15]",-0.0721521035075207,0.00855734751364768,0.875549639428438,-1.80827111749964,-0.652777529172872,-0.0757498655032691,0.519888962795996,1.64616985975903,10468.4699072756,1.00012696978976
"eps_all[16,16]",0.0189310261336734,0.00864599053859959,0.895471883853996,-1.71416309303829,-0.585610753184324,0.0146270270134898,0.627154492626814,1.77917151261983,10726.904071569,0.999827271087943
"eps_all[16,17]",0.185210454120681,0.00878830293341691,0.925815635730005,-1.65531199065497,-0.415210725042488,0.190547687329622,0.794324903249653,1.96535490553994,11097.8534343541,0.999683170389219
"eps_all[17,1]",0.328259550166214,0.00727340229315646,0.607886313486515,-0.886772228317245,-0.0683709415998195,0.338204618014138,0.735915226167697,1.47893456400573,6985.04989210873,1.00005373163217
"eps_all[17,2]",0.42813481585031,0.00692520092639722,0.621686200962188,-0.831042176386215,0.0279832061084205,0.440929916818384,0.842221360092374,1.62280629724856,8058.93584930132,1.00024650249312
"eps_all[17,3]",-0.420005639387303,0.00842851092900397,0.683387982864384,-1.71624921267999,-0.881419774486153,-0.428753022104414,0.0156451149461667,1.01436232007236,6574.04945202373,0.99995136645317
"eps_all[17,4]",1.3204815122372,0.00872310557365216,0.692197155136412,-0.0566099187398954,0.858763121892456,1.32503680538773,1.78364040538938,2.66718744463436,6296.76322185567,0.999895186964297
"eps_all[17,5]",-0.48259621280175,0.00754835732176256,0.686593237323091,-1.86516811586431,-0.939774542911858,-0.475355269192491,-0.0136284592862839,0.838283488986716,8273.5927908396,0.999781119570096
"eps_all[17,6]",0.36586898781771,0.00925150111208673,0.813408694833191,-1.20580164551473,-0.180100461707395,0.357915706237545,0.905336948142635,1.99124660384263,7730.24413846671,0.999814651971016
"eps_all[17,7]",-0.255823393202677,0.00760588792820479,0.71580083751792,-1.67153474380416,-0.73135152260042,-0.244192925778323,0.223164830231021,1.1478806755567,8856.95749942877,0.999819552221151
"eps_all[17,8]",0.192528661144832,0.00764147781166422,0.73196255054987,-1.28091963561918,-0.299046596818903,0.206164484036281,0.685103733848687,1.5783075052392,9175.35783970317,0.999916450671529
"eps_all[17,9]",0.0199969683542584,0.00777970977439894,0.735192891442987,-1.42220724105291,-0.473896155296429,0.0307716058012113,0.509219050091581,1.43156494287522,8930.50066111882,0.999972231265898
"eps_all[17,10]",-0.11079462305471,0.00724140699182728,0.732794313850714,-1.55055739305477,-0.595183222533155,-0.107029065404827,0.370970840950733,1.33089419204287,10240.4317509569,1.00009987832906
"eps_all[17,11]",-0.269771724540185,0.0081265538453144,0.799342076790942,-1.80299450359961,-0.812207849340748,-0.288328250677015,0.267187807380729,1.32149743815251,9675.03432534304,0.999740353890052
"eps_all[17,12]",0.227819148209497,0.00854207961996648,0.79209972755001,-1.33543684218019,-0.30248533654553,0.231766052410309,0.758499086756918,1.77055965951138,8598.69406904435,1.00049393109969
"eps_all[17,13]",-0.380922601447431,0.00871687446687398,0.829034751163868,-1.98921579833623,-0.945311319610543,-0.383312499834045,0.177063901748309,1.2577623686026,9045.31900014114,0.999723309353435
"eps_all[17,14]",-0.132043212097003,0.00838213198626446,0.853401252556498,-1.76433024218067,-0.717068165284189,-0.131727249044072,0.429363073225563,1.56621929380824,10365.6743744584,0.999850312699646
"eps_all[17,15]",0.0232184432354835,0.00874036314061424,0.87896120645821,-1.66902136308138,-0.57699154804315,0.016783035225728,0.618484516772915,1.75399808195518,10113.0105774822,1.00044669938627
"eps_all[17,16]",-0.365439912143874,0.00858842152538378,0.896592029595313,-2.12078561962346,-0.963288486053746,-0.370837195747846,0.22888114651683,1.41726910370553,10898.4075414403,0.999797554270526
"eps_all[17,17]",-0.261500731596989,0.00889419216750223,0.904476626765489,-2.01855031938718,-0.875919648415471,-0.272418398202854,0.344166260022169,1.52757958770484,10341.4557912386,0.999647946858284
"eps_all[18,1]",-1.38703842609474,0.00804813661339433,0.65710781315199,-2.63498312059022,-1.83359430186316,-1.39994469617367,-0.96220076576471,-0.0581084378925355,6666.26513495982,1.00008333299629
"eps_all[18,2]",-0.96775488829587,0.00779307888993256,0.646296007997092,-2.18155440302637,-1.40810589322987,-0.984633162570244,-0.543251191211843,0.359814604464548,6877.72491386653,1.00035310532389
"eps_all[18,3]",-0.269039258710876,0.00783839827461724,0.675563877509986,-1.59917434227416,-0.728140404323497,-0.274659143418985,0.188312368083761,1.08071045873188,7428.10760592902,0.999745778568796
"eps_all[18,4]",-0.0307262958934758,0.00764230480329031,0.683832560336557,-1.37174551219735,-0.482311633619399,-0.0338014254385274,0.420801218244514,1.33388840516519,8006.64994613973,0.999738149523854
"eps_all[18,5]",0.193997630229828,0.00789751784538041,0.70719057144391,-1.2064275935783,-0.275358243937173,0.200064703653672,0.663785698531095,1.56619856832443,8018.47338199681,0.999865707267601
"eps_all[18,6]",-0.117282794920115,0.00828760751858339,0.734513265200421,-1.55023824705006,-0.616359444807866,-0.122500974391612,0.383728204599185,1.33023783184526,7854.90497504228,1.00009445784887
"eps_all[18,7]",-0.796038784880211,0.00807546515972624,0.734061495246349,-2.19938946526318,-1.29724632253997,-0.800097666113966,-0.320547219064767,0.67710455046819,8262.84854679179,1.00056498646188
"eps_all[18,8]",-0.495231050841812,0.00839035606105314,0.748440559848079,-1.96432058293841,-0.986965484750621,-0.498339851389467,0.00631665490931514,0.977506078402595,7957.08224931513,0.999773692763589
"eps_all[18,9]",0.0711135096043342,0.0100411060632174,0.761458295375425,-1.46932104221291,-0.420670543902322,0.0823073121588256,0.567029960607637,1.53760500382659,5750.81153947433,0.999909573489297
"eps_all[18,10]",0.267236851167974,0.00792956323863324,0.746445265293337,-1.20332450487918,-0.234330466984443,0.272904637135631,0.762505528846311,1.75349304522225,8861.29921365394,0.9998460336896
"eps_all[18,11]",0.119265295283913,0.00881689613456293,0.802808022317642,-1.49076927368494,-0.41409522423925,0.130786528058976,0.660682353075398,1.66590483883731,8290.71446012392,1.00035805329878
"eps_all[18,12]",0.0270318752505621,0.00945581166869102,0.851245016341026,-1.65262786978891,-0.530400010954616,0.0488145393158378,0.605781807111681,1.6753114913525,8104.22587932522,1.00019443548226
"eps_all[18,13]",-0.0742988859967936,0.0089742032185657,0.850367178242644,-1.72058696317255,-0.661235615854899,-0.060919179813788,0.506236684351461,1.57387829741406,8978.85956586259,0.999705712025771
"eps_all[18,14]",-0.214824795642755,0.00953090766800826,0.892168300917093,-1.96648233584888,-0.814518529044137,-0.222552060088045,0.373262944219971,1.55257509279904,8762.43990532935,0.99968616983876
"eps_all[18,15]",-0.260535695362812,0.00908382242676727,0.909027141413636,-2.05491604271159,-0.86469940497008,-0.266671318741985,0.335686452158771,1.52037879490643,10014.2038808546,0.999909445689935
"eps_all[18,16]",-0.0194368250367733,0.00976204337792239,0.927673461880279,-1.81988844265688,-0.648660854324495,-0.0198867406885605,0.59565579809186,1.81109127535826,9030.43767088959,1.00006276822987
"eps_all[18,17]",-0.696754340755576,0.0100773898886857,0.960217647477618,-2.49711061456,-1.37757499865942,-0.712611967132025,-0.0564355905248911,1.21945627370218,9079.10928828943,0.999807461679633
"eps_all[19,1]",0.064170597098596,0.0113666435021019,0.66209348188189,-1.31211644012898,-0.354188392829515,0.0917111492274631,0.522194281037806,1.26202354371069,3392.92411434356,1.00028656120544
"eps_all[19,2]",-0.62233115554376,0.00736671694380792,0.628205274584043,-1.87059952881979,-1.02885209951143,-0.612492599543913,-0.208043455484243,0.614100691968685,7272.02211712662,1.00014067700242
"eps_all[19,3]",0.719848250047294,0.0107327690748477,0.72367372669384,-0.724544036909908,0.240852181408611,0.743652663893505,1.21297036384833,2.06980261693303,4546.34135406923,1.00063732983588
"eps_all[19,4]",-0.801044277796942,0.00864007680243442,0.696115103253453,-2.15658102248439,-1.26296370344853,-0.810906468603035,-0.340833513364313,0.61880993035422,6491.22864865594,1.00008051877238
"eps_all[19,5]",0.534728962255411,0.00867736296138341,0.710595331928699,-0.904432478719739,0.0761960712352754,0.54817925593891,1.01171008588994,1.90329099071091,6706.08683835132,1.00049751027774
"eps_all[19,6]",-0.2782436002871,0.00783302554391918,0.722752769094248,-1.66777549808444,-0.76266146231352,-0.280873393440449,0.193509436185641,1.18185503701986,8513.74117120537,0.999864874334991
"eps_all[19,7]",-0.525163097720751,0.00789473148649571,0.7132979406067,-1.91417353253255,-1.00967447438023,-0.527364875830554,-0.0501978463517773,0.909636719044994,8163.3273733435,0.999912629536738
"eps_all[19,8]",-0.240125641755548,0.00800793273823512,0.741209576329262,-1.73204286205645,-0.731565662247784,-0.226808087041219,0.252598586678267,1.20919022491655,8567.2454604619,1.00000499381009
"eps_all[19,9]",-1.03929456665445,0.00806855561293608,0.763636555627061,-2.53923523889139,-1.54490690992966,-1.04175946098104,-0.54284905318371,0.440101186550808,8957.39707685953,0.999798033174867
"eps_all[19,10]",0.327813960523514,0.00780577411988221,0.749149229964985,-1.13157511889294,-0.16183131786177,0.319509190452077,0.809360453842325,1.85623291654903,9210.95616508266,0.999852784513293
"eps_all[19,11]",-0.206897424019528,0.00864938500828424,0.789041177491787,-1.72832078420586,-0.749450982815103,-0.218193993560589,0.327575731592146,1.37047255916882,8322.02235416165,0.999797683467603
"eps_all[19,12]",-0.614007915779673,0.00828218080353902,0.838011752729294,-2.24605706726334,-1.17352403787939,-0.619574494835391,-0.054488746209859,1.05774187752447,10237.898149268,0.999793418557683
"eps_all[19,13]",-0.277031031930871,0.00822862549527777,0.841899638983334,-1.93610170334703,-0.851573364835409,-0.27927415879724,0.287764318467402,1.38666429731804,10468.05636981,0.999764214540788
"eps_all[19,14]",-0.232561067201235,0.00865536808912129,0.872041463289931,-1.93365304687038,-0.807443521289027,-0.224745489912722,0.345989265164796,1.47496040585106,10150.868133977,0.999639872033841
"eps_all[19,15]",-0.0201467401947368,0.00828456666029614,0.877721192703267,-1.75914171374881,-0.598952515786468,-0.0167522183548012,0.570191279051584,1.67524426245586,11224.6698404424,0.999730125194817
"eps_all[19,16]",-0.095611094158852,0.00813620666491761,0.882418721016012,-1.78926322445173,-0.691356697170829,-0.106930736067034,0.484638134844533,1.64415361370338,11762.6583730365,0.99986134869075
"eps_all[19,17]",-0.249494171214001,0.00860202834357452,0.925787492083582,-2.06305827838644,-0.87388753193873,-0.249948286495402,0.375111172469856,1.56740198518568,11582.9952810467,0.999791053443336
"eps_all[20,1]",-1.56069160792528,0.0091175231155846,0.669098879503331,-2.82296311593339,-2.00660304163408,-1.58998275839807,-1.1330012919807,-0.182282959711354,5385.51027838002,1.0000644542498
"eps_all[20,2]",-1.11981968892293,0.00927831509137537,0.680864858396235,-2.46398465943313,-1.5781363704314,-1.11920111622537,-0.673176736703733,0.266931626195449,5384.97392542665,1.00007734060696
"eps_all[20,3]",-0.133931699317716,0.0103088561826052,0.748127369930408,-1.61842910691969,-0.629390294504469,-0.130127427034462,0.360682995520304,1.34762374447872,5266.5974589876,0.999931044574704
"eps_all[20,4]",-0.617345808601437,0.00997952762080548,0.75137403051349,-2.06890795960475,-1.12811049744871,-0.614726917596555,-0.123968943620892,0.892182970960797,5668.8164100796,0.999852033425268
"eps_all[20,5]",-0.286120015623794,0.0108958224573582,0.793942561361912,-1.83455610180945,-0.807848457456287,-0.289147863352122,0.236686313882118,1.27090616552493,5309.5551009534,1.00181798488552
"eps_all[20,6]",-0.765286274478003,0.0105951353737158,0.806685593076104,-2.30664888552885,-1.31475576292378,-0.783806295629634,-0.238995735228392,0.883588937049749,5796.89696802541,1.00069746267162
"eps_all[20,7]",-0.153217422662504,0.00971795567739052,0.76561352131527,-1.67411866888134,-0.665921531495156,-0.151533764006168,0.36431418445689,1.34570597445272,6206.82301302749,1.00011768430855
"eps_all[20,8]",-0.0402280497878979,0.0107850639425331,0.822844783464623,-1.65591511710327,-0.594884980285993,-0.041575087099377,0.517250080638276,1.57959611080172,5820.90339697484,1.00046418582172
"eps_all[20,9]",-1.4125501230016,0.0112873445563051,0.839287373406431,-3.02722675021162,-1.98888156874445,-1.42708369106011,-0.853976305033461,0.289234587817198,5528.88827414313,1.00005414793436
"eps_all[20,10]",0.646711422941246,0.00916070293585137,0.80356330907694,-0.906290239119346,0.106234023922012,0.648769069127524,1.19468233390469,2.21393830123479,7694.53885410735,0.999931292583351
"eps_all[20,11]",-0.594452330142525,0.0104634975725552,0.864940483685125,-2.25901829635044,-1.17380345816054,-0.609008287641062,-0.00948272006142414,1.14664037987784,6833.11443292394,1.00042836815161
"eps_all[20,12]",-0.653775080279983,0.010300442811701,0.889171807437182,-2.35743626238581,-1.26643262086924,-0.666346357809281,-0.0492671386752055,1.11589961768576,7451.77233670546,1.00009976367662
"eps_all[20,13]",-0.0750027815475505,0.00977949687258312,0.900857566387791,-1.81065144553592,-0.688722313304873,-0.0685782786499472,0.534169585967369,1.68142132896847,8485.53515148599,0.99991657261274
"eps_all[20,14]",-0.800122871478099,0.0101003914318286,0.905256144102746,-2.52992793686649,-1.41026310473173,-0.81692353448509,-0.206498783385555,0.999460012832979,8032.79257458221,1.00043555860893
"eps_all[20,15]",0.448326743495424,0.00906938883256167,0.91780424784525,-1.34467497764964,-0.168879557054252,0.458634974839847,1.05750894308681,2.25265707737101,10241.0404878,0.999742451257157
"eps_all[20,16]",-0.254119927810369,0.00855345207284889,0.900484533811069,-1.99815371164694,-0.85011988370928,-0.246022814313369,0.33374889348809,1.51383171477373,11083.3146684495,0.999918912888802
"eps_all[20,17]",0.178372194332675,0.00881896530633067,0.914206697915064,-1.62032644139661,-0.429679822389368,0.18022567394625,0.787765435050296,1.99535494418659,10746.165614936,1.00002085425508
"eps_all[21,1]",0.541667913453374,0.0079979615517226,0.653767944650344,-0.750505861174684,0.109035180036328,0.550370519267832,0.970747650210211,1.84033072313216,6681.72536426398,0.99988298730132
"eps_all[21,2]",0.548884164769434,0.00879176809558039,0.675691823951067,-0.780591836671629,0.101687431050177,0.539374230711761,0.985294687788141,1.8797435060966,5906.69953881118,0.999994977116266
"eps_all[21,3]",-0.560553288565332,0.0106055076712749,0.764499246174611,-2.06985149857129,-1.07002412450131,-0.564238386400351,-0.0726807730201129,1.01588843535021,5196.26388690665,1.00089301331388
"eps_all[21,4]",-0.161554629355875,0.0102356316805414,0.746437700525048,-1.66932652886894,-0.639794400139044,-0.169280372899741,0.344810384514837,1.27487310173636,5318.11633010425,0.999897123952447
"eps_all[21,5]",0.0169901454146454,0.0107638300660811,0.79807641736116,-1.53433234138331,-0.510342607635604,0.000564048221963844,0.541267893393954,1.62616069399524,5497.37407857676,1.00004123749484
"eps_all[21,6]",0.666865007988562,0.0117037180665057,0.830890854443962,-1.00432807122349,0.121999539957692,0.674359800960655,1.22499519299329,2.2613211803904,5040.11278121351,1.00016084250288
"eps_all[21,7]",1.35317637994969,0.0120328698645918,0.847088709877674,-0.369303466737994,0.792837466878078,1.37162823595452,1.93370312196714,2.96895595029252,4955.86362746883,1.00011540947061
"eps_all[21,8]",0.640182631847349,0.0124526813727121,0.867260565080184,-1.10166271153436,0.057057234705931,0.660178031715458,1.24318774542732,2.26964317490288,4850.35411204361,0.999690983859387
"eps_all[21,9]",1.33955791825896,0.0139120748867403,0.88080882992494,-0.446297850003811,0.764516635187697,1.36285745808794,1.95063738754863,2.98799742633255,4008.47801410423,1.00001524561534
"eps_all[21,10]",1.94164526530578,0.00986285993330161,0.844944302404616,0.256144010216385,1.38284471777018,1.96073635222928,2.5182417714366,3.55120917546726,7339.22889162261,0.999946175616851
"eps_all[21,11]",-0.16048834517933,0.0101553378167085,0.87150322293818,-1.87976816107071,-0.744327345525522,-0.155403940939949,0.434167207546924,1.54266168095143,7364.60138943081,1.00089946541009
"eps_all[21,12]",-0.226511030245625,0.0102106280759354,0.899562301895079,-1.96015879803766,-0.840119236599688,-0.223588573560937,0.381543721068621,1.56489436805291,7761.71299429884,0.999879689686889
"eps_all[21,13]",-0.53152269704091,0.0110712623834887,0.925714338204556,-2.35299941964388,-1.15693944753382,-0.547595692423492,0.0967541173283805,1.26952608184237,6991.32826409564,0.999823119832651
"eps_all[21,14]",0.506982810584316,0.00935792582668353,0.919702156717822,-1.36379508564337,-0.111013340819368,0.528226451846046,1.13065346931,2.29586337583051,9659.06776044237,0.999839798560435
"eps_all[21,15]",0.282982611127095,0.00924841482967994,0.924511725293043,-1.53163690850436,-0.346195439739035,0.282465704610743,0.917919561556946,2.08988446782053,9992.87015358843,0.999880309773607
"eps_all[21,16]",0.288544965202304,0.00905077858520017,0.935424875231745,-1.56999871695752,-0.335323971964377,0.302225358645396,0.909350293346244,2.11262554342165,10681.8370390513,1.00017532145602
"eps_all[21,17]",-0.495631776183877,0.00893074213466374,0.944559720090689,-2.33616562398977,-1.12639175236712,-0.489250426223997,0.130996124011497,1.39752616322363,11186.22997196,0.999692961573224
"eps_all[22,1]",1.59383104237369,0.00965013379154557,0.699173094235913,0.164965782255891,1.15039552787048,1.6120135823385,2.05939679606364,2.93665097077748,5249.31634080304,1.00008382110678
"eps_all[22,2]",1.15976324031802,0.00957074614591969,0.722060915427956,-0.286526699132797,0.682651877995605,1.1809928801577,1.64368204644767,2.54944017105142,5691.88452781186,1.00072098706482
"eps_all[22,3]",-0.143536182297325,0.0103958043323363,0.782403650233928,-1.73014038700588,-0.66393157346265,-0.126306111098977,0.384657338244148,1.38521494696366,5664.29081184064,1.00003999556978
"eps_all[22,4]",0.59215098043879,0.0105064881862751,0.779614584961896,-1.00416140167656,0.0958428246987357,0.621046913850438,1.11505558981628,2.07648355323182,5506.10840363389,0.999744076810361
"eps_all[22,5]",0.941166614822389,0.0108314950581256,0.813571612236857,-0.678360913119323,0.405566428236136,0.960320851092591,1.48532541260405,2.51174672062437,5641.76199691345,1.00085953397805
"eps_all[22,6]",1.02416511477199,0.0108514977890946,0.841057997527606,-0.65333946187011,0.479892236858797,1.04144198877176,1.58835781771141,2.6357758836457,6007.20588997538,1.00008355042296
"eps_all[22,7]",0.898304472987147,0.0115032240666901,0.8291500021448,-0.767680803109417,0.349860576696627,0.917852820318459,1.4541741517444,2.50073725493967,5195.49646599931,1.00013022503892
"eps_all[22,8]",-0.348369778765617,0.0125485347750686,0.880334451438412,-2.04479141410496,-0.939525496930267,-0.342790336581878,0.245773584677533,1.3607769729502,4921.6345105192,1.00066250971793
"eps_all[22,9]",0.651980866589253,0.0113777027327048,0.869573712436687,-1.10363057371631,0.0765325379375708,0.655755158404053,1.23183232138015,2.35072240418478,5841.22102005428,1.00028222979476
"eps_all[22,10]",1.2865382445987,0.0103149525624485,0.854392413088175,-0.399080109876185,0.713091871674784,1.29018495406199,1.8646195161752,2.92718345740118,6860.88747209751,0.999697681061095
"eps_all[22,11]",0.881771559765935,0.0108558730716892,0.927646603141501,-1.00813568091254,0.275249887708975,0.90549491397889,1.50148694941695,2.67028544013306,7301.8953353637,0.999792319961597
"eps_all[22,12]",0.639402301418642,0.0131034992815259,0.949693404528341,-1.22363327125817,0.00212519983989418,0.646616595377361,1.28795354845904,2.48739541877841,5252.8169328736,0.999865157448119
"eps_all[22,13]",1.22380792281037,0.0107027191464565,0.939589208939627,-0.668993153143203,0.599211847332835,1.23942111628528,1.86023493130979,3.02878337176814,7707.04300627149,0.999860530007098
"eps_all[22,14]",-0.209037859114097,0.00948516023365663,0.915648486238233,-1.99881232118719,-0.827216036317836,-0.200413599475074,0.401491548702805,1.6222450701453,9318.97656952863,0.999775798724933
"eps_all[22,15]",0.182925860309816,0.00871060416906919,0.921296679628391,-1.63759345309881,-0.426801094993305,0.192835628108616,0.796267949358887,2.01167634802659,11186.7119211972,1.00005397286692
"eps_all[22,16]",0.177802929745944,0.00928724365932322,0.922914677063216,-1.6232633844617,-0.435876303816306,0.180656839375302,0.795431284386252,1.98826458806288,9875.2801657941,0.999943306360036
"eps_all[22,17]",-0.488054263639922,0.0087542245745488,0.935286958648785,-2.34620867639587,-1.11224087557458,-0.49756253070996,0.126475889054627,1.38377322264965,11414.4342407582,1.00057483200619
"eps_all[23,1]",-0.463217667382307,0.00742064806183253,0.629122952823381,-1.69108635972717,-0.882371105797246,-0.466361761296417,-0.0510730517327586,0.800498731380138,7187.65777162998,1.00003806020925
"eps_all[23,2]",0.442581487176761,0.00734609426551633,0.642314692154608,-0.809903790884854,0.0221052505170809,0.446604454491094,0.86464684036361,1.71677205702397,7645.09203975907,1.0003347445344
"eps_all[23,3]",-0.475246481858918,0.00866408657389659,0.706923455550546,-1.88050916502238,-0.940433223526329,-0.461647359345214,-0.0229317757141836,0.917716394063218,6657.31668991434,0.999783672732054
"eps_all[23,4]",-0.675331430098908,0.00933326876846222,0.701738523047385,-2.00101791475752,-1.14338011053973,-0.696112791941522,-0.221303435354916,0.765986609319742,5653.05345719725,0.999716066646397
"eps_all[23,5]",0.353298471266196,0.00876184597617425,0.730244674830957,-1.06249917708922,-0.137879210398158,0.339650436510728,0.839450391338616,1.80647929130514,6946.17256457239,1.00013921674905
"eps_all[23,6]",-0.587804435729519,0.0106665247927614,0.775022181437697,-2.04689116027179,-1.12021063523404,-0.59697183347029,-0.0765858168008184,0.963975222068914,5279.37328471315,1.00034318375034
"eps_all[23,7]",-0.844168281140797,0.0118413692304892,0.769863203733006,-2.26277946849986,-1.38225784014831,-0.867855501332164,-0.34103407093213,0.722158675345644,4226.91270536428,1.0004112509106
"eps_all[23,8]",-0.543665420237776,0.0102098214671447,0.775220697985958,-2.05338552999794,-1.06220261586227,-0.564758211868415,-0.0343959126494323,1.01195783051867,5765.2006037102,0.999920553045221
"eps_all[23,9]",0.521949437489755,0.00958557345074514,0.787966162823509,-1.0383762958735,-0.00567699285336187,0.510632144533576,1.04874599064187,2.06700429164218,6757.38926764076,1.00058309341027
"eps_all[23,10]",0.53357283690665,0.00873094434941889,0.798668104622028,-1.04291614593677,0.00478185662824682,0.536064198848467,1.07476291488775,2.11250615384824,8367.77977314998,1.00015646261285
"eps_all[23,11]",0.646739350164384,0.0102808630562259,0.842030997695155,-0.981868002489827,0.087138380576588,0.639861901101242,1.23011957176991,2.25311657899704,6708.06111108601,0.999825687404277
"eps_all[23,12]",-0.647207887754529,0.00974217215521633,0.874332915405525,-2.32919561404331,-1.23258917135851,-0.666840313139294,-0.0632869716195986,1.12784384383802,8054.56437682387,0.999983288277493
"eps_all[23,13]",0.670214539822618,0.009544204083936,0.868560014610651,-1.08961111306012,0.0965565714974768,0.682159205726093,1.24451102671342,2.35333151820469,8281.71402160132,1.00002289501378
"eps_all[23,14]",0.211682393757863,0.00930838758597897,0.895599923866069,-1.56286760997989,-0.399608332236982,0.210152480749184,0.831038412544124,1.94775528046982,9257.19003921341,1.00024463516117
"eps_all[23,15]",-0.652368703880918,0.00869410256894155,0.8801588686255,-2.35896291560646,-1.24090917396206,-0.660611903395659,-0.0676212715624517,1.09056197144408,10248.7905971246,1.00014198017723
"eps_all[23,16]",0.439589982468426,0.00855028256603767,0.916203629090519,-1.34751206176414,-0.181710172949066,0.45013749947517,1.06159111900317,2.23180641459168,11482.1464203946,0.999974053907545
"eps_all[23,17]",0.0909886444484436,0.00827097866413214,0.930758230908282,-1.73951265891061,-0.531049408919507,0.0929803011488389,0.725197743592658,1.89290136883579,12663.6812291909,0.999700927675605
"eps_all[24,1]",-0.405377635458288,0.00749622431877697,0.630681659273771,-1.65714086107255,-0.827898185745807,-0.399567721552999,0.00818551538291865,0.86170005033433,7078.4025121433,0.999683796671494
"eps_all[24,2]",0.232133645766529,0.00808710461969035,0.650303318224481,-0.993952153112173,-0.202281837149641,0.215298627644249,0.65243000208081,1.55578013453756,6466.15062749866,1.00090119782753
"eps_all[24,3]",-0.332318900245691,0.00841861559549425,0.698736965875635,-1.69181828715731,-0.80335114468912,-0.346326037827778,0.11805195349323,1.10284592673425,6888.83972049792,0.999916512779682
"eps_all[24,4]",0.0859258655068216,0.00827995890544003,0.673536541523739,-1.26105220152837,-0.355218197855569,0.0971805676719171,0.535899544680444,1.38612452577796,6617.07355840582,1.00034563427552
"eps_all[24,5]",0.535542267683265,0.0099114408365961,0.731612409739743,-0.947537368434247,0.056701333522675,0.553959519192667,1.02359061779797,1.92850288001139,5448.64535339382,1.0006926960179
"eps_all[24,6]",0.206076980282002,0.00965928929080172,0.734709772612322,-1.25751227062962,-0.282382081700101,0.213207980211262,0.713020863740843,1.61536576470721,5785.50518083507,1.00046851950052
"eps_all[24,7]",-0.765191906071303,0.00893084959385091,0.745788343822319,-2.21149157989408,-1.26638063268479,-0.7824509800892,-0.282163952817927,0.724071132543878,6973.41693185703,0.999628167881663
"eps_all[24,8]",0.683363792712283,0.00948407131436676,0.749071202230058,-0.812799282191084,0.196013233529878,0.689001930486213,1.18485231525474,2.115150136125,6238.16101556208,1.00017815711308
"eps_all[24,9]",0.767878381832839,0.00859584798112823,0.770948566804623,-0.770607914846731,0.267215349889438,0.770357819762499,1.28070333030469,2.24272654462832,8044.02400952335,1.00025379244779
"eps_all[24,10]",-0.66785323094128,0.00996311344609514,0.777804207995864,-2.18086591936284,-1.18971849499252,-0.676192714433377,-0.147649637338965,0.886650959154432,6094.67323309731,1.00008245234905
"eps_all[24,11]",-0.0403081072054323,0.00927334354141007,0.828288962753853,-1.67717221819941,-0.588163406771433,-0.0482845090968936,0.515147982707405,1.56812209427296,7977.94523086133,1.0001616667057
"eps_all[24,12]",-0.338568352863213,0.0102882390121365,0.8623576131649,-2.01554488585881,-0.921022862616127,-0.352713138199486,0.232135041729238,1.34710664244111,7025.75034711876,1.00024316850711
"eps_all[24,13]",0.197451649164058,0.0102111396592692,0.883171310724415,-1.5391544532352,-0.388963994099406,0.205479927319094,0.794120417578533,1.90677367176121,7480.68682070995,0.999979290929647
"eps_all[24,14]",0.921749722362781,0.0105147841312915,0.897724318800898,-0.867804291007415,0.329398519837941,0.929936283857609,1.53609178005369,2.63434754009006,7289.29049397739,0.999913028085205
"eps_all[24,15]",-0.365710140769207,0.00864505032418938,0.88867483141071,-2.13251120148759,-0.951693493429161,-0.359200187773422,0.217663301282645,1.39722357317202,10566.9757198782,0.999898422191016
"eps_all[24,16]",0.25259545484952,0.00903276203045074,0.908031473430982,-1.52083797317233,-0.34769137955599,0.251357986384745,0.864230860277646,2.02468654188061,10105.5665445132,0.999801834959937
"eps_all[24,17]",0.177312837976676,0.00836375728721134,0.923473266744367,-1.61526727994916,-0.444578536721203,0.173341810675198,0.812568550517041,1.98395789578953,12191.1819466403,0.999562432930353
"eps_all[25,1]",-0.0323228843299357,0.00765847946538221,0.640967102200611,-1.30475513425435,-0.450633753207165,-0.0298755850700959,0.398001989130744,1.22127934447555,7004.648956917,1.00018367704643
"eps_all[25,2]",0.98239075041288,0.00942674673262811,0.672219824866565,-0.339108976165308,0.534405145246005,0.98917732810135,1.44004963503564,2.27165566637714,5085.09363851653,1.00110817078703
"eps_all[25,3]",0.877582549342671,0.00925118434119336,0.72265642189512,-0.584592442290799,0.40843610170456,0.892507014015598,1.35752391689377,2.25929497411739,6101.95587774669,0.999815090000066
"eps_all[25,4]",-0.170775716740528,0.0079080521406069,0.686571154359007,-1.49955549599534,-0.636790613184473,-0.175367701698041,0.281998636460205,1.17797631899154,7537.58213873824,1.00028780876462
"eps_all[25,5]",-0.831232062385028,0.0088962003763736,0.735795692392436,-2.25149085139001,-1.32181748682115,-0.847978768487238,-0.354431260260688,0.648263956902236,6840.77599344509,1.00105336406441
"eps_all[25,6]",-0.552361141765398,0.00890131716633133,0.742694244988577,-2.00482270611901,-1.04792139913243,-0.554606872014272,-0.0520462921505519,0.928895114369503,6961.64006951659,0.99983628179186
"eps_all[25,7]",0.0870704681242605,0.0086221710885119,0.742880032969154,-1.35892892695793,-0.403753851803173,0.095794179469373,0.582151936737844,1.53547977695017,7423.42112933186,1.00024507155113
"eps_all[25,8]",0.672243452791092,0.00866509899154896,0.769908454183878,-0.868868999694027,0.161422948228333,0.682439439074738,1.19857043642307,2.16177344722144,7894.61799172062,1.00030525233003
"eps_all[25,9]",0.503313929244942,0.00928535925403619,0.78045768437945,-1.05289904998556,-0.0111637933361141,0.514075566764999,1.02617986838616,2.03081384372562,7064.8232211609,0.999794016004898
"eps_all[25,10]",-0.726310458041229,0.00940221613311597,0.858261800461957,-2.36904929815945,-1.3096209928429,-0.737566170723928,-0.144808982820609,0.982182773302136,8332.57259750436,0.999677510414884
"eps_all[25,11]",-0.0217481325274258,0.00877141920707645,0.797744881424864,-1.5985962380934,-0.55173249577871,-0.0253838954476649,0.496044563672603,1.57396159697461,8271.57701380536,0.999763190101293
"eps_all[25,12]",-0.137152973777171,0.00944241078195653,0.84919399991523,-1.80385491025371,-0.706737182971026,-0.142957567363692,0.433247888128849,1.52059296215218,8088.12871155705,1.00014225053925
"eps_all[25,13]",-0.121198888307771,0.0100998244096281,0.86809859112802,-1.84353850942954,-0.713884392897905,-0.125904363068613,0.469435671154204,1.5656264812314,7387.72049196129,1.00073991472169
"eps_all[25,14]",-0.61784559780924,0.0115641026725316,0.914079768945553,-2.40101820296083,-1.25244298489284,-0.638489076171457,-0.00180329922852648,1.16713749462253,6248.04740618391,1.0003776988887
"eps_all[25,15]",0.0640983696861192,0.00918982690154766,0.913855628045478,-1.72957622977029,-0.554006207311755,0.0796272535235168,0.665281146895911,1.86501853314271,9888.73000409243,0.99989733679784
"eps_all[25,16]",-0.502612360632725,0.00992111753745405,0.917877119431106,-2.28615668853178,-1.12269193209728,-0.51192671203908,0.106306300827372,1.30375520529171,8559.49018718282,0.999587698640971
"eps_all[25,17]",0.148173234996493,0.00885144612977172,0.926413653470388,-1.71830885312739,-0.466552737603507,0.1505795529972,0.763756751335441,1.96186142071318,10954.2193467482,0.999911831707808
"eps_all[26,1]",-0.162625972402111,0.00713954516698067,0.622798463986104,-1.39251166899718,-0.569248450297065,-0.162876627563256,0.239536581720213,1.08200678728595,7609.46238780876,1.00009033954642
"eps_all[26,2]",-0.177078975400039,0.00870688578117565,0.639355577649646,-1.37093427883399,-0.627548128430727,-0.195576605326444,0.248152345009837,1.12907603219335,5392.11594160699,1.00028026627769
"eps_all[26,3]",0.17539231708901,0.00733301887980515,0.679572429480029,-1.14688928885339,-0.273995423927216,0.167318151965583,0.62523106132873,1.52102672308573,8588.27408154729,1.00028449231131
"eps_all[26,4]",0.327821925349067,0.00776952107611467,0.672377126843896,-1.03634882617138,-0.114172228310703,0.345405114032792,0.770993424426916,1.61889899948111,7489.23337181935,1.00034843304909
"eps_all[26,5]",-0.566660484952828,0.00765949943927666,0.692439570442529,-1.91273047351235,-1.02375439391713,-0.568163001468982,-0.11441306528038,0.805836283605678,8172.65148345524,0.999852886193127
"eps_all[26,6]",-0.597891835078204,0.00879378644582966,0.744816391649139,-2.03338173793204,-1.09976367766648,-0.614676397281708,-0.0933449824242915,0.874054572744975,7173.75635227455,0.999863398692338
"eps_all[26,7]",0.790268287070322,0.00945477861226231,0.738693251503827,-0.729639025970941,0.303517869075844,0.813499847420065,1.29441625420119,2.16536045934332,6104.15474350114,1.00017848953689
"eps_all[26,8]",0.516292600975046,0.0083812717897622,0.739403836041052,-0.961294133502723,0.0323907449247113,0.524379413978124,1.01306299629032,1.95934751312173,7782.9376302175,1.00021521715024
"eps_all[26,9]",0.262576854652213,0.00864176286509184,0.764027023869499,-1.24817495938837,-0.251421836938517,0.253078290721565,0.773973322805006,1.77354615117403,7816.50752376103,0.999835110594795
"eps_all[26,10]",-0.747954619113155,0.00909490038076977,0.845221166096187,-2.35885636650219,-1.3223568367252,-0.748269379865472,-0.184644227241051,0.901570839343734,8636.64035886525,0.999924466918025
"eps_all[26,11]",0.00390127813609275,0.00849575081986454,0.81326880502446,-1.61514734761703,-0.541054472336795,0.00387008792397853,0.549125795531646,1.58235915387842,9163.56988204432,0.999678305160821
"eps_all[26,12]",0.5689604510789,0.0101270922369453,0.847136424270103,-1.13143790270122,0.0101457971563114,0.578776852912927,1.13474855548362,2.19253155547833,6997.40772137355,1.00003508215732
"eps_all[26,13]",0.0692767347503529,0.00901764243755031,0.856953415862831,-1.6101262934891,-0.519108786148758,0.074902981462368,0.636428672721029,1.78323092883096,9030.84538019893,0.999909606278772
"eps_all[26,14]",0.240957254406947,0.0092534982693418,0.867369235542596,-1.4937254399567,-0.331735040267399,0.25215882616443,0.823588367512106,1.96595563841253,8786.09980524365,1.00039550533133
"eps_all[26,15]",-0.158278911392536,0.00931480425575869,0.906400196317317,-1.90925839160358,-0.774349592062429,-0.161400608611708,0.468616760196449,1.62906212796764,9468.74707415325,0.999619492308782
"eps_all[26,16]",0.738453536586448,0.0106346928602514,0.92776165409254,-1.11023726292626,0.12241695589514,0.748977207543297,1.36028264536838,2.54208732194333,7610.6707439307,0.999630511308076
"eps_all[26,17]",0.177529608638989,0.00888418883376293,0.90809119451448,-1.58913424971151,-0.450480126585041,0.178614489891514,0.798650261433032,1.95023088890294,10447.7643165104,1.00004714093393
"eps_all[27,1]",0.0868982790476339,0.00630317128260694,0.603016344645118,-1.12706056867363,-0.296360358253042,0.0963738599450195,0.481352154626584,1.26933026516173,9152.50447508553,1.00023897710614
"eps_all[27,2]",0.172665715164168,0.00632580454632528,0.597982312191124,-1.00671496893931,-0.232916653562931,0.16826173184157,0.575271174069735,1.36822262223213,8936.04070068972,1.00001041291174
"eps_all[27,3]",-0.1710836988251,0.00668341094702232,0.63780060365693,-1.40324820540758,-0.605718845149921,-0.181244766034175,0.250223798470189,1.09032886340606,9106.96191863457,1.00001192474318
"eps_all[27,4]",-0.300151747553087,0.00683202182623153,0.640841165346237,-1.54716916840526,-0.725687247707353,-0.300940639554831,0.129505796139783,0.958850015418137,8798.37184832644,0.999839244233089
"eps_all[27,5]",0.294728438851702,0.00783242967655486,0.682049706524414,-1.07585334045007,-0.16066058974999,0.30022865343176,0.750355677126048,1.61052757489735,7582.9648743565,1.00038212827819
"eps_all[27,6]",0.0716384306259505,0.00877541952335557,0.826106947465163,-1.54528429095623,-0.482016118116247,0.0704897435585041,0.634914787203655,1.68220157175643,8862.10259546219,1.00021878993889
"eps_all[27,7]",0.306150220152995,0.00693054818782646,0.669987298840362,-0.993168133416187,-0.141227091609993,0.310060702905123,0.756361612745336,1.62851965820689,9345.40150066447,0.999844866892902
"eps_all[27,8]",0.221032703210237,0.00740800518894941,0.7001729964647,-1.15714563356289,-0.244799842470973,0.215019603540624,0.696321283819638,1.60289538866702,8933.22266083565,0.999915689392637
"eps_all[27,9]",0.251694820917217,0.00707113716138831,0.711041539590593,-1.12220569411208,-0.222603789277186,0.252299319287841,0.715592595088999,1.68412159499391,10111.4030842509,0.999988919192965
"eps_all[27,10]",0.116973517029102,0.00895225761694842,0.73444691247737,-1.39357524833694,-0.355698649239146,0.131896186180155,0.62036222203297,1.51746894678898,6730.62937071874,1.00021395379529
"eps_all[27,11]",-0.403383939912369,0.00761565366665549,0.775386461482026,-1.92965035038284,-0.916012108464237,-0.403293643588579,0.115041946853344,1.12489602435144,10366.259021628,0.999938783271049
"eps_all[27,12]",0.151279770901684,0.00775485871835064,0.786149160623059,-1.4202185596088,-0.370312915780375,0.146995145057081,0.673248335579947,1.69547847108748,10276.8999861902,0.999658093137936
"eps_all[27,13]",0.0148134409565733,0.00807144360688782,0.80460686775471,-1.58459259493508,-0.5087627427912,0.0118052946696742,0.546374724587089,1.60997187825967,9937.22302021494,0.999550641999541
"eps_all[27,14]",0.149139134414486,0.00805060700871104,0.85267548443492,-1.56637857277675,-0.408894637272815,0.157544313952689,0.714100012886685,1.79198234339123,11217.8673229849,0.99982440306177
"eps_all[27,15]",-0.0945116002178324,0.00839836195705503,0.874775264933143,-1.81694338708576,-0.684439256046084,-0.0996091709792793,0.501683399017464,1.60977875889198,10849.3523196209,1.00002479283719
"eps_all[27,16]",0.154033967646156,0.00803055629287685,0.881133317794931,-1.5735248862277,-0.438675689581512,0.15498208740624,0.745873174310858,1.88844537198649,12039.0435372646,1.00007066587246
"eps_all[27,17]",0.273744350618718,0.0080119981311752,0.91933754844897,-1.55029614723985,-0.333611762883032,0.271813116486999,0.882006047545801,2.06622428113405,13166.4385952108,0.99970588067195
"eps_all[28,1]",-0.00905717285568633,0.0109176656073149,0.993030719900854,-1.95087114802611,-0.687979130428495,-0.000248565350662207,0.673420356021217,1.90749731053167,8273.0527022769,1.00002896191368
"eps_all[28,2]",0.000432832576100872,0.0108961288594334,1.00341089978255,-1.93662246267502,-0.688684821309903,-0.000803102484290653,0.681796317627373,1.99107403200071,8480.33810100755,0.99983040731182
"eps_all[28,3]",-0.00228705541363515,0.010970436053969,1.00034972777015,-1.9324523723047,-0.684407751987662,-0.00259003805500288,0.68173184337142,1.96171913875978,8314.87904462047,0.999812684304632
"eps_all[28,4]",-0.00384654155793821,0.0113189190839044,0.99683325511275,-1.93653012350448,-0.673613677135565,-0.00198344395896368,0.674255141596352,1.93949418369134,7755.95222687781,0.999914803741531
"eps_all[28,5]",0.0129169327550112,0.0115052252062517,1.00858250704593,-1.92424977944411,-0.673739352444706,0.0174828750454605,0.692701677187345,2.00722590252536,7684.80080386357,0.999709748231281
"eps_all[28,6]",-0.00495595765983487,0.0111802813736757,1.00902405185153,-1.98317522345903,-0.697523255473557,-0.00646036338823737,0.689323275879403,1.96351982488266,8145.12155468982,1.00003466799848
"eps_all[28,7]",-0.0053741735295603,0.0114191730130143,1.00069142071681,-1.95191257062158,-0.682549095914734,-0.0129431677911027,0.670551942752737,1.96855739123554,7679.46643938667,0.999775430553344
"eps_all[28,8]",-0.00106455778412953,0.0113254744757862,1.00082265401366,-1.95053822230909,-0.684852789702966,-0.00905080618658501,0.675567808346463,1.96794212610211,7809.10825163811,1.00021653344847
"eps_all[28,9]",0.00760539446483921,0.0108908706665423,0.998612764562631,-1.97347898321808,-0.665480936324442,0.0135968310662932,0.678576636915947,1.95562310374019,8407.54159827294,0.999945618529935
"eps_all[28,10]",-0.00812316492520174,0.0114398009895946,1.00464658264756,-1.96359332868299,-0.701267908400707,-0.0102086619208533,0.681525990454533,1.99283892224266,7712.40244823955,0.99998622316774
"eps_all[28,11]",0.0109111713127886,0.0111573417981909,1.00338180243257,-1.97644856925605,-0.664166051635574,0.019009208438789,0.693519633587928,1.97291610369962,8087.43801958877,0.999769354954861
"eps_all[28,12]",0.0170036612835753,0.0111671945630738,0.989758353769372,-1.92232210768873,-0.641199424131291,0.0185576006046261,0.68655107641699,1.93001136066627,7855.43404060385,1.00013397310886
"eps_all[28,13]",-0.0208614142645183,0.0114070692804064,0.994682845249404,-1.92508982177579,-0.702375690754727,-0.0158889421228135,0.653420240096825,1.92195890231369,7603.63213534237,0.999945768891638
"eps_all[28,14]",0.00194985424787241,0.0112614915014071,1.00163629688445,-1.94855129277804,-0.677325209928187,-0.00799330941359742,0.678917371438926,1.99160108043955,7910.94346789169,0.999953047713047
"eps_all[28,15]",0.00350962601266377,0.0111038678847108,1.00994835522354,-2.00921723793805,-0.683801395207191,0.00586146245698434,0.683614830441173,1.96392837105379,8272.74734292855,1.00000978379324
"eps_all[28,16]",0.000123824947032931,0.011286120988053,1.00082693465561,-1.94219767043147,-0.675099258262462,0.0104387492345653,0.671363451283216,1.95474333859657,7863.72950387102,0.999641032876879
"eps_all[28,17]",0.0145965191485723,0.0110693152658128,0.991436470469417,-1.89773446909087,-0.647818307851874,0.0190441171784436,0.681525950760101,1.96754363508779,8022.10362427253,0.99979167305336
"lp__",-356.91662238702,1.92521344393285,39.9986790121315,-427.63682232473,-385.246624030118,-359.227684533278,-331.27783832082,-270.765355577771,431.651769745314,1.00446257018545
