"","mean","se_mean","sd","2.5%","25%","50%","75%","97.5%","n_eff","Rhat"
"eps2[1,1]",0.225950107225283,0.0159436325070704,0.898020799216788,-1.54893408361348,-0.382570491130326,0.221066112221521,0.821556210483221,1.96724147083419,3172.47523102952,1.00042804715647
"eps2[1,2]",0.956849647286641,0.00758835107873818,0.468959037723772,0.0283362537994107,0.65386119367582,0.959301690694842,1.25495926523981,1.89022940879832,3819.2227518373,0.999716354842779
"eps2[1,3]",0.0818005736311811,0.0150425544028044,0.900775459749254,-1.69397364393389,-0.527407128318024,0.0710652229984148,0.683869686474234,1.86930466428789,3585.83176668377,1.00071169101963
"eps2[1,4]",-0.42144259058422,0.0121484696016465,0.75834002472948,-1.87216835769417,-0.925792539847855,-0.431468153107652,0.0709045805388315,1.1273230461147,3896.59091976624,1.00015792333
"eps2[1,5]",0.9667921899018,0.00922948775312014,0.721285846919311,-0.537824240080725,0.515463768590139,0.991440732596491,1.43599597959876,2.35606163022628,6107.44585340154,0.999881441700236
"eps2[1,6]",-0.453699410982082,0.0094996983529673,0.73048845127722,-1.85978135473684,-0.949298015270005,-0.45437054204942,0.0246511162669602,0.991349510600796,5912.98909682058,1.00052234443013
"eps2[1,7]",-0.151343871040609,0.0108001586622012,0.870402159067672,-1.90962323588762,-0.704048553532258,-0.159495785084322,0.414583903936843,1.61068976926545,6495.00736697003,1.00031094991489
"eps2[2,1]",0.750681928395133,0.0145699855327543,0.880753249219682,-0.968309430558719,0.162928807883309,0.760349550436503,1.36230752973563,2.4714110413753,3654.18278230973,1.00024271885552
"eps2[2,2]",1.51213587323828,0.00913713857464381,0.516430509184373,0.466345912545658,1.18427999023453,1.51343386605801,1.85075595888905,2.54096900128671,3194.50343418188,1.00039598023225
"eps2[2,3]",0.106336601454284,0.0148632675174638,0.89978063748853,-1.66923313892476,-0.511791214140791,0.0999666893363912,0.726506094734602,1.84398443370395,3664.75290259093,1.00034878620251
"eps2[2,4]",-0.17012888483774,0.0129488326511275,0.782158456951407,-1.68725686528731,-0.69100991569531,-0.188150327351119,0.341946465208651,1.39118060902587,3648.61680842212,1.00189059678246
"eps2[2,5]",0.648123293166302,0.0104351772135458,0.737930960070861,-0.873712133539225,0.155201521989714,0.661956994291832,1.14625806023619,2.06384680427965,5000.71156543605,1.00084665937948
"eps2[2,6]",-0.489044826771565,0.00927280760791567,0.735718404569997,-1.89572572105481,-0.971024966874288,-0.500619571036348,-0.0217562488730898,0.990593200756689,6295.07259114946,1.00046923875598
"eps2[2,7]",0.558075936499123,0.010059437119641,0.866342689168062,-1.16875826246216,-0.0137932428601027,0.572811076444357,1.13561086064401,2.24393409613606,7417.06473007421,0.999807662157158
"eps2[3,1]",0.593410974309595,0.0112204941289591,0.842414649674019,-1.10759333699186,0.0440861092835258,0.615068105858203,1.17291957737041,2.18525249419612,5636.73808727701,1.0000021834473
"eps2[3,2]",0.914256730147909,0.00832786180816163,0.479112688312262,-0.0403378220719735,0.604406580899085,0.920343191458878,1.21997849105583,1.84290286139609,3309.85009653366,1.00044330662242
"eps2[3,3]",0.359920895908277,0.011668580801511,0.865999480410052,-1.39945114771271,-0.204120671187993,0.381662550791415,0.938757200175327,2.017294941217,5508.06665364919,1.00050060050339
"eps2[3,4]",0.534634483819592,0.00892090352412821,0.705187360515849,-0.907606448566077,0.0765635934072195,0.545001572954122,1.00754513897577,1.88585728784846,6248.7241593806,1.00084877358624
"eps2[3,5]",-0.0149813289980174,0.0101402096943543,0.697022416479954,-1.35958994913292,-0.482636657359489,-0.0210301713438727,0.448951698664369,1.3736283401577,4724.97612738428,1.00039492919488
"eps2[3,6]",0.242969032075139,0.00861397165839533,0.704654000348983,-1.1584308674195,-0.218164124269951,0.242980662444071,0.719591793791799,1.61282016543018,6691.83103171824,1.00033231931498
"eps2[3,7]",0.375077683333023,0.00871634051265753,0.835852434851519,-1.32565014356799,-0.155539981093017,0.381057879916322,0.931653919683597,2.01308063862999,9195.82817196383,0.999779858440259
"eps2[4,1]",-0.336873458803514,0.0144157395498893,0.890658049172025,-2.03282527727152,-0.937430469428992,-0.347392642091745,0.25979021675143,1.44232303081633,3817.2283418653,0.999810592887217
"eps2[4,2]",-1.56731878575521,0.00775535288420451,0.484084644231227,-2.48351388788022,-1.89207622365871,-1.57832040573837,-1.27046921761242,-0.562296883096978,3896.18423948436,1.00095333591447
"eps2[4,3]",-0.106952852218954,0.0114340113634038,0.871949502117675,-1.81466477331919,-0.676950246949861,-0.117457650091212,0.465240644752855,1.64038222962603,5815.47816004707,1.00022519079278
"eps2[4,4]",0.035137223416339,0.0112421406611088,0.74230470987079,-1.42612947082727,-0.456790560084813,0.0410534241739084,0.523547298995902,1.4899839740323,4359.79834849364,1.0000459676474
"eps2[4,5]",-0.656051638216259,0.00968964344118691,0.7047621999859,-1.99515254500603,-1.1277983311144,-0.675922274788127,-0.197474526845899,0.76571930306382,5290.16981014803,1.00007287654373
"eps2[4,6]",0.203485377895285,0.00945573404286457,0.698381732694953,-1.22825361893633,-0.251667257109241,0.222044383004132,0.660795657094485,1.53827043248734,5455.00615980104,1.00056958945654
"eps2[4,7]",0.0276247040216481,0.00985929622544711,0.849123301077858,-1.67953955594296,-0.54471999641907,0.0412318167916793,0.583356766101512,1.71252709997389,7417.36561537028,0.999900930935941
"eps2[5,1]",0.131013650984313,0.0131246758655889,0.861313651837041,-1.51193917920398,-0.461232427273299,0.117888131745547,0.709686550820989,1.85534823335841,4306.70860852488,1.00077094252943
"eps2[5,2]",0.373188712184254,0.00695851588792645,0.460464787350186,-0.556807537357514,0.0809541975367581,0.384221667476058,0.673374792664797,1.25793813898693,4378.84530257934,1.00029504677969
"eps2[5,3]",-0.142398829759502,0.0157432018969758,0.876346206941171,-1.82247361065123,-0.733829395831694,-0.150865461575656,0.429694836972562,1.62883577294474,3098.59840097745,1.00011397483147
"eps2[5,4]",-0.599087255066013,0.0132759551325836,0.752364991522847,-2.01516158321357,-1.10204493049408,-0.623242447608376,-0.122422704839372,0.948156129051524,3211.63074061276,1.00045112569387
"eps2[5,5]",0.578252117103803,0.0106581103009183,0.712926078738013,-0.93374707608422,0.142254667382612,0.605165899176241,1.04621018131684,1.93098167417149,4474.33587300774,1.00074756978011
"eps2[5,6]",-0.727221992438953,0.00904880642463267,0.700542319380328,-2.07545483343445,-1.18319920079185,-0.75253425971905,-0.276715053292684,0.719829323621726,5993.57792800549,1.00004391396083
"eps2[5,7]",0.139573464579512,0.00941061841338109,0.84020804453181,-1.53207681878103,-0.423380043405909,0.154197468505833,0.709534501781382,1.77220112201914,7971.45030786069,1.00027572116164
"eps2[6,1]",0.263470332755167,0.0118397199885962,0.827548820000232,-1.34637922518494,-0.300938861795108,0.257787234816306,0.81396776345681,1.89046976195472,4885.44788404553,1.00045681857054
"eps2[6,2]",0.523463767743809,0.00716073142903228,0.458301924564612,-0.407437606074567,0.238332269106085,0.528188638013266,0.820308662820047,1.43396069954507,4096.27015529824,1.000692355771
"eps2[6,3]",0.358087697355164,0.0127761697020545,0.855087075329297,-1.39216255262002,-0.204139804730218,0.362263168399781,0.937972786683241,2.01658435526759,4479.39479139693,0.999770133568274
"eps2[6,4]",0.669999426486402,0.0087722744905203,0.693561833581007,-0.723444976993456,0.217148048296448,0.685413211872814,1.13675700026573,1.99036277864948,6250.94887572696,1.00112673656192
"eps2[6,5]",-0.219497282960022,0.00918249180163509,0.681044114585711,-1.58309522483794,-0.671691330410857,-0.212802778498351,0.220861844094073,1.14604037522279,5500.84477337328,0.99992281793151
"eps2[6,6]",0.215612953990035,0.00884204923070497,0.705290880275823,-1.20624434188862,-0.228418655620732,0.230532955930335,0.677671855281322,1.59015152271735,6362.54224982886,1.00032358550244
"eps2[6,7]",-0.0576487284336096,0.00949883314117263,0.851978330428754,-1.72012470284023,-0.62544395505471,-0.0497548027115803,0.500421778849057,1.6019889576309,8044.82460813544,1.00025488469176
"eps2[7,1]",-0.502538222182958,0.0162864131919354,0.936627141244267,-2.28120861795402,-1.14468990996562,-0.509879559727368,0.127956835091084,1.34210066487786,3307.36845078772,1.0004756524147
"eps2[7,2]",-1.15292360480375,0.00881879355783028,0.501004703930151,-2.11176400081297,-1.48254086395774,-1.17184806635687,-0.843237407425927,-0.120548942662004,3227.49259564726,1.00063985745377
"eps2[7,3]",0.132145460925127,0.0160749436367486,0.965527793047766,-1.79273002911625,-0.508379571838493,0.141919388883377,0.780748670400127,1.98860037292789,3607.70187017151,1.00004781762862
"eps2[7,4]",0.653571554583796,0.0136929694677137,0.80851438633645,-1.04144950080015,0.127582756567045,0.678490432996259,1.19700890971013,2.18047142028268,3486.42417513142,1.00046808353298
"eps2[7,5]",-1.11420477571554,0.0113786495623249,0.754663156104129,-2.48002683731566,-1.62212196429246,-1.16024050295576,-0.627476625443978,0.451006241581701,4398.70513736133,1.00073217900228
"eps2[7,6]",-0.529436436228572,0.011361431983281,0.741042058519077,-1.96454758567577,-1.02515370019716,-0.541498025104591,-0.0453073990883901,0.96285426586498,4254.21631906244,1.00156529578711
"eps2[7,7]",-0.30586957335935,0.00952510654755483,0.878272575509656,-2.02485604137723,-0.877760457019243,-0.320763262853029,0.264620801996617,1.43700796210111,8501.95807533611,0.999907441569396
"eps2[8,1]",-0.085026022398156,0.00931616165722064,0.570807225803345,-1.29211171225888,-0.428988595416073,-0.0601785043445537,0.278764165851358,1.00150861870078,3754.09183534389,1.00073756499561
"eps2[8,2]",-0.628982978579502,0.00677624956069076,0.414152520242057,-1.42884746047604,-0.900700303587245,-0.635845687782011,-0.371089840047913,0.221612670387127,3735.44058280657,1.00123626283079
"eps2[8,3]",0.0105368599915937,0.0105997284893261,0.828624648969874,-1.61601651646908,-0.548939626401761,0.00580618964885194,0.562067629874315,1.65683560764357,6111.19601846623,1.00012773024854
"eps2[8,4]",-0.157385321105116,0.0102971022338231,0.70584755893704,-1.51577086002657,-0.626007198966889,-0.162617604544307,0.309379617723407,1.25226212120953,4698.85220289899,1.00046462271768
"eps2[8,5]",0.195218029035867,0.00995608126269326,0.674692912884305,-1.20874072744566,-0.241668308794338,0.207758645421043,0.642968865519591,1.50437362264122,4592.35477164314,1.00004264167991
"eps2[8,6]",0.462161008852317,0.0129167884686888,0.705770625088596,-1.03757414738801,0.0160739019298335,0.488644611833595,0.939903943880382,1.7875936491701,2985.50678394369,1.00231555727268
"eps2[8,7]",-0.348228440527693,0.00992794840749295,0.820139089172109,-1.92628986233457,-0.895277312620042,-0.359102157494197,0.189949371224943,1.27535261838051,6824.26683737455,1.00055236775828
"eps2[9,1]",0.112440141908389,0.013892591999697,0.812399618204089,-1.47157381624043,-0.434641185342861,0.115298519676977,0.652041355253598,1.70945936266698,3419.58070847108,1.00102701663199
"eps2[9,2]",1.6964333619911,0.00788940060424748,0.492393809200019,0.749403981974231,1.36667069372073,1.68702913225151,2.0156696710263,2.68798726894811,3895.26626697872,1.00031716175698
"eps2[9,3]",0.222808195952526,0.0141032929181062,0.903304394984484,-1.54783503755866,-0.383577811355902,0.22883081963456,0.815676213675483,2.0007748307388,4102.29789719309,1.00072014796814
"eps2[9,4]",0.00855656424304393,0.01236566110982,0.788081810691565,-1.52309940517061,-0.519518868808538,0.0189652569661704,0.529194262637401,1.59242785298458,4061.70079035795,1.00111068743918
"eps2[9,5]",0.701916095024085,0.0110849905507829,0.743518288510987,-0.824260988571314,0.209995138084401,0.724008790841241,1.20142939376144,2.09434837488525,4498.96543345862,1.00157338331559
"eps2[9,6]",-0.645496357295297,0.00935198499286657,0.744251461874328,-2.04107007594892,-1.14543669130598,-0.647380253755633,-0.166932464838128,0.864046713103357,6333.32522550434,1.00043855886834
"eps2[9,7]",0.317430822572651,0.00976340570352343,0.854380502371644,-1.36874179641985,-0.254045127385935,0.330337393109645,0.897055826477483,1.99769917650758,7657.72886684708,0.999750914916329
"eps2[10,1]",-0.295797855219773,0.0109640147492555,0.767119051992629,-1.79826054427823,-0.804373376153474,-0.310680623855398,0.208730156357291,1.24364445344177,4895.37894521361,1.00051365789435
"eps2[10,2]",0.529498076756472,0.00701128323130941,0.455471663758084,-0.315531506264633,0.228738036525216,0.513687823616347,0.811478956397077,1.48376825150765,4220.14821419417,1.00012523660976
"eps2[10,3]",0.125421514397676,0.0100776333189278,0.816990456416519,-1.5153267158283,-0.418994516579094,0.122448969431707,0.670776180580812,1.7191878391342,6572.29218018039,0.999666081658387
"eps2[10,4]",0.0776011860246062,0.0100703425133338,0.712396155272943,-1.31386320462858,-0.401051379552611,0.0850650910290107,0.543718527594487,1.47925860621308,5004.43035599163,1.00050781180126
"eps2[10,5]",0.13864772002887,0.00881828937056377,0.684866088333972,-1.28890654026065,-0.287353441435504,0.151162114958614,0.592926846027291,1.44088802731921,6031.74027408529,1.00042773358292
"eps2[10,6]",-0.249753938350066,0.00950885644261667,0.696571515456611,-1.60833255345047,-0.715319168716665,-0.250092332156955,0.200562101368795,1.12073948031597,5366.29867282538,0.999709372415908
"eps2[10,7]",0.0759066078867185,0.00908564933641632,0.84255377386557,-1.58359853177579,-0.489540792471392,0.0756648020153633,0.634423827773145,1.70268174814512,8599.70025838102,1.00027092008967
"eps2[11,1]",0.23386533532242,0.0147730969909633,0.838598175142993,-1.40242142365832,-0.334913336674809,0.241833821043825,0.790952525194012,1.88137838117761,3222.2907731749,1.0007735611146
"eps2[11,2]",1.65452350357337,0.00875973555232924,0.511705198456449,0.682008890217551,1.31470355746577,1.6427318342915,1.98630580398478,2.66999550816922,3412.38219433238,1.00197429538884
"eps2[11,3]",0.488056575270325,0.0172154325554002,0.956912820864364,-1.42428154921769,-0.141625594523158,0.512233051210802,1.14384133259143,2.31577787117048,3089.6470367931,1.00032174580052
"eps2[11,4]",1.06724317938331,0.0123644269785928,0.779877494713207,-0.569699449502186,0.569154712457492,1.09698379592357,1.59314793795181,2.52465655957945,3978.36648528284,1.00040472881072
"eps2[11,5]",-0.724398120537067,0.0112263763298354,0.766608944797809,-2.20123587165152,-1.23025189389779,-0.724664324407711,-0.219718456033727,0.808863226138054,4663.03388709092,1.00123409296322
"eps2[11,6]",0.552297322144632,0.0111535744446359,0.765331732547349,-1.01361712379283,0.0437726459314495,0.574652869566326,1.07318189036934,1.99800777908255,4708.37777032545,1.00009098130326
"eps2[11,7]",0.25748823008268,0.0117343228188111,0.870303953360525,-1.47039160117008,-0.3378641097104,0.262565131975045,0.840081608393328,1.96119906256459,5500.79992505829,0.999832126517394
"eps2[12,1]",-0.126314835923228,0.00852870992366007,0.556775855568111,-1.22492514708416,-0.477692666528383,-0.130133876804093,0.209593739408217,1.04533630532276,4261.81016400422,1.00112041874282
"eps2[12,2]",-0.0721264584377558,0.0058364599254615,0.402933621911641,-0.843485224591684,-0.334849303178159,-0.0852227463463149,0.183028320926813,0.744674853135528,4766.15321755277,1.00050887419037
"eps2[12,3]",-0.0882081325294759,0.0118373185061988,0.852985231339611,-1.72350579411762,-0.662526007982041,-0.0945549733139533,0.478796855720815,1.60054101838223,5192.49822822177,1.00040502635346
"eps2[12,4]",-0.385330610600459,0.010452259364017,0.693956466818704,-1.75434170674968,-0.840718249321857,-0.390361293610269,0.0622585152087094,1.01629242767501,4408.02550539304,1.00101663470309
"eps2[12,5]",0.313166441936355,0.0101504829154997,0.679849933981181,-1.14523950083961,-0.117728770687318,0.341291069787074,0.771523320513272,1.58939360003685,4485.9322503911,1.00047048517944
"eps2[12,6]",-0.563859054686542,0.00854345241452735,0.687458899009869,-1.89634294881498,-1.01049570690594,-0.578084680608579,-0.129906062855704,0.817108834133858,6474.80460178934,1.00030763081719
"eps2[12,7]",-0.0589794282164343,0.0108875828421712,0.841003255636425,-1.72380309367625,-0.619332445287438,-0.0618213509602521,0.486357917854576,1.61999133863446,5966.67535962341,0.999776804424331
"eps2[13,1]",0.803616914015974,0.013853720060814,0.59425806271923,-0.529765941638305,0.448330800785536,0.84837381314927,1.19934999502074,1.87917295267206,1839.99799705551,1.00308921515894
"eps2[13,2]",-0.0721807429438774,0.00875168227102267,0.434522016369227,-0.966652817978898,-0.358828217949483,-0.0614895641086577,0.220873942891161,0.756207541148031,2465.13375124009,1.00270377160148
"eps2[13,3]",-0.624420876607241,0.00803436185029618,0.585752203688345,-1.81080656168887,-1.00518437398585,-0.620301685663707,-0.246352417193788,0.520218118885316,5315.2670255864,1.00016344953335
"eps2[13,4]",-0.762322609232827,0.00959731071100337,0.692236590408807,-2.13005881181078,-1.21511040506844,-0.76203341001776,-0.296434018598948,0.592789539442584,5202.47489016759,1.00001444029421
"eps2[13,5]",-0.392467285814771,0.0105943153202081,0.70208387702743,-1.74966984364478,-0.840065687450144,-0.408564003877043,0.061246979261724,1.03685105755535,4391.69539481493,1.00076643874839
"eps2[13,6]",-0.639319439159452,0.0104918197249672,0.73201952357552,-2.04085566699206,-1.1377325998054,-0.647941400511188,-0.155585615833973,0.830680545806764,4867.92287579719,1.00008238913373
"eps2[13,7]",0.0351347389778701,0.0103644758715248,0.846598758467385,-1.64384451400225,-0.537019942698107,0.0460353265591963,0.604220709996389,1.68294822517149,6672.06955077662,1.0000399654869
"eps2[14,1]",-0.849377056234578,0.0142765333166971,0.623817865136803,-1.93243437359541,-1.273690864699,-0.899104117609322,-0.495490352579441,0.536416277001563,1909.28205116739,1.00259315023408
"eps2[14,2]",-0.500439523452509,0.00835631794600932,0.44653461101926,-1.37125435856339,-0.788369721132266,-0.501978079036162,-0.216954528107294,0.411530020646341,2855.48801574816,1.00107122586587
"eps2[14,3]",-1.21779304833676,0.00897335619787526,0.608754887483568,-2.3669322590196,-1.61530994326024,-1.24478434321619,-0.84536888398038,0.0475818829276017,4602.3019344941,1.00089105246441
"eps2[14,4]",-0.719109457340862,0.0121369011775873,0.745701563498454,-2.16913499339233,-1.20813941992101,-0.732609961860138,-0.235861096251251,0.765113665946506,3774.97844137092,1.00162072458312
"eps2[14,5]",-0.358624526283322,0.0101570659861258,0.721693133704692,-1.81606248603941,-0.825850637977109,-0.352693472617291,0.104222258061618,1.084519452057,5048.57251920731,0.999922433652292
"eps2[14,6]",0.875441272987437,0.0230839256067361,0.815902311314839,-0.823721311377099,0.363435746123034,0.911723634857605,1.43232285787472,2.39233062786605,1249.27196709432,1.00467690059913
"eps2[14,7]",0.141483529499373,0.0102812180472179,0.845336755780208,-1.51280712854424,-0.437317539324349,0.14785082389283,0.702172546930201,1.80570317909712,6760.36844229972,1.00005382365453
"eps2[15,1]",0.193664846094733,0.00795313678502934,0.546247386066246,-0.894286207123233,-0.15533901456031,0.19143461616473,0.528763709880272,1.3266860617848,4717.39062643304,0.999672926779495
"eps2[15,2]",-0.291405612508464,0.00635239487577894,0.412140436042986,-1.11339465666505,-0.557122080185473,-0.288692739447506,-0.0242548533831377,0.5287345813968,4209.35427356173,1.00075617854667
"eps2[15,3]",-0.146567849830139,0.00808023272941759,0.56900274876078,-1.32801410829228,-0.500775250243848,-0.128197333791585,0.220481886938106,0.960715246449919,4958.85020543885,0.999943303472255
"eps2[15,4]",-0.0716922540345358,0.0120255330211172,0.713121235388338,-1.52831164090168,-0.532888391897802,-0.045124249631653,0.406192366487486,1.30984183283477,3516.56029163884,1.00183530632726
"eps2[15,5]",-0.434354196695605,0.0098287844391423,0.686103692189165,-1.77129249325157,-0.885947923696628,-0.446832798985562,0.00915209193149258,0.950069589666017,4872.81464863751,1.00032733639647
"eps2[15,6]",-1.26836303708131,0.0150690413337912,0.729318264639425,-2.59233632551424,-1.77364964850071,-1.31059440777036,-0.82016645979299,0.290244780128779,2342.41009792677,1.00115369953773
"eps2[15,7]",0.384233815792986,0.00922860148406924,0.821177213330336,-1.2628864692263,-0.144670651209695,0.401242807899476,0.928510993448042,2.00547830078045,7917.75382364898,1.00000965488549
"eps2[16,1]",1.25948128495072,0.0108047275953538,0.585487889319855,-0.0464021707037235,0.918229426111842,1.29152579120163,1.64096371322989,2.34003034336319,2936.35248771013,1.00091734986042
"eps2[16,2]",0.148006685119659,0.00953069090952953,0.473349120903516,-0.809203578977556,-0.147524322030927,0.160428231324741,0.461320245781403,1.03802291790944,2466.68889989674,1.00153846144984
"eps2[16,3]",0.514571975934974,0.00988750679750806,0.621998918031565,-0.725749566003239,0.116942031110097,0.516843348000375,0.923739596300701,1.71374811991264,3957.36098957452,0.999729267143362
"eps2[16,4]",0.0748283425280541,0.0115657712737043,0.724636858476735,-1.33815577015245,-0.403917202082011,0.0829828534423863,0.536509006438032,1.52304452455178,3925.46981614685,1.00024568332949
"eps2[16,5]",0.100751448884375,0.0120531564843041,0.724593480958085,-1.38445449892083,-0.363188432238816,0.108071002375879,0.587786032160833,1.47370950774517,3613.99256644188,1.00082000558036
"eps2[16,6]",0.637041092061148,0.01901829540783,0.775022376831465,-1.00422881536271,0.133462174991528,0.67326546129948,1.1808630465026,2.01227724269515,1660.67751626532,1.0019665570451
"eps2[16,7]",0.294179738377645,0.00955068642738575,0.832329393833284,-1.37197639774551,-0.258078594480147,0.302311654799151,0.862969500616048,1.92247798620022,7594.88656015008,0.999838467878527
"eps2[17,1]",0.125474142409586,0.00806051751827173,0.567063466757498,-1.07262008954692,-0.211589105360081,0.13537634650911,0.466845324034054,1.26961581568908,4949.22826922479,1.00084576939559
"eps2[17,2]",-0.577595993318629,0.00654630596745145,0.422529247293879,-1.4097006647081,-0.850646137090506,-0.576295128717663,-0.294689612519327,0.243019048127249,4166.01617857758,1.00075489183896
"eps2[17,3]",0.830142911848352,0.0122095056149964,0.633954288791757,-0.512462608111688,0.436632734995497,0.857580168489071,1.25632901892136,2.01467621065348,2695.99902401418,1.00100256551654
"eps2[17,4]",0.419697883158479,0.0117475351155628,0.718654896291156,-1.03156318850632,-0.0464193459813723,0.435930529284747,0.910077245975908,1.80825726567967,3742.37474676873,1.0013049505996
"eps2[17,5]",-0.606593067419387,0.0102088939204869,0.705218944613795,-1.95450151681841,-1.0836539167009,-0.622907475932451,-0.15572095567626,0.846072959872353,4771.89148000407,1.00011421328781
"eps2[17,6]",-0.885848152524085,0.0101209959193701,0.701688669917479,-2.24516482814927,-1.35908972883657,-0.897379310171428,-0.428971013065622,0.49223612605497,4806.64921274276,1.00023706012511
"eps2[17,7]",0.21842142277064,0.012488328639786,0.852580561714723,-1.45218026471037,-0.363164208934292,0.222417142096815,0.797899067939803,1.89436676135961,4660.8187627574,1.00116098741801
"eps2[18,1]",-2.24361415012637,0.0205866932659221,0.742625265328381,-3.50677553717898,-2.7443984795506,-2.31243278985891,-1.83087484587487,-0.545089071411217,1301.26651267024,1.00415584407283
"eps2[18,2]",-1.72213360490624,0.0122462306834008,0.602816979598349,-2.87058059434838,-2.12185985322165,-1.72635048353914,-1.32752150831277,-0.458935969859405,2423.07067267396,1.00167046654819
"eps2[18,3]",-1.59089432099873,0.013868591883119,0.80203044418361,-3.08297899259919,-2.14043939214559,-1.61779183193665,-1.06992107190139,0.0975869931606533,3344.39042599854,1.00044584589572
"eps2[18,4]",-0.504092275435285,0.0140069979578222,0.810999713996423,-2.01505246329911,-1.05758504393759,-0.52930968728835,0.0251373297285728,1.14215561701981,3352.36479654906,1.00051700902267
"eps2[18,5]",0.0194770479519291,0.010948329984281,0.795410457526303,-1.53700853588639,-0.507651525069836,0.0227651639663211,0.543816745550979,1.59541890402182,5278.21207304832,1.00038320514089
"eps2[18,6]",-1.10295106570771,0.0104717979180206,0.782746970001177,-2.61171864700546,-1.62312526559391,-1.12102517167948,-0.592250651050874,0.481109974352511,5587.27805452487,1.00024188714695
"eps2[18,7]",0.0097954506433396,0.0112465756989944,0.890800297248227,-1.74296531221219,-0.585541540745228,-0.000766881965264995,0.608296050051065,1.75929717475008,6273.64709353015,1.00067204818471
"eps2[19,1]",0.98805158877761,0.0253413879984351,0.732716031175067,-0.65789520070022,0.559268274056809,1.08418193044639,1.50269293925925,2.18231707776889,836.008302496269,1.005622435
"eps2[19,2]",-0.863090955402219,0.0116779303428721,0.490448429310307,-1.83620285207389,-1.19101860141367,-0.855440770876343,-0.523318592814449,0.071262965312283,1763.82273095357,1.0071995566176
"eps2[19,3]",0.130461928225806,0.00922537969005667,0.6285267553801,-1.1066136354732,-0.276771444205244,0.13714923670378,0.551593477579623,1.34110052581933,4641.72108015002,1.00140367280366
"eps2[19,4]",0.0699961988601562,0.0102429390816381,0.72319086507263,-1.33325183197357,-0.414357195088897,0.077804325326427,0.540426130449736,1.49729830906211,4984.9026779946,1.00012444316982
"eps2[19,5]",0.24479281481935,0.0113954225491723,0.731338899811023,-1.12820148133285,-0.258782797574148,0.225969233300472,0.718575464584211,1.72233890501628,4118.854785887,1.0006889269797
"eps2[19,6]",0.622480076155516,0.0102090533800175,0.740419748687902,-0.883510997490641,0.154761968390282,0.641787111074346,1.10617406834006,2.03834204820457,5259.99145336235,1.00034194310205
"eps2[19,7]",-0.816001340526346,0.012358333420258,0.877970610834148,-2.49506412483922,-1.40203401275858,-0.845031071278231,-0.231357315517178,0.99845850884736,5047.07944707883,0.999942439537045
"eps2[20,1]",-0.488485927287531,0.0115378142081414,0.5954336209416,-1.61889380637888,-0.870543062222417,-0.521780896409242,-0.132574762931247,0.807013675505577,2663.29714774327,1.00088870847413
"eps2[20,2]",-0.66937383939742,0.0076937762530312,0.453844806986786,-1.53215529213077,-0.969081328953223,-0.68010016608546,-0.377795210614961,0.264937978773422,3479.65059205291,1.00067264512645
"eps2[20,3]",0.532034641321278,0.0113627253185844,0.640963787430756,-0.796545372535136,0.129428140965566,0.54983720559282,0.951498266963118,1.75477235530852,3182.01315876039,1.00039559041985
"eps2[20,4]",-0.160253163481975,0.0126310071397286,0.759717847900592,-1.60090535491652,-0.668615208891503,-0.175377428448958,0.3269073888183,1.38866977858551,3617.66790862327,1.00136854989151
"eps2[20,5]",1.66925399270181,0.0190453523392562,0.780032054081743,0.0284321976001586,1.16948101101963,1.712345881964,2.21793888206856,3.0830807539617,1677.43954156972,1.00094206452673
"eps2[20,6]",0.28255779097907,0.0114232651469194,0.766238202397152,-1.18802554339496,-0.240017994836833,0.276207773168093,0.791367899426679,1.85357552222907,4499.32212204708,1.00090783644507
"eps2[20,7]",-0.343056110228368,0.0110782207094756,0.875813200840309,-2.03019365601144,-0.932432743389438,-0.356067594426251,0.249045663509402,1.36782430046232,6250.04216446383,0.999992364053509
"eps2[21,1]",0.140502503830931,0.0106655463202221,0.607975364725074,-1.03556823303138,-0.23882249416935,0.107028454495848,0.50746849959132,1.4317676736452,3249.41926910972,1.0006791172431
"eps2[21,2]",1.0752498587555,0.00874806699804518,0.463492793089581,0.120515800475517,0.781551854330949,1.09274101117994,1.38141944877856,1.94976355245005,2807.12511840836,1.00244277194232
"eps2[21,3]",-0.0832856639564991,0.016045171324482,0.837033340328616,-1.73548584155513,-0.645461096608981,-0.0753912375959835,0.476978798639569,1.55979321339964,2721.42767238409,1.00123098351285
"eps2[21,4]",0.761025645900007,0.0130012597505613,0.757764243371666,-0.815078583761888,0.278932637082918,0.765951684262653,1.2737211380319,2.19332991016669,3397.01407687292,1.00131831927097
"eps2[21,5]",-0.808741280953578,0.0128356594741567,0.737765780722539,-2.18047895478463,-1.30811878887802,-0.838234005147152,-0.340010490612045,0.721893785034048,3303.70029246215,1.0007858816471
"eps2[21,6]",1.29463098937465,0.00940077951212416,0.71027675974618,-0.128441118697769,0.835298152316216,1.30137388875148,1.74616241222495,2.69272252699161,5708.57190841685,0.999875094859603
"eps2[21,7]",-0.541069451534871,0.0110828697061713,0.880936920411833,-2.21899880011554,-1.14018338623426,-0.558067330935305,0.0403559411841915,1.24334272333659,6318.08069614079,1.00049402851181
"eps2[22,1]",1.28338071593031,0.0184137607298844,0.672239883895538,-0.237333579230544,0.906654148832428,1.34734422795201,1.73654573036084,2.43038280125619,1332.79562933897,1.00314078358713
"eps2[22,2]",-0.350863120656651,0.0100587276875661,0.492789953275786,-1.35323746848879,-0.668792385859331,-0.346363814217705,-0.0281225591039443,0.610765231858913,2400.14560069284,1.00125940920833
"eps2[22,3]",-0.715113143304158,0.0168706445296874,0.844880291359379,-2.31281218005692,-1.27993010881837,-0.755886643824595,-0.159822188630216,0.987422117507332,2507.99697994155,1.00034582565219
"eps2[22,4]",-0.300586970260246,0.0133734927794751,0.80424556001564,-1.80892283264421,-0.84496631632821,-0.317028064364099,0.20700335212769,1.34232405973774,3616.49316670303,1.00008963796189
"eps2[22,5]",-0.600388089721221,0.0124877301926138,0.762330223753512,-2.07102779354167,-1.11228286606936,-0.609579710980515,-0.114363075374484,0.973970359836325,3726.65563313414,0.999828568148408
"eps2[22,6]",0.745751239721135,0.0127879000331523,0.80185668385248,-0.858871255822849,0.216405182376395,0.74476944455594,1.28007832517676,2.30692282279894,3931.83280624712,1.00035135014265
"eps2[22,7]",1.05086430850311,0.0179535978048185,0.951441250396292,-0.893190349006002,0.417781129939299,1.09309817512842,1.70825873178569,2.8667819303272,2808.41296586444,1.00054466241599
"eps2[23,1]",-1.82872356725967,0.0111157027307933,0.637532077628808,-3.00367870370169,-2.25367087298783,-1.86343355684819,-1.45740544201345,-0.405470165204267,3289.5026072062,1.00084090970168
"eps2[23,2]",-1.93219179309834,0.0108831775805069,0.551104863390187,-2.99085124362963,-2.29884879514942,-1.93795224407325,-1.57243257406083,-0.829446381492881,2564.23046723345,1.00083078011142
"eps2[23,3]",0.0527770466033515,0.0171685352091788,0.964973547696615,-1.83039612899902,-0.610122166187669,0.0552919412496314,0.723280982170028,1.8986466247789,3159.10695692081,1.00157774470618
"eps2[23,4]",0.0600309274677372,0.0165071378927278,0.85717088170092,-1.66876423096566,-0.508992806706885,0.0664053406814719,0.655788576902818,1.68131744073392,2696.44310244362,1.0018499758919
"eps2[23,5]",-0.777168218847374,0.0128594666458538,0.80064340831433,-2.30861648689816,-1.313709117242,-0.801399004351644,-0.255905128374686,0.832749082175174,3876.43362652804,1.00167156238798
"eps2[23,6]",0.686496613780992,0.0114292833367962,0.806390215953075,-0.892773661727371,0.147452469374191,0.684032464787673,1.22776296323185,2.24929599356789,4977.97259257,1.00071000641054
"eps2[23,7]",-0.818288762122117,0.0127764488130698,0.91091945729251,-2.56420632291119,-1.44524226443892,-0.832734661820361,-0.226899381499964,1.00320028094986,5083.22857371304,1.00064687635892
"eps2[24,1]",-0.12316062427609,0.0099765950689287,0.569890149006621,-1.34455050986335,-0.462740532882128,-0.08944043343406,0.252205498609345,0.946269693937358,3263.00402175501,1.00121483674592
"eps2[24,2]",-0.00526489598919211,0.00632300869427601,0.404250480634206,-0.814651546231483,-0.263905461446662,-0.0071727832238369,0.250534981316671,0.819445646272185,4087.46015285086,1.0005590571567
"eps2[24,3]",-0.121464660231561,0.0138349761481656,0.858737211072355,-1.75638507844389,-0.714939451759392,-0.126602844235248,0.453322701727519,1.6143810947769,3852.6870674581,1.00069385439684
"eps2[24,4]",-0.676815790178588,0.0112194590755897,0.711225968525212,-2.01162794024668,-1.14811480050052,-0.698082716169396,-0.226796822583674,0.789160001501749,4018.56847727368,1.00042510074506
"eps2[24,5]",0.418169101091572,0.00921188296469501,0.690678105639801,-1.01861994856527,-0.0280315619051742,0.430295030886345,0.867660991125435,1.7327164074419,5621.53028848493,1.00032028167268
"eps2[24,6]",-0.208553995848051,0.0102802375338505,0.719304509634134,-1.5355722275857,-0.693009310851614,-0.239935242327705,0.23624620693424,1.32954998007668,4895.75038936383,1.00012963702588
"eps2[24,7]",0.189408121624326,0.00982617988428867,0.836534028290276,-1.44743767233528,-0.354413193735559,0.187749050495887,0.738565951805926,1.89300924477852,7247.65985290253,0.999766096674622
"eps2[25,1]",-0.610678377646485,0.0105467674250031,0.608734209281819,-1.75683332569631,-1.00064459572364,-0.641149077964072,-0.24887666763692,0.714445737735154,3331.32250722907,1.0010860732213
"eps2[25,2]",0.68800350009999,0.0132694097616775,0.936871490276941,-1.18948354682944,0.0657479669871315,0.717952464669066,1.33058037954143,2.42604331084387,4984.90442096966,1.00054720345096
"eps2[25,3]",0.590129447867129,0.0152659107580999,1.01421948698896,-1.41433091589613,-0.0803555972525432,0.609181730308257,1.27503531409833,2.52521778959176,4413.85907516017,1.0001584386511
"eps2[25,4]",0.471053249973159,0.0141882200402228,0.990820874712626,-1.53314994516373,-0.191350134701691,0.483064044141906,1.1548582819764,2.35233407063866,4876.79460843519,1.00021139232498
"eps2[25,5]",0.217907474768889,0.0148000516262512,0.995665268629388,-1.75745192307258,-0.447099607852325,0.231684416825341,0.872286452116053,2.18824166261486,4525.85103644169,1.00055851005099
"eps2[25,6]",1.24110901150897,0.0122144764482773,0.795511222524325,-0.359451684122207,0.722407273891885,1.24777103033063,1.77442841643266,2.7738109437617,4241.72890424369,1.00054281448366
"eps2[25,7]",-0.311184573755728,0.0106859334789784,0.981343971191654,-2.20962551997175,-0.990228015548994,-0.315211730920609,0.35171765025106,1.58615658923631,8433.68905636752,1.00007293120284
"eps2[26,1]",0.519262954206712,0.0102525293792205,0.613349141281268,-0.843857172151946,0.173532532746857,0.555593124133276,0.917857915698491,1.67300529617092,3578.93225877112,1.00106153094518
"eps2[26,2]",0.161157571779892,0.0122911876111008,0.894381876212596,-1.59534238029701,-0.451490735299155,0.178099534017631,0.775844114158459,1.86963364993319,5294.9063675552,1.00020801790164
"eps2[26,3]",0.396868042481712,0.0106075187782056,0.946378403584066,-1.46583978090189,-0.246760069722429,0.406792078413101,1.04838268921269,2.2297978086553,7959.79758092124,1.0000918189866
"eps2[26,4]",0.0632310156236747,0.012379403170073,0.917698474002055,-1.72007027220854,-0.549728303195983,0.0639095620444542,0.679316637992111,1.8771405737711,5495.4163901945,1.00113068888636
"eps2[26,5]",0.483001505819024,0.0129056901903831,0.954378358379972,-1.40736178055519,-0.156118046132148,0.488830404870141,1.14148558748181,2.30388539082311,5468.63193865808,1.00034856937562
"eps2[26,6]",-0.102348923605784,0.0096279449802708,0.778581383039175,-1.61791140864105,-0.627340000279259,-0.120579449493504,0.40417283349261,1.46763415523572,6539.4440778407,1.00022043912417
"eps2[26,7]",-0.302617202290527,0.0103093258812359,0.990602704704691,-2.20530084177232,-0.971871353410258,-0.304466647166896,0.341549041297696,1.64765680811375,9232.90746154427,0.999771508413079
"eps_slope[1]",-0.202459357628176,0.0184347382586334,1.23430285784447,-2.80684110436507,-0.814188471786832,-0.143269808546886,0.484504345291549,2.10677476978712,4483.00803809526,1.00006751030096
"eps_slope[2]",-0.0475758784070629,0.0202995263095076,0.922944122874571,-1.76974485565611,-0.484463950825549,-0.0238791077408292,0.436158179198723,1.5422532286971,2067.18340462747,1.00101002517331
"eps_slope[3]",-0.438908575801218,0.0252150578191066,1.48913937233589,-3.82044786261915,-1.14607900105046,-0.33247407520761,0.436773848923207,2.15416321587968,3487.79343642684,1.00099793162508
"eps_slope[4]",-0.297522758463511,0.0150252045186567,0.944921113571811,-2.2959856514391,-0.776957043950761,-0.258596415507407,0.232264928084259,1.40572734761179,3955.03491479417,1.00047487560973
"eps_slope[5]",-0.865964173564953,0.0252566784785724,1.2805294881786,-3.73412164670742,-1.42007182804444,-0.724594471370234,-0.132980343683128,1.12526685655633,2570.553792495,0.999940892975449
"eps_slope[6]",0.940006322684182,0.0297975792576795,1.29021032737799,-0.941953486580075,0.210691702156755,0.775681183680571,1.46405422898368,3.70327389193928,1874.8177667096,1.00237349760476
"eps_slope[7]",0.785383235743644,0.0137028297288236,1.05444174018697,-1.11259631143557,0.149001112580877,0.703587613536881,1.33989877962183,3.23656504302804,5921.40349811413,1.00043110477303
"slope_mu",-0.00842260863507542,0.000377403882035343,0.0188540351808275,-0.0509537134788911,-0.0188503821453389,-0.00640310353674163,0.00432999368315733,0.022375656690658,2495.72023418241,1.00156136379392
"sigma_slope",0.0201981364647977,0.000345482039105927,0.0157395645763431,0.00128826930905005,0.00934066659014274,0.0165672803878116,0.0269017474894533,0.0610286753950842,2075.55611271786,1.00230561875081
"log_N_0[1]",6.90260317322024,0.0138140159896682,0.66237585721039,5.70375737724336,6.47379775496125,6.85114510143312,7.29249746593901,8.37161042304837,2299.15939249939,1.0005490735624
"log_N_0[2]",5.81881661494926,0.00120485991282206,0.0976031910209746,5.62389666858796,5.76035190050149,5.8164609088445,5.87731330398409,6.02076141454375,6562.28250997241,0.999929624177524
"log_N_0[3]",5.36869474645636,0.0223799413622874,0.98944897183455,3.62611957998599,4.72077726596508,5.29222719640969,5.90420401310517,7.56120658183484,1954.6495979311,1.00324694760866
"log_N_0[4]",5.7930340746305,0.00136613193880344,0.111488518865331,5.56548257131801,5.72620864588506,5.79557882857676,5.85950533984689,6.01465448142066,6660.01185248478,1.00006506823373
"log_N_0[5]",5.35074728947821,0.00242383736335973,0.158036083592379,5.06073432424247,5.25072655221066,5.34069981137892,5.44065678378114,5.6921563375356,4251.14154626966,1.00052798232988
"log_N_0[6]",5.91134096799716,0.0022761614646481,0.1788984099509,5.54783120886931,5.80197974350795,5.91041454502871,6.01888052754684,6.27752343303802,6177.41570965676,0.999856422992196
"log_N_0[7]",3.74040723340076,0.00201180336123542,0.140439800165914,3.46695431402496,3.65203530689124,3.73478244856384,3.82294268767161,4.04215763347371,4873.14514433233,1.00039502021812
"mu_log_sigma_total",-0.702962674170388,0.00257792524857357,0.107802248373635,-0.914420816148286,-0.770769794669123,-0.703386163515424,-0.635621125698412,-0.488131826510703,1748.69874127851,0.999776238176209
"sd_log_sigma_total",0.18093104709314,0.00232069435433422,0.106767740047768,0.0173464258723593,0.105732265833893,0.167614329688851,0.236754489562983,0.435012299838381,2116.62640063623,1.00250053771403
"z_log_sigma_total[1]",0.799112882987067,0.0148642934822545,0.796255459851534,-0.909844750679507,0.318329437224315,0.830372000473607,1.30134066008631,2.35091075176266,2869.56656552803,1.00127581985075
"z_log_sigma_total[2]",-1.0081075802746,0.0104099365060546,0.704621647277868,-2.35481041229134,-1.46904739803326,-1.0174368822371,-0.578203966840172,0.429913741914174,4581.58556247997,1.00058745631085
"z_log_sigma_total[3]",0.290044873923112,0.0100805689857248,0.795324649283228,-1.2692953972004,-0.233026287377089,0.303990205867865,0.796700382163525,1.88966127363881,6224.70527142491,1.00021792585868
"z_log_sigma_total[4]",-0.615888029733863,0.00980959487529747,0.692108955268955,-1.95488223955377,-1.06782917660909,-0.625982350166696,-0.1751136306709,0.815936405172844,4977.90717073857,1.00032271831747
"z_log_sigma_total[5]",0.165478059291472,0.00957058174727802,0.713611135537683,-1.24700636437575,-0.286989548195177,0.157985783471694,0.623580262124679,1.60106315502085,5559.63861172782,0.999944486454655
"z_log_sigma_total[6]",0.433289371003948,0.0099324070330389,0.750046712541967,-1.07402071673921,-0.0383960622031506,0.435021325659565,0.903800084251108,1.89592686183677,5702.530361483,0.999980974744512
"z_log_sigma_total[7]",0.0665213476510036,0.00928234813522446,0.692993997486524,-1.26576974362262,-0.39253119223052,0.0507717860534103,0.505643361107279,1.4935281695686,5573.69552178719,0.99966049310148
"mu_logit_prop_proc",2.17199008540132,0.0371412561407994,0.674813113459933,0.845898220314558,1.71620278100549,2.17090778089585,2.62863390726086,3.51160574346267,330.106329417731,1.00708076110297
"sd_logit_prop_proc",0.643905063142445,0.0160879390561156,0.413047888376591,0.0290384106685976,0.299025813399177,0.608996517569292,0.940046582908082,1.49810462703705,659.173876582292,1.01090783461488
"z_logit_prop_proc[1]",-0.798718484066574,0.0329067949805223,1.0689482168192,-2.76774019605975,-1.55745558806797,-0.842677895333435,-0.0667327262466661,1.36529414288517,1055.21793343247,1.00457612084591
"z_logit_prop_proc[2]",0.774853961215071,0.0245460660566377,0.954958568383323,-1.19869127633103,0.164612780657796,0.815789333522877,1.43239229275596,2.54514109536706,1513.57958830551,1.00605644500299
"z_logit_prop_proc[3]",0.00157349279904934,0.0154556833978469,0.971375533214017,-1.89027094065356,-0.645218198820413,0.00153230498604212,0.665594768044017,1.89101002146984,3950.00727070945,1.00004589979201
"z_logit_prop_proc[4]",0.642350505838512,0.0220003428002419,0.956856932428593,-1.32045065813209,0.0165007156950481,0.677480374226509,1.30562936058961,2.42413155884331,1891.6253246511,1.00327996378334
"z_logit_prop_proc[5]",0.0696187608836866,0.0202459283817013,0.94129362755908,-1.78660701842714,-0.565789900608115,0.07799711270613,0.694892406879839,1.94446240458199,2161.59757612105,1.00267867203366
"z_logit_prop_proc[6]",-0.306348994629116,0.0195817365421957,0.955447119132258,-2.13179194242309,-0.962584029485056,-0.321767700957087,0.3385270081309,1.56519780221299,2380.73416420939,1.00234651500302
"z_logit_prop_proc[7]",0.194012435612408,0.016579239193175,0.912262201757774,-1.64035804339616,-0.399571208499184,0.206033775613102,0.789406815685587,1.94555039095219,3027.68136076561,1.00121260254527
"L[1,1]",1,NA,0,1,1,1,1,1,NA,NA
"L[1,2]",0,NA,0,0,0,0,0,0,NA,NA
"L[1,3]",0,NA,0,0,0,0,0,0,NA,NA
"L[1,4]",0,NA,0,0,0,0,0,0,NA,NA
"L[1,5]",0,NA,0,0,0,0,0,0,NA,NA
"L[1,6]",0,NA,0,0,0,0,0,0,NA,NA
"L[1,7]",0,NA,0,0,0,0,0,0,NA,NA
"L[2,1]",0.262451048332668,0.00540476085910394,0.193094384353554,-0.126967790159836,0.135108754220542,0.270873862777732,0.400083949876845,0.611425138406153,1276.39860753959,1.00129926292328
"L[2,2]",0.943598103481293,0.0014623925285595,0.0588363702286086,0.791302266844693,0.916327002737122,0.961752453646907,0.989071274250693,0.999891772691592,1618.69052688242,1.00098618079855
"L[2,3]",0,NA,0,0,0,0,0,0,NA,NA
"L[2,4]",0,NA,0,0,0,0,0,0,NA,NA
"L[2,5]",0,NA,0,0,0,0,0,0,NA,NA
"L[2,6]",0,NA,0,0,0,0,0,0,NA,NA
"L[2,7]",0,NA,0,0,0,0,0,0,NA,NA
"L[3,1]",0.341099625283195,0.00449250347929486,0.230704525072327,-0.180369667070215,0.20113235283058,0.364647123730439,0.505775609627439,0.723035927631661,2637.15333123578,1.00203921468136
"L[3,2]",0.280772355895031,0.00371771192795809,0.22362133954341,-0.181249925725406,0.131722202814885,0.293067912153913,0.442984442264818,0.679979322814675,3618.05379332896,1.00050392376873
"L[3,3]",0.830522780432663,0.00182843368853974,0.108780249214555,0.583381738679253,0.763522718864582,0.846418234627517,0.91552828324795,0.988692621526109,3539.49798905434,1.00100516334558
"L[3,4]",0,NA,0,0,0,0,0,0,NA,NA
"L[3,5]",0,NA,0,0,0,0,0,0,NA,NA
"L[3,6]",0,NA,0,0,0,0,0,0,NA,NA
"L[3,7]",0,NA,0,0,0,0,0,0,NA,NA
"L[4,1]",0.217103465564321,0.00440622427293613,0.195018350617631,-0.174460918852416,0.0890865801762121,0.22107108997082,0.349851694809736,0.590326642362126,1958.92478407229,1.00089916599368
"L[4,2]",0.718542570286121,0.00246288663674361,0.126030321930063,0.42467127179698,0.647589263846745,0.738818536736757,0.811706288067745,0.901002966075291,2618.55226470384,1.00202099396811
"L[4,3]",0.269287336249845,0.00471397235767318,0.189139801527558,-0.122600371895409,0.143569030283499,0.277913704999313,0.400639489528657,0.611354749405268,1609.87366065364,1.00312956876955
"L[4,4]",0.507195156934964,0.00254446269500725,0.130857752064297,0.265816273779907,0.415554041269542,0.501383964469799,0.593814965095445,0.775050408370375,2644.88464383707,1.00195301201322
"L[4,5]",0,NA,0,0,0,0,0,0,NA,NA
"L[4,6]",0,NA,0,0,0,0,0,0,NA,NA
"L[4,7]",0,NA,0,0,0,0,0,0,NA,NA
"L[5,1]",0.159813082206553,0.00533864389932478,0.232986385068069,-0.302468379362817,0.00145346414343523,0.165125891102757,0.322499101086999,0.600012344348887,1904.57982471912,1.00073308895143
"L[5,2]",0.513317294727593,0.00314131662768473,0.168106768548315,0.141587945105941,0.410484044733749,0.529970822627695,0.633720389459038,0.794515901340319,2863.82828176777,1.00157754354128
"L[5,3]",0.0982560281173629,0.0059536802501905,0.23721659504292,-0.359286635893932,-0.0660575969820475,0.0964035731108183,0.265706543476253,0.54940682143217,1587.51969699784,1.00180129370566
"L[5,4]",-0.145703108780322,0.00638327956107903,0.250084535851488,-0.574742577383994,-0.326095967077387,-0.166465931780731,0.0169126024146808,0.389767907981094,1534.92070710629,1.00356316370443
"L[5,5]",0.679782231578139,0.00279102545839448,0.129028406418504,0.40865332622915,0.59466985216725,0.68942970101863,0.775047584147243,0.899827530759601,2137.18969340856,1.00253240164598
"L[5,6]",0,NA,0,0,0,0,0,0,NA,NA
"L[5,7]",0,NA,0,0,0,0,0,0,NA,NA
"L[6,1]",0.202209845761292,0.00434755623335129,0.211354726208143,-0.249333644236702,0.0643828664404017,0.214045948315458,0.354600766766525,0.571574944621016,2363.37975687623,1.00148935971786
"L[6,2]",0.296237516260866,0.00355892915094537,0.184227741349736,-0.0889021787110099,0.173181995682341,0.308741076821129,0.429272768965743,0.619734520165657,2679.60864628334,1.00457908802858
"L[6,3]",0.100996482667044,0.00666563827232666,0.250449983739209,-0.402518599709694,-0.0719757381752552,0.110240023088132,0.277230610001949,0.56913883684837,1411.7523908434,1.00007080972898
"L[6,4]",0.227184061766573,0.00607342236524268,0.261990596493579,-0.31873688511176,0.0505813341719725,0.245090794373915,0.419534332549955,0.679424596130542,1860.82031428779,1.00245162763523
"L[6,5]",-0.135545015384727,0.00476517158887649,0.226492204856878,-0.546482115209326,-0.295127777078168,-0.146070402291675,0.0161789850575312,0.331104615253369,2259.17270145277,1.00078650976745
"L[6,6]",0.717935807061643,0.00234932712214913,0.120408285368841,0.454530666612742,0.643024361914577,0.728406898520562,0.80663550450774,0.918808904452083,2626.79244821995,1.0003651627756
"L[6,7]",0,NA,0,0,0,0,0,0,NA,NA
"L[7,1]",0.369527235176284,0.00448196548794753,0.190300283876803,-0.0342523052253171,0.246858088956292,0.383094664155345,0.505172848431013,0.695491985572444,1802.77636696954,1.0005071718699
"L[7,2]",0.64311466699478,0.00273686695782356,0.142168088252946,0.323382416886303,0.558483973537507,0.660347188921501,0.745487870144038,0.872043131498752,2698.34126001965,1.00111030831781
"L[7,3]",-0.0466798192878234,0.00447509161622573,0.202573885054996,-0.431877262463578,-0.186911478826748,-0.0529752013796763,0.0912257985818338,0.371298247625822,2049.09952616865,1.00273878920344
"L[7,4]",-0.0695036628717003,0.00450983289492315,0.214057784492193,-0.467248845387709,-0.218130626565689,-0.0766138284528368,0.0742319911301747,0.370714358491639,2252.89604286609,1.00131622490456
"L[7,5]",0.0543444163488962,0.00381742494270354,0.190744319901568,-0.313826343411484,-0.0774876205197304,0.0538014923963898,0.185323659054804,0.42750796480472,2496.6761617341,1.00216543128364
"L[7,6]",-0.218032614113133,0.00312498125276129,0.167084033536595,-0.526294462256781,-0.333014243294871,-0.224311188219445,-0.113371426036613,0.137627798044076,2858.74270427417,1.00070763322088
"L[7,7]",0.406399798494683,0.00265209085688717,0.140128888816535,0.157913733904621,0.304497905789581,0.400272935175902,0.502335246208493,0.693356159725402,2791.76308121137,1.00092568885113
"slope[1]",-0.0117111381008906,0.000532624503852728,0.025790221534199,-0.0691049896703946,-0.0261928616026655,-0.00908845680433024,0.00500120113629591,0.0354243183493938,2344.59513795916,1.00042246175963
"slope[2]",-0.00833586700204488,0.000318147686086718,0.0180454677091257,-0.0470800415483975,-0.0196922488937246,-0.00733406912047064,0.00415470547256722,0.0244489062360528,3217.20509374909,1.00107252538153
"slope[3]",-0.0202805675215847,0.000830756413162281,0.0394445281397815,-0.121726742943603,-0.0364506332157605,-0.0119160420044827,0.00442862030160516,0.035699117599961,2254.37482061038,1.00408484925666
"slope[4]",-0.0134751889136157,0.000343115105588727,0.0197553424071828,-0.0558077682951711,-0.0260391617025056,-0.0118993657428655,0.000824317756604349,0.0203435366887139,3315.04513995349,1.0012062759988
"slope[5]",-0.0240584068391496,0.00048073574069513,0.0249057315019571,-0.0766190552636505,-0.0406315490833769,-0.0218491678139612,-0.00534490993800195,0.0167287430150813,2684.02020647617,1.00106795007778
"slope[6]",0.00811035846236101,0.000137307890921888,0.0100726911707836,-0.0138195998721521,0.00235590091877718,0.00851052589699451,0.0143191368709683,0.0276239501618634,5381.45910903503,1.00009863066417
"slope[7]",0.00648426205782506,0.000326613371767749,0.0202181515976106,-0.0334926791996443,-0.00623088002300403,0.00612596305900768,0.0190034982555729,0.0485477906788789,3831.90713072361,1.00032968581173
"eps[1,1]",0.220808671696109,0.0154589704959197,0.872143770342462,-1.49244094666305,-0.366127398251982,0.227382192109245,0.796851613788349,1.91965785464729,3182.84162708237,1.00037970854121
"eps[1,2]",0.963508286539445,0.00684997883449516,0.431791818433041,0.104058980305347,0.690994768942609,0.964596314019181,1.23372911270794,1.82415481723899,3973.47384819389,1.000195660367
"eps[1,3]",0.0781466893467294,0.0148988132447293,0.880353006912034,-1.64835219387167,-0.509857089146355,0.0670377329623005,0.668303874666598,1.83180801567155,3491.48637155686,1.00074483244571
"eps[1,4]",-0.422917963634623,0.0117780594353783,0.733515497030497,-1.83219528304114,-0.914322756028021,-0.442541044060454,0.0596745507939851,1.05576025525154,3878.56526866486,1.00009915435707
"eps[1,5]",0.967253749129805,0.00889993553068816,0.694856631686245,-0.488101639517338,0.534212227556185,0.992288348416764,1.42125997969232,2.30917161894782,6095.60325218273,0.999871148297019
"eps[1,6]",-0.461243147553114,0.00861490495105285,0.696885618519783,-1.80018247310903,-0.926404048857676,-0.460909891973443,-0.0148197582168212,0.951998375227131,6543.6795582371,1.00049484462194
"eps[1,7]",-0.152128913084032,0.0106550047280228,0.851985515522211,-1.85248543241547,-0.704780454552113,-0.148140762236736,0.406447108461497,1.58505275367597,6393.77176418421,1.000153987326
"eps[2,1]",0.745540492865959,0.0142156362346096,0.85589390222463,-0.934654784396904,0.175466406634212,0.745915427580259,1.33102994273803,2.39716360399355,3624.99374137149,1.00017463776096
"eps[2,2]",1.51879451249108,0.0083337310880994,0.477514522743852,0.54550442541834,1.23373853487333,1.53189232587598,1.81782415461768,2.46894433096129,3283.17629656605,1.00102471012687
"eps[2,3]",0.102682717169833,0.014373992654351,0.882289670716824,-1.6316859677653,-0.497609022236001,0.112636471446888,0.692348984475849,1.84415112952421,3767.62398049564,1.00049518035961
"eps[2,4]",-0.171604257888143,0.0123258934801998,0.754993002445699,-1.64200536945202,-0.676386265278218,-0.18318538538646,0.321246357174946,1.34837900097184,3751.88080262016,1.00181481612029
"eps[2,5]",0.648584852394308,0.0102989509863458,0.714121478302798,-0.830635154101906,0.185709460978052,0.664949521886004,1.13303634532847,2.01889330902571,4807.93079776341,1.00090135451606
"eps[2,6]",-0.496588563342597,0.00943110094677241,0.711662044328156,-1.88613814559975,-0.967849009993927,-0.518190585887752,-0.0410791522820689,0.948495905950652,5694.07025006704,1.00099861482745
"eps[2,7]",0.5572908944557,0.00967928510135083,0.838695330565553,-1.12870197443265,0.00556233787878703,0.578992507290487,1.12099881624071,2.16014534148331,7507.95889020643,0.999788279480235
"eps[3,1]",0.588269538780421,0.0108448609701946,0.817314534936004,-1.0871521980601,0.0530816362237179,0.607231754454351,1.15132921844244,2.14014753719783,5679.76630817591,1.0000599315054
"eps[3,2]",0.920915369400712,0.00691511188223113,0.435342975828735,0.0471850080340462,0.644839277993973,0.929197048163221,1.19733779525965,1.7791863947348,3963.37039439061,1.0002709592455
"eps[3,3]",0.356267011623826,0.0112962505610758,0.838141303869685,-1.36397293971338,-0.188125301516628,0.384262469798972,0.919715909020486,1.95647143292391,5505.10812097046,1.00074484680683
"eps[3,4]",0.533159110769189,0.00875542927799615,0.681575231926107,-0.866832115766586,0.100984526157709,0.549858865220546,0.991573147564487,1.83460887725026,6060.00121596195,1.00091920154663
"eps[3,5]",-0.014519769770012,0.00987600555855414,0.67408895752363,-1.29141910833774,-0.457078517929233,-0.0166325569319725,0.426508571461874,1.31637308269991,4658.77540838378,1.00038699337401
"eps[3,6]",0.235425295504107,0.00816885505859212,0.676076821652944,-1.12504035251811,-0.202931732651595,0.233645346929675,0.681547360157094,1.54522409814046,6849.6710176393,1.00014273086185
"eps[3,7]",0.374292641289601,0.00848561878523008,0.818471990894886,-1.27315810652407,-0.151681938584239,0.378476207750071,0.924119699378497,1.98364732598829,9303.376766372,0.999778305461224
"eps[4,1]",-0.342014894332688,0.0144543644682502,0.866067363952801,-2.00962246680689,-0.928764925045739,-0.352229597269616,0.233109767941444,1.39095993605579,3590.09006698755,0.99974153065846
"eps[4,2]",-1.56066014650241,0.0065662065647688,0.444056149736961,-2.39149515329983,-1.8473631660424,-1.57388087434777,-1.29099969869836,-0.642738559577194,4573.47907095741,1.00033810417343
"eps[4,3]",-0.110606736503405,0.0119231780718612,0.852629973200188,-1.76644776281797,-0.681903891915408,-0.125629529524282,0.442952902339534,1.59908325344541,5113.72219435222,1.00022827621911
"eps[4,4]",0.0336618503659359,0.011214802248686,0.719472341956192,-1.38184491792717,-0.434110568264872,0.0342777658197208,0.507919400204191,1.42262139312411,4115.71190162677,1.00024695045591
"eps[4,5]",-0.655590078988254,0.00932210071823765,0.675348080499535,-1.9387543485942,-1.10742402515464,-0.676255530849858,-0.223788081485171,0.716507948486844,5248.41004444792,1.00015932719868
"eps[4,6]",0.195941641324252,0.00874391271082355,0.669047998214536,-1.17643092519661,-0.233312411005121,0.214250478165642,0.639642751400055,1.4835608656278,5854.6767857021,1.00044051812913
"eps[4,7]",0.0268396619782255,0.0100486858945802,0.825192168353505,-1.62686109502606,-0.51834918281119,0.0381742959283172,0.569389919848911,1.66328073013323,6743.59768532259,0.999852788913527
"eps[5,1]",0.125872215455139,0.0126876977665828,0.840218068238964,-1.48925317419381,-0.446702086107509,0.118158255671483,0.68795138117586,1.77941608031018,4385.49260870233,1.00072579071589
"eps[5,2]",0.379847351437058,0.00624960086973628,0.418267107178864,-0.491571784706439,0.123736902179629,0.395385355432642,0.650521300142913,1.17189135375048,4479.22482333504,1.0010747802145
"eps[5,3]",-0.146052714043954,0.0153982455230516,0.852538815384432,-1.77060132350113,-0.726508699825937,-0.153057473650726,0.400966482284722,1.57269410966545,3065.39074696094,1.00004120831666
"eps[5,4]",-0.600562628116416,0.012831447811723,0.724161666777025,-1.9657577261568,-1.07820846477636,-0.62709235229124,-0.148334142394174,0.915288311520932,3185.07556208805,1.00030507120419
"eps[5,5]",0.578713676331808,0.0102847679059709,0.68377765229573,-0.875654250645109,0.155117320241659,0.601328912189793,1.03365540264302,1.88171466308928,4420.18874608357,1.0005890574443
"eps[5,6]",-0.734765729009986,0.00893391929937644,0.669996608784883,-2.01389184094102,-1.17732343321009,-0.76157692525198,-0.314342049121584,0.649531248252041,5624.2052145113,1.00009092787494
"eps[5,7]",0.138788422536089,0.00922104630635837,0.823396393859406,-1.5019355633857,-0.40969996364405,0.146287611013581,0.696474350067009,1.72551521256077,7973.65636629584,1.00021885293701
"eps[6,1]",0.258328897225993,0.0116635081604652,0.806476903949632,-1.30308316314428,-0.288167632694967,0.261886229680253,0.797706918030212,1.81966830855743,4781.07409071136,1.00054224801055
"eps[6,2]",0.530122406996612,0.00566582566810745,0.415911540657015,-0.321146773176987,0.281798899056589,0.534551940395946,0.785262306852912,1.3670724136448,5388.59479657793,0.99996307655592
"eps[6,3]",0.354433813070713,0.0129062398236579,0.834243882446314,-1.34260816988835,-0.196272313404591,0.367037259716836,0.907493572293433,1.99754696848285,4178.17474323102,0.999808660560021
"eps[6,4]",0.668524053435999,0.00848689946317046,0.66301713189056,-0.684637842115517,0.235949657669638,0.676956594665965,1.11688862322369,1.94420037234264,6103.11264530271,1.00127136716977
"eps[6,5]",-0.219035723732017,0.0088017875915846,0.65535199291972,-1.51534627240672,-0.649765742349888,-0.216165070862532,0.201918854833077,1.0626793374004,5543.79907094485,1.00002352128749
"eps[6,6]",0.208069217419002,0.00856177706074083,0.681209709783087,-1.15867558091886,-0.221306071769393,0.225856240753361,0.657079547346872,1.52927939994244,6330.43901205528,1.00039241851356
"eps[6,7]",-0.0584337704770322,0.00912202818761613,0.82198565531096,-1.67244432210259,-0.596334454074609,-0.0591414457820154,0.489380829124262,1.56031100857065,8119.80608066521,1.00008502951248
"eps[7,1]",-0.507679657712132,0.0162391937444115,0.916766064900565,-2.25302717911272,-1.13252299558617,-0.522618470290933,0.116133779085533,1.29876889779554,3187.0445298476,1.00052310436259
"eps[7,2]",-1.14626496555094,0.00797259267927264,0.461660751656122,-2.02567704687214,-1.4462349303834,-1.16013842973802,-0.869724861566429,-0.19143331310897,3353.10193031402,1.00018221194181
"eps[7,3]",0.128491576640675,0.0158262431701151,0.947661736151639,-1.74828314933171,-0.504340668135596,0.141741916915068,0.769482020199467,1.9623148738466,3585.51069352168,0.999951744421375
"eps[7,4]",0.652096181533393,0.0135739318897995,0.776727328621929,-0.975186631614009,0.147503613745789,0.68451947957472,1.17116402510331,2.10996805238092,3274.35558110662,1.0004988755173
"eps[7,5]",-1.11374321648754,0.0113221948859718,0.730820813805186,-2.42402975156107,-1.6135002483261,-1.16592813213385,-0.640613302493452,0.420035663788759,4166.39616825361,1.00083354525645
"eps[7,6]",-0.536980172799605,0.011059752070803,0.714592830724821,-1.93142307330673,-1.01257940850451,-0.547352616304076,-0.0751947453021043,0.902571407830598,4174.71206207848,1.00177973935801
"eps[7,7]",-0.306654615402773,0.00914413571967625,0.853430688422988,-1.99680782796008,-0.874624036796209,-0.317042087788894,0.25264661228552,1.38865396393878,8710.66244688525,0.999950168697571
"eps[8,1]",-0.0901674579273301,0.00894689933412152,0.539700112572887,-1.25753284082091,-0.401132466631636,-0.0615188076972385,0.245815346930287,0.934212306400637,3638.81449037264,1.00122890727798
"eps[8,2]",-0.622324339326699,0.00527975181129069,0.367247337793417,-1.33943914103061,-0.852921543317057,-0.627627256403103,-0.401620135418148,0.143890936604995,4838.27218614245,1.00032182847958
"eps[8,3]",0.00688297570714204,0.0102294281485628,0.806301984133899,-1.5502499733909,-0.538039811206424,0.00223872066439569,0.538507181040161,1.63845360700634,6212.87684092031,1.00024836092653
"eps[8,4]",-0.158860694155519,0.00972832201622359,0.677517897958072,-1.47030914799354,-0.601445515190826,-0.173926532023363,0.290420148213085,1.18522963816972,4850.26725610639,1.0007298071412
"eps[8,5]",0.195679588263872,0.00970839453156596,0.643882467059228,-1.1261537916852,-0.208431728122563,0.205437512308693,0.617719210281096,1.44758388524502,4398.63944923789,0.999929620772251
"eps[8,6]",0.454617272281284,0.0122156444457148,0.677683679614687,-1.00956300873826,0.0355866126950456,0.499599700893607,0.914777409189492,1.6890154117973,3077.66458252757,1.00209193258258
"eps[8,7]",-0.349013482571115,0.00966023502904426,0.800796755262822,-1.87393082501028,-0.886788998222022,-0.361615213606386,0.170039896536719,1.25278132372065,6871.77963545193,1.00022594174054
"eps[9,1]",0.107298706379215,0.013757477593006,0.785036293248792,-1.43543170169716,-0.417466539929915,0.106960636669108,0.630208777487494,1.67538484360839,3256.13079843372,1.00100569334534
"eps[9,2]",1.7030920012439,0.00713553077110629,0.453779474772095,0.829929194629198,1.4063169571966,1.69178645932957,1.99235697635315,2.62169646890255,4044.2419486684,1.00143495045011
"eps[9,3]",0.219154311668075,0.0139374309817099,0.878002151808523,-1.53513325966519,-0.368053704626058,0.23184271463953,0.80155586133844,1.94365303212288,3968.49375319294,1.00086420793935
"eps[9,4]",0.00708119119264075,0.0119790057906514,0.757279646362634,-1.45321487443188,-0.491603581975018,0.00992742626357923,0.498003334755861,1.51040760016966,3996.41903566149,1.00091963261643
"eps[9,5]",0.702377654252091,0.0105388103063125,0.722028531487178,-0.806659725127057,0.24470315553547,0.725409458315424,1.18674534542301,2.06141249135243,4693.81040963205,1.00145599894368
"eps[9,6]",-0.653040093866329,0.00921218043354642,0.715973091581532,-1.9914347248505,-1.13640997111903,-0.668474511283757,-0.193456495356963,0.7970918642648,6040.43937330333,1.00055407648248
"eps[9,7]",0.316645780529228,0.00969064919010964,0.832629035765261,-1.32603343907023,-0.236087125383822,0.330683444995086,0.891142865627612,1.94934045255483,7382.39637123055,0.999826995150946
"eps[10,1]",-0.300939290748947,0.0107313879286507,0.744730438135267,-1.73238358078105,-0.802287951687196,-0.317052867438197,0.185157575509841,1.18439872216502,4815.999353039,1.00047711761535
"eps[10,2]",0.536156716009275,0.00614474033070881,0.414320096993501,-0.22153732836504,0.272602777670114,0.517128165511447,0.781938692638984,1.41815942920392,4546.37159514663,1.0012452620763
"eps[10,3]",0.121767630113225,0.00975323839640554,0.794513816023786,-1.45421465567795,-0.407261180458836,0.116478670698432,0.641966476153302,1.69878740390974,6635.98243678795,0.999684966073603
"eps[10,4]",0.076125812974203,0.00928660612681421,0.678853315722204,-1.25467366717738,-0.362115757864631,0.0821682584416589,0.513983248156455,1.43566199459457,5343.64790713145,1.00037106355174
"eps[10,5]",0.139109279256876,0.00837008247552256,0.653274947183497,-1.22123307639671,-0.26346806817541,0.159140213791647,0.560576068231174,1.39035062381295,6091.6161897783,1.00023568105952
"eps[10,6]",-0.257297674921099,0.0081704931808008,0.661681964680097,-1.55586829701529,-0.686689019413405,-0.270450950732288,0.177774833779804,1.04903872783566,6558.46267023266,0.999723053072419
"eps[10,7]",0.0751215658432959,0.00885327375387478,0.816028801451294,-1.53117082486905,-0.471543896011769,0.069938996442294,0.612318767086262,1.66400747711904,8495.77863427851,1.00046143619861
"eps[11,1]",0.228723899793246,0.0147742271783449,0.817751436754677,-1.38838180164945,-0.323677290728929,0.236701563280809,0.774556990084624,1.84104761892891,3063.6072329846,1.00081367188997
"eps[11,2]",1.66118214282618,0.00798654941509862,0.468763748133182,0.764959521033027,1.34927055744094,1.64422670252928,1.96244216991148,2.61256323253904,3445.00352026992,1.00188720935239
"eps[11,3]",0.484402690985873,0.0172050167664584,0.936437690447063,-1.40705521354811,-0.139404820647033,0.50417863048051,1.11932199901225,2.2660286484339,2962.42640468736,1.00041285504395
"eps[11,4]",1.0657678063329,0.0124431707914056,0.754266282421104,-0.51867470741235,0.589344933392049,1.08781682029573,1.58328382256681,2.47138739449627,3674.40703474679,1.00067491585667
"eps[11,5]",-0.723936561309062,0.0115475072868063,0.745274501996316,-2.14934778599867,-1.22384954644123,-0.724514812974145,-0.232393868655644,0.755812264069354,4165.39351045229,1.00153059179607
"eps[11,6]",0.544753585573599,0.0106445056393327,0.740041441621359,-0.99218068194329,0.0698037689532416,0.556387279449431,1.04197697599853,1.9251727191648,4833.49293581518,0.999982195316461
"eps[11,7]",0.256703188039258,0.0112263515155013,0.847778516653785,-1.4409088462356,-0.30131661430247,0.25756586797813,0.817288470258717,1.93145140319751,5702.79212094928,0.99981838289805
"eps[12,1]",-0.131456271452402,0.00769578771422019,0.516891999581472,-1.15218164781691,-0.44827530297817,-0.140079677852305,0.174811482685918,0.960711137558825,4511.21433727291,1.00104978333477
"eps[12,2]",-0.0654678191849522,0.00450025439224238,0.356269675390145,-0.743263271364593,-0.294071650318156,-0.0804042348832297,0.149812039727934,0.671406623210279,6267.34478626961,1.00080699663396
"eps[12,3]",-0.0918620168139275,0.0116903221582392,0.832122332536505,-1.69962007896225,-0.654766612487503,-0.0888814987683401,0.458101725613481,1.57178005216745,5066.65573967776,1.00033451618145
"eps[12,4]",-0.386805983650862,0.00985090253801798,0.664623256694096,-1.69435592715569,-0.824578759893549,-0.394999825020217,0.0408060522232747,0.92415726948686,4551.96614885602,1.00078813685912
"eps[12,5]",0.31362800116436,0.00937608299059027,0.649289623421217,-1.08090087341196,-0.0896626729713702,0.33917166868141,0.747094534769512,1.53619470018921,4795.50158677286,1.00021309972018
"eps[12,6]",-0.571402791257575,0.00825984527858115,0.65583116051089,-1.84635723332602,-0.993525125774733,-0.582456954794493,-0.169779687700274,0.772254807520333,6304.34933735655,1.00025541368898
"eps[12,7]",-0.0597644702598569,0.0100708516431638,0.815317979180182,-1.67797100672657,-0.595070748463515,-0.0638878380812271,0.473818206050068,1.56114937395178,6554.22946687235,0.999766123618621
"eps[13,1]",0.7984754784868,0.0137108754244753,0.559980986690682,-0.461569869380502,0.47120913433964,0.853252011361188,1.17782511113726,1.78026235059519,1668.07737975089,1.00399758196709
"eps[13,2]",-0.0655221036910738,0.00757081343276625,0.38495801484934,-0.875528261980652,-0.307545034322022,-0.0508610643168111,0.188905852330402,0.662623351475392,2585.48274761765,1.0023368524907
"eps[13,3]",-0.628074760891693,0.00757962634974729,0.550895538538727,-1.75247798023333,-0.976731663771336,-0.620012040307856,-0.276561627607772,0.438264292409872,5282.54148885873,1.00007962842124
"eps[13,4]",-0.76379798228323,0.00931434889053358,0.667271669076921,-2.06857145751394,-1.19862349586546,-0.757670740963517,-0.325873952586833,0.530396902603346,5132.1621481924,1.00018013080588
"eps[13,5]",-0.392005726586766,0.0110942366471884,0.675352216012806,-1.70595509427013,-0.833327821945013,-0.407821087465993,0.0411951106892053,0.993341524264464,3705.66203085675,1.00132161221058
"eps[13,6]",-0.646863175730485,0.0101879866931192,0.702418254730307,-1.97580356040803,-1.12268161884132,-0.665030920171266,-0.182493302586164,0.772904627439287,4753.51469956372,1.00011528654024
"eps[13,7]",0.0343496969344475,0.0105057444226664,0.818512711467617,-1.57471477843724,-0.506955584381856,0.0385733608709144,0.586906219179576,1.64181613617167,6070.11884477131,1.00019295297437
"eps[14,1]",-0.854518491763752,0.0141141363772875,0.5968578911448,-1.88807393628639,-1.24841726607396,-0.915952186692162,-0.532016170167278,0.514432838731343,1788.27070159333,1.00260233411263
"eps[14,2]",-0.493780884199705,0.0075384879165167,0.40405958167441,-1.27816080069972,-0.742063171924727,-0.500473053028395,-0.247253294135357,0.34781400868836,2872.91206833629,1.00160476004321
"eps[14,3]",-1.22144693262121,0.0087952009799887,0.578653484192168,-2.30864257738378,-1.59667088132934,-1.24316388065102,-0.878249409850999,0.0141301274473326,4328.58159856491,1.00108688925626
"eps[14,4]",-0.720584830391266,0.0118015484013179,0.722846123912899,-2.12087191057041,-1.19738921216668,-0.732215411412789,-0.246618237191452,0.740179645798595,3751.57583137198,1.00210531170966
"eps[14,5]",-0.358162967055317,0.00979848121905755,0.691731245411066,-1.74578590102692,-0.801614731545621,-0.350973654966085,0.0784310311176819,1.01874555954158,4983.76157358472,0.999998655032445
"eps[14,6]",0.867897536416405,0.0225400621070684,0.787090601059836,-0.82173466048182,0.371959183044971,0.918830731126873,1.41039850051378,2.27604316720109,1219.38047290249,1.00449227774258
"eps[14,7]",0.140698487455951,0.0105230114963999,0.83141575849523,-1.47897967861484,-0.418394917769209,0.134495707777534,0.698124446640595,1.78366669206289,6242.46928035456,1.00019151429177
"eps[15,1]",0.188523410565559,0.00719350510226236,0.511457255663815,-0.835458383856892,-0.12316331909703,0.1796409002395,0.499196082998283,1.25366052582643,5055.19108008659,0.999654623566664
"eps[15,2]",-0.284746973255661,0.00529813078425762,0.362168698527058,-1.03005522986538,-0.504039834761925,-0.280793957292237,-0.0618050005644682,0.424393184252308,4672.7922787189,1.00082908512889
"eps[15,3]",-0.15022173411459,0.00772797035312541,0.537320561816868,-1.26498687490034,-0.479852312865816,-0.140046148687371,0.192080828777753,0.890663076767005,4834.32702675112,0.999852850703836
"eps[15,4]",-0.073167627084939,0.0118209552041763,0.684839869672034,-1.48377433124613,-0.503944025987362,-0.051143951937584,0.372688226243985,1.23789140450242,3356.39394362016,1.00163605389514
"eps[15,5]",-0.433892637467599,0.009566749273431,0.66351532815476,-1.70931737080921,-0.865465111127241,-0.446246401315112,-0.0167666323774698,0.923264827814053,4810.31078422052,1.00049882284833
"eps[15,6]",-1.27590677365234,0.015361494008299,0.704958315050929,-2.52883820736212,-1.76544618897778,-1.32176611505545,-0.833600688711295,0.233256564190775,2106.0077415653,1.00160773845755
"eps[15,7]",0.383448773749563,0.00903031058350469,0.796898526967062,-1.22031446248757,-0.137053052109116,0.4006119149803,0.910973515148977,1.92473692258062,7787.54686427658,0.999949618732694
"eps[16,1]",1.25433984942155,0.010482093258442,0.55207983121702,-0.00147134775605965,0.949947598891379,1.29239462598757,1.60317928381693,2.26678953066964,2774.00809900529,1.00100905122761
"eps[16,2]",0.154665324372463,0.00854267158484655,0.431291962024515,-0.746258034570539,-0.106773376049519,0.171296906013908,0.439478027593711,0.942363536003503,2548.91473146815,1.0008826149134
"eps[16,3]",0.510918091650522,0.00934009415003955,0.58744139864296,-0.677929266848976,0.140206194154466,0.51678563671569,0.893239194400682,1.65289303831791,3955.72953900751,0.999830005617278
"eps[16,4]",0.0733529694776509,0.01201276043295,0.698579591543413,-1.30480528702786,-0.383699542427924,0.0614266793410631,0.526303345220153,1.45601999477447,3381.78626184015,1.000479391627
"eps[16,5]",0.10121300811238,0.011640826083075,0.696177144406936,-1.31196186751959,-0.340802349151203,0.121231199733698,0.566836515058309,1.40042957367991,3576.61275366269,1.00064963743623
"eps[16,6]",0.629497355490115,0.0185225476857829,0.747958115235271,-0.976467049133528,0.161143927154953,0.666242549757546,1.15106915796439,1.96552589719189,1630.62131153783,1.00170819920234
"eps[16,7]",0.293394696334223,0.00907208705552985,0.806433002431016,-1.29971018730137,-0.233064922239698,0.301109472315697,0.828321548440502,1.86013366562445,7901.729655399,0.999856790419891
"eps[17,1]",0.120332706880411,0.00749469280114395,0.531487572095342,-0.991565494556462,-0.187469415287519,0.129229918240043,0.435585361642264,1.19695732047413,5028.96432622172,1.00092183610762
"eps[17,2]",-0.570937354065825,0.00488236321772976,0.366547348404087,-1.33687881694614,-0.798220660327802,-0.563143044118497,-0.33537042769003,0.134881601671933,5636.37648196321,1.00006375904799
"eps[17,3]",0.826489027563901,0.0124366520404403,0.600386393018788,-0.462467377771231,0.468976873137019,0.855604015489946,1.21869830522948,1.94079562426636,2330.53009112274,1.00100510209044
"eps[17,4]",0.418222510108076,0.0113926465226303,0.689235976634008,-0.962540253279161,-0.0232694899392723,0.442505616163465,0.869714550360065,1.7706465235068,3660.04674046355,1.00108744832198
"eps[17,5]",-0.606131508191382,0.0102160384608404,0.682100686945041,-1.92039879497966,-1.05907018466386,-0.626483938248515,-0.176092798759996,0.802192811253556,4457.91655863061,1.00025914000817
"eps[17,6]",-0.893391889095117,0.00988057647852369,0.674810716967178,-2.2021087783345,-1.34765624399185,-0.911489802972064,-0.450703546864152,0.456552875281657,4664.43853118538,1.00034943011604
"eps[17,7]",0.217636380727218,0.0122009322242775,0.826941369323527,-1.4158948168359,-0.344554815968982,0.227053288429397,0.772865897668753,1.85134207247509,4593.70824084721,1.00131652556593
"eps[18,1]",-2.24875558565554,0.0202499838190838,0.720107278469567,-3.47398069830819,-2.72149387529096,-2.32912294382248,-1.86371139927861,-0.59547102257888,1264.57630535747,1.00421106806634
"eps[18,2]",-1.71547496565344,0.0123861243599821,0.574896824421314,-2.81567803957741,-2.09817145566266,-1.72808760316632,-1.33728886430652,-0.531434977079546,2154.31371941646,1.00274010141571
"eps[18,3]",-1.59454820528318,0.0138336257865269,0.781305775663626,-3.03546554684256,-2.13140920259428,-1.62654821122305,-1.08237104161996,0.0646116728415125,3189.84824843499,1.00048924745298
"eps[18,4]",-0.505567648485688,0.0139187956032887,0.785125352941084,-1.97145851094846,-1.04337330602595,-0.525627373519193,0.00107423835504266,1.09795569419707,3181.81326948945,1.00037424667376
"eps[18,5]",0.0199386071799345,0.0105106406491105,0.767434352554697,-1.46646181230797,-0.493178995091851,0.017444602610346,0.524078491954507,1.55716205034736,5331.18919076354,1.00037967609853
"eps[18,6]",-1.11049480227875,0.0103401269242165,0.760645144523831,-2.57971647556925,-1.62492681219382,-1.11434700167984,-0.620655463932376,0.42505388546517,5411.43511241205,1.00004770387015
"eps[18,7]",0.00901040859991695,0.0118548496746625,0.872968926696524,-1.72222353836693,-0.556673323398787,-0.00160198420819275,0.595972108545848,1.73404752782195,5422.57375785539,1.00080361877787
"eps[19,1]",0.982910153248436,0.0254573812941627,0.707118507059253,-0.625598300116724,0.575494675272087,1.09291915376531,1.48370458580842,2.09097369212885,771.537346751404,1.00642590316996
"eps[19,2]",-0.856432316149415,0.0106935429651388,0.447843253446054,-1.75744918278481,-1.16154726506713,-0.839173612555115,-0.546471310675417,-0.0322118572926371,1753.91618155517,1.00603040408257
"eps[19,3]",0.126808043941354,0.00866517792731262,0.59584994253487,-1.06479250317648,-0.261234205942797,0.137261234475695,0.515775978132445,1.29945196773625,4728.45035939531,1.00116941661127
"eps[19,4]",0.0685208258097531,0.0103393965417393,0.696880309988348,-1.30400715447329,-0.389124910248685,0.0665438529105847,0.521330462456276,1.44955843821574,4542.82496713084,1.00031989492456
"eps[19,5]",0.245254374047356,0.0111046961939436,0.703402162587017,-1.06066304551549,-0.226678194456197,0.215909927000723,0.698346708403752,1.68758102350249,4012.30589128023,1.00070546127911
"eps[19,6]",0.614936339584483,0.0102877152205448,0.718500063287712,-0.870953098945939,0.17096870471594,0.619863125666707,1.08390820045994,1.97798501951112,4877.70750283932,1.00026586590715
"eps[19,7]",-0.816786382569768,0.012022539609763,0.858169444764876,-2.46714047043962,-1.40016793167778,-0.848725187526234,-0.244726307987558,0.92819552686115,5095.11113775322,0.999948758791519
"eps[20,1]",-0.493627362816705,0.0104533910820481,0.564840826973552,-1.54757738900405,-0.858156597035886,-0.527568692387398,-0.164431063830251,0.761776114943337,2919.69686381189,1.00084043526151
"eps[20,2]",-0.662715200144617,0.00712982132251096,0.412680537843759,-1.43536132649243,-0.931083418435069,-0.674789251775731,-0.402945988509798,0.182071639937447,3350.19960538444,1.00171251325643
"eps[20,3]",0.528380757036826,0.0111493422547879,0.608541856829252,-0.736779829364353,0.154297035854153,0.539029565252821,0.919986906888145,1.7006909615241,2979.08171534146,1.00061441248842
"eps[20,4]",-0.161728536532378,0.0122832704887995,0.72745644872,-1.56474020110778,-0.647185156296528,-0.176308103914793,0.300872365716975,1.31068396910809,3507.40539174661,1.00127167845267
"eps[20,5]",1.66971555192981,0.018608790328261,0.752295269105007,0.0542162637716046,1.18619100904404,1.70859298983297,2.19138477207785,3.02514882330964,1634.33234654426,1.00064376276429
"eps[20,6]",0.275014054408037,0.0111071276299733,0.741275365781358,-1.13734616132645,-0.23197814607065,0.267286544386365,0.770525025364875,1.79292491811363,4454.05536381318,1.0006321011242
"eps[20,7]",-0.343841152271791,0.0110455287836539,0.853496395901093,-1.97981020058626,-0.920893168468889,-0.346707437627115,0.219577662658806,1.32591607154552,5970.77024165339,1.00019215038463
"eps[21,1]",0.135361068301757,0.0104504640002587,0.573305487521087,-0.99018149426928,-0.215678973044887,0.103706318600977,0.469629067108608,1.38161450612455,3009.54644792876,1.00115713545791
"eps[21,2]",1.0819084980083,0.00760667569954222,0.422062851390171,0.20035519348799,0.821842956511892,1.09788411700596,1.3614480282974,1.87431777400253,3078.67932448717,1.0016711901228
"eps[21,3]",-0.0869395482409507,0.0159561162119283,0.81377440439577,-1.67597220124165,-0.641679103197039,-0.082495116873179,0.467765423942249,1.48856612896908,2601.07976400134,1.00115249226792
"eps[21,4]",0.759550272849603,0.0132205981562154,0.732991210658801,-0.744766307187002,0.285693631167869,0.771282369022157,1.25224183774461,2.12236496737173,3073.93956046723,1.00185128687205
"eps[21,5]",-0.808279721725573,0.0129149270548002,0.712470240668391,-2.11692166069846,-1.29590303832507,-0.836682739625561,-0.351122291630532,0.694655814617243,3043.33347268362,1.00096160135184
"eps[21,6]",1.28708725280362,0.0089524831872832,0.684069930921982,-0.099866149584956,0.854462014940909,1.29718524997049,1.7310469899422,2.64825952145245,5838.67059098302,0.999831799804806
"eps[21,7]",-0.541854493578293,0.0107128118135681,0.856991639487939,-2.17890114208397,-1.11744586968153,-0.56537428487875,0.0283683217620858,1.18945419384887,6399.50257764729,1.00025642199016
"eps[22,1]",1.27823928040114,0.0182918847004717,0.643836158583529,-0.205742299622575,0.932631756228321,1.35020537147249,1.70990230838061,2.34653424880198,1238.89304988498,1.00333469855847
"eps[22,2]",-0.344204481403847,0.00912524613448804,0.447834460959881,-1.24426460908528,-0.632359455959529,-0.33536674273536,-0.0495503935868117,0.50926579410646,2408.49552771886,1.00112084854459
"eps[22,3]",-0.71876702758861,0.0165398207267227,0.824507889993545,-2.27411764176255,-1.27033453089314,-0.759408036276689,-0.18547704753984,0.949069607664698,2485.00940003318,1.00048960689269
"eps[22,4]",-0.30206234331065,0.0132449673247773,0.785241953915906,-1.77650344646339,-0.833703178946943,-0.322424570052206,0.197404416958974,1.31886039134397,3514.83714667276,1.00028249156041
"eps[22,5]",-0.599926530493215,0.0123697041002619,0.738538255177553,-2.01175710578926,-1.08638715624999,-0.599677170551071,-0.136494193189803,0.907687288243178,3564.73598609404,1.00007750133626
"eps[22,6]",0.738207503150103,0.0127829278802831,0.775662762749713,-0.807133187221996,0.231505717732743,0.743265792427745,1.25732421161688,2.24757010179948,3682.01207269571,1.00051674580081
"eps[22,7]",1.05007926645968,0.017974222195686,0.927691612696625,-0.834407482979288,0.441376227843139,1.07403711384909,1.68718091543367,2.82729037188034,2663.83332727068,1.00073333640889
"eps[23,1]",-1.83386500278884,0.0110244006022756,0.606720245698557,-2.927733765067,-2.22668709174481,-1.87522241656914,-1.49255300749979,-0.468601863014489,3028.77493161411,1.0009063980396
"eps[23,2]",-1.92553315384554,0.0104515812856008,0.517033011026228,-2.9189073364646,-2.2708389940536,-1.92856474151169,-1.58729070941728,-0.880475584663948,2447.21733116493,1.00065341892114
"eps[23,3]",0.0491231623188999,0.0172724740775014,0.940858026244222,-1.79292790604101,-0.606392949905748,0.0535624378286218,0.701158486623722,1.86982318941557,2967.14717912642,1.00149403763608
"eps[23,4]",0.058555554417334,0.0166350275082387,0.835543388130914,-1.623367822288,-0.494032516947102,0.0603834265523314,0.63257819155292,1.63783994414549,2522.8473126525,1.00189591054393
"eps[23,5]",-0.776706659619369,0.0125267435958934,0.776040629549733,-2.26954813403509,-1.29764083114894,-0.802401417098169,-0.27530360506721,0.79491044758909,3837.89017075961,1.00165690952299
"eps[23,6]",0.67895287720996,0.0112504464331797,0.781909130653682,-0.875601950458075,0.163704753544896,0.67640425663263,1.20095719371378,2.21493329452324,4830.28834461039,1.00037861676292
"eps[23,7]",-0.819073804165539,0.0120947540201045,0.889508955998194,-2.51336317521981,-1.42366026762957,-0.840070309266977,-0.247540337707712,0.971859779254059,5408.87032792962,1.00037832054092
"eps[24,1]",-0.128302059805264,0.00936681517273903,0.536242178786104,-1.3352016130515,-0.442565766556803,-0.0890093579806492,0.21845213048395,0.876537324805325,3277.46483271823,1.00133437411143
"eps[24,2]",0.0013937432636115,0.00470838911455917,0.353306544949358,-0.712325769879785,-0.222691012434669,0.00471102876957603,0.210303129459608,0.724711635182067,5630.6518023532,1.00085850909521
"eps[24,3]",-0.125118544516012,0.0136981692757703,0.840865567900299,-1.73016319719319,-0.708676923206474,-0.130317101057371,0.434453006321403,1.5576186894226,3768.14911800825,1.00084256762722
"eps[24,4]",-0.678291163228992,0.0108123651810429,0.681527179228261,-1.94932976641843,-1.13226125659531,-0.704915228586819,-0.242727430276146,0.717440298890533,3973.05840780856,1.00036797403841
"eps[24,5]",0.418630660319578,0.00890401973695472,0.661673377338563,-0.93926868299975,0.00354806469192061,0.437131140269341,0.846617638727923,1.71167115797094,5522.23766779986,1.00024538412995
"eps[24,6]",-0.216097732419084,0.00995878162192254,0.68884539538762,-1.47991253707238,-0.676422376075011,-0.252501808646276,0.20147766771347,1.2901912688761,4784.43987231075,1.00047382585149
"eps[24,7]",0.188623079580904,0.00932912027107816,0.806679207015868,-1.41373867759317,-0.347803357297343,0.188558831365005,0.710558437678971,1.80370418079966,7476.8788089951,0.999693679302276
"eps[25,1]",-0.615819813175659,0.0102697472404942,0.577521920442426,-1.6972722623877,-0.983110568100399,-0.65457481114251,-0.283410794725358,0.671601087274193,3162.4046232074,1.00103863054272
"eps[25,2]",0.694662139352794,0.0134241315682085,0.91223967857203,-1.12634796752916,0.0907406654807935,0.729433684415392,1.32623204681416,2.39258725481539,4617.91055386118,1.00054710879535
"eps[25,3]",0.586475563582677,0.0152381663007465,0.994675142129945,-1.38451534787562,-0.0726661145978891,0.604789647810576,1.26651520878609,2.47222665557557,4260.85849651196,1.00016858622542
"eps[25,4]",0.469577876922755,0.0144345111258062,0.972690704824555,-1.50542451059114,-0.168790678792375,0.493159966001637,1.12982117276844,2.30565894553873,4540.93590845212,1.00043821225468
"eps[25,5]",0.218369033996894,0.0147040832286096,0.980629278643513,-1.70682055777247,-0.441950420385532,0.231400367910474,0.87115457563186,2.14767553750531,4447.68280508534,1.00061168189493
"eps[25,6]",1.23356527493794,0.0119824049381,0.766997842865426,-0.321145940767419,0.737738422245464,1.24850872064389,1.75485203959889,2.67352080470678,4097.32393418866,1.00036537078104
"eps[25,7]",-0.311969615799151,0.0103786574145766,0.961686382423358,-2.14808972266631,-0.962620887252663,-0.31899709272777,0.346668987722092,1.5763394086577,8585.87535695821,0.99990504490967
"eps[26,1]",0.514121518677537,0.0104263543795165,0.582268816558623,-0.793209082306608,0.187137265082238,0.555803373917501,0.883954576141668,1.57707715119783,3118.76103865052,1.00142704587819
"eps[26,2]",0.167816211032695,0.0121319026087694,0.869140664021377,-1.52392856002223,-0.415940034617259,0.191197031856629,0.762640951817858,1.82208799095455,5132.4214158332,1.00013945440051
"eps[26,3]",0.39321415819726,0.0105043029442141,0.924640927323572,-1.42261861537574,-0.240137879746009,0.397264533058473,1.02484295997771,2.1829185897676,7748.39493771644,1.00012752853171
"eps[26,4]",0.0617556425732715,0.0121485144027524,0.897972042493836,-1.69197857377158,-0.539718571319526,0.0588542673391066,0.659087285380117,1.83845661929155,5463.6048925514,1.00093299898278
"eps[26,5]",0.483463065047029,0.0127040531014071,0.932170405567815,-1.36540846813897,-0.14332371624844,0.502766696980197,1.12931707637976,2.2740003599498,5384.01202259041,1.00031423609015
"eps[26,6]",-0.109892660176816,0.0094276261382712,0.754037318357396,-1.55656962598841,-0.621931968616738,-0.127304513702619,0.389658237567713,1.42437179702641,6397.06814143742,1.00043155524654
"eps[26,7]",-0.30340224433395,0.0100571801526586,0.965052905020956,-2.13983268623166,-0.959261314987737,-0.305026810492491,0.328329755099919,1.62177925719994,9207.67083882468,0.999735026344613
"mean_eps[1]",0.00514143552917414,0.00273394976424619,0.195148441704746,-0.389974247551745,-0.125486084278621,0.00633630222112861,0.136965558300302,0.384298491401683,5095.05779771046,0.999959987372832
"mean_eps[2]",-0.0066586392528036,0.00367647424237748,0.19592683705979,-0.377445686998982,-0.136546789578578,-0.00779277681821976,0.121144941126284,0.387144190823621,2840.0422427408,1.00093861076057
"mean_eps[3]",0.00365388428445165,0.00231070004125224,0.194763350422486,-0.374760394100036,-0.126469782388418,0.00250611434116456,0.137546728212185,0.379926372991171,7104.39875689218,0.999806334415363
"mean_eps[4]",0.00147537305040319,0.00232128404053125,0.198037506829107,-0.385297645263594,-0.135263714225701,0.00444855564523116,0.137837484313184,0.3836950435498,7278.44038734853,1.00008443189233
"mean_eps[5]",-0.000461559228005403,0.00231122844441475,0.193370770613481,-0.384293994678315,-0.129743419898269,0.000365630104816435,0.128803810765038,0.375230238597356,6999.96564284617,1.00017442046252
"mean_eps[6]",0.00754373657103272,0.00259651452153758,0.199183886437967,-0.375592618164156,-0.127960846770585,0.00692781622871127,0.143738035919595,0.395548721931979,5884.73475294662,1.00077284264788
"mean_eps[7]",0.000785042043422649,0.00223818451052124,0.19840569101577,-0.387825726650988,-0.134520656138239,0.00199582873034267,0.134742395692219,0.387244601782315,7858.08059307696,1.0003806360929
"N[1,1]",1276.16071928115,25.4256732817015,1289.48628141517,299.992496065244,647.939782947157,944.962365682673,1469.2354935365,4322.59284163994,2572.10402009565,1.00178977548116
"N[1,2]",338.185153949419,0.415206391230034,33.2972291665145,276.966530103955,317.460023665223,335.781586653758,356.849207316639,411.8920978611,6431.14246568434,0.999942056633502
"N[1,3]",433.355687534601,32.0567177125138,1545.54102810987,37.5667591539213,112.255471316171,198.785683503772,366.575321466092,1922.16439402243,2324.46478435339,1.00158453212313
"N[1,4]",330.050602552621,0.445856463964034,36.9854665009202,261.251245681326,306.803858487771,328.842472332779,350.550698292899,409.384366107004,6881.32495660737,1.00003834374826
"N[1,5]",213.485471020874,0.583311612972889,35.5030404783385,157.706281367715,190.704775115119,208.658680963185,230.593584026248,296.53235936817,3704.50213743917,1.00049120883282
"N[1,6]",375.178755247124,0.881869014177669,68.3739213204968,256.680266015221,330.954116049436,368.85903239817,411.118103320647,532.468337318945,6011.36099748435,0.999794425345131
"N[1,7]",42.5388773781042,0.0928097178579361,6.16007154041138,32.0390129458975,38.5530535473338,41.8789137552971,45.7386049186571,56.9490856644685,4405.3924886403,1.00030718841316
"N[2,1]",1437.27956974289,26.537113625384,1411.81486770874,277.066269727295,678.326666545501,1088.25181107156,1713.0986166019,4862.8555333708,2830.40207684196,1.00045270188561
"N[2,2]",499.087492966811,0.494550887919453,45.0847972555121,410.63392930505,471.105571840628,498.40589841385,524.552435564126,593.916711844865,8310.71272054696,0.999670985507639
"N[2,3]",458.954679553618,23.6920846839802,1303.58657344359,45.4127842679257,139.47880160511,242.273008755659,442.752032244545,2007.61540229285,3027.42368870568,1.00098851442303
"N[2,4]",405.571600786312,0.448630888585608,42.1101037778593,328.491211147204,378.509360879677,402.373142405723,429.433836835279,499.177036021231,8810.37268675006,0.999919379971412
"N[2,5]",423.576708509945,0.669599025942036,61.1526407261442,309.364545268761,384.231817420004,421.192682073846,459.240837405732,556.240096485292,8340.66743387087,1.00019861882342
"N[2,6]",314.723472157701,0.698416822210657,55.1496520559948,226.157421837269,278.66391737317,307.715959626957,342.666888943718,441.458806212606,6235.28301975971,1.00046790176351
"N[2,7]",64.9913381151054,0.139085880966493,9.23866483358445,50.1118256085381,58.7506356225354,63.6865706845706,69.7960744880232,86.4596097638915,4412.17096352711,1.00002727780017
"N[3,1]",2152.88218387302,45.6136478847349,2539.2595859851,349.325699279925,960.644545899639,1556.39595385267,2527.52674193407,7511.86726069036,3099.02150456251,1.00022551555916
"N[3,2]",961.56350511755,0.951981490038508,87.452090102354,790.690956502132,905.855426008645,960.241198025617,1014.23014562087,1141.35363245019,8438.85216281132,1.00018058177987
"N[3,3]",585.352478147419,20.3289216822937,1090.0879643846,70.9923869782805,205.396459861434,353.123777914637,620.912295621212,2498.29848761624,2875.37441321188,1.00119620463466
"N[3,4]",668.255416491388,0.9236633596148,71.2315874255445,544.04847319421,621.79242563307,661.004864340648,707.769551516926,824.520893032658,5947.27216410343,1.00071238940342
"N[3,5]",868.210521663595,1.99100602665252,130.076497376322,613.752520398398,783.551029818822,868.560754370688,945.747407911056,1134.74281816439,4268.27623827256,1.00057913187308
"N[3,6]",322.975129988388,0.894171007326447,57.9089566868391,230.026046567598,284.445031668364,314.539827938059,353.240409902183,457.413088194037,4194.21136588594,1.00044953321259
"N[3,7]",159.201381092399,0.216280116495082,20.6317751608702,122.299684389812,145.482964717835,158.248965074182,171.382345619532,203.394300902248,9099.97088936948,0.999887837495445
"N[4,1]",2828.17483472303,55.2464271429977,3002.67678448542,498.774560591598,1301.21370884965,2036.00003106162,3332.25056741177,9809.11927899044,2953.98835275115,1.00014898263332
"N[4,2]",1437.42271794874,1.47266679580849,130.717264671393,1181.31701874971,1356.66725556909,1434.52608951737,1513.51628459666,1714.4963869054,7878.74261541411,1.00003796827867
"N[4,3]",792.255287026207,20.8834721718651,1190.3484915034,101.792868329646,300.022468164526,512.896566313153,891.825580497793,3142.48510153488,3248.94856520351,1.00108429387326
"N[4,4]",1111.31379756894,1.3005941747594,116.759597680042,881.983919030432,1038.36818747662,1113.37462447527,1181.67353352985,1348.39862568826,8059.37883931224,0.999895002317058
"N[4,5]",1078.89299519559,2.04812877083412,160.146464409674,779.319455036742,974.468556009704,1076.00150232561,1172.93273306247,1415.78297234993,6113.92621986046,1.00019730158031
"N[4,6]",493.796192824431,0.913762545855153,83.7473482770504,341.233039686517,438.961587101029,489.222247406833,541.987649944568,678.003661279075,8399.92529683056,0.999813296858251
"N[4,7]",250.370176809474,0.427022891875268,33.3658794799179,187.071160397607,229.304403022859,249.165496630113,270.681805926291,319.515630094794,6105.24137612162,0.99968863769853
"N[5,1]",2203.8121348609,31.2504695411526,1879.6106315797,477.729204746645,1135.73252115703,1723.55019820942,2642.94560035482,7012.55324941578,3617.61788085302,1.00038142246898
"N[5,2]",747.855871318062,0.984884238954073,69.9557153285573,626.514277309612,701.682257704571,741.055155306187,787.86551758324,901.668893331455,5045.17260161559,1.00021378015466
"N[5,3]",571.927244565467,19.2894614624363,1124.47071440069,78.4919596414683,212.596320243681,359.566203398909,626.39185708712,2283.87863574089,3398.2560024839,1.00041402547662
"N[5,4]",643.300469459661,0.714916306841362,66.0937538635044,520.620903013264,600.185994978239,640.754058369831,681.469059833642,786.256422792615,8546.93559108808,0.999999093180757
"N[5,5]",509.671878567974,1.44424272539642,79.1602148449872,382.238861445493,457.10483694237,498.643902365528,550.208526209796,697.945146045048,3004.23257642476,1.0007384434727
"N[5,6]",445.309672702239,1.20907864640469,75.98910379375,303.215687039999,393.760458556188,443.940737447102,493.507526159313,605.945391416035,3949.9676861196,1.00053884501386
"N[5,7]",135.824183973434,0.226774434052818,18.0954987944224,103.396445618745,124.080463107119,134.431458441937,146.321435447297,176.588868311396,6367.26512819177,1.00021069909539
"N[6,1]",2271.91775345923,31.7755019439299,1775.93947132821,522.195373571241,1209.19688510572,1809.99206152328,2766.25563235005,6712.22464981254,3123.71555564488,1.00065217770587
"N[6,2]",873.13588771721,0.980944823418122,79.1758104319597,726.414505243689,821.801282068139,870.571852014215,919.430780929946,1043.01792090033,6514.72181271245,1.00052579619114
"N[6,3]",534.56908274648,12.2301783237066,711.497786737213,78.2382699170372,217.247100219712,355.297531786441,608.805459208586,2109.35316794261,3384.39876716314,1.00047072710511
"N[6,4]",607.855157890093,1.11897512786124,68.287518692869,494.611945538591,562.415346020288,599.215396378927,644.211678119499,768.684326794182,3724.27548408237,1.00012242304819
"N[6,5]",748.469474154376,1.74534707339454,109.47571577015,536.008974262749,679.007196210256,746.865074869101,814.953358968003,976.293980277749,3934.34085332084,1.00062291742026
"N[6,6]",298.521336646467,0.935614484556144,53.8520907737683,212.866488357053,262.119802430457,290.570236121331,325.823362532645,428.578547775345,3312.92241312485,1.00009946995807
"N[6,7]",191.325474937325,0.298240321479346,25.2590307884959,143.835639655929,174.748043997422,189.96516937074,206.462637981873,245.418327903312,7172.99696250273,0.999676130029324
"N[7,1]",2387.76005448269,27.5954400407024,1530.4390508883,753.046160961338,1456.6817050023,2027.20146366653,2864.18069076427,5986.92178053446,3075.79530587796,1.00141435172675
"N[7,2]",1089.28147864943,1.16653211009664,97.8084584943196,904.043543551273,1026.91428495723,1086.41873451436,1147.28078112958,1293.43509588759,7030.06649845786,0.999843407020725
"N[7,3]",637.689955367238,11.1862916298877,689.368436257586,114.988311677121,288.451066876828,457.0819000869,753.262024547348,2229.14722422877,3797.78622381806,1.0005875853291
"N[7,4]",896.60698353204,0.995208391055509,94.3086594747329,722.406013311167,836.951322177998,890.008471381806,950.041125725244,1109.3782016783,8979.97412473379,1.00038504497005
"N[7,5]",741.814372057024,1.66685088021296,107.939133477439,530.940212692799,670.481141008012,742.735877142214,808.784676685255,965.509037269444,4193.38132850684,0.999964912365012
"N[7,6]",426.596933151599,0.912536840905677,71.5097237373723,293.549539449839,378.486340138691,424.968061653768,469.578302319845,578.508406567759,6140.86269320524,1.0007090655179
"N[7,7]",217.973499505672,0.312939532009829,28.9088794197553,164.757446370692,199.179614548021,216.804429168012,235.470674182924,279.203586705737,8533.78422880746,1.00000251497253
"N[8,1]",1605.29712093482,3.69363243439631,350.223904571885,1015.32160499333,1380.68897579367,1570.64613339469,1794.38432773802,2408.338051094,8990.50777216876,0.999642565098308
"N[8,2]",654.258269862297,0.644804476686936,58.4773394872745,545.640299862947,617.368168866233,651.475695957229,687.987056638122,780.920381248362,8224.68214686011,0.999809444631283
"N[8,3]",503.052063428747,8.48003383743276,494.929569069348,99.0724415510423,242.314917088649,373.987653725674,591.491411003265,1702.46605157142,3406.36852915235,1.00101272974963
"N[8,4]",707.356325182924,1.05258412848659,76.7107846823436,554.310883626921,660.365915223274,707.969337234271,754.104909832018,859.208972203367,5311.28023146582,1.00044461611462
"N[8,5]",303.396278919326,1.2907460359365,51.8789320203497,226.353119429969,267.351530561286,294.486096300878,330.211535106871,428.894528866944,1615.47579155106,1.00118583901675
"N[8,6]",324.366587475393,0.95379121645641,58.4410984525785,232.165952325176,284.537934383467,315.923476087722,355.115427038389,461.71596582386,3754.3097668652,1.0018570512816
"N[8,7]",123.881997071239,0.177347933257628,16.1451481277841,95.265274004077,113.171888635604,122.794545470625,132.944318531687,159.981825478765,8287.65768043666,0.999839960068907
"N[9,1]",1536.41678045208,5.51640262580816,334.32064127007,939.744001983012,1313.0404698514,1524.10796895838,1730.0643995036,2267.47184997107,3672.94537365695,1.00085795211942
"N[9,2]",505.771403694115,0.56811696359825,47.5861356162503,423.205420796071,474.76665715684,501.49573213635,531.999330677765,613.500048869277,7015.93184480698,0.999866552632722
"N[9,3]",451.144563606348,8.13891621864782,470.093714088649,85.1894422540748,213.983093311808,330.29147659571,532.549052999994,1530.48158095372,3336.07443559039,1.0012244201491
"N[9,4]",542.061387757823,0.660870036735459,57.1750701949892,440.695245525098,504.549868277071,537.077121518138,574.546078150997,670.057635585174,7484.81877236249,1.00018632277439
"N[9,5]",273.816589097268,0.615285893619917,42.0347558534262,203.696534475595,246.840707964549,269.068295547912,295.550611143222,372.450595713023,4667.27232683899,1.00072593480706
"N[9,6]",353.11248209509,0.792568037211513,59.5210826581677,244.073161769202,313.343641914372,350.506822873577,388.942189306032,481.103477980556,5639.86276331781,1.00053418670048
"N[9,7]",87.0493740423828,0.210584664506975,12.3858757331107,67.3294439147742,78.6458469009033,85.4194023168876,93.6124798957359,115.725053678612,3459.39341572362,0.999656735590454
"N[10,1]",1687.45993452672,11.8937266773157,773.701478771117,671.684036370332,1189.88517821625,1543.8629499588,2001.23359138586,3605.02638770805,4231.6617492612,1.00066659599799
"N[10,2]",969.331609928415,0.920360164446491,85.5383405426305,803.451292654705,915.508337144882,967.435705226741,1019.28095176231,1147.78510895863,8637.8571031386,0.99978027208887
"N[10,3]",558.691834858031,6.47941993466105,399.445093661195,150.310729846402,319.584204336109,459.954277054797,670.777116996106,1590.73453999187,3800.51041347884,1.00086688093519
"N[10,4]",943.294570053007,1.01087270238713,98.4239291425063,760.380019849062,881.667431722869,939.506571713574,998.317498100792,1161.07796120919,9480.00264825826,0.999800570859013
"N[10,5]",565.529593716764,1.03378797882509,81.716503656548,411.622447381784,512.528870382511,562.910277960538,614.921695597129,737.048703945048,6248.22409825928,1.00023194373532
"N[10,6]",327.195140015659,0.635975958635525,55.3036383733775,234.031362487119,290.754288574293,321.199350476704,357.535846120856,455.169385371724,7561.81435144152,1.00019085646037
"N[10,7]",187.284712895883,0.269180580987738,24.5430246553255,140.530621330895,171.630704766032,186.257564143149,201.409402819941,240.519096748297,8313.20930448486,1.00003192051702
"N[11,1]",1410.82511800533,10.0444648440371,620.554832824113,541.938278963218,999.424658221095,1308.92093859461,1700.48395230966,2944.85680590615,3816.86428629638,1.00087982168583
"N[11,2]",1131.96142173458,1.23247350202672,102.924947232885,939.431407286783,1066.63845694734,1125.47920049221,1189.09350841762,1358.84522805549,6974.06714639767,1.00113104644733
"N[11,3]",554.578112404087,4.73575417999179,328.672976043341,185.89057476011,348.457836200123,481.32784547164,668.806978858829,1362.24250052634,4816.70104361288,1.00020866867477
"N[11,4]",1092.84662757646,1.47030750679508,115.64525660092,896.138044851762,1016.98573739572,1080.48812277935,1155.3695853035,1358.8776320013,6186.41854506327,0.99993561566529
"N[11,5]",653.415879482584,1.40787771596405,95.4475695547698,471.143716397262,590.934334929156,651.6062295794,711.819846680423,856.160616340447,4596.2101599996,1.00006240677706
"N[11,6]",307.40429568018,1.03485381104758,55.9377315556396,221.807449858621,270.284000563855,299.755660979299,335.654510780302,443.234900370792,2921.808136306,1.00166623308598
"N[11,7]",221.049951336052,0.305294963143667,29.1715827720498,169.910655764145,201.936460036811,218.62468089725,238.064086852453,284.999440921943,9130.2087747199,0.999694746286523
"N[12,1]",1454.34281909367,6.56857089054517,338.438757609332,940.33217873072,1229.41259632108,1395.61636506414,1624.92836066627,2260.09850114572,2654.71804286262,1.00194998433936
"N[12,2]",2154.07333076439,2.62781816442678,202.476832120858,1772.48870143412,2024.34455459916,2147.84005694373,2272.69411345944,2588.75742621951,5936.90437916558,1.00042916829348
"N[12,3]",830.070405194327,5.52749207361769,353.684677077096,345.4167268122,590.367628175774,769.466551434696,993.399226845503,1679.91287374167,4094.26767936764,1.00005877210573
"N[12,4]",2563.45266086108,5.38338920826084,283.753906756882,1976.30085635587,2385.37091818266,2579.59411726345,2749.95452350886,3102.41280669027,2778.25522747096,1.00173185948972
"N[12,5]",675.869376366116,1.7970422248959,103.703947398907,509.808036544235,607.018824401389,662.104679972859,729.959282801534,917.921844948802,3330.22833676217,1.00110289054868
"N[12,6]",670.041787554749,2.50046437575949,122.78460901912,431.608256341507,588.257161297318,672.193031295146,748.081185734332,912.281700402583,2411.27376105261,1.00108613412341
"N[12,7]",359.812446433811,0.538955348283374,48.7324385190187,273.310267490821,327.727559300662,356.796642258181,387.849345028607,466.791605114711,8175.80858726467,1.0000889326514
"N[13,1]",1338.55247243435,8.13499399202484,310.344437365774,882.378827391648,1125.89979017021,1282.0272548991,1493.78312013925,2084.90801649388,1455.37013218323,1.00316759196219
"N[13,2]",2043.87054949006,2.07858130157712,187.29707541372,1708.85023002734,1922.86634108837,2030.2699362172,2149.21874704225,2459.73196734659,8119.47520269687,0.999634887697116
"N[13,3]",707.331472496227,1.386593249716,120.5241808059,479.210042011166,635.972882136507,702.371765645129,772.364011893434,972.53524122149,7555.27390011113,0.999937140601501
"N[13,4]",2192.59870592435,2.88668746120032,227.633612471576,1741.71262914662,2049.91820066802,2190.4877595716,2331.10829971844,2661.74605180199,6218.32260718822,0.999796950731825
"N[13,5]",758.338602542771,1.23384733739093,109.104062577303,556.047704763549,687.320262483967,754.32608704375,822.552600693215,993.143616134562,7819.13997799037,1.00019547679973
"N[13,6]",468.630736760356,0.862239126340293,79.176939506939,328.867499935062,416.961151952315,462.0583849653,514.77218655317,646.854725811362,8432.22077343067,0.999912878669073
"N[13,7]",374.124456477787,0.644940973678692,50.2948596180859,287.766273221172,340.828933983259,370.397305044429,401.348538687601,487.699832313992,6081.45171226956,1.00031703902652
"N[14,1]",2020.81899423934,10.500425724012,426.107192290051,1246.48112786025,1726.65897047484,2007.42380782389,2296.80821672056,2887.32941357494,1646.73575391263,1.00308382086324
"N[14,2]",2154.87636041269,2.28235843050292,195.7637239944,1778.64732020877,2032.45112486246,2152.35021361764,2271.54031919647,2557.01492152052,7356.93194166701,1.00051588679377
"N[14,3]",615.694438601403,1.66860047532521,98.0435501578624,425.181478749357,554.749614637317,615.406922131731,673.986751599237,816.051858217159,3452.49717124777,1.00029056550518
"N[14,4]",1782.26490293326,2.05541142019324,182.547065178356,1434.43239033073,1666.57346503091,1779.07714228047,1887.91164031315,2165.97387583483,7887.73261139308,1.00017610647362
"N[14,5]",690.477394127313,1.15499487155326,100.150228301803,508.234417905897,627.515613836037,682.412048757363,746.075859995775,913.035506397013,7518.71764081458,1.00046403147015
"N[14,6]",355.217209702059,1.30033705685352,64.5439137960941,257.114605139499,309.218999668399,345.591779499345,389.6327368687,506.964965763141,2463.76178458544,1.00206760482251
"N[14,7]",483.958389709558,0.765631460538188,62.1044014993718,368.13263114354,443.840921354216,479.998708936509,521.422464933234,617.226119080402,6579.6867850496,1.00054337328524
"N[15,1]",1269.88126893915,6.80169915625229,289.199266266353,834.862746282937,1070.09690320086,1221.68633296485,1415.95076807803,1971.68038428687,1807.83810375123,1.00268601385397
"N[15,2]",1621.90164813459,1.82567698533903,151.431214330938,1330.23895565185,1525.82922129792,1619.1676338757,1711.17973313194,1941.81303748721,6879.91271321961,0.999884638697425
"N[15,3]",291.130437270136,1.05384302641959,53.1202272392269,213.08872242487,257.043561902207,281.914088535306,314.574012206928,424.75722267576,2540.78546535664,1.00100903871753
"N[15,4]",1021.83657081528,2.27165524705229,118.140181428282,832.219285211722,942.515781267643,1004.724901251,1086.13720969176,1286.66908036992,2704.64595193689,1.0016748413955
"N[15,5]",493.672370787593,0.814043265458331,72.2011764939184,361.540351993751,446.999364557908,490.24096779046,535.904078509788,651.535135036735,7866.71783550705,1.00013240784531
"N[15,6]",402.766420210086,1.76007258153771,74.7086799738905,259.478365240615,350.264223114997,402.622056607856,452.811700815359,553.277082018354,1801.69374502742,1.00079520199681
"N[15,7]",348.484358335933,0.581267126909862,46.127931366896,268.875962197713,317.466864663288,344.762320798359,374.613667926436,452.617569687607,6297.61972619855,1.00007433249311
"N[16,1]",1370.96817327194,6.34722376026152,291.006068200299,917.03955912844,1172.99683505486,1326.18500085135,1525.10187805193,2068.18581244386,2102.01820324151,1.000433374537
"N[16,2]",1472.63149507395,1.6760493355952,133.273887972365,1209.84006350856,1388.64646756337,1470.45416026922,1552.48695609186,1744.33406688338,6322.90327967677,1.00052044734741
"N[16,3]",266.951149645253,0.68305784384718,44.6639807890484,195.248434127059,238.005663138818,261.046529237714,288.8295268251,373.098606662652,4275.62778156068,1.00079809940374
"N[16,4]",915.800635081869,1.08530393333552,95.7784376485202,742.871223442026,854.169210350354,909.438457489821,969.696963350375,1123.13744471487,7788.12194552413,1.00007425130918
"N[16,5]",387.321564283119,0.783688770395266,58.9327193115442,288.694486190618,348.676229241294,380.254680365315,418.866381423813,526.342025466918,5654.9102249717,1.00003685806801
"N[16,6]",232.676985765647,1.1805038512706,44.7462086146559,166.505793492713,201.234231034629,225.187596942118,255.787263539075,341.326814814274,1436.73830145001,1.00353390006134
"N[16,7]",421.942273945785,0.557095002924061,54.8026074107406,320.063891395268,385.657415026884,419.38822162767,454.193730581,537.561795151861,9677.07079072263,0.99963340582431
"N[17,1]",2599.69982418782,16.5838713371807,577.923140442238,1493.00631812099,2211.73990012073,2608.81493089594,2969.95820227308,3751.82242561432,1214.41837314391,1.00389456809382
"N[17,2]",1774.23211205646,1.76088010649861,159.269123258021,1475.37305721527,1671.63776073033,1768.93122552816,1866.94374937497,2108.34953399443,8180.94748087842,0.999744698646534
"N[17,3]",411.907083382099,0.701405635221434,63.6609900509358,296.644008780179,371.655091230928,408.175872965514,447.483274917483,551.667484142546,8237.74369447133,1.00054055718449
"N[17,4]",1152.17312087642,1.73875239130014,123.337325696519,940.797225038827,1070.75658188238,1138.92577280127,1220.64957965145,1436.03372783,5031.6864982063,1.00101319824153
"N[17,5]",467.768712218272,0.850189905390098,67.7571911283879,339.690091775859,423.638471825122,466.327768192059,508.947912714956,613.774157424375,6351.53798662732,0.999752018625882
"N[17,6]",390.842452852588,1.85010493840883,72.4400111821338,249.994615068208,341.305109723728,391.761705746873,438.979694825916,534.517143907121,1533.07814512637,1.00266916677726
"N[17,7]",546.249655781554,0.790414324051497,70.8270047626383,413.613703968701,500.166021462079,543.409086838836,589.525585948654,695.547326613784,8029.49344960999,0.999790622985865
"N[18,1]",2745.98140194539,21.2768763471663,660.064782753013,1505.44491128823,2287.24397217016,2758.47581386829,3181.21931470973,4058.30214533634,962.403922861526,1.00460904686283
"N[18,2]",1437.68235172121,1.50892184176546,135.146585436829,1182.14053616421,1354.21099768042,1429.66443144211,1513.58463782586,1729.24222307247,8021.88930561932,0.999752458668627
"N[18,3]",547.326770753698,2.73037761183199,102.354277581203,335.44779520245,480.280677959212,553.917463673739,617.692478523029,737.453782742588,1405.29197535971,1.00117276136374
"N[18,4]",1182.26881649409,1.7250546998947,125.900901575311,933.718852312456,1101.64653195613,1183.04903470242,1258.10604382669,1438.37263787882,5326.62273971453,1.00058174511967
"N[18,5]",318.536025460961,0.824166318561494,51.5980364212641,235.04279521979,284.488464178457,311.440028650683,344.792276704966,442.269879296618,3919.55375727818,1.00027330395255
"N[18,6]",291.223871702417,0.61809065646962,50.9812924031596,196.822737447134,258.276089677023,288.623514929983,321.286176225096,398.948625117744,6803.26401051097,0.999992203469466
"N[18,7]",515.78118460468,0.916802619234968,70.495571637,383.230141476175,469.533072266693,513.696148468488,558.135738405607,661.897088186012,5912.51127963884,1.00010649915125
"N[19,1]",861.710211426765,11.3299262782302,285.119020650383,508.123019391662,655.866238641385,787.811253482776,1003.21080448663,1585.21602555561,633.283558990805,1.00805129090868
"N[19,2]",588.554477350316,0.701305292590186,56.2289042613785,485.234019658369,552.147548202352,585.45380616929,619.930821074208,712.859693295292,6428.43131526342,1.00101549812285
"N[19,3]",143.116471746688,0.648408200036701,27.6090749979661,103.974776672221,124.985701427452,137.783948325555,155.204832531279,214.979124516633,1813.03720388511,1.00248924723992
"N[19,4]",405.745114692657,0.545335406092187,44.8816500669607,325.876263171049,377.71413085183,402.281197334313,429.623676423724,507.822776811219,6773.45484553798,1.00025479006635
"N[19,5]",166.071819833555,0.432918855709393,27.4354342661794,122.088970832111,147.820715739846,162.022403657213,180.461057902014,230.461472897017,4016.15692715442,1.00024611797114
"N[19,6]",96.2867863915533,0.761811055640665,23.3883865204962,66.6026679915353,80.9716318951459,90.9068903345326,105.619804749157,156.943624593455,942.553440284595,1.00450713563793
"N[19,7]",247.299504796196,0.475124136824116,34.9949826749831,179.993750577425,223.941299654639,247.497305209795,269.308114077996,319.342127338724,5424.97046935889,1.00002371404501
"N[20,1]",1431.51479316309,7.56162905526345,297.785320263331,882.849801876913,1220.60734123651,1424.44837141084,1622.03158749983,2042.98252790504,1550.87156087725,1.00174263418721
"N[20,2]",469.827812768749,0.497895978576642,43.3222300074146,389.336838213178,442.133826444073,468.691559978004,495.352268173316,559.442258617508,7570.84527215753,0.999894191176607
"N[20,3]",157.481257834977,0.286714819496027,25.0517302932597,115.006512955405,141.639949531451,154.690561642685,170.271921756775,215.309844410248,7634.40460659644,1.00006609386821
"N[20,4]",346.275111400383,0.392006542282455,35.4157398218768,279.928197843753,324.041962539316,343.897149334302,366.178439912548,424.275228557615,8162.17696894557,1.00071456223152
"N[20,5]",149.728436023212,0.472457512989617,24.1068934511784,111.847280340732,133.649115657466,145.939338003589,162.08435064436,207.903985782818,2603.49637751074,1.00004739596406
"N[20,6]",122.774581172332,0.286844841886997,22.0555252988302,86.2749331660333,108.335168355118,120.299617658964,134.272875341563,174.224524470574,5912.08572045864,1.00038950181704
"N[20,7]",170.016192183022,0.242815610299674,22.1288648683071,129.717068631894,155.472140016161,168.464773149139,182.772922358491,218.413215086478,8305.48630453434,0.999755779897618
"N[21,1]",1092.08465203584,3.58570305140868,234.198341984849,712.500365999667,935.865843935348,1064.33339822352,1215.74479237204,1633.13804997509,4265.98172564421,1.00017507352026
"N[21,2]",343.789778745942,0.753101173016987,36.6943480886953,284.312420885318,318.471241996224,339.09455935144,364.2816887315,427.353048018485,2374.06007660883,1.00269308116122
"N[21,3]",160.565085345493,0.358447653349264,27.4108163719595,110.558944603813,143.569226051625,159.01339126232,175.169404143022,221.821133240547,5847.79927960988,1.00038910673197
"N[21,4]",272.241452056886,0.435394128960891,29.9411266752538,218.327646459708,253.063294911736,270.374176389231,288.58062572056,338.797538980331,4729.01988624764,1.00038471795384
"N[21,5]",235.472785340942,1.2557407059073,41.8596839934887,151.180678487856,206.627473123013,237.324537494191,265.510048847625,311.501122019957,1111.1992660501,1.00130683543446
"N[21,6]",100.7789065537,0.589680408763656,22.4538632829308,70.3754486835922,86.1275238698237,96.1547456669532,110.66885581291,158.487783682444,1449.93572134148,1.00281300546924
"N[21,7]",120.95606290369,0.195602066404621,16.9683410450315,90.755415476762,109.956100837934,119.756596223532,129.919542391862,159.070538105875,7525.43990260587,1.00007832630938
"N[22,1]",1143.76358749196,4.49746101771156,242.448636552826,764.006531672681,979.76312592909,1110.2374066549,1270.65603533392,1715.79026769395,2906.06066971509,1.00189852112512
"N[22,2]",525.22223493536,0.762141170049424,49.5837976978891,423.304512095168,493.483441082324,526.178034958772,557.39270433464,620.631746925538,4232.61463431259,1.00104111145028
"N[22,3]",188.767543144729,1.1435395909476,68.7987475038454,90.3615994719208,141.628216735875,178.246941913068,222.354899964243,352.963960658927,3619.58394829569,1.00009347260589
"N[22,4]",452.998215571054,0.833390234516187,50.0291502982703,351.448102020724,421.059326543479,454.889572605045,484.739940632872,551.434286916258,3603.70671735492,1.00001437997906
"N[22,5]",202.245198977917,0.338220125928087,29.9980746138536,147.340896126464,182.54103464639,200.455568918467,219.259575685106,269.452053758746,7866.61449866604,0.999824621126957
"N[22,6]",236.788613416309,0.459883489373631,40.1034370910415,167.297417735689,209.941299961412,233.328478977629,259.356548604336,325.838499921853,7604.44556760789,1.00026377103671
"N[22,7]",121.228932707491,0.419489598726653,18.7140020472937,91.7586946907263,107.813431802095,118.641299524925,132.174727003453,164.676783102237,1990.17355638128,1.00079275466897
"N[23,1]",2265.77012852665,24.1551268387327,624.329712856108,1119.61412728379,1797.76253846152,2292.7929277953,2703.59333035507,3455.40894371896,668.050608280855,1.00578440599681
"N[23,2]",522.557341339711,0.591122893550559,50.174964664157,432.570396510862,490.298045473832,518.765799991656,550.863270867024,633.149999387,7204.74462613053,0.999740691544721
"N[23,3]",156.976222024892,0.411686340810633,29.3590942680463,110.65129396684,138.605879740003,152.867581797392,170.035980158029,227.429768351693,5085.71935601519,1.00020948541977
"N[23,4]",381.448968162781,0.4890944139556,42.1844067074795,304.345977231029,355.073659400331,377.402392271271,404.083434984968,477.337951482258,7439.06726269483,1.00017576645124
"N[23,5]",161.595215499609,0.276617311111245,24.3719203370665,118.020369830022,145.958298291652,160.277147679562,175.481118192082,214.925421880709,7762.84275271675,0.999787157166432
"N[23,6]",340.536593036413,1.26682756580633,63.5567122164224,217.77191894255,298.659735426136,340.400307861996,380.679105385241,467.849154490962,2517.02678044871,1.00197236231954
"N[23,7]",182.053192144767,0.672952306236116,27.4180613366024,127.928924225803,163.435734085304,182.483214880717,200.803567121681,234.37469543649,1659.98787435025,1.00052600991675
"N[24,1]",858.224291353764,3.10143895468575,180.664723365151,563.485417537279,736.1981193335,834.290424657134,953.866622936778,1280.36407714289,3393.28428637831,1.00098997614624
"N[24,2]",205.555549855539,0.222353292312913,18.9344357744537,170.683794531006,193.51045122897,204.244056578901,216.196336250496,246.970416628386,7251.32896275105,0.999953658127429
"N[24,3]",99.4742898767469,1.23061236337712,58.6222943726352,29.607855967735,60.3195348541224,86.2487277957457,122.880590282764,247.771265493553,2269.25382447325,1.00125324789015
"N[24,4]",178.016900609524,0.19777849229446,19.0509341826036,142.733453058103,165.936876340136,177.330386730522,188.784626021878,219.624991495841,9278.42858828107,0.999773360779428
"N[24,5]",60.1164731268685,0.244344759227521,10.0950774938056,44.7404345924963,53.4697621111022,58.4865591146795,65.0853820388083,84.0902691169227,1706.92035357537,1.00093513678751
"N[24,6]",297.89442888785,0.571312257526208,50.9708184085139,203.520377082832,264.452512995412,296.107122835484,327.84316361587,408.752887116932,7959.68955742883,1.0000415885963
"N[24,7]",48.8891164360142,0.137140381959346,7.14054436353574,37.6224493509814,44.0468181096846,47.8865660975894,52.6752780008213,65.3100332385064,2711.01508425759,1.00021740696078
"N[25,1]",805.113751586343,2.0324542792268,162.873265773965,529.476205561764,698.268077220946,790.692742718853,892.091872166971,1182.14966959518,6421.81868552355,1.00038202819953
"N[25,2]",201.706639425599,0.195170654773149,18.940776436804,165.853372833281,189.567756053533,200.991064526905,212.928010152486,242.52096644658,9418.16983681049,1.00050007014526
"N[25,3]",93.2205842791497,1.1110010436227,64.282125935569,25.5086694458193,53.188684271812,77.8143739631268,114.00612697076,251.060608027558,3347.73851503994,1.00104942852827
"N[25,4]",143.799798521567,0.251900612983993,16.7373811088018,115.843020018254,132.881897892142,141.839141038588,152.447986213365,182.472206217987,4414.85619144175,1.00090540499517
"N[25,5]",73.5185813519935,0.126500235275061,11.3753137651893,53.6877087831831,66.1987611284648,72.5082362705704,79.6035407380955,99.0758070716446,8086.19299965517,1.00044735868983
"N[25,6]",228.679771982614,0.844419910332269,43.0521142744071,162.810782517074,199.985124277822,222.424070361524,249.397831461956,330.682547355263,2599.39356222545,1.00079582938851
"N[25,7]",56.0896382260032,0.090803495813291,7.68097316734122,41.5899562082331,51.0204946933647,55.8519972525213,60.747469206522,72.1327885966484,7155.29195290781,1.00008218036257
"N[26,1]",581.236793207995,4.61169444732887,152.982792265231,371.258280465006,475.993675243762,547.330297411059,653.161201908728,974.490742896553,1100.43429590599,1.00555143079551
"N[26,2]",261.579512130543,1.45118992629304,102.319354588193,113.431582643554,189.8337411786,246.044117443759,314.506300966699,495.97478880715,4971.2668276777,1.00002941140121
"N[26,3]",128.212402908231,1.87837747913028,111.990318575121,22.5370224505524,59.5684038574702,98.5764127674887,160.44480054336,411.549657856941,3554.63665460082,1.00144272447564
"N[26,4]",216.541107738226,1.1881821584565,88.1230444997678,85.610688405154,153.84053293803,202.861424952588,263.215867122311,424.345364701479,5500.63632060862,1.00057547318673
"N[26,5]",97.8004703518942,0.837547002153368,52.1323650409583,31.6161972951828,62.0633543448401,86.9399387272212,120.591786417626,228.620273935397,3874.3288296806,1.00047450338005
"N[26,6]",471.123721290241,1.84591130971384,89.2010250376106,298.22485828772,411.17424542884,472.333156988321,528.330368537779,649.999439187112,2335.16745151763,1.00092882813103
"N[26,7]",51.1612604651958,0.33258593444955,24.186094381583,19.1143968930239,34.858162270415,46.7199148631773,61.7405921256972,110.066313289911,5288.39310040524,0.999944734839906
"N[27,1]",751.301945427478,1.87357549259788,166.321613977926,472.211192036204,640.147238309924,734.419989026419,840.825815965757,1136.76037972359,7880.52203158001,0.999854535411
"N[27,2]",300.835530274899,2.48156708593862,140.069059394639,99.5434920512421,201.652804268706,278.609395983558,374.521238977256,635.050229464929,3185.90179007621,1.00069396617443
"N[27,3]",171.805086173255,2.54447685226853,163.600286100345,26.0038064274029,75.8732420886047,127.98852560317,214.407499737229,571.183982026861,4134.00606031276,1.00054204591933
"N[27,4]",260.588166645582,2.1528347800256,127.866202174305,79.0186154917849,166.721043234942,241.057526600225,330.184704732922,556.656917957381,3527.68769497437,1.0005135871286
"N[27,5]",135.434185206571,1.48686114822074,81.1221657311331,29.2817035944394,74.4217080732696,118.637529514394,179.801825416671,331.195134603045,2976.72178764601,1.00056497935358
"N[27,6]",464.231390942511,1.16447702159663,87.4109919449959,300.520547971882,407.84298946073,462.226392739303,516.211699770731,648.65809206119,5634.69289805569,1.0005899519419
"N[27,7]",57.0889111662501,0.549677019806377,33.5543230011311,17.5904677509077,36.0057782164222,49.8047761734493,69.0631149533429,142.474524650006,3726.33417750336,1.00048771602699
"sigma_total[1]",0.584110112373393,0.00299313691773183,0.0957985841560152,0.437512717329865,0.51364103300911,0.570406686462738,0.640607931056663,0.807886405716757,1024.38925354991,1.00302897572697
"sigma_total[2]",0.418665916012136,0.0010770533109616,0.0550057877056278,0.323146338617585,0.379129968093619,0.414301002620577,0.454137810160411,0.537201061259932,2608.20892343327,1.00093582024167
"sigma_total[3]",0.529226221430129,0.0013625502523243,0.0810853936482454,0.402680004013555,0.474011803637475,0.517204399441701,0.571193376212808,0.718855686947165,3541.44255739337,1.00021287772365
"sigma_total[4]",0.445612959715545,0.000950423877289784,0.0542483691025206,0.349771414313918,0.406932832546497,0.442817384098235,0.481869667539624,0.557538499109487,3257.90709645539,1.00155888711923
"sigma_total[5]",0.513679908205585,0.00126384219058213,0.0619308452058824,0.409011920268995,0.470729593681536,0.507098682559918,0.55016127215304,0.650806872141003,2401.19989541499,1.00063265050674
"sigma_total[6]",0.540054732434292,0.00188857250516955,0.0706838852013804,0.42635442599459,0.489652932317362,0.531592687355849,0.581217222802926,0.701827708357287,1400.79150815393,1.00119296414277
"sigma_total[7]",0.501720967459144,0.00121168909238829,0.0579118764337719,0.40057059784172,0.462307759020292,0.497241578364189,0.535772149719022,0.626514381089991,2284.29861873503,1.00019470869448
"prop_proc[1]",0.760551020707813,0.0101582866141866,0.208148208404322,0.219103335279173,0.65728328477021,0.841807840741571,0.916436909418536,0.970754773030526,419.859930798045,1.01245179064093
"prop_proc[2]",0.928917386152786,0.00176809356777047,0.048339623648969,0.808972843767442,0.906531760079802,0.939760985001349,0.963680628703694,0.989432456754737,747.473914725256,1.00461426088575
"prop_proc[3]",0.863637837670446,0.00450716268384789,0.122087807644099,0.511315000992814,0.82970824720394,0.902031240149119,0.94346050546,0.983883727282217,733.733118354068,1.00516534711032
"prop_proc[4]",0.921485548459871,0.00215238405938025,0.0552525883176474,0.780696947801985,0.896563460796298,0.93362639870352,0.960336173784668,0.990994851923492,658.970117395256,1.00474689833852
"prop_proc[5]",0.880652690476477,0.00390381907862827,0.0893748935277405,0.63622983754926,0.845541434801643,0.904425256385008,0.942606492669039,0.982028038739527,524.145317635543,1.0034596217375
"prop_proc[6]",0.837341439914059,0.00626128776041201,0.133187474452887,0.46181173180412,0.791173466364633,0.878521962509476,0.929057152046516,0.974889071779138,452.480054233923,1.00875030646475
"prop_proc[7]",0.89484085500816,0.00268339294471153,0.0679654396302037,0.720481883257065,0.862944894998718,0.91010559610409,0.943332935078947,0.980694623139355,641.51632674433,1.00129555462173
"sigma_rn[1]",0.509316683115455,0.00611455154088674,0.13820419384158,0.225923802647512,0.420028529830588,0.518355012486927,0.600806771620012,0.774847296448415,510.873321478707,1.0084496724272
"sigma_rn[2]",0.403618711592425,0.00121896933067883,0.0559617029861045,0.304966637455626,0.364287302864577,0.399444549459573,0.439665661384298,0.525511815287996,2107.63929276525,1.00156806040331
"sigma_rn[3]",0.49152212987217,0.00230937157273269,0.0910593460574518,0.325397412212406,0.433912960024043,0.485269118368603,0.543447226697733,0.69115239860746,1554.75307018567,1.00147403753961
"sigma_rn[4]",0.427857669278984,0.00122346411558513,0.0560403558717139,0.328178068086507,0.387927699888327,0.424792609522823,0.464480818132006,0.543585768202232,2098.0667305925,1.00171864891141
"sigma_rn[5]",0.482241957811624,0.00215764549473805,0.0697198129609988,0.35377266772507,0.435903578620185,0.478863865559915,0.525060273823757,0.63002176846704,1044.12440059956,1.00141614614336
"sigma_rn[6]",0.49450703765745,0.00356999732288541,0.0900672440986959,0.312958278953663,0.438479213922554,0.493657370810034,0.550966799474037,0.675963447733936,636.499354719058,1.00455613567812
"sigma_rn[7]",0.474895736872734,0.00183714525857977,0.0629227083131945,0.360079635757488,0.432742145115499,0.470543918969307,0.512887820296053,0.608062084718486,1173.08051697242,1.00065340530993
"sigma_wn[1]",0.2507176786502,0.00469712726434664,0.0948742343269817,0.107147951211867,0.178179733550136,0.233189394091728,0.313882437832921,0.455293710970192,407.973461812277,1.01316246937386
"sigma_wn[2]",0.104681357067305,0.00127323823274833,0.0361801012950093,0.0440604300107626,0.0791368834327717,0.101310486938152,0.126096522535924,0.185639881569839,807.458507401453,1.00342216959114
"sigma_wn[3]",0.17730348016815,0.00279761928160573,0.0730327537300925,0.0669997277868557,0.125438616017717,0.164899225424267,0.215422746897499,0.354842447359541,681.487865657435,1.00488674230027
"sigma_wn[4]",0.116507047243551,0.00162797583505293,0.041682593448146,0.0437508352612776,0.0875367760197573,0.113017964830432,0.14105807001001,0.209749217672506,655.56167576969,1.00426471573397
"sigma_wn[5]",0.164399901702684,0.00256687620896456,0.057074750788723,0.0702103128375887,0.124206068749246,0.157971944388264,0.198389620502809,0.294628496796383,494.399699638899,1.00470813472434
"sigma_wn[6]",0.197857860591784,0.00337964491387743,0.0697084700560212,0.0898441877599499,0.14758887125834,0.188889687694522,0.238330592426338,0.359515194504896,425.430827044743,1.00944827383036
"sigma_wn[7]",0.152952814765273,0.00176709454941862,0.0468857486197706,0.0717071525909018,0.120042072916882,0.148875060501114,0.181467481435586,0.257281457560618,703.982940125329,1.00144527368966
"Omega[1,1]",1,NA,0,1,1,1,1,1,NA,NA
"Omega[1,2]",0.262451048332668,0.00540476085910394,0.193094384353554,-0.126967790159836,0.135108754220542,0.270873862777732,0.400083949876845,0.611425138406153,1276.39860753959,1.00129926292328
"Omega[1,3]",0.341099625283195,0.00449250347929486,0.230704525072327,-0.180369667070215,0.20113235283058,0.364647123730439,0.505775609627439,0.723035927631661,2637.15333123578,1.00203921468136
"Omega[1,4]",0.217103465564321,0.00440622427293613,0.195018350617631,-0.174460918852416,0.0890865801762121,0.22107108997082,0.349851694809736,0.590326642362126,1958.92478407229,1.00089916599368
"Omega[1,5]",0.159813082206553,0.00533864389932478,0.232986385068069,-0.302468379362817,0.00145346414343523,0.165125891102757,0.322499101086999,0.600012344348887,1904.57982471912,1.00073308895143
"Omega[1,6]",0.202209845761292,0.00434755623335129,0.211354726208143,-0.249333644236702,0.0643828664404017,0.214045948315458,0.354600766766525,0.571574944621016,2363.37975687623,1.00148935971786
"Omega[1,7]",0.369527235176284,0.00448196548794753,0.190300283876803,-0.0342523052253171,0.246858088956292,0.383094664155345,0.505172848431013,0.695491985572444,1802.77636696954,1.0005071718699
"Omega[2,1]",0.262451048332668,0.00540476085910394,0.193094384353554,-0.126967790159836,0.135108754220542,0.270873862777732,0.400083949876845,0.611425138406153,1276.39860753959,1.00129926292328
"Omega[2,2]",1,1.01167996154546e-18,8.95232434287077e-17,1,1,1,1,1,7830.42475563071,0.999499874937461
"Omega[2,3]",0.359886003756055,0.00345018013872046,0.214783676308003,-0.0944736402960538,0.217560412090573,0.37433560891932,0.518421672715524,0.72794291551902,3875.42201210187,1.00072152146207
"Omega[2,4]",0.756818195634,0.00186002338458076,0.110281661727929,0.489351798137679,0.695285138006148,0.776487399071038,0.837852646360746,0.912297808824473,3515.35989945138,1.00108811371593
"Omega[2,5]",0.545821248184506,0.00264284080690711,0.152401458585361,0.20604332549708,0.450127045499168,0.561096753442175,0.654651206351135,0.801314845132112,3325.34139921427,1.00192278975195
"Omega[2,6]",0.340416141660091,0.00308644994776461,0.17149343458493,-0.0225248403660309,0.228886775393986,0.351618941755315,0.463579212097514,0.640778171364209,3087.2835545946,1.0031749917201
"Omega[2,7]",0.725461275680191,0.00204445461414409,0.123300350242204,0.437462942931263,0.655611952618447,0.745274219192981,0.81572529747208,0.907112911721596,3637.25435642372,1.00097084460716
"Omega[3,1]",0.341099625283195,0.00449250347929486,0.230704525072327,-0.180369667070215,0.20113235283058,0.364647123730439,0.505775609627439,0.723035927631661,2637.15333123578,1.00203921468136
"Omega[3,2]",0.359886003756055,0.00345018013872046,0.214783676308003,-0.0944736402960538,0.217560412090573,0.37433560891932,0.518421672715524,0.72794291551902,3875.42201210187,1.00072152146207
"Omega[3,3]",1,9.20991876649478e-19,7.46975992205714e-17,1,1,1,1,1,6578.11843410245,0.999499874937461
"Omega[3,4]",0.518392984015022,0.00442740239578396,0.207086995993897,0.0467952991805512,0.38923582926969,0.545230268478369,0.674415684719044,0.842582595542204,2187.80023715239,1.0022754827646
"Omega[3,5]",0.282877469955094,0.00556105933166284,0.245564903548438,-0.230174900884078,0.118286000210856,0.297490044066997,0.46195203427529,0.718163716284049,1949.92333542181,1.00220267027611
"Omega[3,6]",0.251216205822639,0.00435089719095616,0.212606702415125,-0.181718633809951,0.110584104556221,0.259685342131965,0.398332454068491,0.645477391581418,2387.79072230829,1.00006365870225
"Omega[3,7]",0.26932357657526,0.00482381940805252,0.236892934466965,-0.215643331194758,0.109489905165059,0.279800825468415,0.443550353884845,0.691275655130748,2411.69361950135,1.00172751205138
"Omega[4,1]",0.217103465564321,0.00440622427293613,0.195018350617631,-0.174460918852416,0.0890865801762121,0.22107108997082,0.349851694809736,0.590326642362126,1958.92478407229,1.00089916599368
"Omega[4,2]",0.756818195634,0.00186002338458076,0.110281661727929,0.489351798137679,0.695285138006148,0.776487399071038,0.837852646360746,0.912297808824473,3515.35989945138,1.00108811371593
"Omega[4,3]",0.518392984015022,0.00442740239578396,0.207086995993897,0.0467952991805512,0.38923582926969,0.545230268478369,0.674415684719044,0.842582595542204,2187.80023715239,1.0022754827646
"Omega[4,4]",1,2.69236773804195e-18,5.8803585510346e-17,1,1,1,1,1,477.022495075727,0.999499874937461
"Omega[4,5]",0.3550528111306,0.00344703500386486,0.179081675252694,-0.0102252771488225,0.235660668206376,0.361362460903879,0.482409884517461,0.683602085225066,2699.04987383197,1.00191542362002
"Omega[4,6]",0.430974012591107,0.00262119914718345,0.169791454074092,0.0415253757254283,0.327649820670363,0.445247324239761,0.554794191330635,0.715928165261266,4195.9627032603,1.00184662530132
"Omega[4,7]",0.505562691075999,0.0025460614800122,0.155835864677962,0.160115752782653,0.406391625645766,0.517479379711466,0.617519817402933,0.771632476487404,3746.25259993529,1.00031043203345
"Omega[5,1]",0.159813082206553,0.00533864389932478,0.232986385068069,-0.302468379362817,0.00145346414343523,0.165125891102757,0.322499101086999,0.600012344348887,1904.57982471912,1.00073308895143
"Omega[5,2]",0.545821248184506,0.00264284080690711,0.152401458585361,0.20604332549708,0.450127045499168,0.561096753442175,0.654651206351135,0.801314845132112,3325.34139921427,1.00192278975195
"Omega[5,3]",0.282877469955094,0.00556105933166284,0.245564903548438,-0.230174900884078,0.118286000210856,0.297490044066997,0.46195203427529,0.718163716284049,1949.92333542181,1.00220267027611
"Omega[5,4]",0.3550528111306,0.00344703500386486,0.179081675252694,-0.0102252771488225,0.235660668206376,0.361362460903879,0.482409884517461,0.683602085225066,2699.04987383197,1.00191542362002
"Omega[5,5]",1,1.73600523757113e-18,7.46460089117576e-17,1,1,1,1,1,1848.89020810925,0.999499874937461
"Omega[5,6]",0.0337374467145912,0.00301689679097464,0.196589894769602,-0.348470559890237,-0.10208955591661,0.031893043160697,0.166344064688536,0.421875814816304,4246.21005374622,1.00030558010248
"Omega[5,7]",0.484096429911739,0.00229174077609997,0.160693259426108,0.136596577430896,0.383820640386945,0.495269270161,0.599058377685644,0.762145472450328,4916.59387313596,1.00100444041511
"Omega[6,1]",0.202209845761292,0.00434755623335129,0.211354726208143,-0.249333644236702,0.0643828664404017,0.214045948315458,0.354600766766525,0.571574944621016,2363.37975687623,1.00148935971786
"Omega[6,2]",0.340416141660091,0.00308644994776461,0.17149343458493,-0.0225248403660309,0.228886775393986,0.351618941755315,0.463579212097514,0.640778171364209,3087.2835545946,1.0031749917201
"Omega[6,3]",0.251216205822639,0.00435089719095616,0.212606702415125,-0.181718633809951,0.110584104556221,0.259685342131965,0.398332454068491,0.645477391581418,2387.79072230829,1.00006365870225
"Omega[6,4]",0.430974012591107,0.00262119914718345,0.169791454074092,0.0415253757254283,0.327649820670363,0.445247324239761,0.554794191330635,0.715928165261266,4195.9627032603,1.00184662530132
"Omega[6,5]",0.0337374467145912,0.00301689679097464,0.196589894769602,-0.348470559890237,-0.10208955591661,0.031893043160697,0.166344064688536,0.421875814816304,4246.21005374622,1.00030558010248
"Omega[6,6]",1,1.65984967783124e-18,8.31793556772972e-17,1,1,1,1,1,2511.27103105438,0.999499874937461
"Omega[6,7]",0.0398710496568093,0.00252349872676855,0.187374726267781,-0.327548753825148,-0.0888047827656298,0.0349733868251226,0.167501733357161,0.406997098523581,5513.35354899481,1.00053955181126
"Omega[7,1]",0.369527235176284,0.00448196548794753,0.190300283876803,-0.0342523052253171,0.246858088956292,0.383094664155345,0.505172848431013,0.695491985572444,1802.77636696954,1.0005071718699
"Omega[7,2]",0.725461275680191,0.00204445461414409,0.123300350242204,0.437462942931263,0.655611952618447,0.745274219192981,0.81572529747208,0.907112911721596,3637.25435642372,1.00097084460716
"Omega[7,3]",0.26932357657526,0.00482381940805252,0.236892934466965,-0.215643331194758,0.109489905165059,0.279800825468415,0.443550353884845,0.691275655130748,2411.69361950135,1.00172751205138
"Omega[7,4]",0.505562691075999,0.0025460614800122,0.155835864677962,0.160115752782653,0.406391625645766,0.517479379711466,0.617519817402933,0.771632476487404,3746.25259993529,1.00031043203345
"Omega[7,5]",0.484096429911739,0.00229174077609997,0.160693259426108,0.136596577430896,0.383820640386945,0.495269270161,0.599058377685644,0.762145472450328,4916.59387313596,1.00100444041511
"Omega[7,6]",0.0398710496568093,0.00252349872676855,0.187374726267781,-0.327548753825148,-0.0888047827656298,0.0349733868251226,0.167501733357161,0.406997098523581,5513.35354899481,1.00053955181126
"Omega[7,7]",1,1.36197788272513e-18,8.40913665697964e-17,1,1,1,1,1,3812.08618135657,0.999499874937461
"Sigma[1,1]",0.27850149534523,0.0059710177691828,0.141272295563926,0.0510415649582054,0.176423966284298,0.26869191897163,0.360968777047925,0.60038833286691,559.77987024009,1.00731336821816
"Sigma[1,2]",0.0530030475508488,0.00119977979966431,0.0432391311412784,-0.0264823376305303,0.0246223951703388,0.049867609656758,0.0790662571096457,0.14501223420838,1298.82555781402,1.00315592250388
"Sigma[1,3]",0.0898828014495761,0.00204065158778198,0.0699697269896693,-0.0330985821416848,0.0421654718181318,0.0851000373869976,0.132103643295216,0.241513083221482,1175.66241902358,1.0031632478331
"Sigma[1,4]",0.0459284529419841,0.000915777208481603,0.0441372712633852,-0.0394223467383205,0.0176244901435332,0.0445289478312865,0.0732861678668227,0.138292170077526,2322.90419478543,1.00073729934666
"Sigma[1,5]",0.0388999283907256,0.00137781253201877,0.062397277852879,-0.0788725732156927,0.000311387839377581,0.0364758399321467,0.075493534448751,0.172338833791957,2050.93088831424,1.00072202610746
"Sigma[1,6]",0.0542373909883965,0.00159460441796498,0.0602747561997857,-0.0520268887684808,0.0132887880588284,0.0493882209229513,0.089665435753745,0.18549393780981,1428.77880401911,1.00226578487787
"Sigma[1,7]",0.0905546419884391,0.00172327125274347,0.0577606693886341,-0.00701683227249057,0.0512374299567976,0.0855299907552649,0.124699900112872,0.219049551229331,1123.45879570299,1.00237661258083
"Sigma[2,1]",0.0530030475508488,0.00119977979966431,0.0432391311412784,-0.0264823376305303,0.0246223951703388,0.049867609656758,0.0790662571096457,0.14501223420838,1298.82555781402,1.00315592250388
"Sigma[2,2]",0.166039385084609,0.00101988013399016,0.0465949235861243,0.0930046502736114,0.132705239064915,0.159555948150308,0.193305893803503,0.276162668007285,2087.27149897681,1.00139686339381
"Sigma[2,3]",0.0713628944519856,0.000890622935749666,0.0475387966078953,-0.0181718545550557,0.0401044120821318,0.0688493944982674,0.100987355146988,0.172718716217686,2849.1060667747,1.00168213518111
"Sigma[2,4]",0.133016862500544,0.000938502149041016,0.0416238830859214,0.0676410439097056,0.103279967861099,0.127636851382689,0.156794110875825,0.231000456897027,1967.04657543596,1.00200545777315
"Sigma[2,5]",0.106815708212635,0.000685799199019133,0.0397220300321911,0.0373664526986805,0.0794548679644198,0.103593395526181,0.130740496202898,0.19430796171453,3354.81768511419,1.00123855386331
"Sigma[2,6]",0.0687097013637092,0.000887822437999741,0.0405729696715259,-0.00394054042455213,0.0414118901741402,0.0661756030039604,0.0930995451590977,0.154753057168496,2088.4369051501,1.00393250210603
"Sigma[2,7]",0.140565683443727,0.000860599613747305,0.042469114111693,0.0704594039041875,0.110990141714351,0.135930903727204,0.165298384541751,0.235456402222233,2435.25312940969,1.00022967183135
"Sigma[3,1]",0.0898828014495761,0.00204065158778198,0.0699697269896693,-0.0330985821416848,0.0421654718181318,0.0851000373869976,0.132103643295216,0.241513083221482,1175.66241902357,1.0031632478331
"Sigma[3,2]",0.0713628944519856,0.000890622935749666,0.0475387966078953,-0.0181718545550557,0.0401044120821318,0.0688493944982674,0.100987355146988,0.172718716217686,2849.1060667747,1.00168213518111
"Sigma[3,3]",0.249884772182922,0.00227052877943286,0.0948367126579747,0.105883475921902,0.188280457743212,0.235486117323429,0.295334888413784,0.477691667206681,1744.61242428541,1.00105394061078
"Sigma[3,4]",0.109666873035354,0.00143436647779878,0.0529177842932934,0.00899475207434162,0.0750126907181491,0.107913175347368,0.142133710008399,0.219618935247554,1361.07811061358,1.00250886140603
"Sigma[3,5]",0.0673756334737798,0.00148469509483029,0.0636040075685762,-0.0567838593679614,0.0256808404218935,0.0658808510797396,0.107818615912573,0.196691496243431,1835.24653917562,1.003029490926
"Sigma[3,6]",0.0596383877144585,0.00110398129224083,0.0557162412062373,-0.0462211904352091,0.0244680450300887,0.0582523397915789,0.0932810123642297,0.177156759758619,2547.06595928491,1.00075879821321
"Sigma[3,7]",0.0628183555815053,0.00131304192565132,0.060737566929391,-0.0522480525673744,0.0240306016108269,0.0616123243814606,0.0991959865942686,0.188133912957768,2139.72319464523,1.00190522854017
"Sigma[4,1]",0.0459284529419841,0.000915777208481603,0.0441372712633852,-0.0394223467383205,0.0176244901435332,0.0445289478312865,0.0732861678668227,0.138292170077526,2322.90419478543,1.00073729934666
"Sigma[4,2]",0.133016862500544,0.000938502149041015,0.0416238830859214,0.0676410439097056,0.103279967861099,0.127636851382689,0.156794110875825,0.231000456897027,1967.04657543596,1.00200545777315
"Sigma[4,3]",0.109666873035354,0.00143436647779878,0.0529177842932934,0.00899475207434162,0.0750126907181491,0.107913175347368,0.142133710008399,0.219618935247554,1361.07811061358,1.00250886140603
"Sigma[4,4]",0.186202314081887,0.00106781693755903,0.0491055269260176,0.107700844374299,0.150487900340741,0.180448761340632,0.215742430649028,0.295485487969667,2114.78947637248,1.00165954952598
"Sigma[4,5]",0.0728189826665502,0.000630758923133317,0.0409439896502637,-0.00217309630717673,0.0458917929997352,0.070670968560431,0.0973688959945977,0.160679963796653,4213.60199938589,1.0013077222251
"Sigma[4,6]",0.0921904794066046,0.000918042676766343,0.0449525322518685,0.00871124172467223,0.0622196393386673,0.0900611326842199,0.11896751344032,0.188967835341857,2397.63230441396,1.00279699422807
"Sigma[4,7]",0.10332768703247,0.000639946849466937,0.0403567544861174,0.0309556092425748,0.0758402687954491,0.100146067063719,0.127678162678278,0.191203538105626,3976.89985493786,0.999929796650138
"Sigma[5,1]",0.0388999283907256,0.00137781253201877,0.062397277852879,-0.0788725732156927,0.000311387839377581,0.0364758399321467,0.075493534448751,0.172338833791958,2050.93088831424,1.00072202610746
"Sigma[5,2]",0.106815708212635,0.000685799199019133,0.0397220300321911,0.0373664526986805,0.0794548679644198,0.103593395526181,0.130740496202898,0.19430796171453,3354.81768511419,1.00123855386331
"Sigma[5,3]",0.0673756334737798,0.00148469509483029,0.0636040075685762,-0.0567838593679614,0.0256808404218935,0.0658808510797396,0.107818615912573,0.196691496243431,1835.24653917562,1.003029490926
"Sigma[5,4]",0.0728189826665502,0.000630758923133317,0.0409439896502637,-0.00217309630717673,0.0458917929997352,0.070670968560431,0.0973688959945977,0.160679963796653,4213.60199938589,1.0013077222251
"Sigma[5,5]",0.237417550586765,0.00209311947916334,0.0693900702641293,0.12515510052584,0.190011929915478,0.229310601785779,0.275688291311979,0.396927428742351,1099.02258105192,1.00134798228169
"Sigma[5,6]",0.0063205590250845,0.000730802587400264,0.0492821726880014,-0.0964061277711215,-0.0234539486404612,0.0068330081840145,0.0371778170910437,0.102649464194306,4547.57153887024,1.00047452634334
"Sigma[5,7]",0.111542303757908,0.000957720888235617,0.0462121805777399,0.0294363208177113,0.0797834764625965,0.107941928202546,0.13968163186977,0.210270811714796,2328.27890943068,1.00116656150846
"Sigma[6,1]",0.0542373909883965,0.00159460441796498,0.0602747561997857,-0.0520268887684807,0.0132887880588284,0.0493882209229513,0.089665435753745,0.18549393780981,1428.77880401911,1.00226578487787
"Sigma[6,2]",0.0687097013637092,0.000887822437999741,0.0405729696715259,-0.00394054042455213,0.0414118901741402,0.0661756030039604,0.0930995451590976,0.154753057168496,2088.4369051501,1.00393250210603
"Sigma[6,3]",0.0596383877144585,0.00110398129224083,0.0557162412062373,-0.0462211904352091,0.0244680450300887,0.0582523397915789,0.0932810123642297,0.177156759758619,2547.06595928491,1.00075879821321
"Sigma[6,4]",0.0921904794066046,0.000918042676766343,0.0449525322518685,0.00871124172467223,0.0622196393386674,0.0900611326842199,0.11896751344032,0.188967835341857,2397.63230441395,1.00279699422807
"Sigma[6,5]",0.0063205590250845,0.000730802587400264,0.0492821726880014,-0.0964061277711215,-0.0234539486404612,0.0068330081840145,0.0371778170910437,0.102649464194306,4547.57153887023,1.00047452634334
"Sigma[6,6]",0.252648304738723,0.0034560354678551,0.0904787173347855,0.097942884451239,0.192264021131348,0.243697601944331,0.303564414124555,0.456926584254972,685.387988030591,1.00382742328811
"Sigma[6,7]",0.00779032662042107,0.0006090798766452,0.0463333984956129,-0.086174095936672,-0.0206429348668577,0.00772914988639174,0.0370125319005906,0.0997772555532212,5786.81782337225,1.00038273156516
"Sigma[7,1]",0.0905546419884391,0.00172327125274347,0.0577606693886341,-0.00701683227249057,0.0512374299567976,0.0855299907552649,0.124699900112872,0.219049551229331,1123.45879570299,1.00237661258083
"Sigma[7,2]",0.140565683443727,0.000860599613747305,0.042469114111693,0.0704594039041875,0.110990141714351,0.135930903727204,0.165298384541751,0.235456402222233,2435.2531294097,1.00022967183135
"Sigma[7,3]",0.0628183555815053,0.00131304192565132,0.060737566929391,-0.0522480525673744,0.0240306016108269,0.0616123243814606,0.0991959865942686,0.188133912957768,2139.72319464523,1.00190522854017
"Sigma[7,4]",0.10332768703247,0.000639946849466937,0.0403567544861174,0.0309556092425748,0.0758402687954491,0.100146067063719,0.127678162678278,0.191203538105626,3976.89985493786,0.999929796650138
"Sigma[7,5]",0.111542303757908,0.000957720888235617,0.0462121805777399,0.0294363208177113,0.0797834764625965,0.107941928202546,0.13968163186977,0.210270811714796,2328.27890943068,1.00116656150846
"Sigma[7,6]",0.00779032662042107,0.0006090798766452,0.0463333984956129,-0.086174095936672,-0.0206429348668577,0.00772914988639174,0.0370125319005906,0.0997772555532212,5786.81782337225,1.00038273156516
"Sigma[7,7]",0.229484733212962,0.00178061654836228,0.0616302539639611,0.129657344709767,0.18726576422326,0.221411579708297,0.26305391623224,0.369739500026249,1197.97320486939,1.00072553083018
"N_sim[1]",0,NA,0,0,0,0,0,0,NA,NA
"N_sim[2]",0,NA,0,0,0,0,0,0,NA,NA
"N_sim[3]",0,NA,0,0,0,0,0,0,NA,NA
"N_sim[4]",0,NA,0,0,0,0,0,0,NA,NA
"N_sim[5]",0,NA,0,0,0,0,0,0,NA,NA
"N_sim[6]",0,NA,0,0,0,0,0,0,NA,NA
"N_sim[7]",0,NA,0,0,0,0,0,0,NA,NA
"N_sim[8]",0,NA,0,0,0,0,0,0,NA,NA
"N_sim[9]",0,NA,0,0,0,0,0,0,NA,NA
"N_sim[10]",0,NA,0,0,0,0,0,0,NA,NA
"N_sim[11]",0,NA,0,0,0,0,0,0,NA,NA
"N_sim[12]",0,NA,0,0,0,0,0,0,NA,NA
"N_sim[13]",0,NA,0,0,0,0,0,0,NA,NA
"N_sim[14]",0,NA,0,0,0,0,0,0,NA,NA
"N_sim[15]",0,NA,0,0,0,0,0,0,NA,NA
"N_sim[16]",0,NA,0,0,0,0,0,0,NA,NA
"N_sim[17]",0,NA,0,0,0,0,0,0,NA,NA
"N_sim[18]",0,NA,0,0,0,0,0,0,NA,NA
"N_sim[19]",0,NA,0,0,0,0,0,0,NA,NA
"N_sim[20]",0,NA,0,0,0,0,0,0,NA,NA
"N_sim[21]",0,NA,0,0,0,0,0,0,NA,NA
"N_sim[22]",0,NA,0,0,0,0,0,0,NA,NA
"N_sim[23]",0,NA,0,0,0,0,0,0,NA,NA
"N_sim[24]",0,NA,0,0,0,0,0,0,NA,NA
"N_sim[25]",0,NA,0,0,0,0,0,0,NA,NA
"N_sim[26]",0,NA,0,0,0,0,0,0,NA,NA
"N_sim[27]",0,NA,0,0,0,0,0,0,NA,NA
"N_sim[28]",0,NA,0,0,0,0,0,0,NA,NA
"N_sim[29]",0,NA,0,0,0,0,0,0,NA,NA
"N_sim[30]",0,NA,0,0,0,0,0,0,NA,NA
"N_sim[31]",0,NA,0,0,0,0,0,0,NA,NA
"N_sim[32]",0,NA,0,0,0,0,0,0,NA,NA
"N_sim[33]",0,NA,0,0,0,0,0,0,NA,NA
"N_sim[34]",0,NA,0,0,0,0,0,0,NA,NA
"N_sim[35]",0,NA,0,0,0,0,0,0,NA,NA
"N_sim[36]",0,NA,0,0,0,0,0,0,NA,NA
"N_sim[37]",0,NA,0,0,0,0,0,0,NA,NA
"N_sim[38]",0,NA,0,0,0,0,0,0,NA,NA
"N_sim[39]",0,NA,0,0,0,0,0,0,NA,NA
"N_sim[40]",0,NA,0,0,0,0,0,0,NA,NA
"N_sim[41]",0,NA,0,0,0,0,0,0,NA,NA
"N_sim[42]",0,NA,0,0,0,0,0,0,NA,NA
"N_sim[43]",0,NA,0,0,0,0,0,0,NA,NA
"N_sim[44]",0,NA,0,0,0,0,0,0,NA,NA
"N_sim[45]",0,NA,0,0,0,0,0,0,NA,NA
"N_sim[46]",0,NA,0,0,0,0,0,0,NA,NA
"N_sim[47]",0,NA,0,0,0,0,0,0,NA,NA
"N_sim[48]",0,NA,0,0,0,0,0,0,NA,NA
"N_sim[49]",0,NA,0,0,0,0,0,0,NA,NA
"N_sim[50]",0,NA,0,0,0,0,0,0,NA,NA
"N_sim[51]",0,NA,0,0,0,0,0,0,NA,NA
"N_sim[52]",0,NA,0,0,0,0,0,0,NA,NA
"N_sim[53]",0,NA,0,0,0,0,0,0,NA,NA
"N_sim[54]",0,NA,0,0,0,0,0,0,NA,NA
"N_sim[55]",0,NA,0,0,0,0,0,0,NA,NA
"N_sim[56]",0,NA,0,0,0,0,0,0,NA,NA
"N_sim[57]",0,NA,0,0,0,0,0,0,NA,NA
"N_sim[58]",0,NA,0,0,0,0,0,0,NA,NA
"N_sim[59]",0,NA,0,0,0,0,0,0,NA,NA
"N_sim[60]",0,NA,0,0,0,0,0,0,NA,NA
"N_sim[61]",0,NA,0,0,0,0,0,0,NA,NA
"N_sim[62]",0,NA,0,0,0,0,0,0,NA,NA
"N_sim[63]",0,NA,0,0,0,0,0,0,NA,NA
"N_sim[64]",0,NA,0,0,0,0,0,0,NA,NA
"N_sim[65]",0,NA,0,0,0,0,0,0,NA,NA
"N_sim[66]",0,NA,0,0,0,0,0,0,NA,NA
"N_sim[67]",0,NA,0,0,0,0,0,0,NA,NA
"N_sim[68]",0,NA,0,0,0,0,0,0,NA,NA
"N_sim[69]",0,NA,0,0,0,0,0,0,NA,NA
"N_sim[70]",0,NA,0,0,0,0,0,0,NA,NA
"N_sim[71]",0,NA,0,0,0,0,0,0,NA,NA
"N_sim[72]",0,NA,0,0,0,0,0,0,NA,NA
"N_sim[73]",0,NA,0,0,0,0,0,0,NA,NA
"N_sim[74]",0,NA,0,0,0,0,0,0,NA,NA
"N_sim[75]",0,NA,0,0,0,0,0,0,NA,NA
"N_sim[76]",0,NA,0,0,0,0,0,0,NA,NA
"N_sim[77]",0,NA,0,0,0,0,0,0,NA,NA
"N_sim[78]",0,NA,0,0,0,0,0,0,NA,NA
"N_sim[79]",0,NA,0,0,0,0,0,0,NA,NA
"N_sim[80]",0,NA,0,0,0,0,0,0,NA,NA
"N_sim[81]",0,NA,0,0,0,0,0,0,NA,NA
"N_sim[82]",0,NA,0,0,0,0,0,0,NA,NA
"N_sim[83]",0,NA,0,0,0,0,0,0,NA,NA
"N_sim[84]",0,NA,0,0,0,0,0,0,NA,NA
"N_sim[85]",0,NA,0,0,0,0,0,0,NA,NA
"N_sim[86]",0,NA,0,0,0,0,0,0,NA,NA
"N_sim[87]",0,NA,0,0,0,0,0,0,NA,NA
"N_sim[88]",0,NA,0,0,0,0,0,0,NA,NA
"N_sim[89]",0,NA,0,0,0,0,0,0,NA,NA
"N_sim[90]",0,NA,0,0,0,0,0,0,NA,NA
"N_sim[91]",0,NA,0,0,0,0,0,0,NA,NA
"N_sim[92]",0,NA,0,0,0,0,0,0,NA,NA
"N_sim[93]",0,NA,0,0,0,0,0,0,NA,NA
"N_sim[94]",0,NA,0,0,0,0,0,0,NA,NA
"N_sim[95]",0,NA,0,0,0,0,0,0,NA,NA
"N_sim[96]",0,NA,0,0,0,0,0,0,NA,NA
"N_sim[97]",0,NA,0,0,0,0,0,0,NA,NA
"N_sim[98]",0,NA,0,0,0,0,0,0,NA,NA
"N_sim[99]",0,NA,0,0,0,0,0,0,NA,NA
"N_sim[100]",0,NA,0,0,0,0,0,0,NA,NA
"N_sim[101]",0,NA,0,0,0,0,0,0,NA,NA
"N_sim[102]",0,NA,0,0,0,0,0,0,NA,NA
"N_sim[103]",0,NA,0,0,0,0,0,0,NA,NA
"N_sim[104]",0,NA,0,0,0,0,0,0,NA,NA
"N_sim[105]",0,NA,0,0,0,0,0,0,NA,NA
"N_sim[106]",0,NA,0,0,0,0,0,0,NA,NA
"N_sim[107]",0,NA,0,0,0,0,0,0,NA,NA
"N_sim[108]",0,NA,0,0,0,0,0,0,NA,NA
"N_sim[109]",0,NA,0,0,0,0,0,0,NA,NA
"N_sim[110]",0,NA,0,0,0,0,0,0,NA,NA
"N_sim[111]",0,NA,0,0,0,0,0,0,NA,NA
"N_sim[112]",0,NA,0,0,0,0,0,0,NA,NA
"N_sim[113]",0,NA,0,0,0,0,0,0,NA,NA
"N_sim[114]",0,NA,0,0,0,0,0,0,NA,NA
"N_sim[115]",0,NA,0,0,0,0,0,0,NA,NA
"N_sim[116]",0,NA,0,0,0,0,0,0,NA,NA
"N_sim[117]",0,NA,0,0,0,0,0,0,NA,NA
"N_sim[118]",0,NA,0,0,0,0,0,0,NA,NA
"N_sim[119]",0,NA,0,0,0,0,0,0,NA,NA
"N_sim[120]",0,NA,0,0,0,0,0,0,NA,NA
"N_sim[121]",0,NA,0,0,0,0,0,0,NA,NA
"N_sim[122]",0,NA,0,0,0,0,0,0,NA,NA
"N_sim[123]",0,NA,0,0,0,0,0,0,NA,NA
"N_sim[124]",0,NA,0,0,0,0,0,0,NA,NA
"N_sim[125]",0,NA,0,0,0,0,0,0,NA,NA
"N_sim[126]",0,NA,0,0,0,0,0,0,NA,NA
"N_sim[127]",0,NA,0,0,0,0,0,0,NA,NA
"N_sim[128]",0,NA,0,0,0,0,0,0,NA,NA
"N_sim[129]",0,NA,0,0,0,0,0,0,NA,NA
"N_sim[130]",0,NA,0,0,0,0,0,0,NA,NA
"N_sim[131]",0,NA,0,0,0,0,0,0,NA,NA
"N_sim[132]",0,NA,0,0,0,0,0,0,NA,NA
"N_sim[133]",0,NA,0,0,0,0,0,0,NA,NA
"N_sim[134]",0,NA,0,0,0,0,0,0,NA,NA
"N_sim[135]",0,NA,0,0,0,0,0,0,NA,NA
"N_sim[136]",0,NA,0,0,0,0,0,0,NA,NA
"N_sim[137]",0,NA,0,0,0,0,0,0,NA,NA
"N_sim[138]",0,NA,0,0,0,0,0,0,NA,NA
"N_sim[139]",0,NA,0,0,0,0,0,0,NA,NA
"N_sim[140]",0,NA,0,0,0,0,0,0,NA,NA
"N_sim[141]",0,NA,0,0,0,0,0,0,NA,NA
"N_sim[142]",0,NA,0,0,0,0,0,0,NA,NA
"N_sim[143]",0,NA,0,0,0,0,0,0,NA,NA
"N_sim[144]",0,NA,0,0,0,0,0,0,NA,NA
"N_sim[145]",0,NA,0,0,0,0,0,0,NA,NA
"N_sim[146]",0,NA,0,0,0,0,0,0,NA,NA
"N_sim[147]",0,NA,0,0,0,0,0,0,NA,NA
"N_sim[148]",0,NA,0,0,0,0,0,0,NA,NA
"N_sim[149]",0,NA,0,0,0,0,0,0,NA,NA
"N_sim[150]",0,NA,0,0,0,0,0,0,NA,NA
"N_sim[151]",0,NA,0,0,0,0,0,0,NA,NA
"N_sim[152]",0,NA,0,0,0,0,0,0,NA,NA
"N_sim[153]",0,NA,0,0,0,0,0,0,NA,NA
"N_sim[154]",0,NA,0,0,0,0,0,0,NA,NA
"N_sim[155]",0,NA,0,0,0,0,0,0,NA,NA
"N_all[1,1]",1276.16071928115,25.4256732817015,1289.48628141517,299.992496065244,647.939782947157,944.962365682673,1469.2354935365,4322.59284163994,2572.10402009565,1.00178977548116
"N_all[1,2]",338.185153949419,0.415206391230034,33.2972291665145,276.966530103955,317.460023665223,335.781586653758,356.849207316639,411.8920978611,6431.14246568434,0.999942056633502
"N_all[1,3]",433.355687534601,32.0567177125138,1545.54102810987,37.5667591539213,112.255471316171,198.785683503772,366.575321466092,1922.16439402243,2324.46478435339,1.00158453212313
"N_all[1,4]",330.050602552621,0.445856463964034,36.9854665009202,261.251245681326,306.803858487771,328.842472332779,350.550698292899,409.384366107004,6881.32495660737,1.00003834374826
"N_all[1,5]",213.485471020874,0.583311612972889,35.5030404783385,157.706281367715,190.704775115119,208.658680963185,230.593584026248,296.53235936817,3704.50213743917,1.00049120883282
"N_all[1,6]",375.178755247124,0.881869014177669,68.3739213204968,256.680266015221,330.954116049436,368.85903239817,411.118103320647,532.468337318945,6011.36099748435,0.999794425345131
"N_all[1,7]",42.5388773781042,0.0928097178579361,6.16007154041138,32.0390129458975,38.5530535473338,41.8789137552971,45.7386049186571,56.9490856644685,4405.3924886403,1.00030718841316
"N_all[2,1]",1437.27956974289,26.537113625384,1411.81486770874,277.066269727295,678.326666545501,1088.25181107156,1713.0986166019,4862.8555333708,2830.40207684196,1.00045270188561
"N_all[2,2]",499.087492966811,0.494550887919453,45.0847972555121,410.63392930505,471.105571840628,498.40589841385,524.552435564126,593.916711844865,8310.71272054696,0.999670985507639
"N_all[2,3]",458.954679553618,23.6920846839802,1303.58657344359,45.4127842679257,139.47880160511,242.273008755659,442.752032244545,2007.61540229285,3027.42368870568,1.00098851442303
"N_all[2,4]",405.571600786312,0.448630888585608,42.1101037778593,328.491211147204,378.509360879677,402.373142405723,429.433836835279,499.177036021231,8810.37268675006,0.999919379971412
"N_all[2,5]",423.576708509945,0.669599025942036,61.1526407261442,309.364545268761,384.231817420004,421.192682073846,459.240837405732,556.240096485292,8340.66743387087,1.00019861882342
"N_all[2,6]",314.723472157701,0.698416822210657,55.1496520559948,226.157421837269,278.66391737317,307.715959626957,342.666888943718,441.458806212606,6235.28301975971,1.00046790176351
"N_all[2,7]",64.9913381151054,0.139085880966493,9.23866483358445,50.1118256085381,58.7506356225354,63.6865706845706,69.7960744880232,86.4596097638915,4412.17096352711,1.00002727780017
"N_all[3,1]",2152.88218387302,45.6136478847349,2539.2595859851,349.325699279925,960.644545899639,1556.39595385267,2527.52674193407,7511.86726069036,3099.02150456251,1.00022551555916
"N_all[3,2]",961.56350511755,0.951981490038508,87.452090102354,790.690956502132,905.855426008645,960.241198025617,1014.23014562087,1141.35363245019,8438.85216281132,1.00018058177987
"N_all[3,3]",585.352478147419,20.3289216822937,1090.0879643846,70.9923869782805,205.396459861434,353.123777914637,620.912295621212,2498.29848761624,2875.37441321188,1.00119620463466
"N_all[3,4]",668.255416491388,0.9236633596148,71.2315874255445,544.04847319421,621.79242563307,661.004864340648,707.769551516926,824.520893032658,5947.27216410343,1.00071238940342
"N_all[3,5]",868.210521663595,1.99100602665252,130.076497376322,613.752520398398,783.551029818822,868.560754370688,945.747407911056,1134.74281816439,4268.27623827256,1.00057913187308
"N_all[3,6]",322.975129988388,0.894171007326447,57.9089566868391,230.026046567598,284.445031668364,314.539827938059,353.240409902183,457.413088194037,4194.21136588594,1.00044953321259
"N_all[3,7]",159.201381092399,0.216280116495082,20.6317751608702,122.299684389812,145.482964717835,158.248965074182,171.382345619532,203.394300902248,9099.97088936948,0.999887837495445
"N_all[4,1]",2828.17483472303,55.2464271429977,3002.67678448542,498.774560591598,1301.21370884965,2036.00003106162,3332.25056741177,9809.11927899044,2953.98835275115,1.00014898263332
"N_all[4,2]",1437.42271794874,1.47266679580849,130.717264671393,1181.31701874971,1356.66725556909,1434.52608951737,1513.51628459666,1714.4963869054,7878.74261541411,1.00003796827867
"N_all[4,3]",792.255287026207,20.8834721718651,1190.3484915034,101.792868329646,300.022468164526,512.896566313153,891.825580497793,3142.48510153488,3248.94856520351,1.00108429387326
"N_all[4,4]",1111.31379756894,1.3005941747594,116.759597680042,881.983919030432,1038.36818747662,1113.37462447527,1181.67353352985,1348.39862568826,8059.37883931224,0.999895002317058
"N_all[4,5]",1078.89299519559,2.04812877083412,160.146464409674,779.319455036742,974.468556009704,1076.00150232561,1172.93273306247,1415.78297234993,6113.92621986046,1.00019730158031
"N_all[4,6]",493.796192824431,0.913762545855153,83.7473482770504,341.233039686517,438.961587101029,489.222247406833,541.987649944568,678.003661279075,8399.92529683056,0.999813296858251
"N_all[4,7]",250.370176809474,0.427022891875268,33.3658794799179,187.071160397607,229.304403022859,249.165496630113,270.681805926291,319.515630094794,6105.24137612162,0.99968863769853
"N_all[5,1]",2203.8121348609,31.2504695411526,1879.6106315797,477.729204746645,1135.73252115703,1723.55019820942,2642.94560035482,7012.55324941578,3617.61788085302,1.00038142246898
"N_all[5,2]",747.855871318062,0.984884238954073,69.9557153285573,626.514277309612,701.682257704571,741.055155306187,787.86551758324,901.668893331455,5045.17260161559,1.00021378015466
"N_all[5,3]",571.927244565467,19.2894614624363,1124.47071440069,78.4919596414683,212.596320243681,359.566203398909,626.39185708712,2283.87863574089,3398.2560024839,1.00041402547662
"N_all[5,4]",643.300469459661,0.714916306841362,66.0937538635044,520.620903013264,600.185994978239,640.754058369831,681.469059833642,786.256422792615,8546.93559108808,0.999999093180757
"N_all[5,5]",509.671878567974,1.44424272539642,79.1602148449872,382.238861445493,457.10483694237,498.643902365528,550.208526209796,697.945146045048,3004.23257642476,1.0007384434727
"N_all[5,6]",445.309672702239,1.20907864640469,75.98910379375,303.215687039999,393.760458556188,443.940737447102,493.507526159313,605.945391416035,3949.9676861196,1.00053884501386
"N_all[5,7]",135.824183973434,0.226774434052818,18.0954987944224,103.396445618745,124.080463107119,134.431458441937,146.321435447297,176.588868311396,6367.26512819177,1.00021069909539
"N_all[6,1]",2271.91775345923,31.7755019439299,1775.93947132821,522.195373571241,1209.19688510572,1809.99206152328,2766.25563235005,6712.22464981254,3123.71555564488,1.00065217770587
"N_all[6,2]",873.13588771721,0.980944823418122,79.1758104319597,726.414505243689,821.801282068139,870.571852014215,919.430780929946,1043.01792090033,6514.72181271245,1.00052579619114
"N_all[6,3]",534.56908274648,12.2301783237066,711.497786737213,78.2382699170372,217.247100219712,355.297531786441,608.805459208586,2109.35316794261,3384.39876716314,1.00047072710511
"N_all[6,4]",607.855157890093,1.11897512786124,68.287518692869,494.611945538591,562.415346020288,599.215396378927,644.211678119499,768.684326794182,3724.27548408237,1.00012242304819
"N_all[6,5]",748.469474154376,1.74534707339454,109.47571577015,536.008974262749,679.007196210256,746.865074869101,814.953358968003,976.293980277749,3934.34085332084,1.00062291742026
"N_all[6,6]",298.521336646467,0.935614484556144,53.8520907737683,212.866488357053,262.119802430457,290.570236121331,325.823362532645,428.578547775345,3312.92241312485,1.00009946995807
"N_all[6,7]",191.325474937325,0.298240321479346,25.2590307884959,143.835639655929,174.748043997422,189.96516937074,206.462637981873,245.418327903312,7172.99696250273,0.999676130029324
"N_all[7,1]",2387.76005448269,27.5954400407024,1530.4390508883,753.046160961338,1456.6817050023,2027.20146366653,2864.18069076427,5986.92178053446,3075.79530587796,1.00141435172675
"N_all[7,2]",1089.28147864943,1.16653211009664,97.8084584943196,904.043543551273,1026.91428495723,1086.41873451436,1147.28078112958,1293.43509588759,7030.06649845786,0.999843407020725
"N_all[7,3]",637.689955367238,11.1862916298877,689.368436257586,114.988311677121,288.451066876828,457.0819000869,753.262024547348,2229.14722422877,3797.78622381806,1.0005875853291
"N_all[7,4]",896.60698353204,0.995208391055509,94.3086594747329,722.406013311167,836.951322177998,890.008471381806,950.041125725244,1109.3782016783,8979.97412473379,1.00038504497005
"N_all[7,5]",741.814372057024,1.66685088021296,107.939133477439,530.940212692799,670.481141008012,742.735877142214,808.784676685255,965.509037269444,4193.38132850684,0.999964912365012
"N_all[7,6]",426.596933151599,0.912536840905677,71.5097237373723,293.549539449839,378.486340138691,424.968061653768,469.578302319845,578.508406567759,6140.86269320524,1.0007090655179
"N_all[7,7]",217.973499505672,0.312939532009829,28.9088794197553,164.757446370692,199.179614548021,216.804429168012,235.470674182924,279.203586705737,8533.78422880746,1.00000251497253
"N_all[8,1]",1605.29712093482,3.69363243439631,350.223904571885,1015.32160499333,1380.68897579367,1570.64613339469,1794.38432773802,2408.338051094,8990.50777216876,0.999642565098308
"N_all[8,2]",654.258269862297,0.644804476686936,58.4773394872745,545.640299862947,617.368168866233,651.475695957229,687.987056638122,780.920381248362,8224.68214686011,0.999809444631283
"N_all[8,3]",503.052063428747,8.48003383743276,494.929569069348,99.0724415510423,242.314917088649,373.987653725674,591.491411003265,1702.46605157142,3406.36852915235,1.00101272974963
"N_all[8,4]",707.356325182924,1.05258412848659,76.7107846823436,554.310883626921,660.365915223274,707.969337234271,754.104909832018,859.208972203367,5311.28023146582,1.00044461611462
"N_all[8,5]",303.396278919326,1.2907460359365,51.8789320203497,226.353119429969,267.351530561286,294.486096300878,330.211535106871,428.894528866944,1615.47579155106,1.00118583901675
"N_all[8,6]",324.366587475393,0.95379121645641,58.4410984525785,232.165952325176,284.537934383467,315.923476087722,355.115427038389,461.71596582386,3754.3097668652,1.0018570512816
"N_all[8,7]",123.881997071239,0.177347933257628,16.1451481277841,95.265274004077,113.171888635604,122.794545470625,132.944318531687,159.981825478765,8287.65768043666,0.999839960068907
"N_all[9,1]",1536.41678045208,5.51640262580816,334.32064127007,939.744001983012,1313.0404698514,1524.10796895838,1730.0643995036,2267.47184997107,3672.94537365695,1.00085795211942
"N_all[9,2]",505.771403694115,0.56811696359825,47.5861356162503,423.205420796071,474.76665715684,501.49573213635,531.999330677765,613.500048869277,7015.93184480698,0.999866552632722
"N_all[9,3]",451.144563606348,8.13891621864782,470.093714088649,85.1894422540748,213.983093311808,330.29147659571,532.549052999994,1530.48158095372,3336.07443559039,1.0012244201491
"N_all[9,4]",542.061387757823,0.660870036735459,57.1750701949892,440.695245525098,504.549868277071,537.077121518138,574.546078150997,670.057635585174,7484.81877236249,1.00018632277439
"N_all[9,5]",273.816589097268,0.615285893619917,42.0347558534262,203.696534475595,246.840707964549,269.068295547912,295.550611143222,372.450595713023,4667.27232683899,1.00072593480706
"N_all[9,6]",353.11248209509,0.792568037211513,59.5210826581677,244.073161769202,313.343641914372,350.506822873577,388.942189306032,481.103477980556,5639.86276331781,1.00053418670048
"N_all[9,7]",87.0493740423828,0.210584664506975,12.3858757331107,67.3294439147742,78.6458469009033,85.4194023168876,93.6124798957359,115.725053678612,3459.39341572362,0.999656735590454
"N_all[10,1]",1687.45993452672,11.8937266773157,773.701478771117,671.684036370332,1189.88517821625,1543.8629499588,2001.23359138586,3605.02638770805,4231.6617492612,1.00066659599799
"N_all[10,2]",969.331609928415,0.920360164446491,85.5383405426305,803.451292654705,915.508337144882,967.435705226741,1019.28095176231,1147.78510895863,8637.8571031386,0.99978027208887
"N_all[10,3]",558.691834858031,6.47941993466105,399.445093661195,150.310729846402,319.584204336109,459.954277054797,670.777116996106,1590.73453999187,3800.51041347884,1.00086688093519
"N_all[10,4]",943.294570053007,1.01087270238713,98.4239291425063,760.380019849062,881.667431722869,939.506571713574,998.317498100792,1161.07796120919,9480.00264825826,0.999800570859013
"N_all[10,5]",565.529593716764,1.03378797882509,81.716503656548,411.622447381784,512.528870382511,562.910277960538,614.921695597129,737.048703945048,6248.22409825928,1.00023194373532
"N_all[10,6]",327.195140015659,0.635975958635525,55.3036383733775,234.031362487119,290.754288574293,321.199350476704,357.535846120856,455.169385371724,7561.81435144152,1.00019085646037
"N_all[10,7]",187.284712895883,0.269180580987738,24.5430246553255,140.530621330895,171.630704766032,186.257564143149,201.409402819941,240.519096748297,8313.20930448486,1.00003192051702
"N_all[11,1]",1410.82511800533,10.0444648440371,620.554832824113,541.938278963218,999.424658221095,1308.92093859461,1700.48395230966,2944.85680590615,3816.86428629638,1.00087982168583
"N_all[11,2]",1131.96142173458,1.23247350202672,102.924947232885,939.431407286783,1066.63845694734,1125.47920049221,1189.09350841762,1358.84522805549,6974.06714639767,1.00113104644733
"N_all[11,3]",554.578112404087,4.73575417999179,328.672976043341,185.89057476011,348.457836200123,481.32784547164,668.806978858829,1362.24250052634,4816.70104361288,1.00020866867477
"N_all[11,4]",1092.84662757646,1.47030750679508,115.64525660092,896.138044851762,1016.98573739572,1080.48812277935,1155.3695853035,1358.8776320013,6186.41854506327,0.99993561566529
"N_all[11,5]",653.415879482584,1.40787771596405,95.4475695547698,471.143716397262,590.934334929156,651.6062295794,711.819846680423,856.160616340447,4596.2101599996,1.00006240677706
"N_all[11,6]",307.40429568018,1.03485381104758,55.9377315556396,221.807449858621,270.284000563855,299.755660979299,335.654510780302,443.234900370792,2921.808136306,1.00166623308598
"N_all[11,7]",221.049951336052,0.305294963143667,29.1715827720498,169.910655764145,201.936460036811,218.62468089725,238.064086852453,284.999440921943,9130.2087747199,0.999694746286523
"N_all[12,1]",1454.34281909367,6.56857089054517,338.438757609332,940.33217873072,1229.41259632108,1395.61636506414,1624.92836066627,2260.09850114572,2654.71804286262,1.00194998433936
"N_all[12,2]",2154.07333076439,2.62781816442678,202.476832120858,1772.48870143412,2024.34455459916,2147.84005694373,2272.69411345944,2588.75742621951,5936.90437916558,1.00042916829348
"N_all[12,3]",830.070405194327,5.52749207361769,353.684677077096,345.4167268122,590.367628175774,769.466551434696,993.399226845503,1679.91287374167,4094.26767936764,1.00005877210573
"N_all[12,4]",2563.45266086108,5.38338920826084,283.753906756882,1976.30085635587,2385.37091818266,2579.59411726345,2749.95452350886,3102.41280669027,2778.25522747096,1.00173185948972
"N_all[12,5]",675.869376366116,1.7970422248959,103.703947398907,509.808036544235,607.018824401389,662.104679972859,729.959282801534,917.921844948802,3330.22833676217,1.00110289054868
"N_all[12,6]",670.041787554749,2.50046437575949,122.78460901912,431.608256341507,588.257161297318,672.193031295146,748.081185734332,912.281700402583,2411.27376105261,1.00108613412341
"N_all[12,7]",359.812446433811,0.538955348283374,48.7324385190187,273.310267490821,327.727559300662,356.796642258181,387.849345028607,466.791605114711,8175.80858726467,1.0000889326514
"N_all[13,1]",1338.55247243435,8.13499399202484,310.344437365774,882.378827391648,1125.89979017021,1282.0272548991,1493.78312013925,2084.90801649388,1455.37013218323,1.00316759196219
"N_all[13,2]",2043.87054949006,2.07858130157712,187.29707541372,1708.85023002734,1922.86634108837,2030.2699362172,2149.21874704225,2459.73196734659,8119.47520269687,0.999634887697116
"N_all[13,3]",707.331472496227,1.386593249716,120.5241808059,479.210042011166,635.972882136507,702.371765645129,772.364011893434,972.53524122149,7555.27390011113,0.999937140601501
"N_all[13,4]",2192.59870592435,2.88668746120032,227.633612471576,1741.71262914662,2049.91820066802,2190.4877595716,2331.10829971844,2661.74605180199,6218.32260718822,0.999796950731825
"N_all[13,5]",758.338602542771,1.23384733739093,109.104062577303,556.047704763549,687.320262483967,754.32608704375,822.552600693215,993.143616134562,7819.13997799037,1.00019547679973
"N_all[13,6]",468.630736760356,0.862239126340293,79.176939506939,328.867499935062,416.961151952315,462.0583849653,514.77218655317,646.854725811362,8432.22077343067,0.999912878669073
"N_all[13,7]",374.124456477787,0.644940973678692,50.2948596180859,287.766273221172,340.828933983259,370.397305044429,401.348538687601,487.699832313992,6081.45171226956,1.00031703902652
"N_all[14,1]",2020.81899423934,10.500425724012,426.107192290051,1246.48112786025,1726.65897047484,2007.42380782389,2296.80821672056,2887.32941357494,1646.73575391263,1.00308382086324
"N_all[14,2]",2154.87636041269,2.28235843050292,195.7637239944,1778.64732020877,2032.45112486246,2152.35021361764,2271.54031919647,2557.01492152052,7356.93194166701,1.00051588679377
"N_all[14,3]",615.694438601403,1.66860047532521,98.0435501578624,425.181478749357,554.749614637317,615.406922131731,673.986751599237,816.051858217159,3452.49717124777,1.00029056550518
"N_all[14,4]",1782.26490293326,2.05541142019324,182.547065178356,1434.43239033073,1666.57346503091,1779.07714228047,1887.91164031315,2165.97387583483,7887.73261139308,1.00017610647362
"N_all[14,5]",690.477394127313,1.15499487155326,100.150228301803,508.234417905897,627.515613836037,682.412048757363,746.075859995775,913.035506397013,7518.71764081458,1.00046403147015
"N_all[14,6]",355.217209702059,1.30033705685352,64.5439137960941,257.114605139499,309.218999668399,345.591779499345,389.6327368687,506.964965763141,2463.76178458544,1.00206760482251
"N_all[14,7]",483.958389709558,0.765631460538188,62.1044014993718,368.13263114354,443.840921354216,479.998708936509,521.422464933234,617.226119080402,6579.6867850496,1.00054337328524
"N_all[15,1]",1269.88126893915,6.80169915625229,289.199266266353,834.862746282937,1070.09690320086,1221.68633296485,1415.95076807803,1971.68038428687,1807.83810375123,1.00268601385397
"N_all[15,2]",1621.90164813459,1.82567698533903,151.431214330938,1330.23895565185,1525.82922129792,1619.1676338757,1711.17973313194,1941.81303748721,6879.91271321961,0.999884638697425
"N_all[15,3]",291.130437270136,1.05384302641959,53.1202272392269,213.08872242487,257.043561902207,281.914088535306,314.574012206928,424.75722267576,2540.78546535664,1.00100903871753
"N_all[15,4]",1021.83657081528,2.27165524705229,118.140181428282,832.219285211722,942.515781267643,1004.724901251,1086.13720969176,1286.66908036992,2704.64595193689,1.0016748413955
"N_all[15,5]",493.672370787593,0.814043265458331,72.2011764939184,361.540351993751,446.999364557908,490.24096779046,535.904078509788,651.535135036735,7866.71783550705,1.00013240784531
"N_all[15,6]",402.766420210086,1.76007258153771,74.7086799738905,259.478365240615,350.264223114997,402.622056607856,452.811700815359,553.277082018354,1801.69374502742,1.00079520199681
"N_all[15,7]",348.484358335933,0.581267126909862,46.127931366896,268.875962197713,317.466864663288,344.762320798359,374.613667926436,452.617569687607,6297.61972619855,1.00007433249311
"N_all[16,1]",1370.96817327194,6.34722376026152,291.006068200299,917.03955912844,1172.99683505486,1326.18500085135,1525.10187805193,2068.18581244386,2102.01820324151,1.000433374537
"N_all[16,2]",1472.63149507395,1.6760493355952,133.273887972365,1209.84006350856,1388.64646756337,1470.45416026922,1552.48695609186,1744.33406688338,6322.90327967677,1.00052044734741
"N_all[16,3]",266.951149645253,0.68305784384718,44.6639807890484,195.248434127059,238.005663138818,261.046529237714,288.8295268251,373.098606662652,4275.62778156068,1.00079809940374
"N_all[16,4]",915.800635081869,1.08530393333552,95.7784376485202,742.871223442026,854.169210350354,909.438457489821,969.696963350375,1123.13744471487,7788.12194552413,1.00007425130918
"N_all[16,5]",387.321564283119,0.783688770395266,58.9327193115442,288.694486190618,348.676229241294,380.254680365315,418.866381423813,526.342025466918,5654.9102249717,1.00003685806801
"N_all[16,6]",232.676985765647,1.1805038512706,44.7462086146559,166.505793492713,201.234231034629,225.187596942118,255.787263539075,341.326814814274,1436.73830145001,1.00353390006134
"N_all[16,7]",421.942273945785,0.557095002924061,54.8026074107406,320.063891395268,385.657415026884,419.38822162767,454.193730581,537.561795151861,9677.07079072263,0.99963340582431
"N_all[17,1]",2599.69982418782,16.5838713371807,577.923140442238,1493.00631812099,2211.73990012073,2608.81493089594,2969.95820227308,3751.82242561432,1214.41837314391,1.00389456809382
"N_all[17,2]",1774.23211205646,1.76088010649861,159.269123258021,1475.37305721527,1671.63776073033,1768.93122552816,1866.94374937497,2108.34953399443,8180.94748087842,0.999744698646534
"N_all[17,3]",411.907083382099,0.701405635221434,63.6609900509358,296.644008780179,371.655091230928,408.175872965514,447.483274917483,551.667484142546,8237.74369447133,1.00054055718449
"N_all[17,4]",1152.17312087642,1.73875239130014,123.337325696519,940.797225038827,1070.75658188238,1138.92577280127,1220.64957965145,1436.03372783,5031.6864982063,1.00101319824153
"N_all[17,5]",467.768712218272,0.850189905390098,67.7571911283879,339.690091775859,423.638471825122,466.327768192059,508.947912714956,613.774157424375,6351.53798662732,0.999752018625882
"N_all[17,6]",390.842452852588,1.85010493840883,72.4400111821338,249.994615068208,341.305109723728,391.761705746873,438.979694825916,534.517143907121,1533.07814512637,1.00266916677726
"N_all[17,7]",546.249655781554,0.790414324051497,70.8270047626383,413.613703968701,500.166021462079,543.409086838836,589.525585948654,695.547326613784,8029.49344960999,0.999790622985865
"N_all[18,1]",2745.98140194539,21.2768763471663,660.064782753013,1505.44491128823,2287.24397217016,2758.47581386829,3181.21931470973,4058.30214533634,962.403922861526,1.00460904686283
"N_all[18,2]",1437.68235172121,1.50892184176546,135.146585436829,1182.14053616421,1354.21099768042,1429.66443144211,1513.58463782586,1729.24222307247,8021.88930561932,0.999752458668627
"N_all[18,3]",547.326770753698,2.73037761183199,102.354277581203,335.44779520245,480.280677959212,553.917463673739,617.692478523029,737.453782742588,1405.29197535971,1.00117276136374
"N_all[18,4]",1182.26881649409,1.7250546998947,125.900901575311,933.718852312456,1101.64653195613,1183.04903470242,1258.10604382669,1438.37263787882,5326.62273971453,1.00058174511967
"N_all[18,5]",318.536025460961,0.824166318561494,51.5980364212641,235.04279521979,284.488464178457,311.440028650683,344.792276704966,442.269879296618,3919.55375727818,1.00027330395255
"N_all[18,6]",291.223871702417,0.61809065646962,50.9812924031596,196.822737447134,258.276089677023,288.623514929983,321.286176225096,398.948625117744,6803.26401051097,0.999992203469466
"N_all[18,7]",515.78118460468,0.916802619234968,70.495571637,383.230141476175,469.533072266693,513.696148468488,558.135738405607,661.897088186012,5912.51127963884,1.00010649915125
"N_all[19,1]",861.710211426765,11.3299262782302,285.119020650383,508.123019391662,655.866238641385,787.811253482776,1003.21080448663,1585.21602555561,633.283558990805,1.00805129090868
"N_all[19,2]",588.554477350316,0.701305292590186,56.2289042613785,485.234019658369,552.147548202352,585.45380616929,619.930821074208,712.859693295292,6428.43131526342,1.00101549812285
"N_all[19,3]",143.116471746688,0.648408200036701,27.6090749979661,103.974776672221,124.985701427452,137.783948325555,155.204832531279,214.979124516633,1813.03720388511,1.00248924723992
"N_all[19,4]",405.745114692657,0.545335406092187,44.8816500669607,325.876263171049,377.71413085183,402.281197334313,429.623676423724,507.822776811219,6773.45484553798,1.00025479006635
"N_all[19,5]",166.071819833555,0.432918855709393,27.4354342661794,122.088970832111,147.820715739846,162.022403657213,180.461057902014,230.461472897017,4016.15692715442,1.00024611797114
"N_all[19,6]",96.2867863915533,0.761811055640665,23.3883865204962,66.6026679915353,80.9716318951459,90.9068903345326,105.619804749157,156.943624593455,942.553440284595,1.00450713563793
"N_all[19,7]",247.299504796196,0.475124136824116,34.9949826749831,179.993750577425,223.941299654639,247.497305209795,269.308114077996,319.342127338724,5424.97046935889,1.00002371404501
"N_all[20,1]",1431.51479316309,7.56162905526345,297.785320263331,882.849801876913,1220.60734123651,1424.44837141084,1622.03158749983,2042.98252790504,1550.87156087725,1.00174263418721
"N_all[20,2]",469.827812768749,0.497895978576642,43.3222300074146,389.336838213178,442.133826444073,468.691559978004,495.352268173316,559.442258617508,7570.84527215753,0.999894191176607
"N_all[20,3]",157.481257834977,0.286714819496027,25.0517302932597,115.006512955405,141.639949531451,154.690561642685,170.271921756775,215.309844410248,7634.40460659644,1.00006609386821
"N_all[20,4]",346.275111400383,0.392006542282455,35.4157398218768,279.928197843753,324.041962539316,343.897149334302,366.178439912548,424.275228557615,8162.17696894557,1.00071456223152
"N_all[20,5]",149.728436023212,0.472457512989617,24.1068934511784,111.847280340732,133.649115657466,145.939338003589,162.08435064436,207.903985782818,2603.49637751074,1.00004739596406
"N_all[20,6]",122.774581172332,0.286844841886997,22.0555252988302,86.2749331660333,108.335168355118,120.299617658964,134.272875341563,174.224524470574,5912.08572045864,1.00038950181704
"N_all[20,7]",170.016192183022,0.242815610299674,22.1288648683071,129.717068631894,155.472140016161,168.464773149139,182.772922358491,218.413215086478,8305.48630453434,0.999755779897618
"N_all[21,1]",1092.08465203584,3.58570305140868,234.198341984849,712.500365999667,935.865843935348,1064.33339822352,1215.74479237204,1633.13804997509,4265.98172564421,1.00017507352026
"N_all[21,2]",343.789778745942,0.753101173016987,36.6943480886953,284.312420885318,318.471241996224,339.09455935144,364.2816887315,427.353048018485,2374.06007660883,1.00269308116122
"N_all[21,3]",160.565085345493,0.358447653349264,27.4108163719595,110.558944603813,143.569226051625,159.01339126232,175.169404143022,221.821133240547,5847.79927960988,1.00038910673197
"N_all[21,4]",272.241452056886,0.435394128960891,29.9411266752538,218.327646459708,253.063294911736,270.374176389231,288.58062572056,338.797538980331,4729.01988624764,1.00038471795384
"N_all[21,5]",235.472785340942,1.2557407059073,41.8596839934887,151.180678487856,206.627473123013,237.324537494191,265.510048847625,311.501122019957,1111.1992660501,1.00130683543446
"N_all[21,6]",100.7789065537,0.589680408763656,22.4538632829308,70.3754486835922,86.1275238698237,96.1547456669532,110.66885581291,158.487783682444,1449.93572134148,1.00281300546924
"N_all[21,7]",120.95606290369,0.195602066404621,16.9683410450315,90.755415476762,109.956100837934,119.756596223532,129.919542391862,159.070538105875,7525.43990260587,1.00007832630938
"N_all[22,1]",1143.76358749196,4.49746101771156,242.448636552826,764.006531672681,979.76312592909,1110.2374066549,1270.65603533392,1715.79026769395,2906.06066971509,1.00189852112512
"N_all[22,2]",525.22223493536,0.762141170049424,49.5837976978891,423.304512095168,493.483441082324,526.178034958772,557.39270433464,620.631746925538,4232.61463431259,1.00104111145028
"N_all[22,3]",188.767543144729,1.1435395909476,68.7987475038454,90.3615994719208,141.628216735875,178.246941913068,222.354899964243,352.963960658927,3619.58394829569,1.00009347260589
"N_all[22,4]",452.998215571054,0.833390234516187,50.0291502982703,351.448102020724,421.059326543479,454.889572605045,484.739940632872,551.434286916258,3603.70671735492,1.00001437997906
"N_all[22,5]",202.245198977917,0.338220125928087,29.9980746138536,147.340896126464,182.54103464639,200.455568918467,219.259575685106,269.452053758746,7866.61449866604,0.999824621126957
"N_all[22,6]",236.788613416309,0.459883489373631,40.1034370910415,167.297417735689,209.941299961412,233.328478977629,259.356548604336,325.838499921853,7604.44556760789,1.00026377103671
"N_all[22,7]",121.228932707491,0.419489598726653,18.7140020472937,91.7586946907263,107.813431802095,118.641299524925,132.174727003453,164.676783102237,1990.17355638128,1.00079275466897
"N_all[23,1]",2265.77012852665,24.1551268387327,624.329712856108,1119.61412728379,1797.76253846152,2292.7929277953,2703.59333035507,3455.40894371896,668.050608280855,1.00578440599681
"N_all[23,2]",522.557341339711,0.591122893550559,50.174964664157,432.570396510862,490.298045473832,518.765799991656,550.863270867024,633.149999387,7204.74462613053,0.999740691544721
"N_all[23,3]",156.976222024892,0.411686340810633,29.3590942680463,110.65129396684,138.605879740003,152.867581797392,170.035980158029,227.429768351693,5085.71935601519,1.00020948541977
"N_all[23,4]",381.448968162781,0.4890944139556,42.1844067074795,304.345977231029,355.073659400331,377.402392271271,404.083434984968,477.337951482258,7439.06726269483,1.00017576645124
"N_all[23,5]",161.595215499609,0.276617311111245,24.3719203370665,118.020369830022,145.958298291652,160.277147679562,175.481118192082,214.925421880709,7762.84275271675,0.999787157166432
"N_all[23,6]",340.536593036413,1.26682756580633,63.5567122164224,217.77191894255,298.659735426136,340.400307861996,380.679105385241,467.849154490962,2517.02678044871,1.00197236231954
"N_all[23,7]",182.053192144767,0.672952306236116,27.4180613366024,127.928924225803,163.435734085304,182.483214880717,200.803567121681,234.37469543649,1659.98787435025,1.00052600991675
"N_all[24,1]",858.224291353764,3.10143895468575,180.664723365151,563.485417537279,736.1981193335,834.290424657134,953.866622936778,1280.36407714289,3393.28428637831,1.00098997614624
"N_all[24,2]",205.555549855539,0.222353292312913,18.9344357744537,170.683794531006,193.51045122897,204.244056578901,216.196336250496,246.970416628386,7251.32896275105,0.999953658127429
"N_all[24,3]",99.4742898767469,1.23061236337712,58.6222943726352,29.607855967735,60.3195348541224,86.2487277957457,122.880590282764,247.771265493553,2269.25382447325,1.00125324789015
"N_all[24,4]",178.016900609524,0.19777849229446,19.0509341826036,142.733453058103,165.936876340136,177.330386730522,188.784626021878,219.624991495841,9278.42858828107,0.999773360779428
"N_all[24,5]",60.1164731268685,0.244344759227521,10.0950774938056,44.7404345924963,53.4697621111022,58.4865591146795,65.0853820388083,84.0902691169227,1706.92035357537,1.00093513678751
"N_all[24,6]",297.89442888785,0.571312257526208,50.9708184085139,203.520377082832,264.452512995412,296.107122835484,327.84316361587,408.752887116932,7959.68955742883,1.0000415885963
"N_all[24,7]",48.8891164360142,0.137140381959346,7.14054436353574,37.6224493509814,44.0468181096846,47.8865660975894,52.6752780008213,65.3100332385064,2711.01508425759,1.00021740696078
"N_all[25,1]",805.113751586343,2.0324542792268,162.873265773965,529.476205561764,698.268077220946,790.692742718853,892.091872166971,1182.14966959518,6421.81868552355,1.00038202819953
"N_all[25,2]",201.706639425599,0.195170654773149,18.940776436804,165.853372833281,189.567756053533,200.991064526905,212.928010152486,242.52096644658,9418.16983681049,1.00050007014526
"N_all[25,3]",93.2205842791497,1.1110010436227,64.282125935569,25.5086694458193,53.188684271812,77.8143739631268,114.00612697076,251.060608027558,3347.73851503994,1.00104942852827
"N_all[25,4]",143.799798521567,0.251900612983993,16.7373811088018,115.843020018254,132.881897892142,141.839141038588,152.447986213365,182.472206217987,4414.85619144175,1.00090540499517
"N_all[25,5]",73.5185813519935,0.126500235275061,11.3753137651893,53.6877087831831,66.1987611284648,72.5082362705704,79.6035407380955,99.0758070716446,8086.19299965517,1.00044735868983
"N_all[25,6]",228.679771982614,0.844419910332269,43.0521142744071,162.810782517074,199.985124277822,222.424070361524,249.397831461956,330.682547355263,2599.39356222545,1.00079582938851
"N_all[25,7]",56.0896382260032,0.090803495813291,7.68097316734122,41.5899562082331,51.0204946933647,55.8519972525213,60.747469206522,72.1327885966484,7155.29195290781,1.00008218036257
"N_all[26,1]",581.236793207995,4.61169444732887,152.982792265231,371.258280465006,475.993675243762,547.330297411059,653.161201908728,974.490742896553,1100.43429590599,1.00555143079551
"N_all[26,2]",261.579512130543,1.45118992629304,102.319354588193,113.431582643554,189.8337411786,246.044117443759,314.506300966699,495.97478880715,4971.2668276777,1.00002941140121
"N_all[26,3]",128.212402908231,1.87837747913028,111.990318575121,22.5370224505524,59.5684038574702,98.5764127674887,160.44480054336,411.549657856941,3554.63665460082,1.00144272447564
"N_all[26,4]",216.541107738226,1.1881821584565,88.1230444997678,85.610688405154,153.84053293803,202.861424952588,263.215867122311,424.345364701479,5500.63632060862,1.00057547318673
"N_all[26,5]",97.8004703518942,0.837547002153368,52.1323650409583,31.6161972951828,62.0633543448401,86.9399387272212,120.591786417626,228.620273935397,3874.3288296806,1.00047450338005
"N_all[26,6]",471.123721290241,1.84591130971384,89.2010250376106,298.22485828772,411.17424542884,472.333156988321,528.330368537779,649.999439187112,2335.16745151763,1.00092882813103
"N_all[26,7]",51.1612604651958,0.33258593444955,24.186094381583,19.1143968930239,34.858162270415,46.7199148631773,61.7405921256972,110.066313289911,5288.39310040524,0.999944734839906
"N_all[27,1]",751.301945427478,1.87357549259788,166.321613977926,472.211192036204,640.147238309924,734.419989026419,840.825815965757,1136.76037972359,7880.52203158001,0.999854535411
"N_all[27,2]",300.835530274899,2.48156708593862,140.069059394639,99.5434920512421,201.652804268706,278.609395983558,374.521238977256,635.050229464929,3185.90179007621,1.00069396617443
"N_all[27,3]",171.805086173255,2.54447685226853,163.600286100345,26.0038064274029,75.8732420886047,127.98852560317,214.407499737229,571.183982026861,4134.00606031276,1.00054204591933
"N_all[27,4]",260.588166645582,2.1528347800256,127.866202174305,79.0186154917849,166.721043234942,241.057526600225,330.184704732922,556.656917957381,3527.68769497437,1.0005135871286
"N_all[27,5]",135.434185206571,1.48686114822074,81.1221657311331,29.2817035944394,74.4217080732696,118.637529514394,179.801825416671,331.195134603045,2976.72178764601,1.00056497935358
"N_all[27,6]",464.231390942511,1.16447702159663,87.4109919449959,300.520547971882,407.84298946073,462.226392739303,516.211699770731,648.65809206119,5634.69289805569,1.0005899519419
"N_all[27,7]",57.0889111662501,0.549677019806377,33.5543230011311,17.5904677509077,36.0057782164222,49.8047761734493,69.0631149533429,142.474524650006,3726.33417750336,1.00048771602699
"N_all[28,1]",867.368755096006,6.08327625242185,552.07011136648,231.865871796343,507.006587193596,742.721520630714,1071.67521035463,2269.48209075098,8235.94414907277,0.99989129714001
"N_all[28,2]",330.147947576742,3.38270513516487,226.20980641168,74.6065486211183,179.848078634531,275.033655282112,413.947474645578,903.131191159247,4471.9256126289,1.00031022181271
"N_all[28,3]",193.565175091424,3.52813765369575,250.413137944405,18.040961292082,68.3275846969089,125.50847087806,232.416023801867,751.825928267536,5037.59417875978,1.00052645316501
"N_all[28,4]",286.258394578451,3.10220473832307,208.184196417815,56.0791833350675,149.04766152076,233.85403647234,364.777725565369,811.546399209807,4503.54600167796,1.00088983349707
"N_all[28,5]",151.929192896256,2.02798841243734,135.976984601042,20.6292777674832,64.8892784395512,113.952242023968,191.792685478081,510.102937122872,4495.72640720418,1.00033027432856
"N_all[28,6]",542.753567271592,3.92438257205491,334.077607693787,161.236952083274,324.020527136094,461.761549650189,667.917092436103,1381.05092854374,7246.89647615716,0.999812301261219
"N_all[28,7]",65.6017110558602,0.82595399136065,59.2268999276811,12.1898832678451,31.6149564974803,50.4665328906023,80.82024719738,212.724045301622,5141.93153973966,1.00013204006796
"eps_all[1,1]",0,NA,0,0,0,0,0,0,NA,NA
"eps_all[1,2]",0,NA,0,0,0,0,0,0,NA,NA
"eps_all[1,3]",0,NA,0,0,0,0,0,0,NA,NA
"eps_all[1,4]",0,NA,0,0,0,0,0,0,NA,NA
"eps_all[1,5]",0,NA,0,0,0,0,0,0,NA,NA
"eps_all[1,6]",0,NA,0,0,0,0,0,0,NA,NA
"eps_all[1,7]",0,NA,0,0,0,0,0,0,NA,NA
"eps_all[2,1]",0.220808671696109,0.0154589704959197,0.872143770342462,-1.49244094666305,-0.366127398251982,0.227382192109245,0.796851613788349,1.91965785464729,3182.84162708237,1.00037970854121
"eps_all[2,2]",0.963508286539445,0.00684997883449516,0.431791818433041,0.104058980305347,0.690994768942609,0.964596314019181,1.23372911270794,1.82415481723899,3973.47384819389,1.000195660367
"eps_all[2,3]",0.0781466893467294,0.0148988132447293,0.880353006912034,-1.64835219387167,-0.509857089146355,0.0670377329623005,0.668303874666598,1.83180801567155,3491.48637155686,1.00074483244571
"eps_all[2,4]",-0.422917963634623,0.0117780594353783,0.733515497030497,-1.83219528304114,-0.914322756028021,-0.442541044060454,0.0596745507939851,1.05576025525154,3878.56526866486,1.00009915435707
"eps_all[2,5]",0.967253749129805,0.00889993553068816,0.694856631686245,-0.488101639517338,0.534212227556185,0.992288348416764,1.42125997969232,2.30917161894782,6095.60325218273,0.999871148297019
"eps_all[2,6]",-0.461243147553114,0.00861490495105285,0.696885618519783,-1.80018247310903,-0.926404048857676,-0.460909891973443,-0.0148197582168212,0.951998375227131,6543.6795582371,1.00049484462194
"eps_all[2,7]",-0.152128913084032,0.0106550047280228,0.851985515522211,-1.85248543241547,-0.704780454552113,-0.148140762236736,0.406447108461497,1.58505275367597,6393.77176418421,1.000153987326
"eps_all[3,1]",0.745540492865959,0.0142156362346096,0.85589390222463,-0.934654784396904,0.175466406634212,0.745915427580259,1.33102994273803,2.39716360399355,3624.99374137149,1.00017463776096
"eps_all[3,2]",1.51879451249108,0.0083337310880994,0.477514522743852,0.54550442541834,1.23373853487333,1.53189232587598,1.81782415461768,2.46894433096129,3283.17629656605,1.00102471012687
"eps_all[3,3]",0.102682717169833,0.014373992654351,0.882289670716824,-1.6316859677653,-0.497609022236001,0.112636471446888,0.692348984475849,1.84415112952421,3767.62398049564,1.00049518035961
"eps_all[3,4]",-0.171604257888143,0.0123258934801998,0.754993002445699,-1.64200536945202,-0.676386265278218,-0.18318538538646,0.321246357174946,1.34837900097184,3751.88080262016,1.00181481612029
"eps_all[3,5]",0.648584852394308,0.0102989509863458,0.714121478302798,-0.830635154101906,0.185709460978052,0.664949521886004,1.13303634532847,2.01889330902571,4807.93079776341,1.00090135451606
"eps_all[3,6]",-0.496588563342597,0.00943110094677241,0.711662044328156,-1.88613814559975,-0.967849009993927,-0.518190585887752,-0.0410791522820689,0.948495905950652,5694.07025006704,1.00099861482745
"eps_all[3,7]",0.5572908944557,0.00967928510135083,0.838695330565553,-1.12870197443265,0.00556233787878703,0.578992507290487,1.12099881624071,2.16014534148331,7507.95889020643,0.999788279480235
"eps_all[4,1]",0.588269538780421,0.0108448609701946,0.817314534936004,-1.0871521980601,0.0530816362237179,0.607231754454351,1.15132921844244,2.14014753719783,5679.76630817591,1.0000599315054
"eps_all[4,2]",0.920915369400712,0.00691511188223113,0.435342975828735,0.0471850080340462,0.644839277993973,0.929197048163221,1.19733779525965,1.7791863947348,3963.37039439061,1.0002709592455
"eps_all[4,3]",0.356267011623826,0.0112962505610758,0.838141303869685,-1.36397293971338,-0.188125301516628,0.384262469798972,0.919715909020486,1.95647143292391,5505.10812097046,1.00074484680683
"eps_all[4,4]",0.533159110769189,0.00875542927799615,0.681575231926107,-0.866832115766586,0.100984526157709,0.549858865220546,0.991573147564487,1.83460887725026,6060.00121596195,1.00091920154663
"eps_all[4,5]",-0.014519769770012,0.00987600555855414,0.67408895752363,-1.29141910833774,-0.457078517929233,-0.0166325569319725,0.426508571461874,1.31637308269991,4658.77540838378,1.00038699337401
"eps_all[4,6]",0.235425295504107,0.00816885505859212,0.676076821652944,-1.12504035251811,-0.202931732651595,0.233645346929675,0.681547360157094,1.54522409814046,6849.6710176393,1.00014273086185
"eps_all[4,7]",0.374292641289601,0.00848561878523008,0.818471990894886,-1.27315810652407,-0.151681938584239,0.378476207750071,0.924119699378497,1.98364732598829,9303.376766372,0.999778305461224
"eps_all[5,1]",-0.342014894332688,0.0144543644682502,0.866067363952801,-2.00962246680689,-0.928764925045739,-0.352229597269616,0.233109767941444,1.39095993605579,3590.09006698755,0.99974153065846
"eps_all[5,2]",-1.56066014650241,0.0065662065647688,0.444056149736961,-2.39149515329983,-1.8473631660424,-1.57388087434777,-1.29099969869836,-0.642738559577194,4573.47907095741,1.00033810417343
"eps_all[5,3]",-0.110606736503405,0.0119231780718612,0.852629973200188,-1.76644776281797,-0.681903891915408,-0.125629529524282,0.442952902339534,1.59908325344541,5113.72219435222,1.00022827621911
"eps_all[5,4]",0.0336618503659359,0.011214802248686,0.719472341956192,-1.38184491792717,-0.434110568264872,0.0342777658197208,0.507919400204191,1.42262139312411,4115.71190162677,1.00024695045591
"eps_all[5,5]",-0.655590078988254,0.00932210071823765,0.675348080499535,-1.9387543485942,-1.10742402515464,-0.676255530849858,-0.223788081485171,0.716507948486844,5248.41004444792,1.00015932719868
"eps_all[5,6]",0.195941641324252,0.00874391271082355,0.669047998214536,-1.17643092519661,-0.233312411005121,0.214250478165642,0.639642751400055,1.4835608656278,5854.6767857021,1.00044051812913
"eps_all[5,7]",0.0268396619782255,0.0100486858945802,0.825192168353505,-1.62686109502606,-0.51834918281119,0.0381742959283172,0.569389919848911,1.66328073013323,6743.59768532259,0.999852788913527
"eps_all[6,1]",0.125872215455139,0.0126876977665828,0.840218068238964,-1.48925317419381,-0.446702086107509,0.118158255671483,0.68795138117586,1.77941608031018,4385.49260870233,1.00072579071589
"eps_all[6,2]",0.379847351437058,0.00624960086973628,0.418267107178864,-0.491571784706439,0.123736902179629,0.395385355432642,0.650521300142913,1.17189135375048,4479.22482333504,1.0010747802145
"eps_all[6,3]",-0.146052714043954,0.0153982455230516,0.852538815384432,-1.77060132350113,-0.726508699825937,-0.153057473650726,0.400966482284722,1.57269410966545,3065.39074696094,1.00004120831666
"eps_all[6,4]",-0.600562628116416,0.012831447811723,0.724161666777025,-1.9657577261568,-1.07820846477636,-0.62709235229124,-0.148334142394174,0.915288311520932,3185.07556208805,1.00030507120419
"eps_all[6,5]",0.578713676331808,0.0102847679059709,0.68377765229573,-0.875654250645109,0.155117320241659,0.601328912189793,1.03365540264302,1.88171466308928,4420.18874608357,1.0005890574443
"eps_all[6,6]",-0.734765729009986,0.00893391929937644,0.669996608784883,-2.01389184094102,-1.17732343321009,-0.76157692525198,-0.314342049121584,0.649531248252041,5624.2052145113,1.00009092787494
"eps_all[6,7]",0.138788422536089,0.00922104630635837,0.823396393859406,-1.5019355633857,-0.40969996364405,0.146287611013581,0.696474350067009,1.72551521256077,7973.65636629584,1.00021885293701
"eps_all[7,1]",0.258328897225993,0.0116635081604652,0.806476903949632,-1.30308316314428,-0.288167632694967,0.261886229680253,0.797706918030212,1.81966830855743,4781.07409071136,1.00054224801055
"eps_all[7,2]",0.530122406996612,0.00566582566810745,0.415911540657015,-0.321146773176987,0.281798899056589,0.534551940395946,0.785262306852912,1.3670724136448,5388.59479657793,0.99996307655592
"eps_all[7,3]",0.354433813070713,0.0129062398236579,0.834243882446314,-1.34260816988835,-0.196272313404591,0.367037259716836,0.907493572293433,1.99754696848285,4178.17474323102,0.999808660560021
"eps_all[7,4]",0.668524053435999,0.00848689946317046,0.66301713189056,-0.684637842115517,0.235949657669638,0.676956594665965,1.11688862322369,1.94420037234264,6103.11264530271,1.00127136716977
"eps_all[7,5]",-0.219035723732017,0.0088017875915846,0.65535199291972,-1.51534627240672,-0.649765742349888,-0.216165070862532,0.201918854833077,1.0626793374004,5543.79907094485,1.00002352128749
"eps_all[7,6]",0.208069217419002,0.00856177706074083,0.681209709783087,-1.15867558091886,-0.221306071769393,0.225856240753361,0.657079547346872,1.52927939994244,6330.43901205528,1.00039241851356
"eps_all[7,7]",-0.0584337704770322,0.00912202818761613,0.82198565531096,-1.67244432210259,-0.596334454074609,-0.0591414457820154,0.489380829124262,1.56031100857065,8119.80608066521,1.00008502951248
"eps_all[8,1]",-0.507679657712132,0.0162391937444115,0.916766064900565,-2.25302717911272,-1.13252299558617,-0.522618470290933,0.116133779085533,1.29876889779554,3187.0445298476,1.00052310436259
"eps_all[8,2]",-1.14626496555094,0.00797259267927264,0.461660751656122,-2.02567704687214,-1.4462349303834,-1.16013842973802,-0.869724861566429,-0.19143331310897,3353.10193031402,1.00018221194181
"eps_all[8,3]",0.128491576640675,0.0158262431701151,0.947661736151639,-1.74828314933171,-0.504340668135596,0.141741916915068,0.769482020199467,1.9623148738466,3585.51069352168,0.999951744421375
"eps_all[8,4]",0.652096181533393,0.0135739318897995,0.776727328621929,-0.975186631614009,0.147503613745789,0.68451947957472,1.17116402510331,2.10996805238092,3274.35558110662,1.0004988755173
"eps_all[8,5]",-1.11374321648754,0.0113221948859718,0.730820813805186,-2.42402975156107,-1.6135002483261,-1.16592813213385,-0.640613302493452,0.420035663788759,4166.39616825361,1.00083354525645
"eps_all[8,6]",-0.536980172799605,0.011059752070803,0.714592830724821,-1.93142307330673,-1.01257940850451,-0.547352616304076,-0.0751947453021043,0.902571407830598,4174.71206207848,1.00177973935801
"eps_all[8,7]",-0.306654615402773,0.00914413571967625,0.853430688422988,-1.99680782796008,-0.874624036796209,-0.317042087788894,0.25264661228552,1.38865396393878,8710.66244688525,0.999950168697571
"eps_all[9,1]",-0.0901674579273301,0.00894689933412152,0.539700112572887,-1.25753284082091,-0.401132466631636,-0.0615188076972385,0.245815346930287,0.934212306400637,3638.81449037264,1.00122890727798
"eps_all[9,2]",-0.622324339326699,0.00527975181129069,0.367247337793417,-1.33943914103061,-0.852921543317057,-0.627627256403103,-0.401620135418148,0.143890936604995,4838.27218614245,1.00032182847958
"eps_all[9,3]",0.00688297570714204,0.0102294281485628,0.806301984133899,-1.5502499733909,-0.538039811206424,0.00223872066439569,0.538507181040161,1.63845360700634,6212.87684092031,1.00024836092653
"eps_all[9,4]",-0.158860694155519,0.00972832201622359,0.677517897958072,-1.47030914799354,-0.601445515190826,-0.173926532023363,0.290420148213085,1.18522963816972,4850.26725610639,1.0007298071412
"eps_all[9,5]",0.195679588263872,0.00970839453156596,0.643882467059228,-1.1261537916852,-0.208431728122563,0.205437512308693,0.617719210281096,1.44758388524502,4398.63944923789,0.999929620772251
"eps_all[9,6]",0.454617272281284,0.0122156444457148,0.677683679614687,-1.00956300873826,0.0355866126950456,0.499599700893607,0.914777409189492,1.6890154117973,3077.66458252757,1.00209193258258
"eps_all[9,7]",-0.349013482571115,0.00966023502904426,0.800796755262822,-1.87393082501028,-0.886788998222022,-0.361615213606386,0.170039896536719,1.25278132372065,6871.77963545193,1.00022594174054
"eps_all[10,1]",0.107298706379215,0.013757477593006,0.785036293248792,-1.43543170169716,-0.417466539929915,0.106960636669108,0.630208777487494,1.67538484360839,3256.13079843372,1.00100569334534
"eps_all[10,2]",1.7030920012439,0.00713553077110629,0.453779474772095,0.829929194629198,1.4063169571966,1.69178645932957,1.99235697635315,2.62169646890255,4044.2419486684,1.00143495045011
"eps_all[10,3]",0.219154311668075,0.0139374309817099,0.878002151808523,-1.53513325966519,-0.368053704626058,0.23184271463953,0.80155586133844,1.94365303212288,3968.49375319294,1.00086420793935
"eps_all[10,4]",0.00708119119264075,0.0119790057906514,0.757279646362634,-1.45321487443188,-0.491603581975018,0.00992742626357923,0.498003334755861,1.51040760016966,3996.41903566149,1.00091963261643
"eps_all[10,5]",0.702377654252091,0.0105388103063125,0.722028531487178,-0.806659725127057,0.24470315553547,0.725409458315424,1.18674534542301,2.06141249135243,4693.81040963205,1.00145599894368
"eps_all[10,6]",-0.653040093866329,0.00921218043354642,0.715973091581532,-1.9914347248505,-1.13640997111903,-0.668474511283757,-0.193456495356963,0.7970918642648,6040.43937330333,1.00055407648248
"eps_all[10,7]",0.316645780529228,0.00969064919010964,0.832629035765261,-1.32603343907023,-0.236087125383822,0.330683444995086,0.891142865627612,1.94934045255483,7382.39637123055,0.999826995150946
"eps_all[11,1]",-0.300939290748947,0.0107313879286507,0.744730438135267,-1.73238358078105,-0.802287951687196,-0.317052867438197,0.185157575509841,1.18439872216502,4815.999353039,1.00047711761535
"eps_all[11,2]",0.536156716009275,0.00614474033070881,0.414320096993501,-0.22153732836504,0.272602777670114,0.517128165511447,0.781938692638984,1.41815942920392,4546.37159514663,1.0012452620763
"eps_all[11,3]",0.121767630113225,0.00975323839640554,0.794513816023786,-1.45421465567795,-0.407261180458836,0.116478670698432,0.641966476153302,1.69878740390974,6635.98243678795,0.999684966073603
"eps_all[11,4]",0.076125812974203,0.00928660612681421,0.678853315722204,-1.25467366717738,-0.362115757864631,0.0821682584416589,0.513983248156455,1.43566199459457,5343.64790713145,1.00037106355174
"eps_all[11,5]",0.139109279256876,0.00837008247552256,0.653274947183497,-1.22123307639671,-0.26346806817541,0.159140213791647,0.560576068231174,1.39035062381295,6091.6161897783,1.00023568105952
"eps_all[11,6]",-0.257297674921099,0.0081704931808008,0.661681964680097,-1.55586829701529,-0.686689019413405,-0.270450950732288,0.177774833779804,1.04903872783566,6558.46267023266,0.999723053072419
"eps_all[11,7]",0.0751215658432959,0.00885327375387478,0.816028801451294,-1.53117082486905,-0.471543896011769,0.069938996442294,0.612318767086262,1.66400747711904,8495.77863427851,1.00046143619861
"eps_all[12,1]",0.228723899793246,0.0147742271783449,0.817751436754677,-1.38838180164945,-0.323677290728929,0.236701563280809,0.774556990084624,1.84104761892891,3063.6072329846,1.00081367188997
"eps_all[12,2]",1.66118214282618,0.00798654941509862,0.468763748133182,0.764959521033027,1.34927055744094,1.64422670252928,1.96244216991148,2.61256323253904,3445.00352026992,1.00188720935239
"eps_all[12,3]",0.484402690985873,0.0172050167664584,0.936437690447063,-1.40705521354811,-0.139404820647033,0.50417863048051,1.11932199901225,2.2660286484339,2962.42640468736,1.00041285504395
"eps_all[12,4]",1.0657678063329,0.0124431707914056,0.754266282421104,-0.51867470741235,0.589344933392049,1.08781682029573,1.58328382256681,2.47138739449627,3674.40703474679,1.00067491585667
"eps_all[12,5]",-0.723936561309062,0.0115475072868063,0.745274501996316,-2.14934778599867,-1.22384954644123,-0.724514812974145,-0.232393868655644,0.755812264069354,4165.39351045229,1.00153059179607
"eps_all[12,6]",0.544753585573599,0.0106445056393327,0.740041441621359,-0.99218068194329,0.0698037689532416,0.556387279449431,1.04197697599853,1.9251727191648,4833.49293581518,0.999982195316461
"eps_all[12,7]",0.256703188039258,0.0112263515155013,0.847778516653785,-1.4409088462356,-0.30131661430247,0.25756586797813,0.817288470258717,1.93145140319751,5702.79212094928,0.99981838289805
"eps_all[13,1]",-0.131456271452402,0.00769578771422019,0.516891999581472,-1.15218164781691,-0.44827530297817,-0.140079677852305,0.174811482685918,0.960711137558825,4511.21433727291,1.00104978333477
"eps_all[13,2]",-0.0654678191849522,0.00450025439224238,0.356269675390145,-0.743263271364593,-0.294071650318156,-0.0804042348832297,0.149812039727934,0.671406623210279,6267.34478626961,1.00080699663396
"eps_all[13,3]",-0.0918620168139275,0.0116903221582392,0.832122332536505,-1.69962007896225,-0.654766612487503,-0.0888814987683401,0.458101725613481,1.57178005216745,5066.65573967776,1.00033451618145
"eps_all[13,4]",-0.386805983650862,0.00985090253801798,0.664623256694096,-1.69435592715569,-0.824578759893549,-0.394999825020217,0.0408060522232747,0.92415726948686,4551.96614885602,1.00078813685912
"eps_all[13,5]",0.31362800116436,0.00937608299059027,0.649289623421217,-1.08090087341196,-0.0896626729713702,0.33917166868141,0.747094534769512,1.53619470018921,4795.50158677286,1.00021309972018
"eps_all[13,6]",-0.571402791257575,0.00825984527858115,0.65583116051089,-1.84635723332602,-0.993525125774733,-0.582456954794493,-0.169779687700274,0.772254807520333,6304.34933735655,1.00025541368898
"eps_all[13,7]",-0.0597644702598569,0.0100708516431638,0.815317979180182,-1.67797100672657,-0.595070748463515,-0.0638878380812271,0.473818206050068,1.56114937395178,6554.22946687235,0.999766123618621
"eps_all[14,1]",0.7984754784868,0.0137108754244753,0.559980986690682,-0.461569869380502,0.47120913433964,0.853252011361188,1.17782511113726,1.78026235059519,1668.07737975089,1.00399758196709
"eps_all[14,2]",-0.0655221036910738,0.00757081343276625,0.38495801484934,-0.875528261980652,-0.307545034322022,-0.0508610643168111,0.188905852330402,0.662623351475392,2585.48274761765,1.0023368524907
"eps_all[14,3]",-0.628074760891693,0.00757962634974729,0.550895538538727,-1.75247798023333,-0.976731663771336,-0.620012040307856,-0.276561627607772,0.438264292409872,5282.54148885873,1.00007962842124
"eps_all[14,4]",-0.76379798228323,0.00931434889053358,0.667271669076921,-2.06857145751394,-1.19862349586546,-0.757670740963517,-0.325873952586833,0.530396902603346,5132.1621481924,1.00018013080588
"eps_all[14,5]",-0.392005726586766,0.0110942366471884,0.675352216012806,-1.70595509427013,-0.833327821945013,-0.407821087465993,0.0411951106892053,0.993341524264464,3705.66203085675,1.00132161221058
"eps_all[14,6]",-0.646863175730485,0.0101879866931192,0.702418254730307,-1.97580356040803,-1.12268161884132,-0.665030920171266,-0.182493302586164,0.772904627439287,4753.51469956372,1.00011528654024
"eps_all[14,7]",0.0343496969344475,0.0105057444226664,0.818512711467617,-1.57471477843724,-0.506955584381856,0.0385733608709144,0.586906219179576,1.64181613617167,6070.11884477131,1.00019295297437
"eps_all[15,1]",-0.854518491763752,0.0141141363772875,0.5968578911448,-1.88807393628639,-1.24841726607396,-0.915952186692162,-0.532016170167278,0.514432838731343,1788.27070159333,1.00260233411263
"eps_all[15,2]",-0.493780884199705,0.0075384879165167,0.40405958167441,-1.27816080069972,-0.742063171924727,-0.500473053028395,-0.247253294135357,0.34781400868836,2872.91206833629,1.00160476004321
"eps_all[15,3]",-1.22144693262121,0.0087952009799887,0.578653484192168,-2.30864257738378,-1.59667088132934,-1.24316388065102,-0.878249409850999,0.0141301274473326,4328.58159856491,1.00108688925626
"eps_all[15,4]",-0.720584830391266,0.0118015484013179,0.722846123912899,-2.12087191057041,-1.19738921216668,-0.732215411412789,-0.246618237191452,0.740179645798595,3751.57583137198,1.00210531170966
"eps_all[15,5]",-0.358162967055317,0.00979848121905755,0.691731245411066,-1.74578590102692,-0.801614731545621,-0.350973654966085,0.0784310311176819,1.01874555954158,4983.76157358472,0.999998655032445
"eps_all[15,6]",0.867897536416405,0.0225400621070684,0.787090601059836,-0.82173466048182,0.371959183044971,0.918830731126873,1.41039850051378,2.27604316720109,1219.38047290249,1.00449227774258
"eps_all[15,7]",0.140698487455951,0.0105230114963999,0.83141575849523,-1.47897967861484,-0.418394917769209,0.134495707777534,0.698124446640595,1.78366669206289,6242.46928035456,1.00019151429177
"eps_all[16,1]",0.188523410565559,0.00719350510226236,0.511457255663815,-0.835458383856892,-0.12316331909703,0.1796409002395,0.499196082998283,1.25366052582643,5055.19108008659,0.999654623566664
"eps_all[16,2]",-0.284746973255661,0.00529813078425762,0.362168698527058,-1.03005522986538,-0.504039834761925,-0.280793957292237,-0.0618050005644682,0.424393184252308,4672.7922787189,1.00082908512889
"eps_all[16,3]",-0.15022173411459,0.00772797035312541,0.537320561816868,-1.26498687490034,-0.479852312865816,-0.140046148687371,0.192080828777753,0.890663076767005,4834.32702675112,0.999852850703836
"eps_all[16,4]",-0.073167627084939,0.0118209552041763,0.684839869672034,-1.48377433124613,-0.503944025987362,-0.051143951937584,0.372688226243985,1.23789140450242,3356.39394362016,1.00163605389514
"eps_all[16,5]",-0.433892637467599,0.009566749273431,0.66351532815476,-1.70931737080921,-0.865465111127241,-0.446246401315112,-0.0167666323774698,0.923264827814053,4810.31078422052,1.00049882284833
"eps_all[16,6]",-1.27590677365234,0.015361494008299,0.704958315050929,-2.52883820736212,-1.76544618897778,-1.32176611505545,-0.833600688711295,0.233256564190775,2106.0077415653,1.00160773845755
"eps_all[16,7]",0.383448773749563,0.00903031058350469,0.796898526967062,-1.22031446248757,-0.137053052109116,0.4006119149803,0.910973515148977,1.92473692258062,7787.54686427658,0.999949618732694
"eps_all[17,1]",1.25433984942155,0.010482093258442,0.55207983121702,-0.00147134775605965,0.949947598891379,1.29239462598757,1.60317928381693,2.26678953066964,2774.00809900529,1.00100905122761
"eps_all[17,2]",0.154665324372463,0.00854267158484655,0.431291962024515,-0.746258034570539,-0.106773376049519,0.171296906013908,0.439478027593711,0.942363536003503,2548.91473146815,1.0008826149134
"eps_all[17,3]",0.510918091650522,0.00934009415003955,0.58744139864296,-0.677929266848976,0.140206194154466,0.51678563671569,0.893239194400682,1.65289303831791,3955.72953900751,0.999830005617278
"eps_all[17,4]",0.0733529694776509,0.01201276043295,0.698579591543413,-1.30480528702786,-0.383699542427924,0.0614266793410631,0.526303345220153,1.45601999477447,3381.78626184015,1.000479391627
"eps_all[17,5]",0.10121300811238,0.011640826083075,0.696177144406936,-1.31196186751959,-0.340802349151203,0.121231199733698,0.566836515058309,1.40042957367991,3576.61275366269,1.00064963743623
"eps_all[17,6]",0.629497355490115,0.0185225476857829,0.747958115235271,-0.976467049133528,0.161143927154953,0.666242549757546,1.15106915796439,1.96552589719189,1630.62131153783,1.00170819920234
"eps_all[17,7]",0.293394696334223,0.00907208705552985,0.806433002431016,-1.29971018730137,-0.233064922239698,0.301109472315697,0.828321548440502,1.86013366562445,7901.729655399,0.999856790419891
"eps_all[18,1]",0.120332706880411,0.00749469280114395,0.531487572095342,-0.991565494556462,-0.187469415287519,0.129229918240043,0.435585361642264,1.19695732047413,5028.96432622172,1.00092183610762
"eps_all[18,2]",-0.570937354065825,0.00488236321772976,0.366547348404087,-1.33687881694614,-0.798220660327802,-0.563143044118497,-0.33537042769003,0.134881601671933,5636.37648196321,1.00006375904799
"eps_all[18,3]",0.826489027563901,0.0124366520404403,0.600386393018788,-0.462467377771231,0.468976873137019,0.855604015489946,1.21869830522948,1.94079562426636,2330.53009112274,1.00100510209044
"eps_all[18,4]",0.418222510108076,0.0113926465226303,0.689235976634008,-0.962540253279161,-0.0232694899392723,0.442505616163465,0.869714550360065,1.7706465235068,3660.04674046355,1.00108744832198
"eps_all[18,5]",-0.606131508191382,0.0102160384608404,0.682100686945041,-1.92039879497966,-1.05907018466386,-0.626483938248515,-0.176092798759996,0.802192811253556,4457.91655863061,1.00025914000817
"eps_all[18,6]",-0.893391889095117,0.00988057647852369,0.674810716967178,-2.2021087783345,-1.34765624399185,-0.911489802972064,-0.450703546864152,0.456552875281657,4664.43853118538,1.00034943011604
"eps_all[18,7]",0.217636380727218,0.0122009322242775,0.826941369323527,-1.4158948168359,-0.344554815968982,0.227053288429397,0.772865897668753,1.85134207247509,4593.70824084721,1.00131652556593
"eps_all[19,1]",-2.24875558565554,0.0202499838190838,0.720107278469567,-3.47398069830819,-2.72149387529096,-2.32912294382248,-1.86371139927861,-0.59547102257888,1264.57630535747,1.00421106806634
"eps_all[19,2]",-1.71547496565344,0.0123861243599821,0.574896824421314,-2.81567803957741,-2.09817145566266,-1.72808760316632,-1.33728886430652,-0.531434977079546,2154.31371941646,1.00274010141571
"eps_all[19,3]",-1.59454820528318,0.0138336257865269,0.781305775663626,-3.03546554684256,-2.13140920259428,-1.62654821122305,-1.08237104161996,0.0646116728415125,3189.84824843499,1.00048924745298
"eps_all[19,4]",-0.505567648485688,0.0139187956032887,0.785125352941084,-1.97145851094846,-1.04337330602595,-0.525627373519193,0.00107423835504266,1.09795569419707,3181.81326948945,1.00037424667376
"eps_all[19,5]",0.0199386071799345,0.0105106406491105,0.767434352554697,-1.46646181230797,-0.493178995091851,0.017444602610346,0.524078491954507,1.55716205034736,5331.18919076354,1.00037967609853
"eps_all[19,6]",-1.11049480227875,0.0103401269242165,0.760645144523831,-2.57971647556925,-1.62492681219382,-1.11434700167984,-0.620655463932376,0.42505388546517,5411.43511241205,1.00004770387015
"eps_all[19,7]",0.00901040859991695,0.0118548496746625,0.872968926696524,-1.72222353836693,-0.556673323398787,-0.00160198420819275,0.595972108545848,1.73404752782195,5422.57375785539,1.00080361877787
"eps_all[20,1]",0.982910153248436,0.0254573812941627,0.707118507059253,-0.625598300116724,0.575494675272087,1.09291915376531,1.48370458580842,2.09097369212885,771.537346751404,1.00642590316996
"eps_all[20,2]",-0.856432316149415,0.0106935429651388,0.447843253446054,-1.75744918278481,-1.16154726506713,-0.839173612555115,-0.546471310675417,-0.0322118572926371,1753.91618155517,1.00603040408257
"eps_all[20,3]",0.126808043941354,0.00866517792731262,0.59584994253487,-1.06479250317648,-0.261234205942797,0.137261234475695,0.515775978132445,1.29945196773625,4728.45035939531,1.00116941661127
"eps_all[20,4]",0.0685208258097531,0.0103393965417393,0.696880309988348,-1.30400715447329,-0.389124910248685,0.0665438529105847,0.521330462456276,1.44955843821574,4542.82496713084,1.00031989492456
"eps_all[20,5]",0.245254374047356,0.0111046961939436,0.703402162587017,-1.06066304551549,-0.226678194456197,0.215909927000723,0.698346708403752,1.68758102350249,4012.30589128023,1.00070546127911
"eps_all[20,6]",0.614936339584483,0.0102877152205448,0.718500063287712,-0.870953098945939,0.17096870471594,0.619863125666707,1.08390820045994,1.97798501951112,4877.70750283932,1.00026586590715
"eps_all[20,7]",-0.816786382569768,0.012022539609763,0.858169444764876,-2.46714047043962,-1.40016793167778,-0.848725187526234,-0.244726307987558,0.92819552686115,5095.11113775322,0.999948758791519
"eps_all[21,1]",-0.493627362816705,0.0104533910820481,0.564840826973552,-1.54757738900405,-0.858156597035886,-0.527568692387398,-0.164431063830251,0.761776114943337,2919.69686381189,1.00084043526151
"eps_all[21,2]",-0.662715200144617,0.00712982132251096,0.412680537843759,-1.43536132649243,-0.931083418435069,-0.674789251775731,-0.402945988509798,0.182071639937447,3350.19960538444,1.00171251325643
"eps_all[21,3]",0.528380757036826,0.0111493422547879,0.608541856829252,-0.736779829364353,0.154297035854153,0.539029565252821,0.919986906888145,1.7006909615241,2979.08171534146,1.00061441248842
"eps_all[21,4]",-0.161728536532378,0.0122832704887995,0.72745644872,-1.56474020110778,-0.647185156296528,-0.176308103914793,0.300872365716975,1.31068396910809,3507.40539174661,1.00127167845267
"eps_all[21,5]",1.66971555192981,0.018608790328261,0.752295269105007,0.0542162637716046,1.18619100904404,1.70859298983297,2.19138477207785,3.02514882330964,1634.33234654426,1.00064376276429
"eps_all[21,6]",0.275014054408037,0.0111071276299733,0.741275365781358,-1.13734616132645,-0.23197814607065,0.267286544386365,0.770525025364875,1.79292491811363,4454.05536381318,1.0006321011242
"eps_all[21,7]",-0.343841152271791,0.0110455287836539,0.853496395901093,-1.97981020058626,-0.920893168468889,-0.346707437627115,0.219577662658806,1.32591607154552,5970.77024165339,1.00019215038463
"eps_all[22,1]",0.135361068301757,0.0104504640002587,0.573305487521087,-0.99018149426928,-0.215678973044887,0.103706318600977,0.469629067108608,1.38161450612455,3009.54644792876,1.00115713545791
"eps_all[22,2]",1.0819084980083,0.00760667569954222,0.422062851390171,0.20035519348799,0.821842956511892,1.09788411700596,1.3614480282974,1.87431777400253,3078.67932448717,1.0016711901228
"eps_all[22,3]",-0.0869395482409507,0.0159561162119283,0.81377440439577,-1.67597220124165,-0.641679103197039,-0.082495116873179,0.467765423942249,1.48856612896908,2601.07976400134,1.00115249226792
"eps_all[22,4]",0.759550272849603,0.0132205981562154,0.732991210658801,-0.744766307187002,0.285693631167869,0.771282369022157,1.25224183774461,2.12236496737173,3073.93956046723,1.00185128687205
"eps_all[22,5]",-0.808279721725573,0.0129149270548002,0.712470240668391,-2.11692166069846,-1.29590303832507,-0.836682739625561,-0.351122291630532,0.694655814617243,3043.33347268362,1.00096160135184
"eps_all[22,6]",1.28708725280362,0.0089524831872832,0.684069930921982,-0.099866149584956,0.854462014940909,1.29718524997049,1.7310469899422,2.64825952145245,5838.67059098302,0.999831799804806
"eps_all[22,7]",-0.541854493578293,0.0107128118135681,0.856991639487939,-2.17890114208397,-1.11744586968153,-0.56537428487875,0.0283683217620858,1.18945419384887,6399.50257764729,1.00025642199016
"eps_all[23,1]",1.27823928040114,0.0182918847004717,0.643836158583529,-0.205742299622575,0.932631756228321,1.35020537147249,1.70990230838061,2.34653424880198,1238.89304988498,1.00333469855847
"eps_all[23,2]",-0.344204481403847,0.00912524613448804,0.447834460959881,-1.24426460908528,-0.632359455959529,-0.33536674273536,-0.0495503935868117,0.50926579410646,2408.49552771886,1.00112084854459
"eps_all[23,3]",-0.71876702758861,0.0165398207267227,0.824507889993545,-2.27411764176255,-1.27033453089314,-0.759408036276689,-0.18547704753984,0.949069607664698,2485.00940003318,1.00048960689269
"eps_all[23,4]",-0.30206234331065,0.0132449673247773,0.785241953915906,-1.77650344646339,-0.833703178946943,-0.322424570052206,0.197404416958974,1.31886039134397,3514.83714667276,1.00028249156041
"eps_all[23,5]",-0.599926530493215,0.0123697041002619,0.738538255177553,-2.01175710578926,-1.08638715624999,-0.599677170551071,-0.136494193189803,0.907687288243178,3564.73598609404,1.00007750133626
"eps_all[23,6]",0.738207503150103,0.0127829278802831,0.775662762749713,-0.807133187221996,0.231505717732743,0.743265792427745,1.25732421161688,2.24757010179948,3682.01207269571,1.00051674580081
"eps_all[23,7]",1.05007926645968,0.017974222195686,0.927691612696625,-0.834407482979288,0.441376227843139,1.07403711384909,1.68718091543367,2.82729037188034,2663.83332727068,1.00073333640889
"eps_all[24,1]",-1.83386500278884,0.0110244006022756,0.606720245698557,-2.927733765067,-2.22668709174481,-1.87522241656914,-1.49255300749979,-0.468601863014489,3028.77493161411,1.0009063980396
"eps_all[24,2]",-1.92553315384554,0.0104515812856008,0.517033011026228,-2.9189073364646,-2.2708389940536,-1.92856474151169,-1.58729070941728,-0.880475584663948,2447.21733116493,1.00065341892114
"eps_all[24,3]",0.0491231623188999,0.0172724740775014,0.940858026244222,-1.79292790604101,-0.606392949905748,0.0535624378286218,0.701158486623722,1.86982318941557,2967.14717912642,1.00149403763608
"eps_all[24,4]",0.058555554417334,0.0166350275082387,0.835543388130914,-1.623367822288,-0.494032516947102,0.0603834265523314,0.63257819155292,1.63783994414549,2522.8473126525,1.00189591054393
"eps_all[24,5]",-0.776706659619369,0.0125267435958934,0.776040629549733,-2.26954813403509,-1.29764083114894,-0.802401417098169,-0.27530360506721,0.79491044758909,3837.89017075961,1.00165690952299
"eps_all[24,6]",0.67895287720996,0.0112504464331797,0.781909130653682,-0.875601950458075,0.163704753544896,0.67640425663263,1.20095719371378,2.21493329452324,4830.28834461039,1.00037861676292
"eps_all[24,7]",-0.819073804165539,0.0120947540201045,0.889508955998194,-2.51336317521981,-1.42366026762957,-0.840070309266977,-0.247540337707712,0.971859779254059,5408.87032792962,1.00037832054092
"eps_all[25,1]",-0.128302059805264,0.00936681517273903,0.536242178786104,-1.3352016130515,-0.442565766556803,-0.0890093579806492,0.21845213048395,0.876537324805325,3277.46483271823,1.00133437411143
"eps_all[25,2]",0.0013937432636115,0.00470838911455917,0.353306544949358,-0.712325769879785,-0.222691012434669,0.00471102876957603,0.210303129459608,0.724711635182067,5630.6518023532,1.00085850909521
"eps_all[25,3]",-0.125118544516012,0.0136981692757703,0.840865567900299,-1.73016319719319,-0.708676923206474,-0.130317101057371,0.434453006321403,1.5576186894226,3768.14911800825,1.00084256762722
"eps_all[25,4]",-0.678291163228992,0.0108123651810429,0.681527179228261,-1.94932976641843,-1.13226125659531,-0.704915228586819,-0.242727430276146,0.717440298890533,3973.05840780856,1.00036797403841
"eps_all[25,5]",0.418630660319578,0.00890401973695472,0.661673377338563,-0.93926868299975,0.00354806469192061,0.437131140269341,0.846617638727923,1.71167115797094,5522.23766779986,1.00024538412995
"eps_all[25,6]",-0.216097732419084,0.00995878162192254,0.68884539538762,-1.47991253707238,-0.676422376075011,-0.252501808646276,0.20147766771347,1.2901912688761,4784.43987231075,1.00047382585149
"eps_all[25,7]",0.188623079580904,0.00932912027107816,0.806679207015868,-1.41373867759317,-0.347803357297343,0.188558831365005,0.710558437678971,1.80370418079966,7476.8788089951,0.999693679302276
"eps_all[26,1]",-0.615819813175659,0.0102697472404942,0.577521920442426,-1.6972722623877,-0.983110568100399,-0.65457481114251,-0.283410794725358,0.671601087274193,3162.4046232074,1.00103863054272
"eps_all[26,2]",0.694662139352794,0.0134241315682085,0.91223967857203,-1.12634796752916,0.0907406654807935,0.729433684415392,1.32623204681416,2.39258725481539,4617.91055386118,1.00054710879535
"eps_all[26,3]",0.586475563582677,0.0152381663007465,0.994675142129945,-1.38451534787562,-0.0726661145978891,0.604789647810576,1.26651520878609,2.47222665557557,4260.85849651196,1.00016858622542
"eps_all[26,4]",0.469577876922755,0.0144345111258062,0.972690704824555,-1.50542451059114,-0.168790678792375,0.493159966001637,1.12982117276844,2.30565894553873,4540.93590845212,1.00043821225468
"eps_all[26,5]",0.218369033996894,0.0147040832286096,0.980629278643513,-1.70682055777247,-0.441950420385532,0.231400367910474,0.87115457563186,2.14767553750531,4447.68280508534,1.00061168189493
"eps_all[26,6]",1.23356527493794,0.0119824049381,0.766997842865426,-0.321145940767419,0.737738422245464,1.24850872064389,1.75485203959889,2.67352080470678,4097.32393418866,1.00036537078104
"eps_all[26,7]",-0.311969615799151,0.0103786574145766,0.961686382423358,-2.14808972266631,-0.962620887252663,-0.31899709272777,0.346668987722092,1.5763394086577,8585.87535695821,0.99990504490967
"eps_all[27,1]",0.514121518677537,0.0104263543795165,0.582268816558623,-0.793209082306608,0.187137265082238,0.555803373917501,0.883954576141668,1.57707715119783,3118.76103865052,1.00142704587819
"eps_all[27,2]",0.167816211032695,0.0121319026087694,0.869140664021377,-1.52392856002223,-0.415940034617259,0.191197031856629,0.762640951817858,1.82208799095455,5132.4214158332,1.00013945440051
"eps_all[27,3]",0.39321415819726,0.0105043029442141,0.924640927323572,-1.42261861537574,-0.240137879746009,0.397264533058473,1.02484295997771,2.1829185897676,7748.39493771644,1.00012752853171
"eps_all[27,4]",0.0617556425732715,0.0121485144027524,0.897972042493836,-1.69197857377158,-0.539718571319526,0.0588542673391066,0.659087285380117,1.83845661929155,5463.6048925514,1.00093299898278
"eps_all[27,5]",0.483463065047029,0.0127040531014071,0.932170405567815,-1.36540846813897,-0.14332371624844,0.502766696980197,1.12931707637976,2.2740003599498,5384.01202259041,1.00031423609015
"eps_all[27,6]",-0.109892660176816,0.0094276261382712,0.754037318357396,-1.55656962598841,-0.621931968616738,-0.127304513702619,0.389658237567713,1.42437179702641,6397.06814143742,1.00043155524654
"eps_all[27,7]",-0.30340224433395,0.0100571801526586,0.965052905020956,-2.13983268623166,-0.959261314987737,-0.305026810492491,0.328329755099919,1.62177925719994,9207.67083882468,0.999735026344613
"eps_all[28,1]",0.0322011131885139,0.0112745213460783,1.00548154504759,-1.93855552525176,-0.648728223392375,0.0430972005829438,0.719787809927412,1.98122699753439,7953.38454875542,0.999861038129395
"eps_all[28,2]",0.0155656243818813,0.0110086012262991,0.996169556208502,-1.93651954489633,-0.669245958020769,0.017760300195564,0.698526535952617,1.91760903144228,8188.46034145255,0.999760834204563
"eps_all[28,3]",-0.0190522385733523,0.0114075115394015,1.00508276923411,-2.01410240652972,-0.697821954234821,-0.0276620584467811,0.662618118173206,1.93067708086442,7762.861213774,0.999804374059541
"eps_all[28,4]",-0.0117514059116891,0.0112255563297591,0.990122141064282,-1.95793971429444,-0.683718926156841,-0.0179652383667935,0.652936890426244,1.97648724312948,7779.68114593233,0.999816378143934
"eps_all[28,5]",-0.0102662028242147,0.010856641267921,0.986379759958524,-1.94337585578251,-0.673758508474937,-0.00766629666004221,0.654633456621939,1.91039274621292,8254.62462404476,0.999905624621984
"eps_all[28,6]",0.00636465579772574,0.0115526393490396,1.02070186819998,-2.02445648705767,-0.686632369838187,0.0164499414242823,0.693696635703255,2.00101039073478,7806.12295982256,0.999795677586385
"eps_all[28,7]",-0.0114432384952028,0.0112516714179461,0.998306452460876,-1.96046745897549,-0.675708370564053,-0.0114831640252514,0.657275038210499,1.91785350928841,7872.15568301591,1.00001571042767
"lp__",-55.8475538535744,2.1918464685638,36.5817885352357,-122.29936492432,-81.2823822424788,-59.0808390820902,-32.9550860369258,22.4496380966922,278.55413505852,1.00693978613037
