"","mean","se_mean","sd","2.5%","25%","50%","75%","97.5%","n_eff","Rhat"
"eps2[1,1]",-0.18449809747284,0.0110404739725007,0.894158635677533,-1.91659305554539,-0.79459550478811,-0.174639781260793,0.405942801823056,1.56464120094039,6559.24290257397,1.00044439470871
"eps2[1,2]",-0.0204049129581915,0.010958449085564,0.89577138875065,-1.71864416969452,-0.617812261272375,-0.0255029269741908,0.583317103075377,1.75141405305291,6681.84174220949,1.00013951597799
"eps2[1,3]",0.0239014585019311,0.0101206173091959,0.744994565336779,-1.45632057204895,-0.465417573442757,0.0314145892996394,0.533688210486222,1.46476543003152,5418.66375919056,0.999785567000798
"eps2[1,4]",0.0897018428911625,0.0113057976874692,0.897129175644339,-1.63410368363199,-0.512020964525367,0.0743592894064933,0.681802528483568,1.89747438153527,6296.62083299851,0.999943583404407
"eps2[1,5]",-0.41686039267864,0.0103421596333404,0.784749480632492,-1.92027824187399,-0.951516198989593,-0.420472437061435,0.0968663395092085,1.15524794863284,5757.57494876893,0.999855424734568
"eps2[1,6]",0.0604074566142285,0.00995831188809784,0.821068219908169,-1.5409464336835,-0.483166643278532,0.0548040310355494,0.604190931025307,1.70422614206534,6798.09199746329,0.999932007607671
"eps2[1,7]",-0.044437845928529,0.010502207070785,0.816796628548218,-1.67828852743686,-0.599403866304147,-0.0203019850878637,0.49869445796869,1.54193165973314,6048.76509601743,1.0006763850645
"eps2[1,8]",-0.0461000098718349,0.0106505505609075,0.928528747564585,-1.83432619990986,-0.668978359352498,-0.0564804125715442,0.564667936154456,1.85517811754835,7600.57749721619,0.99967185147189
"eps2[1,9]",-0.0682164775180687,0.0115514164266082,0.934438939165703,-1.92568132510778,-0.700219500480558,-0.0797556173999452,0.573356596378,1.76647270136993,6543.82045062139,1.00043148829674
"eps2[1,10]",-0.238985698717383,0.0111334823761961,0.903640970412787,-2.02088709840721,-0.846473451641047,-0.247086755553337,0.372086121620087,1.51337869891209,6587.63873616539,0.999687733608099
"eps2[1,11]",0.00460269979808721,0.009689070942991,0.888829236818459,-1.68805702774119,-0.592540304420167,-0.0119446321824413,0.593340175757667,1.76649874113499,8415.35403983351,0.999630219000003
"eps2[1,12]",-0.163419877243017,0.00954992893283118,0.922154641074692,-1.95885054002911,-0.774692565139225,-0.187788094359164,0.449977759951864,1.70098541949209,9324.10666803739,1.00009567284453
"eps2[2,1]",-0.410861736026421,0.0159969087669377,0.992040898610588,-2.29129668130215,-1.08832215439023,-0.417643650579224,0.235276722531741,1.63003624255625,3845.80286133312,1.00026469678603
"eps2[2,2]",-0.034259404591418,0.0150482847767577,1.01481892865535,-1.98707941556141,-0.72274478363301,-0.0467239094501578,0.646134422898698,1.95618821990828,4547.81841412485,1.00016310877798
"eps2[2,3]",-0.888560624412422,0.011811906026928,0.803850718664658,-2.42737957756642,-1.42804423248216,-0.901063902470573,-0.357375990421116,0.736868725221824,4631.38454897149,1.00030864221738
"eps2[2,4]",0.0382373418818968,0.014488618002634,0.967771959477891,-1.85558609042963,-0.599665552707343,0.03080572654566,0.697637790915066,1.89428056281292,4461.61554504188,1.00005955503181
"eps2[2,5]",-0.820655219615486,0.0105711130471389,0.824917090850717,-2.42652294618405,-1.38122212735474,-0.822176791507696,-0.283849416985414,0.825509893093752,6089.46542113247,0.9998684367802
"eps2[2,6]",0.157561548368041,0.0101809990774155,0.849920129632493,-1.5135658936737,-0.427354027006733,0.156847944138603,0.745590156711526,1.77434912420077,6969.07974958143,0.999613326770287
"eps2[2,7]",-0.644471190110108,0.0115753838925548,0.869082976500741,-2.34403295625186,-1.23744976047316,-0.659680759559005,-0.0700967091097136,1.09772806315286,5637.04731290947,1.0009558914299
"eps2[2,8]",0.0257453553757247,0.0108125443437725,0.947091751202109,-1.85737671719754,-0.618882903207806,0.0351595197463846,0.676989844250306,1.85972166545956,7672.34820887351,0.999991022713764
"eps2[2,9]",-0.243312894007169,0.0112079697418506,0.949758544585121,-2.10014796511147,-0.870362493867218,-0.25726384097296,0.391941654251435,1.6528408102161,7180.7948460814,1.00040267422749
"eps2[2,10]",-0.60683569352282,0.0101846940125199,0.910154588720207,-2.37862256540929,-1.2215959146818,-0.606040262393285,0.00914818622224717,1.17289846691096,7986.09284117803,1.00022920955001
"eps2[2,11]",0.394679874613862,0.00987526393516137,0.904293481169388,-1.41742662003853,-0.204924495487148,0.395073793783101,0.987671746879576,2.13779709635809,8385.35351648569,0.999916839079961
"eps2[2,12]",0.209869097532453,0.0100473162847081,0.92794056787898,-1.60714680815132,-0.423111382904101,0.208236378126379,0.826477607636099,2.05612619724308,8529.82607100526,0.999558030528218
"eps2[3,1]",-0.0226858643848908,0.0147697319651595,1.00134795721326,-2.00712816432934,-0.719725197168791,-0.0208976574937078,0.655130911299014,1.94634348062959,4596.47396304585,1.00069590572073
"eps2[3,2]",-0.138536538136385,0.015640954088538,1.01440082856372,-2.10710193103326,-0.838580530307546,-0.144428507719013,0.557558549630521,1.79999173237611,4206.22701229986,1.0000841041533
"eps2[3,3]",0.509427246722001,0.0115720807745877,0.791967708580374,-1.1115371356681,-0.000355965825613382,0.526451671216466,1.05708818231091,2.04507308880332,4683.7319832413,1.00001545797108
"eps2[3,4]",0.444650524116225,0.0147350047350503,1.01285819183478,-1.56394878739242,-0.229587407333133,0.450442199444267,1.13628377525986,2.39095834932503,4724.94470489235,1.00016459889836
"eps2[3,5]",0.262413715582512,0.0106996763907075,0.825834340065367,-1.32144339566462,-0.306728058642881,0.236316331034997,0.823806168019122,1.93174815731284,5957.23304977866,0.999743175272814
"eps2[3,6]",0.685199288685922,0.0109737353020194,0.882775059244486,-1.0987167121353,0.103098622782229,0.699729062907033,1.28045448152369,2.37760776758164,6471.29426504216,0.999902065420323
"eps2[3,7]",0.678260390972691,0.0118073047788362,0.877110414288089,-1.04433410080772,0.103787717899318,0.679489634326038,1.28133090568617,2.36074274288453,5518.32135617392,0.999957819381321
"eps2[3,8]",-0.204766402682953,0.0125915782365199,0.98695877076772,-2.15177427142661,-0.859368293063507,-0.195113595498312,0.458186660123497,1.71959378955578,6143.80870732361,0.999698095952325
"eps2[3,9]",-0.500664425702672,0.0155865552566511,0.996084786221722,-2.41998228869802,-1.17532852727625,-0.504183811965348,0.186123456188958,1.46090455674132,4084.06200306068,1.0003328886454
"eps2[3,10]",-0.0839128563614275,0.0126889778899382,0.967731062882463,-1.99719744890681,-0.734612814609678,-0.0845385962025818,0.586160566608434,1.79798921099581,5816.42432191624,1.00009066649555
"eps2[3,11]",0.368473330232174,0.0122125912953258,0.975036433718283,-1.53392132302501,-0.287608077663945,0.364345494985302,1.02659887424068,2.27266963996549,6374.20521834144,1.00009391263454
"eps2[3,12]",0.922801352680256,0.0121328521353027,0.997653056791409,-1.07735861511634,0.264190508969749,0.927986160150593,1.60634115774206,2.82778512240137,6761.34763022087,1.00018324099019
"eps2[4,1]",-0.0372472888025623,0.013714141125341,0.96349410811711,-1.8762738675777,-0.699006683418471,-0.0614351624592177,0.619088202247199,1.85792619084412,4935.8380085344,0.999645329556559
"eps2[4,2]",0.198768726218249,0.0185134382383953,1.02784110963985,-1.81815284235219,-0.499910191122253,0.193977445166175,0.913507483494582,2.20142620416014,3082.3205685095,0.999734794951779
"eps2[4,3]",-0.676412185790771,0.0113832963797641,0.769725469256561,-2.18417966364491,-1.19818560459883,-0.689392590379309,-0.163340748971748,0.85504373231847,4572.3095744552,1.00187029570489
"eps2[4,4]",0.154170154087308,0.00990860911967421,0.808504026867403,-1.43715161093087,-0.389550640744977,0.157334868091908,0.688776445938949,1.76724040374656,6657.9262737581,1.00004283824373
"eps2[4,5]",1.28192325642352,0.0103385661256869,0.818131393814931,-0.37099038772454,0.749445822917413,1.28086126222834,1.83844662383687,2.86296123788698,6262.17927104751,0.999558744827635
"eps2[4,6]",0.602372806618043,0.0103601842816464,0.836804735823129,-1.12427747820614,0.0503582682120155,0.614858454386485,1.1615519296099,2.19991505514698,6523.99016692783,1.00015852932594
"eps2[4,7]",0.711825258107124,0.00999856307310737,0.83982375701719,-0.920958247227014,0.133958322571754,0.729628902950957,1.27799211803463,2.35662296633176,7055.06680587909,0.999846769152322
"eps2[4,8]",0.330517546121475,0.00943987210319602,0.83139416088886,-1.32787201331335,-0.207436779763867,0.329563435185916,0.873307319790727,1.93820378125423,7756.78438392976,0.999806930181573
"eps2[4,9]",-0.193828279320346,0.0102947544610958,0.869728548620609,-1.88936942922043,-0.782707391522721,-0.198189930684476,0.401950672048802,1.52568855606377,7137.32489088833,0.999711209317316
"eps2[4,10]",-0.168497852022271,0.0097261854088501,0.887216992111662,-1.91602730041502,-0.755425093202167,-0.152936413765945,0.425647655064993,1.52457234117262,8320.98259083667,1.00031111524418
"eps2[4,11]",-0.128880780377187,0.0127026769666426,0.944059580096459,-1.97245678232695,-0.750821768570078,-0.147337964027774,0.49112254803846,1.79508870420432,5523.42294195812,0.999896264644894
"eps2[4,12]",0.325802464878256,0.0117143162147636,0.938389636371248,-1.52415969057995,-0.298587684730494,0.325157992217679,0.966793543117481,2.14697166403668,6417.00709159726,1.00017295890814
"eps2[5,1]",0.563109204792778,0.0112355869146662,0.841886488982162,-1.10635484647332,0.0133267189823604,0.568131838589535,1.12798833908616,2.1860959802154,5614.55773806976,0.999945313387945
"eps2[5,2]",-0.0195887394214311,0.0126041225833378,0.944458739919706,-1.84071377419761,-0.655637275053532,-0.0311523992945574,0.625287271652317,1.8094635653683,5614.88341393783,1.00022363183914
"eps2[5,3]",-0.0492972042679142,0.0098453386303536,0.743169348280145,-1.48711519742261,-0.545168408936477,-0.0531570515399156,0.449207107475096,1.39073185327036,5697.89263415772,1.00023521557296
"eps2[5,4]",0.0863853863616502,0.00921902801573155,0.771326468182847,-1.42993005961329,-0.412384552034896,0.0815159537668863,0.599358171292218,1.60641998257732,7000.131516328,0.999905559637324
"eps2[5,5]",0.987762306930345,0.0094613341866374,0.783386167711401,-0.566955805639071,0.471454066844198,0.976357475031596,1.49888675650751,2.5621108044184,6855.62466554651,1.00030816586879
"eps2[5,6]",-0.313282257624529,0.00990285104108721,0.833961813205632,-1.89991459387172,-0.878479028901669,-0.328183886950106,0.250289480981951,1.30756663033638,7092.05078685714,1.00003553308308
"eps2[5,7]",0.505870095867395,0.00989113058480621,0.810017412468021,-1.10951015278157,-0.0262905150375081,0.499398566781055,1.04841634288373,2.10613912395506,6706.51404451578,0.999922550954753
"eps2[5,8]",-0.162065551748064,0.00944632988209253,0.829220428230332,-1.80591698591738,-0.723772562722398,-0.171664490407303,0.406294811709738,1.46365262196709,7705.72967721584,1.00020255884059
"eps2[5,9]",0.130213606662819,0.0103202368571654,0.879754246010642,-1.57589990030048,-0.459395448962702,0.129256546233835,0.713608614818588,1.87519652975231,7266.80344773721,0.999564720426734
"eps2[5,10]",0.22766121997642,0.0104790297025117,0.895234483075123,-1.5525432171935,-0.368242282258021,0.221778828349329,0.842741592923098,1.96376289275117,7298.46385747783,1.0002762764801
"eps2[5,11]",0.441299597487042,0.0109436321752518,0.900255370390985,-1.3732237681165,-0.145341753331231,0.451980560671424,1.05432288834696,2.15084023149523,6767.19149854026,1.00116468949063
"eps2[5,12]",0.0632551162628487,0.0100674975376831,0.955999495593254,-1.81462565254669,-0.575918730399217,0.0663206266783868,0.70882679553483,1.91035241764141,9017.21162275414,0.999680042881788
"eps2[6,1]",0.326445331354243,0.010594867042741,0.825614143435333,-1.29789925389148,-0.223285697391496,0.320067358148249,0.872801259370196,1.97903167297054,6072.43991481511,1.00005497332974
"eps2[6,2]",-0.0195979293174586,0.0128715502585005,0.943219721293374,-1.87391624332821,-0.642107297565142,-0.0412677919287562,0.618151787455124,1.80799466779052,5369.87321164383,0.99966462059495
"eps2[6,3]",0.874345893446132,0.00882061357489998,0.743033816780224,-0.582480124351173,0.377412068117519,0.881160683117482,1.36862668733749,2.3408783335104,7096.09738062543,0.999838052278177
"eps2[6,4]",0.234687691496502,0.00885421312724917,0.748131392145635,-1.27097366533008,-0.254496363247437,0.227685299164805,0.743824450724662,1.67289318318244,7139.30299173338,0.999827070798714
"eps2[6,5]",0.621471805897091,0.00904910127358002,0.767410942797699,-0.848708467808709,0.108818938111081,0.614454913938054,1.11408822501492,2.17783838950887,7191.9238114683,0.999951919037405
"eps2[6,6]",0.540700905570206,0.0098540833938379,0.812041087117103,-1.10700119383127,0.00298384961867307,0.54888563635347,1.08269619258817,2.11561522304397,6790.84067405984,0.999785945906577
"eps2[6,7]",0.624379674689873,0.00905159425209903,0.800064532056866,-1.00117296167471,0.112558879464587,0.632922018454528,1.16893395983367,2.13903525652108,7812.67718658885,0.999671535152143
"eps2[6,8]",0.121856614229721,0.00943797607921072,0.829392044839846,-1.4825638168924,-0.447053349491614,0.124380766136663,0.701744583827854,1.75084695845661,7722.57236207805,0.999974411557305
"eps2[6,9]",-0.16853353786783,0.00914032144702179,0.854670964853314,-1.80579095418095,-0.759868476143128,-0.177212835161,0.399327797691714,1.54290918891032,8743.29157941572,0.999527797967308
"eps2[6,10]",-0.251982187102645,0.0112673744078402,0.919507432855559,-2.05310064535406,-0.883912705634863,-0.261784108088371,0.368516533768033,1.55256728707328,6659.85903215832,1.00033220871295
"eps2[6,11]",0.141382711551578,0.0102344238029034,0.896957316418972,-1.58073093306422,-0.470929342801812,0.136044293958157,0.749370743218332,1.893256316871,7680.98221570794,1.00004399751995
"eps2[6,12]",-0.140130541669593,0.0101800474622587,0.936735788143152,-1.96972866208097,-0.773556109484319,-0.12751081540584,0.488171391341017,1.68701981100672,8467.09865586644,1.00043450316239
"eps2[7,1]",-0.0397068839477957,0.0079026275675451,0.708999899174402,-1.37014233028287,-0.518150418679512,-0.0580103936617296,0.436956292824741,1.37109250568768,8049.136948745,1.00051955372527
"eps2[7,2]",0.125671916623462,0.011156118213674,0.900146785009535,-1.67630976932268,-0.460444950406526,0.142459847822604,0.71351537816257,1.84035837373848,6510.29179449604,0.999618344970004
"eps2[7,3]",0.138078933013212,0.0102464092459242,0.750485745896995,-1.30149776836606,-0.367649682331693,0.117524787627292,0.619633245209999,1.64346603808477,5364.6513272532,0.999896885556031
"eps2[7,4]",-0.143140829478368,0.010096239228588,0.751058619563366,-1.60762256669605,-0.645647324320927,-0.151029570972298,0.359566172372093,1.36743750006792,5533.86301291917,0.999767322292633
"eps2[7,5]",-0.0926548129337749,0.00946469942716014,0.765267084284131,-1.55604838728731,-0.613207661129222,-0.106943741866237,0.397912935265191,1.48063876561437,6537.51072905888,0.999702316377915
"eps2[7,6]",0.251084149251774,0.0105315457841535,0.810902398894322,-1.36726283236041,-0.292700475481244,0.259922551169767,0.793423050116025,1.85936289075879,5928.61065435857,1.00026897229701
"eps2[7,7]",0.251528062989965,0.00994857284662021,0.803828386691844,-1.35434915207147,-0.277491332390956,0.252499079196396,0.787442403522952,1.79985457421477,6528.37524417505,1.00096401967253
"eps2[7,8]",0.320322820126396,0.00981272323493147,0.833784584309364,-1.34453661842239,-0.228233300345652,0.317449623734957,0.859544116435424,1.95189138883005,7219.85744901495,1.00041563209878
"eps2[7,9]",0.394048294359284,0.0110270228940151,0.85940740155625,-1.28299172861703,-0.169912793308458,0.411607879249819,0.960915409521922,2.07892828809532,6074.09565432391,1.00085354285703
"eps2[7,10]",-0.32884327248646,0.010239617020401,0.880599404969944,-2.03229578565757,-0.92898643002355,-0.344501853115996,0.25810876996225,1.43963384307094,7395.87135210141,0.999719340463115
"eps2[7,11]",-0.257628790418967,0.00929012950467571,0.89087855133205,-2.02335810333484,-0.839931206891679,-0.259379352479583,0.342056925365269,1.54146638852545,9195.8836945482,0.999652876818887
"eps2[7,12]",-0.212170399264382,0.00961123507016363,0.917482777500034,-2.0069469266018,-0.821629523446916,-0.220478963574256,0.401033447814729,1.56852003457206,9112.49793118654,0.999574965924403
"eps2[8,1]",-0.138396627129667,0.0102341646282125,0.772368139247951,-1.67589891868687,-0.640785128504279,-0.121220571473421,0.365809945547776,1.3671307433697,5695.6579936406,1.00019381610545
"eps2[8,2]",0.127768899244433,0.0172313519795483,1.03544919567444,-1.89018620253643,-0.567899418933677,0.133784819081411,0.824201999214195,2.13387555088772,3610.92844749376,1.00080472382074
"eps2[8,3]",1.15481247937954,0.0109676779408782,0.799325511462753,-0.446557184969265,0.633616082486962,1.16465858782455,1.68749399599992,2.68633508526306,5311.50959218336,1.00005917267276
"eps2[8,4]",0.939213992289938,0.0136059078315564,0.87225429257859,-0.80284793922571,0.364606242567235,0.944883827543194,1.53308908206116,2.61723113155542,4109.89930445419,1.00147083855624
"eps2[8,5]",0.501885796036767,0.0118778167171075,0.846572156012953,-1.17335730499889,-0.0600099821066002,0.497941132815532,1.07788496019482,2.18180821989479,5079.89483540742,0.999868710856468
"eps2[8,6]",0.860916749868741,0.0110347807587003,0.851565743246002,-0.85806668655698,0.29929121060974,0.860077099605426,1.43865689075418,2.47512559018159,5955.37271453667,0.999886075581272
"eps2[8,7]",-0.358872234142248,0.011527611831725,0.843582088975022,-2.01759808868195,-0.914883114199869,-0.355285168229896,0.203415657540438,1.30647295243373,5355.20391083962,0.999757031438661
"eps2[8,8]",-0.170554276136448,0.0127096464395615,0.899100567274636,-1.89529255412766,-0.787619835269276,-0.177106461550423,0.427146952529012,1.62160528053539,5004.37221956778,1.00051961044233
"eps2[8,9]",0.374604574980274,0.0125763052683604,0.921789818739139,-1.4169069861047,-0.241339047939827,0.385116787052103,1.00649391061043,2.16962023510984,5372.26803886451,0.999871845614509
"eps2[8,10]",0.352096933694604,0.0116227560064946,0.952053394368835,-1.56225377542885,-0.284593864568495,0.369121607186069,1.00835549580092,2.16402282549384,6709.7195763944,1.00121992039698
"eps2[8,11]",-0.847222975087297,0.0110538342525433,0.926417134096158,-2.63546984142327,-1.48159017504073,-0.838641409026666,-0.236104685121238,0.984552323093975,7024.04460798961,0.999619927711134
"eps2[8,12]",-0.32365657372939,0.0101325414301469,0.951196088012216,-2.17490732338474,-0.958311527063758,-0.322933593648601,0.307150975721652,1.58574230603824,8812.58531900878,1.00048517083119
"eps2[9,1]",-0.68028686117244,0.013985596558177,0.885737084629456,-2.416623900087,-1.2795953708553,-0.663299253998414,-0.078162246007535,1.01511049863753,4010.95384749992,1.00060244474292
"eps2[9,2]",-0.0111646302829707,0.0137583995013639,0.944153949005496,-1.83179325186047,-0.662499045820766,-0.00821798144320638,0.635053758424968,1.82829062344186,4709.22885230716,1.00008222157726
"eps2[9,3]",0.670801277699891,0.00951162461269223,0.762174571142027,-0.820992647448923,0.150135696298279,0.681289557077689,1.20051566683302,2.13009253246169,6420.95322359308,0.999870846144606
"eps2[9,4]",-0.0626652355538243,0.0121254242533361,0.812476835683689,-1.61246396154163,-0.614646666800387,-0.0767297048904393,0.480725230542288,1.55143141094806,4489.81131013695,0.999810855900863
"eps2[9,5]",0.0644601268148339,0.0093152061846858,0.791417034429043,-1.51980634681747,-0.458879619730481,0.0615966161741606,0.589838880549629,1.64391338450015,7218.14901048423,0.999854120412108
"eps2[9,6]",-0.0661141567818393,0.0103114993415554,0.847620206186001,-1.77284968415739,-0.63698673121358,-0.0616046812447685,0.500975898994421,1.58892422221782,6757.07851979346,0.999762811369504
"eps2[9,7]",-0.256945757956655,0.010516199963345,0.833268446985548,-1.87639571350041,-0.819810781939555,-0.259408011742366,0.319433467755863,1.38344663928408,6278.44657000812,0.999856232427722
"eps2[9,8]",0.120112542543017,0.0106682133279076,0.874970114383059,-1.66436123868142,-0.44811771945539,0.115700500131034,0.708391674867487,1.82400780843193,6726.71543587955,1.00011451458479
"eps2[9,9]",-0.207813712486336,0.011120816962986,0.90907281397183,-2.00567265486506,-0.834379024421789,-0.217013384131481,0.413694766700145,1.54241191306606,6682.26900766214,1.00038636164035
"eps2[9,10]",-0.0854092610199689,0.0122839537001832,0.957442966375054,-1.98078089076165,-0.733882919537074,-0.0811933954843895,0.563662447995264,1.80975204766789,6075.04479207567,1.0006228842241
"eps2[9,11]",-0.943221388728862,0.0125462651820199,0.953536899599549,-2.7732945177165,-1.5930899192185,-0.952289366211215,-0.308857560610212,0.929496544587226,5776.2513409924,0.999719425284034
"eps2[9,12]",0.275051010052122,0.0101189849653267,0.94358328478724,-1.57000502416541,-0.374506032571769,0.268801780859732,0.933951081849673,2.09800801484275,8695.34016762935,1.00054617532813
"eps2[10,1]",-0.814067819019256,0.0156662355211185,0.946460605933972,-2.63217346260688,-1.46017021730246,-0.818963099686471,-0.175941956620149,1.07379882814203,3649.85643359687,1.00083125286614
"eps2[10,2]",-0.324304863447255,0.0163119677060164,1.04046567451743,-2.33327507576832,-1.03212853900965,-0.336176415849607,0.377972309605113,1.72843540245694,4068.57951804777,1.00124475003982
"eps2[10,3]",-0.889469038480426,0.0194226850442466,0.869837647524457,-2.52977192228425,-1.48372174313421,-0.909377785430728,-0.333465835937774,0.903641844316411,2005.6625502683,1.00002652698262
"eps2[10,4]",-0.0386617016480307,0.0104419685524055,0.80585769289895,-1.64029225535172,-0.583639044115106,-0.0460660933593846,0.500238712475114,1.59279333637088,5955.96244156327,1.00000368379431
"eps2[10,5]",-0.437271358371202,0.0115935084511611,0.841236120116464,-2.0596539389991,-1.01597674554584,-0.429818674341979,0.113600270642176,1.20958583704562,5265.09313057294,1.00040835247062
"eps2[10,6]",-0.683936653550226,0.0112619225518554,0.855726245714115,-2.31880566444999,-1.2673239292882,-0.701938502972752,-0.123067111274162,1.0439132524682,5773.57260826276,1.00018738994633
"eps2[10,7]",-0.423021268207147,0.0121977517756211,0.8977272663937,-2.1416241078161,-1.0185750365116,-0.432146956527304,0.172362326562014,1.35018966636728,5416.63098503749,1.00008574643714
"eps2[10,8]",-0.851166064102955,0.0116956823401239,0.919054969561391,-2.63348143848637,-1.47039353520527,-0.880328443891699,-0.232153170476633,1.02035922438775,6174.92727648213,0.99974656826328
"eps2[10,9]",-0.958451062466223,0.0118376127482046,0.908379174626839,-2.68189996853505,-1.56784642888436,-0.97481531819083,-0.362136914197931,0.858971293469109,5888.51900650354,0.999806958561493
"eps2[10,10]",-0.343485145561517,0.0104739161088976,0.936733253064146,-2.1348917690228,-0.978011776543932,-0.363591332793485,0.287040752841151,1.48266769181622,7998.59473334394,0.999662307889686
"eps2[10,11]",0.422865873640482,0.0112422331567712,0.943285008930389,-1.49160437117616,-0.177129920064444,0.429671952125268,1.06376854621594,2.27797964362932,7040.13016572395,1.00031593569258
"eps2[10,12]",-0.0583921004361571,0.0101227515053052,0.934112966604071,-1.8716067602882,-0.690036385705088,-0.0555619936632259,0.569875083441334,1.75345388743317,8515.33326388474,0.999768734206068
"eps2[11,1]",0.381776320239566,0.0150156487504788,0.939599239791705,-1.46806712063402,-0.25450977039949,0.392709515263498,1.02174526415977,2.17460999616344,3915.58911219813,1.00067912140869
"eps2[11,2]",-0.463277035821332,0.0179270021520723,1.0805828742344,-2.55536162891956,-1.22246379832264,-0.470273304050991,0.272507516010027,1.63261378285659,3633.29632297135,1.0004553547992
"eps2[11,3]",1.16493507726934,0.0139926737778031,0.818206917392873,-0.491688814502329,0.618820191055232,1.19650652853751,1.72274677824777,2.71389117243926,3419.20291672127,1.00066056971987
"eps2[11,4]",0.485944194635863,0.0125162214199322,0.858856628141264,-1.26103638322304,-0.076536311364722,0.506530443972041,1.07598866362674,2.11911028330698,4708.63328481916,1.00009057582774
"eps2[11,5]",-0.183405640976691,0.011500891766197,0.850525435741589,-1.81339300420613,-0.770946801742009,-0.186525645921827,0.380863704380808,1.5108867432349,5469.04604124928,0.999808211214991
"eps2[11,6]",-0.278975208280499,0.0127061515232803,0.908710135968959,-2.10373469033931,-0.886210530361256,-0.268475325382428,0.340154747529155,1.44802428056594,5114.72966611841,1.00040986230857
"eps2[11,7]",-0.611535166950936,0.0129419754894967,0.932177320094839,-2.45035063320131,-1.23472083826605,-0.617671008050122,0.0171205337975741,1.25902299144398,5187.95163481386,1.00027617743985
"eps2[11,8]",-1.45388058720231,0.0151775782816974,0.962163457283933,-3.32082848754449,-2.10072695207977,-1.46983145559549,-0.827636760525854,0.48971856695724,4018.76632017613,1.00099509185564
"eps2[11,9]",-0.632994443958579,0.0130974837205764,0.942511608093627,-2.4431995289502,-1.26590270746741,-0.632949473995007,-0.0063305836622157,1.21887489426126,5178.42488281249,0.999739027036308
"eps2[11,10]",0.996031488374412,0.0129229228448043,0.964093175371289,-0.894339148187697,0.338273112227334,1.00371539474901,1.66796588582806,2.81561301792078,5565.65797645974,1.0007587154526
"eps2[11,11]",-0.175148642429093,0.0100443899321739,0.946991111662436,-2.02535008385638,-0.818238012970098,-0.186707697012199,0.462904948423006,1.68696991048799,8888.83157809424,0.999616493469732
"eps2[11,12]",0.307560017294757,0.0103941611957482,0.97008680910477,-1.62652992817835,-0.342544015264948,0.314796336079816,0.981121695940665,2.13904634556049,8710.48431538297,0.999759890278076
"eps2[12,1]",0.311755825921512,0.0122792733956025,0.865254047627515,-1.38702789339651,-0.257588361892035,0.307158094441015,0.88781776599531,2.00244591282263,4965.25938852223,0.999889908157235
"eps2[12,2]",-0.267853298882285,0.0154439741211775,0.974986744647727,-2.14749226190522,-0.943003513598519,-0.269273832699196,0.382941898377333,1.72186522271625,3985.46768564272,1.000730330642
"eps2[12,3]",-0.0687812313610916,0.009397604573907,0.762892299006257,-1.57415391216262,-0.565658879945033,-0.0684482081501911,0.43096636050351,1.45496015133671,6590.10186493336,0.999708713559565
"eps2[12,4]",-0.589679757370351,0.0110356029809226,0.804694610178855,-2.13402758605009,-1.13198972878179,-0.608673815257861,-0.0512941808720225,1.01572476209672,5317.04149031633,0.99983686315643
"eps2[12,5]",-0.708043633508162,0.0102321316100221,0.79027454733805,-2.20650876529345,-1.25122710937201,-0.723787703885015,-0.181913217495458,0.85481382526239,5965.1827622059,0.999877319541143
"eps2[12,6]",-0.997123964927389,0.0104596257247912,0.828445648867698,-2.61204434975362,-1.56267058960211,-1.0116967856595,-0.443105753760593,0.660813750221729,6273.29562069762,0.999680601190831
"eps2[12,7]",-0.665316856734769,0.00910944444956637,0.820164252642936,-2.25193291205061,-1.22796517448806,-0.664452898177428,-0.111875789380681,0.942304285510466,8106.21072272308,1.00009871252216
"eps2[12,8]",-0.0559700207103592,0.00960571894319565,0.818415256387957,-1.63981680186056,-0.615159294936059,-0.0659240109006189,0.497854721463724,1.55472631700096,7259.1819592175,0.99983244792652
"eps2[12,9]",0.0195023296326747,0.00968589682927203,0.85367613805172,-1.69131201109878,-0.541962108629644,0.026924173408712,0.60100374669778,1.65338399108535,7767.95331502331,1.00026675633905
"eps2[12,10]",0.271054810863687,0.010374418775055,0.896065248064461,-1.48659278753196,-0.327959017592504,0.275537143510475,0.888038342603761,2.01626523805025,7460.22145128525,0.999573551435964
"eps2[12,11]",0.273543868720469,0.0109265773899043,0.927366697925599,-1.56720023618396,-0.349861030374545,0.278175830791649,0.907020815729646,2.06339818554571,7203.35303805661,1.00045554221074
"eps2[12,12]",-0.286524711791446,0.0104022445671643,0.929492813469587,-2.08911110982814,-0.924918218928704,-0.293316754701542,0.3361214321062,1.53440451298976,7984.32032291827,0.999937151687368
"eps2[13,1]",-0.278321111663766,0.0114165652704827,0.858348698189874,-1.97545936913734,-0.856893825379771,-0.275496971902825,0.317130927475587,1.39945389607684,5652.70833706044,1.00008680282423
"eps2[13,2]",1.07436377132322,0.014466406630483,0.836929478920257,-0.634369151359354,0.526396849538439,1.11290891772413,1.64905900081174,2.65694175821761,3347.0052503315,0.999920947787959
"eps2[13,3]",-0.379294389416168,0.010206446420455,0.789253036658634,-1.88224867799008,-0.90631070119578,-0.390295921451669,0.131436973417394,1.21364376824763,5979.75516965499,1.00006069601058
"eps2[13,4]",-0.316351471480643,0.0118989317074858,0.870276078817369,-2.01069137771663,-0.913965396370495,-0.312998086070611,0.268833884523009,1.39322844044389,5349.31470601522,1.00013263850556
"eps2[13,5]",0.369676741868977,0.0134357072923804,0.84628348593588,-1.36928233028746,-0.181804093930219,0.387493850441939,0.939907346405135,2.02076143326798,3967.4427164294,1.00017623241377
"eps2[13,6]",0.334513704953863,0.0113701450766957,0.895086304554845,-1.44925186200608,-0.264884333171292,0.334818746570148,0.93697971797112,2.0459425521348,6197.23281983932,0.99975352652105
"eps2[13,7]",-0.601378575227632,0.0113748458751947,0.848043959014625,-2.26190291361336,-1.17026335192097,-0.612621802950557,-0.0414511401414678,1.12697347754925,5558.34741304679,1.00056172708158
"eps2[13,8]",0.65452986665325,0.011004042777781,0.875784266145379,-1.08666284889424,0.0718265866272906,0.677877063527971,1.24649948863877,2.31579046464684,6334.17032359339,1.00001180640631
"eps2[13,9]",0.908959144568024,0.0106353656048218,0.887159402614088,-0.877134009983332,0.32818880071331,0.920226558282849,1.5101521216003,2.61145006100444,6958.22506099027,1.00018414019722
"eps2[13,10]",0.0617108226541434,0.0104069231936904,0.894550791782581,-1.70569175389829,-0.552458172749281,0.0644588049789645,0.657655343935255,1.82107314968243,7388.65366921707,0.999801962893409
"eps2[13,11]",-0.16557361941689,0.00982316305048874,0.910170639102799,-1.95964241213372,-0.771699172707625,-0.167213800057069,0.43329948764801,1.66448993043989,8585.0521516363,0.99977312257507
"eps2[13,12]",-0.443367780596226,0.00990252988011821,0.963289690598318,-2.3200665682071,-1.08889535221303,-0.467668057629381,0.200870337556973,1.49059091101334,9462.8401020053,0.999616533049564
"eps2[14,1]",-0.366984031298754,0.0110026873664203,0.837659725890178,-2.03156827457668,-0.921829513210076,-0.377948321853174,0.193742476809626,1.32215735448216,5796.12475765483,1.00035992967624
"eps2[14,2]",0.2319556762748,0.0111908547961025,0.754728855989346,-1.2022558119415,-0.277443003946891,0.214094662175787,0.730927813203697,1.75514933693871,4548.36583290364,0.999978597685801
"eps2[14,3]",-0.638675650099626,0.00933651255619134,0.759777376709544,-2.1688365565501,-1.12983890952123,-0.641976465524611,-0.130346623044666,0.856340547465634,6622.21603180553,0.999704413906696
"eps2[14,4]",-0.28229445841249,0.0118379053063546,0.880259730521729,-1.99173334468556,-0.885769904206585,-0.291841677890083,0.310581287725382,1.458323266892,5529.32281416693,0.999786160650754
"eps2[14,5]",-0.729159369758501,0.00958171001486506,0.799369946179227,-2.30025909083492,-1.27339304774711,-0.730364097277512,-0.189267945203203,0.857166097172775,6960.00555352149,0.999531669209866
"eps2[14,6]",0.464869194394671,0.0130125006332775,0.921199161419837,-1.42581411719164,-0.159354017365539,0.466300542921345,1.07834530269717,2.25351992881773,5011.70547363633,1.00003543780135
"eps2[14,7]",0.204381110789292,0.010229659616025,0.824280832717274,-1.40953480952507,-0.340570089808148,0.212447610491675,0.756131876959531,1.78592486825732,6492.74035922235,0.999696370194296
"eps2[14,8]",0.482209297272546,0.0113144610524579,0.869844550758125,-1.23540553976299,-0.103804993377209,0.492117970962458,1.07074247140077,2.16740194375102,5910.38199324088,1.00050909094427
"eps2[14,9]",0.922558176389764,0.010824479320715,0.89161958893774,-0.847893678667755,0.329170135322086,0.930067510369126,1.52528216879112,2.63649261696933,6784.92689408086,0.99986363629704
"eps2[14,10]",0.0172956011889719,0.0112760337805982,0.951764405039007,-1.87332177199474,-0.615888752048954,0.0259899454734759,0.665566900738677,1.83746553908627,7124.3653169416,0.999802763935119
"eps2[14,11]",0.004421432789439,0.0113457103919699,0.944253469018527,-1.86109927379997,-0.638491153022754,-0.00779939448870799,0.637843999323219,1.8951176322852,6926.49923690342,1.00045416626863
"eps2[14,12]",-0.706559867055043,0.0108419422567195,0.949846487078416,-2.57721499029944,-1.35111792024369,-0.726898787445752,-0.070077355327257,1.1923434988349,7675.25232475622,1.00019798197305
"eps2[15,1]",0.155630421302722,0.00879215272511462,0.724042409307625,-1.29947152750998,-0.322442195508128,0.16232533605923,0.634065660285,1.56478618819381,6781.68420827369,0.999641656720949
"eps2[15,2]",0.633243620455372,0.0104878173322072,0.760795598811933,-0.941950595319036,0.132581437119164,0.650150233302534,1.14971686330877,2.06675618505177,5262.1806580294,0.999892628817712
"eps2[15,3]",-0.833572910705842,0.0103409192018564,0.749292608721153,-2.3027221924853,-1.33129159173728,-0.846035642351657,-0.332064157015699,0.669506407760041,5250.30590005167,1.00085377855012
"eps2[15,4]",0.124111649410414,0.0104564334218136,0.798859492835039,-1.51576528315526,-0.408463969601601,0.143713934137784,0.651903678861374,1.64739567507549,5836.78434425859,0.999844612938173
"eps2[15,5]",-0.305173871168601,0.00932842339352234,0.78253772198147,-1.88474808454068,-0.829832862950232,-0.298463372710821,0.228568328048805,1.21005285966008,7037.10554407589,0.999750223628019
"eps2[15,6]",0.287977945650429,0.0106939767013157,0.829897829971625,-1.36958016960631,-0.260503690915418,0.299589906444055,0.858199544528767,1.87477350922659,6022.41654913311,0.999868465778443
"eps2[15,7]",0.931842870882213,0.0105031804983893,0.81595756108964,-0.699154230547083,0.379665025271259,0.948275174428013,1.48465003020898,2.4901375247445,6035.22526023594,0.999962958326867
"eps2[15,8]",0.677497560162525,0.0102369610313366,0.837025289784531,-0.98159685017536,0.119689719707278,0.682979484464932,1.23371132134558,2.31168484886089,6685.51795754942,1.00001322975577
"eps2[15,9]",0.442111187812409,0.00960342622641116,0.867321740881475,-1.29020793812706,-0.133122614648608,0.445904233356891,1.01184992516808,2.14095053209649,8156.57918559441,0.999649642826639
"eps2[15,10]",-0.161737876205326,0.00990038293298672,0.912389131750581,-1.94339474848056,-0.779958403627944,-0.165956554264271,0.454725491922092,1.62955330791948,8492.90411867181,1.00014942210954
"eps2[15,11]",0.232991085463695,0.00909588248646835,0.885758792935394,-1.51423457491562,-0.354391973812066,0.230689317643763,0.835080762464057,1.94685768079625,9482.90200794058,0.999880597316439
"eps2[15,12]",0.0309848778612696,0.00992491161889272,0.927005343047617,-1.80071109836397,-0.581423293649048,0.0338136946962632,0.646585847248326,1.8743426337144,8723.91003958347,0.999641581492954
"eps2[16,1]",-0.196942230366149,0.0103684144973053,0.735974046398536,-1.62064834903773,-0.699986266511778,-0.202295471866067,0.280755951217453,1.29497699076565,5038.48880315206,1.00069394860757
"eps2[16,2]",-0.696689412260838,0.0135149920120437,0.794402917750651,-2.19811932283184,-1.24337943648585,-0.721262612310854,-0.175677686281207,0.945466569843077,3455.01609230428,1.0006755903232
"eps2[16,3]",-0.123755108323504,0.00958638657903721,0.763948552856241,-1.63232251080437,-0.621156163018911,-0.113722363445021,0.391749024864807,1.3424307251704,6350.65248811441,0.999921151671071
"eps2[16,4]",0.219928778907493,0.0113065891739406,0.761389150210179,-1.33458189331515,-0.286597310869671,0.227399190695288,0.727444911037427,1.71785938830569,4534.71651939297,1.00150895909402
"eps2[16,5]",-0.867570470431264,0.0100826025396132,0.77806242974903,-2.36541835833942,-1.38355424389313,-0.886634316611598,-0.373115874667811,0.726048713939637,5955.0250847241,0.999827050916129
"eps2[16,6]",-0.109635151621642,0.00989604967138226,0.799689136449017,-1.72716406253853,-0.63354511395162,-0.104816137152357,0.419784845010299,1.43435332766799,6530.08237203517,0.999629732514538
"eps2[16,7]",0.0141751418559868,0.00892438111539325,0.814532037172596,-1.56399296510757,-0.543163507143005,0.0194249825550663,0.5660945199472,1.62522569911848,8330.29006872928,0.999921409621693
"eps2[16,8]",0.390968385898764,0.0101483827383297,0.847328299051124,-1.27709106969231,-0.193963562793485,0.388097683789796,0.96399321394725,2.08968466157855,6971.23537740101,1.00007416469031
"eps2[16,9]",-0.154177040387032,0.0104123270068085,0.862504018586154,-1.83626464726027,-0.734371673140084,-0.150016272886515,0.429202361761127,1.51668933164511,6861.61989762468,0.999906220533195
"eps2[16,10]",0.262931539090731,0.0112523631901754,0.923259926599343,-1.5454486666074,-0.371091615279522,0.255741478549632,0.887323250218703,2.09576022488494,6732.25393421287,1.00047095851325
"eps2[16,11]",0.599169569498666,0.0105191487438763,0.909125937894017,-1.15752413140029,-0.0123703706834421,0.617304918611624,1.21836841851889,2.35689715653024,7469.42042372708,1.00023486299797
"eps2[16,12]",-0.183826197918018,0.0118004035662969,0.930886662980958,-1.98451855968681,-0.797091860564777,-0.182621055946904,0.433911586376923,1.65133308877147,6223.00136033468,1.00033397083523
"eps2[17,1]",0.800348305252541,0.0107804240034931,0.758082744823165,-0.679773191453561,0.285780739683776,0.807121132632387,1.297828452761,2.30907998512388,4944.94582845667,0.999918811775155
"eps2[17,2]",-0.0850100086106937,0.0105649439435145,0.761121322174375,-1.60097269266485,-0.599035648239291,-0.0740982774374028,0.43328061873589,1.37124821152134,5190.07200197916,1.00011751105069
"eps2[17,3]",0.565683547713682,0.0119375137798403,0.796458873240083,-1.02415385474387,0.0470521604697758,0.573286797762984,1.11397986093542,2.0945999432164,4451.42374665048,0.999682480331537
"eps2[17,4]",-0.56635682877238,0.0106368479378685,0.787666025228236,-2.0951217986453,-1.08411293503501,-0.566661162244631,-0.0463896801417595,1.00411267208195,5483.50602618089,1.00008362479581
"eps2[17,5]",0.530683542107918,0.0104105228014843,0.825812734725335,-1.15135073158768,-0.00694846637981156,0.548975151400294,1.09267282666486,2.06857600585741,6292.42535195475,0.999681029629323
"eps2[17,6]",-0.821564774452286,0.0101847054723957,0.831306373316228,-2.41423227812025,-1.39063829343654,-0.833113374769051,-0.264871551436894,0.852672097529121,6662.31667021168,1.0001485989785
"eps2[17,7]",0.0737529332399185,0.0114828306827291,0.955745630206088,-1.8221316338724,-0.573644765451396,0.0876770243536832,0.726521402630231,1.8930653662402,6927.66247173631,1.0003816514926
"eps2[17,8]",0.575232387095276,0.0115600861169587,0.861648010023413,-1.18052770862929,0.00790950125218483,0.577800060234355,1.16359081106223,2.27759153691009,5555.68533387405,1.00007042644177
"eps2[17,9]",0.0992771402128121,0.0103524086543735,0.875844955197412,-1.61389598741378,-0.488680896376619,0.0932976722874477,0.674017716397779,1.85639161137394,7157.66966533827,0.999937066682561
"eps2[17,10]",0.266282913427604,0.0103581324290345,0.896962193693626,-1.52801655733345,-0.332068382175965,0.2708654701753,0.870471783903261,1.98526136524551,7498.68927648829,0.999625247030886
"eps2[17,11]",0.161532587374715,0.00982985816031474,0.903244827637113,-1.63560506471868,-0.444605433871515,0.162935366160077,0.760435861816483,1.92987893955159,8443.38250183307,1.00023503018577
"eps2[17,12]",0.512060832920927,0.0105890969115245,0.941601109768725,-1.38170203959358,-0.122644820630316,0.53462424202376,1.14583920062324,2.30812003824604,7907.07899145534,0.999703879883303
"eps2[18,1]",0.677622110324889,0.0101916702571065,0.777581258613755,-0.896053963133833,0.169059955574157,0.689314121440259,1.19578866434958,2.16074461720534,5821.04345330038,1.00054240798655
"eps2[18,2]",-0.337265895409005,0.0112894768649895,0.80869006154929,-1.86679935917272,-0.883613266382612,-0.350399293775439,0.202382017460206,1.27101423235646,5131.1720370057,1.00091278060978
"eps2[18,3]",-0.606820827447037,0.0122028015922103,0.799759826210027,-2.18803686832475,-1.13634602208484,-0.608429412291877,-0.0826945412300589,0.981776690012797,4295.36495362308,0.999927774463289
"eps2[18,4]",-0.87553512606293,0.0129550129694887,0.848703761640644,-2.48016141081741,-1.46415999556799,-0.897855273823399,-0.299490079711081,0.799014407301164,4291.77108968236,0.999746239521765
"eps2[18,5]",-0.0057284314666698,0.0116134235395151,0.83711099291391,-1.65633241181717,-0.556851402943794,-0.00261057212641823,0.541400567118115,1.61817217331331,5195.71786559863,0.999725786318855
"eps2[18,6]",-0.981011601145065,0.0112846168857517,0.850400407867348,-2.61446201620923,-1.55852525328971,-0.971065401997298,-0.415528084185126,0.711494911096409,5679.01846807812,0.999898240645333
"eps2[18,7]",-0.428835400766761,0.0137529701282681,1.03131704053134,-2.50018275715605,-1.11098720259513,-0.446918255408274,0.248556258922368,1.60964484326835,5623.30174137257,0.99975048645117
"eps2[18,8]",-0.690633931549161,0.0122166095018369,0.876829770747497,-2.3675577167617,-1.29803037426397,-0.708614628139844,-0.110229897718315,1.06516174577948,5151.44644924084,1.00011491482383
"eps2[18,9]",-0.159990087962641,0.0100278567507988,0.895077845210544,-1.91357850806187,-0.764609273830754,-0.163937983807848,0.436673754215439,1.59128566516402,7967.19363900574,0.999729390704064
"eps2[18,10]",-0.269610650726259,0.0122413721478998,0.923122183549873,-2.05988728339536,-0.895924162891437,-0.274617960427396,0.343355566324288,1.53943549857968,5686.67191784157,1.0004855177986
"eps2[18,11]",-0.532607466719761,0.0111106451900174,0.921904687915776,-2.35781665151781,-1.14872816636433,-0.52519346210938,0.0913585766884749,1.29523397106749,6884.8342441729,1.00089084215481
"eps2[18,12]",-0.16022994329824,0.00929237626515308,0.928695226901536,-1.96678451436666,-0.784298530967079,-0.168293399124437,0.461884862724505,1.71243778887335,9988.32932937888,0.999631758555627
"eps_slope[1]",0.30874504004296,0.0146236876449565,0.862642084340134,-1.33904459401555,-0.218273772450288,0.292671683229953,0.801667223572677,2.02129399843799,3479.74547519882,1.00020648367568
"eps_slope[2]",0.166142485892756,0.0204699751590375,1.18944988463974,-2.230940134151,-0.512760108527396,0.132100003366056,0.81788258560534,2.648338427821,3376.42934244789,0.999935545753945
"eps_slope[3]",1.8088668995271,0.0287320379045926,1.24070276013185,0.0458921893503765,1.02995846456214,1.61267939667143,2.32819450783742,4.69087611921373,1864.67279806668,1.00004067085013
"eps_slope[4]",-0.477350562465932,0.0120766873242088,0.684715902403082,-1.96181625126543,-0.878223690288042,-0.44919537155517,-0.0405063578711683,0.820432835998606,3214.58700261161,0.999777424594743
"eps_slope[5]",-1.97453813917689,0.0237779827135136,1.12186709455375,-4.7171290377444,-2.49863853587552,-1.79980011062024,-1.23571089786239,-0.31903006821694,2226.03918976784,1.00191312219921
"eps_slope[6]",-0.323778382549963,0.0119729896753254,0.71998263974334,-1.76862105646796,-0.752940635745315,-0.316423938789938,0.107497091867851,1.08881995301504,3616.08669168311,1.0001841988224
"eps_slope[7]",0.514190124910751,0.0138824424129171,0.819458957194062,-0.9305896633229,-0.0041366442762888,0.457665867806283,0.970587715055407,2.30732898215888,3484.35705343063,1.00007889545941
"eps_slope[8]",0.21790745147046,0.0116851732210974,0.801606079000234,-1.36977545669878,-0.263554462974048,0.198966667012071,0.689200093268329,1.93911020586081,4705.99752589599,0.999609465195786
"eps_slope[9]",-0.280540279919696,0.011235875740175,0.64843477025964,-1.65087278662258,-0.65865266099925,-0.248997995750887,0.119662459079654,0.946774913415436,3330.5712874704,1.0003790402733
"eps_slope[10]",-1.25124007355212,0.0167731731952718,0.903115784956523,-3.35829090365699,-1.71108629839293,-1.15675378970022,-0.66806582162414,0.243231820144033,2899.05465700186,1.00068961124993
"eps_slope[11]",1.04931604875774,0.0165222392020055,0.894799374848943,-0.453565428030171,0.485633399830041,0.963880328386646,1.52383476133815,3.05983134981135,2933.00992913129,1.00004598075313
"eps_slope[12]",0.150619978443898,0.0109108958205629,0.707190272922825,-1.23314088254854,-0.271447605487835,0.12600757114801,0.560767489243775,1.62874417913842,4200.99088196101,1.00100638135257
"slope_mu",-0.0229694632595747,0.00026352159321518,0.0132252912569052,-0.0492187421381963,-0.031455667751366,-0.0231224944148846,-0.0146254817400149,0.00419089213661772,2518.70947128786,0.999721278586538
"sigma_slope",0.0292205551746603,0.000310565178236515,0.0124151526955875,0.0103231124196039,0.0207683376158501,0.02737792293224,0.0356607833174409,0.059265438620584,1598.0803521311,1.00284503533332
"log_N_0[1]",6.40882358337005,0.00760129122807351,0.397306439142647,5.59293541613775,6.15354834116325,6.41871047891271,6.67637701061391,7.16747522598229,2731.9733812022,0.999647611041986
"log_N_0[2]",7.30938735304585,0.0123467031409513,0.652616365047608,5.90062229739985,6.96361148265689,7.32882941991378,7.68231661270374,8.56438079475376,2793.91961967444,1.00020782902765
"log_N_0[3]",6.32869124238965,0.00359089718933883,0.262197773570377,5.82369940592755,6.15556687572662,6.32383365035358,6.49932205614463,6.86351881700487,5331.53245274209,1.00058167826624
"log_N_0[4]",7.55116224955409,0.00476419576355403,0.260507251617542,7.01618258591835,7.38887869255154,7.552522107651,7.71618509474645,8.0620269132005,2989.92598049111,0.999960950135395
"log_N_0[5]",6.63602318313277,0.00446390693938596,0.225870592378685,6.16513632823272,6.49010950443916,6.64853260326598,6.79283771382665,7.04310478886519,2560.28974948118,0.999981472058357
"log_N_0[6]",6.18557595887657,0.00288146280766292,0.221686676189041,5.75692057925605,6.04025622051917,6.18508070562095,6.32815952585677,6.62866163533826,5919.06551851368,0.99993827236034
"log_N_0[7]",8.38589769804495,0.00210263029115828,0.155362972467382,8.07068039851571,8.2845427356841,8.38654483327236,8.48546626064321,8.69175361162851,5459.70541017231,1.00014815610446
"log_N_0[8]",6.80827609418614,0.00619130535027259,0.365248146761966,6.0476974771447,6.57784958488515,6.81699419258059,7.04251519869695,7.51023535699623,3480.25923752616,0.999605383917703
"log_N_0[9]",6.83136903612321,0.00249413457001997,0.189533947289752,6.44613616657519,6.71269799012892,6.83399466289935,6.95402010331249,7.19764843248421,5774.76414048916,0.999941416021065
"log_N_0[10]",5.03034888499049,0.0046630983208279,0.240930693794321,4.53890200373677,4.87027165017639,5.03475801629397,5.1939620505941,5.48682687650366,2669.53191473319,1.00154285354161
"log_N_0[11]",4.10461912377901,0.00440233318383611,0.256756587875572,3.6236175751082,3.92357956390951,4.09910940943682,4.27449999434598,4.62632774316237,3401.55403576659,1.00068095633951
"log_N_0[12]",5.58054047055612,0.00313414025007997,0.22005052430151,5.14244983394196,5.43986779362723,5.57882667314641,5.72444618549072,6.012922465376,4929.55778215375,1.00070514599258
"mu_log_sigma_total",-0.966834874959667,0.00276401629199615,0.128189180431584,-1.22432744900798,-1.04748829892703,-0.962897772301217,-0.883850939227843,-0.716397494322908,2150.90656275728,1.00057952916579
"sd_log_sigma_total",0.359837614807223,0.00230031898954595,0.114331857554295,0.170001478754818,0.280765719293866,0.347199750839996,0.425170602239239,0.625111572466085,2470.34943827541,1.00184515538587
"z_log_sigma_total[1]",-0.668743338279712,0.00935077103694758,0.654953787587057,-1.96251135378759,-1.10148307884206,-0.674754574558206,-0.244384589516153,0.624925564426456,4905.98786933667,0.99973519460064
"z_log_sigma_total[2]",-0.198796697620812,0.00988902954702055,0.677210505056005,-1.49954805805559,-0.646465676731816,-0.208912671321712,0.248121326392065,1.15520806800938,4689.6455971677,1.00022207942353
"z_log_sigma_total[3]",0.934724605568521,0.00837587804785228,0.52671255536085,-0.0464420187292709,0.579833017807005,0.907576814491284,1.26815379789769,2.0430887648409,3954.45511873037,1.00012076746193
"z_log_sigma_total[4]",-1.94034474935551,0.00966563218038992,0.703702147788149,-3.32959674055158,-2.4103142373462,-1.93646082306156,-1.45519868524994,-0.595531089842723,5300.50470660549,1.0004829022292
"z_log_sigma_total[5]",0.245070498437564,0.00911232244977932,0.534976118109363,-0.784364658259902,-0.105774830200787,0.233129380572922,0.594111492480025,1.32860245279137,3446.7567241339,0.999968831945939
"z_log_sigma_total[6]",0.674720510831979,0.00853785124978743,0.525661058889628,-0.297176459254062,0.323478770607863,0.649563042309617,1.00550246053124,1.76147351421271,3790.65660023828,1.00020026852277
"z_log_sigma_total[7]",-0.487857549607402,0.00944692660765344,0.571643733944302,-1.64477419920222,-0.858689572109647,-0.479650070180908,-0.120518464987647,0.638293513923624,3661.59083139144,1.00051932107973
"z_log_sigma_total[8]",-0.20277337300856,0.00899507522517501,0.569534299405628,-1.31520323626518,-0.574060690221485,-0.206904265794452,0.175457770213141,0.883128875071088,4008.94565125918,0.999928779818222
"z_log_sigma_total[9]",-0.202305896010999,0.00847348603774229,0.558570073105015,-1.31790273641129,-0.561275692823051,-0.201045326293055,0.148265759734756,0.926494292200813,4345.4133135448,1.00000550411609
"z_log_sigma_total[10]",0.585238993378766,0.00828287507597223,0.523883553250782,-0.399601767698896,0.224997682796985,0.561429609470579,0.917423136100117,1.66979249504537,4000.43581117553,1.0007638940694
"z_log_sigma_total[11]",0.891581252245479,0.00853207718461445,0.53857780962085,-0.104869148681459,0.539995017458585,0.871443692908491,1.2351475996694,2.00440020020833,3984.62412664962,1.0007685617086
"z_log_sigma_total[12]",0.635186852155103,0.00834662548993958,0.525044289922374,-0.334203740830544,0.287999767175342,0.613181425629369,0.969937893476786,1.72969774170033,3957.03621352088,0.999869720005893
"mu_logit_prop_proc",0.420794182110324,0.0286816212813525,0.570868811954195,-0.6664650658724,0.0299880304483658,0.411640851482248,0.78478068884283,1.59778455938863,396.155089762286,1.00705146194636
"sd_logit_prop_proc",0.366379191261299,0.00695595452752903,0.279189416378665,0.0136352669513233,0.142196386274976,0.308919589916927,0.531127696453143,1.04900032086515,1610.95879860696,1.0043370745609
"z_logit_prop_proc[1]",-0.0133738755400403,0.0114686681215708,0.992484107175413,-1.95407235291057,-0.67166859839973,-0.0236718329898752,0.653591052260867,1.98692684977589,7488.95379932087,1.00010875169055
"z_logit_prop_proc[2]",-0.0785555111201398,0.0112881846198813,0.971636459392563,-1.94333538860444,-0.731569288081554,-0.0991484196128994,0.583136755611062,1.81492479877873,7408.99664362394,1.00000952063905
"z_logit_prop_proc[3]",-0.173682855043256,0.0129022421404725,0.965463604181417,-2.04627788533381,-0.83407288162201,-0.190045754898643,0.465161258846815,1.73961317765918,5599.39927374907,0.999698712968601
"z_logit_prop_proc[4]",0.103601655482544,0.0122108607791859,0.992797076185715,-1.83650452982696,-0.569349723327468,0.103390199594323,0.770796182944375,1.9846083461432,6610.41034727488,0.999867822545772
"z_logit_prop_proc[5]",0.0528472648872359,0.0119795198084586,0.976960356675277,-1.8294736120247,-0.588463273357872,0.0442947141408401,0.696704198541918,1.99655451777408,6650.81798289151,1.00006988376206
"z_logit_prop_proc[6]",-0.0162329048431621,0.0112380543742209,0.952316665169343,-1.91411635498276,-0.665225602920869,-0.032230946629229,0.62268458508507,1.89713053211829,7180.92698114334,0.999870027236095
"z_logit_prop_proc[7]",0.224978809983785,0.0127891536273308,0.998659989890349,-1.76911607937777,-0.442328583268574,0.254225821143669,0.891163970487795,2.13923936912623,6097.49837042607,1.00005332006514
"z_logit_prop_proc[8]",0.115225407144566,0.0131830442572842,0.972739886697876,-1.77762785537248,-0.546067307345949,0.132714833939478,0.775472027718999,1.96769388935066,5444.55047498979,1.00067335180319
"z_logit_prop_proc[9]",0.255337538731012,0.0129770035163524,0.976936625360467,-1.68873863058497,-0.382862136156788,0.271257229114708,0.918252728904264,2.15152104270854,5667.40094944948,1.00008693749076
"z_logit_prop_proc[10]",-0.275781072602844,0.0135674043807467,1.00199784006454,-2.25580169702622,-0.962362457473684,-0.297344531421094,0.396967155467885,1.71397306076477,5454.3126873746,1.00032772842619
"z_logit_prop_proc[11]",-0.11152460128497,0.0123295002318923,0.986460970417005,-2.00199280717573,-0.775543196628599,-0.11863274857539,0.54173313269548,1.86722751350943,6401.3101200188,0.999653040515904
"z_logit_prop_proc[12]",-0.0250906515220172,0.0122142475998766,0.983110213634079,-1.92353112777947,-0.688884105575763,-0.0428770622214617,0.633010803686111,1.93392220724456,6478.4479984766,0.999746695624035
"L[1,1]",1,NA,0,1,1,1,1,1,NA,NA
"L[1,2]",0,NA,0,0,0,0,0,0,NA,NA
"L[1,3]",0,NA,0,0,0,0,0,0,NA,NA
"L[1,4]",0,NA,0,0,0,0,0,0,NA,NA
"L[1,5]",0,NA,0,0,0,0,0,0,NA,NA
"L[1,6]",0,NA,0,0,0,0,0,0,NA,NA
"L[1,7]",0,NA,0,0,0,0,0,0,NA,NA
"L[1,8]",0,NA,0,0,0,0,0,0,NA,NA
"L[1,9]",0,NA,0,0,0,0,0,0,NA,NA
"L[1,10]",0,NA,0,0,0,0,0,0,NA,NA
"L[1,11]",0,NA,0,0,0,0,0,0,NA,NA
"L[1,12]",0,NA,0,0,0,0,0,0,NA,NA
"L[2,1]",-0.0245424291712803,0.00289883038115431,0.25649128552873,-0.52868221406672,-0.203853570767277,-0.0245741876755951,0.155557214287837,0.467052428035908,7828.87970423502,1.00000399474013
"L[2,2]",0.965021660689928,0.00100254365779983,0.0485225829301569,0.826668367364387,0.953295622213777,0.983768679278209,0.996302808709319,0.999962435411286,2342.50881608274,0.999664188748368
"L[2,3]",0,NA,0,0,0,0,0,0,NA,NA
"L[2,4]",0,NA,0,0,0,0,0,0,NA,NA
"L[2,5]",0,NA,0,0,0,0,0,0,NA,NA
"L[2,6]",0,NA,0,0,0,0,0,0,NA,NA
"L[2,7]",0,NA,0,0,0,0,0,0,NA,NA
"L[2,8]",0,NA,0,0,0,0,0,0,NA,NA
"L[2,9]",0,NA,0,0,0,0,0,0,NA,NA
"L[2,10]",0,NA,0,0,0,0,0,0,NA,NA
"L[2,11]",0,NA,0,0,0,0,0,0,NA,NA
"L[2,12]",0,NA,0,0,0,0,0,0,NA,NA
"L[3,1]",0.0656495402540383,0.0043281941919136,0.245766679194203,-0.419650469231342,-0.105301714888065,0.0679270998890061,0.238590782729881,0.52628575631357,3224.27834772634,1.00090991163681
"L[3,2]",-0.0576726410884914,0.00417526645461389,0.249721049927506,-0.533173411743503,-0.237635797592939,-0.0644169040162713,0.115598688181367,0.431782007709982,3577.18920858363,0.999663429422971
"L[3,3]",0.930316006020197,0.00101488090519441,0.064307227004717,0.762297759790809,0.900439020908882,0.948752038538477,0.978778535984173,0.997827814049465,4015.03562130481,1.00013878136202
"L[3,4]",0,NA,0,0,0,0,0,0,NA,NA
"L[3,5]",0,NA,0,0,0,0,0,0,NA,NA
"L[3,6]",0,NA,0,0,0,0,0,0,NA,NA
"L[3,7]",0,NA,0,0,0,0,0,0,NA,NA
"L[3,8]",0,NA,0,0,0,0,0,0,NA,NA
"L[3,9]",0,NA,0,0,0,0,0,0,NA,NA
"L[3,10]",0,NA,0,0,0,0,0,0,NA,NA
"L[3,11]",0,NA,0,0,0,0,0,0,NA,NA
"L[3,12]",0,NA,0,0,0,0,0,0,NA,NA
"L[4,1]",-0.0658051395350466,0.00324265376264011,0.25103833565017,-0.545979015897284,-0.245758559840555,-0.0647173946759714,0.108000758181111,0.423193066253727,5993.47828224557,0.99992405793519
"L[4,2]",-0.0242082111496446,0.00386778974492366,0.248435989675988,-0.504382487799381,-0.195399686246682,-0.0228600554594396,0.145557432784501,0.456408838686602,4125.75376913798,1.00122110294502
"L[4,3]",0.143749575345673,0.0037265714847919,0.236483799135058,-0.331999999879253,-0.0233519080839451,0.154932026710632,0.31152731880247,0.57762507015234,4027.02081626527,1.00009690358914
"L[4,4]",0.887060358878824,0.00132550446948325,0.0831240862391255,0.678984084265612,0.843499987664323,0.905587812294343,0.949689840787093,0.991501295102967,3932.7050472611,1.00003919351211
"L[4,5]",0,NA,0,0,0,0,0,0,NA,NA
"L[4,6]",0,NA,0,0,0,0,0,0,NA,NA
"L[4,7]",0,NA,0,0,0,0,0,0,NA,NA
"L[4,8]",0,NA,0,0,0,0,0,0,NA,NA
"L[4,9]",0,NA,0,0,0,0,0,0,NA,NA
"L[4,10]",0,NA,0,0,0,0,0,0,NA,NA
"L[4,11]",0,NA,0,0,0,0,0,0,NA,NA
"L[4,12]",0,NA,0,0,0,0,0,0,NA,NA
"L[5,1]",0.110210892926944,0.00401177487736256,0.241626645048296,-0.372977830654571,-0.0545564018890709,0.116098670770559,0.280808288112951,0.555740036772556,3627.57615793787,0.999858068961444
"L[5,2]",0.0533650257528318,0.00488469270207429,0.252749914805813,-0.446613655204885,-0.120745954597182,0.0559630918490045,0.232027391117795,0.521287555200943,2677.36474997286,1.00077057146653
"L[5,3]",0.102350695857657,0.00321127787648295,0.224368013509245,-0.341140178530607,-0.0516533713963977,0.104775608014313,0.26229079356551,0.522219611799803,4881.64407056937,1.00037093056551
"L[5,4]",0.023351910377946,0.00372078317915704,0.237993224637655,-0.436758052302654,-0.14398850811867,0.0227854812413781,0.192628682079694,0.482892311154528,4091.29184790656,1.00005873573309
"L[5,5]",0.858290658921837,0.00154488804519428,0.0900762233097376,0.64515230931569,0.80647228290607,0.874993494964933,0.927652369342521,0.981339905562387,3399.58819780506,1.0005497125273
"L[5,6]",0,NA,0,0,0,0,0,0,NA,NA
"L[5,7]",0,NA,0,0,0,0,0,0,NA,NA
"L[5,8]",0,NA,0,0,0,0,0,0,NA,NA
"L[5,9]",0,NA,0,0,0,0,0,0,NA,NA
"L[5,10]",0,NA,0,0,0,0,0,0,NA,NA
"L[5,11]",0,NA,0,0,0,0,0,0,NA,NA
"L[5,12]",0,NA,0,0,0,0,0,0,NA,NA
"L[6,1]",-0.119605515824418,0.00371452076766495,0.238283120848183,-0.562825001281456,-0.288315208293618,-0.127149460386979,0.0416631961295977,0.356683636079938,4115.10553424798,1.00026702941807
"L[6,2]",0.0786587794383191,0.00399017318908079,0.239479593596264,-0.388481425678771,-0.0899995477981458,0.0790629757991061,0.252182806057061,0.522544769237873,3602.08148116957,1.00065687707129
"L[6,3]",0.0908120132262867,0.00338935570601112,0.22699372607402,-0.346163763493021,-0.0640791322537838,0.0943600232124352,0.250371671062706,0.523059333971696,4485.31974980328,0.999687057707233
"L[6,4]",0.207992361254753,0.00437228569237369,0.243493185299534,-0.297401666033791,0.0430404573090024,0.220979028646763,0.385978219842678,0.643190070125218,3101.39125942652,1.00023951767772
"L[6,5]",0.0717246529367891,0.00333493295711174,0.228933250804679,-0.382641547347241,-0.0830318719137238,0.0728844789333359,0.231038705116802,0.500283400025537,4712.41505922046,0.999602112395128
"L[6,6]",0.795950397666914,0.00176980875456992,0.109597452303902,0.543137247787758,0.728831829823416,0.812001676324149,0.87904076824175,0.959658704761083,3834.84874642705,1.00049821400313
"L[6,7]",0,NA,0,0,0,0,0,0,NA,NA
"L[6,8]",0,NA,0,0,0,0,0,0,NA,NA
"L[6,9]",0,NA,0,0,0,0,0,0,NA,NA
"L[6,10]",0,NA,0,0,0,0,0,0,NA,NA
"L[6,11]",0,NA,0,0,0,0,0,0,NA,NA
"L[6,12]",0,NA,0,0,0,0,0,0,NA,NA
"L[7,1]",0.074428790345288,0.00356001328106771,0.243624049992418,-0.413519840379265,-0.0962768044967259,0.0793586863942507,0.250379237273048,0.531380008533071,4683.13935192807,1.00005942537255
"L[7,2]",0.0237550095499044,0.00437389742380712,0.249171167864251,-0.460174619658678,-0.147505668839602,0.0250099283531756,0.199283872640705,0.502928068595038,3245.3264390105,1.00070130587425
"L[7,3]",0.0263516667589031,0.00321643465103108,0.228837667574625,-0.418573019888668,-0.128972762665397,0.0282302220298311,0.184801336028272,0.464362466008101,5061.80675214686,1.00024238675107
"L[7,4]",0.0873913813146212,0.00374905430211261,0.243723608060893,-0.395546430305755,-0.0818311146028228,0.0941427453928667,0.261672290686118,0.553188495169778,4226.21644631206,0.999778782219021
"L[7,5]",0.18926999745677,0.00322171964255282,0.217982557948513,-0.248833780075761,0.042664402353646,0.194140753301823,0.343660872277919,0.597994497487488,4577.91789373008,0.99968326521387
"L[7,6]",0.165015309023995,0.00383054999707977,0.234387869927582,-0.310407392089383,0.00418984142043095,0.169708257632558,0.334733432456798,0.590072032709416,3744.10477997146,0.999956794114683
"L[7,7]",0.757622774983397,0.0018115743926295,0.113649200056193,0.497839729241481,0.686180082224632,0.770582301890634,0.843020744145912,0.938331734124408,3935.68580284299,1.00100755211893
"L[7,8]",0,NA,0,0,0,0,0,0,NA,NA
"L[7,9]",0,NA,0,0,0,0,0,0,NA,NA
"L[7,10]",0,NA,0,0,0,0,0,0,NA,NA
"L[7,11]",0,NA,0,0,0,0,0,0,NA,NA
"L[7,12]",0,NA,0,0,0,0,0,0,NA,NA
"L[8,1]",-0.0166075106527827,0.0035057785825432,0.239278295567836,-0.474539615036266,-0.186548454185316,-0.0166003583984135,0.150797885643576,0.449179010854096,4658.4093189211,0.999726982811139
"L[8,2]",0.106715181167331,0.00401400405331497,0.246392194863085,-0.380328217716592,-0.0612894507390001,0.111613220158293,0.284568772564008,0.566832240653125,3767.89055211222,1.00005100759089
"L[8,3]",-0.0705639275579626,0.00321222102549097,0.229548469490182,-0.505170265294992,-0.231156230924266,-0.0720581442073167,0.0881079070766206,0.377134047318163,5106.67197543619,0.99976741379312
"L[8,4]",-0.0290954517405752,0.00314190900898476,0.235517792264198,-0.482625091037695,-0.19651893821953,-0.0294163841517807,0.132551256823944,0.427306893198079,5619.01557850677,0.99996842422185
"L[8,5]",0.0495732346395428,0.00326510941975035,0.228432705236399,-0.409302013336644,-0.106138877607049,0.0506050016058942,0.207382082492566,0.48241908412622,4894.64373278962,0.99963846311526
"L[8,6]",0.108035951407679,0.0034501108346229,0.237567457056669,-0.354161815211324,-0.0554658615896246,0.114497324014802,0.277657249339282,0.550583177864265,4741.41319522766,0.999746480230409
"L[8,7]",0.14794748031344,0.00346686171010114,0.238018638076421,-0.323528642934039,-0.0174419171448772,0.151115353526502,0.320584816086938,0.590316436253413,4713.55842897375,1.00035012620042
"L[8,8]",0.735171681487808,0.00207634955853765,0.121184904649691,0.466226213816633,0.658481679847627,0.749344214910587,0.82608974015581,0.924694571025129,3406.40366383107,0.999793968976523
"L[8,9]",0,NA,0,0,0,0,0,0,NA,NA
"L[8,10]",0,NA,0,0,0,0,0,0,NA,NA
"L[8,11]",0,NA,0,0,0,0,0,0,NA,NA
"L[8,12]",0,NA,0,0,0,0,0,0,NA,NA
"L[9,1]",0.0420769943945028,0.0032189022485789,0.227561197404685,-0.400882883840753,-0.114416123842654,0.0458554378864758,0.201176833533027,0.483820707614453,4997.82268670078,0.9996856703536
"L[9,2]",0.171067462854454,0.00435958962985833,0.244365262124424,-0.320689665643341,0.00357186943217971,0.182894504937096,0.348272801646664,0.614012917810662,3141.86641200404,1.00049341651579
"L[9,3]",-0.0567243390829431,0.00305577932311525,0.221821083083927,-0.489329370028439,-0.20888215878008,-0.0567652269234013,0.0965095465551475,0.369733215039165,5269.40606692655,0.999760203550811
"L[9,4]",-0.0485838766105101,0.00325281401094154,0.235999397439899,-0.498498363872196,-0.211955599811194,-0.0543387657456313,0.114357006097576,0.412379257110061,5263.84781015166,1.00071708395044
"L[9,5]",0.0513466110827745,0.00328426612290436,0.221681261581046,-0.395899373534077,-0.100597939849834,0.0574298249877095,0.210000792376517,0.464476533078958,4555.97452967704,0.999824166768762
"L[9,6]",0.12945567666624,0.00341082198851246,0.230214474908412,-0.336889624628842,-0.0227886199178116,0.132412150292494,0.292786542646712,0.556271136888267,4555.61637486538,1.00018841852437
"L[9,7]",0.0879238130717361,0.00357701469358271,0.234939038169043,-0.377544659293656,-0.0685288860155434,0.0896082918172084,0.253383852785986,0.533485551406365,4313.88858726722,0.999642510956133
"L[9,8]",0.261557356616154,0.00366494055302197,0.229729589440484,-0.223621458656194,0.10736127858784,0.272394562837875,0.432376688319133,0.666970373693635,3929.16261966084,1.00133589882459
"L[9,9]",0.651231434336667,0.00217640135863673,0.131562875335928,0.372678642955545,0.563546517548802,0.658945591101328,0.74639764877012,0.880042820498693,3654.16990344088,1.00102199572972
"L[9,10]",0,NA,0,0,0,0,0,0,NA,NA
"L[9,11]",0,NA,0,0,0,0,0,0,NA,NA
"L[9,12]",0,NA,0,0,0,0,0,0,NA,NA
"L[10,1]",0.0962418507589124,0.00383211109268188,0.249494689166973,-0.406331330548024,-0.0722467047625362,0.106024083016697,0.275557068040685,0.543737494345083,4238.8341982593,1.00082752061628
"L[10,2]",-0.0557566413788659,0.00374982372156299,0.253866523729395,-0.536226099360284,-0.236277885196505,-0.0550572248962366,0.119247238780402,0.455589105669072,4583.41485561415,1.00010927146844
"L[10,3]",0.249866869647714,0.00432213221308891,0.235790583794956,-0.257433326463161,0.101159693207354,0.269846453985668,0.422068628629273,0.652738979680277,2976.16373198806,1.00031083445217
"L[10,4]",0.066013513777017,0.00392109267194244,0.24764016274481,-0.41904192241605,-0.108724366930108,0.0686570259603291,0.238799925348912,0.530397466598253,3988.66854444894,0.999826172712916
"L[10,5]",0.0316980726102565,0.00329294856486087,0.231610369030871,-0.422829771564428,-0.129670595701094,0.0329122673769392,0.199847346275619,0.480818186271957,4947.04775499826,1.00024367927996
"L[10,6]",-0.0572455221200208,0.00319116244099419,0.232117791996175,-0.506902113462216,-0.219989259156026,-0.0605364017024105,0.103224049325103,0.404045594291099,5290.77189406813,0.999998579434941
"L[10,7]",-0.0659318146465467,0.00326380274801994,0.232280365270794,-0.509999004838811,-0.225366001871486,-0.0718044822995091,0.0901288077057166,0.396628030244318,5064.97368255722,0.999954640569491
"L[10,8]",-0.105541761261758,0.00366934114146607,0.236466267222126,-0.549745921468566,-0.276141475175917,-0.107412973318343,0.057581912912933,0.370044825611704,4153.00267594071,1.00209352594325
"L[10,9]",0.00999082548237823,0.00397671939624453,0.24176114050142,-0.461973521672832,-0.152618865833282,0.0128279442518983,0.176166608150484,0.477281712844039,3695.92454715219,1.00046313207715
"L[10,10]",0.601923812550257,0.00226867301110841,0.138880068437827,0.313583483178648,0.506830518251581,0.606536577811291,0.702618393121857,0.853498288800528,3747.45161821256,1.00020692798824
"L[10,11]",0,NA,0,0,0,0,0,0,NA,NA
"L[10,12]",0,NA,0,0,0,0,0,0,NA,NA
"L[11,1]",0.0308907996591773,0.00400757785692122,0.248171068418083,-0.446370135280701,-0.143330829934022,0.0333026383849159,0.202349718289874,0.502993612974003,3834.7615498709,1.00087387554598
"L[11,2]",-0.0506358077448386,0.0040876025841368,0.254252170667492,-0.536860653280396,-0.227636270016893,-0.054316645056828,0.129563802790454,0.449357681218792,3868.9401248169,1.00030890257654
"L[11,3]",-0.201934995259545,0.00340435614022247,0.225891981039564,-0.619654224773372,-0.36248633357766,-0.211384246337532,-0.0499908521909308,0.258220259306972,4402.82734288952,1.00074657643862
"L[11,4]",-0.0261852709383945,0.00381510676598945,0.243948061476016,-0.510114786677585,-0.192511474211048,-0.023775078695694,0.137999056925389,0.452274744601674,4088.6633211997,1.00059238734195
"L[11,5]",-0.128029596691358,0.00329007627526884,0.221113369681565,-0.55234133406377,-0.282789806610242,-0.128055642515454,0.0183686435588352,0.315528356330222,4516.66700694961,1.00085470062288
"L[11,6]",-0.0678844144191663,0.00344845558907328,0.227522554845525,-0.500549406574724,-0.229144495385188,-0.070999613363796,0.0894917144282867,0.375012947237387,4353.10995298078,0.999764839828138
"L[11,7]",0.0843100800466257,0.00398304900418004,0.237912799452972,-0.398881807871488,-0.0776793800269597,0.0906050048737775,0.25240911770568,0.5246227146598,3567.83133302124,1.00006539010169
"L[11,8]",0.0431907673900139,0.00338033057902823,0.239095994769733,-0.414008880039163,-0.122472645302943,0.0436005036191024,0.211183982576097,0.503853209523238,5002.95105233363,0.999889415593017
"L[11,9]",-0.0480732317366114,0.0037207657264656,0.24083567716805,-0.499217480783087,-0.217337254783451,-0.0572810666489609,0.122839937546747,0.425055238072676,4189.64277120454,1.00035927202187
"L[11,10]",-0.027343419985199,0.00412660325438369,0.251082647543475,-0.506497371563438,-0.205371968620227,-0.0330277895133344,0.150846938236885,0.465471729616823,3702.09847039197,1.0028363453392
"L[11,11]",0.573357213525149,0.0026535275568084,0.145273257426045,0.275228787851681,0.475212242809669,0.577629261447502,0.679688760431637,0.836036287453187,2997.25811825271,1.00049079648712
"L[11,12]",0,NA,0,0,0,0,0,0,NA,NA
"L[12,1]",0.054572803412735,0.00374756977677785,0.248100926971567,-0.436029686811655,-0.117381214957514,0.0540632474801377,0.230381619434549,0.524215973154844,4382.85717252713,1.00057385172968
"L[12,2]",-0.0685183812708733,0.00408473473975114,0.241816226631191,-0.540270925016794,-0.242281831040406,-0.0672886095363135,0.103011486062994,0.393572009671805,3504.63797208162,0.999846669138931
"L[12,3]",0.119740352510723,0.00307185416014562,0.226270477948573,-0.334885719215611,-0.0334232352276305,0.12487529204662,0.279808458953196,0.539200804132287,5425.68532171304,0.999723983875662
"L[12,4]",0.069825743602853,0.00371609448257289,0.247665288424124,-0.425312794207462,-0.101696288785914,0.0772315613243019,0.245329638422195,0.544836497893004,4441.77739375779,1.00113526319978
"L[12,5]",0.143067523267116,0.00300414563101233,0.220825880922705,-0.302171340751525,-0.00976115456807082,0.151325462790964,0.300481081649828,0.554859457441165,5403.28629285329,0.999762627358372
"L[12,6]",-0.000524843622697374,0.00396809011026902,0.23411848495642,-0.451171813838731,-0.162974423774826,-0.00202999812480549,0.161127826106283,0.453960084273508,3481.03474656695,1.00018824786268
"L[12,7]",0.100591627707422,0.00336672066679077,0.228788500761502,-0.358866978612528,-0.0527087593621298,0.107602674787598,0.2565772432707,0.535107840208894,4618.00304496785,1.0001285346376
"L[12,8]",-0.0718668021998844,0.00383216459115038,0.240801662681923,-0.522563610635396,-0.247563958453575,-0.0725100676291284,0.0964997896153031,0.405737273019256,3948.48647893358,1.00014674297526
"L[12,9]",-0.184756696541274,0.00399818065764324,0.237591302481918,-0.614511916146543,-0.354389265216921,-0.198988565865701,-0.0210241603686699,0.304013104831898,3531.3132918224,0.999818998887984
"L[12,10]",0.00993760596044294,0.00382106299878505,0.250778432134845,-0.482744031891825,-0.164751866725058,0.0109310896957261,0.183710316531222,0.487536218823059,4307.36792327167,1.00023381580642
"L[12,11]",0.0396323402507559,0.00377858962841674,0.244970639388305,-0.442089069310147,-0.132758796449576,0.0465572573945285,0.215239581180813,0.497556069937775,4203.08927937495,1.00062320225117
"L[12,12]",0.502196417799431,0.00282412953844363,0.153763577539513,0.205322434478092,0.39375633397155,0.504439860677575,0.611215325596866,0.795680170391241,2964.40627158858,0.999928654169051
"slope[1]",-0.0139669019651839,0.000400081934033511,0.0225448507714086,-0.0568419139367738,-0.0290327729007441,-0.0150999925340342,0.000456651247707798,0.0328046067488327,3175.3883567955,0.999823378586365
"slope[2]",-0.0178489631521641,0.00068647789580146,0.0365618287185373,-0.0880879076596023,-0.0379098384615764,-0.0195092305735406,0.00119025171370661,0.0636311442667272,2836.63008086396,1.00009199121304
"slope[3]",0.0237951656479964,0.000376471636786398,0.0217877638354197,-0.0203213180678075,0.00945657288709366,0.0240062287167366,0.0383379421317595,0.0653108253985143,3349.35201408566,1.00083025836161
"slope[4]",-0.0359567363295474,0.000286400683842734,0.0153263512058226,-0.0657773313369539,-0.0459410980168477,-0.0359491313510452,-0.0262396253291365,-0.00464999763639097,2863.71269857321,1.00050174302348
"slope[5]",-0.0744207776696816,0.000410809162968169,0.0190106026026594,-0.109059727084935,-0.0876014359422781,-0.0756450086460327,-0.0625537523860741,-0.0334977843540307,2141.46767520855,1.00049659570753
"slope[6]",-0.0323424979607194,0.000334933050812799,0.0177277889050269,-0.0663406720070373,-0.0443085929342591,-0.0322995412630521,-0.0209606320142406,0.0026877245733676,2801.51616474462,1.00138551165543
"slope[7]",-0.00919531158818143,0.000288729060596606,0.0201993726641507,-0.0474709992387528,-0.022571747344149,-0.00984825877317714,0.00367808326346372,0.0325927164237737,4894.34712301289,1.00094673691148
"slope[8]",-0.01679345553114,0.000345431855547472,0.021019167167719,-0.0571132194496776,-0.0303462858908962,-0.0174829064372706,-0.00363504153586254,0.027355791073393,3702.59523085886,0.99968490293752
"slope[9]",-0.0306524886055214,0.000203966081562625,0.0136573085136873,-0.057164833729656,-0.0395540023467637,-0.0307125894865691,-0.0217719023655995,-0.00312175427257212,4483.47068883246,1.00053920611942
"slope[10]",-0.0569857162679211,0.000455727096819597,0.0196902929552621,-0.0950488778234312,-0.0706367042693925,-0.0568296861554362,-0.0434194939652108,-0.0185015795105514,1866.78650081055,1.00263243123625
"slope[11]",0.00554715412424492,0.000339169635874939,0.0197826149988813,-0.0321012939020034,-0.008148859252523,0.00534107393485464,0.0188798457026693,0.0453593265245955,3401.99340773331,1.00094202997601
"slope[12]",-0.0187320692483577,0.000221313128782622,0.0162446989880411,-0.0501276357565362,-0.0294177608605291,-0.0190937247621816,-0.00840069893772329,0.014658428637879,5387.76916827568,1.00048682424939
"eps[1,1]",-0.187091929023046,0.0107835294926506,0.864165552896195,-1.86794876874991,-0.770309143922632,-0.192100504614112,0.389308867023962,1.50124852772616,6422.02571613944,1.00014201898688
"eps[1,2]",-0.0189504652359846,0.0106985156775271,0.866224314493462,-1.68552834048863,-0.608522507975529,-0.030376399135515,0.566902469761777,1.69093770106053,6555.6186962386,0.999905079800675
"eps[1,3]",0.0268266394218796,0.0100147420681166,0.713637537343576,-1.39945331037192,-0.44077827522387,0.0440376103180496,0.51080055709536,1.3836847443121,5077.80284844675,1.00002667855851
"eps[1,4]",0.0929048347078604,0.01082583475608,0.860422796358572,-1.53885628417272,-0.48574352649761,0.0849669274599188,0.654170854071046,1.79526798993316,6316.85675761713,0.999891765716559
"eps[1,5]",-0.419846731053805,0.00970846344291071,0.745855562188265,-1.86039670981227,-0.934479751566583,-0.423262561572771,0.0790840378246251,1.05478167824923,5902.12585988426,0.999811857178141
"eps[1,6]",0.0607430131924262,0.00921297094077732,0.779671066754862,-1.45330215366225,-0.462787372994477,0.0550441955073451,0.570214050973415,1.60861564745476,7161.82052544836,0.999968464548326
"eps[1,7]",-0.0422823594490664,0.0100360134264227,0.785559801954657,-1.58960185285803,-0.560598653116077,-0.0270722026945526,0.488287895162847,1.47237199561459,6126.83291221894,1.00093234034955
"eps[1,8]",-0.0496475393982021,0.0102789302488883,0.899491901954032,-1.78696503065516,-0.648906534668327,-0.0580429913864315,0.546042406602544,1.76142154816844,7657.70580491016,0.999774903242975
"eps[1,9]",-0.0683993937925778,0.0112114827290022,0.905069109276112,-1.82335396428623,-0.680180169963556,-0.0782130505997037,0.554314588536356,1.71057325260035,6516.84482817442,1.00031301755362
"eps[1,10]",-0.234305967358744,0.0103952915610703,0.869516391146695,-1.93356836201803,-0.826345442195092,-0.235450454762617,0.347327412130573,1.47431802489834,6996.521888328,0.999744463777669
"eps[1,11]",0.00489831268741213,0.00959801888194557,0.862748517152589,-1.65009335778162,-0.579147960545618,-0.0125022949063563,0.590283323257131,1.74633604210029,8079.8861820526,0.999710210471314
"eps[1,12]",-0.161703587047538,0.00909087917103737,0.892096793137528,-1.88315348468702,-0.763034933585051,-0.176826575087027,0.432240784157811,1.6245585983278,9629.68731482547,1.00012879038026
"eps[2,1]",-0.413455567576627,0.0155037921545183,0.959883658217034,-2.23362566807443,-1.06623341938348,-0.433036465499096,0.21912638261317,1.51835987365081,3833.19860006635,1.00017915891854
"eps[2,2]",-0.0328049568692111,0.0147573990750208,0.98678830600803,-1.96299083803449,-0.703729197531277,-0.0446486068712618,0.634328498196775,1.9243454174744,4471.24373726435,1.00022157984336
"eps[2,3]",-0.885635443492473,0.0113298902276937,0.770383951366042,-2.35499792768645,-1.40766645922077,-0.904504349714104,-0.368026927714472,0.711234917312211,4623.41683180844,1.00080647022531
"eps[2,4]",0.0414403336985948,0.0143812666142661,0.941430816601194,-1.80418522597093,-0.594015505666808,0.0297869360908831,0.683752414807909,1.87362868123231,4285.31296816874,1.00020986220064
"eps[2,5]",-0.823641557990651,0.0104274684800989,0.796362336271908,-2.32165758941557,-1.36343324329775,-0.833602099586576,-0.304316167756741,0.795235608534805,5832.61959465672,0.999915594723277
"eps[2,6]",0.157897104946238,0.00996968470069507,0.818944517304366,-1.45354259784541,-0.386951822377451,0.158755327303147,0.71890003257125,1.74974262994451,6747.5500127141,0.999593338088829
"eps[2,7]",-0.642315703630646,0.0115543639006486,0.843024121135622,-2.25702563981854,-1.21314811270673,-0.647821704803935,-0.0751483206801535,1.02461450525417,5323.38552635574,1.00076220730825
"eps[2,8]",0.0221978258493576,0.0106560866316901,0.921711462389105,-1.81036730031932,-0.604589651123541,0.0248220096982094,0.637872013633325,1.81856741524139,7481.60011261942,0.999985951866353
"eps[2,9]",-0.243495810281678,0.011079357698159,0.92386810775636,-2.0182182725062,-0.85354050704195,-0.246558400445166,0.371438698080939,1.57549010442702,6953.29704854176,1.00030890515278
"eps[2,10]",-0.602155962164181,0.0101247632772909,0.880271933797777,-2.32125437353867,-1.18716921061384,-0.605726168198891,-0.0201340262869135,1.11801066851469,7558.99319798114,1.0002575200795
"eps[2,11]",0.394975487503186,0.00949248563966467,0.874339873103858,-1.32920951439336,-0.175322391014423,0.392737091544593,0.978609447872049,2.06679468945576,8484.00021611614,0.999739801711227
"eps[2,12]",0.211585387727932,0.0095853095171096,0.884454148786956,-1.53976141505121,-0.38842537505055,0.206480114625408,0.808399702565955,1.97804074079591,8514.09250846252,0.999589480183049
"eps[3,1]",-0.0252796959350969,0.0146476076049731,0.974940043477347,-1.92767384577111,-0.690009671943645,-0.0272378800173855,0.646582643551212,1.86582260940973,4430.19071565144,1.00093407030164
"eps[3,2]",-0.137082090414178,0.0154986503483656,0.981163385482572,-2.05311261976019,-0.80946580547229,-0.15497967979219,0.54583355051263,1.76331002415257,4007.69723438151,1.00031348892275
"eps[3,3]",0.512352427641949,0.0118431639514433,0.753771977218651,-1.0150402306232,0.024962986427829,0.54231292542334,1.03274052115435,1.91853734767394,4050.83442930116,1.00022005924909
"eps[3,4]",0.447853515932923,0.0144742609909962,0.985320108997205,-1.51551770580224,-0.200415462052145,0.451563104040581,1.12800616603376,2.38950376313112,4634.06257462678,1.00006951224768
"eps[3,5]",0.259427377207347,0.0103396223532515,0.787272643577802,-1.25608356317673,-0.279040612474585,0.237561998902628,0.778020456966615,1.84125092342817,5797.50281023884,0.999754270184399
"eps[3,6]",0.685534845264119,0.0107815866986172,0.85091480562949,-1.00520975440835,0.109335291037907,0.697480468025008,1.25316605407069,2.33877253071546,6228.8346381981,0.999836513784966
"eps[3,7]",0.680415877452154,0.0112955339358718,0.836873274424451,-0.985044186609571,0.127071248601665,0.696266710765511,1.25420400009913,2.28585940517031,5489.15972738643,0.999877334596691
"eps[3,8]",-0.208313932209321,0.0125288317461923,0.960179014729107,-2.09770893772688,-0.867425595375519,-0.198539868203867,0.442454124454955,1.66926846250963,5873.31462466672,0.999719894101048
"eps[3,9]",-0.500847341977181,0.0151147543565177,0.969252153934968,-2.38149804561143,-1.15713781099745,-0.510305927363831,0.155264776027253,1.39537897987795,4112.17286214373,1.00063753311527
"eps[3,10]",-0.0792331250027884,0.0123642946079077,0.938953443992672,-1.90178507900521,-0.731078017367086,-0.0822083281295068,0.578671207089007,1.77406224898487,5766.99306683572,1.0000086663863
"eps[3,11]",0.368768943121499,0.0120119472235926,0.949595168583155,-1.49291245683917,-0.270456347583003,0.365678614428858,1.00705436315237,2.21087687474222,6249.57035979269,0.999952013201884
"eps[3,12]",0.924517642875735,0.0117718165792503,0.973170263689565,-1.01783233734606,0.288469072934593,0.925574751015756,1.58086712350675,2.79707246215204,6834.2472554357,1.00023259756093
"eps[4,1]",-0.0398411203527684,0.0136660685794393,0.933642069446635,-1.84333336399964,-0.673514648664107,-0.0666186457130704,0.600146271807265,1.83080930760524,4667.38507993816,0.999605107793015
"eps[4,2]",0.200223173940456,0.018623399535602,1.00331918631061,-1.77358469103488,-0.469324611577606,0.19173078335885,0.892318971965359,2.16951572795406,2902.42037139828,0.999895232938733
"eps[4,3]",-0.673487004870822,0.0106983064960606,0.73310276440044,-2.10470677729147,-1.16385086993755,-0.67552275541454,-0.188973512730097,0.786505447797655,4695.69242920908,1.00149500408283
"eps[4,4]",0.157373145904006,0.00944016199204951,0.766301203416386,-1.31639590621276,-0.362749475117241,0.158971463744056,0.66699130016335,1.65735312102049,6589.31275770646,1.00015870933533
"eps[4,5]",1.27893691804835,0.00972444760811759,0.791988650428558,-0.281922687060869,0.752356663464111,1.28889715996658,1.8234271339883,2.8051500378631,6632.97001907462,0.999556267011458
"eps[4,6]",0.60270836319624,0.0100688927592799,0.805142172344301,-1.03327438557567,0.0860050988354877,0.611161575114734,1.14633546104056,2.14435295150745,6394.13379365963,1.00023223637042
"eps[4,7]",0.713980744586587,0.00930856825442083,0.806734812746378,-0.853367716880341,0.160350497298761,0.719307719220063,1.25826858764302,2.2854970668017,7510.96644087404,0.999846895373003
"eps[4,8]",0.326970016595108,0.00932583974691736,0.801117741347075,-1.24913833605644,-0.194370518572244,0.332687045204917,0.843858947096941,1.88025641072227,7379.32779596987,0.99966467778574
"eps[4,9]",-0.194011195594855,0.00990517886283573,0.836200611401348,-1.84472169622294,-0.759401256869735,-0.189108332331397,0.374947364054297,1.42466587473476,7126.82864784419,0.999820730517797
"eps[4,10]",-0.163818120663632,0.0095405678928137,0.853251105790299,-1.84583176584829,-0.726927954894884,-0.156307909066679,0.409172936953309,1.46112582746052,7998.43954728729,1.00016104433829
"eps[4,11]",-0.128585167487862,0.0121203734092903,0.907068741502154,-1.8912493905968,-0.739086889846741,-0.132492113500086,0.458170876565899,1.66083958079633,5600.77855868965,0.999986517632738
"eps[4,12]",0.327518755073735,0.011338824063133,0.916684982978686,-1.45281107079965,-0.292342759222355,0.326490190884362,0.945560523651596,2.08858853104543,6535.88196310311,1.00014695629973
"eps[5,1]",0.560515373242572,0.0108216114179695,0.805118922124603,-1.0445181158283,0.0327310700908227,0.555329613630224,1.09013414036088,2.13162047850323,5535.23669696124,1.00017994346224
"eps[5,2]",-0.0181342916992242,0.0124885385835042,0.917855001738087,-1.784466319128,-0.63113680641318,-0.0303053170509147,0.615985651480123,1.73946062977257,5401.63106060128,1.00044466247323
"eps[5,3]",-0.0463720233479656,0.00917934712358748,0.707001301910418,-1.4352022103962,-0.519538859020973,-0.041514155473744,0.419199442365018,1.35662709300145,5932.21442260024,1.00023331820514
"eps[5,4]",0.0895883781783481,0.00881635646458811,0.736337430071669,-1.36113634867923,-0.393381137187628,0.0795603714084821,0.587223008092569,1.55817535308889,6975.50207404766,1.0000570840151
"eps[5,5]",0.98477596855518,0.00908014630490348,0.7495307949684,-0.492671732161959,0.487769701564914,0.986927413775595,1.48003893348521,2.48105881683517,6813.86099008526,1.00032677621662
"eps[5,6]",-0.312946701046331,0.00983410365478074,0.806502911756571,-1.83443207216806,-0.8711412503144,-0.334607655573892,0.219372752555138,1.30298726514224,6725.77471487528,1.00011144371661
"eps[5,7]",0.508025582346857,0.00936268695266636,0.770552662439921,-1.05235247212714,0.00549378182811368,0.498215319605686,1.02451027192297,2.03716815079685,6773.35199285428,0.999855164223372
"eps[5,8]",-0.165613081274431,0.00915340937293743,0.798570623538881,-1.74590345043226,-0.704766201431037,-0.17146486434905,0.372747368052135,1.38788734459601,7611.33589482575,1.00033991155509
"eps[5,9]",0.13003069038831,0.0101986346912302,0.845678026340171,-1.55289938586789,-0.42142149598051,0.129080448678092,0.692249016467929,1.77000060807557,6875.84409344938,0.99960367727245
"eps[5,10]",0.232340951335059,0.0102768638330466,0.866997137474131,-1.47937231879173,-0.34857322573487,0.2189854453005,0.823126356962874,1.93515731209249,7117.28116413217,1.0002428767359
"eps[5,11]",0.441595210376367,0.0104083660231582,0.870628700615244,-1.28815407258198,-0.128109609806311,0.458843887065352,1.03013149276761,2.09985293721703,6996.82234289664,1.00081477341562
"eps[5,12]",0.0649714064583278,0.00970943933102532,0.92313083443685,-1.74789275741979,-0.548954779401654,0.068988945126938,0.676416323013006,1.84479093286408,9039.37097611021,0.999669375629009
"eps[6,1]",0.323851499804037,0.0101605620711591,0.793195137663973,-1.23387735926813,-0.20696265350059,0.312689733245765,0.853412434984333,1.90859730141187,6094.31109742839,0.999953441719908
"eps[6,2]",-0.0181434815952517,0.0126899544023511,0.908683568391715,-1.80164931783403,-0.623190121101034,-0.0311181582855246,0.589453025405614,1.75782958050721,5127.49477503339,0.999830020129428
"eps[6,3]",0.87727107436608,0.00858822217593815,0.703461876740322,-0.501595818716142,0.417216961686171,0.868325448104103,1.34435666695433,2.25308738026641,6709.25951272982,0.999635800314471
"eps[6,4]",0.2378906833132,0.00821256950149155,0.704141912116713,-1.16109183591682,-0.226908118544461,0.249478093861158,0.716402001486263,1.60678095477472,7351.26831936601,0.999665594684113
"eps[6,5]",0.618485467521926,0.00857295021688608,0.735310899762902,-0.845057759157983,0.128554708069456,0.615512481455008,1.10584983922753,2.09352821381768,7356.67217895313,0.999945660780359
"eps[6,6]",0.541036462148403,0.00918077803562324,0.772700555608251,-0.992109597548512,0.0375725907929455,0.560579626872774,1.06088952191631,2.09380452035301,7083.75405004004,0.999762690167056
"eps[6,7]",0.626535161169336,0.00869225697479072,0.765728255484648,-0.934297741070264,0.127216942080219,0.639197212185127,1.1498352011394,2.06912900097936,7760.40222491836,0.999839905471319
"eps[6,8]",0.118309084703354,0.00913961372897017,0.796827914781607,-1.44043207609354,-0.416083649599852,0.117790824147831,0.658982516612024,1.68086445654405,7601.04664007346,0.999866038352326
"eps[6,9]",-0.168716454142339,0.00865484416478928,0.820693202442609,-1.75633272770196,-0.737744955581563,-0.175660959780792,0.382902382851245,1.48626271251646,8991.72813384238,0.999569317141232
"eps[6,10]",-0.247302455744006,0.0109206752556236,0.879211086396703,-1.95164471386925,-0.839042491667805,-0.254011328006491,0.346903951045197,1.50498569801167,6481.67611292367,1.00035573434804
"eps[6,11]",0.141678324440903,0.0100973457052478,0.865809761026644,-1.53830039513482,-0.449336302655257,0.136093660273253,0.727775024332503,1.82347496149387,7352.42332675128,1.00007346270445
"eps[6,12]",-0.138414251474114,0.00945751923842182,0.909734255831316,-1.90140283111714,-0.745833571306236,-0.129038971245372,0.470369671819534,1.63645004461304,9252.83099473896,1.00042769932934
"eps[7,1]",-0.0423007154980017,0.00756064876546891,0.672568891255002,-1.31998937466384,-0.497688620839317,-0.05330902616512,0.395252442086131,1.31019886731757,7913.25981820224,1.00031006923523
"eps[7,2]",0.127126364345669,0.0111225032488663,0.871165925000619,-1.6387216232669,-0.446467006458184,0.141118029621524,0.71018620160708,1.81234879392254,6134.74728943046,0.999582726069717
"eps[7,3]",0.14100411393316,0.0099596975216364,0.709822953730925,-1.1920892934252,-0.322116157108061,0.116247111412677,0.600951101376245,1.56393167332666,5079.34579796389,0.999757222166051
"eps[7,4]",-0.13993783766167,0.00911938953418903,0.709350056448762,-1.4967452126399,-0.610548946096939,-0.151699044456513,0.326596881943706,1.26139909145988,6050.47793280075,0.999861066586843
"eps[7,5]",-0.0956411513089398,0.00902727512903748,0.72606774626289,-1.47457308205269,-0.593489264880776,-0.109678139518249,0.371058948175939,1.379470959959,6469.05631355951,0.999740480653006
"eps[7,6]",0.251419705829971,0.0103578013813071,0.777760399014286,-1.29884123432563,-0.26242423009888,0.257446666878618,0.768912582705311,1.78532763708816,5638.40795859221,1.00047587073361
"eps[7,7]",0.253683549469428,0.00952673186080632,0.771786801056959,-1.29187595704446,-0.259380189680342,0.249680631366493,0.757201568578001,1.76146097785094,6563.0665894762,1.00063865859464
"eps[7,8]",0.316775290600029,0.00955191710688422,0.80064858564078,-1.25913868719707,-0.210188246006381,0.313913748696734,0.841527300834001,1.8865016408019,7025.91338847053,1.00027420120883
"eps[7,9]",0.393865378084775,0.0102580483534977,0.827205036614593,-1.23024517425846,-0.146286678719153,0.407284259793543,0.945756310265697,1.98687957003043,6502.74698438264,1.00068959256924
"eps[7,10]",-0.324163541127821,0.00978937271325737,0.849941544051662,-1.95709759434989,-0.906165191734973,-0.349658846127547,0.242573189684093,1.36391482782265,7538.21269891138,0.99976278104853
"eps[7,11]",-0.257333177529642,0.00917053723270502,0.865740083079628,-1.96322140636341,-0.827017591057158,-0.254762198336718,0.313055135829995,1.4956169544487,8912.21169753656,0.999745325825668
"eps[7,12]",-0.210454109068903,0.00907615749145041,0.880099004733514,-1.93610561256055,-0.80212574427066,-0.206465898092461,0.375014227097711,1.50780598995942,9402.83928717306,0.999565469715413
"eps[8,1]",-0.140990458679873,0.00977573854903298,0.734057846711614,-1.62674950726843,-0.613920651226737,-0.125490543170237,0.333171405958772,1.31390345155588,5638.47183013791,1.00029031671197
"eps[8,2]",0.12922334696664,0.0169774771953263,1.00720332998841,-1.86031369856054,-0.544014109563335,0.139974808152753,0.803527200510204,2.08943417205007,3519.55692913848,1.00094769762358
"eps[8,3]",1.15773766029948,0.0103771178086217,0.767204497441963,-0.386691043788138,0.656564096559209,1.17201044014095,1.66495894586276,2.65364371501237,5465.98940734609,0.999871201118283
"eps[8,4]",0.942416984106636,0.0134649544697645,0.837747227206466,-0.760753827260467,0.382373469272805,0.961195450992816,1.50930680075492,2.5435694307383,3870.9380384177,1.00143321879684
"eps[8,5]",0.498899457661602,0.0115983711914822,0.810712463082339,-1.09597618779725,-0.0484551955097741,0.494959358196157,1.05873234853829,2.09090790136238,4885.84507205433,0.999865716716472
"eps[8,6]",0.861252306446939,0.0107362857390769,0.81560893228729,-0.7842361172746,0.315984486996782,0.86119789450849,1.42288527419427,2.41580559246543,5771.06311394048,0.999997174682028
"eps[8,7]",-0.356716747662786,0.0106887716661059,0.810175747883051,-1.93542408961121,-0.896786264902248,-0.344928166829381,0.174393980626864,1.22197714794685,5745.16991890933,0.99964185451998
"eps[8,8]",-0.174101805662815,0.01226250289275,0.861180406878523,-1.84141592958111,-0.775955862480512,-0.177013749994187,0.396420294080864,1.54049521169476,4932.07912315034,1.00059775493743
"eps[8,9]",0.374421658705765,0.0121724810521066,0.891448031623669,-1.37354416370407,-0.22278061256103,0.376597301552098,0.981458349118194,2.11634605733761,5363.32168739387,0.999905685734027
"eps[8,10]",0.356776665053243,0.0114748535637418,0.923713677311127,-1.50356232451115,-0.264391461423319,0.380923115525627,0.98630785753992,2.11632328410646,6480.08114789638,1.00132425396645
"eps[8,11]",-0.846927362197972,0.0103944409411536,0.89694727838393,-2.56769789391284,-1.4525139339517,-0.848820373969648,-0.259672913744338,0.949295011303352,7446.14623007178,0.999564065198187
"eps[8,12]",-0.321940283533911,0.0101231686833563,0.927909160663765,-2.09920165401933,-0.945454945386223,-0.322784425583104,0.284041626926098,1.52818642903084,8401.90907506654,1.00048934944388
"eps[9,1]",-0.682880692722646,0.0131937713772282,0.854888572918998,-2.32951488766776,-1.25740621981232,-0.68150687784666,-0.102703807620064,0.987818623933887,4198.37391836323,1.00042362387654
"eps[9,2]",-0.00971018256076387,0.0136803304251344,0.925883602953676,-1.81606482945998,-0.646516826887569,-0.00400358665208655,0.622940222648282,1.82226200225548,4580.57092021862,0.999936188613599
"eps[9,3]",0.673726458619839,0.00917237080287173,0.727046812098866,-0.789417207492872,0.179953524435361,0.683372158767301,1.17550247650441,2.06377204549601,6282.92018331385,0.9997959756386
"eps[9,4]",-0.0594622437371264,0.0113432624682782,0.770908183592646,-1.53438612309674,-0.580477336287921,-0.0737431640450098,0.457598654115445,1.47106487029815,4618.80204581491,0.999756763993287
"eps[9,5]",0.061473788439669,0.00898381155571241,0.759279017377202,-1.43058538912545,-0.448216949521486,0.0562745929371089,0.56806297946025,1.5666917090523,7143.01446346136,0.999891738030599
"eps[9,6]",-0.0657786002036416,0.0101084248762991,0.813224772074072,-1.68382701403112,-0.613339249504983,-0.0553427973395308,0.475134833484597,1.51759705949044,6472.23418804477,0.999766285097493
"eps[9,7]",-0.254790271477192,0.00985994449715929,0.800442966628132,-1.8444517088061,-0.787409999641534,-0.260121883730276,0.275833739366659,1.34352606855668,6590.40107245542,1.0000678868376
"eps[9,8]",0.11656501301665,0.0107590691265041,0.848403839613893,-1.58752195143653,-0.452156042196032,0.119094243157043,0.697972787532061,1.75351431642765,6218.07355313459,1.00005794871082
"eps[9,9]",-0.207996628760846,0.0107134543951358,0.875440483448813,-1.90906480625543,-0.808784855104225,-0.206440574808559,0.396390698786191,1.46559382633486,6677.19718450879,1.00055912878787
"eps[9,10]",-0.0807295296613298,0.0124236643906784,0.931294163899987,-1.89250393151881,-0.70981542634244,-0.0760075830536009,0.550164154924748,1.7226131542628,5619.19807142549,1.00075819093588
"eps[9,11]",-0.942925775839537,0.0123777676930392,0.922764000074067,-2.68587866438516,-1.57375459809499,-0.964514745258467,-0.322300168484703,0.895219592496309,5557.71958766598,0.999968612292695
"eps[9,12]",0.276767300247601,0.0100222815570346,0.90901078401651,-1.49744409568916,-0.345770368257761,0.289771368096937,0.89992491191006,2.00917600466448,8226.30623132744,1.0006813517062
"eps[10,1]",-0.816661650569462,0.0155577094680831,0.915882897055702,-2.55201259043563,-1.45028548877266,-0.820194962657471,-0.193137799025206,0.995897698855156,3465.68099176323,1.00077934872955
"eps[10,2]",-0.322850415725049,0.0160362977570496,1.01077157041356,-2.2782344941022,-1.00371733896303,-0.320335386400704,0.346232445199588,1.6912614439107,3972.81016456999,1.00097309046457
"eps[10,3]",-0.886543857560477,0.0190202145166516,0.833924699755134,-2.43338074109226,-1.46506713134742,-0.911733082131231,-0.350558021547438,0.817313637755013,1922.30746741219,0.999939465783044
"eps[10,4]",-0.0354587098313328,0.0100963997528343,0.772903362886895,-1.53481359777036,-0.563843344468276,-0.036187254080903,0.467472631675248,1.51692113578376,5860.26585819463,1.00013130915491
"eps[10,5]",-0.440257696746367,0.0112265261147585,0.800939295074852,-1.9779514433874,-0.986831603481788,-0.438959972720631,0.0925130018462672,1.11544343282209,5089.89027953766,1.00059647423196
"eps[10,6]",-0.683601096972029,0.0109501217488698,0.822659591977647,-2.25990307664713,-1.24138441351587,-0.700182111675246,-0.156029432534871,0.976728862567906,5644.20053840302,1.00009787664406
"eps[10,7]",-0.420865781727685,0.0120968686043738,0.863603723251867,-2.09742841647515,-0.988816345495302,-0.427029609711424,0.154775138006563,1.29080958500928,5096.62975405018,0.999971794469098
"eps[10,8]",-0.854713593629322,0.0110630359754059,0.888588387159668,-2.55319229589868,-1.4529761097973,-0.875088620432959,-0.264912099436471,0.933348143922358,6451.37990467968,0.999726678086084
"eps[10,9]",-0.958633978740732,0.0116186774175996,0.8767533913107,-2.62509635813041,-1.55039509844389,-0.983079298428353,-0.379694938416674,0.811218672846325,5694.31542990757,0.999748552145134
"eps[10,10]",-0.338805414202878,0.0101345157923506,0.90583790457498,-2.10942910766673,-0.95369007910143,-0.341752044546047,0.265492013818552,1.4456842478596,7989.04692035778,0.999687913145091
"eps[10,11]",0.423161486529807,0.0107552761259646,0.917461716293255,-1.42031227168803,-0.161278100271998,0.424014732449893,1.03910205198727,2.20114377039287,7276.67155548894,1.00003185830858
"eps[10,12]",-0.056675810240678,0.00942850814480868,0.895460890842661,-1.77540987527825,-0.665504812308389,-0.0593519437472308,0.53021222390389,1.69468297477763,9020.01551441689,0.999799017561631
"eps[11,1]",0.37918248868936,0.0148824944884206,0.904504785618949,-1.42214326848772,-0.226190645825644,0.385640523755556,1.00144244470952,2.1119694922856,3693.77363592622,1.00100442450561
"eps[11,2]",-0.461822588099125,0.0175753877880026,1.04978325575969,-2.49133005814765,-1.19386486664866,-0.476692950067428,0.261966803501558,1.56792987201886,3567.70921772959,1.00048416851667
"eps[11,3]",1.16786025818929,0.0137169852350238,0.787473572238078,-0.394211399073044,0.644893664778656,1.20342692449175,1.71931149716264,2.63367841660598,3295.75282550698,1.00068959307476
"eps[11,4]",0.489147186452561,0.0127452229495731,0.825105728983605,-1.18947884139075,-0.0569627255331918,0.51312064931698,1.05595133937792,2.02728929067488,4191.06437197817,0.999983939982479
"eps[11,5]",-0.186391979351856,0.0113248761546925,0.811341524708963,-1.75817716657286,-0.733060770137974,-0.187521591978347,0.351404974575325,1.41225936486807,5132.63622688509,0.999892662225515
"eps[11,6]",-0.278639651702301,0.012778378971623,0.873258170099422,-2.03319918889558,-0.866360028057071,-0.275311404408366,0.299127752127815,1.43059976090127,4670.18180109818,1.00030421740697
"eps[11,7]",-0.609379680471474,0.0125062447171637,0.897234191372752,-2.40606720204221,-1.20202910781908,-0.594678091809334,-0.0369530914088333,1.19375852251696,5147.0428657827,1.00045199432996
"eps[11,8]",-1.45742811672868,0.0149887520251549,0.929690752924545,-3.25048994081407,-2.09280487530856,-1.46909134008898,-0.854659158279922,0.413885147248387,3847.21159784116,1.00120917220766
"eps[11,9]",-0.633177360233088,0.0127450218599123,0.911510784557739,-2.38497135116739,-1.26324511769562,-0.626678213729037,-0.0248729054306197,1.16119748318628,5114.96249197887,0.999900153868267
"eps[11,10]",1.00071121973305,0.0129083457132311,0.943750505578556,-0.86665660830759,0.356334047715194,1.01360662913696,1.66254377941271,2.76919616640228,5345.31395152674,1.00066313428719
"eps[11,11]",-0.174853029539768,0.00959589048030734,0.912323753643475,-1.98547972372563,-0.789285456984264,-0.1890579291986,0.440488753010242,1.63192330336967,9039.14596936062,0.999634595314824
"eps[11,12]",0.309276307490236,0.0105618308233847,0.93797158677692,-1.54269288178219,-0.312058464085026,0.330013792962719,0.938639509600761,2.10299840191162,7886.80225785737,0.999821533644331
"eps[12,1]",0.309161994371306,0.0119403504005824,0.832885179696164,-1.30337311028771,-0.242575077326466,0.312740894453701,0.862009367857774,1.97607998531809,4865.59688979134,0.999885238717767
"eps[12,2]",-0.266398851160078,0.014953177965545,0.949332117338757,-2.0979572117476,-0.915947834076819,-0.276695366162536,0.360488209283907,1.67222107901723,4030.59668814326,1.00038131656391
"eps[12,3]",-0.0658560504411431,0.00892527678871712,0.72710219201646,-1.48954947151042,-0.540046430314014,-0.059376041821132,0.411447612397483,1.38563038368834,6636.62870860978,0.999844135526069
"eps[12,4]",-0.586476765553653,0.0106465255686118,0.765064351960472,-2.0812416060959,-1.11196626881119,-0.605459074090084,-0.0757633342700092,0.936741782683728,5163.92742850265,0.999742360201891
"eps[12,5]",-0.711029971883327,0.00972304702722707,0.755070537751387,-2.18414808252081,-1.21692353745204,-0.714825173186783,-0.212389892735907,0.806638566840818,6030.73543945854,0.999880801932686
"eps[12,6]",-0.996788408349191,0.0102589176216399,0.798641528111938,-2.53458020675576,-1.54457448163234,-1.00858402368528,-0.463807533476458,0.586759498487866,6060.3916786574,0.99972546293325
"eps[12,7]",-0.663161370255307,0.00889057255794174,0.792811680030423,-2.20835345305001,-1.19651678969172,-0.671682775091268,-0.12976585421442,0.91579858784205,7952.0777582327,0.999948308044905
"eps[12,8]",-0.0595175502367263,0.00924333720423418,0.7913699784444,-1.61771525879364,-0.596320162421291,-0.0625803463554016,0.475323637739784,1.49838822269707,7329.9590446391,0.999809507374712
"eps[12,9]",0.0193194133581657,0.00941372415852213,0.825676367839407,-1.66857774248152,-0.516819908387262,0.0286219624750086,0.567650144104194,1.632351689238,7693.01841973811,1.00021806896815
"eps[12,10]",0.275734542222326,0.00977073576480172,0.865044875685211,-1.45303556961741,-0.305963566359051,0.279372099007096,0.857244738515242,1.96107695552497,7838.31546726719,0.999602599252053
"eps[12,11]",0.273839481609794,0.0105663083011264,0.897767992828349,-1.49183783687461,-0.339111375690704,0.282794123305906,0.887643044047663,2.02095132951728,7219.07708565166,1.000413716856
"eps[12,12]",-0.284808421595966,0.00990606235510462,0.902534129843088,-2.02074277674736,-0.906900300178479,-0.288971768757934,0.319072460807715,1.49303646348804,8300.89944957383,0.99994804918459
"eps[13,1]",-0.280914943213973,0.0109787355856409,0.822271078811068,-1.90098183345839,-0.817497384921111,-0.280785082649874,0.280121326397626,1.34018596333606,5609.5158519999,0.999887607576192
"eps[13,2]",1.07581821904543,0.0142267067554191,0.804033667659863,-0.572814422170624,0.554282974467049,1.10612692840143,1.62902212093416,2.5676090742286,3194.03528426358,1.00017897484752
"eps[13,3]",-0.37636920849622,0.00935399621212573,0.745850944989305,-1.81525489816944,-0.876600852158376,-0.385748111405876,0.120652964799429,1.12639429325599,6357.84168145903,0.999822495461853
"eps[13,4]",-0.313148479663945,0.0114296317634094,0.840781664971036,-1.95362741465537,-0.886212795935491,-0.312294966713836,0.263721314383352,1.3496410908569,5411.30468297614,0.999926959635011
"eps[13,5]",0.366690403493812,0.0132291501951499,0.809381598636986,-1.33886570532471,-0.158890542899212,0.390311193937296,0.917789939601467,1.90217556982012,3743.197641349,1.00019013418314
"eps[13,6]",0.334849261532061,0.0108059367469725,0.863787570185765,-1.3775199383391,-0.22978499489668,0.344484549536472,0.917087209596492,2.02171098337606,6389.82638800586,0.99973776429763
"eps[13,7]",-0.599223088748169,0.0108863662647625,0.815474569774639,-2.16457125265059,-1.16009502533429,-0.615671900493185,-0.0606796156984027,1.04543122192509,5611.189825223,1.00044772687326
"eps[13,8]",0.650982337126882,0.0105324186031415,0.841658900240044,-1.04588657757637,0.101583479542916,0.680757666233501,1.22305014209912,2.26816819569982,6385.81036727517,0.999951543052711
"eps[13,9]",0.908776228293515,0.0101909351796627,0.843766263684564,-0.80293341070584,0.353438217188377,0.92087786550585,1.47887529622791,2.54619354152552,6855.13853000519,1.00009872963353
"eps[13,10]",0.0663905540127824,0.00980921074231434,0.860634179552753,-1.62666658093347,-0.507856815796245,0.067317782236327,0.651485483730796,1.77006273084627,7697.84300416637,0.999943193717223
"eps[13,11]",-0.165278006527565,0.0096773514342882,0.882877566528103,-1.89162087508833,-0.758270439726809,-0.156969167831415,0.413208902861111,1.59196689929651,8323.15414628618,0.999842661570561
"eps[13,12]",-0.441651490400747,0.00978215831222126,0.92933447314379,-2.22761386362417,-1.06810789349058,-0.461140318421537,0.180338800806937,1.39884039134226,9025.57169901673,0.999626442643228
"eps[14,1]",-0.36957786284896,0.0107673721178943,0.808034654750089,-1.97241432973982,-0.907892945273929,-0.382838148368844,0.180189173214159,1.23362359473668,5631.71319234953,1.00035577332136
"eps[14,2]",0.233410123997007,0.010734449779067,0.725802083387948,-1.13260940388591,-0.267233583185224,0.220240574817758,0.70491126525111,1.70631520139437,4571.69073873142,0.999819593127724
"eps[14,3]",-0.635750469179678,0.00899660719360246,0.730114578870463,-2.08614912542247,-1.11409065687977,-0.632790027410685,-0.14514153225834,0.789864226337825,6586.04241320224,0.999849673039412
"eps[14,4]",-0.279091466595792,0.0115390684650283,0.851900771801672,-1.93108531564384,-0.863006936068843,-0.288712741686688,0.298437441857755,1.41308881908255,5450.50224764705,0.999826628759295
"eps[14,5]",-0.732145708133666,0.009141901698631,0.764969574457599,-2.2090850020351,-1.252717684001,-0.737998847585205,-0.206716546456488,0.788332635189093,7001.88913395468,0.999550419884397
"eps[14,6]",0.465204750972869,0.0127193698325954,0.890860151477164,-1.29577965354689,-0.146466516072059,0.474124077181674,1.07193888198274,2.17543355962085,4905.55191333861,1.00010108536476
"eps[14,7]",0.206536597268754,0.00967665181807627,0.7880082647674,-1.34271721745135,-0.30784534624674,0.214641534146064,0.739500666676497,1.71539198806546,6631.49300013201,0.999606915515793
"eps[14,8]",0.478661767746179,0.0110824643580188,0.836672977256634,-1.18602735730624,-0.0826876800121267,0.489230455583244,1.05434086776262,2.10467062234781,5699.5267769571,1.00046010275123
"eps[14,9]",0.922375260115255,0.0107383604027433,0.858213193891162,-0.785871656814561,0.342753192476879,0.936984737568299,1.51329192236434,2.56284883215444,6387.25746299481,0.999801211905764
"eps[14,10]",0.021975332547611,0.0109925299341527,0.925713389940008,-1.81815840983357,-0.598252639249822,0.0257799701229293,0.667837204666236,1.79953543524524,7091.82119624897,0.999805959550823
"eps[14,11]",0.00471704567876392,0.0112021084209617,0.921945086513236,-1.80207546843745,-0.616890707175109,0.0010156684225377,0.607304451355749,1.86716201194702,6773.45991076251,1.0004599588761
"eps[14,12]",-0.704843576859564,0.0107543998768631,0.926575557910621,-2.50267664720445,-1.33637872917206,-0.72197108334455,-0.0857480821739526,1.12459176188885,7423.16849086908,1.00023236352706
"eps[15,1]",0.153036589752516,0.0084511108957503,0.686868113673877,-1.23695612801019,-0.294033248089524,0.154972639755317,0.613356603036546,1.47471114738613,6605.7040163846,0.999811821223031
"eps[15,2]",0.634698068177579,0.0105862210846293,0.727955841037908,-0.843639710349636,0.169822543713735,0.639861543705619,1.13965147316396,2.00991107424336,4728.5517997954,1.00023736618352
"eps[15,3]",-0.830647729785893,0.00960646028434625,0.713007611467813,-2.24331318510802,-1.29430517595992,-0.839276480686296,-0.368980582957073,0.61082395878701,5508.85763229365,1.00071588169595
"eps[15,4]",0.127314641227112,0.0101065269949076,0.754892486801323,-1.42892881783141,-0.366617325615646,0.140109277079596,0.635841123262767,1.60292969378093,5579.12799882567,0.999753632277266
"eps[15,5]",-0.308160209543766,0.00911593517476982,0.74765598131298,-1.79848494065096,-0.80915254723972,-0.292437190306558,0.193277244323522,1.15285678462121,6726.68619178157,0.999773824963013
"eps[15,6]",0.288313502228627,0.0102156537308977,0.79671873948899,-1.29701316219653,-0.239902357401877,0.30148865446065,0.835367403167242,1.82105233707242,6082.43864971978,0.999857383666571
"eps[15,7]",0.933998357361675,0.0103180057599838,0.78733004531855,-0.654172023226017,0.41396598230039,0.955705657068922,1.47500777418663,2.43635809060515,5822.66920421621,1.00007995121761
"eps[15,8]",0.673950030636158,0.00984571641711209,0.799751125031983,-0.92597563931086,0.148030590217668,0.673616752060242,1.21199195746411,2.24879192048656,6598.04197106467,0.999974333963724
"eps[15,9]",0.4419282715379,0.00911716814534272,0.840603209380248,-1.23375845876744,-0.109722351717692,0.442327799583225,0.997000977384753,2.09043580435167,8500.84619670677,0.999624015854101
"eps[15,10]",-0.157058144846687,0.00949514085708217,0.877830612593096,-1.8949685340534,-0.741917553912666,-0.157621325115212,0.431505450638239,1.54687980274665,8547.09675708133,1.00014191088685
"eps[15,11]",0.233286698353019,0.00890929598040493,0.85897956944733,-1.45443566852142,-0.332396043452693,0.231190426871365,0.806750881750638,1.88985128897735,9295.63140653647,0.999828213179089
"eps[15,12]",0.0327011680567486,0.00965630627502938,0.899651920023776,-1.71955558839674,-0.563782370944824,0.0398057123981864,0.633114871244915,1.80063713836582,8680.14456214178,0.999690868366953
"eps[16,1]",-0.199536061916355,0.00986679854147905,0.695846486151362,-1.51912125735523,-0.670314876889321,-0.211830156161867,0.259355195809278,1.20102119890511,4973.6400912681,1.0003964789108
"eps[16,2]",-0.695234964538631,0.0130973656301949,0.752356257620725,-2.09547483773499,-1.2064877315548,-0.72743382923931,-0.202767591366237,0.872555302769396,3299.7358246084,1.00060008225524
"eps[16,3]",-0.120829927403555,0.00929433487489689,0.719906167597706,-1.5806224394063,-0.583803456951714,-0.114863103266636,0.360133289189906,1.30479753431742,5999.50136453916,1.00023818156967
"eps[16,4]",0.223131770724191,0.0113730749016306,0.731984100458364,-1.28544820834419,-0.252859223933328,0.237870581596546,0.714400470326281,1.63932549715647,4142.35673239538,1.00132374327886
"eps[16,5]",-0.870556808806429,0.00990084013547236,0.744106297211252,-2.32619563521295,-1.36517245138624,-0.87808741906093,-0.392844633016843,0.648206019599195,5648.4054497723,0.999848770210551
"eps[16,6]",-0.109299595043444,0.00932194841638317,0.769024473237936,-1.6719727095224,-0.619983960031145,-0.0996124484928666,0.40022973983267,1.40393053980056,6805.60801054023,0.999639072108876
"eps[16,7]",0.0163306283354494,0.0087287799272448,0.779140463621616,-1.50086300030822,-0.513756316509506,0.0227434700798682,0.534785065814624,1.5745828362648,7967.54327083918,0.999925243805481
"eps[16,8]",0.387420856372397,0.00975187623154237,0.808890416709423,-1.18082868470958,-0.160317058420605,0.374483847396678,0.92863801707365,1.97049621589719,6880.23098855445,1.00017308113111
"eps[16,9]",-0.154359956661541,0.0103185415192285,0.831121710983961,-1.78208647107017,-0.720654008664169,-0.162936093258136,0.41086127935062,1.47309355385717,6487.72783542195,0.999791612262673
"eps[16,10]",0.26761127044937,0.0107196530610444,0.887759286405264,-1.46911988866358,-0.34043006138606,0.261663458721774,0.870605757889118,2.02043793947926,6858.49755847641,1.00034098187431
"eps[16,11]",0.599465182387991,0.0100699901918032,0.872494116288241,-1.08248000114399,0.0199810883409039,0.615065224012353,1.19160772597376,2.27671310433933,7507.00869355895,1.00005859752068
"eps[16,12]",-0.182109907722539,0.0113983856480587,0.90534294865467,-1.91722796637641,-0.783315323853209,-0.172454876469259,0.419774091449421,1.58313478308144,6308.69532010533,1.00036364071505
"eps[17,1]",0.797754473702335,0.0103512229791249,0.725974025182605,-0.630875054754275,0.312994687074988,0.809496077100695,1.28425637341887,2.20439141204351,4918.79628714504,1.00010723437489
"eps[17,2]",-0.0835555608884869,0.0100148465051757,0.729058987500735,-1.56573339501171,-0.561371495872314,-0.0702741318593725,0.400906000087958,1.32362993191337,5299.5225137307,0.999855612721121
"eps[17,3]",0.568608728633631,0.0119115782235109,0.767923011233357,-0.954026583550586,0.0632063919137667,0.580466672218929,1.09985666461632,2.05233127213951,4156.20297706121,0.999701263640042
"eps[17,4]",-0.563153836955682,0.0102812161642026,0.748448514551302,-2.00641935126878,-1.05612751408415,-0.569057573553058,-0.070413408904164,0.965590322467786,5299.49980906141,1.00012604768283
"eps[17,5]",0.527697203732753,0.0103209727072742,0.789759484546424,-1.06738754318481,0.0200458243687052,0.549962633822257,1.0686704518453,1.9848367529168,5855.29042641001,0.999662501284992
"eps[17,6]",-0.821229217874088,0.00987518283839958,0.794831110158338,-2.36320375434823,-1.35852915410402,-0.83289650512,-0.295427050977795,0.782596181467066,6478.2756612315,1.0002015364378
"eps[17,7]",0.0759084197193811,0.0113650283553282,0.929150431471764,-1.76027227313524,-0.552934014376155,0.0789017584717547,0.7118656566487,1.89262873465994,6683.91654361028,1.0004415451994
"eps[17,8]",0.571684857568909,0.0110856340870423,0.830554898732395,-1.06229272468083,0.0167447683700773,0.575641495697507,1.13233183538525,2.20254120924243,5613.26582602969,1.00002945421943
"eps[17,9]",0.099094223938303,0.0100207445618169,0.839916557197585,-1.54493543516946,-0.463891924622625,0.092446793778353,0.667408814019528,1.7593330167623,7025.42014507717,1.00011328898129
"eps[17,10]",0.270962644786243,0.0105783386186283,0.869207639017351,-1.47521783396506,-0.305601221992209,0.265049066945966,0.87229545295389,1.9666283860996,6751.68448698873,0.999696570997851
"eps[17,11]",0.161828200264039,0.00933588451215655,0.875685804539063,-1.56908708009872,-0.430018328425659,0.164063381127307,0.75334339650832,1.86607098356635,8798.03484511631,1.00007028291743
"eps[17,12]",0.513777123116406,0.0103862377856095,0.916227488868561,-1.34178781410522,-0.0944950260186805,0.532455803680965,1.12730351155405,2.2639388185259,7781.98003733301,0.999729499484986
"eps[18,1]",0.675028278774683,0.0100687503191161,0.742791722099555,-0.839600797887653,0.208963146034646,0.685046776506885,1.17812440506767,2.09497301517491,5442.30613115852,1.00087059184077
"eps[18,2]",-0.335811447686799,0.0109271147361784,0.773538366339298,-1.81657668368013,-0.860581710142482,-0.342028858077114,0.181292166462828,1.22945949932449,5011.32664246181,1.00059839258772
"eps[18,3]",-0.603895646527088,0.0120164068832866,0.768163565617626,-2.09283340237705,-1.11017106920985,-0.609505409872563,-0.101838898938745,0.934967964823209,4086.56262051859,0.999890104944482
"eps[18,4]",-0.872332134246232,0.0127021548779666,0.815685504548252,-2.42817363405231,-1.44169460746926,-0.882515025637334,-0.320612789749311,0.75974376072908,4123.73436118775,0.999969639858253
"eps[18,5]",-0.0087147698418347,0.0112331306740129,0.804335078097418,-1.58868505046239,-0.539193966403268,-0.00261478879980945,0.507698882269737,1.56725779058451,5127.10718238382,0.999751306429623
"eps[18,6]",-0.980676044566868,0.0111287226114636,0.817174182052398,-2.55485086254086,-1.53436537773576,-0.976897311281637,-0.447047476772291,0.661709412889659,5391.86039350041,0.999990309181263
"eps[18,7]",-0.426679914287298,0.0127832588013983,0.990850564412177,-2.3801671390681,-1.09394938257086,-0.43828079039445,0.219925850286324,1.53186449661701,6008.04475719821,0.999774020147539
"eps[18,8]",-0.694181461075528,0.0122877462125477,0.84683763877394,-2.31409225075676,-1.26038460595011,-0.713178366433132,-0.142461166841758,1.00888667223253,4749.58691129338,1.00036655453192
"eps[18,9]",-0.16017300423715,0.00996559291662585,0.867986842927145,-1.86223109168149,-0.7295074129111,-0.158764083006776,0.424276879199601,1.50524962226022,7586.12507438714,0.999668171436132
"eps[18,10]",-0.26493091936762,0.0118432854229597,0.895182993500759,-2.02940015824736,-0.868875710258652,-0.266395458280931,0.339256460884525,1.45292108699759,5713.19771908369,1.00073665950505
"eps[18,11]",-0.532311853830436,0.0111345671203473,0.888460360011025,-2.25307642120847,-1.14024230704068,-0.528847635543006,0.0461071161431933,1.23415884793922,6366.92063860377,1.0015412266652
"eps[18,12]",-0.158513653102761,0.00883367092038112,0.894385358380372,-1.91289911576267,-0.756823459716918,-0.166024711904911,0.432517425192929,1.62435857124376,10251.0164129639,0.999618420482994
"mean_eps[1]",0.00259383155020606,0.00258763782685952,0.235179799173108,-0.450808404131716,-0.157001591870519,0.00349866852576297,0.16187667363249,0.460692790783355,8260.24726873264,1.00018061128076
"mean_eps[2]",-0.00145444772220686,0.00254162813125403,0.232262434748412,-0.455782582788451,-0.156245141486359,-0.0038230798985809,0.155954386749572,0.444943963079109,8350.91246204733,1.00035452099147
"mean_eps[3]",-0.00292518091994858,0.0028894565762008,0.23231686102004,-0.465825333496421,-0.155334744079645,-0.00602988812799581,0.153721659215868,0.449674595534001,6464.41334035891,1.00006854604332
"mean_eps[4]",-0.00320299181669792,0.00276566673406964,0.239994326350605,-0.459392258498664,-0.169013498991152,-0.00163030094574996,0.16328231213759,0.464718385155364,7530.12625015895,1.00017169645446
"mean_eps[5]",0.0029863383751649,0.0027143291486972,0.23519488440806,-0.4577318640602,-0.155929759121164,0.00173617894065141,0.160603605783956,0.460466280565031,7508.11164230207,0.999581773049364
"mean_eps[6]",-0.000335556578197675,0.00256289969108592,0.235264095348894,-0.467923573456206,-0.163297179363315,0.00311268898055307,0.160637832734259,0.461584529842091,8426.5167412669,0.999679619492678
"mean_eps[7]",-0.00215548647946261,0.00306814979434348,0.236723519054294,-0.460865297358218,-0.162121169736406,-0.00277273868972519,0.158945849171972,0.449752300818414,5952.91523264172,1.00023109531827
"mean_eps[8]",0.00354752952636711,0.0025152178873224,0.232840487327564,-0.451254775745796,-0.153637853273124,-0.00115513064690382,0.160049603444186,0.457231950351912,8569.70304881597,0.99988714459425
"mean_eps[9]",0.000182916274509062,0.0025434431512499,0.235731210913614,-0.453493696959417,-0.157035836473826,0.00417055771249332,0.163359431238579,0.46281072638504,8589.93947880177,0.999790075260443
"mean_eps[10]",-0.00467973135863906,0.00245357074524464,0.234595433392081,-0.46363021664521,-0.168623685902537,-0.00149435343676432,0.159141137605631,0.446745772596456,9142.01518536874,0.999818985612327
"mean_eps[11]",-0.000295612889324921,0.00236694821729573,0.230706695269973,-0.447300372558279,-0.152984687554971,-0.00326022320200362,0.15606690812547,0.449524113771666,9500.42169819723,1.00021574417139
"mean_eps[12]",-0.00171629019547907,0.00254488270744445,0.236216113903955,-0.469116652805424,-0.161745716762308,0.000207467185105355,0.158732128893782,0.454260267541275,8615.55976751092,0.999558883708299
"N[1,1]",656.031887886751,4.92204658231929,264.64233351154,268.522689956235,470.383510660094,613.211860575292,793.439276284957,1296.56693502066,2890.8609025517,0.99957981804684
"N[1,2]",1954.62687150244,138.617282557019,5447.12769151407,365.264764270052,1057.44561634845,1523.59723706521,2169.64017050091,5241.59335369956,1544.18863150414,1.00125279848682
"N[1,3]",580.204025279284,2.23302037768831,157.485980103937,338.220961814175,471.333960511671,557.706952945737,664.690857794028,956.727701529285,4973.91572516101,1.00070152817928
"N[1,4]",1968.28928607079,9.5515452714218,521.155970482995,1114.52388750902,1617.89094896972,1905.5426595671,2244.38113498767,3171.7124396502,2977.0639111888,0.999872400671764
"N[1,5]",781.286105344679,3.22865484717209,172.60876135626,475.866028638061,658.595478888226,771.651177443945,891.439628904773,1144.93689637497,2858.13298384286,1.00004979938584
"N[1,6]",497.787774232056,1.44265685376837,112.144242546074,316.372583027861,420.000634067,485.452140760612,560.124749531489,756.469076408018,6042.65608389525,0.9998879383887
"N[1,7]",4437.99778800947,9.51292715941797,694.198807298991,3199.27787332897,3962.15257335804,4387.63147775224,4843.85543786775,5953.61342707842,5325.24242933751,1.00010361349336
"N[1,8]",967.102912549867,5.97217505339338,362.718716631014,423.137623513793,718.991537002445,913.235879543777,1144.26203675865,1826.64343622287,3688.71306723619,0.999684895650148
"N[1,9]",943.145439136727,2.34034284652137,179.412196346493,630.26235418773,822.787520154037,928.894036927194,1047.35173851007,1336.28470314462,5876.85476769024,1.00000003332558
"N[1,10]",157.471204203016,0.724033996425377,38.278798046862,93.5879844296954,130.35632350534,153.662404327444,180.181027474922,241.489713463843,2795.10847953541,1.00116374399358
"N[1,11]",62.6851266807217,0.311900787710791,16.8277655012325,37.4728838953488,50.581179674575,60.2865730643138,71.8442078489715,102.13829673093,2910.85089408205,1.00097572846143
"N[1,12]",271.741886658827,0.860115762182267,61.2584941688161,171.134508358535,230.411719562814,264.760772551547,306.263605055854,408.675920826531,5072.46221885672,1.00043537347206
"N[2,1]",617.214998978617,4.41976876886766,249.393167457357,264.749604836277,446.136754542601,576.560393862609,737.836831275097,1242.99336833942,3183.97760689483,0.999939475053683
"N[2,2]",1928.77127338945,142.042578951523,5547.53001249178,365.852506280347,998.992416344992,1496.47479367726,2165.46255754764,5194.51590916391,1525.32442011527,1.00119976996799
"N[2,3]",600.047251115406,1.88874463322467,150.647290076074,361.894755253415,495.321281582321,581.336338833425,683.979270494755,944.415191129592,6361.74358973916,0.999950749646629
"N[2,4]",1917.46928791182,7.93684263961231,451.723365934137,1157.71719101242,1619.32238699742,1873.60613325838,2164.8419212936,2961.87921944332,3239.28806927293,0.999930886814681
"N[2,5]",617.796791886541,1.50572857978075,120.021935774,407.874223377253,535.147401344346,609.340533678112,691.015856615466,872.881959942042,6353.71699345685,1.00009908149803
"N[2,6]",492.609439652651,1.3217618284379,111.410500379744,310.212189447392,416.95705104348,478.834806889313,556.680172363041,747.418895658861,7104.70153892671,0.999678777406254
"N[2,7]",4268.92699727687,8.34310353754023,647.671497722496,3098.9530288214,3846.88285496743,4233.02891015277,4646.32999064568,5658.20332034542,6026.34935005436,1.00078203796957
"N[2,8]",931.02989828321,5.45051429325402,352.107132083372,418.781227986753,696.311711314753,876.255948851651,1106.58128879841,1796.45000124037,4173.25265399111,0.99971393945531
"N[2,9]",903.309569809684,3.77204101498457,256.017348505751,509.221342070531,723.409081057304,867.383442336625,1038.85615835536,1511.62997677777,4606.65807254519,0.999758726370001
"N[2,10]",136.218313052232,0.467699508718797,30.5404239951999,84.6857544211382,114.904474019936,132.766163632974,154.754710247782,204.264723635066,4263.99117110736,1.00042923989663
"N[2,11]",62.9707859179133,0.25742396140456,15.8612284024729,38.4688833047718,52.0217704176066,60.690545587906,71.5491580241005,101.017089397165,3796.43264879529,1.00130157989726
"N[2,12]",227.873965333182,0.837556379049376,52.3309925490713,146.093927507673,191.760947883446,221.327004499497,256.719704665388,347.829269365338,3903.82052032149,0.999788306394283
"N[3,1]",548.132435921509,3.98561957346699,215.702008023548,243.774161827347,402.813988726945,514.330246502131,650.267279931247,1050.922779244,2928.98191472637,1.00083605214461
"N[3,2]",1851.72237831679,95.8431867862645,4181.08154135159,367.60116079375,954.799490227275,1451.25158864528,2138.8667108287,5263.90456868903,1903.07009041671,1.0007169382052
"N[3,3]",418.605675944349,1.94204211791204,110.841288601399,245.683420707037,340.695396127722,402.098101944889,479.766244700776,677.616104554572,3257.51064336421,1.00037408331638
"N[3,4]",1817.00767765955,5.37605812129426,349.403830405458,1200.02421332161,1588.35245819761,1795.54976258016,2014.48444260193,2573.55105921894,4224.03407379999,1.0001048663659
"N[3,5]",408.543188633202,1.62948265603162,86.3579205145871,267.492254599291,347.890672486012,398.50047529126,458.183375693904,603.527206866317,2808.69685242771,1.00064715416011
"N[3,6]",487.749963703373,1.48426934459382,111.43809123193,308.017906193413,408.945906985258,474.967580390032,552.242878182925,740.191144318232,5636.92029047811,0.999854797742372
"N[3,7]",3292.15389877405,11.1975261259727,559.125053848177,2384.91454176329,2900.79866858197,3221.39133486258,3618.83036040522,4570.11657939976,2493.29540811291,1.00177518007253
"N[3,8]",886.215323037732,4.05201544041765,286.559748604746,446.297514625017,685.908426565538,845.38033167512,1039.39515424598,1568.86597188847,5001.36086887342,1.00002251834388
"N[3,9]",804.945325592255,3.35899955846342,234.255479699882,439.346309408787,641.841659999711,774.344462128836,931.406255529321,1339.3988518399,4863.61986766482,1.00054843735341
"N[3,10]",88.7341352205296,0.355754757279633,20.5012738094264,55.728196183258,74.2839322205916,86.3840294353574,100.584534411717,135.799059420613,3320.93411292009,0.999745719378512
"N[3,11]",85.8037383471305,0.272415019119085,21.2044231798797,51.4495888905043,71.1893335169393,83.1452967958279,97.8545739625705,133.874875539362,6058.85877802926,0.999959411447549
"N[3,12]",212.105519031561,1.03888784209632,52.2595817535834,130.301968155847,175.419769981131,205.117099594204,242.190029491114,332.288862494634,2530.43118749505,1.0004216556928
"N[4,1]",521.939564669597,2.32320284690379,152.412599263101,283.326559108655,418.1615856608,505.173406042644,601.137109511473,870.27054007252,4303.95257167543,1.00014731376032
"N[4,2]",1696.32119985662,70.9622043997987,3690.76666764873,363.546923974904,926.081155195439,1376.95078432224,1977.93205591064,4432.23847655312,2705.07295980499,1.00035195879762
"N[4,3]",535.955338712089,1.82547591998038,133.776619099594,329.499659789222,442.67219569201,519.992563093737,608.361054982113,850.193271786803,5370.41954676527,1.00018845672436
"N[4,4]",1876.24486943495,2.43731170913167,194.669367676558,1507.95410355879,1755.80292631819,1868.69762797969,1990.4845697822,2289.80486295649,6379.30088696201,1.00007935593667
"N[4,5]",415.50236437797,1.7891500232134,88.3125457300146,271.952243569525,353.703181216541,404.951440281449,465.720814894648,615.306884043682,2436.41514994152,0.999858961767442
"N[4,6]",656.72463645326,1.85167398748899,147.484678402909,415.689427800431,555.297445410474,642.956066535257,737.878577592765,992.400247527745,6344.02316119362,0.999984658789687
"N[4,7]",4168.30215519407,8.00850888218156,616.308678966516,3092.37469015351,3741.8534772415,4110.65615407797,4534.63370934294,5555.0894092125,5922.3387385111,1.00037556491663
"N[4,8]",832.428801437775,2.0597684274537,152.129912988869,585.986958664197,727.626819362602,816.499842707539,919.578471009285,1174.35034560857,5454.97092234899,1.00073259014066
"N[4,9]",682.254445411933,1.70373313121904,119.747133693574,479.278734034316,600.534139220857,670.329528720275,749.10309456604,954.925965048555,4940.00189847104,1.00014110126964
"N[4,10]",88.5816430402255,0.245926510915367,19.0622447408185,57.0838531439204,75.458113990849,86.4388278781187,99.432610362132,131.369824309344,6008.10322682323,0.999874275685031
"N[4,11]",97.601169839238,0.334186071746162,23.6808340738677,58.5388948643921,81.5354322262979,95.3415945244386,110.789641297571,152.444801147875,5021.31306091857,1.00055390717542
"N[4,12]",387.306563953063,1.36719895705118,86.2156012827046,243.372815023333,326.084029021712,381.065391791692,440.355187376604,577.329633303013,3976.56683335549,1.00024580950635
"N[5,1]",496.390090492621,1.2626929014288,86.7358119572734,351.540873625018,436.566956745549,487.099315203235,544.504923495013,690.375883844714,4718.47239769515,1.00110461964677
"N[5,2]",1725.28603510942,45.6955283850032,2536.13018512664,403.526450679053,964.684631391914,1413.33402466715,2048.73568721722,4806.17837565621,3080.31888969133,1.00028331156426
"N[5,3]",406.254253809132,1.64452460353867,100.2064945646,246.301157279834,334.616655843779,394.023284062701,462.122361231778,639.851430865761,3712.88065001913,1.00029404026455
"N[5,4]",1812.59104814903,2.06244117634714,164.363775566231,1508.29592101846,1707.55787887321,1805.57036665179,1905.45476332437,2155.02005504461,6351.10183159865,0.99967520847
"N[5,5]",572.522738308848,1.3311578966545,105.6571103314,388.938080459468,500.54166943449,564.747247105574,633.023078326273,807.719505831741,6299.96754191578,0.999823450967704
"N[5,6]",814.625192057085,2.75495431842749,180.012806032544,511.15323571477,689.163087387153,796.149631923479,918.678014777893,1230.87535582186,4269.50965058888,1.00128451328281
"N[5,7]",5439.04815376858,10.1952880016218,772.598235704995,4029.36908287339,4926.0248798068,5393.24847133785,5883.26284602036,7098.64921015351,5742.59815668273,0.999573917731699
"N[5,8]",1008.96540696894,2.10253952007363,160.681954561725,721.637915636252,900.594246294727,999.35845697894,1109.0509450955,1349.73907911928,5840.44416552741,1.00014423256872
"N[5,9]",716.229294705088,1.43489722182766,112.448711081707,520.370007410948,639.977947985216,708.070912051278,782.802625900379,964.791782552142,6141.39985109911,1.00033713219061
"N[5,10]",71.2408227224772,0.255471382206758,15.6388252711798,46.0331626557719,60.2039939798752,69.3424546857047,80.3181859303455,106.736078779543,3747.34552673431,0.999845414681858
"N[5,11]",89.328062789307,0.283324321973564,21.053121647986,54.8268195245158,74.7969156070436,86.803212847813,101.413284888781,136.143431504405,5521.60434272825,1.00036640903393
"N[5,12]",460.175996363214,1.33358349086469,100.161813991456,294.832583776046,387.904350709029,451.448138855886,520.512274836021,683.359346215105,5641.10185766591,1.00009873048923
"N[6,1]",560.641958244913,1.66662169513875,117.433038514303,360.339091481547,482.604654858517,548.426442577755,624.265064466514,832.992210100961,4964.8546013946,1.00103238414731
"N[6,2]",1648.83957960329,24.859064320245,1288.41060719422,390.812740317181,943.964961330526,1370.15729248186,1979.95581690916,4552.09447855339,2686.20422065035,1.00053035333318
"N[6,3]",410.885006220391,2.06480112710875,107.298810359598,242.539730016116,335.316347013872,396.743716803268,469.048713401796,653.741824798393,2700.43268935843,1.00026943268389
"N[6,4]",1752.58055305865,2.08559909862998,159.075663684985,1453.67952339854,1650.80849408681,1744.84622681022,1847.30489899148,2083.29514024146,5817.62638334516,1.00046102518812
"N[6,5]",747.272800464363,1.94930925393331,142.566271083718,499.567794454511,648.413786623584,735.862806863524,832.295336816884,1063.9626317246,5348.99376845092,1.00030207404517
"N[6,6]",685.448492347944,2.0112219389552,149.155311595336,442.316186498352,579.91352196453,667.855731981055,770.941857344684,1027.64677235156,5499.9336700788,1.00038438750458
"N[6,7]",6372.03227842174,11.0344808227743,903.304008782952,4771.48029914799,5752.82110588034,6300.21451689118,6911.63342882127,8375.92395595117,6701.37724634894,1.00015296038351
"N[6,8]",957.655549557424,1.88013763477748,153.315260044351,691.578232801967,853.26092487176,945.263334762533,1049.45726897531,1295.15777365273,6649.53815514209,1.0002770590783
"N[6,9]",734.093224637088,1.47284613537092,116.187063394923,534.598459686983,655.787195053346,724.23599649877,800.361372652628,996.256164010279,6223.01418897222,0.999788647925396
"N[6,10]",78.452080546412,0.219601327452542,16.703559999195,50.4788404682104,66.6872605454628,76.9050348381762,87.9513738376928,116.550146532834,5785.59675346015,0.999849081974354
"N[6,11]",107.965336255978,0.401437772335116,25.9433746036493,64.5700023715899,90.47898546541,105.36232416228,122.576841530561,165.267139525704,4176.53826990803,1.00126037464309
"N[6,12]",505.307577288404,1.52010260341976,110.289093671861,323.726405601018,427.853284612398,493.989931814254,571.109621053567,752.507389304341,5264.04180969598,1.00094804658903
"N[7,1]",588.969902130127,1.09100058952571,86.5459401272644,435.463298178761,530.612013058002,583.621754084008,639.651628929406,773.523284890619,6292.79275885834,1.00081661469937
"N[7,2]",1594.82970042086,20.2914985575111,1144.58532964898,402.835635551713,920.894462351168,1336.69588152347,1922.8963424419,4329.20136473303,3181.76505216541,1.00044084502715
"N[7,3]",610.594578137013,1.76141068382637,146.452278404449,373.365796978518,507.630830304209,592.792554699492,693.644750625678,944.871282172189,6913.07092548706,0.999763069906005
"N[7,4]",1779.16978015859,2.11690511098392,162.002462845099,1473.72048896355,1675.87230781464,1773.53769925729,1870.98613039678,2118.05263848516,5856.53106130655,1.00037852072063
"N[7,5]",873.083547938219,2.43257641317354,164.456754637933,588.999226956339,757.741760892385,861.999838232112,971.696040009124,1232.4338541289,4570.57088298257,1.00068016912804
"N[7,6]",853.267878410186,2.40404932016284,183.05116762941,550.183210464658,727.252910523312,833.903347493592,958.52866708997,1265.45329835795,5797.73366007061,1.00120835953425
"N[7,7]",7994.53278413615,17.666676190497,1174.36333020112,5850.98843414044,7175.04726496748,7928.03688064345,8724.61961149006,10470.1074543303,4418.70761818617,0.999979823497014
"N[7,8]",1015.08974385609,1.97902698360797,158.614583769429,732.499530721901,909.283824565685,1003.22628012547,1107.35792660958,1368.57260597821,6423.66376135515,0.999965194735873
"N[7,9]",705.65212090622,1.49030171175146,112.694586148304,512.0447826351,628.045740038303,695.921068444155,771.734177665397,958.765589795302,5718.1784633695,0.999798613432657
"N[7,10]",73.5051393060439,0.193961000483178,15.1639250669713,47.7450128166346,62.9954295166723,72.0232898726311,82.6640867690559,106.529425996996,6112.15597137463,0.999652427097631
"N[7,11]",106.171371406401,0.402548837491013,25.9426557499479,63.8852883243739,87.8457875971183,103.370642075448,121.307431611519,165.395796632028,4153.28479282289,1.00041823692439
"N[7,12]",533.608672114052,1.60113606777229,115.766274826494,336.743286344452,454.106008343484,523.048877923005,600.962715768619,798.564736455418,5227.66363419763,0.999866742070247
"N[8,1]",573.571117432699,1.05103969335703,80.7597098277314,428.169848099523,518.855220165275,568.42400575476,620.650378123393,748.687953358125,5904.0668202953,0.999979548026428
"N[8,2]",1601.71645295766,18.8025794550181,1067.9715879135,437.244259247739,940.892588981691,1351.74759578854,1951.06430259994,4147.40841876313,3226.1498271012,1.00068744706171
"N[8,3]",652.822347691084,2.28562185892955,161.198729655238,395.66585719948,542.574619396296,634.882459867579,738.42972570302,1014.9419065066,4974.09949751486,1.00000438719133
"N[8,4]",1676.14378583246,2.30932740872946,155.106366901738,1397.18128901465,1573.49601272412,1667.99435552804,1764.06818278093,2013.27316546493,4511.15999765322,1.00036478580075
"N[8,5]",773.5885336795,1.89292319686132,145.462723923866,529.626176294411,674.498594477046,758.142992093032,859.100252240472,1098.50576073973,5905.23853477224,1.0002586004298
"N[8,6]",876.336794002507,2.9818805897653,195.324877948733,555.78065986306,743.020590132719,854.276132149435,986.830507547465,1326.30184855677,4290.7639899666,1.00022970847731
"N[8,7]",8396.30455750049,16.6874056615645,1216.25377026932,6148.62552435652,7574.50233500813,8338.39611894507,9152.70017181443,11012.9250250837,5312.15516499447,0.999954340430898
"N[8,8]",1115.82004186969,2.32206456932673,178.063734348781,804.084983785056,991.115881966257,1101.96590994574,1224.93181532352,1502.63223706796,5880.33909025677,0.999874982413089
"N[8,9]",806.745394991007,1.60897217619378,127.256030912222,582.895624407374,721.131335964216,797.202975766859,881.671753009909,1086.53105807032,6255.4661625683,1.00001185089227
"N[8,10]",59.3378109719632,0.211045454935769,13.2514604938574,38.0664820556388,49.9779808718414,57.8060186143799,66.8092067216927,90.4861397559284,3942.53434217736,1.00059786062445
"N[8,11]",96.9224470362331,0.428006232369187,23.9002838246639,57.1625870843615,79.8218721086014,94.2017721456109,111.000584748194,151.687427292456,3118.21409835442,1.00005150079464
"N[8,12]",448.224895419472,1.20329855256097,95.6459531736921,290.854450159231,382.639791087896,439.721641262918,501.046010184658,655.68895224532,6318.09876436773,0.999644330256548
"N[9,1]",550.658802658655,1.10316891036402,83.3280012904934,399.206633630068,493.372649106061,546.736775461407,601.014752911328,730.48719280401,5705.55507453472,0.999801378379251
"N[9,2]",1602.45482743383,17.460784407735,1004.66338524836,490.172870725854,983.053940903228,1376.81080673945,1945.98830950535,4046.88581067456,3310.6528941064,1.00112082942295
"N[9,3]",1058.14517368417,3.51499687648545,262.547443866669,629.614659558881,876.473916733831,1028.69107060485,1207.14627402113,1653.69411910469,5579.11999084587,0.99978417204686
"N[9,4]",1914.85713268975,2.69585259590924,182.616828697207,1559.03583849181,1800.6217620464,1913.03709668278,2025.41773805548,2283.72688726211,4588.69623486069,0.999974740823104
"N[9,5]",888.408697262706,2.26755887449181,168.987643722138,587.791207079134,773.351068955144,875.748147159359,992.634451367638,1254.14405818317,5553.83223931756,1.00032624244344
"N[9,6]",1381.54825143423,5.8091262170933,326.75017450972,847.140156239614,1149.05754553101,1348.55449900568,1574.83982145039,2135.58313285821,3163.80735313916,0.99961546782529
"N[9,7]",8467.30834183771,16.4122258712099,1218.66290459339,6305.55393901738,7642.93023948178,8389.59782953262,9203.70030467163,11108.9204677252,5513.56136792922,1.00000760389716
"N[9,8]",1041.01607250368,2.16392189834169,170.023735684219,749.142621896556,924.570429139031,1026.92204007053,1140.84343602223,1413.55486949206,6173.5638525746,1.00006242538822
"N[9,9]",873.86647346489,2.44342573254072,145.466262786885,616.923432039727,774.28454383363,864.947525924506,962.127129034649,1178.16539010672,3544.26573625903,1.00060242745754
"N[9,10]",76.3476538671722,0.264544371946784,16.658896539336,49.0628124793266,64.9191705908332,74.7838575267876,85.6745317831656,113.667280642908,3965.47675883302,1.00096689351029
"N[9,11]",54.5513700650662,0.175890038908932,12.995540927698,33.6795830011142,45.5630800665019,52.7290845983233,61.8979711712465,84.5700665358046,5458.91375170542,1.00009434743945
"N[9,12]",394.330837477414,1.30116023410687,89.5588421786626,249.630281986567,332.068260062658,383.493575999395,445.032450699779,602.779679744103,4737.56712948174,0.999927079303327
"N[10,1]",472.433162735424,1.83790915490102,111.592572274456,289.591991810186,398.357873136884,460.935480195306,531.886839326267,726.544210381816,3686.57008608358,1.00070976475957
"N[10,2]",1549.00918073703,15.430821463221,866.726900010768,512.823953245438,993.788393047455,1364.69060460209,1874.89897885028,3675.67056027873,3154.90625016499,1.00037299398679
"N[10,3]",1410.86849539831,7.30638113369532,373.702003679417,800.440965469046,1147.27787010182,1365.05323328304,1622.66518086646,2276.80302800881,2616.05100041361,1.00021098899585
"N[10,4]",1861.63216500265,2.25060166455708,180.121220892382,1534.06133777227,1751.66970036964,1853.68930290128,1960.14532535739,2250.15916255694,6405.19701470967,1.00031423385111
"N[10,5]",838.294222953309,2.34324746967037,167.333263016442,550.329256985247,725.135229607094,825.077693096568,933.710787669047,1218.10376357679,5099.50763550316,1.00128374253476
"N[10,6]",1369.09634358912,4.68139010163642,321.167102916762,829.855939232302,1149.27611156031,1341.25748073321,1553.41200025052,2094.26482922174,4706.65584356866,0.999589187933324
"N[10,7]",7848.15170269959,16.3466234298819,1184.77449358057,5774.51410731293,7032.72256452522,7773.01255700841,8561.15361786829,10394.0904552251,5253.09525079608,1.0004668179407
"N[10,8]",1073.97932469668,3.25059802652368,188.560464826839,735.574791555501,944.718252270002,1062.3593452287,1190.23500255773,1471.10698573763,3364.92001591204,1.00085904657475
"N[10,9]",814.255911366552,2.75369056034775,144.664332438994,555.777552483215,714.070583717978,805.801225610698,905.329324474491,1126.22701602455,2759.89565639493,1.00025916671544
"N[10,10]",72.8786427733392,0.20653336819782,16.2651809282436,45.4967316525354,61.7703586697309,71.1104390209263,82.2198495169078,110.010189656103,6202.0796851775,1.00046811604192
"N[10,11]",32.6964820769796,0.250676866863735,9.7750881190699,17.8845267471119,25.632416835706,31.319690214139,38.3003873182063,55.4245377026208,1520.59250779421,1.00270750793809
"N[10,12]",450.846315523622,1.27435714916293,103.199571027032,277.284653284458,380.20620362837,441.457824887472,509.220533393791,679.059393233474,6558.03099181983,0.999683806717738
"N[11,1]",380.883032933026,1.14824965842653,63.4297302372865,272.722700964811,337.140863826859,374.478285261261,417.765045182683,524.206313532153,3051.49792482131,1.00110265648833
"N[11,2]",1345.61217667956,10.0583059729606,629.160981285057,539.869648832943,957.183542342448,1240.50440065689,1587.21866329955,2770.7478442669,3912.6759137086,1.00005821798256
"N[11,3]",950.650495806566,5.32119377320827,249.652917989014,567.503377006725,775.082879507532,916.236124909575,1087.3271053852,1531.38649848459,2201.17790430639,1.00073269678921
"N[11,4]",1757.22314008292,2.09434183055575,160.139101030875,1463.48151659882,1656.10279580406,1750.39205453735,1848.05685761855,2092.42593469537,5846.5495984608,0.99983209988389
"N[11,5]",626.47457567985,1.41956780480661,118.076504787715,427.907090444158,546.837540174183,615.171452839578,694.719023291436,885.145766695859,6918.5438151534,0.999769919860082
"N[11,6]",1004.09985391756,2.70292717046986,222.145758241537,644.483487046575,849.64488049777,982.850394688671,1130.05949673943,1510.00586606794,6754.7201720151,0.999772923474095
"N[11,7]",6445.34540158708,11.8350270694964,943.660375693723,4840.70632968055,5784.12508359722,6384.0669114084,7010.86249571726,8490.98231425987,6357.59601231203,1.00003986769292
"N[11,8]",804.167856180825,1.85565077166842,131.285551870294,575.318753501041,713.790031821638,793.999015512361,882.908829342834,1095.35035791496,5005.42980248804,1.00049254212457
"N[11,9]",519.150235419698,1.31257376968814,84.6583050728023,374.31995956605,461.237549105699,512.300970177406,568.101295280662,706.073547018681,4159.98434580206,1.0004686174074
"N[11,10]",54.0146607473993,0.356911875333944,13.606804433193,31.947689891676,44.3741135990715,52.3111375717084,62.1744004291607,85.2228834096637,1453.41717922563,1.00107242647992
"N[11,11]",49.0667007409761,0.153503063464195,11.5473214810711,30.2057039192939,41.1198215491397,47.8902224826499,55.7345245035975,75.0355939035587,5658.85309238692,0.99959017305005
"N[11,12]",428.85733647786,1.24908548507613,94.3727527329529,274.967834968307,363.939127762507,418.40699855852,482.607904145291,642.204110565829,5708.32803984829,0.999562148485526
"N[12,1]",416.516612817966,1.42856390121674,95.4333411628186,259.006279212941,352.981358708606,407.452152344042,465.36450078884,634.308781470359,4462.73310617555,1.00024315045986
"N[12,2]",1127.20194740765,5.64277605178067,382.655270961078,554.007005171173,870.247293160021,1068.03618926439,1322.40232281362,2025.2617654564,4598.64379458565,0.999767339225449
"N[12,3]",1615.5377074636,6.42010302890101,409.34421057135,938.895023741951,1326.67123520704,1571.850879053,1857.79888061842,2539.36913198642,4065.30664316138,1.00038160605084
"N[12,4]",1880.32658316472,2.72702832357046,182.23343557614,1529.87650077297,1761.56623752935,1873.51755987407,1990.96620707768,2266.86856842381,4465.5692476506,1.00000607104498
"N[12,5]",580.121218132066,1.38265587577178,113.345196401283,387.407041623214,501.894178415183,570.856355540014,645.822003678673,829.589728961727,6720.13552459924,0.999730628376659
"N[12,6]",961.656599315676,3.23129068577658,221.816361742206,594.008611127184,806.450771864972,941.537733713245,1089.16421657746,1442.68568189735,4712.32350866603,1.0001013631036
"N[12,7]",5677.80813882155,11.9974066387861,855.607973730756,4178.25872166047,5104.89526322602,5615.88134046962,6178.66320558814,7552.99234140854,5085.9828158293,1.00050922215256
"N[12,8]",481.104095884758,1.62366331230674,87.4293193528879,338.110016449276,421.810808271938,471.95548264664,527.702279230666,680.925483562852,2899.49416745581,1.00054047182366
"N[12,9]",344.964859062674,1.13745261971533,61.0523455584311,243.397799402258,303.216443382358,337.587243736869,379.733559203048,483.546770915045,2880.96562747796,1.00323543935384
"N[12,10]",99.3771331633095,0.4434673301407,23.2727931171422,61.2176458173463,83.2066100926691,96.9928287970341,112.893992582686,151.080949295055,2754.06226836705,1.00081328161282
"N[12,11]",39.1132227783532,0.136542602768421,9.63661858213484,23.6204178020453,32.3080605254566,38.0205539611194,44.5139060124031,60.9120643825782,4980.95921497101,1.00021726558755
"N[12,12]",596.051183177116,2.42458199720778,141.281337503001,366.036490848734,496.927059559016,580.555775049519,680.215511481047,914.74756586628,3395.43829974052,1.00056534588617
"N[13,1]",436.345731428182,0.977605496492378,70.6028961763648,309.988332070249,389.239455579105,432.695468236734,478.344417850168,583.784679071003,5215.7619714808,1.00013041167447
"N[13,2]",994.378822660619,3.49020059551149,209.594806389553,662.726115997542,854.929162380536,966.717823784111,1101.45246408177,1486.13706930066,3606.28675904976,1.00023842552781
"N[13,3]",1628.54113869324,5.97677933731024,415.546730415566,954.776722514576,1335.76693253756,1582.11636019901,1864.26688025498,2571.47900371026,4833.98496360572,1.0005928358167
"N[13,4]",1653.09075432121,2.13937979255278,162.877181632907,1355.03356605755,1551.9989013623,1645.60315207565,1745.86889358931,1996.35310876334,5796.21802287947,1.00038352010083
"N[13,5]",428.826506956007,1.34292180918483,87.5721672314575,285.060425072168,368.61480451855,419.829474629728,477.772535611186,628.347912721835,4252.36702484275,1.0003525374426
"N[13,6]",577.716368393987,2.73277907695025,147.331378942159,351.559861004149,473.062333617766,557.20661940439,658.895064401814,926.710397880376,2906.57450232667,1.00116006967079
"N[13,7]",4329.68162578969,8.28478001256799,658.411538357452,3183.15906469264,3890.0081909669,4267.56867962925,4698.06467625066,5769.56489501204,6315.86595488405,1.00104862072031
"N[13,8]",436.100359657846,1.44491941963015,77.29470926105,313.696637104495,381.563405459785,426.939807172884,478.796803730642,615.890922719355,2861.6220916447,1.00039239242006
"N[13,9]",310.33651014141,1.28787910058193,57.9796349089544,218.999402883097,269.70778406492,303.419822132286,342.84854134859,441.522699950375,2026.7527054155,1.0012252000229
"N[13,10]",103.131792453691,0.354754971437963,23.4600718805842,64.10529622709,86.4868836961437,101.0734005529,116.931027966701,153.55236049584,4373.22373363609,1.00095350114203
"N[13,11]",49.2919160889793,0.165195069296869,12.1228028530618,30.1066599223882,40.9081591029332,47.7635130275226,56.3781129398583,77.8462763816891,5385.32507883892,0.99986342863413
"N[13,12]",479.629773559549,1.53226611335995,109.196900418192,298.785678660605,404.263632627616,467.194322140239,543.742139814216,720.014712086987,5078.69611817036,1.00002929331743
"N[14,1]",407.10584430534,1.17650729003904,85.4835702126582,261.5239440057,349.640500087202,399.136485519348,453.285923137014,599.716876369542,5279.29656423968,1.00022846531052
"N[14,2]",1307.87756849912,3.1102214904035,227.68916979394,901.970542830784,1159.7929830126,1293.20770833873,1437.8961207156,1801.18016660059,5359.2264897305,1.00030212644801
"N[14,3]",1392.64117628899,4.5787041840748,347.669443371564,840.633146671976,1154.13090871942,1350.77530819536,1587.36326664137,2187.10964283323,5765.64465278511,1.00015048151452
"N[14,4]",1515.64900534652,2.95019122682573,205.213049279536,1149.96860404928,1385.2931671223,1506.73148647567,1632.69814197222,1954.70324031883,4838.48738305425,0.999706642101893
"N[14,5]",463.905219152244,1.56982878317816,92.8148080181033,308.916067647887,400.025710529034,455.867668798413,517.5801488565,666.71408065352,3495.66628582834,1.00074498301819
"N[14,6]",657.913884922074,2.83550161445379,215.528702936164,338.377619175867,508.762817619462,624.296787396085,767.95587337234,1172.64330850321,5777.63940161559,0.999991941416535
"N[14,7]",3744.07113928153,9.49361799503499,563.079889378709,2776.64491063801,3349.1257193403,3702.46503691302,4081.25982036753,4972.65576648286,3517.84360723542,1.00048465361886
"N[14,8]",528.28209601958,1.08669296970652,84.1783491340236,381.607580295663,470.586398257484,520.855123898766,578.637221190789,715.086131298382,6000.49521523808,1.0008381852507
"N[14,9]",433.831984461274,0.823801094626214,67.29367618362,316.427014872012,388.377004753636,428.71402520277,472.097931624536,579.431904462297,6672.73347810097,1.00016941375964
"N[14,10]",89.7030962189785,0.257907657833737,19.3524181204817,57.5188312447564,76.576308593516,87.7515950842149,100.601526691145,133.31096947378,5630.4356895491,0.999977748569586
"N[14,11]",42.0779531447516,0.145371521949284,9.99360961889715,25.7502607616494,35.1442686025937,41.0578186532914,47.5497149738765,64.6820051691241,4725.9169634959,1.00023933173158
"N[14,12]",337.089983287896,0.91966381992237,72.8487905153408,219.396751776635,286.260251228992,329.879777825243,377.241578258309,503.260152417851,6274.60640609752,0.999647349611413
"N[15,1]",364.472222918572,0.704783195487872,53.2360768612677,270.706778082571,328.437651806112,360.41780816185,394.902431780064,482.25166994062,5705.59585509216,1.0001493703324
"N[15,2]",1351.46740310938,2.82325614372458,221.568656167837,966.568812507143,1202.4361592359,1334.62586431221,1480.93974729491,1835.79417089322,6159.08338113786,1.00013196170815
"N[15,3]",1100.94004208033,3.32214535726207,262.765395023412,676.966511611056,925.428867778108,1073.47646779672,1237.69137531591,1707.15834769092,6256.03369054982,0.999902553688814
"N[15,4]",1383.86135614585,1.73816146113507,130.04664919296,1148.73496262824,1301.31900890383,1376.74480707653,1460.12430041252,1664.66616810031,5597.80931219037,0.999683854502778
"N[15,5]",326.323558829285,0.705267944468952,60.1049983057246,222.912619554342,285.828307325409,320.20809935599,360.271197993638,459.40388834964,7262.94722815694,1.00009814548104
"N[15,6]",701.678489122559,1.99136496333825,157.157200171969,441.772587310526,594.321535770322,686.21449683287,788.753054039362,1059.92321621287,6228.26155755876,0.999757677623674
"N[15,7]",3822.93960840563,8.2484535204619,557.948889201068,2883.85600763115,3442.59006830995,3764.97874437917,4151.65417055711,5072.13929985419,4575.55490984803,1.00002212500425
"N[15,8]",601.608246862808,1.35066503531425,95.0433944053198,437.179496192911,536.475699137071,594.014114836478,657.549322301774,813.475483150858,4951.63429279154,0.999600270796928
"N[15,9]",567.099806614186,1.11588395233872,87.7764079391217,413.508498961626,506.455183387799,560.012983133211,621.677138406144,755.902178053847,6187.53323457565,0.999824667637734
"N[15,10]",74.2037090511436,0.199911960726071,15.8166282438784,48.4355318174191,63.5269190454252,72.5255812898238,82.8970624320276,110.091942275579,6259.65296519658,0.999886908746573
"N[15,11]",45.0664330242946,0.156351561610383,10.4183680622669,28.2555123632773,37.6905901265815,44.0024269416348,50.8953907812903,69.2360054208162,4440.12243606654,1.00027716512545
"N[15,12]",202.823054981548,0.970294489555449,46.9403256583164,129.730232848453,169.74313737356,196.562046907193,229.250636213945,309.491130135904,2340.37293240115,1.00082723657132
"N[16,1]",372.495187411687,0.654900003255776,51.9442958718108,281.18231411258,337.92803676398,369.611551922288,402.710625610109,488.543586787554,6291.0877370155,0.999621468570773
"N[16,2]",1578.50986572314,5.37657508591412,278.248929067459,1080.60721604056,1388.09192875349,1560.15194222853,1751.12365657627,2173.60789857069,2678.27749739537,1.00096384191012
"N[16,3]",810.006364143451,2.90182068484595,200.162845648856,486.292296843277,668.646088365198,787.437512291584,922.874591218719,1272.46163676658,4758.0148040812,1.00101714473396
"N[16,4]",1332.23196688328,1.52189002066992,121.173867329157,1100.78366157601,1256.98094232722,1326.81765801567,1402.9825062387,1600.33759151735,6339.44734714421,0.999832135100296
"N[16,5]",274.61026021502,0.617733377357591,51.4954306536626,187.839812620729,239.322845178406,270.036428000078,304.014181299577,388.022622734975,6949.20707974082,0.999914150721619
"N[16,6]",738.447796140274,2.22401697274226,162.641744718858,469.156119050156,628.597739663895,723.533233650371,831.80963300249,1097.26583596442,5347.95635678649,0.999833699003769
"N[16,7]",4821.14310682848,10.7471966131527,706.611935842114,3509.51299380849,4352.42403838234,4793.54313983215,5261.17882603597,6313.35270292974,4322.8637757011,1.0000862205411
"N[16,8]",765.52329314708,1.62133892573461,122.022274868202,548.896705297835,681.573468397279,757.408788968114,840.606407784795,1022.13838458553,5664.09613041699,1.00075330106604
"N[16,9]",710.314173872983,2.00589618736628,115.927781107901,496.955976590765,630.074529364865,706.064814152762,781.916494544115,950.494072896215,3340.08978339067,1.00031677983293
"N[16,10]",56.3761022084265,0.179487510896955,12.3589585256646,35.7627700148537,47.5751473218452,55.0057405560977,63.5550574818172,84.2561797936659,4741.2764652601,1.00078505134581
"N[16,11]",54.5361349566771,0.17172844757138,12.9784674685314,33.3839600344551,45.4945876603006,53.0789260700474,62.2677165764838,83.5060994086171,5711.65987858832,0.999861062083565
"N[16,12]",193.686633365101,0.658420082148987,43.175675492562,124.073313108935,163.333674408628,189.727475045688,217.976839514399,290.441359553073,4300.03652580502,0.999994436624841
"N[17,1]",350.196192283829,0.799841107125732,51.3594750502433,261.173746983811,315.921016797968,346.020729165666,379.652859920766,464.343000620754,4123.19344848693,1.00046032158053
"N[17,2]",1278.55855684287,2.91085279782098,219.352865992034,901.556085206129,1133.76522030027,1259.05396342932,1403.767857233,1782.12308297297,5678.66355769604,0.999859008290459
"N[17,3]",808.125476330832,2.68891324167512,198.388469251019,488.781538300612,668.82392083847,784.966774970109,918.229818614265,1244.38504456357,5443.5131101412,0.999750541812787
"N[17,4]",1339.13011187233,1.84213468562371,126.681083609933,1105.78736579527,1256.80129991173,1335.41835705525,1415.68573047912,1604.49119144157,4729.12484569319,1.00088352788691
"N[17,5]",188.923431431971,0.810160985466237,40.8310177432244,125.672897833949,159.987148228409,183.575598076338,211.677273747763,284.54487658194,2540.02364724257,1.00050274823941
"N[17,6]",690.807057072993,2.68715353347117,161.061171784426,420.996151044263,578.434917104531,675.801870039317,785.236372712775,1046.92084433631,3592.49975177354,0.999768847919354
"N[17,7]",4488.04533538432,9.12148039667137,726.288587675168,3181.20200463176,4008.44261244939,4437.72439458001,4906.00508988994,6057.95030464329,6339.97845292263,0.999566258726111
"N[17,8]",792.503349247491,1.60633008374709,128.364845359242,565.714159317225,704.900704640797,781.923063362555,868.710577233131,1079.50396638455,6385.90741759036,1.00032559286881
"N[17,9]",625.462820449252,1.23113489185258,100.341468484205,452.468561217122,556.92231613385,615.94151811304,682.573342249816,855.018446793037,6642.77626641238,0.999538370699159
"N[17,10]",57.5691820756616,0.160877369179052,12.7114822010694,36.6424706697832,48.7650404990071,56.1630350492161,65.0017576836279,86.7170388644605,6243.13140573388,0.999813697330866
"N[17,11]",79.231006310149,0.361300383355343,19.7779494682606,46.5598853583571,65.3720146546065,77.3496679284181,90.8073899563521,124.160426690905,2996.57865156549,1.00171539782961
"N[17,12]",169.421297535164,0.712372127679929,39.7001907482321,106.527657447471,141.215185081239,164.268846822966,191.508363542377,260.439098980807,3105.78472089491,1.00025684463944
"N[18,1]",414.245981992467,0.726106065960798,59.367285596861,308.187072480353,373.628007786763,410.283125146146,450.158261652138,542.456216052832,6684.88984306428,1.00049095359043
"N[18,2]",1228.65869817645,2.84737553042109,216.432044396127,860.321596032934,1090.73978696273,1212.66672830477,1347.12000580875,1687.50225453269,5777.68188892016,0.999880276650056
"N[18,3]",1091.02662678162,5.35147930708093,287.427568035219,624.323742374344,887.981493271442,1059.54619433772,1251.77663579282,1742.19127883388,2884.75636091582,1.0006358076768
"N[18,4]",1200.28012237645,1.51716376440116,111.747569291397,991.067568657304,1129.17529309808,1195.04164176326,1265.70884037831,1439.7142143308,5425.14371452737,0.999952170012732
"N[18,5]",221.12065622962,0.527913852375377,43.4981390426064,149.358992155808,190.787563191086,216.283577990502,246.644999876931,316.846446136074,6789.14740934574,1.00036585332615
"N[18,6]",475.012322408936,1.33490335525745,105.929697168753,302.364306636426,403.176878354989,462.32043316217,533.669885062081,717.31465305675,6297.03072197156,0.999877722768568
"N[18,7]",4620.67533188234,18.6674524804283,1319.78151654829,2589.25910064395,3704.24934723462,4432.02187357007,5314.56302742282,7771.34555888221,4998.43414583602,1.00049728926558
"N[18,8]",903.542698373325,3.19998964162151,159.697991677434,622.3668542825,795.442954478465,893.228221729973,1003.00482469152,1243.12382462842,2490.58727105377,1.00114073058353
"N[18,9]",658.69068510133,1.45460498325983,110.120071749306,467.324703887248,583.72218788883,652.376046232243,723.582153665322,892.947361562746,5731.16390847231,1.00059558474206
"N[18,10]",66.159302453779,0.222618786591704,14.7278309906902,41.6944324870221,55.9425904867577,64.4634679599303,74.8637988673296,98.9001025146084,4376.77237922917,0.999762249616343
"N[18,11]",81.6972746849329,0.320611364773936,20.5021415723219,48.1010379619639,67.2882237446153,79.6109786148342,93.714489024232,127.487796132942,4089.22145340158,1.00079162931199
"N[18,12]",225.81148684097,0.845670602128818,51.4527065783895,139.544024819513,190.47998368724,220.346050707719,256.309486661282,341.760347493795,3701.80879445627,0.999874065052312
"N[19,1]",478.652505128792,1.23750989703116,78.9095634384735,336.541802856177,425.92624733845,474.732652980509,526.481799039602,648.738557003602,4065.94893132675,0.999924821047081
"N[19,2]",1103.21505198955,2.94675663157801,213.816859303093,751.288841748192,960.720444161923,1082.22068201641,1218.76212394112,1587.11948811661,5264.96335668532,0.999822076151006
"N[19,3]",895.117402280152,3.74567995431923,256.58050210132,484.012124011342,717.640953550055,864.043126068081,1041.45095647984,1479.23697812316,4692.3021286166,0.999940707233047
"N[19,4]",1002.30218125781,2.12109634431185,112.764707796862,807.189476449411,927.723290070019,991.678021106903,1064.34275566084,1251.10624533611,2826.34782169093,1.00045321176609
"N[19,5]",204.939545883055,0.842106744326041,48.3910801651361,129.953099716771,171.620675129871,197.977159735096,230.500284000012,319.097733748448,3302.14653564691,1.00074734356307
"N[19,6]",281.252333234372,1.72061468500278,78.3697924456608,166.180309571524,225.392407634937,269.290748531024,321.8522750623,473.053038389588,2074.57979012725,1.00167052906524
"N[19,7]",3946.90922437872,19.8165370440953,1447.91049321266,1898.94657179714,2971.49379845783,3699.33912505008,4636.91578051872,7583.50946360446,5338.60641645097,1.00072223044074
"N[19,8]",679.955589641269,1.63567707093645,124.075459565156,476.615203098928,595.665950659155,667.872752457471,749.996559703979,956.135683186998,5754.09003984509,0.999637348706465
"N[19,9]",541.969907711421,1.30496124634262,97.3000928868018,380.134133135604,476.567078221352,530.921410670813,597.161759556822,761.116345455025,5559.44298449219,1.0000946509187
"N[19,10]",56.607663080676,0.242762651930387,14.5700645240158,34.0150883697456,46.3706884799778,54.5298031922053,64.7709160514338,90.9114171871399,3602.12852074087,1.00117204070491
"N[19,11]",69.3392704239531,0.240498191259763,18.5775919365648,39.6462708037166,56.3323287418,66.982404552941,79.8351196717712,112.43390825807,5966.98861858803,1.0005956574662
"N[19,12]",194.519498242772,0.58114924316873,46.3681377683868,120.074881069799,162.607467567167,188.832426830728,220.748263915886,302.184616352831,6365.96072955088,0.999830098449547
"sigma_total[1]",0.30888689971365,0.000991305430595435,0.0695505239472017,0.199012844592862,0.258667285929205,0.298586174315105,0.349386145974497,0.470076200477421,4922.50132095713,1.00000663520102
"sigma_total[2]",0.365814106051978,0.00128512810635708,0.0876094829000364,0.23292895877825,0.304278921189626,0.354186494906979,0.411974023064627,0.573975554045262,4647.39289985699,1.00008958513612
"sigma_total[3]",0.531946768265243,0.00132934352006981,0.0863301650545248,0.394836888484694,0.471293022112099,0.521271002429921,0.581962357781741,0.731436462540768,4217.45732328475,1.00017921079231
"sigma_total[4]",0.199795713232475,0.00108699531963877,0.0567543701690812,0.118649445640662,0.15805364193341,0.189617260992642,0.230451604961285,0.334633451015949,2726.10932724106,1.000817151898
"sigma_total[5]",0.420814441354312,0.00112842103855092,0.0692669903058879,0.310274458420615,0.372454014705798,0.412527975081976,0.459056119468093,0.584577460128369,3767.99472439717,0.999696125883809
"sigma_total[6]",0.485758677231708,0.00114034472040807,0.0774169522821126,0.361508422659242,0.430890291190567,0.477140380112426,0.529131020150908,0.663749647876146,4608.92698449291,0.999645744423937
"sigma_total[7]",0.327179521054493,0.000808219484942497,0.0570474882416168,0.234523815189352,0.286940593530543,0.320884196442184,0.360607976058682,0.458938877287797,4982.12273487358,0.999869059965022
"sigma_total[8]",0.361054691239965,0.00079230509396737,0.0625987131658261,0.260940430619149,0.316939803123692,0.354323935851396,0.39765550057241,0.506125348132282,6242.31837150323,1.0002145202115
"sigma_total[9]",0.360408115114548,0.000747977489955526,0.0595615107012434,0.265654806836201,0.31789933653907,0.353107145560649,0.395350094004148,0.496820823297052,6340.95035151258,0.999840067246448
"sigma_total[10]",0.471914171806133,0.00123474330035092,0.0760385091512413,0.352013329103623,0.417805800780836,0.462134543683044,0.514996727882108,0.649424026990129,3792.39730956358,1.00008992224524
"sigma_total[11]",0.523240206235007,0.00127435413279571,0.0848659690972562,0.386049588312015,0.46332871058563,0.513207280590216,0.571974042849599,0.714973152060145,4434.93119333657,0.999998538094096
"sigma_total[12]",0.479582657910506,0.0011716078041239,0.0758280314308495,0.361307987444529,0.425679617083422,0.469565559298028,0.523298333070686,0.650996419501948,4188.85233680167,1.00050780354551
"prop_proc[1]",0.591953680257089,0.00609040611181797,0.154500566674074,0.265532145545519,0.490165324766296,0.600821440155228,0.700619752133805,0.873687786151901,643.528296707478,1.00527171424194
"prop_proc[2]",0.585283548176198,0.00606666690688355,0.152886655703449,0.260596938660505,0.485779429203583,0.59654532867696,0.693987131795702,0.858962973283757,635.095244445256,1.00436255122097
"prop_proc[3]",0.572302029275988,0.00634789164447967,0.151160977095205,0.25850125911095,0.473491255805181,0.579867776979346,0.679413041595109,0.844739406071474,567.048715665834,1.00394978353132
"prop_proc[4]",0.605717887750165,0.00641487271636232,0.153875942872759,0.28541750157713,0.503152031911144,0.614548288619821,0.714803774698915,0.883321977383565,575.394050561753,1.00467642089046
"prop_proc[5]",0.599493339019135,0.00585386674770669,0.145802851964022,0.302213860272726,0.500329133549607,0.603702450619681,0.705263560847952,0.868515838195265,620.363694165946,1.00357664772122
"prop_proc[6]",0.591289015564829,0.00568552803810051,0.145838660401515,0.288131627190997,0.494366687566457,0.598414046023336,0.69392066914096,0.85679942757412,657.966408229218,1.00500641065857
"prop_proc[7]",0.620079261733578,0.00573805297683257,0.144382739090939,0.327722608548314,0.520764514232678,0.626199601638787,0.721834266233417,0.882291714850146,633.142469785862,1.00600874859651
"prop_proc[8]",0.607137226268694,0.00565305650292735,0.145497769368395,0.312757412850598,0.508685943160164,0.612898986327667,0.710607139298921,0.875048047174364,662.439190469469,1.00469258422254
"prop_proc[9]",0.622697015818542,0.00591659108282069,0.146046776769753,0.328376490131641,0.52220526127182,0.628208198135784,0.727603718481853,0.894175504001637,609.313560931931,1.00600752916099
"prop_proc[10]",0.560279726534703,0.00640854814392418,0.159755397695184,0.221496046810283,0.456637047122888,0.570128857343375,0.674120409642409,0.847378105648955,621.429375423752,1.00523455814865
"prop_proc[11]",0.581691170381918,0.00610757752347828,0.150193046275418,0.266200728863594,0.483814981297661,0.590037133522684,0.687207567804497,0.854316014962701,604.730224814689,1.00478728159419
"prop_proc[12]",0.591099779095035,0.00587508808210483,0.146337085437693,0.290466690138773,0.490669292303216,0.597376355290275,0.694481870369654,0.859655201333459,620.411783511673,1.00436619801661
"sigma_rn[1]",0.236208390967804,0.00165643523986666,0.0663303772034179,0.128274045847128,0.18922535763937,0.228370200410439,0.275068208333871,0.390497101845088,1603.52601952362,1.0011753275039
"sigma_rn[2]",0.278065873047244,0.00191787233170372,0.0810570334992354,0.148559616642311,0.222701223011559,0.269169056882952,0.322418653979674,0.469726633668471,1786.24910168027,1.00113908065031
"sigma_rn[3]",0.400799167679253,0.00293364626548603,0.0969485443797961,0.231918041274121,0.333302059787834,0.394092335165776,0.45950490002518,0.607587254664466,1092.11178447636,1.00162168860804
"sigma_rn[4]",0.154434641125228,0.00111595907003986,0.0503028064067046,0.0809577579341867,0.118476887110729,0.146372700758308,0.181286151302266,0.274319495387842,2031.83247614194,1.00007959798791
"sigma_rn[5]",0.324179035214268,0.00220128957498772,0.0727807599469996,0.201597413943514,0.273369514860194,0.318086624615513,0.367011320802401,0.487593082893953,1093.14763199179,1.00173685637892
"sigma_rn[6]",0.371769339542963,0.00253777478276821,0.0839671733964625,0.227840994254489,0.313482633519544,0.364533302097134,0.421722310777278,0.561751590237583,1094.74485346778,1.00198292154636
"sigma_rn[7]",0.256183830530736,0.0015501377820473,0.0572794441341477,0.16102747290229,0.215435035727817,0.250112740909748,0.290411843753488,0.386439338631871,1365.39084400598,1.00158006752681
"sigma_rn[8]",0.279871730659482,0.00164493545094409,0.0640705287584005,0.173556126346301,0.235492486562644,0.273227512151689,0.317855837654356,0.424422786054964,1517.11637312781,1.00260072412883
"sigma_rn[9]",0.282621998637053,0.00156783235197871,0.0603839135361888,0.179922500992738,0.240441878151906,0.276854008815275,0.318372032099137,0.419141498564362,1483.34874883213,1.0029802027825
"sigma_rn[10]",0.351466840495955,0.0029268337505475,0.0889717974723449,0.19417193563594,0.291183653900589,0.346338518892222,0.40540791236715,0.541214065158808,924.077977518737,1.00298798992269
"sigma_rn[11]",0.397670231876546,0.00291689131677923,0.0956401078285566,0.232378965979202,0.331039004585536,0.388997381134375,0.455239283483832,0.607116206206135,1075.07711922325,1.00236834498712
"sigma_rn[12]",0.367309287451754,0.00256575520265222,0.0838173997516553,0.224609199669073,0.307805570457535,0.359338858584967,0.417423781837996,0.551675551539694,1067.1806227035,1.00277178787405
"sigma_wn[1]",0.192304386519682,0.00155717938194461,0.0554412443971628,0.100504366137194,0.154238648288686,0.185740630827563,0.223568677822235,0.317867545775019,1267.61873617466,1.00303870453107
"sigma_wn[2]",0.230165801656062,0.00185411130967942,0.0680352869154082,0.123030437726782,0.182889227155072,0.221221782909609,0.267775566810864,0.386363756557756,1346.47047631019,1.00151759993369
"sigma_wn[3]",0.339219673777361,0.00234921778452261,0.0728868389206177,0.212798286986035,0.289536730131462,0.333713249114706,0.383234171175615,0.499661388621072,962.612885674046,1.00274064215018
"sigma_wn[4]",0.122293585751111,0.00132206688399687,0.0424666832602656,0.0596532430914704,0.0911269576668462,0.115058029998785,0.145906238232163,0.224307408263296,1031.78647859827,1.00444603494514
"sigma_wn[5]",0.260079565682699,0.00189960416053029,0.0620722882648372,0.150724226840616,0.217709024940471,0.255661379274637,0.296024456571477,0.395017973536235,1067.74928002825,1.00160053167312
"sigma_wn[6]",0.30330942587824,0.00198245153182098,0.0685295560167415,0.184660792944472,0.25702964810028,0.29699693772258,0.343402180399276,0.454537280583376,1194.95260366803,1.00313181631113
"sigma_wn[7]",0.196928607215524,0.00154529586366383,0.0510815831233187,0.106145070884369,0.16234826862271,0.193346286548045,0.226870402702911,0.307420769250817,1092.71124586287,1.00383332706563
"sigma_wn[8]",0.22093972065847,0.00165339935057404,0.0550640257109424,0.12512904469588,0.184270077113307,0.216773126264731,0.253084363649414,0.343614793631507,1109.12474133502,1.00173039478782
"sigma_wn[9]",0.216186989415002,0.00182761262819085,0.0564260982959337,0.115154137118497,0.177782186069754,0.212432013640391,0.248981272329494,0.338582624898451,953.216917944633,1.00344703415491
"sigma_wn[10]",0.304584339957284,0.00201997207279769,0.0653403918974229,0.186940559461663,0.260637613502487,0.299943692618257,0.343806283324403,0.449163815673492,1046.3397869616,1.00315770243286
"sigma_wn[11]",0.329605084132126,0.00216360192842792,0.0711024459889272,0.202849608742998,0.281723695521574,0.324315231733837,0.373517672365918,0.481226141482305,1079.97664186789,1.0025989353925
"sigma_wn[12]",0.299077072289289,0.00198565229721992,0.0660438592415889,0.181019649446909,0.254623356765744,0.29418889622943,0.337973876251889,0.440056578970059,1106.26323914206,1.00219692123074
"Omega[1,1]",1,NA,0,1,1,1,1,1,NA,NA
"Omega[1,2]",-0.0245424291712803,0.00289883038115431,0.25649128552873,-0.52868221406672,-0.203853570767277,-0.0245741876755951,0.155557214287837,0.467052428035908,7828.87970423502,1.00000399474013
"Omega[1,3]",0.0656495402540383,0.0043281941919136,0.245766679194203,-0.419650469231342,-0.105301714888065,0.0679270998890061,0.238590782729881,0.52628575631357,3224.27834772634,1.00090991163681
"Omega[1,4]",-0.0658051395350466,0.00324265376264011,0.25103833565017,-0.545979015897284,-0.245758559840555,-0.0647173946759714,0.108000758181111,0.423193066253727,5993.47828224557,0.99992405793519
"Omega[1,5]",0.110210892926944,0.00401177487736256,0.241626645048296,-0.372977830654571,-0.0545564018890709,0.116098670770559,0.280808288112951,0.555740036772556,3627.57615793787,0.999858068961444
"Omega[1,6]",-0.119605515824418,0.00371452076766495,0.238283120848183,-0.562825001281456,-0.288315208293618,-0.127149460386979,0.0416631961295977,0.356683636079938,4115.10553424798,1.00026702941807
"Omega[1,7]",0.074428790345288,0.00356001328106771,0.243624049992418,-0.413519840379265,-0.0962768044967259,0.0793586863942507,0.250379237273048,0.531380008533071,4683.13935192807,1.00005942537255
"Omega[1,8]",-0.0166075106527827,0.0035057785825432,0.239278295567836,-0.474539615036266,-0.186548454185316,-0.0166003583984135,0.150797885643576,0.449179010854096,4658.4093189211,0.999726982811139
"Omega[1,9]",0.0420769943945028,0.0032189022485789,0.227561197404685,-0.400882883840753,-0.114416123842654,0.0458554378864758,0.201176833533027,0.483820707614453,4997.82268670078,0.9996856703536
"Omega[1,10]",0.0962418507589124,0.00383211109268188,0.249494689166973,-0.406331330548024,-0.0722467047625362,0.106024083016697,0.275557068040685,0.543737494345083,4238.8341982593,1.00082752061628
"Omega[1,11]",0.0308907996591773,0.00400757785692122,0.248171068418083,-0.446370135280701,-0.143330829934022,0.0333026383849159,0.202349718289874,0.502993612974003,3834.7615498709,1.00087387554598
"Omega[1,12]",0.054572803412735,0.00374756977677785,0.248100926971567,-0.436029686811655,-0.117381214957514,0.0540632474801377,0.230381619434549,0.524215973154844,4382.85717252713,1.00057385172968
"Omega[2,1]",-0.0245424291712803,0.00289883038115431,0.25649128552873,-0.52868221406672,-0.203853570767277,-0.0245741876755951,0.155557214287837,0.467052428035908,7828.87970423502,1.00000399474013
"Omega[2,2]",1,1.2058147104102e-18,9.2006689978323e-17,1,1,1,1,1,5822.07315621289,0.999499874937461
"Omega[2,3]",-0.0574186146934279,0.00411193501368278,0.249742312669823,-0.534766103634946,-0.230841161381601,-0.063159820705401,0.112967084980686,0.437532426672197,3688.85660540512,0.999577222924173
"Omega[2,4]",-0.0238960248645816,0.00386166995227536,0.248377709845356,-0.502969554772685,-0.202596991798316,-0.0210789288562725,0.150919372533677,0.446028629393454,4136.89912327871,1.0008639061561
"Omega[2,5]",0.05307675014887,0.00488167143938688,0.253490517300199,-0.440735585632496,-0.122456475923969,0.0575241637193857,0.231419309673996,0.528928583348343,2696.41257306472,1.00080990982542
"Omega[2,6]",0.0812382517659069,0.00393435635567059,0.23776703636596,-0.385861209896308,-0.0853568768032987,0.0835206311314768,0.252351785167195,0.528287341292274,3652.21134903112,1.00080918334279
"Omega[2,7]",0.0215776763436729,0.00438714036937431,0.249405068456648,-0.464515093821195,-0.153842184395471,0.0238582373384436,0.195003564034325,0.503059547494569,3231.82242251864,1.00083744576592
"Omega[2,8]",0.104885995701456,0.00395021905752561,0.246365680044595,-0.381413566309126,-0.0656213176449796,0.107876102650993,0.283070817383654,0.559980164631469,3889.71746510529,1.00016867876214
"Omega[2,9]",0.168744406734592,0.00419136974841378,0.242589827463358,-0.318659045486386,0.00239919804401009,0.180364731819838,0.346497723770904,0.611488887470973,3349.91063972435,1.00025443703533
"Omega[2,10]",-0.056572753419821,0.00376073262961912,0.254649260041584,-0.543128942242262,-0.240173518123105,-0.0584985523104445,0.120755961516779,0.447009634227323,4585.00612988107,1.00037992887773
"Omega[2,11]",-0.0525194334874928,0.00410202640928176,0.255359537204969,-0.542553878084711,-0.230265250332029,-0.0564334916271609,0.126911114134946,0.452361569388007,3875.31724578979,1.00018498114057
"Omega[2,12]",-0.068768121893586,0.00405326769969793,0.241311860685851,-0.543055428357393,-0.243284264066463,-0.0685921502133066,0.103943074995187,0.395391136571186,3544.43291617202,1.00000361159713
"Omega[3,1]",0.0656495402540383,0.0043281941919136,0.245766679194203,-0.419650469231342,-0.105301714888065,0.0679270998890061,0.238590782729881,0.52628575631357,3224.27834772634,1.00090991163681
"Omega[3,2]",-0.0574186146934279,0.00411193501368278,0.249742312669823,-0.534766103634946,-0.230841161381601,-0.063159820705401,0.112967084980686,0.437532426672197,3688.85660540512,0.999577222924173
"Omega[3,3]",1,1.15495352180244e-18,8.81751815836327e-17,1,1,1,1,1,5828.59273211124,0.999499874937461
"Omega[3,4]",0.145493442948501,0.00347305142048536,0.233725908411357,-0.326773667156344,-0.0157897027510519,0.153901885113865,0.308451521988217,0.571229259771109,4528.88492884348,1.00027442796016
"Omega[3,5]",0.106179896167589,0.00303186644049423,0.222027283414438,-0.332900145755112,-0.0435963108539632,0.107208566304419,0.261434892874214,0.522722838100649,5362.81182905703,0.999861614210139
"Omega[3,6]",0.0820594968202003,0.00307243409876367,0.222774794743147,-0.353287112756817,-0.0707672291958331,0.0897546220441957,0.236239246620721,0.511465761135493,5257.35074014095,0.99963864542656
"Omega[3,7]",0.0345205938122908,0.00302168900184956,0.224197237342093,-0.403238279164747,-0.121316100867796,0.0376938431807318,0.193529162304205,0.456391185767174,5505.04642389982,1.0002039819066
"Omega[3,8]",-0.0763604965226636,0.00308754913366352,0.226905107078143,-0.507027260773877,-0.235167364027445,-0.0740051302790874,0.0794884916299995,0.367307363791935,5400.83347600184,0.999864319607958
"Omega[3,9]",-0.0585739538647055,0.00288836675625891,0.220441334353603,-0.488237804042204,-0.211560374215165,-0.0594705677007707,0.0912771184849978,0.372535705881496,5824.80494481188,0.999664929564329
"Omega[3,10]",0.269826795843909,0.00430685390756838,0.234633526946711,-0.239373288498226,0.11732158163819,0.291227647106585,0.439499207287494,0.670685905032863,2967.97239324914,1.00033601790407
"Omega[3,11]",-0.203746626456458,0.00317920995427239,0.224670375974086,-0.608939021864386,-0.367530085404698,-0.211789014266604,-0.0537951287907183,0.263068370318094,4994.05366667053,1.00020102595558
"Omega[3,12]",0.127700119864555,0.00299677311723346,0.22328936347457,-0.331451570696853,-0.0223479184419209,0.133535794502565,0.291293162293065,0.538848373999291,5551.73008052278,0.999750659220211
"Omega[4,1]",-0.0658051395350466,0.00324265376264011,0.25103833565017,-0.545979015897284,-0.245758559840555,-0.0647173946759714,0.108000758181111,0.423193066253727,5993.47828224557,0.99992405793519
"Omega[4,2]",-0.0238960248645816,0.00386166995227536,0.248377709845356,-0.502969554772685,-0.202596991798316,-0.0210789288562725,0.150919372533677,0.446028629393454,4136.89912327871,1.0008639061561
"Omega[4,3]",0.145493442948501,0.00347305142048536,0.233725908411357,-0.326773667156344,-0.0157897027510519,0.153901885113865,0.308451521988217,0.571229259771109,4528.88492884348,1.00027442796016
"Omega[4,4]",1,1.40446894266611e-18,9.30834774246999e-17,1,1,1,1,1,4392.59253028232,0.999499874937461
"Omega[4,5]",0.0277424017330272,0.00352059164533468,0.236528049815067,-0.428887742788925,-0.135031336365646,0.0267191424388509,0.194809846554294,0.483522417584964,4513.71354642983,1.00032275896475
"Omega[4,6]",0.232938366918198,0.00428373701230217,0.237639017129876,-0.263845013268966,0.0697587945871676,0.250427393704527,0.403365646957479,0.656120653782114,3077.44211977088,1.00067607416352
"Omega[4,7]",0.084159089136747,0.00371626668250263,0.240750493749748,-0.394523574517279,-0.0825671930379637,0.0852527632209819,0.257102600521958,0.531884749518912,4196.82276864483,0.999776035862586
"Omega[4,8]",-0.0451111136791571,0.00301571112662449,0.230204679115676,-0.48906598556124,-0.206901215986631,-0.0474455311637663,0.114365515930807,0.400170806555526,5827.05096962422,0.999983111575856
"Omega[4,9]",-0.0637475817187142,0.00288232128804878,0.228968770508552,-0.497954464427448,-0.221631042980819,-0.0717000045185882,0.0972566349484401,0.384016974340105,6310.55746094038,1.00046982313928
"Omega[4,10]",0.10704282766376,0.00409757316940496,0.248403678564111,-0.385173744476191,-0.0648190764116944,0.11416978523709,0.281734305683578,0.572422780767535,3675.04457507485,0.999982988041393
"Omega[4,11]",-0.0586945129936776,0.00366918146462979,0.238928769590471,-0.523783124887029,-0.218706566298236,-0.0590964102400654,0.10457965648291,0.416386296312382,4240.31881912115,1.00073011856356
"Omega[4,12]",0.086349532515868,0.00353366837598558,0.24156529195855,-0.403872125455222,-0.0815939446669696,0.0930615633539831,0.258509177652845,0.540179889203372,4673.23359912628,1.00065096600697
"Omega[5,1]",0.110210892926944,0.00401177487736256,0.241626645048296,-0.372977830654571,-0.0545564018890709,0.116098670770559,0.280808288112951,0.555740036772556,3627.57615793787,0.999858068961444
"Omega[5,2]",0.05307675014887,0.00488167143938688,0.253490517300199,-0.440735585632496,-0.122456475923969,0.0575241637193857,0.231419309673996,0.528928583348343,2696.41257306472,1.00080990982542
"Omega[5,3]",0.106179896167589,0.00303186644049423,0.222027283414438,-0.332900145755112,-0.0435963108539632,0.107208566304419,0.261434892874214,0.522722838100649,5362.81182905703,0.999861614210139
"Omega[5,4]",0.0277424017330272,0.00352059164533468,0.236528049815067,-0.428887742788925,-0.135031336365646,0.0267191424388509,0.194809846554294,0.483522417584964,4513.71354642983,1.00032275896475
"Omega[5,5]",1,1.35232666727384e-18,8.14651872346957e-17,1,1,1,1,1,3628.94925712923,0.999499874937461
"Omega[5,6]",0.0756543763962243,0.00301407451159762,0.220163831557932,-0.34672089825225,-0.0770961327541837,0.0741585435443866,0.231055131106205,0.490661481082687,5335.60880637263,1.00026471076673
"Omega[5,7]",0.210560405803009,0.00291768945476452,0.210948625268689,-0.226484488340943,0.0686405193150358,0.218444687761261,0.363318700593746,0.600217828518278,5227.27402636582,0.999922417318099
"Omega[5,8]",0.0497597894357515,0.00292496824601495,0.222277766161155,-0.404526448700148,-0.0982850197114399,0.0534773782589772,0.205579223650023,0.471308218023964,5774.97004449093,0.999752347270233
"Omega[5,9]",0.0679175078265444,0.00313535718971938,0.216652289830926,-0.370421239091151,-0.0812051286719793,0.0740326392507532,0.220077606634117,0.4725957575561,4774.77068352255,1.00008115998783
"Omega[5,10]",0.0823936514033514,0.00319221825355053,0.230902821709668,-0.375506243946822,-0.0737234817838807,0.0884674222267056,0.24514906004282,0.516120723909198,5232.06736534607,0.999922885956255
"Omega[5,11]",-0.158275313303126,0.00304399991182599,0.214832880672431,-0.555741356177125,-0.31128420840728,-0.163064775015552,-0.0124305153125019,0.277394496717695,4980.95057982332,1.00108088194066
"Omega[5,12]",0.164937347211828,0.00274589978624159,0.215850889792602,-0.275214964870526,0.0185418483150902,0.171587152571631,0.321357305506943,0.567440784119013,6179.2863353779,0.999887433281242
"Omega[6,1]",-0.119605515824418,0.00371452076766495,0.238283120848183,-0.562825001281456,-0.288315208293618,-0.127149460386979,0.0416631961295977,0.356683636079938,4115.10553424798,1.00026702941807
"Omega[6,2]",0.0812382517659069,0.00393435635567059,0.23776703636596,-0.385861209896308,-0.0853568768032987,0.0835206311314768,0.252351785167195,0.528287341292274,3652.21134903112,1.00080918334279
"Omega[6,3]",0.0820594968202003,0.00307243409876367,0.222774794743147,-0.353287112756817,-0.0707672291958331,0.0897546220441957,0.236239246620721,0.511465761135493,5257.35074014095,0.99963864542656
"Omega[6,4]",0.232938366918198,0.00428373701230217,0.237639017129876,-0.263845013268966,0.0697587945871676,0.250427393704527,0.403365646957479,0.656120653782114,3077.44211977088,1.00067607416352
"Omega[6,5]",0.0756543763962243,0.00301407451159762,0.220163831557932,-0.34672089825225,-0.0770961327541837,0.0741585435443866,0.231055131106205,0.490661481082687,5335.60880637263,1.00026471076673
"Omega[6,6]",1,1.53881396098249e-18,8.93901714830163e-17,1,1,1,1,1,3374.483470915,0.999499874937461
"Omega[6,7]",0.194810877692775,0.00294180764390615,0.21883579220622,-0.244191097609833,0.0454026510314107,0.202475121082591,0.353466580361931,0.601246335641936,5533.60515037557,0.999917217138412
"Omega[6,8]",0.108528341975419,0.00290484688770489,0.219214538861462,-0.321291533809484,-0.0445563237970548,0.11125581341384,0.262987328445036,0.530464592376655,5694.98017473139,0.999874505982598
"Omega[6,9]",0.121930329572021,0.0029765246188755,0.213761406601612,-0.321529690417778,-0.0232110119843211,0.130292563766605,0.274401867706359,0.512861797967726,5157.50478079157,0.999764071733269
"Omega[6,10]",-0.0215589692756806,0.00341538330734814,0.228382450070572,-0.465307147696644,-0.183045171521842,-0.019675413725673,0.139591864959193,0.416413579537329,4471.43119642679,0.999600064912354
"Omega[6,11]",-0.11670340050496,0.00311521179950335,0.21767973992249,-0.527769249040372,-0.270452240261652,-0.118452436213228,0.0329543551703537,0.317922317835176,4882.70921942177,1.00010226936978
"Omega[6,12]",0.0343535101425973,0.00305442376200982,0.216578264987191,-0.384361430076632,-0.115170663845489,0.0331464377396502,0.185492933168509,0.45434427787967,5027.72090143842,0.999828493225883
"Omega[7,1]",0.074428790345288,0.00356001328106771,0.243624049992418,-0.413519840379265,-0.0962768044967259,0.0793586863942507,0.250379237273048,0.531380008533071,4683.13935192807,1.00005942537255
"Omega[7,2]",0.0215776763436729,0.00438714036937431,0.249405068456648,-0.464515093821195,-0.153842184395471,0.0238582373384436,0.195003564034325,0.503059547494569,3231.82242251864,1.00083744576592
"Omega[7,3]",0.0345205938122908,0.00302168900184956,0.224197237342093,-0.403238279164747,-0.121316100867796,0.0376938431807318,0.193529162304205,0.456391185767174,5505.04642389982,1.0002039819066
"Omega[7,4]",0.084159089136747,0.00371626668250263,0.240750493749748,-0.394523574517279,-0.0825671930379637,0.0852527632209819,0.257102600521958,0.531884749518912,4196.82276864483,0.999776035862586
"Omega[7,5]",0.210560405803009,0.00291768945476452,0.210948625268689,-0.226484488340943,0.0686405193150358,0.218444687761261,0.363318700593746,0.600217828518278,5227.27402636582,0.999922417318099
"Omega[7,6]",0.194810877692775,0.00294180764390615,0.21883579220622,-0.244191097609833,0.0454026510314107,0.202475121082591,0.353466580361931,0.601246335641936,5533.60515037557,0.999917217138412
"Omega[7,7]",1,1.19645652921143e-18,7.78937338501803e-17,1,1,1,1,1,4238.49032906797,0.999499874937461
"Omega[7,8]",0.168785900160674,0.00312642971951109,0.222814074403401,-0.272213837550723,0.0132322050106809,0.172326076476189,0.32823879727295,0.58326610286238,5079.11328757761,1.00049127615991
"Omega[7,9]",0.12279442608083,0.0031605513235919,0.218472319269843,-0.308294185632129,-0.0311088836876435,0.128984913237397,0.280085248191948,0.519978633592856,4778.2310260108,0.999892605261176
"Omega[7,10]",-0.0348534366666747,0.00315929821880052,0.22501623311012,-0.471850414122105,-0.190521652365244,-0.0328250942768779,0.119147261430766,0.402179813628998,5072.78498745985,1.0000272891623
"Omega[7,11]",0.0271036110939325,0.00292586259910654,0.218040060213744,-0.403697325220311,-0.125843374156607,0.0318711146843449,0.175347700295699,0.446085869517048,5553.47385603265,1.00039089268809
"Omega[7,12]",0.153221289013994,0.0028965323063567,0.210920407612848,-0.265876144150789,0.00922138166577591,0.158742228703551,0.301868527005927,0.544385496144025,5302.49723115806,1.00011295082456
"Omega[8,1]",-0.0166075106527827,0.0035057785825432,0.239278295567836,-0.474539615036266,-0.186548454185316,-0.0166003583984135,0.150797885643576,0.449179010854096,4658.4093189211,0.999726982811139
"Omega[8,2]",0.104885995701456,0.00395021905752561,0.246365680044595,-0.381413566309126,-0.0656213176449796,0.107876102650993,0.283070817383654,0.559980164631469,3889.71746510529,1.00016867876214
"Omega[8,3]",-0.0763604965226636,0.00308754913366352,0.226905107078143,-0.507027260773877,-0.235167364027445,-0.0740051302790874,0.0794884916299995,0.367307363791935,5400.83347600184,0.999864319607958
"Omega[8,4]",-0.0451111136791571,0.00301571112662449,0.230204679115676,-0.48906598556124,-0.206901215986631,-0.0474455311637663,0.114365515930807,0.400170806555526,5827.05096962422,0.999983111575856
"Omega[8,5]",0.0497597894357515,0.00292496824601495,0.222277766161155,-0.404526448700148,-0.0982850197114399,0.0534773782589772,0.205579223650023,0.471308218023964,5774.97004449093,0.999752347270233
"Omega[8,6]",0.108528341975419,0.00290484688770489,0.219214538861462,-0.321291533809484,-0.0445563237970548,0.11125581341384,0.262987328445036,0.530464592376655,5694.98017473139,0.999874505982598
"Omega[8,7]",0.168785900160674,0.00312642971951109,0.222814074403401,-0.272213837550723,0.0132322050106809,0.172326076476189,0.32823879727295,0.58326610286238,5079.11328757761,1.00049127615991
"Omega[8,8]",1,1.66741504223566e-18,9.07248526085498e-17,1,1,1,1,1,2960.50032086177,0.999499874937461
"Omega[8,9]",0.327003420742781,0.00348553334290024,0.214581126582911,-0.137677011126412,0.189409366409778,0.342596805029669,0.480573410231621,0.697660868364004,3790.04667990188,1.00129566581562
"Omega[8,10]",-0.159794736746342,0.00362237158902179,0.231279223993416,-0.588362828651872,-0.324584244820963,-0.167359376311264,-0.00128297466689796,0.30637642714149,4076.49810820152,1.00144796179824
"Omega[8,11]",0.0420619130489238,0.00311915224755605,0.22630191296208,-0.388058505777564,-0.114210389618321,0.0421883719120748,0.193360295590699,0.496585608723664,5263.84755614581,0.999871898958316
"Omega[8,12]",-0.0559388278170696,0.00347619228233355,0.229390050900452,-0.496724119352514,-0.215621545937871,-0.0573633082141963,0.100639688885217,0.384878525890086,4354.53287306491,1.00032096712764
"Omega[9,1]",0.0420769943945028,0.0032189022485789,0.227561197404685,-0.400882883840753,-0.114416123842654,0.0458554378864758,0.201176833533027,0.483820707614453,4997.82268670078,0.9996856703536
"Omega[9,2]",0.168744406734592,0.00419136974841378,0.242589827463358,-0.318659045486386,0.00239919804401009,0.180364731819838,0.346497723770904,0.611488887470973,3349.91063972435,1.00025443703533
"Omega[9,3]",-0.0585739538647055,0.00288836675625891,0.220441334353603,-0.488237804042204,-0.211560374215165,-0.0594705677007707,0.0912771184849978,0.372535705881496,5824.80494481188,0.999664929564329
"Omega[9,4]",-0.0637475817187142,0.00288232128804878,0.228968770508552,-0.497954464427448,-0.221631042980819,-0.0717000045185882,0.0972566349484401,0.384016974340105,6310.55746094038,1.00046982313928
"Omega[9,5]",0.0679175078265444,0.00313535718971938,0.216652289830926,-0.370421239091151,-0.0812051286719793,0.0740326392507532,0.220077606634117,0.4725957575561,4774.77068352255,1.00008115998783
"Omega[9,6]",0.121930329572021,0.0029765246188755,0.213761406601612,-0.321529690417778,-0.0232110119843211,0.130292563766605,0.274401867706359,0.512861797967726,5157.50478079157,0.999764071733269
"Omega[9,7]",0.12279442608083,0.0031605513235919,0.218472319269843,-0.308294185632129,-0.0311088836876435,0.128984913237397,0.280085248191948,0.519978633592856,4778.2310260108,0.999892605261176
"Omega[9,8]",0.327003420742781,0.00348553334290024,0.214581126582911,-0.137677011126412,0.189409366409778,0.342596805029669,0.480573410231621,0.697660868364004,3790.04667990188,1.00129566581562
"Omega[9,9]",1,1.4568882192472e-18,8.10479654061047e-17,1,1,1,1,1,3094.7941762998,0.999499874937461
"Omega[9,10]",-0.0637700423221009,0.00319268412227541,0.228206756822143,-0.509831507892308,-0.223213430036888,-0.062084866476696,0.091884870833739,0.375528615609745,5109.1081166934,1.00018679607559
"Omega[9,11]",-0.0538196159676888,0.00375626703833592,0.219840842330083,-0.461759010125717,-0.208827262296277,-0.058571607087532,0.0916222436959554,0.386343863032361,3425.3412151588,0.9997310226054
"Omega[9,12]",-0.193852247045496,0.00327632626574641,0.218995973402142,-0.594715930859725,-0.351250071681674,-0.201657860583799,-0.0485235168853013,0.250607058580548,4467.84370772266,0.999762122249665
"Omega[10,1]",0.0962418507589124,0.00383211109268188,0.249494689166973,-0.406331330548024,-0.0722467047625362,0.106024083016697,0.275557068040685,0.543737494345083,4238.8341982593,1.00082752061628
"Omega[10,2]",-0.056572753419821,0.00376073262961912,0.254649260041584,-0.543128942242262,-0.240173518123105,-0.0584985523104445,0.120755961516779,0.447009634227323,4585.00612988107,1.00037992887773
"Omega[10,3]",0.269826795843909,0.00430685390756838,0.234633526946711,-0.239373288498226,0.11732158163819,0.291227647106585,0.439499207287494,0.670685905032863,2967.97239324914,1.00033601790407
"Omega[10,4]",0.10704282766376,0.00409757316940496,0.248403678564111,-0.385173744476191,-0.0648190764116944,0.11416978523709,0.281734305683578,0.572422780767535,3675.04457507485,0.999982988041393
"Omega[10,5]",0.0823936514033514,0.00319221825355053,0.230902821709668,-0.375506243946822,-0.0737234817838807,0.0884674222267056,0.24514906004282,0.516120723909198,5232.06736534607,0.999922885956255
"Omega[10,6]",-0.0215589692756806,0.00341538330734814,0.228382450070572,-0.465307147696644,-0.183045171521842,-0.019675413725673,0.139591864959193,0.416413579537329,4471.43119642679,0.999600064912354
"Omega[10,7]",-0.0348534366666747,0.00315929821880052,0.22501623311012,-0.471850414122105,-0.190521652365244,-0.0328250942768779,0.119147261430766,0.402179813628998,5072.78498745985,1.0000272891623
"Omega[10,8]",-0.159794736746342,0.00362237158902179,0.231279223993416,-0.588362828651872,-0.324584244820963,-0.167359376311264,-0.00128297466689796,0.30637642714149,4076.49810820152,1.00144796179824
"Omega[10,9]",-0.0637700423221009,0.00319268412227541,0.228206756822143,-0.509831507892308,-0.223213430036888,-0.062084866476696,0.091884870833739,0.375528615609745,5109.1081166934,1.00018679607559
"Omega[10,10]",1,1.8612329465688e-18,8.72616672156408e-17,1,1,1,1,1,2198.09039992739,0.999499874937461
"Omega[10,11]",-0.107729303070666,0.00347341639063398,0.231014488704355,-0.543301811654298,-0.266425379615427,-0.111275707046584,0.0479358203986051,0.349369611561259,4423.48683157283,1.00016100589255
"Omega[10,12]",0.082275847380121,0.00351089895683984,0.230671925013349,-0.38493835852925,-0.0716079810951035,0.0917962808521147,0.244055071764492,0.512943229066934,4316.70945380286,1.00021344444976
"Omega[11,1]",0.0308907996591773,0.00400757785692122,0.248171068418083,-0.446370135280701,-0.143330829934022,0.0333026383849159,0.202349718289874,0.502993612974003,3834.7615498709,1.00087387554598
"Omega[11,2]",-0.0525194334874928,0.00410202640928176,0.255359537204969,-0.542553878084711,-0.230265250332029,-0.0564334916271609,0.126911114134946,0.452361569388007,3875.31724578979,1.00018498114057
"Omega[11,3]",-0.203746626456458,0.00317920995427239,0.224670375974086,-0.608939021864386,-0.367530085404698,-0.211789014266604,-0.0537951287907183,0.263068370318094,4994.05366667053,1.00020102595558
"Omega[11,4]",-0.0586945129936776,0.00366918146462979,0.238928769590471,-0.523783124887029,-0.218706566298236,-0.0590964102400654,0.10457965648291,0.416386296312382,4240.31881912115,1.00073011856356
"Omega[11,5]",-0.158275313303126,0.00304399991182599,0.214832880672431,-0.555741356177125,-0.31128420840728,-0.163064775015552,-0.0124305153125019,0.277394496717695,4980.95057982332,1.00108088194066
"Omega[11,6]",-0.11670340050496,0.00311521179950335,0.21767973992249,-0.527769249040372,-0.270452240261652,-0.118452436213228,0.0329543551703537,0.317922317835176,4882.70921942177,1.00010226936978
"Omega[11,7]",0.0271036110939325,0.00292586259910654,0.218040060213744,-0.403697325220311,-0.125843374156607,0.0318711146843449,0.175347700295699,0.446085869517048,5553.47385603265,1.00039089268809
"Omega[11,8]",0.0420619130489238,0.00311915224755605,0.22630191296208,-0.388058505777564,-0.114210389618321,0.0421883719120748,0.193360295590699,0.496585608723664,5263.84755614581,0.999871898958316
"Omega[11,9]",-0.0538196159676888,0.00375626703833592,0.219840842330083,-0.461759010125717,-0.208827262296277,-0.058571607087532,0.0916222436959554,0.386343863032361,3425.3412151588,0.9997310226054
"Omega[11,10]",-0.107729303070666,0.00347341639063398,0.231014488704355,-0.543301811654298,-0.266425379615427,-0.111275707046584,0.0479358203986051,0.349369611561259,4423.48683157283,1.00016100589255
"Omega[11,11]",1,1.75958365542367e-18,9.25521999683435e-17,1,1,1,1,1,2766.64638776149,0.999499874937461
"Omega[11,12]",0.0153730339391159,0.00325270947311599,0.220991716191134,-0.414022785845325,-0.135878237017223,0.016367333656053,0.168108510366675,0.439982837302519,4615.95365898454,0.999957233552393
"Omega[12,1]",0.054572803412735,0.00374756977677785,0.248100926971567,-0.436029686811655,-0.117381214957514,0.0540632474801377,0.230381619434549,0.524215973154844,4382.85717252713,1.00057385172968
"Omega[12,2]",-0.068768121893586,0.00405326769969793,0.241311860685851,-0.543055428357393,-0.243284264066463,-0.0685921502133066,0.103943074995187,0.395391136571186,3544.43291617202,1.00000361159713
"Omega[12,3]",0.127700119864555,0.00299677311723346,0.22328936347457,-0.331451570696853,-0.0223479184419209,0.133535794502565,0.291293162293065,0.538848373999291,5551.73008052278,0.999750659220211
"Omega[12,4]",0.086349532515868,0.00353366837598558,0.24156529195855,-0.403872125455222,-0.0815939446669696,0.0930615633539831,0.258509177652845,0.540179889203372,4673.23359912628,1.00065096600697
"Omega[12,5]",0.164937347211828,0.00274589978624159,0.215850889792602,-0.275214964870526,0.0185418483150902,0.171587152571631,0.321357305506943,0.567440784119013,6179.2863353779,0.999887433281242
"Omega[12,6]",0.0343535101425973,0.00305442376200982,0.216578264987191,-0.384361430076632,-0.115170663845489,0.0331464377396502,0.185492933168509,0.45434427787967,5027.72090143842,0.999828493225883
"Omega[12,7]",0.153221289013994,0.0028965323063567,0.210920407612848,-0.265876144150789,0.00922138166577591,0.158742228703551,0.301868527005927,0.544385496144025,5302.49723115806,1.00011295082456
"Omega[12,8]",-0.0559388278170696,0.00347619228233355,0.229390050900452,-0.496724119352514,-0.215621545937871,-0.0573633082141963,0.100639688885217,0.384878525890086,4354.53287306491,1.00032096712764
"Omega[12,9]",-0.193852247045496,0.00327632626574641,0.218995973402142,-0.594715930859725,-0.351250071681674,-0.201657860583799,-0.0485235168853013,0.250607058580548,4467.84370772266,0.999762122249665
"Omega[12,10]",0.082275847380121,0.00351089895683984,0.230671925013349,-0.38493835852925,-0.0716079810951035,0.0917962808521147,0.244055071764492,0.512943229066934,4316.70945380286,1.00021344444976
"Omega[12,11]",0.0153730339391159,0.00325270947311599,0.220991716191134,-0.414022785845325,-0.135878237017223,0.016367333656053,0.168108510366675,0.439982837302519,4615.95365898454,0.999957233552393
"Omega[12,12]",1,2.85617823382583e-18,9.2596589515245e-17,1,1,1,1,1,1051.04030854543,0.999499874937461
"Sigma[1,1]",0.0601933896170567,0.00085633062705709,0.0350993195123397,0.0164542312387747,0.0358062363890786,0.0521529487104828,0.0756625192879801,0.152487991389855,1680.01995120973,1.00105680044754
"Sigma[1,2]",-0.0015516161983763,0.000224842929378344,0.0188981424358107,-0.0407100975596786,-0.0120289755890157,-0.0013083265690075,0.0088898585825162,0.0362491624836129,7064.47294332645,1.00012309724849
"Sigma[1,3]",0.00706622684056618,0.000518764419465996,0.026463647311446,-0.0440464306171805,-0.00863676330000122,0.00570105489038628,0.0213039673906056,0.0643367891477736,2602.31003829782,1.00092261269748
"Sigma[1,4]",-0.00233719040999841,0.000147260156710281,0.0108219403024775,-0.0259696252416563,-0.00772002661969269,-0.00197774109395363,0.00338761906126031,0.0189182084544504,5400.57188472607,0.999766301972896
"Sigma[1,5]",0.0087287100173634,0.000389717191477359,0.0209133430177056,-0.031445072973247,-0.00382033867093375,0.00759080335463015,0.0206586875523544,0.0546253398543261,2879.70362619058,1.00047068697164
"Sigma[1,6]",-0.0108016135189071,0.000412969241045066,0.023796579980953,-0.0617511809738729,-0.0235540479767343,-0.00963911666679259,0.00313883970379855,0.0348724613381286,3320.42503235901,1.0005725716922
"Sigma[1,7]",0.00442179545111571,0.00025600409418688,0.0166286283497569,-0.0291852537693039,-0.00510728528244966,0.00414466927261109,0.0139404769473997,0.0390550309122571,4219.09235477152,1.00009726513484
"Sigma[1,8]",-0.00147899687256603,0.000265641709619122,0.0178521256953245,-0.0403872347030692,-0.0111598032143963,-0.000920585250292048,0.0087954056776844,0.033670206892715,4516.34738005197,0.999781603184023
"Sigma[1,9]",0.00284164125371785,0.000250692470119202,0.0171171886932334,-0.0308637717779162,-0.00686962553857106,0.00254110422166504,0.0122698596141956,0.0384524667251246,4662.10764943942,0.999859812291133
"Sigma[1,10]",0.00883593101805829,0.0004115047662188,0.0233363386764662,-0.0355928186091783,-0.00494786496134514,0.0076403078577199,0.0219144830533136,0.0588869343687692,3215.99747055978,1.00202452975011
"Sigma[1,11]",0.00230191789724981,0.000433235794449789,0.0263269324820202,-0.0519341152746039,-0.0121981328443691,0.00256295110863225,0.0172155893422276,0.0569573315725484,3692.76657869389,1.00049397510224
"Sigma[1,12]",0.00479799412523465,0.000387116780693353,0.0241385784380464,-0.04337601636166,-0.00898522459286761,0.00407392929725433,0.0184234765960963,0.0549836175788159,3888.11753980147,1.00102027284965
"Sigma[2,1]",-0.0015516161983763,0.000224842929378344,0.0188981424358107,-0.0407100975596786,-0.0120289755890157,-0.0013083265690075,0.0088898585825162,0.0362491624836129,7064.47294332645,1.00012309724849
"Sigma[2,2]",0.0838897773927754,0.00120016729816693,0.0528467918965218,0.0220699605655011,0.0495958347975392,0.0724519814449529,0.103953788435577,0.220643123191243,1938.89226666265,1.00076839588957
"Sigma[2,3]",-0.0064004737336734,0.00053762477180284,0.0311888525130755,-0.0737104568125518,-0.0233164771035687,-0.00559614601128631,0.0111151477412398,0.0561981643090298,3365.42759091039,0.999788819248343
"Sigma[2,4]",-0.0010092000522771,0.000196711788688026,0.0121828378918582,-0.0264090024555766,-0.00739082156855843,-0.000833382914655459,0.00552225100393382,0.0237203326864133,3835.62513561007,1.00020555694651
"Sigma[2,5]",0.00563177186335867,0.000495425535649139,0.0255741145685758,-0.0431523396403986,-0.00980764847179755,0.00445338557271877,0.0200664167592774,0.0596354942256245,2664.67616728882,1.0010477909245
"Sigma[2,6]",0.00831094286584182,0.000449321100136577,0.0274902312139102,-0.0450170872388287,-0.00767591066732688,0.00744597853014488,0.0239671320842301,0.0651060518528608,3743.20108527929,1.00104779234473
"Sigma[2,7]",0.00174415172129137,0.000349555887192846,0.0197571219985879,-0.0380904477079151,-0.00948309968225347,0.00136212462978931,0.0128182965116669,0.0431558382085623,3194.58259682557,1.00068839013029
"Sigma[2,8]",0.0082820865241902,0.000380210535086924,0.0217197835058767,-0.0341649246934919,-0.00424273457995637,0.00721202950879671,0.0202963755838837,0.0526291646166937,3263.34275830636,0.999843474421067
"Sigma[2,9]",0.0135497433163732,0.000402283285147177,0.0215072815197549,-0.0265931787669277,0.000171887811778044,0.0122635967228829,0.0260063465076066,0.0599937345260695,2858.29509234635,1.00002570105047
"Sigma[2,10]",-0.0053815847682132,0.000422631979075313,0.0281143169693473,-0.061438533300963,-0.0212787761763724,-0.00473201543320239,0.0103370180371307,0.0507039841824507,4425.1741095679,1.00046780760132
"Sigma[2,11]",-0.00641240761702786,0.000529565367747883,0.0317773820460394,-0.0730215518828099,-0.0239670362435622,-0.00533691338501146,0.0123748602531422,0.0562367302235636,3600.78407760679,1.00039299505158
"Sigma[2,12]",-0.00631846020224045,0.000433644037077332,0.027129542189558,-0.0621285162785938,-0.0221503312699878,-0.0058556571786734,0.00964176724098373,0.0484890001436757,3913.97612737496,0.99997729275971
"Sigma[3,1]",0.00706622684056618,0.000518764419465996,0.026463647311446,-0.0440464306171805,-0.00863676330000122,0.00570105489038628,0.0213039673906056,0.0643367891477736,2602.31003829782,1.00092261269748
"Sigma[3,2]",-0.0064004737336734,0.00053762477180284,0.0311888525130755,-0.0737104568125518,-0.0233164771035687,-0.00559614601128631,0.0111151477412398,0.0561981643090298,3365.42759091039,0.999788819248343
"Sigma[3,3]",0.170037426566367,0.0024340782439414,0.0834130919183538,0.0537859817605036,0.111090264471485,0.155308768872722,0.211144754695289,0.369162272876572,1174.35491627727,1.00103460435879
"Sigma[3,4]",0.00892602132443062,0.000276030160869059,0.0163868232418122,-0.0220601393330478,-0.000895101862465834,0.00811192448309287,0.0174001377032537,0.0439665260215237,3524.32914438035,1.00028358044776
"Sigma[3,5]",0.0134553852921189,0.000449951308685095,0.0320347253224899,-0.0511953571499952,-0.00538691550184285,0.0123702130704458,0.0317186879383721,0.0808690685335959,5068.86786828298,0.999997534467996
"Sigma[3,6]",0.0125445031564597,0.000584559280266592,0.037254178211096,-0.0590981382052247,-0.00948516858699967,0.0116693851006781,0.0332035681528644,0.0915630196718202,4061.55984071508,0.999758020158074
"Sigma[3,7]",0.00395650618229077,0.00036679111596902,0.025396908851679,-0.0462518645626396,-0.0112748651819521,0.00341504820689339,0.0186705764224779,0.0569611268313478,4794.28783685096,1.00039696337758
"Sigma[3,8]",-0.00796122052462734,0.000385132628922856,0.0280899767885009,-0.0658999719703615,-0.0241349380261108,-0.00728610537363572,0.00798214422772969,0.049411751111644,5319.63864521699,0.999812827816893
"Sigma[3,9]",-0.00581848149030695,0.00034965958750076,0.0271078282123621,-0.0627123408944035,-0.021275843770096,-0.00588392623132026,0.00981576362463603,0.0494934130281069,6010.33345921102,0.999818425744952
"Sigma[3,10]",0.041257256632435,0.00127493988399279,0.0423744782813407,-0.028841970465392,0.0131225907963489,0.036026748401938,0.063937183854634,0.13884160027252,1104.66174280633,1.00148960643113
"Sigma[3,11]",-0.0326595546935407,0.000857467301897945,0.041334090057876,-0.122212969711652,-0.0557658258705867,-0.0296080993369167,-0.00744662517121658,0.0438020162939372,2323.70839441821,1.00024504823819
"Sigma[3,12]",0.020171038873928,0.000659989501588801,0.0377013870717754,-0.0495518656666247,-0.00282161965865695,0.0170567475505082,0.0412641552981413,0.103076628134892,3263.17678503862,1.0001794033494
"Sigma[4,1]",-0.00233719040999841,0.000147260156710281,0.0108219403024775,-0.0259696252416563,-0.00772002661969269,-0.00197774109395363,0.00338761906126031,0.0189182084544504,5400.57188472607,0.999766301972896
"Sigma[4,2]",-0.0010092000522771,0.000196711788688026,0.0121828378918582,-0.0264090024555766,-0.00739082156855843,-0.000833382914655459,0.00552225100393382,0.0237203326864133,3835.62513561007,1.00020555694651
"Sigma[4,3]",0.00892602132443062,0.00027603016086906,0.0163868232418122,-0.0220601393330478,-0.000895101862465834,0.00811192448309287,0.0174001377032537,0.0439665260215237,3524.32914438035,1.00028358044776
"Sigma[4,4]",0.0263800089831462,0.000408987587240612,0.018549548741296,0.00655415858307761,0.014036772794156,0.0214249675331815,0.0328646686741623,0.0752511860163291,2057.05755468248,0.999992414244411
"Sigma[4,5]",0.00106439510399967,0.000215950619121213,0.0133086211320218,-0.0263762452750415,-0.00613494061354506,0.00112554871422243,0.00834734969038782,0.0295179040117069,3798.01973124126,1.00039665703263
"Sigma[4,6]",0.0136984391477054,0.000387729332148465,0.0167712471694769,-0.0157251282021963,0.00336978054481409,0.0120071898572508,0.0222395257303325,0.0513657326372644,1870.99835113297,1.00197979039827
"Sigma[4,7]",0.00338866241133792,0.000181495772154182,0.0111682295359849,-0.0184491784796996,-0.00276054590697394,0.00284956486109227,0.00937484370688995,0.0269859299943268,3786.47973473655,1.00009908898845
"Sigma[4,8]",-0.00192391532039463,0.00015896245403824,0.0114258676904235,-0.0253493062871169,-0.00799957732389901,-0.00164536961794473,0.00433590754782354,0.0209933017307772,5166.41470680908,0.999711590217859
"Sigma[4,9]",-0.00271528993742748,0.000151627675705035,0.0114685787800427,-0.0267412888860184,-0.00880043038249927,-0.00248110696893383,0.00379935769432267,0.0201704834575943,5720.87223734202,1.0003583972419
"Sigma[4,10]",0.00644583044499112,0.000301941438158248,0.0155833894627857,-0.0218255994736512,-0.00274120267408903,0.00530002107958776,0.0144541120242162,0.0408006260233275,2663.657681554,0.99982615323937
"Sigma[4,11]",-0.00305732556797573,0.000241626905500448,0.0163567525240117,-0.0359286258101131,-0.012089089410061,-0.00301872008590743,0.00584824045759575,0.0316184552233895,4582.51169393234,1.00064306521336
"Sigma[4,12]",0.00477929073499053,0.000237003227967742,0.0153750175672625,-0.0267237407177544,-0.00408059742100083,0.00443545724238536,0.0131944115074756,0.0368215698077809,4208.45530407349,1.00042711636642
"Sigma[5,1]",0.0087287100173634,0.000389717191477359,0.0209133430177056,-0.031445072973247,-0.00382033867093375,0.00759080335463015,0.0206586875523544,0.0546253398543261,2879.70362619058,1.00047068697164
"Sigma[5,2]",0.00563177186335867,0.000495425535649139,0.0255741145685758,-0.0431523396403986,-0.00980764847179755,0.00445338557271877,0.0200664167592774,0.0596354942256245,2664.67616728882,1.0010477909245
"Sigma[5,3]",0.0134553852921189,0.000449951308685095,0.0320347253224899,-0.0511953571499952,-0.00538691550184285,0.0123702130704458,0.0317186879383721,0.0808690685335959,5068.86786828298,0.999997534467996
"Sigma[5,4]",0.00106439510399967,0.000215950619121213,0.0133086211320218,-0.0263762452750415,-0.00613494061354506,0.00112554871422243,0.00834734969038782,0.0295179040117069,3798.01973124126,1.00039665703263
"Sigma[5,5]",0.11038820305108,0.0015347813690595,0.0514366888583013,0.0406415173227906,0.0747308939998581,0.101179100776338,0.134697310414442,0.237747046428138,1123.18933391971,1.00142268525391
"Sigma[5,6]",0.00843726701856395,0.000405912504729902,0.0292561700484138,-0.0498542690257898,-0.00855579917657794,0.00784999897430796,0.0252061834048373,0.0696310282865875,5194.81495416095,1.00005664724871
"Sigma[5,7]",0.017044186474485,0.000310265783360091,0.0197251708799257,-0.0212957885619027,0.00507741408009252,0.0159230584606916,0.0284960638244039,0.059342084405589,4041.79033865198,1.00056817972815
"Sigma[5,8]",0.0046163147897347,0.00030023272215661,0.0223804828333759,-0.0409620487361945,-0.00837166172991039,0.00423572254417396,0.0172727294481978,0.0497012494762997,5556.77555586207,0.999951760985398
"Sigma[5,9]",0.00686189791749768,0.000349519038529305,0.0219202058087162,-0.036442655797251,-0.00659841959133382,0.00610986856501435,0.0193244989182247,0.0540760227112078,3933.21404029784,1.00061086422319
"Sigma[5,10]",0.0103468985114006,0.000428340310042642,0.0296078167736763,-0.0462149756947636,-0.0072250957680617,0.00897959139817884,0.0270035874684709,0.0744953827697449,4777.87601377149,1.00032887730223
"Sigma[5,11]",-0.0211101421529216,0.000553942251259059,0.0319413004985546,-0.0916369276439809,-0.038959457012541,-0.0188696900327494,-0.00135500129394373,0.0378547132569225,3324.88176250753,1.00108213846325
"Sigma[5,12]",0.0194947806517274,0.000398024438564524,0.0288976969760836,-0.0357329191725637,0.00180651806293263,0.0184889860501376,0.0360480478535908,0.081312705059613,5271.1695840904,0.999755450505842
"Sigma[6,1]",-0.0108016135189071,0.000412969241045066,0.023796579980953,-0.0617511809738729,-0.0235540479767343,-0.00963911666679259,0.00313883970379855,0.0348724613381286,3320.42503235901,1.0005725716922
"Sigma[6,2]",0.00831094286584182,0.000449321100136578,0.0274902312139102,-0.0450170872388287,-0.00767591066732688,0.00744597853014488,0.0239671320842301,0.0651060518528608,3743.20108527929,1.00104779234473
"Sigma[6,3]",0.0125445031564597,0.000584559280266592,0.037254178211096,-0.0590981382052247,-0.00948516858699967,0.0116693851006781,0.0332035681528644,0.0915630196718202,4061.55984071508,0.999758020158074
"Sigma[6,4]",0.0136984391477054,0.000387729332148465,0.0167712471694769,-0.0157251282021963,0.00336978054481409,0.0120071898572508,0.0222395257303325,0.0513657326372644,1870.99835113297,1.00197979039827
"Sigma[6,5]",0.00843726701856395,0.000405912504729902,0.0292561700484138,-0.0498542690257898,-0.00855579917657794,0.00784999897430796,0.0252061834048373,0.0696310282865875,5194.81495416095,1.00005664724871
"Sigma[6,6]",0.145261752951368,0.00202825817503079,0.0673909976149704,0.051911518782393,0.098271361808938,0.132884528352633,0.177849708025549,0.31556486237476,1103.9700735427,1.00191704015331
"Sigma[6,7]",0.0184554783601308,0.000361100075185523,0.0234985539071561,-0.025505529483804,0.00387185984679054,0.0166610557519719,0.0322076582822,0.0707216517724979,4234.74355593531,1.00002395372004
"Sigma[6,8]",0.0112085269322499,0.000346131407838468,0.0252151398491419,-0.0371589228380862,-0.00412511025570421,0.0103506295631313,0.0255447831603493,0.0643320455079391,5306.8980530146,0.999782657599831
"Sigma[6,9]",0.0130758357124622,0.000400550991818189,0.0249663582899848,-0.0355075325738587,-0.0020966775340677,0.0121544451652884,0.0271668912563681,0.0672899461741632,3885.03355897089,1.00047459768788
"Sigma[6,10]",-0.000952785134587285,0.000498610164049397,0.0329631223604715,-0.0630717936328779,-0.0206134025306514,-0.00225690629214031,0.017149770839733,0.0690220482061105,4370.53327080098,0.999683153700885
"Sigma[6,11]",-0.017606284068927,0.00058925544857919,0.0364615292521939,-0.0984036828241449,-0.0379948871485333,-0.0155159098505413,0.00457449283679596,0.0520084331027276,3828.79880276475,1.00070962060801
"Sigma[6,12]",0.0041378209064033,0.000423687923147251,0.0321198666013945,-0.0596289642759535,-0.01440269338358,0.00397993928375151,0.023298626710461,0.0692477107157847,5747.18657076804,1.00013147430797
"Sigma[7,1]",0.00442179545111571,0.00025600409418688,0.0166286283497569,-0.0291852537693039,-0.00510728528244966,0.00414466927261109,0.0139404769473997,0.0390550309122571,4219.09235477152,1.00009726513484
"Sigma[7,2]",0.00174415172129137,0.000349555887192846,0.0197571219985879,-0.0380904477079151,-0.00948309968225347,0.00136212462978931,0.0128182965116669,0.0431558382085623,3194.58259682557,1.00068839013029
"Sigma[7,3]",0.00395650618229077,0.00036679111596902,0.025396908851679,-0.0462518645626396,-0.0112748651819521,0.00341504820689339,0.0186705764224779,0.0569611268313478,4794.28783685096,1.00039696337758
"Sigma[7,4]",0.00338866241133792,0.000181495772154182,0.0111682295359849,-0.0184491784796996,-0.00276054590697394,0.00284956486109227,0.00937484370688995,0.0269859299943268,3786.47973473655,1.00009908898845
"Sigma[7,5]",0.017044186474485,0.000310265783360091,0.0197251708799257,-0.0212957885619027,0.00507741408009252,0.0159230584606916,0.0284960638244039,0.059342084405589,4041.79033865197,1.00056817972815
"Sigma[7,6]",0.0184554783601308,0.000361100075185523,0.0234985539071561,-0.025505529483804,0.00387185984679054,0.0166610557519719,0.0322076582822,0.0707216517724979,4234.74355593531,1.00002395372004
"Sigma[7,7]",0.0689105429232642,0.000860086424411721,0.0320333590331518,0.0259298474498356,0.0464122551378029,0.0625563835985982,0.0843390390684395,0.149335362561392,1387.14153868672,1.00154163513898
"Sigma[7,8]",0.0118681882022954,0.000286111334844774,0.0182324176840781,-0.0219473313765774,0.000802993065640925,0.0109863834777156,0.0218323517868945,0.0503636048779604,4060.86354027643,1.00128971874449
"Sigma[7,9]",0.00868049374065189,0.000263498158934038,0.0176452470178796,-0.0251774438735931,-0.002016679335976,0.00810637123084575,0.0188611276520999,0.0458113514373985,4484.35839568182,1.00023482191401
"Sigma[7,10]",-0.00229308432621974,0.000297814926806252,0.0222483247295351,-0.0475109022426554,-0.0149555527871576,-0.00262373261187283,0.0100633346905184,0.0441013642036472,5580.8674385736,0.999972651630865
"Sigma[7,11]",0.00281242139369138,0.000332064097821987,0.0243143043928018,-0.0454744530452493,-0.0115136555720295,0.0028767003816521,0.0165930447077782,0.0533454608116383,5361.42027977059,1.00007163660908
"Sigma[7,12]",0.0147024198432683,0.000369086367147278,0.0226277641432766,-0.0265937352758406,0.000802728539302849,0.0135658325714757,0.027002106236788,0.0650245573592454,3758.61011748763,1.00017010228438
"Sigma[8,1]",-0.00147899687256603,0.000265641709619122,0.0178521256953245,-0.0403872347030692,-0.0111598032143963,-0.000920585250292048,0.0087954056776844,0.033670206892715,4516.34738005197,0.999781603184023
"Sigma[8,2]",0.0082820865241902,0.000380210535086924,0.0217197835058767,-0.0341649246934919,-0.00424273457995637,0.00721202950879671,0.0202963755838837,0.0526291646166937,3263.34275830637,0.999843474421067
"Sigma[8,3]",-0.00796122052462734,0.000385132628922856,0.0280899767885009,-0.0658999719703615,-0.0241349380261108,-0.00728610537363572,0.00798214422772969,0.049411751111644,5319.63864521699,0.999812827816893
"Sigma[8,4]",-0.00192391532039463,0.00015896245403824,0.0114258676904235,-0.0253493062871169,-0.00799957732389901,-0.00164536961794473,0.00433590754782354,0.0209933017307772,5166.41470680908,0.999711590217859
"Sigma[8,5]",0.0046163147897347,0.00030023272215661,0.0223804828333759,-0.0409620487361945,-0.00837166172991038,0.00423572254417396,0.0172727294481978,0.0497012494762997,5556.77555586207,0.999951760985398
"Sigma[8,6]",0.0112085269322499,0.000346131407838468,0.0252151398491419,-0.0371589228380862,-0.00412511025570421,0.0103506295631313,0.0255447831603493,0.0643320455079391,5306.8980530146,0.999782657599831
"Sigma[8,7]",0.0118681882022954,0.000286111334844774,0.0182324176840781,-0.0219473313765774,0.000802993065640925,0.0109863834777156,0.0218323517868945,0.0503636048779604,4060.86354027643,1.00128971874449
"Sigma[8,8]",0.0824325341056054,0.000980731071587532,0.0389679796934201,0.0301217291291525,0.0554567112745782,0.0746532733972901,0.101032333539665,0.180134719140032,1578.75925964094,1.00243289788349
"Sigma[8,9]",0.0261076995721895,0.00048969742219323,0.0206190722014937,-0.00992026527019138,0.0130498271546837,0.0242394303333946,0.0373596255329666,0.0735888872948394,1772.89331755249,1.00377573339052
"Sigma[8,10]",-0.0161669640721005,0.000471977353508072,0.0258714883535808,-0.0743665215227309,-0.0302203020055796,-0.0142359119864789,-0.000121660947241516,0.0313525038071663,3004.69577411852,1.00058601805378
"Sigma[8,11]",0.00430856755507453,0.000383943796124976,0.027693066825446,-0.0517123193487382,-0.0117821800402916,0.00424891063402319,0.0197702336202927,0.0621842695635472,5202.43662337158,0.999834490350985
"Sigma[8,12]",-0.00497530899892219,0.000395016663943201,0.0260625335263079,-0.0566556518500264,-0.0198382763676829,-0.00501462627861049,0.00951008070070616,0.0464283564189958,4353.13793078652,1.00062352066082
"Sigma[9,1]",0.00284164125371785,0.000250692470119202,0.0171171886932334,-0.0308637717779162,-0.00686962553857106,0.00254110422166504,0.0122698596141956,0.0384524667251246,4662.10764943942,0.999859812291133
"Sigma[9,2]",0.0135497433163732,0.000402283285147177,0.0215072815197549,-0.0265931787669277,0.000171887811778044,0.0122635967228829,0.0260063465076066,0.0599937345260695,2858.29509234635,1.00002570105047
"Sigma[9,3]",-0.00581848149030695,0.00034965958750076,0.0271078282123621,-0.0627123408944035,-0.021275843770096,-0.00588392623132026,0.00981576362463603,0.0494934130281069,6010.33345921102,0.999818425744952
"Sigma[9,4]",-0.00271528993742748,0.000151627675705035,0.0114685787800427,-0.0267412888860184,-0.00880043038249927,-0.00248110696893383,0.00379935769432267,0.0201704834575943,5720.87223734202,1.0003583972419
"Sigma[9,5]",0.00686189791749768,0.000349519038529305,0.0219202058087162,-0.036442655797251,-0.00659841959133382,0.00610986856501435,0.0193244989182247,0.0540760227112078,3933.21404029784,1.00061086422319
"Sigma[9,6]",0.0130758357124622,0.000400550991818189,0.0249663582899848,-0.0355075325738587,-0.0020966775340677,0.0121544451652884,0.0271668912563681,0.0672899461741632,3885.03355897089,1.00047459768788
"Sigma[9,7]",0.00868049374065189,0.000263498158934038,0.0176452470178796,-0.0251774438735931,-0.002016679335976,0.00810637123084575,0.0188611276520999,0.0458113514373985,4484.35839568182,1.00023482191401
"Sigma[9,8]",0.0261076995721895,0.00048969742219323,0.0206190722014937,-0.00992026527019138,0.0130498271546837,0.0242394303333946,0.0373596255329666,0.0735888872948394,1772.89331755249,1.00377573339052
"Sigma[9,9]",0.0835208034247125,0.000938579974252406,0.0366482644187817,0.0323721065043409,0.0578122968628801,0.0766481433028955,0.101360752042307,0.175679634885148,1524.62928323892,1.00301967703674
"Sigma[9,10]",-0.0058026441686601,0.000334898788254162,0.0241913856034769,-0.0534713008960408,-0.020113293553637,-0.00548117436734448,0.00856950248525879,0.0426757782668059,5217.88298833991,1.00005798979522
"Sigma[9,11]",-0.0077346847101254,0.000522356693321658,0.0274734662961356,-0.067492851703033,-0.0235383064423413,-0.00583565317151214,0.00929153611277688,0.0429798823234209,2766.25738683436,0.999920191474266
"Sigma[9,12]",-0.0201317590259835,0.000410283943428361,0.0256818369481607,-0.0766788412945894,-0.0346908075141711,-0.0185220840794463,-0.00466426417687184,0.029297244260895,3918.16866017449,0.999924759095194
"Sigma[10,1]",0.00883593101805829,0.0004115047662188,0.0233363386764662,-0.0355928186091783,-0.00494786496134514,0.0076403078577199,0.0219144830533136,0.0588869343687692,3215.99747055978,1.00202452975011
"Sigma[10,2]",-0.0053815847682132,0.000422631979075313,0.0281143169693473,-0.061438533300963,-0.0212787761763724,-0.00473201543320239,0.0103370180371307,0.0507039841824507,4425.1741095679,1.00046780760132
"Sigma[10,3]",0.041257256632435,0.00127493988399279,0.0423744782813407,-0.028841970465392,0.0131225907963489,0.036026748401938,0.063937183854634,0.13884160027252,1104.66174280633,1.00148960643113
"Sigma[10,4]",0.00644583044499112,0.000301941438158248,0.0155833894627857,-0.0218255994736512,-0.00274120267408903,0.00530002107958776,0.0144541120242162,0.0408006260233275,2663.65768155401,0.99982615323937
"Sigma[10,5]",0.0103468985114006,0.000428340310042642,0.0296078167736763,-0.0462149756947636,-0.0072250957680617,0.00897959139817884,0.0270035874684709,0.0744953827697449,4777.87601377149,1.00032887730223
"Sigma[10,6]",-0.000952785134587285,0.000498610164049397,0.0329631223604715,-0.0630717936328779,-0.0206134025306514,-0.00225690629214031,0.017149770839733,0.0690220482061105,4370.53327080098,0.999683153700885
"Sigma[10,7]",-0.00229308432621974,0.000297814926806252,0.0222483247295351,-0.0475109022426554,-0.0149555527871576,-0.00262373261187283,0.0100633346905184,0.0441013642036472,5580.8674385736,0.999972651630865
"Sigma[10,8]",-0.0161669640721005,0.000471977353508072,0.0258714883535808,-0.0743665215227309,-0.0302203020055796,-0.0142359119864789,-0.000121660947241516,0.0313525038071663,3004.69577411852,1.00058601805378
"Sigma[10,9]",-0.0058026441686601,0.000334898788254162,0.0241913856034769,-0.0534713008960408,-0.020113293553637,-0.00548117436734448,0.00856950248525879,0.0426757782668059,5217.88298833991,1.00005798979522
"Sigma[10,10]",0.131443601383545,0.00221253730748109,0.0669913260212091,0.0377027416157093,0.0847879231552762,0.119950369677274,0.164355578793815,0.292912673309528,916.76060735048,1.00287545714608
"Sigma[10,11]",-0.0155470727811065,0.000559113849688306,0.0366135916352919,-0.0945064352604,-0.035017235815528,-0.0132939058598649,0.00592563703207499,0.051951379312404,4288.29018830491,1.00069181175163
"Sigma[10,12]",0.0123265033218666,0.000600112633613228,0.0333774792401127,-0.0501410423863632,-0.00800087357678932,0.0104049930936773,0.0303962183276708,0.0862840416636328,3093.43880819845,1.00076669307917
"Sigma[11,1]",0.00230191789724981,0.000433235794449789,0.0263269324820202,-0.0519341152746039,-0.0121981328443691,0.00256295110863225,0.0172155893422276,0.0569573315725484,3692.7665786939,1.00049397510224
"Sigma[11,2]",-0.00641240761702786,0.000529565367747883,0.0317773820460394,-0.0730215518828099,-0.0239670362435622,-0.00533691338501146,0.0123748602531422,0.0562367302235636,3600.78407760679,1.00039299505158
"Sigma[11,3]",-0.0326595546935407,0.000857467301897946,0.041334090057876,-0.122212969711652,-0.0557658258705867,-0.0296080993369167,-0.00744662517121658,0.0438020162939372,2323.7083944182,1.00024504823819
"Sigma[11,4]",-0.00305732556797573,0.000241626905500448,0.0163567525240117,-0.0359286258101131,-0.012089089410061,-0.00301872008590743,0.00584824045759575,0.0316184552233895,4582.51169393234,1.00064306521336
"Sigma[11,5]",-0.0211101421529216,0.000553942251259059,0.0319413004985546,-0.0916369276439809,-0.038959457012541,-0.0188696900327494,-0.00135500129394373,0.0378547132569225,3324.88176250753,1.00108213846325
"Sigma[11,6]",-0.017606284068927,0.00058925544857919,0.0364615292521939,-0.0984036828241449,-0.0379948871485333,-0.0155159098505413,0.00457449283679596,0.0520084331027276,3828.79880276475,1.00070962060801
"Sigma[11,7]",0.00281242139369138,0.000332064097821987,0.0243143043928018,-0.0454744530452493,-0.0115136555720295,0.0028767003816521,0.0165930447077782,0.0533454608116383,5361.4202797706,1.00007163660908
"Sigma[11,8]",0.00430856755507453,0.000383943796124976,0.027693066825446,-0.0517123193487382,-0.0117821800402916,0.00424891063402319,0.0197702336202927,0.0621842695635472,5202.43662337158,0.999834490350985
"Sigma[11,9]",-0.0077346847101254,0.000522356693321658,0.0274734662961356,-0.067492851703033,-0.0235383064423413,-0.00583565317151214,0.00929153611277688,0.0429798823234209,2766.25738683437,0.999920191474266
"Sigma[11,10]",-0.0155470727811065,0.000559113849688306,0.0366135916352919,-0.0945064352604,-0.035017235815528,-0.0132939058598649,0.00592563703207499,0.051951379312404,4288.29018830491,1.00069181175163
"Sigma[11,11]",0.167287119041167,0.00245420438039563,0.0820089844056048,0.0539999841036087,0.109586822581629,0.151318962679681,0.207242805235139,0.368590089548099,1116.60974423259,1.00231006952923
"Sigma[11,12]",0.00180173609716803,0.000507615736628393,0.0359319325512463,-0.0727467580838433,-0.018469572861967,0.00223803662618926,0.0221724238361548,0.0752793093115468,5010.61457230786,0.99989364024808
"Sigma[12,1]",0.00479799412523465,0.000387116780693353,0.0241385784380464,-0.04337601636166,-0.00898522459286761,0.00407392929725433,0.0184234765960963,0.0549836175788159,3888.11753980147,1.00102027284965
"Sigma[12,2]",-0.00631846020224045,0.000433644037077332,0.027129542189558,-0.0621285162785938,-0.0221503312699878,-0.0058556571786734,0.00964176724098373,0.0484890001436757,3913.97612737496,0.99997729275971
"Sigma[12,3]",0.020171038873928,0.000659989501588801,0.0377013870717754,-0.0495518656666247,-0.00282161965865695,0.0170567475505082,0.0412641552981413,0.103076628134892,3263.17678503862,1.0001794033494
"Sigma[12,4]",0.00477929073499053,0.000237003227967742,0.0153750175672625,-0.0267237407177544,-0.00408059742100083,0.00443545724238536,0.0131944115074756,0.0368215698077809,4208.45530407349,1.00042711636642
"Sigma[12,5]",0.0194947806517274,0.000398024438564524,0.0288976969760836,-0.0357329191725637,0.00180651806293263,0.0184889860501376,0.0360480478535908,0.081312705059613,5271.1695840904,0.999755450505842
"Sigma[12,6]",0.0041378209064033,0.000423687923147251,0.0321198666013945,-0.0596289642759535,-0.01440269338358,0.00397993928375151,0.023298626710461,0.0692477107157847,5747.18657076804,1.00013147430797
"Sigma[12,7]",0.0147024198432683,0.000369086367147278,0.0226277641432766,-0.0265937352758406,0.000802728539302849,0.0135658325714757,0.027002106236788,0.0650245573592454,3758.61011748763,1.00017010228438
"Sigma[12,8]",-0.00497530899892219,0.000395016663943201,0.0260625335263079,-0.0566556518500264,-0.0198382763676829,-0.00501462627861049,0.00951008070070616,0.0464283564189958,4353.13793078652,1.00062352066082
"Sigma[12,9]",-0.0201317590259835,0.000410283943428361,0.0256818369481607,-0.0766788412945894,-0.0346908075141711,-0.0185220840794463,-0.00466426417687184,0.029297244260895,3918.16866017449,0.999924759095194
"Sigma[12,10]",0.0123265033218666,0.000600112633613228,0.0333774792401127,-0.0501410423863632,-0.00800087357678932,0.0104049930936773,0.0303962183276708,0.0862840416636328,3093.43880819845,1.00076669307917
"Sigma[12,11]",0.00180173609716803,0.000507615736628393,0.0359319325512463,-0.0727467580838433,-0.018469572861967,0.00223803662618926,0.0221724238361548,0.0752793093115468,5010.61457230786,0.99989364024808
"Sigma[12,12]",0.141940298256694,0.00199175978721278,0.0665626297326556,0.0504492926675694,0.0947442692624204,0.129124415902765,0.174242615423323,0.304345916574793,1116.8298765655,1.00239867280052
"N_sim[1]",0,NA,0,0,0,0,0,0,NA,NA
"N_sim[2]",0,NA,0,0,0,0,0,0,NA,NA
"N_sim[3]",0,NA,0,0,0,0,0,0,NA,NA
"N_sim[4]",0,NA,0,0,0,0,0,0,NA,NA
"N_sim[5]",0,NA,0,0,0,0,0,0,NA,NA
"N_sim[6]",0,NA,0,0,0,0,0,0,NA,NA
"N_sim[7]",0,NA,0,0,0,0,0,0,NA,NA
"N_sim[8]",0,NA,0,0,0,0,0,0,NA,NA
"N_sim[9]",0,NA,0,0,0,0,0,0,NA,NA
"N_sim[10]",0,NA,0,0,0,0,0,0,NA,NA
"N_sim[11]",0,NA,0,0,0,0,0,0,NA,NA
"N_sim[12]",0,NA,0,0,0,0,0,0,NA,NA
"N_sim[13]",0,NA,0,0,0,0,0,0,NA,NA
"N_sim[14]",0,NA,0,0,0,0,0,0,NA,NA
"N_sim[15]",0,NA,0,0,0,0,0,0,NA,NA
"N_sim[16]",0,NA,0,0,0,0,0,0,NA,NA
"N_sim[17]",0,NA,0,0,0,0,0,0,NA,NA
"N_sim[18]",0,NA,0,0,0,0,0,0,NA,NA
"N_sim[19]",0,NA,0,0,0,0,0,0,NA,NA
"N_sim[20]",0,NA,0,0,0,0,0,0,NA,NA
"N_sim[21]",0,NA,0,0,0,0,0,0,NA,NA
"N_sim[22]",0,NA,0,0,0,0,0,0,NA,NA
"N_sim[23]",0,NA,0,0,0,0,0,0,NA,NA
"N_sim[24]",0,NA,0,0,0,0,0,0,NA,NA
"N_sim[25]",0,NA,0,0,0,0,0,0,NA,NA
"N_sim[26]",0,NA,0,0,0,0,0,0,NA,NA
"N_sim[27]",0,NA,0,0,0,0,0,0,NA,NA
"N_sim[28]",0,NA,0,0,0,0,0,0,NA,NA
"N_sim[29]",0,NA,0,0,0,0,0,0,NA,NA
"N_sim[30]",0,NA,0,0,0,0,0,0,NA,NA
"N_sim[31]",0,NA,0,0,0,0,0,0,NA,NA
"N_sim[32]",0,NA,0,0,0,0,0,0,NA,NA
"N_sim[33]",0,NA,0,0,0,0,0,0,NA,NA
"N_sim[34]",0,NA,0,0,0,0,0,0,NA,NA
"N_sim[35]",0,NA,0,0,0,0,0,0,NA,NA
"N_sim[36]",0,NA,0,0,0,0,0,0,NA,NA
"N_sim[37]",0,NA,0,0,0,0,0,0,NA,NA
"N_sim[38]",0,NA,0,0,0,0,0,0,NA,NA
"N_sim[39]",0,NA,0,0,0,0,0,0,NA,NA
"N_sim[40]",0,NA,0,0,0,0,0,0,NA,NA
"N_sim[41]",0,NA,0,0,0,0,0,0,NA,NA
"N_sim[42]",0,NA,0,0,0,0,0,0,NA,NA
"N_sim[43]",0,NA,0,0,0,0,0,0,NA,NA
"N_sim[44]",0,NA,0,0,0,0,0,0,NA,NA
"N_sim[45]",0,NA,0,0,0,0,0,0,NA,NA
"N_sim[46]",0,NA,0,0,0,0,0,0,NA,NA
"N_sim[47]",0,NA,0,0,0,0,0,0,NA,NA
"N_sim[48]",0,NA,0,0,0,0,0,0,NA,NA
"N_sim[49]",0,NA,0,0,0,0,0,0,NA,NA
"N_sim[50]",0,NA,0,0,0,0,0,0,NA,NA
"N_sim[51]",0,NA,0,0,0,0,0,0,NA,NA
"N_sim[52]",0,NA,0,0,0,0,0,0,NA,NA
"N_sim[53]",0,NA,0,0,0,0,0,0,NA,NA
"N_sim[54]",0,NA,0,0,0,0,0,0,NA,NA
"N_sim[55]",0,NA,0,0,0,0,0,0,NA,NA
"N_sim[56]",0,NA,0,0,0,0,0,0,NA,NA
"N_sim[57]",0,NA,0,0,0,0,0,0,NA,NA
"N_sim[58]",0,NA,0,0,0,0,0,0,NA,NA
"N_sim[59]",0,NA,0,0,0,0,0,0,NA,NA
"N_sim[60]",0,NA,0,0,0,0,0,0,NA,NA
"N_sim[61]",0,NA,0,0,0,0,0,0,NA,NA
"N_sim[62]",0,NA,0,0,0,0,0,0,NA,NA
"N_sim[63]",0,NA,0,0,0,0,0,0,NA,NA
"N_sim[64]",0,NA,0,0,0,0,0,0,NA,NA
"N_sim[65]",0,NA,0,0,0,0,0,0,NA,NA
"N_sim[66]",0,NA,0,0,0,0,0,0,NA,NA
"N_sim[67]",0,NA,0,0,0,0,0,0,NA,NA
"N_sim[68]",0,NA,0,0,0,0,0,0,NA,NA
"N_sim[69]",0,NA,0,0,0,0,0,0,NA,NA
"N_sim[70]",0,NA,0,0,0,0,0,0,NA,NA
"N_sim[71]",0,NA,0,0,0,0,0,0,NA,NA
"N_sim[72]",0,NA,0,0,0,0,0,0,NA,NA
"N_sim[73]",0,NA,0,0,0,0,0,0,NA,NA
"N_sim[74]",0,NA,0,0,0,0,0,0,NA,NA
"N_sim[75]",0,NA,0,0,0,0,0,0,NA,NA
"N_sim[76]",0,NA,0,0,0,0,0,0,NA,NA
"N_sim[77]",0,NA,0,0,0,0,0,0,NA,NA
"N_sim[78]",0,NA,0,0,0,0,0,0,NA,NA
"N_sim[79]",0,NA,0,0,0,0,0,0,NA,NA
"N_sim[80]",0,NA,0,0,0,0,0,0,NA,NA
"N_sim[81]",0,NA,0,0,0,0,0,0,NA,NA
"N_sim[82]",0,NA,0,0,0,0,0,0,NA,NA
"N_sim[83]",0,NA,0,0,0,0,0,0,NA,NA
"N_sim[84]",0,NA,0,0,0,0,0,0,NA,NA
"N_sim[85]",0,NA,0,0,0,0,0,0,NA,NA
"N_sim[86]",0,NA,0,0,0,0,0,0,NA,NA
"N_sim[87]",0,NA,0,0,0,0,0,0,NA,NA
"N_sim[88]",0,NA,0,0,0,0,0,0,NA,NA
"N_sim[89]",0,NA,0,0,0,0,0,0,NA,NA
"N_sim[90]",0,NA,0,0,0,0,0,0,NA,NA
"N_sim[91]",0,NA,0,0,0,0,0,0,NA,NA
"N_sim[92]",0,NA,0,0,0,0,0,0,NA,NA
"N_sim[93]",0,NA,0,0,0,0,0,0,NA,NA
"N_sim[94]",0,NA,0,0,0,0,0,0,NA,NA
"N_sim[95]",0,NA,0,0,0,0,0,0,NA,NA
"N_sim[96]",0,NA,0,0,0,0,0,0,NA,NA
"N_sim[97]",0,NA,0,0,0,0,0,0,NA,NA
"N_sim[98]",0,NA,0,0,0,0,0,0,NA,NA
"N_sim[99]",0,NA,0,0,0,0,0,0,NA,NA
"N_sim[100]",0,NA,0,0,0,0,0,0,NA,NA
"N_sim[101]",0,NA,0,0,0,0,0,0,NA,NA
"N_sim[102]",0,NA,0,0,0,0,0,0,NA,NA
"N_sim[103]",0,NA,0,0,0,0,0,0,NA,NA
"N_sim[104]",0,NA,0,0,0,0,0,0,NA,NA
"N_sim[105]",0,NA,0,0,0,0,0,0,NA,NA
"N_sim[106]",0,NA,0,0,0,0,0,0,NA,NA
"N_sim[107]",0,NA,0,0,0,0,0,0,NA,NA
"N_sim[108]",0,NA,0,0,0,0,0,0,NA,NA
"N_sim[109]",0,NA,0,0,0,0,0,0,NA,NA
"N_sim[110]",0,NA,0,0,0,0,0,0,NA,NA
"N_sim[111]",0,NA,0,0,0,0,0,0,NA,NA
"N_sim[112]",0,NA,0,0,0,0,0,0,NA,NA
"N_sim[113]",0,NA,0,0,0,0,0,0,NA,NA
"N_sim[114]",0,NA,0,0,0,0,0,0,NA,NA
"N_sim[115]",0,NA,0,0,0,0,0,0,NA,NA
"N_sim[116]",0,NA,0,0,0,0,0,0,NA,NA
"N_sim[117]",0,NA,0,0,0,0,0,0,NA,NA
"N_sim[118]",0,NA,0,0,0,0,0,0,NA,NA
"N_sim[119]",0,NA,0,0,0,0,0,0,NA,NA
"N_sim[120]",0,NA,0,0,0,0,0,0,NA,NA
"N_sim[121]",0,NA,0,0,0,0,0,0,NA,NA
"N_sim[122]",0,NA,0,0,0,0,0,0,NA,NA
"N_sim[123]",0,NA,0,0,0,0,0,0,NA,NA
"N_sim[124]",0,NA,0,0,0,0,0,0,NA,NA
"N_sim[125]",0,NA,0,0,0,0,0,0,NA,NA
"N_sim[126]",0,NA,0,0,0,0,0,0,NA,NA
"N_sim[127]",0,NA,0,0,0,0,0,0,NA,NA
"N_sim[128]",0,NA,0,0,0,0,0,0,NA,NA
"N_sim[129]",0,NA,0,0,0,0,0,0,NA,NA
"N_sim[130]",0,NA,0,0,0,0,0,0,NA,NA
"N_sim[131]",0,NA,0,0,0,0,0,0,NA,NA
"N_sim[132]",0,NA,0,0,0,0,0,0,NA,NA
"N_sim[133]",0,NA,0,0,0,0,0,0,NA,NA
"N_sim[134]",0,NA,0,0,0,0,0,0,NA,NA
"N_sim[135]",0,NA,0,0,0,0,0,0,NA,NA
"N_sim[136]",0,NA,0,0,0,0,0,0,NA,NA
"N_sim[137]",0,NA,0,0,0,0,0,0,NA,NA
"N_sim[138]",0,NA,0,0,0,0,0,0,NA,NA
"N_sim[139]",0,NA,0,0,0,0,0,0,NA,NA
"N_sim[140]",0,NA,0,0,0,0,0,0,NA,NA
"N_sim[141]",0,NA,0,0,0,0,0,0,NA,NA
"N_sim[142]",0,NA,0,0,0,0,0,0,NA,NA
"N_sim[143]",0,NA,0,0,0,0,0,0,NA,NA
"N_sim[144]",0,NA,0,0,0,0,0,0,NA,NA
"N_sim[145]",0,NA,0,0,0,0,0,0,NA,NA
"N_sim[146]",0,NA,0,0,0,0,0,0,NA,NA
"N_sim[147]",0,NA,0,0,0,0,0,0,NA,NA
"N_sim[148]",0,NA,0,0,0,0,0,0,NA,NA
"N_sim[149]",0,NA,0,0,0,0,0,0,NA,NA
"N_sim[150]",0,NA,0,0,0,0,0,0,NA,NA
"N_sim[151]",0,NA,0,0,0,0,0,0,NA,NA
"N_sim[152]",0,NA,0,0,0,0,0,0,NA,NA
"N_sim[153]",0,NA,0,0,0,0,0,0,NA,NA
"N_sim[154]",0,NA,0,0,0,0,0,0,NA,NA
"N_sim[155]",0,NA,0,0,0,0,0,0,NA,NA
"N_sim[156]",0,NA,0,0,0,0,0,0,NA,NA
"N_sim[157]",0,NA,0,0,0,0,0,0,NA,NA
"N_sim[158]",0,NA,0,0,0,0,0,0,NA,NA
"N_sim[159]",0,NA,0,0,0,0,0,0,NA,NA
"N_sim[160]",0,NA,0,0,0,0,0,0,NA,NA
"N_sim[161]",0,NA,0,0,0,0,0,0,NA,NA
"N_sim[162]",0,NA,0,0,0,0,0,0,NA,NA
"N_sim[163]",0,NA,0,0,0,0,0,0,NA,NA
"N_sim[164]",0,NA,0,0,0,0,0,0,NA,NA
"N_sim[165]",0,NA,0,0,0,0,0,0,NA,NA
"N_sim[166]",0,NA,0,0,0,0,0,0,NA,NA
"N_sim[167]",0,NA,0,0,0,0,0,0,NA,NA
"N_sim[168]",0,NA,0,0,0,0,0,0,NA,NA
"N_sim[169]",0,NA,0,0,0,0,0,0,NA,NA
"N_sim[170]",0,NA,0,0,0,0,0,0,NA,NA
"N_sim[171]",0,NA,0,0,0,0,0,0,NA,NA
"N_sim[172]",0,NA,0,0,0,0,0,0,NA,NA
"N_sim[173]",0,NA,0,0,0,0,0,0,NA,NA
"N_sim[174]",0,NA,0,0,0,0,0,0,NA,NA
"N_sim[175]",0,NA,0,0,0,0,0,0,NA,NA
"N_sim[176]",0,NA,0,0,0,0,0,0,NA,NA
"N_sim[177]",0,NA,0,0,0,0,0,0,NA,NA
"N_sim[178]",0,NA,0,0,0,0,0,0,NA,NA
"N_sim[179]",0,NA,0,0,0,0,0,0,NA,NA
"N_sim[180]",0,NA,0,0,0,0,0,0,NA,NA
"N_sim[181]",0,NA,0,0,0,0,0,0,NA,NA
"N_sim[182]",0,NA,0,0,0,0,0,0,NA,NA
"N_sim[183]",0,NA,0,0,0,0,0,0,NA,NA
"N_sim[184]",0,NA,0,0,0,0,0,0,NA,NA
"N_sim[185]",0,NA,0,0,0,0,0,0,NA,NA
"N_sim[186]",0,NA,0,0,0,0,0,0,NA,NA
"N_sim[187]",0,NA,0,0,0,0,0,0,NA,NA
"N_sim[188]",0,NA,0,0,0,0,0,0,NA,NA
"N_sim[189]",0,NA,0,0,0,0,0,0,NA,NA
"N_sim[190]",0,NA,0,0,0,0,0,0,NA,NA
"N_sim[191]",0,NA,0,0,0,0,0,0,NA,NA
"N_sim[192]",0,NA,0,0,0,0,0,0,NA,NA
"N_sim[193]",0,NA,0,0,0,0,0,0,NA,NA
"N_sim[194]",0,NA,0,0,0,0,0,0,NA,NA
"N_sim[195]",0,NA,0,0,0,0,0,0,NA,NA
"N_sim[196]",0,NA,0,0,0,0,0,0,NA,NA
"N_all[1,1]",656.031887886751,4.92204658231929,264.64233351154,268.522689956235,470.383510660094,613.211860575292,793.439276284957,1296.56693502066,2890.8609025517,0.99957981804684
"N_all[1,2]",1954.62687150244,138.617282557019,5447.12769151407,365.264764270052,1057.44561634845,1523.59723706521,2169.64017050091,5241.59335369956,1544.18863150414,1.00125279848682
"N_all[1,3]",580.204025279284,2.23302037768831,157.485980103937,338.220961814175,471.333960511671,557.706952945737,664.690857794028,956.727701529285,4973.91572516101,1.00070152817928
"N_all[1,4]",1968.28928607079,9.5515452714218,521.155970482995,1114.52388750902,1617.89094896972,1905.5426595671,2244.38113498767,3171.7124396502,2977.0639111888,0.999872400671764
"N_all[1,5]",781.286105344679,3.22865484717209,172.60876135626,475.866028638061,658.595478888226,771.651177443945,891.439628904773,1144.93689637497,2858.13298384286,1.00004979938584
"N_all[1,6]",497.787774232056,1.44265685376837,112.144242546074,316.372583027861,420.000634067,485.452140760612,560.124749531489,756.469076408018,6042.65608389525,0.9998879383887
"N_all[1,7]",4437.99778800947,9.51292715941797,694.198807298991,3199.27787332897,3962.15257335804,4387.63147775224,4843.85543786775,5953.61342707842,5325.24242933751,1.00010361349336
"N_all[1,8]",967.102912549867,5.97217505339338,362.718716631014,423.137623513793,718.991537002445,913.235879543777,1144.26203675865,1826.64343622287,3688.71306723619,0.999684895650148
"N_all[1,9]",943.145439136727,2.34034284652137,179.412196346493,630.26235418773,822.787520154037,928.894036927194,1047.35173851007,1336.28470314462,5876.85476769024,1.00000003332558
"N_all[1,10]",157.471204203016,0.724033996425377,38.278798046862,93.5879844296954,130.35632350534,153.662404327444,180.181027474922,241.489713463843,2795.10847953541,1.00116374399358
"N_all[1,11]",62.6851266807217,0.311900787710791,16.8277655012325,37.4728838953488,50.581179674575,60.2865730643138,71.8442078489715,102.13829673093,2910.85089408205,1.00097572846143
"N_all[1,12]",271.741886658827,0.860115762182267,61.2584941688161,171.134508358535,230.411719562814,264.760772551547,306.263605055854,408.675920826531,5072.46221885672,1.00043537347206
"N_all[2,1]",617.214998978617,4.41976876886766,249.393167457357,264.749604836277,446.136754542601,576.560393862609,737.836831275097,1242.99336833942,3183.97760689483,0.999939475053683
"N_all[2,2]",1928.77127338945,142.042578951523,5547.53001249178,365.852506280347,998.992416344992,1496.47479367726,2165.46255754764,5194.51590916391,1525.32442011527,1.00119976996799
"N_all[2,3]",600.047251115406,1.88874463322467,150.647290076074,361.894755253415,495.321281582321,581.336338833425,683.979270494755,944.415191129592,6361.74358973916,0.999950749646629
"N_all[2,4]",1917.46928791182,7.93684263961231,451.723365934137,1157.71719101242,1619.32238699742,1873.60613325838,2164.8419212936,2961.87921944332,3239.28806927293,0.999930886814681
"N_all[2,5]",617.796791886541,1.50572857978075,120.021935774,407.874223377253,535.147401344346,609.340533678112,691.015856615466,872.881959942042,6353.71699345685,1.00009908149803
"N_all[2,6]",492.609439652651,1.3217618284379,111.410500379744,310.212189447392,416.95705104348,478.834806889313,556.680172363041,747.418895658861,7104.70153892671,0.999678777406254
"N_all[2,7]",4268.92699727687,8.34310353754023,647.671497722496,3098.9530288214,3846.88285496743,4233.02891015277,4646.32999064568,5658.20332034542,6026.34935005436,1.00078203796957
"N_all[2,8]",931.02989828321,5.45051429325402,352.107132083372,418.781227986753,696.311711314753,876.255948851651,1106.58128879841,1796.45000124037,4173.25265399111,0.99971393945531
"N_all[2,9]",903.309569809684,3.77204101498457,256.017348505751,509.221342070531,723.409081057304,867.383442336625,1038.85615835536,1511.62997677777,4606.65807254519,0.999758726370001
"N_all[2,10]",136.218313052232,0.467699508718797,30.5404239951999,84.6857544211382,114.904474019936,132.766163632974,154.754710247782,204.264723635066,4263.99117110736,1.00042923989663
"N_all[2,11]",62.9707859179133,0.25742396140456,15.8612284024729,38.4688833047718,52.0217704176066,60.690545587906,71.5491580241005,101.017089397165,3796.43264879529,1.00130157989726
"N_all[2,12]",227.873965333182,0.837556379049376,52.3309925490713,146.093927507673,191.760947883446,221.327004499497,256.719704665388,347.829269365338,3903.82052032149,0.999788306394283
"N_all[3,1]",548.132435921509,3.98561957346699,215.702008023548,243.774161827347,402.813988726945,514.330246502131,650.267279931247,1050.922779244,2928.98191472637,1.00083605214461
"N_all[3,2]",1851.72237831679,95.8431867862645,4181.08154135159,367.60116079375,954.799490227275,1451.25158864528,2138.8667108287,5263.90456868903,1903.07009041671,1.0007169382052
"N_all[3,3]",418.605675944349,1.94204211791204,110.841288601399,245.683420707037,340.695396127722,402.098101944889,479.766244700776,677.616104554572,3257.51064336421,1.00037408331638
"N_all[3,4]",1817.00767765955,5.37605812129426,349.403830405458,1200.02421332161,1588.35245819761,1795.54976258016,2014.48444260193,2573.55105921894,4224.03407379999,1.0001048663659
"N_all[3,5]",408.543188633202,1.62948265603162,86.3579205145871,267.492254599291,347.890672486012,398.50047529126,458.183375693904,603.527206866317,2808.69685242771,1.00064715416011
"N_all[3,6]",487.749963703373,1.48426934459382,111.43809123193,308.017906193413,408.945906985258,474.967580390032,552.242878182925,740.191144318232,5636.92029047811,0.999854797742372
"N_all[3,7]",3292.15389877405,11.1975261259727,559.125053848177,2384.91454176329,2900.79866858197,3221.39133486258,3618.83036040522,4570.11657939976,2493.29540811291,1.00177518007253
"N_all[3,8]",886.215323037732,4.05201544041765,286.559748604746,446.297514625017,685.908426565538,845.38033167512,1039.39515424598,1568.86597188847,5001.36086887342,1.00002251834388
"N_all[3,9]",804.945325592255,3.35899955846342,234.255479699882,439.346309408787,641.841659999711,774.344462128836,931.406255529321,1339.3988518399,4863.61986766482,1.00054843735341
"N_all[3,10]",88.7341352205296,0.355754757279633,20.5012738094264,55.728196183258,74.2839322205916,86.3840294353574,100.584534411717,135.799059420613,3320.93411292009,0.999745719378512
"N_all[3,11]",85.8037383471305,0.272415019119085,21.2044231798797,51.4495888905043,71.1893335169393,83.1452967958279,97.8545739625705,133.874875539362,6058.85877802926,0.999959411447549
"N_all[3,12]",212.105519031561,1.03888784209632,52.2595817535834,130.301968155847,175.419769981131,205.117099594204,242.190029491114,332.288862494634,2530.43118749505,1.0004216556928
"N_all[4,1]",521.939564669597,2.32320284690379,152.412599263101,283.326559108655,418.1615856608,505.173406042644,601.137109511473,870.27054007252,4303.95257167543,1.00014731376032
"N_all[4,2]",1696.32119985662,70.9622043997987,3690.76666764873,363.546923974904,926.081155195439,1376.95078432224,1977.93205591064,4432.23847655312,2705.07295980499,1.00035195879762
"N_all[4,3]",535.955338712089,1.82547591998038,133.776619099594,329.499659789222,442.67219569201,519.992563093737,608.361054982113,850.193271786803,5370.41954676527,1.00018845672436
"N_all[4,4]",1876.24486943495,2.43731170913167,194.669367676558,1507.95410355879,1755.80292631819,1868.69762797969,1990.4845697822,2289.80486295649,6379.30088696201,1.00007935593667
"N_all[4,5]",415.50236437797,1.7891500232134,88.3125457300146,271.952243569525,353.703181216541,404.951440281449,465.720814894648,615.306884043682,2436.41514994152,0.999858961767442
"N_all[4,6]",656.72463645326,1.85167398748899,147.484678402909,415.689427800431,555.297445410474,642.956066535257,737.878577592765,992.400247527745,6344.02316119362,0.999984658789687
"N_all[4,7]",4168.30215519407,8.00850888218156,616.308678966516,3092.37469015351,3741.8534772415,4110.65615407797,4534.63370934294,5555.0894092125,5922.3387385111,1.00037556491663
"N_all[4,8]",832.428801437775,2.0597684274537,152.129912988869,585.986958664197,727.626819362602,816.499842707539,919.578471009285,1174.35034560857,5454.97092234899,1.00073259014066
"N_all[4,9]",682.254445411933,1.70373313121904,119.747133693574,479.278734034316,600.534139220857,670.329528720275,749.10309456604,954.925965048555,4940.00189847104,1.00014110126964
"N_all[4,10]",88.5816430402255,0.245926510915367,19.0622447408185,57.0838531439204,75.458113990849,86.4388278781187,99.432610362132,131.369824309344,6008.10322682323,0.999874275685031
"N_all[4,11]",97.601169839238,0.334186071746162,23.6808340738677,58.5388948643921,81.5354322262979,95.3415945244386,110.789641297571,152.444801147875,5021.31306091857,1.00055390717542
"N_all[4,12]",387.306563953063,1.36719895705118,86.2156012827046,243.372815023333,326.084029021712,381.065391791692,440.355187376604,577.329633303013,3976.56683335549,1.00024580950635
"N_all[5,1]",496.390090492621,1.2626929014288,86.7358119572734,351.540873625018,436.566956745549,487.099315203235,544.504923495013,690.375883844714,4718.47239769515,1.00110461964677
"N_all[5,2]",1725.28603510942,45.6955283850032,2536.13018512664,403.526450679053,964.684631391914,1413.33402466715,2048.73568721722,4806.17837565621,3080.31888969133,1.00028331156426
"N_all[5,3]",406.254253809132,1.64452460353867,100.2064945646,246.301157279834,334.616655843779,394.023284062701,462.122361231778,639.851430865761,3712.88065001913,1.00029404026455
"N_all[5,4]",1812.59104814903,2.06244117634714,164.363775566231,1508.29592101846,1707.55787887321,1805.57036665179,1905.45476332437,2155.02005504461,6351.10183159865,0.99967520847
"N_all[5,5]",572.522738308848,1.3311578966545,105.6571103314,388.938080459468,500.54166943449,564.747247105574,633.023078326273,807.719505831741,6299.96754191578,0.999823450967704
"N_all[5,6]",814.625192057085,2.75495431842749,180.012806032544,511.15323571477,689.163087387153,796.149631923479,918.678014777893,1230.87535582186,4269.50965058888,1.00128451328281
"N_all[5,7]",5439.04815376858,10.1952880016218,772.598235704995,4029.36908287339,4926.0248798068,5393.24847133785,5883.26284602036,7098.64921015351,5742.59815668273,0.999573917731699
"N_all[5,8]",1008.96540696894,2.10253952007363,160.681954561725,721.637915636252,900.594246294727,999.35845697894,1109.0509450955,1349.73907911928,5840.44416552741,1.00014423256872
"N_all[5,9]",716.229294705088,1.43489722182766,112.448711081707,520.370007410948,639.977947985216,708.070912051278,782.802625900379,964.791782552142,6141.39985109911,1.00033713219061
"N_all[5,10]",71.2408227224772,0.255471382206758,15.6388252711798,46.0331626557719,60.2039939798752,69.3424546857047,80.3181859303455,106.736078779543,3747.34552673431,0.999845414681858
"N_all[5,11]",89.328062789307,0.283324321973564,21.053121647986,54.8268195245158,74.7969156070436,86.803212847813,101.413284888781,136.143431504405,5521.60434272825,1.00036640903393
"N_all[5,12]",460.175996363214,1.33358349086469,100.161813991456,294.832583776046,387.904350709029,451.448138855886,520.512274836021,683.359346215105,5641.10185766591,1.00009873048923
"N_all[6,1]",560.641958244913,1.66662169513875,117.433038514303,360.339091481547,482.604654858517,548.426442577755,624.265064466514,832.992210100961,4964.8546013946,1.00103238414731
"N_all[6,2]",1648.83957960329,24.859064320245,1288.41060719422,390.812740317181,943.964961330526,1370.15729248186,1979.95581690916,4552.09447855339,2686.20422065035,1.00053035333318
"N_all[6,3]",410.885006220391,2.06480112710875,107.298810359598,242.539730016116,335.316347013872,396.743716803268,469.048713401796,653.741824798393,2700.43268935843,1.00026943268389
"N_all[6,4]",1752.58055305865,2.08559909862998,159.075663684985,1453.67952339854,1650.80849408681,1744.84622681022,1847.30489899148,2083.29514024146,5817.62638334516,1.00046102518812
"N_all[6,5]",747.272800464363,1.94930925393331,142.566271083718,499.567794454511,648.413786623584,735.862806863524,832.295336816884,1063.9626317246,5348.99376845092,1.00030207404517
"N_all[6,6]",685.448492347944,2.0112219389552,149.155311595336,442.316186498352,579.91352196453,667.855731981055,770.941857344684,1027.64677235156,5499.9336700788,1.00038438750458
"N_all[6,7]",6372.03227842174,11.0344808227743,903.304008782952,4771.48029914799,5752.82110588034,6300.21451689118,6911.63342882127,8375.92395595117,6701.37724634894,1.00015296038351
"N_all[6,8]",957.655549557424,1.88013763477748,153.315260044351,691.578232801967,853.26092487176,945.263334762533,1049.45726897531,1295.15777365273,6649.53815514209,1.0002770590783
"N_all[6,9]",734.093224637088,1.47284613537092,116.187063394923,534.598459686983,655.787195053346,724.23599649877,800.361372652628,996.256164010279,6223.01418897222,0.999788647925396
"N_all[6,10]",78.452080546412,0.219601327452542,16.703559999195,50.4788404682104,66.6872605454628,76.9050348381762,87.9513738376928,116.550146532834,5785.59675346015,0.999849081974354
"N_all[6,11]",107.965336255978,0.401437772335116,25.9433746036493,64.5700023715899,90.47898546541,105.36232416228,122.576841530561,165.267139525704,4176.53826990803,1.00126037464309
"N_all[6,12]",505.307577288404,1.52010260341976,110.289093671861,323.726405601018,427.853284612398,493.989931814254,571.109621053567,752.507389304341,5264.04180969598,1.00094804658903
"N_all[7,1]",588.969902130127,1.09100058952571,86.5459401272644,435.463298178761,530.612013058002,583.621754084008,639.651628929406,773.523284890619,6292.79275885834,1.00081661469937
"N_all[7,2]",1594.82970042086,20.2914985575111,1144.58532964898,402.835635551713,920.894462351168,1336.69588152347,1922.8963424419,4329.20136473303,3181.76505216541,1.00044084502715
"N_all[7,3]",610.594578137013,1.76141068382637,146.452278404449,373.365796978518,507.630830304209,592.792554699492,693.644750625678,944.871282172189,6913.07092548706,0.999763069906005
"N_all[7,4]",1779.16978015859,2.11690511098392,162.002462845099,1473.72048896355,1675.87230781464,1773.53769925729,1870.98613039678,2118.05263848516,5856.53106130655,1.00037852072063
"N_all[7,5]",873.083547938219,2.43257641317354,164.456754637933,588.999226956339,757.741760892385,861.999838232112,971.696040009124,1232.4338541289,4570.57088298257,1.00068016912804
"N_all[7,6]",853.267878410186,2.40404932016284,183.05116762941,550.183210464658,727.252910523312,833.903347493592,958.52866708997,1265.45329835795,5797.73366007061,1.00120835953425
"N_all[7,7]",7994.53278413615,17.666676190497,1174.36333020112,5850.98843414044,7175.04726496748,7928.03688064345,8724.61961149006,10470.1074543303,4418.70761818617,0.999979823497014
"N_all[7,8]",1015.08974385609,1.97902698360797,158.614583769429,732.499530721901,909.283824565685,1003.22628012547,1107.35792660958,1368.57260597821,6423.66376135515,0.999965194735873
"N_all[7,9]",705.65212090622,1.49030171175146,112.694586148304,512.0447826351,628.045740038303,695.921068444155,771.734177665397,958.765589795302,5718.1784633695,0.999798613432657
"N_all[7,10]",73.5051393060439,0.193961000483178,15.1639250669713,47.7450128166346,62.9954295166723,72.0232898726311,82.6640867690559,106.529425996996,6112.15597137463,0.999652427097631
"N_all[7,11]",106.171371406401,0.402548837491013,25.9426557499479,63.8852883243739,87.8457875971183,103.370642075448,121.307431611519,165.395796632028,4153.28479282289,1.00041823692439
"N_all[7,12]",533.608672114052,1.60113606777229,115.766274826494,336.743286344452,454.106008343484,523.048877923005,600.962715768619,798.564736455418,5227.66363419763,0.999866742070247
"N_all[8,1]",573.571117432699,1.05103969335703,80.7597098277314,428.169848099523,518.855220165275,568.42400575476,620.650378123393,748.687953358125,5904.0668202953,0.999979548026428
"N_all[8,2]",1601.71645295766,18.8025794550181,1067.9715879135,437.244259247739,940.892588981691,1351.74759578854,1951.06430259994,4147.40841876313,3226.1498271012,1.00068744706171
"N_all[8,3]",652.822347691084,2.28562185892955,161.198729655238,395.66585719948,542.574619396296,634.882459867579,738.42972570302,1014.9419065066,4974.09949751486,1.00000438719133
"N_all[8,4]",1676.14378583246,2.30932740872946,155.106366901738,1397.18128901465,1573.49601272412,1667.99435552804,1764.06818278093,2013.27316546493,4511.15999765322,1.00036478580075
"N_all[8,5]",773.5885336795,1.89292319686132,145.462723923866,529.626176294411,674.498594477046,758.142992093032,859.100252240472,1098.50576073973,5905.23853477224,1.0002586004298
"N_all[8,6]",876.336794002507,2.9818805897653,195.324877948733,555.78065986306,743.020590132719,854.276132149435,986.830507547465,1326.30184855677,4290.7639899666,1.00022970847731
"N_all[8,7]",8396.30455750049,16.6874056615645,1216.25377026932,6148.62552435652,7574.50233500813,8338.39611894507,9152.70017181443,11012.9250250837,5312.15516499447,0.999954340430898
"N_all[8,8]",1115.82004186969,2.32206456932673,178.063734348781,804.084983785056,991.115881966257,1101.96590994574,1224.93181532352,1502.63223706796,5880.33909025677,0.999874982413089
"N_all[8,9]",806.745394991007,1.60897217619378,127.256030912222,582.895624407374,721.131335964216,797.202975766859,881.671753009909,1086.53105807032,6255.4661625683,1.00001185089227
"N_all[8,10]",59.3378109719632,0.211045454935769,13.2514604938574,38.0664820556388,49.9779808718414,57.8060186143799,66.8092067216927,90.4861397559284,3942.53434217736,1.00059786062445
"N_all[8,11]",96.9224470362331,0.428006232369187,23.9002838246639,57.1625870843615,79.8218721086014,94.2017721456109,111.000584748194,151.687427292456,3118.21409835442,1.00005150079464
"N_all[8,12]",448.224895419472,1.20329855256097,95.6459531736921,290.854450159231,382.639791087896,439.721641262918,501.046010184658,655.68895224532,6318.09876436773,0.999644330256548
"N_all[9,1]",550.658802658655,1.10316891036402,83.3280012904934,399.206633630068,493.372649106061,546.736775461407,601.014752911328,730.48719280401,5705.55507453472,0.999801378379251
"N_all[9,2]",1602.45482743383,17.460784407735,1004.66338524836,490.172870725854,983.053940903228,1376.81080673945,1945.98830950535,4046.88581067456,3310.6528941064,1.00112082942295
"N_all[9,3]",1058.14517368417,3.51499687648545,262.547443866669,629.614659558881,876.473916733831,1028.69107060485,1207.14627402113,1653.69411910469,5579.11999084587,0.99978417204686
"N_all[9,4]",1914.85713268975,2.69585259590924,182.616828697207,1559.03583849181,1800.6217620464,1913.03709668278,2025.41773805548,2283.72688726211,4588.69623486069,0.999974740823104
"N_all[9,5]",888.408697262706,2.26755887449181,168.987643722138,587.791207079134,773.351068955144,875.748147159359,992.634451367638,1254.14405818317,5553.83223931756,1.00032624244344
"N_all[9,6]",1381.54825143423,5.8091262170933,326.75017450972,847.140156239614,1149.05754553101,1348.55449900568,1574.83982145039,2135.58313285821,3163.80735313916,0.99961546782529
"N_all[9,7]",8467.30834183771,16.4122258712099,1218.66290459339,6305.55393901738,7642.93023948178,8389.59782953262,9203.70030467163,11108.9204677252,5513.56136792922,1.00000760389716
"N_all[9,8]",1041.01607250368,2.16392189834169,170.023735684219,749.142621896556,924.570429139031,1026.92204007053,1140.84343602223,1413.55486949206,6173.5638525746,1.00006242538822
"N_all[9,9]",873.86647346489,2.44342573254072,145.466262786885,616.923432039727,774.28454383363,864.947525924506,962.127129034649,1178.16539010672,3544.26573625903,1.00060242745754
"N_all[9,10]",76.3476538671722,0.264544371946784,16.658896539336,49.0628124793266,64.9191705908332,74.7838575267876,85.6745317831656,113.667280642908,3965.47675883302,1.00096689351029
"N_all[9,11]",54.5513700650662,0.175890038908932,12.995540927698,33.6795830011142,45.5630800665019,52.7290845983233,61.8979711712465,84.5700665358046,5458.91375170542,1.00009434743945
"N_all[9,12]",394.330837477414,1.30116023410687,89.5588421786626,249.630281986567,332.068260062658,383.493575999395,445.032450699779,602.779679744103,4737.56712948174,0.999927079303327
"N_all[10,1]",472.433162735424,1.83790915490102,111.592572274456,289.591991810186,398.357873136884,460.935480195306,531.886839326267,726.544210381816,3686.57008608358,1.00070976475957
"N_all[10,2]",1549.00918073703,15.430821463221,866.726900010768,512.823953245438,993.788393047455,1364.69060460209,1874.89897885028,3675.67056027873,3154.90625016499,1.00037299398679
"N_all[10,3]",1410.86849539831,7.30638113369532,373.702003679417,800.440965469046,1147.27787010182,1365.05323328304,1622.66518086646,2276.80302800881,2616.05100041361,1.00021098899585
"N_all[10,4]",1861.63216500265,2.25060166455708,180.121220892382,1534.06133777227,1751.66970036964,1853.68930290128,1960.14532535739,2250.15916255694,6405.19701470967,1.00031423385111
"N_all[10,5]",838.294222953309,2.34324746967037,167.333263016442,550.329256985247,725.135229607094,825.077693096568,933.710787669047,1218.10376357679,5099.50763550316,1.00128374253476
"N_all[10,6]",1369.09634358912,4.68139010163642,321.167102916762,829.855939232302,1149.27611156031,1341.25748073321,1553.41200025052,2094.26482922174,4706.65584356866,0.999589187933324
"N_all[10,7]",7848.15170269959,16.3466234298819,1184.77449358057,5774.51410731293,7032.72256452522,7773.01255700841,8561.15361786829,10394.0904552251,5253.09525079608,1.0004668179407
"N_all[10,8]",1073.97932469668,3.25059802652368,188.560464826839,735.574791555501,944.718252270002,1062.3593452287,1190.23500255773,1471.10698573763,3364.92001591204,1.00085904657475
"N_all[10,9]",814.255911366552,2.75369056034775,144.664332438994,555.777552483215,714.070583717978,805.801225610698,905.329324474491,1126.22701602455,2759.89565639493,1.00025916671544
"N_all[10,10]",72.8786427733392,0.20653336819782,16.2651809282436,45.4967316525354,61.7703586697309,71.1104390209263,82.2198495169078,110.010189656103,6202.0796851775,1.00046811604192
"N_all[10,11]",32.6964820769796,0.250676866863735,9.7750881190699,17.8845267471119,25.632416835706,31.319690214139,38.3003873182063,55.4245377026208,1520.59250779421,1.00270750793809
"N_all[10,12]",450.846315523622,1.27435714916293,103.199571027032,277.284653284458,380.20620362837,441.457824887472,509.220533393791,679.059393233474,6558.03099181983,0.999683806717738
"N_all[11,1]",380.883032933026,1.14824965842653,63.4297302372865,272.722700964811,337.140863826859,374.478285261261,417.765045182683,524.206313532153,3051.49792482131,1.00110265648833
"N_all[11,2]",1345.61217667956,10.0583059729606,629.160981285057,539.869648832943,957.183542342448,1240.50440065689,1587.21866329955,2770.7478442669,3912.6759137086,1.00005821798256
"N_all[11,3]",950.650495806566,5.32119377320827,249.652917989014,567.503377006725,775.082879507532,916.236124909575,1087.3271053852,1531.38649848459,2201.17790430639,1.00073269678921
"N_all[11,4]",1757.22314008292,2.09434183055575,160.139101030875,1463.48151659882,1656.10279580406,1750.39205453735,1848.05685761855,2092.42593469537,5846.5495984608,0.99983209988389
"N_all[11,5]",626.47457567985,1.41956780480661,118.076504787715,427.907090444158,546.837540174183,615.171452839578,694.719023291436,885.145766695859,6918.5438151534,0.999769919860082
"N_all[11,6]",1004.09985391756,2.70292717046986,222.145758241537,644.483487046575,849.64488049777,982.850394688671,1130.05949673943,1510.00586606794,6754.7201720151,0.999772923474095
"N_all[11,7]",6445.34540158708,11.8350270694964,943.660375693723,4840.70632968055,5784.12508359722,6384.0669114084,7010.86249571726,8490.98231425987,6357.59601231203,1.00003986769292
"N_all[11,8]",804.167856180825,1.85565077166842,131.285551870294,575.318753501041,713.790031821638,793.999015512361,882.908829342834,1095.35035791496,5005.42980248804,1.00049254212457
"N_all[11,9]",519.150235419698,1.31257376968814,84.6583050728023,374.31995956605,461.237549105699,512.300970177406,568.101295280662,706.073547018681,4159.98434580206,1.0004686174074
"N_all[11,10]",54.0146607473993,0.356911875333944,13.606804433193,31.947689891676,44.3741135990715,52.3111375717084,62.1744004291607,85.2228834096637,1453.41717922563,1.00107242647992
"N_all[11,11]",49.0667007409761,0.153503063464195,11.5473214810711,30.2057039192939,41.1198215491397,47.8902224826499,55.7345245035975,75.0355939035587,5658.85309238692,0.99959017305005
"N_all[11,12]",428.85733647786,1.24908548507613,94.3727527329529,274.967834968307,363.939127762507,418.40699855852,482.607904145291,642.204110565829,5708.32803984829,0.999562148485526
"N_all[12,1]",416.516612817966,1.42856390121674,95.4333411628186,259.006279212941,352.981358708606,407.452152344042,465.36450078884,634.308781470359,4462.73310617555,1.00024315045986
"N_all[12,2]",1127.20194740765,5.64277605178067,382.655270961078,554.007005171173,870.247293160021,1068.03618926439,1322.40232281362,2025.2617654564,4598.64379458565,0.999767339225449
"N_all[12,3]",1615.5377074636,6.42010302890101,409.34421057135,938.895023741951,1326.67123520704,1571.850879053,1857.79888061842,2539.36913198642,4065.30664316138,1.00038160605084
"N_all[12,4]",1880.32658316472,2.72702832357046,182.23343557614,1529.87650077297,1761.56623752935,1873.51755987407,1990.96620707768,2266.86856842381,4465.5692476506,1.00000607104498
"N_all[12,5]",580.121218132066,1.38265587577178,113.345196401283,387.407041623214,501.894178415183,570.856355540014,645.822003678673,829.589728961727,6720.13552459924,0.999730628376659
"N_all[12,6]",961.656599315676,3.23129068577658,221.816361742206,594.008611127184,806.450771864972,941.537733713245,1089.16421657746,1442.68568189735,4712.32350866603,1.0001013631036
"N_all[12,7]",5677.80813882155,11.9974066387861,855.607973730756,4178.25872166047,5104.89526322602,5615.88134046962,6178.66320558814,7552.99234140854,5085.9828158293,1.00050922215256
"N_all[12,8]",481.104095884758,1.62366331230674,87.4293193528879,338.110016449276,421.810808271938,471.95548264664,527.702279230666,680.925483562852,2899.49416745581,1.00054047182366
"N_all[12,9]",344.964859062674,1.13745261971533,61.0523455584311,243.397799402258,303.216443382358,337.587243736869,379.733559203048,483.546770915045,2880.96562747796,1.00323543935384
"N_all[12,10]",99.3771331633095,0.4434673301407,23.2727931171422,61.2176458173463,83.2066100926691,96.9928287970341,112.893992582686,151.080949295055,2754.06226836705,1.00081328161282
"N_all[12,11]",39.1132227783532,0.136542602768421,9.63661858213484,23.6204178020453,32.3080605254566,38.0205539611194,44.5139060124031,60.9120643825782,4980.95921497101,1.00021726558755
"N_all[12,12]",596.051183177116,2.42458199720778,141.281337503001,366.036490848734,496.927059559016,580.555775049519,680.215511481047,914.74756586628,3395.43829974052,1.00056534588617
"N_all[13,1]",436.345731428182,0.977605496492378,70.6028961763648,309.988332070249,389.239455579105,432.695468236734,478.344417850168,583.784679071003,5215.7619714808,1.00013041167447
"N_all[13,2]",994.378822660619,3.49020059551149,209.594806389553,662.726115997542,854.929162380536,966.717823784111,1101.45246408177,1486.13706930066,3606.28675904976,1.00023842552781
"N_all[13,3]",1628.54113869324,5.97677933731024,415.546730415566,954.776722514576,1335.76693253756,1582.11636019901,1864.26688025498,2571.47900371026,4833.98496360572,1.0005928358167
"N_all[13,4]",1653.09075432121,2.13937979255278,162.877181632907,1355.03356605755,1551.9989013623,1645.60315207565,1745.86889358931,1996.35310876334,5796.21802287947,1.00038352010083
"N_all[13,5]",428.826506956007,1.34292180918483,87.5721672314575,285.060425072168,368.61480451855,419.829474629728,477.772535611186,628.347912721835,4252.36702484275,1.0003525374426
"N_all[13,6]",577.716368393987,2.73277907695025,147.331378942159,351.559861004149,473.062333617766,557.20661940439,658.895064401814,926.710397880376,2906.57450232667,1.00116006967079
"N_all[13,7]",4329.68162578969,8.28478001256799,658.411538357452,3183.15906469264,3890.0081909669,4267.56867962925,4698.06467625066,5769.56489501204,6315.86595488405,1.00104862072031
"N_all[13,8]",436.100359657846,1.44491941963015,77.29470926105,313.696637104495,381.563405459785,426.939807172884,478.796803730642,615.890922719355,2861.6220916447,1.00039239242006
"N_all[13,9]",310.33651014141,1.28787910058193,57.9796349089544,218.999402883097,269.70778406492,303.419822132286,342.84854134859,441.522699950375,2026.7527054155,1.0012252000229
"N_all[13,10]",103.131792453691,0.354754971437963,23.4600718805842,64.10529622709,86.4868836961437,101.0734005529,116.931027966701,153.55236049584,4373.22373363609,1.00095350114203
"N_all[13,11]",49.2919160889793,0.165195069296869,12.1228028530618,30.1066599223882,40.9081591029332,47.7635130275226,56.3781129398583,77.8462763816891,5385.32507883892,0.99986342863413
"N_all[13,12]",479.629773559549,1.53226611335995,109.196900418192,298.785678660605,404.263632627616,467.194322140239,543.742139814216,720.014712086987,5078.69611817036,1.00002929331743
"N_all[14,1]",407.10584430534,1.17650729003904,85.4835702126582,261.5239440057,349.640500087202,399.136485519348,453.285923137014,599.716876369542,5279.29656423968,1.00022846531052
"N_all[14,2]",1307.87756849912,3.1102214904035,227.68916979394,901.970542830784,1159.7929830126,1293.20770833873,1437.8961207156,1801.18016660059,5359.2264897305,1.00030212644801
"N_all[14,3]",1392.64117628899,4.5787041840748,347.669443371564,840.633146671976,1154.13090871942,1350.77530819536,1587.36326664137,2187.10964283323,5765.64465278511,1.00015048151452
"N_all[14,4]",1515.64900534652,2.95019122682573,205.213049279536,1149.96860404928,1385.2931671223,1506.73148647567,1632.69814197222,1954.70324031883,4838.48738305425,0.999706642101893
"N_all[14,5]",463.905219152244,1.56982878317816,92.8148080181033,308.916067647887,400.025710529034,455.867668798413,517.5801488565,666.71408065352,3495.66628582834,1.00074498301819
"N_all[14,6]",657.913884922074,2.83550161445379,215.528702936164,338.377619175867,508.762817619462,624.296787396085,767.95587337234,1172.64330850321,5777.63940161559,0.999991941416535
"N_all[14,7]",3744.07113928153,9.49361799503499,563.079889378709,2776.64491063801,3349.1257193403,3702.46503691302,4081.25982036753,4972.65576648286,3517.84360723542,1.00048465361886
"N_all[14,8]",528.28209601958,1.08669296970652,84.1783491340236,381.607580295663,470.586398257484,520.855123898766,578.637221190789,715.086131298382,6000.49521523808,1.0008381852507
"N_all[14,9]",433.831984461274,0.823801094626214,67.29367618362,316.427014872012,388.377004753636,428.71402520277,472.097931624536,579.431904462297,6672.73347810097,1.00016941375964
"N_all[14,10]",89.7030962189785,0.257907657833737,19.3524181204817,57.5188312447564,76.576308593516,87.7515950842149,100.601526691145,133.31096947378,5630.4356895491,0.999977748569586
"N_all[14,11]",42.0779531447516,0.145371521949284,9.99360961889715,25.7502607616494,35.1442686025937,41.0578186532914,47.5497149738765,64.6820051691241,4725.9169634959,1.00023933173158
"N_all[14,12]",337.089983287896,0.91966381992237,72.8487905153408,219.396751776635,286.260251228992,329.879777825243,377.241578258309,503.260152417851,6274.60640609752,0.999647349611413
"N_all[15,1]",364.472222918572,0.704783195487872,53.2360768612677,270.706778082571,328.437651806112,360.41780816185,394.902431780064,482.25166994062,5705.59585509216,1.0001493703324
"N_all[15,2]",1351.46740310938,2.82325614372458,221.568656167837,966.568812507143,1202.4361592359,1334.62586431221,1480.93974729491,1835.79417089322,6159.08338113786,1.00013196170815
"N_all[15,3]",1100.94004208033,3.32214535726207,262.765395023412,676.966511611056,925.428867778108,1073.47646779672,1237.69137531591,1707.15834769092,6256.03369054982,0.999902553688814
"N_all[15,4]",1383.86135614585,1.73816146113507,130.04664919296,1148.73496262824,1301.31900890383,1376.74480707653,1460.12430041252,1664.66616810031,5597.80931219037,0.999683854502778
"N_all[15,5]",326.323558829285,0.705267944468952,60.1049983057246,222.912619554342,285.828307325409,320.20809935599,360.271197993638,459.40388834964,7262.94722815694,1.00009814548104
"N_all[15,6]",701.678489122559,1.99136496333825,157.157200171969,441.772587310526,594.321535770322,686.21449683287,788.753054039362,1059.92321621287,6228.26155755876,0.999757677623674
"N_all[15,7]",3822.93960840563,8.2484535204619,557.948889201068,2883.85600763115,3442.59006830995,3764.97874437917,4151.65417055711,5072.13929985419,4575.55490984803,1.00002212500425
"N_all[15,8]",601.608246862808,1.35066503531425,95.0433944053198,437.179496192911,536.475699137071,594.014114836478,657.549322301774,813.475483150858,4951.63429279154,0.999600270796928
"N_all[15,9]",567.099806614186,1.11588395233872,87.7764079391217,413.508498961626,506.455183387799,560.012983133211,621.677138406144,755.902178053847,6187.53323457565,0.999824667637734
"N_all[15,10]",74.2037090511436,0.199911960726071,15.8166282438784,48.4355318174191,63.5269190454252,72.5255812898238,82.8970624320276,110.091942275579,6259.65296519658,0.999886908746573
"N_all[15,11]",45.0664330242946,0.156351561610383,10.4183680622669,28.2555123632773,37.6905901265815,44.0024269416348,50.8953907812903,69.2360054208162,4440.12243606654,1.00027716512545
"N_all[15,12]",202.823054981548,0.970294489555449,46.9403256583164,129.730232848453,169.74313737356,196.562046907193,229.250636213945,309.491130135904,2340.37293240115,1.00082723657132
"N_all[16,1]",372.495187411687,0.654900003255776,51.9442958718108,281.18231411258,337.92803676398,369.611551922288,402.710625610109,488.543586787554,6291.0877370155,0.999621468570773
"N_all[16,2]",1578.50986572314,5.37657508591412,278.248929067459,1080.60721604056,1388.09192875349,1560.15194222853,1751.12365657627,2173.60789857069,2678.27749739537,1.00096384191012
"N_all[16,3]",810.006364143451,2.90182068484595,200.162845648856,486.292296843277,668.646088365198,787.437512291584,922.874591218719,1272.46163676658,4758.0148040812,1.00101714473396
"N_all[16,4]",1332.23196688328,1.52189002066992,121.173867329157,1100.78366157601,1256.98094232722,1326.81765801567,1402.9825062387,1600.33759151735,6339.44734714421,0.999832135100296
"N_all[16,5]",274.61026021502,0.617733377357591,51.4954306536626,187.839812620729,239.322845178406,270.036428000078,304.014181299577,388.022622734975,6949.20707974082,0.999914150721619
"N_all[16,6]",738.447796140274,2.22401697274226,162.641744718858,469.156119050156,628.597739663895,723.533233650371,831.80963300249,1097.26583596442,5347.95635678649,0.999833699003769
"N_all[16,7]",4821.14310682848,10.7471966131527,706.611935842114,3509.51299380849,4352.42403838234,4793.54313983215,5261.17882603597,6313.35270292974,4322.8637757011,1.0000862205411
"N_all[16,8]",765.52329314708,1.62133892573461,122.022274868202,548.896705297835,681.573468397279,757.408788968114,840.606407784795,1022.13838458553,5664.09613041699,1.00075330106604
"N_all[16,9]",710.314173872983,2.00589618736628,115.927781107901,496.955976590765,630.074529364865,706.064814152762,781.916494544115,950.494072896215,3340.08978339067,1.00031677983293
"N_all[16,10]",56.3761022084265,0.179487510896955,12.3589585256646,35.7627700148537,47.5751473218452,55.0057405560977,63.5550574818172,84.2561797936659,4741.2764652601,1.00078505134581
"N_all[16,11]",54.5361349566771,0.17172844757138,12.9784674685314,33.3839600344551,45.4945876603006,53.0789260700474,62.2677165764838,83.5060994086171,5711.65987858832,0.999861062083565
"N_all[16,12]",193.686633365101,0.658420082148987,43.175675492562,124.073313108935,163.333674408628,189.727475045688,217.976839514399,290.441359553073,4300.03652580502,0.999994436624841
"N_all[17,1]",350.196192283829,0.799841107125732,51.3594750502433,261.173746983811,315.921016797968,346.020729165666,379.652859920766,464.343000620754,4123.19344848693,1.00046032158053
"N_all[17,2]",1278.55855684287,2.91085279782098,219.352865992034,901.556085206129,1133.76522030027,1259.05396342932,1403.767857233,1782.12308297297,5678.66355769604,0.999859008290459
"N_all[17,3]",808.125476330832,2.68891324167512,198.388469251019,488.781538300612,668.82392083847,784.966774970109,918.229818614265,1244.38504456357,5443.5131101412,0.999750541812787
"N_all[17,4]",1339.13011187233,1.84213468562371,126.681083609933,1105.78736579527,1256.80129991173,1335.41835705525,1415.68573047912,1604.49119144157,4729.12484569319,1.00088352788691
"N_all[17,5]",188.923431431971,0.810160985466237,40.8310177432244,125.672897833949,159.987148228409,183.575598076338,211.677273747763,284.54487658194,2540.02364724257,1.00050274823941
"N_all[17,6]",690.807057072993,2.68715353347117,161.061171784426,420.996151044263,578.434917104531,675.801870039317,785.236372712775,1046.92084433631,3592.49975177354,0.999768847919354
"N_all[17,7]",4488.04533538432,9.12148039667137,726.288587675168,3181.20200463176,4008.44261244939,4437.72439458001,4906.00508988994,6057.95030464329,6339.97845292263,0.999566258726111
"N_all[17,8]",792.503349247491,1.60633008374709,128.364845359242,565.714159317225,704.900704640797,781.923063362555,868.710577233131,1079.50396638455,6385.90741759036,1.00032559286881
"N_all[17,9]",625.462820449252,1.23113489185258,100.341468484205,452.468561217122,556.92231613385,615.94151811304,682.573342249816,855.018446793037,6642.77626641238,0.999538370699159
"N_all[17,10]",57.5691820756616,0.160877369179052,12.7114822010694,36.6424706697832,48.7650404990071,56.1630350492161,65.0017576836279,86.7170388644605,6243.13140573388,0.999813697330866
"N_all[17,11]",79.231006310149,0.361300383355343,19.7779494682606,46.5598853583571,65.3720146546065,77.3496679284181,90.8073899563521,124.160426690905,2996.57865156549,1.00171539782961
"N_all[17,12]",169.421297535164,0.712372127679929,39.7001907482321,106.527657447471,141.215185081239,164.268846822966,191.508363542377,260.439098980807,3105.78472089491,1.00025684463944
"N_all[18,1]",414.245981992467,0.726106065960798,59.367285596861,308.187072480353,373.628007786763,410.283125146146,450.158261652138,542.456216052832,6684.88984306428,1.00049095359043
"N_all[18,2]",1228.65869817645,2.84737553042109,216.432044396127,860.321596032934,1090.73978696273,1212.66672830477,1347.12000580875,1687.50225453269,5777.68188892016,0.999880276650056
"N_all[18,3]",1091.02662678162,5.35147930708093,287.427568035219,624.323742374344,887.981493271442,1059.54619433772,1251.77663579282,1742.19127883388,2884.75636091582,1.0006358076768
"N_all[18,4]",1200.28012237645,1.51716376440116,111.747569291397,991.067568657304,1129.17529309808,1195.04164176326,1265.70884037831,1439.7142143308,5425.14371452737,0.999952170012732
"N_all[18,5]",221.12065622962,0.527913852375377,43.4981390426064,149.358992155808,190.787563191086,216.283577990502,246.644999876931,316.846446136074,6789.14740934574,1.00036585332615
"N_all[18,6]",475.012322408936,1.33490335525745,105.929697168753,302.364306636426,403.176878354989,462.32043316217,533.669885062081,717.31465305675,6297.03072197156,0.999877722768568
"N_all[18,7]",4620.67533188234,18.6674524804283,1319.78151654829,2589.25910064395,3704.24934723462,4432.02187357007,5314.56302742282,7771.34555888221,4998.43414583602,1.00049728926558
"N_all[18,8]",903.542698373325,3.19998964162151,159.697991677434,622.3668542825,795.442954478465,893.228221729973,1003.00482469152,1243.12382462842,2490.58727105377,1.00114073058353
"N_all[18,9]",658.69068510133,1.45460498325983,110.120071749306,467.324703887248,583.72218788883,652.376046232243,723.582153665322,892.947361562746,5731.16390847231,1.00059558474206
"N_all[18,10]",66.159302453779,0.222618786591704,14.7278309906902,41.6944324870221,55.9425904867577,64.4634679599303,74.8637988673296,98.9001025146084,4376.77237922917,0.999762249616343
"N_all[18,11]",81.6972746849329,0.320611364773936,20.5021415723219,48.1010379619639,67.2882237446153,79.6109786148342,93.714489024232,127.487796132942,4089.22145340158,1.00079162931199
"N_all[18,12]",225.81148684097,0.845670602128818,51.4527065783895,139.544024819513,190.47998368724,220.346050707719,256.309486661282,341.760347493795,3701.80879445627,0.999874065052312
"N_all[19,1]",478.652505128792,1.23750989703116,78.9095634384735,336.541802856177,425.92624733845,474.732652980509,526.481799039602,648.738557003602,4065.94893132675,0.999924821047081
"N_all[19,2]",1103.21505198955,2.94675663157801,213.816859303093,751.288841748192,960.720444161923,1082.22068201641,1218.76212394112,1587.11948811661,5264.96335668532,0.999822076151006
"N_all[19,3]",895.117402280152,3.74567995431923,256.58050210132,484.012124011342,717.640953550055,864.043126068081,1041.45095647984,1479.23697812316,4692.3021286166,0.999940707233047
"N_all[19,4]",1002.30218125781,2.12109634431185,112.764707796862,807.189476449411,927.723290070019,991.678021106903,1064.34275566084,1251.10624533611,2826.34782169093,1.00045321176609
"N_all[19,5]",204.939545883055,0.842106744326041,48.3910801651361,129.953099716771,171.620675129871,197.977159735096,230.500284000012,319.097733748448,3302.14653564691,1.00074734356307
"N_all[19,6]",281.252333234372,1.72061468500278,78.3697924456608,166.180309571524,225.392407634937,269.290748531024,321.8522750623,473.053038389588,2074.57979012725,1.00167052906524
"N_all[19,7]",3946.90922437872,19.8165370440953,1447.91049321266,1898.94657179714,2971.49379845783,3699.33912505008,4636.91578051872,7583.50946360446,5338.60641645097,1.00072223044074
"N_all[19,8]",679.955589641269,1.63567707093645,124.075459565156,476.615203098928,595.665950659155,667.872752457471,749.996559703979,956.135683186998,5754.09003984509,0.999637348706465
"N_all[19,9]",541.969907711421,1.30496124634262,97.3000928868018,380.134133135604,476.567078221352,530.921410670813,597.161759556822,761.116345455025,5559.44298449219,1.0000946509187
"N_all[19,10]",56.607663080676,0.242762651930387,14.5700645240158,34.0150883697456,46.3706884799778,54.5298031922053,64.7709160514338,90.9114171871399,3602.12852074087,1.00117204070491
"N_all[19,11]",69.3392704239531,0.240498191259763,18.5775919365648,39.6462708037166,56.3323287418,66.982404552941,79.8351196717712,112.43390825807,5966.98861858803,1.0005956574662
"N_all[19,12]",194.519498242772,0.58114924316873,46.3681377683868,120.074881069799,162.607467567167,188.832426830728,220.748263915886,302.184616352831,6365.96072955088,0.999830098449547
"N_all[20,1]",486.979838916105,2.25722136716968,156.248581311406,259.477074927926,382.41603438044,463.437466975214,562.117794115022,870.799233516683,4791.63645217554,1.00033978790335
"N_all[20,2]",1132.51992706129,5.72006404721188,418.394742710483,543.722905013456,853.02369648645,1064.2361487493,1331.21110074524,2107.43723390831,5350.20785270597,0.999900601136137
"N_all[20,3]",993.634593214441,7.12723070913205,519.360788847183,317.736909498254,638.035295494207,887.959622368882,1222.66164513472,2287.54022186935,5310.02641149663,0.999999298653409
"N_all[20,4]",979.062307711897,2.96516313128018,199.994104582377,639.104861034241,846.219050211687,963.039117044474,1088.17502595478,1429.70922323161,4549.22277292099,1.0004618725907
"N_all[20,5]",200.908595388486,1.23805624409886,88.755130926909,84.0606260597482,142.048518023409,185.211528766693,239.372722717543,416.52447593391,5139.32625255636,1.00115126081956
"N_all[20,6]",290.931960262546,2.16150403240407,143.734231108899,100.768366487781,192.962879417666,263.916304848908,356.212430738885,647.675887618704,4421.89392311606,1.00032784439667
"N_all[20,7]",4088.10450996779,26.7901918487055,2018.19975502459,1530.52939137493,2736.10872197601,3662.60849556888,4946.15658883166,9219.94811439662,5675.14093170061,1.00050785763862
"N_all[20,8]",696.260097609221,3.11377253277753,247.919398800655,324.150905929083,527.462727904235,661.103747460913,822.024374575504,1270.66464561111,6339.38683346678,0.999887875463791
"N_all[20,9]",548.829297542297,2.52352692386148,197.325728461168,261.562792072936,413.147635506055,519.208188977373,648.878766250748,1020.08123522809,6114.36758533458,1.00009371833426
"N_all[20,10]",57.3326679075607,0.388951981103006,28.1579077082807,20.4565659195207,39.0402302461832,52.1022224600584,69.378067790199,122.339765114403,5240.9351574299,1.00221014549294
"N_all[20,11]",76.1790599944391,0.537023848855889,41.6176927414356,24.8859012125859,48.2092962609079,67.1752074455706,92.9740510521113,178.56691550962,6005.77217325977,1.00004562614502
"N_all[20,12]",205.339175007402,1.21445007327514,98.7373630726218,76.7510206479358,139.437070114911,186.263326931099,247.230340639018,451.048312126629,6610.03437924881,0.999925914358224
"eps_all[1,1]",0,NA,0,0,0,0,0,0,NA,NA
"eps_all[1,2]",0,NA,0,0,0,0,0,0,NA,NA
"eps_all[1,3]",0,NA,0,0,0,0,0,0,NA,NA
"eps_all[1,4]",0,NA,0,0,0,0,0,0,NA,NA
"eps_all[1,5]",0,NA,0,0,0,0,0,0,NA,NA
"eps_all[1,6]",0,NA,0,0,0,0,0,0,NA,NA
"eps_all[1,7]",0,NA,0,0,0,0,0,0,NA,NA
"eps_all[1,8]",0,NA,0,0,0,0,0,0,NA,NA
"eps_all[1,9]",0,NA,0,0,0,0,0,0,NA,NA
"eps_all[1,10]",0,NA,0,0,0,0,0,0,NA,NA
"eps_all[1,11]",0,NA,0,0,0,0,0,0,NA,NA
"eps_all[1,12]",0,NA,0,0,0,0,0,0,NA,NA
"eps_all[2,1]",-0.187091929023046,0.0107835294926506,0.864165552896195,-1.86794876874991,-0.770309143922632,-0.192100504614112,0.389308867023962,1.50124852772616,6422.02571613944,1.00014201898688
"eps_all[2,2]",-0.0189504652359846,0.0106985156775271,0.866224314493462,-1.68552834048863,-0.608522507975529,-0.030376399135515,0.566902469761777,1.69093770106053,6555.6186962386,0.999905079800675
"eps_all[2,3]",0.0268266394218796,0.0100147420681166,0.713637537343576,-1.39945331037192,-0.44077827522387,0.0440376103180496,0.51080055709536,1.3836847443121,5077.80284844675,1.00002667855851
"eps_all[2,4]",0.0929048347078604,0.01082583475608,0.860422796358572,-1.53885628417272,-0.48574352649761,0.0849669274599188,0.654170854071046,1.79526798993316,6316.85675761713,0.999891765716559
"eps_all[2,5]",-0.419846731053805,0.00970846344291071,0.745855562188265,-1.86039670981227,-0.934479751566583,-0.423262561572771,0.0790840378246251,1.05478167824923,5902.12585988426,0.999811857178141
"eps_all[2,6]",0.0607430131924262,0.00921297094077732,0.779671066754862,-1.45330215366225,-0.462787372994477,0.0550441955073451,0.570214050973415,1.60861564745476,7161.82052544836,0.999968464548326
"eps_all[2,7]",-0.0422823594490664,0.0100360134264227,0.785559801954657,-1.58960185285803,-0.560598653116077,-0.0270722026945526,0.488287895162847,1.47237199561459,6126.83291221894,1.00093234034955
"eps_all[2,8]",-0.0496475393982021,0.0102789302488883,0.899491901954032,-1.78696503065516,-0.648906534668327,-0.0580429913864315,0.546042406602544,1.76142154816844,7657.70580491016,0.999774903242975
"eps_all[2,9]",-0.0683993937925778,0.0112114827290022,0.905069109276112,-1.82335396428623,-0.680180169963556,-0.0782130505997037,0.554314588536356,1.71057325260035,6516.84482817442,1.00031301755362
"eps_all[2,10]",-0.234305967358744,0.0103952915610703,0.869516391146695,-1.93356836201803,-0.826345442195092,-0.235450454762617,0.347327412130573,1.47431802489834,6996.521888328,0.999744463777669
"eps_all[2,11]",0.00489831268741213,0.00959801888194557,0.862748517152589,-1.65009335778162,-0.579147960545618,-0.0125022949063563,0.590283323257131,1.74633604210029,8079.8861820526,0.999710210471314
"eps_all[2,12]",-0.161703587047538,0.00909087917103737,0.892096793137528,-1.88315348468702,-0.763034933585051,-0.176826575087027,0.432240784157811,1.6245585983278,9629.68731482547,1.00012879038026
"eps_all[3,1]",-0.413455567576627,0.0155037921545183,0.959883658217034,-2.23362566807443,-1.06623341938348,-0.433036465499096,0.21912638261317,1.51835987365081,3833.19860006635,1.00017915891854
"eps_all[3,2]",-0.0328049568692111,0.0147573990750208,0.98678830600803,-1.96299083803449,-0.703729197531277,-0.0446486068712618,0.634328498196775,1.9243454174744,4471.24373726435,1.00022157984336
"eps_all[3,3]",-0.885635443492473,0.0113298902276937,0.770383951366042,-2.35499792768645,-1.40766645922077,-0.904504349714104,-0.368026927714472,0.711234917312211,4623.41683180844,1.00080647022531
"eps_all[3,4]",0.0414403336985948,0.0143812666142661,0.941430816601194,-1.80418522597093,-0.594015505666808,0.0297869360908831,0.683752414807909,1.87362868123231,4285.31296816874,1.00020986220064
"eps_all[3,5]",-0.823641557990651,0.0104274684800989,0.796362336271908,-2.32165758941557,-1.36343324329775,-0.833602099586576,-0.304316167756741,0.795235608534805,5832.61959465672,0.999915594723277
"eps_all[3,6]",0.157897104946238,0.00996968470069507,0.818944517304366,-1.45354259784541,-0.386951822377451,0.158755327303147,0.71890003257125,1.74974262994451,6747.5500127141,0.999593338088829
"eps_all[3,7]",-0.642315703630646,0.0115543639006486,0.843024121135622,-2.25702563981854,-1.21314811270673,-0.647821704803935,-0.0751483206801535,1.02461450525417,5323.38552635574,1.00076220730825
"eps_all[3,8]",0.0221978258493576,0.0106560866316901,0.921711462389105,-1.81036730031932,-0.604589651123541,0.0248220096982094,0.637872013633325,1.81856741524139,7481.60011261942,0.999985951866353
"eps_all[3,9]",-0.243495810281678,0.011079357698159,0.92386810775636,-2.0182182725062,-0.85354050704195,-0.246558400445166,0.371438698080939,1.57549010442702,6953.29704854176,1.00030890515278
"eps_all[3,10]",-0.602155962164181,0.0101247632772909,0.880271933797777,-2.32125437353867,-1.18716921061384,-0.605726168198891,-0.0201340262869135,1.11801066851469,7558.99319798114,1.0002575200795
"eps_all[3,11]",0.394975487503186,0.00949248563966467,0.874339873103858,-1.32920951439336,-0.175322391014423,0.392737091544593,0.978609447872049,2.06679468945576,8484.00021611614,0.999739801711227
"eps_all[3,12]",0.211585387727932,0.0095853095171096,0.884454148786956,-1.53976141505121,-0.38842537505055,0.206480114625408,0.808399702565955,1.97804074079591,8514.09250846252,0.999589480183049
"eps_all[4,1]",-0.0252796959350969,0.0146476076049731,0.974940043477347,-1.92767384577111,-0.690009671943645,-0.0272378800173855,0.646582643551212,1.86582260940973,4430.19071565144,1.00093407030164
"eps_all[4,2]",-0.137082090414178,0.0154986503483656,0.981163385482572,-2.05311261976019,-0.80946580547229,-0.15497967979219,0.54583355051263,1.76331002415257,4007.69723438151,1.00031348892275
"eps_all[4,3]",0.512352427641949,0.0118431639514433,0.753771977218651,-1.0150402306232,0.024962986427829,0.54231292542334,1.03274052115435,1.91853734767394,4050.83442930116,1.00022005924909
"eps_all[4,4]",0.447853515932923,0.0144742609909962,0.985320108997205,-1.51551770580224,-0.200415462052145,0.451563104040581,1.12800616603376,2.38950376313112,4634.06257462678,1.00006951224768
"eps_all[4,5]",0.259427377207347,0.0103396223532515,0.787272643577802,-1.25608356317673,-0.279040612474585,0.237561998902628,0.778020456966615,1.84125092342817,5797.50281023884,0.999754270184399
"eps_all[4,6]",0.685534845264119,0.0107815866986172,0.85091480562949,-1.00520975440835,0.109335291037907,0.697480468025008,1.25316605407069,2.33877253071546,6228.8346381981,0.999836513784966
"eps_all[4,7]",0.680415877452154,0.0112955339358718,0.836873274424451,-0.985044186609571,0.127071248601665,0.696266710765511,1.25420400009913,2.28585940517031,5489.15972738643,0.999877334596691
"eps_all[4,8]",-0.208313932209321,0.0125288317461923,0.960179014729107,-2.09770893772688,-0.867425595375519,-0.198539868203867,0.442454124454955,1.66926846250963,5873.31462466672,0.999719894101048
"eps_all[4,9]",-0.500847341977181,0.0151147543565177,0.969252153934968,-2.38149804561143,-1.15713781099745,-0.510305927363831,0.155264776027253,1.39537897987795,4112.17286214373,1.00063753311527
"eps_all[4,10]",-0.0792331250027884,0.0123642946079077,0.938953443992672,-1.90178507900521,-0.731078017367086,-0.0822083281295068,0.578671207089007,1.77406224898487,5766.99306683572,1.0000086663863
"eps_all[4,11]",0.368768943121499,0.0120119472235926,0.949595168583155,-1.49291245683917,-0.270456347583003,0.365678614428858,1.00705436315237,2.21087687474222,6249.57035979269,0.999952013201884
"eps_all[4,12]",0.924517642875735,0.0117718165792503,0.973170263689565,-1.01783233734606,0.288469072934593,0.925574751015756,1.58086712350675,2.79707246215204,6834.2472554357,1.00023259756093
"eps_all[5,1]",-0.0398411203527684,0.0136660685794393,0.933642069446635,-1.84333336399964,-0.673514648664107,-0.0666186457130704,0.600146271807265,1.83080930760524,4667.38507993816,0.999605107793015
"eps_all[5,2]",0.200223173940456,0.018623399535602,1.00331918631061,-1.77358469103488,-0.469324611577606,0.19173078335885,0.892318971965359,2.16951572795406,2902.42037139828,0.999895232938733
"eps_all[5,3]",-0.673487004870822,0.0106983064960606,0.73310276440044,-2.10470677729147,-1.16385086993755,-0.67552275541454,-0.188973512730097,0.786505447797655,4695.69242920908,1.00149500408283
"eps_all[5,4]",0.157373145904006,0.00944016199204951,0.766301203416386,-1.31639590621276,-0.362749475117241,0.158971463744056,0.66699130016335,1.65735312102049,6589.31275770646,1.00015870933533
"eps_all[5,5]",1.27893691804835,0.00972444760811759,0.791988650428558,-0.281922687060869,0.752356663464111,1.28889715996658,1.8234271339883,2.8051500378631,6632.97001907462,0.999556267011458
"eps_all[5,6]",0.60270836319624,0.0100688927592799,0.805142172344301,-1.03327438557567,0.0860050988354877,0.611161575114734,1.14633546104056,2.14435295150745,6394.13379365963,1.00023223637042
"eps_all[5,7]",0.713980744586587,0.00930856825442083,0.806734812746378,-0.853367716880341,0.160350497298761,0.719307719220063,1.25826858764302,2.2854970668017,7510.96644087404,0.999846895373003
"eps_all[5,8]",0.326970016595108,0.00932583974691736,0.801117741347075,-1.24913833605644,-0.194370518572244,0.332687045204917,0.843858947096941,1.88025641072227,7379.32779596987,0.99966467778574
"eps_all[5,9]",-0.194011195594855,0.00990517886283573,0.836200611401348,-1.84472169622294,-0.759401256869735,-0.189108332331397,0.374947364054297,1.42466587473476,7126.82864784419,0.999820730517797
"eps_all[5,10]",-0.163818120663632,0.0095405678928137,0.853251105790299,-1.84583176584829,-0.726927954894884,-0.156307909066679,0.409172936953309,1.46112582746052,7998.43954728729,1.00016104433829
"eps_all[5,11]",-0.128585167487862,0.0121203734092903,0.907068741502154,-1.8912493905968,-0.739086889846741,-0.132492113500086,0.458170876565899,1.66083958079633,5600.77855868965,0.999986517632738
"eps_all[5,12]",0.327518755073735,0.011338824063133,0.916684982978686,-1.45281107079965,-0.292342759222355,0.326490190884362,0.945560523651596,2.08858853104543,6535.88196310311,1.00014695629973
"eps_all[6,1]",0.560515373242572,0.0108216114179695,0.805118922124603,-1.0445181158283,0.0327310700908227,0.555329613630224,1.09013414036088,2.13162047850323,5535.23669696124,1.00017994346224
"eps_all[6,2]",-0.0181342916992242,0.0124885385835042,0.917855001738087,-1.784466319128,-0.63113680641318,-0.0303053170509147,0.615985651480123,1.73946062977257,5401.63106060128,1.00044466247323
"eps_all[6,3]",-0.0463720233479656,0.00917934712358748,0.707001301910418,-1.4352022103962,-0.519538859020973,-0.041514155473744,0.419199442365018,1.35662709300145,5932.21442260024,1.00023331820514
"eps_all[6,4]",0.0895883781783481,0.00881635646458811,0.736337430071669,-1.36113634867923,-0.393381137187628,0.0795603714084821,0.587223008092569,1.55817535308889,6975.50207404766,1.0000570840151
"eps_all[6,5]",0.98477596855518,0.00908014630490348,0.7495307949684,-0.492671732161959,0.487769701564914,0.986927413775595,1.48003893348521,2.48105881683517,6813.86099008526,1.00032677621662
"eps_all[6,6]",-0.312946701046331,0.00983410365478074,0.806502911756571,-1.83443207216806,-0.8711412503144,-0.334607655573892,0.219372752555138,1.30298726514224,6725.77471487528,1.00011144371661
"eps_all[6,7]",0.508025582346857,0.00936268695266636,0.770552662439921,-1.05235247212714,0.00549378182811368,0.498215319605686,1.02451027192297,2.03716815079685,6773.35199285428,0.999855164223372
"eps_all[6,8]",-0.165613081274431,0.00915340937293743,0.798570623538881,-1.74590345043226,-0.704766201431037,-0.17146486434905,0.372747368052135,1.38788734459601,7611.33589482575,1.00033991155509
"eps_all[6,9]",0.13003069038831,0.0101986346912302,0.845678026340171,-1.55289938586789,-0.42142149598051,0.129080448678092,0.692249016467929,1.77000060807557,6875.84409344938,0.99960367727245
"eps_all[6,10]",0.232340951335059,0.0102768638330466,0.866997137474131,-1.47937231879173,-0.34857322573487,0.2189854453005,0.823126356962874,1.93515731209249,7117.28116413217,1.0002428767359
"eps_all[6,11]",0.441595210376367,0.0104083660231582,0.870628700615244,-1.28815407258198,-0.128109609806311,0.458843887065352,1.03013149276761,2.09985293721703,6996.82234289664,1.00081477341562
"eps_all[6,12]",0.0649714064583278,0.00970943933102532,0.92313083443685,-1.74789275741979,-0.548954779401654,0.068988945126938,0.676416323013006,1.84479093286408,9039.37097611021,0.999669375629009
"eps_all[7,1]",0.323851499804037,0.0101605620711591,0.793195137663973,-1.23387735926813,-0.20696265350059,0.312689733245765,0.853412434984333,1.90859730141187,6094.31109742839,0.999953441719908
"eps_all[7,2]",-0.0181434815952517,0.0126899544023511,0.908683568391715,-1.80164931783403,-0.623190121101034,-0.0311181582855246,0.589453025405614,1.75782958050721,5127.49477503339,0.999830020129428
"eps_all[7,3]",0.87727107436608,0.00858822217593815,0.703461876740322,-0.501595818716142,0.417216961686171,0.868325448104103,1.34435666695433,2.25308738026641,6709.25951272982,0.999635800314471
"eps_all[7,4]",0.2378906833132,0.00821256950149155,0.704141912116713,-1.16109183591682,-0.226908118544461,0.249478093861158,0.716402001486263,1.60678095477472,7351.26831936601,0.999665594684113
"eps_all[7,5]",0.618485467521926,0.00857295021688608,0.735310899762902,-0.845057759157983,0.128554708069456,0.615512481455008,1.10584983922753,2.09352821381768,7356.67217895313,0.999945660780359
"eps_all[7,6]",0.541036462148403,0.00918077803562324,0.772700555608251,-0.992109597548512,0.0375725907929455,0.560579626872774,1.06088952191631,2.09380452035301,7083.75405004004,0.999762690167056
"eps_all[7,7]",0.626535161169336,0.00869225697479072,0.765728255484648,-0.934297741070264,0.127216942080219,0.639197212185127,1.1498352011394,2.06912900097936,7760.40222491836,0.999839905471319
"eps_all[7,8]",0.118309084703354,0.00913961372897017,0.796827914781607,-1.44043207609354,-0.416083649599852,0.117790824147831,0.658982516612024,1.68086445654405,7601.04664007346,0.999866038352326
"eps_all[7,9]",-0.168716454142339,0.00865484416478928,0.820693202442609,-1.75633272770196,-0.737744955581563,-0.175660959780792,0.382902382851245,1.48626271251646,8991.72813384238,0.999569317141232
"eps_all[7,10]",-0.247302455744006,0.0109206752556236,0.879211086396703,-1.95164471386925,-0.839042491667805,-0.254011328006491,0.346903951045197,1.50498569801167,6481.67611292367,1.00035573434804
"eps_all[7,11]",0.141678324440903,0.0100973457052478,0.865809761026644,-1.53830039513482,-0.449336302655257,0.136093660273253,0.727775024332503,1.82347496149387,7352.42332675128,1.00007346270445
"eps_all[7,12]",-0.138414251474114,0.00945751923842182,0.909734255831316,-1.90140283111714,-0.745833571306236,-0.129038971245372,0.470369671819534,1.63645004461304,9252.83099473896,1.00042769932934
"eps_all[8,1]",-0.0423007154980017,0.00756064876546891,0.672568891255002,-1.31998937466384,-0.497688620839317,-0.05330902616512,0.395252442086131,1.31019886731757,7913.25981820224,1.00031006923523
"eps_all[8,2]",0.127126364345669,0.0111225032488663,0.871165925000619,-1.6387216232669,-0.446467006458184,0.141118029621524,0.71018620160708,1.81234879392254,6134.74728943046,0.999582726069717
"eps_all[8,3]",0.14100411393316,0.0099596975216364,0.709822953730925,-1.1920892934252,-0.322116157108061,0.116247111412677,0.600951101376245,1.56393167332666,5079.34579796389,0.999757222166051
"eps_all[8,4]",-0.13993783766167,0.00911938953418903,0.709350056448762,-1.4967452126399,-0.610548946096939,-0.151699044456513,0.326596881943706,1.26139909145988,6050.47793280075,0.999861066586843
"eps_all[8,5]",-0.0956411513089398,0.00902727512903748,0.72606774626289,-1.47457308205269,-0.593489264880776,-0.109678139518249,0.371058948175939,1.379470959959,6469.05631355951,0.999740480653006
"eps_all[8,6]",0.251419705829971,0.0103578013813071,0.777760399014286,-1.29884123432563,-0.26242423009888,0.257446666878618,0.768912582705311,1.78532763708816,5638.40795859221,1.00047587073361
"eps_all[8,7]",0.253683549469428,0.00952673186080632,0.771786801056959,-1.29187595704446,-0.259380189680342,0.249680631366493,0.757201568578001,1.76146097785094,6563.0665894762,1.00063865859464
"eps_all[8,8]",0.316775290600029,0.00955191710688422,0.80064858564078,-1.25913868719707,-0.210188246006381,0.313913748696734,0.841527300834001,1.8865016408019,7025.91338847053,1.00027420120883
"eps_all[8,9]",0.393865378084775,0.0102580483534977,0.827205036614593,-1.23024517425846,-0.146286678719153,0.407284259793543,0.945756310265697,1.98687957003043,6502.74698438264,1.00068959256924
"eps_all[8,10]",-0.324163541127821,0.00978937271325737,0.849941544051662,-1.95709759434989,-0.906165191734973,-0.349658846127547,0.242573189684093,1.36391482782265,7538.21269891138,0.99976278104853
"eps_all[8,11]",-0.257333177529642,0.00917053723270502,0.865740083079628,-1.96322140636341,-0.827017591057158,-0.254762198336718,0.313055135829995,1.4956169544487,8912.21169753656,0.999745325825668
"eps_all[8,12]",-0.210454109068903,0.00907615749145041,0.880099004733514,-1.93610561256055,-0.80212574427066,-0.206465898092461,0.375014227097711,1.50780598995942,9402.83928717306,0.999565469715413
"eps_all[9,1]",-0.140990458679873,0.00977573854903298,0.734057846711614,-1.62674950726843,-0.613920651226737,-0.125490543170237,0.333171405958772,1.31390345155588,5638.47183013791,1.00029031671197
"eps_all[9,2]",0.12922334696664,0.0169774771953263,1.00720332998841,-1.86031369856054,-0.544014109563335,0.139974808152753,0.803527200510204,2.08943417205007,3519.55692913848,1.00094769762358
"eps_all[9,3]",1.15773766029948,0.0103771178086217,0.767204497441963,-0.386691043788138,0.656564096559209,1.17201044014095,1.66495894586276,2.65364371501237,5465.98940734609,0.999871201118283
"eps_all[9,4]",0.942416984106636,0.0134649544697645,0.837747227206466,-0.760753827260467,0.382373469272805,0.961195450992816,1.50930680075492,2.5435694307383,3870.9380384177,1.00143321879684
"eps_all[9,5]",0.498899457661602,0.0115983711914822,0.810712463082339,-1.09597618779725,-0.0484551955097741,0.494959358196157,1.05873234853829,2.09090790136238,4885.84507205433,0.999865716716472
"eps_all[9,6]",0.861252306446939,0.0107362857390769,0.81560893228729,-0.7842361172746,0.315984486996782,0.86119789450849,1.42288527419427,2.41580559246543,5771.06311394048,0.999997174682028
"eps_all[9,7]",-0.356716747662786,0.0106887716661059,0.810175747883051,-1.93542408961121,-0.896786264902248,-0.344928166829381,0.174393980626864,1.22197714794685,5745.16991890933,0.99964185451998
"eps_all[9,8]",-0.174101805662815,0.01226250289275,0.861180406878523,-1.84141592958111,-0.775955862480512,-0.177013749994187,0.396420294080864,1.54049521169476,4932.07912315034,1.00059775493743
"eps_all[9,9]",0.374421658705765,0.0121724810521066,0.891448031623669,-1.37354416370407,-0.22278061256103,0.376597301552098,0.981458349118194,2.11634605733761,5363.32168739387,0.999905685734027
"eps_all[9,10]",0.356776665053243,0.0114748535637418,0.923713677311127,-1.50356232451115,-0.264391461423319,0.380923115525627,0.98630785753992,2.11632328410646,6480.08114789638,1.00132425396645
"eps_all[9,11]",-0.846927362197972,0.0103944409411536,0.89694727838393,-2.56769789391284,-1.4525139339517,-0.848820373969648,-0.259672913744338,0.949295011303352,7446.14623007178,0.999564065198187
"eps_all[9,12]",-0.321940283533911,0.0101231686833563,0.927909160663765,-2.09920165401933,-0.945454945386223,-0.322784425583104,0.284041626926098,1.52818642903084,8401.90907506654,1.00048934944388
"eps_all[10,1]",-0.682880692722646,0.0131937713772282,0.854888572918998,-2.32951488766776,-1.25740621981232,-0.68150687784666,-0.102703807620064,0.987818623933887,4198.37391836323,1.00042362387654
"eps_all[10,2]",-0.00971018256076387,0.0136803304251344,0.925883602953676,-1.81606482945998,-0.646516826887569,-0.00400358665208655,0.622940222648282,1.82226200225548,4580.57092021862,0.999936188613599
"eps_all[10,3]",0.673726458619839,0.00917237080287173,0.727046812098866,-0.789417207492872,0.179953524435361,0.683372158767301,1.17550247650441,2.06377204549601,6282.92018331385,0.9997959756386
"eps_all[10,4]",-0.0594622437371264,0.0113432624682782,0.770908183592646,-1.53438612309674,-0.580477336287921,-0.0737431640450098,0.457598654115445,1.47106487029815,4618.80204581491,0.999756763993287
"eps_all[10,5]",0.061473788439669,0.00898381155571241,0.759279017377202,-1.43058538912545,-0.448216949521486,0.0562745929371089,0.56806297946025,1.5666917090523,7143.01446346136,0.999891738030599
"eps_all[10,6]",-0.0657786002036416,0.0101084248762991,0.813224772074072,-1.68382701403112,-0.613339249504983,-0.0553427973395308,0.475134833484597,1.51759705949044,6472.23418804477,0.999766285097493
"eps_all[10,7]",-0.254790271477192,0.00985994449715929,0.800442966628132,-1.8444517088061,-0.787409999641534,-0.260121883730276,0.275833739366659,1.34352606855668,6590.40107245542,1.0000678868376
"eps_all[10,8]",0.11656501301665,0.0107590691265041,0.848403839613893,-1.58752195143653,-0.452156042196032,0.119094243157043,0.697972787532061,1.75351431642765,6218.07355313459,1.00005794871082
"eps_all[10,9]",-0.207996628760846,0.0107134543951358,0.875440483448813,-1.90906480625543,-0.808784855104225,-0.206440574808559,0.396390698786191,1.46559382633486,6677.19718450879,1.00055912878787
"eps_all[10,10]",-0.0807295296613298,0.0124236643906784,0.931294163899987,-1.89250393151881,-0.70981542634244,-0.0760075830536009,0.550164154924748,1.7226131542628,5619.19807142549,1.00075819093588
"eps_all[10,11]",-0.942925775839537,0.0123777676930392,0.922764000074067,-2.68587866438516,-1.57375459809499,-0.964514745258467,-0.322300168484703,0.895219592496309,5557.71958766598,0.999968612292695
"eps_all[10,12]",0.276767300247601,0.0100222815570346,0.90901078401651,-1.49744409568916,-0.345770368257761,0.289771368096937,0.89992491191006,2.00917600466448,8226.30623132744,1.0006813517062
"eps_all[11,1]",-0.816661650569462,0.0155577094680831,0.915882897055702,-2.55201259043563,-1.45028548877266,-0.820194962657471,-0.193137799025206,0.995897698855156,3465.68099176323,1.00077934872955
"eps_all[11,2]",-0.322850415725049,0.0160362977570496,1.01077157041356,-2.2782344941022,-1.00371733896303,-0.320335386400704,0.346232445199588,1.6912614439107,3972.81016456999,1.00097309046457
"eps_all[11,3]",-0.886543857560477,0.0190202145166516,0.833924699755134,-2.43338074109226,-1.46506713134742,-0.911733082131231,-0.350558021547438,0.817313637755013,1922.30746741219,0.999939465783044
"eps_all[11,4]",-0.0354587098313328,0.0100963997528343,0.772903362886895,-1.53481359777036,-0.563843344468276,-0.036187254080903,0.467472631675248,1.51692113578376,5860.26585819463,1.00013130915491
"eps_all[11,5]",-0.440257696746367,0.0112265261147585,0.800939295074852,-1.9779514433874,-0.986831603481788,-0.438959972720631,0.0925130018462672,1.11544343282209,5089.89027953766,1.00059647423196
"eps_all[11,6]",-0.683601096972029,0.0109501217488698,0.822659591977647,-2.25990307664713,-1.24138441351587,-0.700182111675246,-0.156029432534871,0.976728862567906,5644.20053840302,1.00009787664406
"eps_all[11,7]",-0.420865781727685,0.0120968686043738,0.863603723251867,-2.09742841647515,-0.988816345495302,-0.427029609711424,0.154775138006563,1.29080958500928,5096.62975405018,0.999971794469098
"eps_all[11,8]",-0.854713593629322,0.0110630359754059,0.888588387159668,-2.55319229589868,-1.4529761097973,-0.875088620432959,-0.264912099436471,0.933348143922358,6451.37990467968,0.999726678086084
"eps_all[11,9]",-0.958633978740732,0.0116186774175996,0.8767533913107,-2.62509635813041,-1.55039509844389,-0.983079298428353,-0.379694938416674,0.811218672846325,5694.31542990757,0.999748552145134
"eps_all[11,10]",-0.338805414202878,0.0101345157923506,0.90583790457498,-2.10942910766673,-0.95369007910143,-0.341752044546047,0.265492013818552,1.4456842478596,7989.04692035778,0.999687913145091
"eps_all[11,11]",0.423161486529807,0.0107552761259646,0.917461716293255,-1.42031227168803,-0.161278100271998,0.424014732449893,1.03910205198727,2.20114377039287,7276.67155548894,1.00003185830858
"eps_all[11,12]",-0.056675810240678,0.00942850814480868,0.895460890842661,-1.77540987527825,-0.665504812308389,-0.0593519437472308,0.53021222390389,1.69468297477763,9020.01551441689,0.999799017561631
"eps_all[12,1]",0.37918248868936,0.0148824944884206,0.904504785618949,-1.42214326848772,-0.226190645825644,0.385640523755556,1.00144244470952,2.1119694922856,3693.77363592622,1.00100442450561
"eps_all[12,2]",-0.461822588099125,0.0175753877880026,1.04978325575969,-2.49133005814765,-1.19386486664866,-0.476692950067428,0.261966803501558,1.56792987201886,3567.70921772959,1.00048416851667
"eps_all[12,3]",1.16786025818929,0.0137169852350238,0.787473572238078,-0.394211399073044,0.644893664778656,1.20342692449175,1.71931149716264,2.63367841660598,3295.75282550698,1.00068959307476
"eps_all[12,4]",0.489147186452561,0.0127452229495731,0.825105728983605,-1.18947884139075,-0.0569627255331918,0.51312064931698,1.05595133937792,2.02728929067488,4191.06437197817,0.999983939982479
"eps_all[12,5]",-0.186391979351856,0.0113248761546925,0.811341524708963,-1.75817716657286,-0.733060770137974,-0.187521591978347,0.351404974575325,1.41225936486807,5132.63622688509,0.999892662225515
"eps_all[12,6]",-0.278639651702301,0.012778378971623,0.873258170099422,-2.03319918889558,-0.866360028057071,-0.275311404408366,0.299127752127815,1.43059976090127,4670.18180109818,1.00030421740697
"eps_all[12,7]",-0.609379680471474,0.0125062447171637,0.897234191372752,-2.40606720204221,-1.20202910781908,-0.594678091809334,-0.0369530914088333,1.19375852251696,5147.0428657827,1.00045199432996
"eps_all[12,8]",-1.45742811672868,0.0149887520251549,0.929690752924545,-3.25048994081407,-2.09280487530856,-1.46909134008898,-0.854659158279922,0.413885147248387,3847.21159784116,1.00120917220766
"eps_all[12,9]",-0.633177360233088,0.0127450218599123,0.911510784557739,-2.38497135116739,-1.26324511769562,-0.626678213729037,-0.0248729054306197,1.16119748318628,5114.96249197887,0.999900153868267
"eps_all[12,10]",1.00071121973305,0.0129083457132311,0.943750505578556,-0.86665660830759,0.356334047715194,1.01360662913696,1.66254377941271,2.76919616640228,5345.31395152674,1.00066313428719
"eps_all[12,11]",-0.174853029539768,0.00959589048030734,0.912323753643475,-1.98547972372563,-0.789285456984264,-0.1890579291986,0.440488753010242,1.63192330336967,9039.14596936062,0.999634595314824
"eps_all[12,12]",0.309276307490236,0.0105618308233847,0.93797158677692,-1.54269288178219,-0.312058464085026,0.330013792962719,0.938639509600761,2.10299840191162,7886.80225785737,0.999821533644331
"eps_all[13,1]",0.309161994371306,0.0119403504005824,0.832885179696164,-1.30337311028771,-0.242575077326466,0.312740894453701,0.862009367857774,1.97607998531809,4865.59688979134,0.999885238717767
"eps_all[13,2]",-0.266398851160078,0.014953177965545,0.949332117338757,-2.0979572117476,-0.915947834076819,-0.276695366162536,0.360488209283907,1.67222107901723,4030.59668814326,1.00038131656391
"eps_all[13,3]",-0.0658560504411431,0.00892527678871712,0.72710219201646,-1.48954947151042,-0.540046430314014,-0.059376041821132,0.411447612397483,1.38563038368834,6636.62870860978,0.999844135526069
"eps_all[13,4]",-0.586476765553653,0.0106465255686118,0.765064351960472,-2.0812416060959,-1.11196626881119,-0.605459074090084,-0.0757633342700092,0.936741782683728,5163.92742850265,0.999742360201891
"eps_all[13,5]",-0.711029971883327,0.00972304702722707,0.755070537751387,-2.18414808252081,-1.21692353745204,-0.714825173186783,-0.212389892735907,0.806638566840818,6030.73543945854,0.999880801932686
"eps_all[13,6]",-0.996788408349191,0.0102589176216399,0.798641528111938,-2.53458020675576,-1.54457448163234,-1.00858402368528,-0.463807533476458,0.586759498487866,6060.3916786574,0.99972546293325
"eps_all[13,7]",-0.663161370255307,0.00889057255794174,0.792811680030423,-2.20835345305001,-1.19651678969172,-0.671682775091268,-0.12976585421442,0.91579858784205,7952.0777582327,0.999948308044905
"eps_all[13,8]",-0.0595175502367263,0.00924333720423418,0.7913699784444,-1.61771525879364,-0.596320162421291,-0.0625803463554016,0.475323637739784,1.49838822269707,7329.9590446391,0.999809507374712
"eps_all[13,9]",0.0193194133581657,0.00941372415852213,0.825676367839407,-1.66857774248152,-0.516819908387262,0.0286219624750086,0.567650144104194,1.632351689238,7693.01841973811,1.00021806896815
"eps_all[13,10]",0.275734542222326,0.00977073576480172,0.865044875685211,-1.45303556961741,-0.305963566359051,0.279372099007096,0.857244738515242,1.96107695552497,7838.31546726719,0.999602599252053
"eps_all[13,11]",0.273839481609794,0.0105663083011264,0.897767992828349,-1.49183783687461,-0.339111375690704,0.282794123305906,0.887643044047663,2.02095132951728,7219.07708565166,1.000413716856
"eps_all[13,12]",-0.284808421595966,0.00990606235510462,0.902534129843088,-2.02074277674736,-0.906900300178479,-0.288971768757934,0.319072460807715,1.49303646348804,8300.89944957383,0.99994804918459
"eps_all[14,1]",-0.280914943213973,0.0109787355856409,0.822271078811068,-1.90098183345839,-0.817497384921111,-0.280785082649874,0.280121326397626,1.34018596333606,5609.5158519999,0.999887607576192
"eps_all[14,2]",1.07581821904543,0.0142267067554191,0.804033667659863,-0.572814422170624,0.554282974467049,1.10612692840143,1.62902212093416,2.5676090742286,3194.03528426358,1.00017897484752
"eps_all[14,3]",-0.37636920849622,0.00935399621212573,0.745850944989305,-1.81525489816944,-0.876600852158376,-0.385748111405876,0.120652964799429,1.12639429325599,6357.84168145903,0.999822495461853
"eps_all[14,4]",-0.313148479663945,0.0114296317634094,0.840781664971036,-1.95362741465537,-0.886212795935491,-0.312294966713836,0.263721314383352,1.3496410908569,5411.30468297614,0.999926959635011
"eps_all[14,5]",0.366690403493812,0.0132291501951499,0.809381598636986,-1.33886570532471,-0.158890542899212,0.390311193937296,0.917789939601467,1.90217556982012,3743.197641349,1.00019013418314
"eps_all[14,6]",0.334849261532061,0.0108059367469725,0.863787570185765,-1.3775199383391,-0.22978499489668,0.344484549536472,0.917087209596492,2.02171098337606,6389.82638800586,0.99973776429763
"eps_all[14,7]",-0.599223088748169,0.0108863662647625,0.815474569774639,-2.16457125265059,-1.16009502533429,-0.615671900493185,-0.0606796156984027,1.04543122192509,5611.189825223,1.00044772687326
"eps_all[14,8]",0.650982337126882,0.0105324186031415,0.841658900240044,-1.04588657757637,0.101583479542916,0.680757666233501,1.22305014209912,2.26816819569982,6385.81036727517,0.999951543052711
"eps_all[14,9]",0.908776228293515,0.0101909351796627,0.843766263684564,-0.80293341070584,0.353438217188377,0.92087786550585,1.47887529622791,2.54619354152552,6855.13853000519,1.00009872963353
"eps_all[14,10]",0.0663905540127824,0.00980921074231434,0.860634179552753,-1.62666658093347,-0.507856815796245,0.067317782236327,0.651485483730796,1.77006273084627,7697.84300416637,0.999943193717223
"eps_all[14,11]",-0.165278006527565,0.0096773514342882,0.882877566528103,-1.89162087508833,-0.758270439726809,-0.156969167831415,0.413208902861111,1.59196689929651,8323.15414628618,0.999842661570561
"eps_all[14,12]",-0.441651490400747,0.00978215831222126,0.92933447314379,-2.22761386362417,-1.06810789349058,-0.461140318421537,0.180338800806937,1.39884039134226,9025.57169901673,0.999626442643228
"eps_all[15,1]",-0.36957786284896,0.0107673721178943,0.808034654750089,-1.97241432973982,-0.907892945273929,-0.382838148368844,0.180189173214159,1.23362359473668,5631.71319234953,1.00035577332136
"eps_all[15,2]",0.233410123997007,0.010734449779067,0.725802083387948,-1.13260940388591,-0.267233583185224,0.220240574817758,0.70491126525111,1.70631520139437,4571.69073873142,0.999819593127724
"eps_all[15,3]",-0.635750469179678,0.00899660719360246,0.730114578870463,-2.08614912542247,-1.11409065687977,-0.632790027410685,-0.14514153225834,0.789864226337825,6586.04241320224,0.999849673039412
"eps_all[15,4]",-0.279091466595792,0.0115390684650283,0.851900771801672,-1.93108531564384,-0.863006936068843,-0.288712741686688,0.298437441857755,1.41308881908255,5450.50224764705,0.999826628759295
"eps_all[15,5]",-0.732145708133666,0.009141901698631,0.764969574457599,-2.2090850020351,-1.252717684001,-0.737998847585205,-0.206716546456488,0.788332635189093,7001.88913395468,0.999550419884397
"eps_all[15,6]",0.465204750972869,0.0127193698325954,0.890860151477164,-1.29577965354689,-0.146466516072059,0.474124077181674,1.07193888198274,2.17543355962085,4905.55191333861,1.00010108536476
"eps_all[15,7]",0.206536597268754,0.00967665181807627,0.7880082647674,-1.34271721745135,-0.30784534624674,0.214641534146064,0.739500666676497,1.71539198806546,6631.49300013201,0.999606915515793
"eps_all[15,8]",0.478661767746179,0.0110824643580188,0.836672977256634,-1.18602735730624,-0.0826876800121267,0.489230455583244,1.05434086776262,2.10467062234781,5699.5267769571,1.00046010275123
"eps_all[15,9]",0.922375260115255,0.0107383604027433,0.858213193891162,-0.785871656814561,0.342753192476879,0.936984737568299,1.51329192236434,2.56284883215444,6387.25746299481,0.999801211905764
"eps_all[15,10]",0.021975332547611,0.0109925299341527,0.925713389940008,-1.81815840983357,-0.598252639249822,0.0257799701229293,0.667837204666236,1.79953543524524,7091.82119624897,0.999805959550823
"eps_all[15,11]",0.00471704567876392,0.0112021084209617,0.921945086513236,-1.80207546843745,-0.616890707175109,0.0010156684225377,0.607304451355749,1.86716201194702,6773.45991076251,1.0004599588761
"eps_all[15,12]",-0.704843576859564,0.0107543998768631,0.926575557910621,-2.50267664720445,-1.33637872917206,-0.72197108334455,-0.0857480821739526,1.12459176188885,7423.16849086908,1.00023236352706
"eps_all[16,1]",0.153036589752516,0.0084511108957503,0.686868113673877,-1.23695612801019,-0.294033248089524,0.154972639755317,0.613356603036546,1.47471114738613,6605.7040163846,0.999811821223031
"eps_all[16,2]",0.634698068177579,0.0105862210846293,0.727955841037908,-0.843639710349636,0.169822543713735,0.639861543705619,1.13965147316396,2.00991107424336,4728.5517997954,1.00023736618352
"eps_all[16,3]",-0.830647729785893,0.00960646028434625,0.713007611467813,-2.24331318510802,-1.29430517595992,-0.839276480686296,-0.368980582957073,0.61082395878701,5508.85763229365,1.00071588169595
"eps_all[16,4]",0.127314641227112,0.0101065269949076,0.754892486801323,-1.42892881783141,-0.366617325615646,0.140109277079596,0.635841123262767,1.60292969378093,5579.12799882567,0.999753632277266
"eps_all[16,5]",-0.308160209543766,0.00911593517476982,0.74765598131298,-1.79848494065096,-0.80915254723972,-0.292437190306558,0.193277244323522,1.15285678462121,6726.68619178157,0.999773824963013
"eps_all[16,6]",0.288313502228627,0.0102156537308977,0.79671873948899,-1.29701316219653,-0.239902357401877,0.30148865446065,0.835367403167242,1.82105233707242,6082.43864971978,0.999857383666571
"eps_all[16,7]",0.933998357361675,0.0103180057599838,0.78733004531855,-0.654172023226017,0.41396598230039,0.955705657068922,1.47500777418663,2.43635809060515,5822.66920421621,1.00007995121761
"eps_all[16,8]",0.673950030636158,0.00984571641711209,0.799751125031983,-0.92597563931086,0.148030590217668,0.673616752060242,1.21199195746411,2.24879192048656,6598.04197106467,0.999974333963724
"eps_all[16,9]",0.4419282715379,0.00911716814534272,0.840603209380248,-1.23375845876744,-0.109722351717692,0.442327799583225,0.997000977384753,2.09043580435167,8500.84619670677,0.999624015854101
"eps_all[16,10]",-0.157058144846687,0.00949514085708217,0.877830612593096,-1.8949685340534,-0.741917553912666,-0.157621325115212,0.431505450638239,1.54687980274665,8547.09675708133,1.00014191088685
"eps_all[16,11]",0.233286698353019,0.00890929598040493,0.85897956944733,-1.45443566852142,-0.332396043452693,0.231190426871365,0.806750881750638,1.88985128897735,9295.63140653647,0.999828213179089
"eps_all[16,12]",0.0327011680567486,0.00965630627502938,0.899651920023776,-1.71955558839674,-0.563782370944824,0.0398057123981864,0.633114871244915,1.80063713836582,8680.14456214178,0.999690868366953
"eps_all[17,1]",-0.199536061916355,0.00986679854147905,0.695846486151362,-1.51912125735523,-0.670314876889321,-0.211830156161867,0.259355195809278,1.20102119890511,4973.6400912681,1.0003964789108
"eps_all[17,2]",-0.695234964538631,0.0130973656301949,0.752356257620725,-2.09547483773499,-1.2064877315548,-0.72743382923931,-0.202767591366237,0.872555302769396,3299.7358246084,1.00060008225524
"eps_all[17,3]",-0.120829927403555,0.00929433487489689,0.719906167597706,-1.5806224394063,-0.583803456951714,-0.114863103266636,0.360133289189906,1.30479753431742,5999.50136453916,1.00023818156967
"eps_all[17,4]",0.223131770724191,0.0113730749016306,0.731984100458364,-1.28544820834419,-0.252859223933328,0.237870581596546,0.714400470326281,1.63932549715647,4142.35673239538,1.00132374327886
"eps_all[17,5]",-0.870556808806429,0.00990084013547236,0.744106297211252,-2.32619563521295,-1.36517245138624,-0.87808741906093,-0.392844633016843,0.648206019599195,5648.4054497723,0.999848770210551
"eps_all[17,6]",-0.109299595043444,0.00932194841638317,0.769024473237936,-1.6719727095224,-0.619983960031145,-0.0996124484928666,0.40022973983267,1.40393053980056,6805.60801054023,0.999639072108876
"eps_all[17,7]",0.0163306283354494,0.0087287799272448,0.779140463621616,-1.50086300030822,-0.513756316509506,0.0227434700798682,0.534785065814624,1.5745828362648,7967.54327083918,0.999925243805481
"eps_all[17,8]",0.387420856372397,0.00975187623154237,0.808890416709423,-1.18082868470958,-0.160317058420605,0.374483847396678,0.92863801707365,1.97049621589719,6880.23098855445,1.00017308113111
"eps_all[17,9]",-0.154359956661541,0.0103185415192285,0.831121710983961,-1.78208647107017,-0.720654008664169,-0.162936093258136,0.41086127935062,1.47309355385717,6487.72783542195,0.999791612262673
"eps_all[17,10]",0.26761127044937,0.0107196530610444,0.887759286405264,-1.46911988866358,-0.34043006138606,0.261663458721774,0.870605757889118,2.02043793947926,6858.49755847641,1.00034098187431
"eps_all[17,11]",0.599465182387991,0.0100699901918032,0.872494116288241,-1.08248000114399,0.0199810883409039,0.615065224012353,1.19160772597376,2.27671310433933,7507.00869355895,1.00005859752068
"eps_all[17,12]",-0.182109907722539,0.0113983856480587,0.90534294865467,-1.91722796637641,-0.783315323853209,-0.172454876469259,0.419774091449421,1.58313478308144,6308.69532010533,1.00036364071505
"eps_all[18,1]",0.797754473702335,0.0103512229791249,0.725974025182605,-0.630875054754275,0.312994687074988,0.809496077100695,1.28425637341887,2.20439141204351,4918.79628714504,1.00010723437489
"eps_all[18,2]",-0.0835555608884869,0.0100148465051757,0.729058987500735,-1.56573339501171,-0.561371495872314,-0.0702741318593725,0.400906000087958,1.32362993191337,5299.5225137307,0.999855612721121
"eps_all[18,3]",0.568608728633631,0.0119115782235109,0.767923011233357,-0.954026583550586,0.0632063919137667,0.580466672218929,1.09985666461632,2.05233127213951,4156.20297706121,0.999701263640042
"eps_all[18,4]",-0.563153836955682,0.0102812161642026,0.748448514551302,-2.00641935126878,-1.05612751408415,-0.569057573553058,-0.070413408904164,0.965590322467786,5299.49980906141,1.00012604768283
"eps_all[18,5]",0.527697203732753,0.0103209727072742,0.789759484546424,-1.06738754318481,0.0200458243687052,0.549962633822257,1.0686704518453,1.9848367529168,5855.29042641001,0.999662501284992
"eps_all[18,6]",-0.821229217874088,0.00987518283839958,0.794831110158338,-2.36320375434823,-1.35852915410402,-0.83289650512,-0.295427050977795,0.782596181467066,6478.2756612315,1.0002015364378
"eps_all[18,7]",0.0759084197193811,0.0113650283553282,0.929150431471764,-1.76027227313524,-0.552934014376155,0.0789017584717547,0.7118656566487,1.89262873465994,6683.91654361028,1.0004415451994
"eps_all[18,8]",0.571684857568909,0.0110856340870423,0.830554898732395,-1.06229272468083,0.0167447683700773,0.575641495697507,1.13233183538525,2.20254120924243,5613.26582602969,1.00002945421943
"eps_all[18,9]",0.099094223938303,0.0100207445618169,0.839916557197585,-1.54493543516946,-0.463891924622625,0.092446793778353,0.667408814019528,1.7593330167623,7025.42014507717,1.00011328898129
"eps_all[18,10]",0.270962644786243,0.0105783386186283,0.869207639017351,-1.47521783396506,-0.305601221992209,0.265049066945966,0.87229545295389,1.9666283860996,6751.68448698873,0.999696570997851
"eps_all[18,11]",0.161828200264039,0.00933588451215655,0.875685804539063,-1.56908708009872,-0.430018328425659,0.164063381127307,0.75334339650832,1.86607098356635,8798.03484511631,1.00007028291743
"eps_all[18,12]",0.513777123116406,0.0103862377856095,0.916227488868561,-1.34178781410522,-0.0944950260186805,0.532455803680965,1.12730351155405,2.2639388185259,7781.98003733301,0.999729499484986
"eps_all[19,1]",0.675028278774683,0.0100687503191161,0.742791722099555,-0.839600797887653,0.208963146034646,0.685046776506885,1.17812440506767,2.09497301517491,5442.30613115852,1.00087059184077
"eps_all[19,2]",-0.335811447686799,0.0109271147361784,0.773538366339298,-1.81657668368013,-0.860581710142482,-0.342028858077114,0.181292166462828,1.22945949932449,5011.32664246181,1.00059839258772
"eps_all[19,3]",-0.603895646527088,0.0120164068832866,0.768163565617626,-2.09283340237705,-1.11017106920985,-0.609505409872563,-0.101838898938745,0.934967964823209,4086.56262051859,0.999890104944482
"eps_all[19,4]",-0.872332134246232,0.0127021548779666,0.815685504548252,-2.42817363405231,-1.44169460746926,-0.882515025637334,-0.320612789749311,0.75974376072908,4123.73436118775,0.999969639858253
"eps_all[19,5]",-0.0087147698418347,0.0112331306740129,0.804335078097418,-1.58868505046239,-0.539193966403268,-0.00261478879980945,0.507698882269737,1.56725779058451,5127.10718238382,0.999751306429623
"eps_all[19,6]",-0.980676044566868,0.0111287226114636,0.817174182052398,-2.55485086254086,-1.53436537773576,-0.976897311281637,-0.447047476772291,0.661709412889659,5391.86039350041,0.999990309181263
"eps_all[19,7]",-0.426679914287298,0.0127832588013983,0.990850564412177,-2.3801671390681,-1.09394938257086,-0.43828079039445,0.219925850286324,1.53186449661701,6008.04475719821,0.999774020147539
"eps_all[19,8]",-0.694181461075528,0.0122877462125477,0.84683763877394,-2.31409225075676,-1.26038460595011,-0.713178366433132,-0.142461166841758,1.00888667223253,4749.58691129338,1.00036655453192
"eps_all[19,9]",-0.16017300423715,0.00996559291662585,0.867986842927145,-1.86223109168149,-0.7295074129111,-0.158764083006776,0.424276879199601,1.50524962226022,7586.12507438714,0.999668171436132
"eps_all[19,10]",-0.26493091936762,0.0118432854229597,0.895182993500759,-2.02940015824736,-0.868875710258652,-0.266395458280931,0.339256460884525,1.45292108699759,5713.19771908369,1.00073665950505
"eps_all[19,11]",-0.532311853830436,0.0111345671203473,0.888460360011025,-2.25307642120847,-1.14024230704068,-0.528847635543006,0.0461071161431933,1.23415884793922,6366.92063860377,1.0015412266652
"eps_all[19,12]",-0.158513653102761,0.00883367092038112,0.894385358380372,-1.91289911576267,-0.756823459716918,-0.166024711904911,0.432517425192929,1.62435857124376,10251.0164129639,0.999618420482994
"eps_all[20,1]",-0.0121220522202752,0.0132636663401871,0.991915292636652,-1.95581138070255,-0.688401631007432,-0.0166635094527312,0.66768427688236,1.90783790299478,5592.70607272972,1.00077399795224
"eps_all[20,2]",0.00685448295961506,0.0127343312936292,0.986106184396538,-1.87920987892383,-0.656872510315926,0.00563148581654796,0.666992270831408,1.95612936649665,5996.46187240172,1.00016461486697
"eps_all[20,3]",-0.00524781722738391,0.0130499418580802,0.998782050904255,-1.96200204838277,-0.688202733402844,-0.0130149054465808,0.661582200439616,1.95757111745294,5857.66194985262,0.999916923119222
"eps_all[20,4]",-0.00771091049541332,0.0131963573761016,1.00192302144374,-1.99892822755771,-0.672326149653767,-0.0001029269469149,0.665764568746676,1.96307900732943,5764.48581124554,1.00033247288216
"eps_all[20,5]",-0.00337361092468722,0.0131082526676167,0.989215776062404,-1.9365053512837,-0.662562503010894,-0.0262759882543871,0.652359097997067,1.96511619988598,5694.98336378938,0.999992173586853
"eps_all[20,6]",-0.0105941779229203,0.0133914090442264,1.01594613558158,-2.00669399596992,-0.681721691580189,-0.00827962277658225,0.664801098365874,1.99125121988307,5755.57627404965,0.999860098757911
"eps_all[20,7]",0.0103063988015287,0.0129755716778121,0.984854241757356,-1.90703286077296,-0.669071960616451,0.000205841696159601,0.688329551256753,1.95672915285039,5760.90770279568,1.00003990256128
"eps_all[20,8]",-0.0205395042493785,0.0129665482321828,1.01435929124597,-2.0214926573413,-0.691033950999459,-0.0169589930765195,0.671129382946969,1.93631040515017,6119.76666237652,1.00002227768256
"eps_all[20,9]",-0.00937819501536271,0.012800195736005,0.998315491921775,-1.99862740104683,-0.672977367198461,0.0143467291913107,0.658848354727078,1.92311962627205,6082.78406561127,1.00022721946674
"eps_all[20,10]",0.0157370187941595,0.0127928637526883,1.0034537680143,-1.91482953878152,-0.667457996914378,0.0128729154577304,0.68134363453751,1.9817858541735,6152.60716729135,0.99992973873645
"eps_all[20,11]",-0.0182506569017281,0.0131084084422666,1.0128770959945,-2.02038392153519,-0.686383290830157,-0.0209695670714915,0.656690752517027,1.95465812207489,5970.53943555019,1.0002567812362
"eps_all[20,12]",-0.00139198150123754,0.0127334603861089,1.00286728388933,-1.93058637619764,-0.677788918826579,0.00578446612711804,0.666704466780203,1.97865068756678,6202.88949709372,1.00013439844575
"lp__",-170.508762736314,1.67992848334279,30.4277448077048,-223.325887016308,-191.307686077157,-172.628880402849,-152.568885151905,-102.347567195418,328.063522089912,1.01096002076569
