"","mean","se_mean","sd","2.5%","25%","50%","75%","97.5%","n_eff","Rhat"
"eps2[1,1]",1.98594943574832,0.0129152165730326,0.778377100135037,0.413154247284262,1.46489559687035,1.99414376653576,2.52603144354592,3.45840853401237,3632.25821470366,1.00079078524267
"eps2[1,2]",0.457941170939681,0.0138956798719959,0.961038883621425,-1.41699641502908,-0.179891066747962,0.456708213082565,1.10958171818369,2.30296196081067,4783.24161154219,1.00057156507289
"eps2[1,3]",-0.0274837061133503,0.0131199763952183,0.957619234170737,-1.92454800601396,-0.664088736242128,-0.0300516614457586,0.617086668358672,1.87606463051425,5327.45283580143,0.999928758789745
"eps2[1,4]",0.0259778718788559,0.0139666210394673,1.03147119026313,-2.00381660404083,-0.676854854637708,0.0245609747616085,0.739635204357143,2.05101204287902,5454.20560968508,0.999962010116474
"eps2[1,5]",0.677353539172067,0.0131463440003072,0.957754716695474,-1.24240797854015,0.0656693641376945,0.696375812278126,1.30785646813304,2.5329001886767,5307.60524206876,1.00053979178115
"eps2[1,6]",0.899445022431203,0.0124888947721937,0.86032271168356,-0.795923464521986,0.319920575347887,0.91421365925456,1.4656323628082,2.57706957742129,4745.42116852593,0.999873776068205
"eps2[1,7]",0.710459776785112,0.012127553621957,0.887710998390443,-1.0274243497202,0.134807364714555,0.713296332531184,1.29923410608868,2.46915168118536,5357.92702518583,0.999878398640538
"eps2[1,8]",-0.0779326640704719,0.0127511458598423,0.990306502480121,-2.00629762383484,-0.748373574110385,-0.0756494206974966,0.593781886870296,1.8774948973796,6031.71529520154,1.00000279356607
"eps2[1,9]",0.595424318909414,0.0107422768899613,0.873849219234882,-1.149417557414,0.0101899914662707,0.600754799510264,1.1884596520919,2.28725863281108,6617.29232155622,0.999929075362996
"eps2[1,10]",0.733215721869834,0.0109280446456239,0.877856976738609,-1.01545499217242,0.143197775759871,0.758762057480703,1.33740684155963,2.38313238419836,6453.01402226602,0.999983214390979
"eps2[1,11]",-0.337898712626506,0.0110628080079614,0.90519808726211,-2.07391989643717,-0.953983471875307,-0.33671747209686,0.25990064270104,1.4545599502312,6695.091309241,0.999629120499661
"eps2[1,12]",0.221837683402343,0.0112083954401374,0.917082251198695,-1.57821311803636,-0.405308603615942,0.222511133916496,0.839538788703199,2.00371906724434,6694.67790820529,1.00002643989704
"eps2[1,13]",0.323530039985071,0.0115977388587688,0.944741436139519,-1.54302797730168,-0.310780434817015,0.31460200271427,0.966687289043051,2.17162796748843,6635.58590933949,1.00063735509915
"eps2[1,14]",0.232809507934437,0.0113839422120987,0.945869883308118,-1.59404799797772,-0.399398477644571,0.230526271390498,0.856973487607805,2.12875433274675,6903.62877641144,1.00012846685012
"eps2[1,15]",-0.00732045316826786,0.0105221713440504,0.93352697245382,-1.84256381555439,-0.642997902533025,-0.0120323842925309,0.627295969651815,1.78600921427776,7871.23723321306,0.999676925740992
"eps2[1,16]",0.293926629293715,0.0101783725271937,0.947529000198102,-1.56840700020012,-0.336496602782325,0.312204382903021,0.920795521231883,2.12691759399353,8666.19262466737,0.999593711169978
"eps2[1,17]",0.0379909615618272,0.010479606458483,0.969267287581464,-1.88890164489282,-0.611458577667853,0.0443469332288639,0.69479568023712,1.94447779816488,8554.54989483084,1.00026251401357
"eps2[1,18]",0.600848251136675,0.00952101342955683,0.959322955284012,-1.28031474897736,-0.0402042737374301,0.588388723426619,1.26070024260463,2.43749031486241,10152.2737060951,0.999751080620538
"eps2[1,19]",0.102989341696458,0.00943018656622206,0.962239314640485,-1.77739532900557,-0.535695981642647,0.0882913777941483,0.742967604542516,1.98010475240622,10411.7953793442,0.999635773710976
"eps2[2,1]",1.29194249752817,0.00848273402646556,0.740443214826281,-0.181104333958977,0.792248213327811,1.30637173492512,1.78216861883859,2.73017251963487,7619.24283665626,0.999662615498223
"eps2[2,2]",0.285037413300985,0.0114037731831937,0.922737419267119,-1.52994969494941,-0.340539837585101,0.294786127173037,0.915101532021637,2.1035774301755,6547.25300742384,0.999739370591363
"eps2[2,3]",-0.308579784986695,0.0113653324102852,0.895611137733026,-2.05811663124618,-0.921364264064559,-0.315726340046358,0.305790723828559,1.45704820911032,6209.75815959881,0.999760025960601
"eps2[2,4]",-0.0924380244352226,0.0111954258542724,0.948624202256959,-1.97566591872574,-0.728520549159212,-0.0870646543909916,0.545950366085265,1.74907005061718,7179.71433852364,0.999950192669787
"eps2[2,5]",0.434071475752097,0.0104775968318336,0.891469029854397,-1.3653124362032,-0.162643743589042,0.426658121760325,1.05005908436762,2.17709976752292,7239.17630840425,0.999847445618885
"eps2[2,6]",0.728781903518868,0.00901127641578254,0.802654210765641,-0.837786248473743,0.183068256057102,0.723611780856039,1.26515810104896,2.25835520726124,7933.85672593079,0.999884853643473
"eps2[2,7]",-0.0443621154530669,0.011179145855079,0.827503468379556,-1.64728965155516,-0.601181654678252,-0.0296629135606372,0.514292364093125,1.54621514731148,5479.26620288071,0.999755265430767
"eps2[2,8]",-0.0184107488034865,0.0102682687169313,0.920362697493617,-1.83462920285159,-0.637341006488045,-0.0228637018139295,0.597255704400968,1.79720927270271,8033.8471675229,0.999588040767753
"eps2[2,9]",0.445628090122284,0.00867272286705013,0.820064383300261,-1.15475994618592,-0.109137260677956,0.438244984076265,0.992693251036667,2.05150580061782,8940.97668842245,1.00013380285772
"eps2[2,10]",-0.127928323612284,0.0105738528010189,0.851087483295188,-1.7881823817464,-0.708820170229645,-0.137752491954493,0.442278091741127,1.54643604852996,6478.61073746285,0.999972269023939
"eps2[2,11]",-0.128988625289752,0.0104192628097906,0.884512597142505,-1.8989894712738,-0.711622124654752,-0.142354855280066,0.46481417460744,1.61924747509003,7206.6604421267,0.999869294916877
"eps2[2,12]",0.393854336267814,0.00916367323674089,0.885821431982809,-1.37536617072379,-0.18511819514751,0.400550177782327,0.996479518928008,2.11602059795121,9344.43781476878,0.999635401061001
"eps2[2,13]",0.489226251003629,0.00918135312475752,0.885854206711899,-1.22586154614263,-0.113625755859364,0.487905083877275,1.09942014534941,2.22819738022029,9309.17343352584,1.0006517900275
"eps2[2,14]",0.0849790741817703,0.00843084824884637,0.907887103627691,-1.67149037533658,-0.528664981498592,0.0838060099299276,0.698940436786804,1.87984122540745,11596.3455902517,0.999788186660989
"eps2[2,15]",-0.0826711701034772,0.00944850041560422,0.903295550107763,-1.85450246997411,-0.683623737565022,-0.078451037291623,0.530988681895164,1.65924727558452,9139.74267466579,1.00005314899379
"eps2[2,16]",0.25188123290152,0.00915280010698769,0.917903078778825,-1.54528122346305,-0.378801263537596,0.257238696162205,0.867223093828591,2.007550597062,10057.399412805,0.999679286385414
"eps2[2,17]",0.0166728727379365,0.00854534252708012,0.953548569213456,-1.84536404796779,-0.639186494208883,0.0182878554540666,0.668212189319697,1.92920286959692,12451.6437516849,0.999828688451139
"eps2[2,18]",0.0623017818544116,0.00865286178028649,0.950652574726858,-1.78736496604654,-0.571480169284776,0.0542959589368738,0.694242861820441,1.92919942787037,12070.4684364345,0.99988511220824
"eps2[2,19]",0.118850117045728,0.00944753358919541,0.95964187513634,-1.79132834831804,-0.508249498257379,0.126676726277513,0.754505183055796,2.00821221384017,10317.6666439997,0.999735300406457
"eps2[3,1]",-0.371720052148672,0.0146148966642959,0.795110285288884,-1.83911422154673,-0.928026732795813,-0.404653538105974,0.158974665210309,1.24978065065091,2959.80599015907,1.00029883146416
"eps2[3,2]",0.144899698639794,0.012066173463438,0.999283657420398,-1.81398177580751,-0.537956786249858,0.14725211865126,0.792897813149885,2.1002366979617,6858.64683677333,1.00019052066366
"eps2[3,3]",1.31135971632133,0.0113856787796505,0.854894914440468,-0.420337782233145,0.759574571994802,1.32179294957488,1.88981752853712,2.95053905439505,5637.77335918512,0.999611991786154
"eps2[3,4]",-0.282209024688717,0.0120505128590411,0.991228058589995,-2.22658798026859,-0.950401577248092,-0.278431423052134,0.389703773942681,1.66423938108615,6766.06418250517,0.999800289451519
"eps2[3,5]",-0.147934154683089,0.0113595699145487,0.942315364239415,-1.97375148041905,-0.773619823750558,-0.148676501549849,0.477486206358991,1.72406571571374,6881.27266609051,0.999800019998245
"eps2[3,6]",0.0361907009930561,0.00941481153419796,0.843975076038968,-1.61509070652193,-0.536941474562898,0.0550004094636545,0.609959263454374,1.68333685375629,8035.92697132774,0.999916254188782
"eps2[3,7]",0.185548581569317,0.0115746940230065,0.860709484190534,-1.49091099208561,-0.400738518523719,0.185245270807864,0.791943771746539,1.85438200852302,5529.60537304762,1.00017253090499
"eps2[3,8]",-0.0439856178062241,0.0113134149644875,0.961896312645826,-1.92500385168829,-0.704641620344458,-0.0487990357488637,0.608889964544874,1.83459191438586,7228.847883923,1.00007063803551
"eps2[3,9]",0.24300653623235,0.0100159273740726,0.856984675090643,-1.42716304532715,-0.327033896207291,0.241643624027829,0.815014418931286,1.96123805940214,7320.88825652066,0.999756953905183
"eps2[3,10]",-0.27850045491381,0.0107056306809495,0.881626324023968,-2.01679463771037,-0.870191719247923,-0.279796707701203,0.30316726070194,1.45438601853012,6781.79384475236,0.999712872118569
"eps2[3,11]",1.03477779615192,0.0119998464647989,0.924320722472717,-0.787580131488761,0.408405609559439,1.04461306410919,1.65668488821394,2.85595572815251,5933.26847934922,0.999782495192223
"eps2[3,12]",-0.0342918881553244,0.0103812471328668,0.970297776012887,-1.93941489298491,-0.691215435634102,-0.0479255085119363,0.608567534027289,1.88811323353433,8735.96755070083,0.999708939730813
"eps2[3,13]",-0.197597223921306,0.0102187610424485,0.942735546759148,-2.03023428269872,-0.837550268149591,-0.198123349334328,0.431027971590892,1.69812667415978,8511.05267715818,1.00001621360861
"eps2[3,14]",-0.203827289321435,0.0101298353798858,0.910648109785224,-2.00159074062863,-0.806040745950452,-0.201583346760357,0.39565028867515,1.59943309208695,8081.58240366273,0.999572675536501
"eps2[3,15]",-0.248140761197016,0.00937454017738582,0.946277816449141,-2.10576181519249,-0.8888037959082,-0.264552319422404,0.385532115306873,1.63130715108165,10189.1362265366,0.999795368821587
"eps2[3,16]",-0.470457125039973,0.0109954258461336,0.945313484898559,-2.29932717056308,-1.11762209922849,-0.483604014873793,0.166994621626673,1.42269940878153,7391.41519363494,1.00012199394024
"eps2[3,17]",-0.124743597240326,0.00966809640277843,0.947347815000681,-1.98086644822941,-0.760371030676927,-0.114193884581265,0.494902335852176,1.75659164416184,9601.45323889288,0.999601639355826
"eps2[3,18]",0.13067773796019,0.0100183590621217,0.967039433028371,-1.75897476085174,-0.527425118777677,0.131418587482691,0.790110781119705,2.0471050178794,9317.40946566997,0.999963189708925
"eps2[3,19]",-0.416287321927372,0.00987979276761319,1.00549013625075,-2.37793436762274,-1.10624990114394,-0.411467203352691,0.255658957869167,1.53775819136736,10357.6196462134,0.999830380363869
"eps2[4,1]",-0.420910535910546,0.00895824679878258,0.733349567097928,-1.82710642079379,-0.917897764987086,-0.426226557198369,0.0617246886923856,1.05818357388475,6701.56190691267,0.999770893586862
"eps2[4,2]",0.00268955462321705,0.011940676464236,0.954917445496805,-1.84587436148005,-0.641424962150922,0.0044196926096541,0.623818501103555,1.89111309064916,6395.48953777317,0.999926248103896
"eps2[4,3]",0.54238545391029,0.00907530901079859,0.776769448204447,-0.995979111847956,0.0154096606060912,0.535187908421849,1.06237244389603,2.10019443734838,7325.90745653848,0.999896093016608
"eps2[4,4]",-0.199091936020608,0.011641071654131,0.978892373696256,-2.12162630636257,-0.861111249351255,-0.199956239529537,0.466962221411641,1.68921335505108,7071.05092801637,1.00008423217882
"eps2[4,5]",-0.147174686778335,0.0124988957447592,0.93411442458025,-1.95382602693956,-0.781138047051849,-0.161256995300836,0.483910550235939,1.68484313078213,5585.43324797781,1.00014027687333
"eps2[4,6]",-0.0533531958274544,0.00976687865429713,0.840577382179066,-1.71104048210048,-0.613720073639829,-0.040751278462263,0.501962301907229,1.57791068457334,7407.02509653911,0.999875174841213
"eps2[4,7]",-0.879977001173706,0.0121415021920543,0.860734372595147,-2.53991249007274,-1.47134607035692,-0.879478520692334,-0.306976266305089,0.832114419946891,5025.66397698596,1.00000206176256
"eps2[4,8]",-0.134848749626401,0.0101068013926604,0.936628515649173,-1.96941000590972,-0.775378094627987,-0.128963378337124,0.491915131792087,1.7181945264248,8588.30162069343,0.999782164949853
"eps2[4,9]",0.0568569852192161,0.00896653894466532,0.852295929768301,-1.59702247984794,-0.529237727867475,0.0488492140967817,0.640769997237165,1.73357182418831,9035.06228152549,0.999665577035027
"eps2[4,10]",-0.448462708293378,0.009504168290796,0.850794477247346,-2.11878075406773,-1.01909347023013,-0.439658638700352,0.11924273909353,1.25678320615497,8013.47873240965,0.999842500052808
"eps2[4,11]",0.133059846965398,0.00925100592668501,0.875112215169592,-1.56561904841135,-0.446577963567654,0.11989205072352,0.729575724825284,1.8303119906157,8948.48621702557,0.999880631938724
"eps2[4,12]",0.0298088232868758,0.0102683740106836,0.95122357697914,-1.85690748461507,-0.612823175166346,0.0500589031089754,0.666703836839912,1.89653089087495,8581.47328098226,1.00050924086988
"eps2[4,13]",-0.215674961575171,0.0105320976022703,0.969760233495946,-2.11612909639989,-0.876371302178453,-0.224474878359535,0.444772144881163,1.63491527450792,8478.10892979427,0.99971246542949
"eps2[4,14]",-0.449957025689874,0.00963896948060975,0.912825546465459,-2.2211953350975,-1.06780466016386,-0.439314248530895,0.18397469868309,1.29223896462497,8968.38742864222,1.00019718790266
"eps2[4,15]",-0.429255276660677,0.00855277648706626,0.906796266797017,-2.2103924493284,-1.03336682040589,-0.424438537094938,0.185875326521964,1.29487386301932,11241.0065744848,1.00006522732447
"eps2[4,16]",0.111575167156218,0.00940273400486929,0.91877144776725,-1.68113622987059,-0.5013907666568,0.108747460297435,0.736308190191445,1.94392447469627,9547.8740143048,1.00003445651162
"eps2[4,17]",-0.204635460152651,0.00938609269072425,0.93730520228636,-2.05378300452979,-0.82287213489076,-0.19943070311403,0.411404255998043,1.64220855366873,9972.23209018992,0.999646941878883
"eps2[4,18]",-0.0651082715116269,0.00962503455555684,0.952920565672836,-1.95969771317244,-0.703264968907173,-0.0511776546035544,0.588864775650939,1.76097967789953,9801.86699218429,0.999838974475758
"eps2[4,19]",0.234326212827819,0.00870119724044385,0.965272765334786,-1.67461229029677,-0.417633446989648,0.236630449069127,0.898758125655518,2.0654233772109,12306.7131801844,0.999587344073727
"eps2[5,1]",0.38069050180519,0.00835144238679398,0.723335475295411,-1.06986270446822,-0.104576345314635,0.391366911484188,0.863069649499206,1.78781749926269,7501.64574743216,0.999638773886778
"eps2[5,2]",0.23208177391426,0.0122810185100787,0.951893282397311,-1.6635978328849,-0.421266915688149,0.23093621507394,0.874726036535705,2.12485930653531,6007.69328289503,1.00019206888821
"eps2[5,3]",0.624631120932625,0.00836997069295074,0.77161577215732,-0.90026217016924,0.113291128899061,0.629047339995455,1.13713114099523,2.10675188780939,8498.73558941885,0.999654977286198
"eps2[5,4]",0.00206434850422825,0.0125128781565193,1.00645924140431,-1.94003813517918,-0.695396057495135,0.0107722506078226,0.684561178608282,1.95994998600097,6469.60778305563,0.999548794049087
"eps2[5,5]",0.411465233851534,0.0100076592550136,0.83604475343948,-1.23782696754325,-0.1581006123224,0.418802206337913,0.982555168106409,2.05408161936659,6979.0133946886,0.999803817012066
"eps2[5,6]",-0.759729158500348,0.0125328131046115,0.854798749663643,-2.40955572062368,-1.35433189594806,-0.777666742634215,-0.175626818297473,0.976879700415655,4651.90278021972,1.00013721453853
"eps2[5,7]",0.600925808013992,0.0114208302868497,0.85312599245872,-1.09343604933616,0.0247410221567981,0.625790041909768,1.18112312252949,2.22376212339655,5579.95879512997,0.999656473425461
"eps2[5,8]",-0.151368831292604,0.0113601306338177,0.951484357197881,-2.04189921834937,-0.78721267495469,-0.151220436300586,0.481936182917932,1.74803962384677,7015.14503663487,1.00036201540825
"eps2[5,9]",0.308309771590615,0.00983541868020987,0.845407453577934,-1.3348284941971,-0.25551430603822,0.31383615825717,0.871474161860334,1.9586699475157,7388.33265506926,0.999593297773511
"eps2[5,10]",0.0933794578749037,0.0112861390769746,0.86927210269943,-1.63859712702208,-0.490956481960273,0.0986580358841013,0.682398573911568,1.79107415853899,5932.26699135558,1.00076688717429
"eps2[5,11]",-0.232488080669465,0.0105697989086042,0.910247855931511,-2.00827368828896,-0.85234912168917,-0.243196331882611,0.398144154096986,1.56249162716977,7416.27592463036,0.999849091606018
"eps2[5,12]",0.234809456478489,0.0106257533197058,0.975465658381183,-1.69139906022186,-0.428544309698548,0.233986297694834,0.900922118520001,2.07893903287534,8427.6115605162,0.999622483713207
"eps2[5,13]",-0.14162549855334,0.0103230096866832,0.98360729478602,-2.08355635203118,-0.79692705924491,-0.14373888107926,0.51601091347449,1.76836890494045,9078.84940245704,0.999801544344051
"eps2[5,14]",-0.534844183039118,0.0103932286635966,0.934879032986533,-2.37475968648709,-1.17256164314393,-0.53553176594974,0.0933814137682429,1.30369847671113,8091.14296069765,0.999726686764673
"eps2[5,15]",-0.137573125446531,0.00997184337714972,0.943726435941787,-1.99378819582751,-0.767883629661142,-0.121466245157859,0.503534612621434,1.69097814518989,8956.56216029667,0.999945796439415
"eps2[5,16]",0.279645380612384,0.0102528907812603,0.945294567192474,-1.63308331736055,-0.357993979792065,0.286533233908571,0.920498218688386,2.1088084988944,8500.44499914752,1.0002137433413
"eps2[5,17]",0.387730355612934,0.00988446851003012,0.95689380099707,-1.50394033884559,-0.254332374527094,0.383442835546131,1.05115628668123,2.21554744057503,9371.75308630175,0.999785895500791
"eps2[5,18]",0.494332780998641,0.0101499246427605,0.957631248681315,-1.41017438355361,-0.150273808380697,0.492573621060409,1.1542020307431,2.33812235844465,8901.65959602623,0.999785959294933
"eps2[5,19]",0.173814504524874,0.00981541589337258,0.986000284103899,-1.74883658830598,-0.481924686761558,0.168066643242941,0.839146470836064,2.11081946845686,10091.0572047336,0.999656282159551
"eps2[6,1]",-0.0446067919341498,0.00852681302889119,0.723841787084447,-1.46935310567499,-0.523837802424907,-0.0295589564754177,0.446414491317193,1.37496212702501,7206.32462545013,1.00019706291962
"eps2[6,2]",-0.0540797663374876,0.00961651508952273,0.792945894291927,-1.56418008275813,-0.591145471584549,-0.0732088581652012,0.467604140872669,1.55301092891083,6799.10385094157,1.00000409013658
"eps2[6,3]",0.289530431121041,0.00784025925966232,0.764084238648568,-1.21628368459716,-0.223530193244463,0.294268009144016,0.802118877213164,1.77284139380447,9497.76969329331,0.999642616594943
"eps2[6,4]",-0.129013789405478,0.0106072398001252,0.948136062922356,-1.98972012654042,-0.786120314355317,-0.125496221840434,0.507376760295544,1.72813547449067,7989.81193157799,0.999841886265097
"eps2[6,5]",-0.296046473981549,0.00991607343014297,0.810837948234417,-1.87857160583479,-0.831030338421093,-0.293414137731329,0.237593875460106,1.33775333997477,6686.34318882399,0.999720487718446
"eps2[6,6]",0.141513585125532,0.00957560135866452,0.823989660813064,-1.48551081557538,-0.417228546727323,0.158597329043227,0.708450280692659,1.68303710390633,7404.76720150518,1.00002225719374
"eps2[6,7]",0.0101549886839078,0.00876354713062646,0.814467319766675,-1.58963685555811,-0.532242171090266,0.00931506413145121,0.565412704540194,1.59752411172903,8637.4883145354,0.999777665587906
"eps2[6,8]",0.415311911971373,0.010079800883368,0.858404282147194,-1.22583595475156,-0.164244890040494,0.418892266510891,1.00156566587396,2.09878321176109,7252.3681944683,0.999819445491401
"eps2[6,9]",-0.143670991023589,0.00947899096900971,0.846656204519355,-1.80742731626706,-0.718626191484001,-0.152372629332813,0.427402105410037,1.51192751739402,7977.92541298477,1.00015248580053
"eps2[6,10]",-0.944402564482604,0.0100193917443982,0.839785919727597,-2.53319347252815,-1.52301390115224,-0.957590480438525,-0.370189753780647,0.714958194769521,7025.13158124256,0.999870114267376
"eps2[6,11]",-0.312721082386969,0.00967622555601994,0.853859217295373,-2.01122039730502,-0.877013744010994,-0.315540129245994,0.262362737898748,1.3548501338131,7786.82787989312,0.999807009836573
"eps2[6,12]",0.030729751168109,0.00958176148931719,0.932050162972684,-1.78425046029676,-0.601096856957308,0.0348887396933465,0.668924225496616,1.82502097662014,9462.10713801873,0.999578084379958
"eps2[6,13]",-0.190288727780877,0.00919979511403721,0.907237436540561,-1.97815128902383,-0.818752838306666,-0.181736087111526,0.41772568389161,1.58498421147416,9724.91053650009,0.999993780161131
"eps2[6,14]",-0.231108258291068,0.00908459801556792,0.898244939416583,-2.01538007190522,-0.84697507468668,-0.231513232971544,0.373631264050377,1.52764048063409,9776.38122501359,0.999823567178772
"eps2[6,15]",-0.397359102048041,0.00973365025362811,0.915707188857202,-2.16198560260471,-1.03900611983863,-0.401383447830464,0.244142706864552,1.38654080598777,8850.37704228285,0.999880880875884
"eps2[6,16]",-0.110286446816601,0.00848730840387909,0.917568263473622,-1.90683924103858,-0.727380718949724,-0.100333269719899,0.505077043660775,1.67908873386668,11687.9084444898,0.999636883702641
"eps2[6,17]",-0.0031018430781183,0.00833033843764223,0.923927140242629,-1.75302734433916,-0.630793439074482,-0.0136309353915405,0.627083001294621,1.80350265239444,12301.2758511728,0.999823003201784
"eps2[6,18]",0.0318336294248023,0.0086210534804123,0.93595858404463,-1.78208141251924,-0.589023390643631,0.0185706273677743,0.659074738318958,1.8598994403344,11786.709639241,0.999721926419225
"eps2[6,19]",-0.0504392262635032,0.00903532452845169,0.945950667933239,-1.88911931656693,-0.695261204943797,-0.0402566453613567,0.587493129028391,1.79480558207871,10960.9819930931,1.0002052671801
"eps2[7,1]",0.0836105786448815,0.00804424230998437,0.706724582837485,-1.28679910334285,-0.393610866811633,0.0886912334403999,0.555118008518063,1.47051889187037,7718.45023353163,0.999798673015297
"eps2[7,2]",0.75086440297358,0.0101953552807704,0.801574199832178,-0.837589019569628,0.210067655596785,0.760359321945904,1.30034312676313,2.24388010474509,6181.34141319309,1.00035445668779
"eps2[7,3]",-0.035000396382599,0.00809665151449381,0.766768471906309,-1.55114194780638,-0.532259305007715,-0.04026239115455,0.459305855314814,1.52186866550167,8968.45430464753,0.999657753118994
"eps2[7,4]",-0.249801810772731,0.0121606466788014,0.971498445411927,-2.16847173226638,-0.888109474659807,-0.247055214843973,0.389608852629605,1.66091934448502,6382.20689831096,0.999670443699286
"eps2[7,5]",0.490154240655211,0.0117582495772056,0.832833969354373,-1.20864810431827,-0.0623382995056857,0.503441543931961,1.04855362050218,2.11465687163202,5016.8545857773,1.00020476686029
"eps2[7,6]",-0.0281725563469392,0.0095122100881465,0.810651564499267,-1.66130733053051,-0.559552218337328,-0.0120676437412124,0.522807400093465,1.53150714219279,7262.82505583795,0.999785827898958
"eps2[7,7]",-0.155187973188145,0.00908676429970512,0.827022863080647,-1.7592820390746,-0.701867111279989,-0.165786190625254,0.403035086913734,1.47461155922621,8283.55014127395,0.999628685987137
"eps2[7,8]",-0.377411802642632,0.0101569684682429,0.859939866754313,-2.04519950377033,-0.967536239446411,-0.385098681743362,0.196234041229262,1.32733748713245,7168.16441545271,0.99977585438622
"eps2[7,9]",0.217787213851611,0.00875916343578233,0.818917049765984,-1.41078197321736,-0.3304660480411,0.211296235820621,0.773384148092668,1.81315436276427,8740.86809767442,0.999861250224957
"eps2[7,10]",-0.204012418451946,0.00905268337873266,0.831328645194399,-1.83638319112618,-0.752234886261702,-0.198374739712928,0.354005005305595,1.4207029262035,8433.16948421845,1.0000624827426
"eps2[7,11]",-0.158847397951172,0.00896029543216745,0.882605333107715,-1.86760325164653,-0.747498433534819,-0.157439575282398,0.441459093997641,1.54977956034029,9702.60690097046,0.999695535045921
"eps2[7,12]",0.220080030889152,0.0101815318383027,0.968052152435702,-1.69040443256999,-0.427484938268954,0.209293750611423,0.886623962826563,2.09666414425862,9040.05895071779,0.999596704413798
"eps2[7,13]",0.378711704713649,0.00983878102130596,0.911802965767664,-1.47670021894348,-0.242889860972242,0.386319000449429,0.99951807139156,2.11904185191213,8588.54136137453,0.999769112279716
"eps2[7,14]",0.314744496317993,0.00966028487621266,0.931948720266745,-1.53639962657327,-0.300820085660871,0.305493483021059,0.951070777694156,2.11172690318834,9306.88109127449,0.999645605373835
"eps2[7,15]",-0.0340994445407851,0.0096378421727393,0.938258450583693,-1.90797205880897,-0.658814312491645,-0.0248509405926588,0.593966263030473,1.78565836383375,9477.31573010859,0.999616256917098
"eps2[7,16]",-0.527693475649067,0.00978356323691679,0.920586017316977,-2.32756480720133,-1.1517378379887,-0.519423027557208,0.0942922990763194,1.22463651983704,8853.90046591933,0.999962742877097
"eps2[7,17]",0.448794352595104,0.00933334433832236,0.965935605987975,-1.48288939121111,-0.201242400291368,0.454464062632987,1.1107027963681,2.32663987921822,10710.7966220626,0.999648102011572
"eps2[7,18]",-0.138983820758013,0.00895758702000922,0.937765825007509,-2.00789268008521,-0.791887721617185,-0.138282143090149,0.519980011338402,1.64915331248739,10959.9035340446,0.999673146976389
"eps2[7,19]",0.0497755730258049,0.00967919259180035,0.978126760264366,-1.82661289828479,-0.620878128488245,0.0481021401213431,0.719345851165618,1.91641216970021,10212.0285181897,0.999665409384998
"eps2[8,1]",-1.36541592632839,0.0131082757693228,0.776816002259427,-2.83636699044473,-1.89246843203927,-1.38329178963568,-0.852355721338487,0.208400305638283,3511.92463860988,1.00118865773613
"eps2[8,2]",0.33983515213637,0.0110206969841779,0.857173261114028,-1.39627165001416,-0.227534621719039,0.341783191141948,0.926966447122722,1.96650903814807,6049.49479025631,1.00040619554441
"eps2[8,3]",-0.948517749295235,0.0106537530270165,0.820400701061041,-2.56130448536368,-1.49834977393342,-0.948092348180421,-0.393490713808012,0.659313414672674,5929.89216697173,0.999953068385347
"eps2[8,4]",-0.587503850026913,0.0156041339902578,1.03805699015267,-2.56146674135682,-1.30707241190508,-0.613836363063499,0.115242198251069,1.50320898264591,4425.50721177693,0.999948293367079
"eps2[8,5]",-0.526648097797628,0.0120305109430573,0.874694481881676,-2.19980909068156,-1.11524171489345,-0.533688048532997,0.0431758427718581,1.23986744904107,5286.21263625018,1.00024935237016
"eps2[8,6]",-1.15695008759371,0.0119820663094254,0.889517507886879,-2.87310264067231,-1.76257624216221,-1.16764146069166,-0.547383078730341,0.583128073270767,5511.19228300803,0.999704752167104
"eps2[8,7]",-0.818697366917651,0.0120163717463109,0.891383838432129,-2.54239227757072,-1.41796101397089,-0.827727192826269,-0.212484468216433,0.909058919320267,5502.78823895835,1.00027763217818
"eps2[8,8]",0.586401839985435,0.0121301608897347,0.924733438880889,-1.23975341173349,-0.0321173586381018,0.590980918001919,1.23152057929617,2.35736067752023,5811.65736712124,0.999953963034927
"eps2[8,9]",0.238407203294989,0.0112797847020495,0.890551380033428,-1.4734008407321,-0.375865373921621,0.243396403193393,0.851780154281107,1.96760859300238,6233.27577185755,0.99972566235184
"eps2[8,10]",-0.802843610165877,0.0124991061451481,0.876982798273184,-2.48052392781193,-1.39761375534701,-0.810324178603337,-0.22061545917127,0.9657282448724,4922.93653952986,1.00056348325233
"eps2[8,11]",-0.0245526940302295,0.0107542341834997,0.914811558053727,-1.82124849592862,-0.637890422710876,-0.0268440135583739,0.592668861624983,1.78248607818501,7236.09578742186,0.999914781941201
"eps2[8,12]",-0.475848485735832,0.0114100660786838,0.968571076522749,-2.32734370365649,-1.12494988831904,-0.494631985545021,0.150903138564549,1.44334938097193,7205.87414975096,0.999959454849155
"eps2[8,13]",-0.0953814410976904,0.0112294924758367,0.947624269674135,-1.96891611770458,-0.74502140688676,-0.095162668477569,0.562833687543486,1.74530510301909,7121.18212287755,0.999598364534517
"eps2[8,14]",0.0451336250051189,0.0113842653865065,0.941832461521293,-1.7770526980488,-0.600221110299116,0.0382723238298722,0.670341689641374,1.90873269126113,6844.43001502289,1.00006956130856
"eps2[8,15]",-0.474705573548862,0.0106166179572215,0.949269145634082,-2.35947534251033,-1.11743942474049,-0.470650874268093,0.180403613953848,1.37893756944045,7994.77694539168,0.999543868724727
"eps2[8,16]",-0.834839192403462,0.0100448850670256,0.953073457144219,-2.67115454255502,-1.46851104879651,-0.852807698793987,-0.201485094295738,1.05542948598684,9002.4932738663,0.999830727735607
"eps2[8,17]",-0.0370365485035818,0.00938297853012764,0.953224483601359,-1.92882662469469,-0.667944848483175,-0.0352098733802277,0.607433492138536,1.83120946929227,10320.6947230687,0.999858588672784
"eps2[8,18]",-0.330111655981817,0.00865783328352244,0.948425552678142,-2.18243387617843,-0.965732531347141,-0.340588718928722,0.331531771242843,1.52046580075063,12000.1881450291,0.999790803683886
"eps2[8,19]",-0.155941091775367,0.00825154240007282,0.952425821200147,-2.04123997489655,-0.775033605274261,-0.153591132253885,0.466267477785403,1.72176488775599,13322.6939349354,0.999792071422508
"eps2[9,1]",0.440910734569822,0.0100741584111583,0.736229191473789,-1.03797884299741,-0.0477654805307653,0.442822902102545,0.944052532231032,1.81999908083201,5340.82705684137,1.00097364797491
"eps2[9,2]",-0.162094518786943,0.0111888862991585,0.811515821117464,-1.77974744443305,-0.698898312196678,-0.155081864610172,0.386969170875941,1.43053668718702,5260.41807200674,1.0000436230393
"eps2[9,3]",-0.684057628978864,0.00981937623870363,0.784315060486981,-2.21650787079472,-1.21487269208476,-0.677318597103385,-0.155707527977955,0.880243309049968,6379.89171258102,0.999829235630398
"eps2[9,4]",-0.238907796523495,0.0125997867304321,0.965382808526258,-2.11271867973301,-0.888482476741791,-0.230800314455391,0.416932768626744,1.68889090380407,5870.46810868231,1.00044372047915
"eps2[9,5]",0.213587601513382,0.0142129241956031,0.868688024413256,-1.51726599124046,-0.352413679595186,0.235998289321263,0.800694248994077,1.88352017955963,3735.60363566716,1.00000305007959
"eps2[9,6]",0.180025863601439,0.0118430085012278,0.837952069821164,-1.50108469015894,-0.372159980800999,0.187262306315471,0.736871321686488,1.81177384051707,5006.27006463178,1.00013061590708
"eps2[9,7]",0.478575038949128,0.0119441769316608,0.86615360488691,-1.24887218133553,-0.0972062665438461,0.473339985649247,1.06194313197678,2.18667901705226,5258.68768069411,0.999931254544346
"eps2[9,8]",0.268842289372519,0.0117139381000726,0.886129223754157,-1.49382325007669,-0.315102341894208,0.272169287007076,0.867067864871592,1.99770136026792,5722.53252003284,0.999851547735704
"eps2[9,9]",-0.0139577269384093,0.00999997918725123,0.858830854381052,-1.71734291929946,-0.580689587613468,-0.0125866995679222,0.562055323023945,1.68924068684024,7375.93506703363,0.999890867796995
"eps2[9,10]",0.803629441288461,0.0150162065930556,0.880939621340043,-0.973709770512131,0.228871189014433,0.828522966017284,1.40662900811732,2.47114781991865,3441.69053394186,0.999842445522516
"eps2[9,11]",-0.332043686726207,0.00962149013596023,0.899287047351424,-2.08117458662676,-0.938879054129735,-0.345345485012466,0.258404173725091,1.44217176833585,8735.9873908239,1.00006926213795
"eps2[9,12]",0.372665817549566,0.0114164919347178,0.912003532125632,-1.444976245518,-0.254426925608501,0.397662521201998,0.990995860957534,2.10684024232607,6381.57227556109,0.999992206877961
"eps2[9,13]",0.191598976141553,0.0101593702269475,0.923687644483911,-1.61658017084583,-0.424094819632164,0.211387182158818,0.799514505019092,2.00536812650911,8266.40529468025,0.999768037576995
"eps2[9,14]",0.348761470377491,0.0100541852261046,0.924179151629267,-1.46252657751609,-0.273146306797508,0.339469918510151,0.976193434332211,2.15556590030681,8449.25797877621,1.00026476512259
"eps2[9,15]",0.215866377768107,0.00997758342634774,0.936288995616384,-1.63454995135441,-0.402964269265795,0.219957346862918,0.853032970346577,2.03146148071532,8805.80578248312,0.999814340233873
"eps2[9,16]",0.251823885482304,0.0100994894828788,0.919363164742698,-1.60187857934435,-0.362324855964971,0.268174253662897,0.866249086746228,2.04474215108503,8286.58054542824,1.00000469342921
"eps2[9,17]",0.392763406366559,0.0097878905250833,0.999048960578823,-1.59611854299215,-0.253264510661017,0.404193994528324,1.06281231406701,2.31627122081892,10418.2635156182,0.999630790243816
"eps2[9,18]",-0.394064588972693,0.010008755239123,0.973097446027113,-2.2628409855637,-1.05128281151911,-0.392523455775344,0.244997118431103,1.51638965049097,9452.62714660624,0.999866122256046
"eps2[9,19]",-0.36654478624144,0.00863876584047484,0.950133095055246,-2.23867386817981,-1.00300346559018,-0.360794366903667,0.259917674822475,1.49546041622159,12096.660352082,0.999618088479681
"eps2[10,1]",-0.287202449538428,0.0119079016762829,0.794795276102019,-1.93271847526412,-0.792905854653157,-0.248455001458962,0.232158676545439,1.23717787466526,4454.92169095833,1.00026047278528
"eps2[10,2]",-1.16963710375499,0.0129295319465309,0.863718840353617,-2.81646257866112,-1.7552952478247,-1.19015771574047,-0.607420646801399,0.583374225747777,4462.50975901323,1.00038503027372
"eps2[10,3]",-0.848774516774223,0.0108761493311436,0.82859542653769,-2.50823569381056,-1.40568673623359,-0.841660071315923,-0.276557348017577,0.75796118757784,5804.09804324564,0.999793373988685
"eps2[10,4]",-0.622309022710123,0.0174336639941487,1.09937132088238,-2.74544750293885,-1.36472504697799,-0.6220125567629,0.118124779378065,1.58974135665015,3976.59593303723,1.00002870639036
"eps2[10,5]",-1.90783971349799,0.0178160986326214,0.928173054793188,-3.63832307649883,-2.55204118805698,-1.94077347546089,-1.28638961083543,-0.000131111372725291,2714.1428173663,1.0004517039102
"eps2[10,6]",-0.813032857147062,0.0113772774476825,0.872546134130744,-2.48165002360668,-1.40373765231086,-0.822254554658168,-0.239540115641078,0.950913856810975,5881.66248803941,0.999987260046758
"eps2[10,7]",-0.488142611721825,0.0103576082283599,0.879491616629538,-2.14516994213672,-1.09735789270482,-0.490467631813788,0.102451053263233,1.23032895617923,7210.15246182331,1.00018795896341
"eps2[10,8]",-0.940124025252974,0.0113187805696948,0.917609685450698,-2.67468824212403,-1.56551500254843,-0.94289042890052,-0.333720698973956,0.897518405898188,6572.28967297157,0.999980594941126
"eps2[10,9]",-0.219904518581316,0.0105452963987885,0.881302862273049,-1.9203139529947,-0.813085659280268,-0.213059792434982,0.385101336598795,1.48826786684474,6984.45910968227,0.999553264425257
"eps2[10,10]",-0.25769057136976,0.00967638489671979,0.865844677412249,-1.94503500095573,-0.855630836304943,-0.262476870713974,0.336485441468735,1.43983306281309,8006.70289218295,0.99979341479172
"eps2[10,11]",-0.169048205788512,0.0103667040245871,0.89187150271381,-1.93567162647516,-0.760066626929053,-0.158776815072033,0.422388014380936,1.59112633759602,7401.55850322969,0.999615686102134
"eps2[10,12]",-0.61651774101582,0.00992067788992477,0.913280137231452,-2.41980970992565,-1.24153093104144,-0.625518362092386,0.0133215345231903,1.15863091134177,8474.71938631663,0.999588631412974
"eps2[10,13]",-0.428364874077491,0.0102289801526289,0.941755093314275,-2.2936371408012,-1.05334494819467,-0.432334185454844,0.199698581098369,1.43766282469052,8476.39689028376,0.999740111605002
"eps2[10,14]",-0.072277023139064,0.0102292777135628,0.914601387564399,-1.86124324677017,-0.672004437690079,-0.0812917532052709,0.535227752525041,1.71049859232778,7994.17724458327,0.999613788857636
"eps2[10,15]",-0.448795351822562,0.00947184040421815,0.945718809382747,-2.28489921048922,-1.07270041898166,-0.475216146881306,0.170216593079265,1.43349521551243,9969.08525336467,0.999639039128695
"eps2[10,16]",0.429141079861241,0.00959575615166632,0.932891220238054,-1.41044411426069,-0.181501563464726,0.444671599819781,1.06409775025104,2.18891393153163,9451.56238845791,0.999923139670764
"eps2[10,17]",0.0129458190653678,0.0104187088509346,0.95719174137794,-1.87529980830162,-0.651670966293902,0.011103983841968,0.654087493774712,1.88555613296743,8440.5370765219,0.999706690823348
"eps2[10,18]",-0.323942000239297,0.0095706173259503,0.967000309718129,-2.232060918486,-0.958458345413361,-0.329387436129172,0.326067886071751,1.59671048930446,10208.7677357036,0.999853580471679
"eps2[10,19]",-0.408964936859809,0.00925152783752256,0.964377109007667,-2.24799395465281,-1.0650656543946,-0.411007084880431,0.235218130921661,1.52567493852024,10865.929087994,0.999606553716663
"eps2[11,1]",-0.0786885413327073,0.00809839119567114,0.718912679147814,-1.50741369029114,-0.555428807476696,-0.073008330569484,0.406629195572095,1.30328740960415,7880.51831850136,0.999924440489649
"eps2[11,2]",-0.158563899786486,0.00859050537196817,0.773371706214173,-1.69358585922149,-0.668239373080947,-0.163618251520289,0.358104512041881,1.38024233264652,8104.74082120465,0.999977971909806
"eps2[11,3]",-0.0599092532949899,0.00822894049927604,0.747304802189987,-1.51394785892917,-0.556546310399287,-0.0517146829536008,0.428570674524231,1.42684560575752,8247.22231852063,1.00013529110427
"eps2[11,4]",0.55666915607993,0.00837630631288475,0.780190327940927,-0.972979539443885,0.0298326724403147,0.559301451013248,1.09687678110982,2.06526101904893,8675.53013651925,0.999710308775666
"eps2[11,5]",0.392797062622862,0.0111560138149202,0.798582087341479,-1.20322156317421,-0.146608978595344,0.413527229010421,0.954833788523103,1.86320528432635,5124.14065254393,1.00012890519434
"eps2[11,6]",0.0606994455401407,0.00864421679197712,0.799857724709093,-1.50275184042133,-0.489694620954927,0.0614980635128983,0.604079411816015,1.62856721843429,8561.97955401439,0.999785201467539
"eps2[11,7]",-0.339391130809141,0.00801176392088687,0.784999043056907,-1.85981446838902,-0.872999918303547,-0.34088140397976,0.18681106628128,1.23783893669601,9600.23728304256,0.999707460548542
"eps2[11,8]",0.166726471135792,0.00903685183387024,0.823221535999979,-1.45647298285907,-0.382521996242287,0.171160699679026,0.718957119940945,1.73240665668356,8298.49092033519,0.999650798676304
"eps2[11,9]",-0.412553534623848,0.00856939319266635,0.815051073001132,-1.98901310047522,-0.9608277062151,-0.404790138440311,0.12800109756663,1.20093193503658,9046.2691841024,1.00048726981428
"eps2[11,10]",-0.179190016007974,0.00882439846076267,0.799595024975033,-1.76176192312713,-0.715145062151752,-0.179722358629932,0.34205055345172,1.37579290989744,8210.50644260157,0.999985404996529
"eps2[11,11]",-0.00979080006523919,0.00879163781932593,0.84248504068783,-1.66110558697543,-0.581313871979765,-0.00379044208302532,0.570742563543928,1.62796250808209,9183.00496788221,0.999778875336367
"eps2[11,12]",0.00931100529340795,0.00888646095410999,0.869479942762642,-1.71601521028462,-0.570597006302033,0.0232076178976718,0.594734451440291,1.72020549626127,9573.29544911361,0.999584419007842
"eps2[11,13]",0.122863436251469,0.00966230738524746,0.877144366292855,-1.63668448506748,-0.451270370555109,0.117516810336062,0.705717509329842,1.80727991956471,8241.0103140065,0.999602410581961
"eps2[11,14]",-0.148676719368339,0.0086924703549201,0.888454252805112,-1.85167362964345,-0.761014304409334,-0.155193560774249,0.457364443855731,1.57529454684506,10446.8102059872,0.999720367955463
"eps2[11,15]",-0.199631435456818,0.00824521187230939,0.883571957151986,-1.91596462634474,-0.799196045086596,-0.194577190848343,0.384076928324962,1.59814263333132,11483.6568777914,1.00012928889961
"eps2[11,16]",0.216202907442008,0.00888562410529122,0.908755847590055,-1.57332147719847,-0.396001845093036,0.206098978317709,0.822467950619275,2.00079064461984,10459.6839676639,0.99968255012403
"eps2[11,17]",0.271538199090726,0.00883371543186566,0.922971245801234,-1.5608502775086,-0.341543964778103,0.269752663524124,0.875248154505099,2.06674157152655,10916.6536761841,0.999601446377687
"eps2[11,18]",-0.0539713542711643,0.00903922748009512,0.943714304294217,-1.91458981492705,-0.682585692575261,-0.0441212660397839,0.586339905129266,1.76384282389896,10899.7978605906,0.999698326314025
"eps2[11,19]",-0.120258333752415,0.00824429932694151,0.929669774749932,-1.92541686042206,-0.755083800633424,-0.117885020730097,0.499936028887219,1.67389958986901,12715.982460401,0.999650512767224
"eps2[12,1]",-0.312854847065392,0.00945891169505726,0.745861704710527,-1.79606704037258,-0.801566860206015,-0.307943228814891,0.153732051161276,1.18372574358927,6217.76461141199,0.999844242221044
"eps2[12,2]",0.0781790696628951,0.0105472667815855,0.792383676640311,-1.48885333686883,-0.44865792009256,0.0696742761720916,0.603174445707218,1.63979956413342,5644.05423577963,1.0000997278106
"eps2[12,3]",0.0686218561677695,0.00969465355412666,0.785841065191178,-1.47248533361968,-0.451977294520552,0.0663189092974761,0.599034833524178,1.61191062109265,6570.59731295276,0.999746331975486
"eps2[12,4]",0.263412968806721,0.00976845728146831,0.801029617686528,-1.27095490385583,-0.291877790886509,0.249001726319462,0.811431833156418,1.83676296225632,6724.27064724061,0.999964799924299
"eps2[12,5]",-0.167941329669001,0.0107074234818517,0.826860547818774,-1.77368138105703,-0.725651762051094,-0.190504878172409,0.393510481023054,1.47169179941719,5963.4088112981,1.00021075507211
"eps2[12,6]",-0.130580941469454,0.010714130466513,0.828007905772183,-1.74974646445887,-0.686611801084366,-0.119759167035025,0.414519542224371,1.51244014861005,5972.4855249451,0.999850902124643
"eps2[12,7]",-0.114300864261904,0.00963249896293284,0.848600045898806,-1.76429033982062,-0.667316922926026,-0.132110932933669,0.440683122757342,1.55043313413775,7761.18722200993,1.00009926100857
"eps2[12,8]",-0.17563638485084,0.0112546980962257,0.882522943656176,-1.86329000533507,-0.769669406431443,-0.181405762992478,0.414097396056902,1.59198393648388,6148.71424957851,1.00011878173257
"eps2[12,9]",-0.630482874012862,0.0104438245453416,0.880477097363562,-2.34477940078902,-1.23070454456836,-0.643196280778992,-0.0490287033558436,1.11139946642577,7107.50204355571,0.999545752851858
"eps2[12,10]",0.736704671223303,0.0116764570031202,0.870672200161905,-0.999732184837781,0.171755127123138,0.735465912903433,1.32769440581768,2.40926819008287,5560.15869517707,0.999990336534806
"eps2[12,11]",-0.194125402994936,0.0100250974407299,0.902618166640668,-1.94068563562273,-0.807735553183058,-0.195727864795763,0.399701026405085,1.59427468844079,8106.45423549856,0.999703279627974
"eps2[12,12]",-0.417624348550841,0.0112128164573732,0.929255274363225,-2.18373742841981,-1.0581426840151,-0.411494041222973,0.196742852573918,1.45852544138236,6868.16378285467,0.999911397592844
"eps2[12,13]",-0.614075805254983,0.0115323195517229,0.932581464294884,-2.38194119653112,-1.24761362232738,-0.639196725299101,0.0256973528436549,1.21327870136333,6539.43493255049,0.999706004836429
"eps2[12,14]",0.397388146126808,0.0108146058180339,0.934842662346455,-1.45279206357237,-0.226621056397843,0.401314225897205,1.03339096547995,2.18317376256622,7472.32337388789,0.999747291299433
"eps2[12,15]",0.620139399356145,0.0106834347411287,0.921925468927618,-1.22454662842182,-0.00203451909396845,0.637437820447822,1.22572735326488,2.39316352038157,7446.80227474966,1.00076598956402
"eps2[12,16]",0.123214491329497,0.00917216090206697,0.922879764134214,-1.66576991979045,-0.483065900781124,0.10996972717956,0.748629357076266,1.94357452526793,10123.8783349594,0.999756442957747
"eps2[12,17]",-0.0086771385278934,0.0095868548545624,0.942611956888194,-1.89416836160902,-0.641156694367176,-0.0138601642940636,0.626925060046004,1.8788337921336,9667.48672680395,0.99963301217784
"eps2[12,18]",-0.108678542470013,0.00931702957378712,0.952742127402302,-1.94811758938943,-0.757712990578051,-0.0913037202850248,0.539622841218157,1.76561199482599,10456.7274785873,0.999865263393609
"eps2[12,19]",0.366846422115083,0.00971346184388605,0.951523468191081,-1.50957800678507,-0.269818509607244,0.38024093553697,0.999111012994578,2.20536431532447,9596.01528704402,0.999727992207441
"eps2[13,1]",0.95870430316683,0.0103460625866352,0.774669418502922,-0.582346072945261,0.458996954416867,0.964574616840709,1.46583368092323,2.4707870726943,5606.38116266069,0.999630287090505
"eps2[13,2]",0.591215091091215,0.0114098496510141,0.847930588442254,-1.14130690655691,0.0318903291082393,0.612483073504641,1.16975155882801,2.22477524083857,5522.81837803483,1.00041240471609
"eps2[13,3]",0.428502088052258,0.0107765873311581,0.803435623169342,-1.23393234124482,-0.0950534587561296,0.453245485377541,0.965761792890843,1.96913947347343,5558.27029265483,1.00000536252402
"eps2[13,4]",1.57044438005919,0.0119336451444578,0.841168474632298,-0.129751737668594,1.00395018780902,1.58553318306789,2.14711987664424,3.1686984825212,4968.43641660438,1.00022342178879
"eps2[13,5]",0.936099217529795,0.0125925776199795,0.845433707052971,-0.800445446127278,0.388144612978719,0.937128905618751,1.51246331171542,2.55674507593158,4507.43886361614,1.00027558898744
"eps2[13,6]",1.09819673133287,0.0109691268622704,0.859522988131597,-0.642910003768996,0.524582871061949,1.10915622027857,1.67703953238408,2.74572375814163,6140.03539033049,0.999778988287296
"eps2[13,7]",0.942964292497195,0.0107255468250101,0.858236535062211,-0.732718612727181,0.365088079637963,0.949828551185087,1.52870395865044,2.59618126258311,6402.87628366773,1.00011662927536
"eps2[13,8]",0.385376121603796,0.0112609687799752,0.88710986329148,-1.37522709478969,-0.213545522272037,0.414431747402087,0.987040572910161,2.07367574974889,6205.87904910702,0.999876215070432
"eps2[13,9]",0.246484701891348,0.0102716676426557,0.869872090669243,-1.47632781100821,-0.330188572003824,0.250717487045882,0.834593029866597,1.91626031592085,7171.81167284354,0.999866837307621
"eps2[13,10]",0.352303210352508,0.00992940501198826,0.871552579276674,-1.38083361645,-0.231594122366606,0.365012587570868,0.947484615430753,2.03401950383582,7704.43390608564,1.00004199822592
"eps2[13,11]",-0.185020472029253,0.00978411697100434,0.885528802346596,-1.90835594325679,-0.787194760429455,-0.181713809516896,0.392811700362536,1.5679553344285,8191.4750087943,0.999788668119459
"eps2[13,12]",0.408302239674301,0.0106528862804958,0.90999130090849,-1.40585868896962,-0.209409419157169,0.416233870517643,1.02990492851401,2.19387069665802,7296.92528566682,1.00025730063035
"eps2[13,13]",-0.00360721116901462,0.0102778574966153,0.921573920021132,-1.85446168792778,-0.608728962492427,0.000702285590169513,0.620816302128899,1.80592912275087,8039.98369951176,0.999736644004806
"eps2[13,14]",-0.170971041678945,0.0108340577272408,0.931839069450905,-2.02538170062937,-0.782389931116006,-0.173831937502139,0.456900385435899,1.6677960245742,7397.74811355695,0.99973046487621
"eps2[13,15]",0.210498952227375,0.010722564609714,0.948742051457713,-1.70721363634399,-0.423644054582728,0.21434417505436,0.840904311072538,2.10734552354536,7828.86775833896,0.999785041576961
"eps2[13,16]",0.655854241173431,0.009654360500187,0.937157499736035,-1.18956453733397,0.0353360834565556,0.648795364541048,1.28223213937144,2.491896773713,9422.76037202673,0.999735204676327
"eps2[13,17]",0.486101992239913,0.00978160299101413,0.953052608503121,-1.42915460552873,-0.154965566422899,0.495713515224238,1.14234242104312,2.29190711565365,9493.22304271578,0.99977291565528
"eps2[13,18]",0.257391897031365,0.00893153154767383,0.943989546047744,-1.58152848186989,-0.365454989153055,0.24657755295447,0.877654096660949,2.05365700454062,11170.7542209382,0.999635919999004
"eps2[13,19]",0.149680572110865,0.00890294472922113,0.964628059411717,-1.71420338639971,-0.511998761294156,0.151648160014566,0.799576494261809,2.0561757373221,11739.5764102217,0.999594137902094
"eps2[14,1]",-0.841201959961401,0.00885087370107,0.732456028513135,-2.25167531632702,-1.33165252086074,-0.866545701034912,-0.368439541683589,0.64898627351763,6848.42696437747,0.999744287505946
"eps2[14,2]",0.124484863518392,0.0095431413813413,0.807410611862907,-1.45041972949555,-0.415546170210324,0.133991102596292,0.669438775172648,1.72624145357945,7158.23892957278,1.00071011240587
"eps2[14,3]",-1.25512263432489,0.0105979012185527,0.813366495257349,-2.82353285985801,-1.80034021539769,-1.2813942659496,-0.710032179041295,0.390958974032448,5890.23772588638,1.00000174956584
"eps2[14,4]",0.276070640521914,0.00930638536135186,0.775827040924139,-1.2157556126332,-0.233675363702659,0.26649451090217,0.786063988726995,1.82727530137806,6949.72726095076,0.999878289663995
"eps2[14,5]",-0.377424544250263,0.0110453084599682,0.815118902600289,-1.93315755553466,-0.926544799249904,-0.389781644768181,0.153324263514966,1.27975262587661,5446.10777408995,1.00005460866895
"eps2[14,6]",-0.0730571788478775,0.00897713541814233,0.794067901403337,-1.58902339244977,-0.616978094965102,-0.0809556116367927,0.453047218491753,1.48311315747438,7824.19613765052,0.99976022709716
"eps2[14,7]",-0.192463968946895,0.00978916900663549,0.84256996126141,-1.83545233736744,-0.757289849544545,-0.187172524695555,0.380672761723557,1.43797355669191,7408.3295093073,0.999913666295636
"eps2[14,8]",0.142289931622704,0.00979941889005385,0.858175694736703,-1.553923504529,-0.442165554273156,0.139591182709611,0.731493323151375,1.79234437404199,7669.23022802915,0.99967136021149
"eps2[14,9]",-0.605024877976389,0.00977185599688935,0.844313087858691,-2.24005643476383,-1.18403929972564,-0.602723212025663,-0.0346321244095739,1.05724595298577,7465.39731298215,1.00009961398244
"eps2[14,10]",-0.534764703159265,0.00937058660323511,0.835203785575226,-2.11793005714686,-1.10930392079895,-0.532619863094447,0.0469426937970824,1.07819300204801,7944.22161052719,0.999632792684304
"eps2[14,11]",0.0383787240415723,0.00922961813495152,0.87002945858354,-1.64731947773252,-0.552296027052642,0.0348730869417439,0.623706081917899,1.71332352450195,8885.88011570683,0.999881724448685
"eps2[14,12]",0.0610870975613775,0.00959505935675407,0.905402246531395,-1.68598297484351,-0.548202998734148,0.0649128953780042,0.673688061687307,1.79571536062686,8904.05438796713,0.999626994949933
"eps2[14,13]",-0.0654678239541045,0.00939113356497896,0.928010892055013,-1.88854648682483,-0.703603890737523,-0.0750497387387148,0.567219883405434,1.72660805706782,9764.95199168858,0.999844237006845
"eps2[14,14]",-0.748531981380467,0.0108614946882355,0.934296194547974,-2.54766913442262,-1.37460866087289,-0.747079862257441,-0.132190731108086,1.01215809197606,7399.28868215668,1.00028654539158
"eps2[14,15]",-0.146077590755962,0.00903658528446221,0.923004279455908,-1.98309747349353,-0.762788314727147,-0.155603499811009,0.489426926917347,1.66179295168768,10432.7482066893,0.999726865298078
"eps2[14,16]",0.498009179868265,0.0084304685509188,0.911812539765841,-1.3047585766137,-0.118225974413025,0.493642064200251,1.12240479490354,2.27452164308045,11697.894381736,0.999609491591417
"eps2[14,17]",-0.010355066528569,0.00868502357722411,0.924040348276232,-1.8605946255517,-0.628143840131571,-0.00726780924214024,0.606083156210668,1.77677805117121,11319.8290099672,0.999639025706067
"eps2[14,18]",0.159509614628225,0.00889997712609487,0.937195323994669,-1.62992524707538,-0.487952617315229,0.166205611009923,0.779666284647695,2.04114955268043,11088.7462461283,0.999702041468822
"eps2[14,19]",0.0513879411648903,0.00894627126840935,0.959011615113263,-1.84192842853205,-0.575044842684517,0.0465934955482805,0.686642923521924,1.95523491620736,11491.1530485315,1.00028775721045
"eps2[15,1]",-0.94571732690702,0.00949332353609472,0.743340625735371,-2.38672235851416,-1.45822572058641,-0.951977268460502,-0.464192884548503,0.545400493753347,6131.11092796372,1.00099717083738
"eps2[15,2]",-0.965305336157762,0.0132061814243486,0.860025923378961,-2.62331994800648,-1.54765338572107,-0.981903215846575,-0.39038068934944,0.748984612024494,4241.0028653696,1.0005394008908
"eps2[15,3]",-0.796051152712298,0.00962802263729703,0.801761213177442,-2.34090706405361,-1.34689958469071,-0.793659203483604,-0.261780529903189,0.781729865722258,6934.51161103633,0.999906482401219
"eps2[15,4]",0.060350440316215,0.00951636604704726,0.807743568420496,-1.52230663710106,-0.485234986930137,0.0462464714824431,0.611821322838233,1.67675969172793,7204.51483067767,1.0001073066045
"eps2[15,5]",0.0766650898090832,0.0101990113480046,0.824615083857284,-1.54470979250968,-0.467370620697209,0.0787718730690813,0.621071289370436,1.72629838871995,6537.11912751922,0.99960319658073
"eps2[15,6]",-0.27411620520555,0.0101867329297721,0.816598364017853,-1.86627185491639,-0.838762437401167,-0.276297826533637,0.269931801685834,1.32645999459417,6426.09542865305,0.999726875247525
"eps2[15,7]",0.10368873727763,0.011097469459718,0.852486352710505,-1.5628695723315,-0.471178112134972,0.106866702419796,0.681337705912851,1.73369541414883,5901.01818955994,0.999870319731113
"eps2[15,8]",-0.0514931448043038,0.0110908309345726,0.879320977931273,-1.72073677790498,-0.648873974635818,-0.0591774512312098,0.529037213708098,1.73737952801514,6285.88886362504,1.00005995963308
"eps2[15,9]",0.029682588363784,0.00942955407732276,0.841072893838504,-1.62237766411601,-0.541724063666243,0.0235083912764237,0.608010630342539,1.65210063357806,7955.82025310415,0.999987980055949
"eps2[15,10]",-1.21949814384356,0.0142904770320557,0.885293212823429,-2.90900248567522,-1.82627813210762,-1.23661997326165,-0.621310958967263,0.5383256628048,3837.78655297658,1.00055864265104
"eps2[15,11]",-0.0564419231163566,0.00940805280013365,0.873408653587977,-1.7803798520772,-0.644068336187236,-0.0592522370390892,0.524249560966393,1.66652407019913,8618.57546801401,0.999741627967258
"eps2[15,12]",-0.0324921340570786,0.00982049574894566,0.898447136773029,-1.80355363538712,-0.628498870674303,-0.028701048397282,0.574674549842249,1.74695265178285,8369.86077595699,0.999872829494714
"eps2[15,13]",0.0128958957202327,0.00968920738838816,0.909258003982055,-1.77784865647652,-0.603076495992868,0.0126066531835333,0.633739317260671,1.79302492431386,8806.38690569427,0.999710913901294
"eps2[15,14]",-0.0205864226890129,0.00983030407573367,0.92316773429401,-1.85523284641883,-0.628810807042838,-0.0213018855279188,0.593843095036859,1.79758197285568,8819.16220444854,0.999807723114346
"eps2[15,15]",-0.490507923903124,0.0100797148735499,0.92457793215975,-2.29589373415859,-1.10635257618176,-0.501057850600075,0.102844112216354,1.39210562206491,8413.7683802305,0.999807372492496
"eps2[15,16]",0.0760513359497066,0.00896514344531256,0.910728681822998,-1.70360462517337,-0.532395782686703,0.0721137811980313,0.672415880744198,1.86227226734125,10319.6161299476,1.00032344777848
"eps2[15,17]",-0.0788859064429626,0.00942544356236835,0.930956199690483,-1.90800802540888,-0.706766312055784,-0.0798770496734448,0.544319903093334,1.7218107309787,9755.62060504755,0.999939497714045
"eps2[15,18]",0.113953900966711,0.00905891501666167,0.946393035357219,-1.71082838767663,-0.507043535757702,0.102849083669128,0.748670752067577,1.97933036070936,10914.1696512787,0.999827040230223
"eps2[15,19]",-0.328882165014084,0.00919402749089953,0.966676559017478,-2.18752234369283,-0.985233717485499,-0.338864630385505,0.308584369072837,1.58183889246051,11054.7971780706,0.999938536160439
"eps2[16,1]",-0.00714321456735756,0.00916165735913234,0.743921047269039,-1.48311194647972,-0.488020925458983,-0.0108146652580821,0.4787185864457,1.4173641576843,6593.34197012073,0.999820199870359
"eps2[16,2]",0.827730538600414,0.0121512458492123,0.838632407956723,-0.857131668014322,0.272201121990806,0.834663384831338,1.39643318033198,2.45899804031266,4763.23125249892,1.00073626327929
"eps2[16,3]",0.795088230613855,0.00952930525111897,0.772190676873379,-0.707619785004757,0.269848402651447,0.797983786678255,1.32641087325066,2.29951811349261,6566.38934255817,1.00016907316077
"eps2[16,4]",0.0980183570779407,0.0105013765522166,0.804052394884486,-1.48800886617204,-0.438959936271277,0.106297511532323,0.638997660514991,1.68595468075782,5862.4106522348,0.99980265533427
"eps2[16,5]",0.445254834871097,0.0106811662249682,0.814323768694728,-1.1846350427888,-0.0969381877194134,0.444989590507163,1.0013641171853,2.01765745853873,5812.41848081039,1.00019149044697
"eps2[16,6]",0.390655389822117,0.0110174573855361,0.810396331487871,-1.17921857991462,-0.170974123520534,0.386155741116925,0.941727098766978,1.99994622041979,5410.43487732745,1.00005467440525
"eps2[16,7]",0.345676627657027,0.0103887861805025,0.850917790529582,-1.3434652463736,-0.227834961021782,0.348022957529049,0.910618053545716,2.00123526404771,6708.81153626003,1.00051024791132
"eps2[16,8]",0.19983707569255,0.0101277615316645,0.86417869704828,-1.52693455543296,-0.380845330245428,0.188976289935621,0.778580819335815,1.88614120172554,7280.81806225423,0.999807570023587
"eps2[16,9]",0.82134234795203,0.012884755218857,0.868105548449309,-0.890122784544916,0.229290098696611,0.830121954945144,1.42386966828372,2.49080132676781,4539.3400663026,1.00055410156973
"eps2[16,10]",0.701473710192946,0.0126880721543652,0.878829534950335,-1.04760689744633,0.132162120774598,0.717980968265019,1.28921892677335,2.37096959680252,4797.53341549101,0.999861814747111
"eps2[16,11]",-0.195050659889469,0.00883294882598542,0.863356643215556,-1.87588468326391,-0.776142978224879,-0.214955701621598,0.369935622790957,1.54290254286212,9553.64372473523,0.99991994911456
"eps2[16,12]",-0.0795881878606336,0.00978614774843657,0.884154620196044,-1.81229103987628,-0.670927987247591,-0.0825019135401095,0.513508961780846,1.66663699453402,8162.68250871465,1.0003797622761
"eps2[16,13]",0.0138672054200981,0.00902462016258083,0.894875683165845,-1.72971168297095,-0.58016115139834,0.0146686655658269,0.622914714207879,1.76073902694337,9832.58139178377,0.999924822155644
"eps2[16,14]",0.0494609121212072,0.00961302176582602,0.910728195833301,-1.79224135438629,-0.547431200039523,0.0471917808253701,0.674405835347581,1.80422010614805,8975.48061952419,0.999624353046283
"eps2[16,15]",0.647881205225989,0.00952501053314059,0.881159627095413,-1.10654169333543,0.0556420778468852,0.640468008905026,1.2537478054236,2.31733056049108,8558.11763414709,0.999808827210387
"eps2[16,16]",0.0866975241582649,0.00838841582780057,0.8912062526763,-1.64093250506502,-0.506052077679549,0.0844661373164923,0.699104095493208,1.82063273262086,11287.4684032679,0.999866348868795
"eps2[16,17]",-0.165477300424487,0.00889068670700316,0.932492945474469,-1.97667279498286,-0.788065092591844,-0.165995864361461,0.461183952061223,1.66097523006163,11000.704440543,0.999642276249399
"eps2[16,18]",0.140752503920825,0.00884521212994739,0.95457081739412,-1.7420107687231,-0.498345425227212,0.156271790630125,0.777415605922021,2.03972425370037,11646.6171853999,0.999905692884134
"eps2[16,19]",0.139695895554337,0.00832185783433412,0.9263253093604,-1.69160183056861,-0.485063690648217,0.13452843445578,0.762098401231594,1.9425275373469,12390.4327740009,0.999744187966057
"eps2[17,1]",0.593589228104204,0.00901857735582531,0.743843396904826,-0.911582738464442,0.109952536511923,0.606590670481593,1.08195566360245,2.05433111658057,6802.7882792689,0.999757945267136
"eps2[17,2]",0.000563204430800509,0.0111698863280988,0.805117574423805,-1.55512207779114,-0.53095165963737,-0.0109505624647677,0.534263464787705,1.63732171551572,5195.42531832266,1.0003574377354
"eps2[17,3]",0.952158697903687,0.00924901171917448,0.784860491433384,-0.664292596732819,0.439381650194621,0.951152234497426,1.47321250936758,2.50497741519483,7201.02430052027,0.99965940169848
"eps2[17,4]",-0.131857051113895,0.011788739402479,0.835791843260559,-1.75539417277055,-0.687079927769149,-0.144925014330585,0.413766874974784,1.50676946659135,5026.45179529046,1.00009962231943
"eps2[17,5]",1.02492415556562,0.011285906331087,0.849317010994071,-0.657102152934406,0.449795977205475,1.03050054877704,1.6099276715712,2.66003262934476,5663.26341504387,1.00049729593451
"eps2[17,6]",0.917179669673969,0.0102565108804099,0.850001885506307,-0.767699717698474,0.35376966030927,0.925664258483534,1.50136137882037,2.56059582055863,6868.16133046978,1.00030227683687
"eps2[17,7]",0.23274083958133,0.0100574054446411,0.861479000104006,-1.47082960252263,-0.345071232299006,0.244470379578477,0.81841330228094,1.88026455258234,7336.98234758332,0.999881764193134
"eps2[17,8]",0.0268520524819768,0.0103264452034623,0.913871425141382,-1.76665227612779,-0.573847049656919,0.0309132886191818,0.638006562889124,1.84938954127288,7831.92475692982,0.999954979870959
"eps2[17,9]",-0.736651393814855,0.00961390297787037,0.831818438134199,-2.3514600931824,-1.2837582345181,-0.74273130397368,-0.185870583487284,0.923797677787102,7486.13432568143,1.00008871067654
"eps2[17,10]",0.474851968682426,0.00993393030127621,0.854865504787748,-1.22227384357879,-0.0889682818827783,0.480330545945859,1.04411412630686,2.14423062075897,7405.48264976949,1.00029060849763
"eps2[17,11]",0.083931392099739,0.00942914120353837,0.889625010600913,-1.64867535915357,-0.511354365838246,0.0687537535813708,0.673060710346484,1.88849288436005,8901.63308357508,0.99964448757966
"eps2[17,12]",0.141777102166283,0.0104455143709267,0.935156514358561,-1.67721979003647,-0.496885274223041,0.14992573140233,0.791517263515097,1.96128343119378,8015.10000116599,1.00024187013018
"eps2[17,13]",0.314428862380365,0.0106819822322383,0.945147494257406,-1.51022172387293,-0.326598070004639,0.334958841613293,0.952579540775581,2.15205438455427,7828.80493288152,0.999702358299552
"eps2[17,14]",1.02634594741254,0.0112753440743551,0.941032645523106,-0.822898532699198,0.399136765427647,1.02309117432942,1.67290454568981,2.8793215882981,6965.45952064322,0.999912021606541
"eps2[17,15]",0.0397336085139485,0.00898754293165139,0.876472557996677,-1.65206852417546,-0.553769688412951,0.0558608412458293,0.634319950887239,1.75590483842629,9510.31036638961,0.999681474834542
"eps2[17,16]",0.23052343703534,0.00885351109491187,0.922298618395355,-1.55969858521809,-0.395757024961377,0.217210545805387,0.868846298029414,2.06951167868369,10852.0564548956,0.999737928427485
"eps2[17,17]",0.0739248702519937,0.00872038518125244,0.915444974170895,-1.68209287001671,-0.546952212574683,0.0741243161692447,0.704623637062585,1.86113746747416,11020.2932940044,0.99959856052377
"eps2[17,18]",0.0621071243916965,0.0086591937635823,0.937538959383433,-1.79812708362596,-0.574437946060605,0.0627237213879917,0.709313098927937,1.85234573905488,11722.5942218018,0.999899121478163
"eps2[17,19]",0.232814819847254,0.00886569673281138,0.935120135314898,-1.60116165555308,-0.381939329381843,0.235264893622791,0.862019595726707,2.07250428923406,11125.2319450048,1.00013020354282
"eps2[18,1]",-0.246269847745536,0.00848470873597678,0.721374202443636,-1.74386403730064,-0.720088282363504,-0.236701675687168,0.235376117439609,1.15610594120117,7228.48588833519,0.99984762360429
"eps2[18,2]",0.365262860128516,0.00939825895747727,0.78740425712649,-1.21638495118367,-0.163973243172071,0.373395078313197,0.906849596215328,1.86505817766301,7019.41149194937,0.999987931272182
"eps2[18,3]",0.2388335851248,0.00804923060829423,0.746966217492622,-1.23514373512592,-0.25575187137354,0.239758261954926,0.73106413328117,1.71179412865118,8611.78505361437,0.999858861854959
"eps2[18,4]",-0.0453719633409754,0.00881751227587615,0.799244328290947,-1.61547377189601,-0.577792727799942,-0.0589289838230794,0.484037975543849,1.5533010073292,8216.12390605359,1.00011412863392
"eps2[18,5]",0.115173718707465,0.00930474585507476,0.785596177409336,-1.40457929868962,-0.422327915243256,0.110591536854811,0.656347399747941,1.65437159287094,7128.36110843448,0.999984552310907
"eps2[18,6]",-0.089678161289603,0.00855822707270377,0.79379639888571,-1.6309863483731,-0.60309756780354,-0.096094672190296,0.438210795652211,1.49797709306597,8603.01416828957,0.999666336187776
"eps2[18,7]",-0.00454587612115572,0.00986049944045155,0.8374914278742,-1.65384657588643,-0.561373402539984,0.00116247295099914,0.555770142720133,1.63246018472953,7213.78036618058,0.999960474814991
"eps2[18,8]",0.0392735317331416,0.00965772450784854,0.876189379962206,-1.7019187314298,-0.536435109489653,0.0440290856298677,0.626776747709133,1.75766014097494,8230.88140817757,1.00042335839221
"eps2[18,9]",-1.0526557717526,0.00968286064274157,0.827444915496042,-2.67538823707102,-1.60890692865471,-1.05468536555237,-0.485814714419381,0.557245056232265,7302.48746823476,1.0000944644798
"eps2[18,10]",-0.311372122806383,0.00874749663598856,0.823104924140532,-1.89584605512047,-0.862281659691409,-0.31155652974407,0.231822996493554,1.32833948528244,8854.06755727416,0.999666923528332
"eps2[18,11]",0.115652507159511,0.00863799342956439,0.875053388922248,-1.64875664909798,-0.48781550871498,0.123866184930014,0.718016805745659,1.80394749148019,10262.2682678123,0.999663401514067
"eps2[18,12]",0.0983864941332508,0.00966947291182395,0.900184625122482,-1.69290646777499,-0.499097677153486,0.112399074471238,0.705698727466079,1.82951314592421,8666.77615736435,0.999874952593214
"eps2[18,13]",0.22770662056032,0.0092723752026111,0.912081121018722,-1.57807502276429,-0.387109101262796,0.240578589529028,0.840577680273196,1.99447462009227,9675.75669655385,0.999726568863494
"eps2[18,14]",-0.0782955085832429,0.00946457628314255,0.961389651238464,-1.95608124860889,-0.730470305350335,-0.0741995800294605,0.565013420241979,1.81342194844838,10318.0240055314,0.999855760715231
"eps2[18,15]",-0.200674217300197,0.00944263229305528,0.910898713759639,-1.9427454609931,-0.827111445824961,-0.221465676363546,0.418797569321932,1.61040989436974,9305.80657870356,0.999774712729862
"eps2[18,16]",0.188364467371084,0.00918562257865474,0.889197091700812,-1.57922093827186,-0.405595216066632,0.198224155577372,0.784334891125397,1.93234135228493,9370.84756044167,0.999774613953125
"eps2[18,17]",-0.0217097471882325,0.00879296829263493,0.978228657379154,-1.95074273184747,-0.682454819036569,-0.0195385488482802,0.633664031250919,1.90738502096799,12376.8391997162,0.999644386736411
"eps2[18,18]",-0.316917207473212,0.0088382553654665,0.959755949705098,-2.21307345641403,-0.973818576913174,-0.314194398578183,0.331595246238907,1.54682139243322,11792.0289033252,0.999905440431263
"eps2[18,19]",0.130673079232891,0.00954401571198293,0.949321907040254,-1.73898949959657,-0.501197011708102,0.141640729207823,0.774422942446044,1.99584742672679,9893.83617080125,0.999796824485232
"eps2[19,1]",-1.58932498226222,0.0100008718174086,0.730600001031774,-3.0025771843457,-2.0805685031058,-1.59820581888566,-1.10540194633411,-0.132025469712202,5336.8330257251,1.00053955236856
"eps2[19,2]",-0.850386077785952,0.0110296915903577,0.814311099232927,-2.3915541627842,-1.39630765100173,-0.873353785242929,-0.309550228433527,0.800192301455481,5450.72122504778,1.00076682978739
"eps2[19,3]",-0.053194919290649,0.00992254512649344,0.799204638822935,-1.61207776127197,-0.590878724120499,-0.0566225520478088,0.469047913586512,1.54817600912872,6487.38730471098,0.999528635587417
"eps2[19,4]",0.267376204436864,0.0102158006994869,0.806613758783481,-1.36494353743607,-0.26153099367252,0.276475955835873,0.804580820044966,1.84024774594897,6234.28178325869,1.00008823800119
"eps2[19,5]",-0.222729410960866,0.0108303507851282,0.842019843164029,-1.89223215693488,-0.805393615654929,-0.222009276918293,0.354411277462579,1.42416212078345,6044.48920122638,1.00024609263509
"eps2[19,6]",-1.13348120543233,0.0109518237967608,0.847266510164134,-2.76605997194212,-1.7100958221148,-1.14488696045178,-0.581772763652914,0.583502240271937,5985.04176220589,0.99972917655179
"eps2[19,7]",-0.613135380572699,0.0104262077999581,0.884493039649392,-2.30128705408561,-1.20772471310134,-0.620563654413801,-0.0440441662785161,1.19620592627027,7196.74453235126,0.999858340451997
"eps2[19,8]",-0.816551538985407,0.0110458136759836,0.911629998131498,-2.56261094861656,-1.45176592058338,-0.834057594567596,-0.196985936475675,0.974192680986618,6811.48475614318,0.999801691709889
"eps2[19,9]",-0.76441042217163,0.00924730044419402,0.875364295676157,-2.5001209529041,-1.34483369035789,-0.770783914453447,-0.174027934348597,0.944668741968961,8960.81933243015,1.0000522688816
"eps2[19,10]",-0.729626106038683,0.010335802140404,0.854261633979727,-2.36815024419096,-1.32409776918063,-0.758466480471954,-0.156871827818951,1.00183722573846,6831.14384027964,0.999549791596207
"eps2[19,11]",-0.645610485312296,0.009859453670613,0.892945897767942,-2.36488955619253,-1.26278392339071,-0.666278738611734,-0.0485585248131949,1.09870728442825,8202.46888629848,0.999848258930824
"eps2[19,12]",-0.166820634661974,0.00890156092668128,0.880709198789855,-1.85641594133376,-0.744998720478248,-0.166956470989582,0.434063322830745,1.57059990233688,9788.87375419003,0.999750748493755
"eps2[19,13]",-0.172548326820957,0.00964575048417463,0.911109577840768,-1.95810627279889,-0.782339684516687,-0.164058120527116,0.446470365032599,1.5982802884289,8922.14295273214,1.00000311095199
"eps2[19,14]",-0.0877328486689038,0.00944720199990923,0.973076991433456,-1.99084227465176,-0.745891204003795,-0.0907523727852656,0.567075917910655,1.83249982415642,10609.3311272086,0.999832161693948
"eps2[19,15]",-0.287896029967431,0.00886527607115358,0.904253913836479,-2.06484346664326,-0.902671352406356,-0.300290477775263,0.311603971936655,1.50329397273313,10403.9023083002,0.999674452444326
"eps2[19,16]",-0.195048672882555,0.00876333507378673,0.904709134894367,-2.00256675071275,-0.798744662067094,-0.203416268075245,0.410001279324034,1.59431568960966,10658.0834316926,0.999717074931546
"eps2[19,17]",-0.088331580176411,0.00859651845236686,0.951556240248828,-1.9648596230439,-0.717800902887182,-0.0956935850697609,0.545745966855422,1.78942945155509,12252.4721466612,0.999915802892238
"eps2[19,18]",0.104195629909198,0.00859452784831703,0.935173395547937,-1.72975679433714,-0.545595712522173,0.0963833538465581,0.725142937606365,1.94326912753656,11839.687514092,0.999614568932384
"eps2[19,19]",0.0734709135887029,0.0091254688416837,0.9658764986606,-1.8229325556083,-0.587658936861497,0.0890873967199791,0.747901177870184,1.93938195608881,11202.9610253518,0.999789342016064
"eps2[20,1]",-0.314854173412317,0.0109057061738203,0.734281388085242,-1.79081147135057,-0.806987637782532,-0.305039229065425,0.18811325448452,1.10964968705861,4533.331263367,1.00013473091077
"eps2[20,2]",-0.591812882804378,0.00921658880922853,0.773565428487416,-2.13121587799162,-1.10294711605419,-0.584518275681311,-0.080962318925388,0.940570482115645,7044.5568839871,1.00003233506773
"eps2[20,3]",0.392510134312468,0.00881002263992629,0.786318689097626,-1.15299262432648,-0.130970609767435,0.381029310060258,0.910896322594473,1.96605791464874,7966.0521855443,0.999703209044196
"eps2[20,4]",0.522846777702331,0.010098841299661,0.803935934832923,-1.08060695865369,-0.0088971233487161,0.528370794899182,1.07657767406346,2.02557320985393,6337.23464873353,0.999692467562662
"eps2[20,5]",-0.494395230367421,0.0103929574228537,0.831983672482813,-2.0814809028632,-1.05191680946439,-0.511186357762173,0.0546205354655827,1.17889937524399,6408.4250689223,1.00063536186848
"eps2[20,6]",-0.600190733206454,0.00953831167585841,0.836272065307637,-2.22361294704696,-1.16355538077361,-0.603410795785512,-0.0392708062356916,1.05846871570072,7686.91645536659,0.99995150935157
"eps2[20,7]",-0.61483683827904,0.0107180628390094,0.839237076207923,-2.28960728997729,-1.17415937685601,-0.620780430865028,-0.0538863611162695,1.03995091761959,6131.07637614497,0.999997899068201
"eps2[20,8]",-0.435568202707111,0.0102894932700843,0.893277538227935,-2.13242609151725,-1.02444932961418,-0.458766707329304,0.162425516626015,1.38774042979032,7536.76288991132,0.999780328646983
"eps2[20,9]",-0.521642207535513,0.00926970089479184,0.844346934453641,-2.1715593087735,-1.09635863501982,-0.53193878540039,0.0518708412630988,1.14348942318898,8296.79615281216,0.999732385845401
"eps2[20,10]",0.108361799875129,0.00938403843930375,0.82799358866349,-1.52653510779491,-0.430959193130215,0.111761553855111,0.664038440939345,1.72304299641127,7785.28277904326,0.999894609430441
"eps2[20,11]",0.308576549109403,0.0110168936827037,0.894500537203137,-1.41158379131104,-0.311128107325966,0.307473565694098,0.923266343412229,2.04165796048036,6592.39004303592,1.00005591975919
"eps2[20,12]",-0.693120230218413,0.0121737612880006,0.946401276063925,-2.51861112576832,-1.33211473565965,-0.706194633112753,-0.0561113238064363,1.18309543387947,6043.67457281771,0.999823243035402
"eps2[20,13]",-0.232198943726781,0.0090070375601624,0.902576894290796,-1.96949632075011,-0.831224139196092,-0.230617683480912,0.381202419205225,1.55290220064228,10041.6360204415,0.999722782495119
"eps2[20,14]",0.0173265675087042,0.0101547633739733,0.968778012952257,-1.90587048918566,-0.645308692742345,0.025117946708364,0.689806687621606,1.87769385145189,9101.41529222432,0.999765132066553
"eps2[20,15]",0.280365393839808,0.00970500417150358,0.932210121137473,-1.52600220705956,-0.347060918999323,0.265064394480801,0.910373412904935,2.13353097637502,9226.48276546546,1.00044243827928
"eps2[20,16]",-0.493030855002615,0.00931000681170519,0.926187662980419,-2.30450634404997,-1.12606853772609,-0.498247333888823,0.137121922440978,1.34586647419824,9896.87274574192,0.99973370959375
"eps2[20,17]",-0.397604124818466,0.00918696830261952,0.946361600424605,-2.22534912585961,-1.04979506822338,-0.402271014116877,0.246340618471375,1.45434572154081,10611.3291053211,0.999715226045966
"eps2[20,18]",0.164675364798426,0.00959982337073513,0.983665257703491,-1.75327589506709,-0.507571634975916,0.1663753266337,0.838660918957483,2.09149336959447,10499.4894272311,0.999916021488488
"eps2[20,19]",0.399062227732076,0.00840253248877389,0.971174098272213,-1.57025712021407,-0.246569297528705,0.417705410253174,1.05916589312166,2.28805183564535,13358.9948158021,0.999689504100563
"eps2[21,1]",-0.289622186631278,0.00993282715161738,0.731638289121707,-1.66780945713467,-0.79100936488026,-0.293671311702279,0.203839012041899,1.17266135722964,5425.59153552644,1.00008402690263
"eps2[21,2]",-0.459057308263572,0.00925650440872236,0.775443896835729,-1.97006508009973,-0.977356202632416,-0.457973367716065,0.0653218723455158,1.03874380022381,7017.89295794694,1.00033851335647
"eps2[21,3]",0.579791718235593,0.00831575094212702,0.782359620653313,-0.919664678858778,0.0591025398913566,0.573796880656491,1.11132216071721,2.12554334012197,8851.35802137176,0.999776870859413
"eps2[21,4]",-0.0332773837185814,0.0103201214294701,0.807434529489783,-1.67324362727747,-0.562005011445443,-0.0397488764088029,0.517952752304732,1.55936871233378,6121.31911988764,1.00010987307515
"eps2[21,5]",0.303345713155518,0.0108496388384248,0.825466396249865,-1.34481143870639,-0.244976344670314,0.323562147169852,0.859779825781588,1.92563876607986,5788.52926568871,1.00017959381486
"eps2[21,6]",0.1220812488258,0.00960637277619012,0.81545822639301,-1.48612801280366,-0.436229041560601,0.119939949819316,0.671337436726817,1.73234109798042,7205.83918510242,0.999655022095012
"eps2[21,7]",-0.380418649923412,0.0102338767729928,0.830462496044486,-1.98680486196858,-0.946316746180804,-0.378481359395179,0.167005508362548,1.27404920719449,6585.05917692769,0.999795864505865
"eps2[21,8]",0.187699352406431,0.0105732156626188,0.882727275508914,-1.58807442918524,-0.394891490718518,0.191219282600551,0.77441705197402,1.88538581576692,6970.09842730748,0.999967089392053
"eps2[21,9]",0.0415739603188819,0.00936526239420148,0.829234287499832,-1.58209912235711,-0.515470614176557,0.0515849465113984,0.59634123173787,1.6900370197092,7839.9736423706,0.999813272524572
"eps2[21,10]",0.855289244212901,0.0106099153284058,0.841662877556265,-0.875505251892194,0.313049336912878,0.863318179670589,1.41605630282806,2.48178981835626,6292.92432232165,0.999817484869349
"eps2[21,11]",-0.436694579937936,0.0116288446755464,0.909292829619621,-2.16442584170688,-1.06704601947731,-0.445780089848739,0.175702875836031,1.37172958920543,6114.12612451771,0.999856570594141
"eps2[21,12]",0.548746249722325,0.00995015260875729,0.914633031873033,-1.3218544119703,-0.0457557582592085,0.57194904313427,1.17440297368617,2.28940600050262,8449.56361906154,0.999694414967041
"eps2[21,13]",0.206126542263838,0.00946718266877889,0.908843545493612,-1.58848312982881,-0.410100187692651,0.207134584182797,0.831689572204925,2.0163831408072,9215.87850531583,0.999806310373272
"eps2[21,14]",0.0700160088604653,0.0105120538543737,0.993474230170853,-1.89428837004623,-0.599242292503876,0.0771888599949791,0.746295105566139,2.02543821680519,8931.78084507177,0.999995692857164
"eps2[21,15]",0.34527356463208,0.00954947430032239,0.942102300825297,-1.50264022053021,-0.281686194633709,0.3460723444856,0.981002635267647,2.18913449986505,9732.78658058086,0.999604521389067
"eps2[21,16]",-0.256285563800101,0.00898144062894945,0.924582544227821,-2.03597994179874,-0.886697514737025,-0.273173439614229,0.367020569179864,1.59621880599367,10597.4011185784,0.999666482522245
"eps2[21,17]",0.00889066873737014,0.00951632759987621,0.965263512576772,-1.89202616320118,-0.622783776518416,0.0159635601351993,0.667600156309753,1.86674758959772,10288.5224952436,0.999790411867431
"eps2[21,18]",-0.0555533710758976,0.00945645355881067,0.946551012740454,-1.90809049654721,-0.700603684290015,-0.0471090701623883,0.588992404899586,1.77834410247889,10019.1634323254,0.999771892732789
"eps2[21,19]",0.560733731699919,0.0101968480778461,0.97519099403016,-1.35026421245935,-0.0835641805594873,0.562454551306069,1.22219126787969,2.47052697711682,9146.34262394279,0.999677564257025
"eps2[22,1]",0.545503687190925,0.00756606581796132,0.715455483291146,-0.86104541076992,0.0785638895419108,0.528176387346105,1.02343757682698,1.96470551305758,8941.80105510813,0.999869482834409
"eps2[22,2]",0.379364236402205,0.0107180753511267,0.799508903168135,-1.19800577791975,-0.14848018661203,0.404458338295433,0.918267529873152,1.93591600304596,5564.33151553153,1.00012920408546
"eps2[22,3]",0.167248053824624,0.00830296561077775,0.758924720800583,-1.31682775537148,-0.332616639311555,0.156396735681686,0.662014680009652,1.66318622564594,8354.70117026354,0.999961720246736
"eps2[22,4]",-0.654347863291083,0.0104661069610894,0.813369551121002,-2.21575066446835,-1.19926349980769,-0.662801484166934,-0.118729458829269,0.961445650957561,6039.56254430765,0.999876277381604
"eps2[22,5]",-0.331933050769656,0.00977055210750579,0.810054409980082,-1.86172406142267,-0.883003044526965,-0.339154479213265,0.21605601362549,1.26517723291829,6873.69362674421,0.999688181345345
"eps2[22,6]",-0.179379493527201,0.0108262758405926,0.82110181216726,-1.78782973798391,-0.72763928783683,-0.183873301285053,0.360990107424786,1.44979322219507,5752.22472933505,1.00008919262405
"eps2[22,7]",0.122993365495194,0.00936109045549704,0.824986797996705,-1.48301030084769,-0.434057154934343,0.12721013861507,0.658626597212403,1.77436103830912,7766.78197108601,0.999691695796747
"eps2[22,8]",0.212942924448546,0.0104893722269231,0.86885917042337,-1.4816713991671,-0.372789931304697,0.201868015417778,0.804676358325055,1.91376444541928,6861.19534539948,0.999904700524942
"eps2[22,9]",0.254955644265132,0.00897856385785396,0.834600592194721,-1.3960948674327,-0.292572715967513,0.253439807281083,0.816690949033251,1.88474513547087,8640.59452211198,0.999940934999276
"eps2[22,10]",0.846352805747119,0.00893587891338619,0.834681011009317,-0.796991309783452,0.280494885493598,0.857675143886011,1.40805464793814,2.46221091104877,8725.02171366632,1.00013086907476
"eps2[22,11]",1.04770802322482,0.0097550527920352,0.867271355632046,-0.62082802395864,0.45340941212776,1.05329818420694,1.63692437402748,2.75946016753247,7904.06962695334,0.999965053505842
"eps2[22,12]",0.0125448157908733,0.00922831724752363,0.871740728928658,-1.68843320929145,-0.572594733682104,0.0142009825737252,0.605952633452061,1.70143097753006,8923.38523245742,0.999627270015364
"eps2[22,13]",-0.0478463332996066,0.00927354145319867,0.889613220412428,-1.78193106824494,-0.643076864738516,-0.054431314114509,0.554573207756901,1.67191656854357,9202.61432201896,0.999852730168518
"eps2[22,14]",0.0863003097710924,0.00991213204585037,0.981360437281065,-1.84605289135597,-0.57403674166424,0.0951470457906473,0.761303870044051,1.98629581706058,9802.18587750635,1.00028890971433
"eps2[22,15]",0.408234510080906,0.00918391856398302,0.917020097446056,-1.43341495754528,-0.194910174909901,0.405420401863615,1.00790069607996,2.18678678988,9970.14924562736,0.999587745328301
"eps2[22,16]",-0.146139254825749,0.00944828081119107,0.900868526995828,-1.9505560829012,-0.737656581976133,-0.143662584766255,0.46090165264647,1.60344898778654,9091.11694197613,0.999703003329716
"eps2[22,17]",0.00477083699763763,0.00970911262609095,0.938229407909681,-1.83767674044764,-0.623702707886872,-0.00436362325800597,0.634810329670708,1.85375044658529,9338.11041644215,0.999735913477412
"eps2[22,18]",-0.241745715118889,0.00886247414922471,0.952285280419291,-2.08088825696107,-0.89755693194942,-0.244714560657799,0.4046455514408,1.60853301088748,11545.803983241,0.999997045717379
"eps2[22,19]",0.294240196396824,0.00927789980824515,0.979543430038169,-1.64922330824679,-0.352918581871205,0.303502723241676,0.954124578936296,2.20790675493043,11146.7442188711,1.00011434993427
"eps2[23,1]",1.65802090657431,0.0107110652401616,0.77896029489788,0.0637727337614545,1.17226275656242,1.67915632699248,2.17736935982366,3.13173130788898,5288.89948882903,1.00035273314923
"eps2[23,2]",0.171843279203185,0.00966359620362565,0.798248473585906,-1.3461386775467,-0.374630937701215,0.159299272855115,0.70551969452116,1.71915351123511,6823.36564386673,1.00021246716113
"eps2[23,3]",0.0511553053573422,0.0098667042338793,0.795532070795415,-1.50417513931039,-0.475617931212457,0.0408141128853056,0.580071873564877,1.6473029329576,6500.86526151681,1.00017218550327
"eps2[23,4]",0.57208044274608,0.0129266986530868,0.868444975826385,-1.22270621132855,0.00659298876899168,0.596824211647685,1.15629221695221,2.23760243518215,4513.45757600153,0.999661892879807
"eps2[23,5]",0.257185242401821,0.0113791236413882,0.829637414274466,-1.38104720462997,-0.2887116225705,0.257778147804937,0.817630577617825,1.87784950129559,5315.68241131833,0.99973371450858
"eps2[23,6]",0.973581241995188,0.0101753790648355,0.849935173179831,-0.708725597105492,0.402123541251791,0.978622944301808,1.55917189364112,2.57908639625711,6977.02710702338,0.999682496891052
"eps2[23,7]",1.19447968061271,0.0110057647709924,0.849808792898628,-0.547794936346633,0.620339573282593,1.21199970101777,1.78304268628687,2.80262426733628,5962.13750817082,0.99981955461286
"eps2[23,8]",0.179006993988347,0.00906634122011134,0.835036225011192,-1.46969723460017,-0.383786905488759,0.182592663902441,0.74426691055132,1.84519854782105,8482.94228362802,0.999883433757312
"eps2[23,9]",0.136736409895904,0.00961766508030983,0.854163300958631,-1.55935228929637,-0.436150696447956,0.145091309646937,0.707762015497911,1.804088613221,7887.5571204079,0.999671397859976
"eps2[23,10]",0.109295500264599,0.00978637950658255,0.861678280984803,-1.52406339019348,-0.480311608979636,0.104245619198727,0.685760453897702,1.79545180842677,7752.57874902658,0.999824571682052
"eps2[23,11]",0.907719728896475,0.0093886553904095,0.902980874880313,-0.882635784766397,0.310986168623499,0.931233303096258,1.50096981294346,2.6349941846537,9250.18262173696,0.999672257364459
"eps2[23,12]",0.188909104510096,0.00970091345743777,0.851142951746213,-1.48852483194255,-0.378806578327772,0.193051369309985,0.772143024914654,1.82017394687704,7698.03273965242,0.999846907921237
"eps2[23,13]",0.0435411883425802,0.00926126686758405,0.87796584402896,-1.67984470349011,-0.543660739928119,0.0594725598760319,0.646339205319289,1.73277088744438,8986.99383451623,0.999812446137598
"eps2[23,14]",0.000847738256767537,0.00881526203154626,0.961078276217403,-1.91701335995784,-0.639619113465096,0.00966189480948326,0.649669199064046,1.88733887554759,11886.3104549209,1.00008665477587
"eps2[23,15]",0.20757836600685,0.00832164524663929,0.924732528210438,-1.61598229819975,-0.401946390221389,0.201126393324189,0.834521957221805,1.98491129865474,12348.4905444478,0.999650290690555
"eps2[23,16]",-0.129264680669887,0.00877780580394141,0.886000073072047,-1.93674734836731,-0.714243467605401,-0.126546218275,0.479167189227221,1.59399173223488,10188.1558174764,0.999790440819063
"eps2[23,17]",-0.00402107292217763,0.00887424159759235,0.958272505764206,-1.85985972287365,-0.639972834278084,-0.0161295114390498,0.655290355999272,1.8423240606351,11660.4566712784,0.999570772994466
"eps2[23,18]",0.0358763082249137,0.00975136638347419,0.956618924812385,-1.8146617351444,-0.605828492818636,0.0286228156406626,0.665052116851382,1.92647915815255,9623.80884135178,0.999631215621235
"eps2[23,19]",-0.122094190647179,0.00847934566963771,0.974262686366795,-2.02548948562911,-0.791184108197773,-0.132339912196319,0.527087619594307,1.80820051758597,13201.627034437,0.999823311487628
"eps2[24,1]",-0.223283458236342,0.0104126847833027,0.753083677933383,-1.63003472790599,-0.749043861616653,-0.234224384862729,0.261460668656505,1.28666067070455,5230.7146293554,1.00068354035116
"eps2[24,2]",-0.552949473081446,0.0116962043256899,0.807149363272218,-2.10332115133231,-1.08811797522843,-0.558493707853892,-0.0335564879872611,1.05847065078419,4762.31287042959,1.00067958788523
"eps2[24,3]",-0.308644917957904,0.0102494316598072,0.775361192231854,-1.82638239132177,-0.828037167853947,-0.319614196119204,0.199805385764936,1.19592097852545,5722.79978833497,0.999997305406477
"eps2[24,4]",-0.0905427418520212,0.010627312853958,0.826154912024283,-1.72621865459858,-0.644780083786323,-0.0767367803742435,0.4730359755279,1.51713253146119,6043.32634392963,0.999929757565426
"eps2[24,5]",-1.0849492812057,0.0142724809504646,0.84376204307246,-2.69093283037337,-1.65835824000885,-1.11070353832473,-0.534770926387586,0.609253531205852,3494.95046829303,0.999787200653027
"eps2[24,6]",-0.12599263258776,0.0102050675806218,0.828167172085094,-1.71130644706759,-0.690247604986072,-0.133160508586741,0.434089077996203,1.49216658188391,6585.7350195571,0.999675503541784
"eps2[24,7]",-0.158230379162592,0.0103128322455344,0.865242112468336,-1.82018899713651,-0.74736423822512,-0.177813027326871,0.415956790138685,1.58370585188616,7039.13657031584,1.00038881611146
"eps2[24,8]",0.44859168581198,0.0119465728792316,0.890947027012737,-1.30811875248843,-0.163091689796986,0.455813682252899,1.07647103668216,2.12635263687845,5561.82208559566,1.00136306528253
"eps2[24,9]",0.886148503035499,0.0109127471925151,0.868281220735424,-0.849872375589267,0.30375769284483,0.886760443457126,1.47394604814756,2.55519095766496,6330.71303232732,0.9998241188495
"eps2[24,10]",-0.600330759729668,0.0120263312563086,0.865742692235225,-2.24410843850038,-1.197496019027,-0.60256015474732,-0.0348972119844833,1.16226205591739,5182.16628757698,1.00014781391573
"eps2[24,11]",0.307236638637593,0.00999773378941843,0.901539114945585,-1.43775223418076,-0.293878572731286,0.304343970505026,0.907076806943525,2.04193522999046,8131.41283892661,0.999799910546797
"eps2[24,12]",-0.440748588060862,0.0106517662376309,0.92039654109453,-2.21235415170469,-1.07538145878012,-0.457542765048767,0.189500077671837,1.37420821895357,7466.32176252197,0.999831357716747
"eps2[24,13]",-0.179456332551468,0.0104849925235653,0.931003029691572,-2.00456080196995,-0.802832358786207,-0.180519936144871,0.450733170763238,1.66392870557767,7884.35078392343,0.999701475263939
"eps2[24,14]",-0.0695213839108738,0.0118952841100163,1.00959176720946,-2.01406171318743,-0.755859106469691,-0.0730762078727105,0.626933632008407,1.88886920012666,7203.47349043491,1.00012103246738
"eps2[24,15]",-0.204695753685206,0.0108873366727676,0.958085012564738,-2.09805757694187,-0.852202691663697,-0.206925853588107,0.435022247084322,1.66898493500578,7743.99006401666,0.999596904717383
"eps2[24,16]",-0.308517771547187,0.0104037079842306,0.946760584459934,-2.15939968085448,-0.942797661668712,-0.308788159720237,0.33590638826884,1.54186335096374,8281.40512367661,0.999710491210942
"eps2[24,17]",-0.616969028399046,0.0102337565183696,0.948948466987624,-2.45019878976051,-1.23950793630409,-0.635120399586426,0.0182556853980627,1.21394841562329,8598.34955903852,0.999886563559721
"eps2[24,18]",-0.162645906017834,0.00934205297530146,0.968977617975713,-2.07543253008079,-0.794070150940936,-0.170432290052077,0.472333416221482,1.76780078076046,10758.2799143168,0.9996708954711
"eps2[24,19]",-0.472821641410989,0.0102595690122022,0.97525542362025,-2.35972820751629,-1.11639398870097,-0.467594713485282,0.16232719417471,1.45775525608942,9036.04768466062,1.00042332452722
"eps2[25,1]",-0.161592575573737,0.00970106836633856,0.747619237556687,-1.59515301608357,-0.665755575892122,-0.181038183730988,0.321441617364355,1.36303461980375,5939.11597029627,1.00005983732543
"eps2[25,2]",-0.064368815746071,0.00986731392800284,0.803201746187121,-1.65632201288034,-0.584024865876449,-0.0788096841336174,0.46429492842711,1.50381607345179,6625.99947285624,1.0002535481064
"eps2[25,3]",0.105747137787368,0.0100745151545615,0.790952032032652,-1.50601420141667,-0.419406004137779,0.116032379232217,0.636378538519622,1.62981287257568,6163.84889098592,1.00041445068096
"eps2[25,4]",-0.0897516654104864,0.0110521509558523,0.793514433284982,-1.69943016517864,-0.612087166859019,-0.0768070938865535,0.459110091242071,1.43055128616964,5154.85014954205,1.00020899891133
"eps2[25,5]",0.656128908454397,0.0138836842066459,0.857574718476897,-1.08623581339998,0.0894628007241745,0.667091632509114,1.23074915197796,2.27945921888525,3815.35088948132,1.00039040079694
"eps2[25,6]",0.195432364762494,0.00933451290048528,0.814642230978204,-1.45305349884226,-0.352834207983116,0.20186354442434,0.747556502973751,1.78654765331638,7616.41359832233,0.999703333228644
"eps2[25,7]",-0.185353562542874,0.0105726145025491,0.839364536664803,-1.83817310807188,-0.740567134854516,-0.188268581375103,0.365161522274751,1.47173998423558,6302.84225410027,0.999829430953438
"eps2[25,8]",0.0748721862250376,0.010077292954398,0.872260662713449,-1.68937506786329,-0.503424016261885,0.0868249110807628,0.644464590494558,1.76239667702203,7492.12140320383,0.999867670938266
"eps2[25,9]",0.318166167352338,0.0115996179536219,0.956175888182122,-1.54504899653035,-0.33402147409419,0.326284960600674,0.95633869700639,2.19949103635704,6794.98034552686,0.999640575749894
"eps2[25,10]",0.583989476390182,0.0104590854541825,0.850656846292037,-1.11231787316852,0.0166436658464327,0.583397085047503,1.16434865485528,2.24281133601895,6614.87102188263,0.999792510706462
"eps2[25,11]",-0.36632438110416,0.0101238343034284,0.911496300915319,-2.1591660473623,-0.989415932429211,-0.366731829799451,0.249652416233383,1.44391200510317,8106.24571990599,1.00000476074862
"eps2[25,12]",0.428437492160961,0.0102752625393792,0.902306355694815,-1.37759679590139,-0.178869590747805,0.440824524586197,1.05755494469126,2.18905473318055,7711.20375210444,0.999655218346943
"eps2[25,13]",0.541763268731772,0.0107831960234036,0.941685976616734,-1.35764214176142,-0.0867184670404083,0.542770483606453,1.19285465427264,2.34043516283156,7626.3583079477,0.999631940249237
"eps2[25,14]",0.0379726228612317,0.00983696039966126,0.984290064569978,-1.83899833073131,-0.623559062976174,0.0450426656064296,0.695310567143509,1.9571773091383,10012.0810481399,0.999633044094353
"eps2[25,15]",0.586682643520961,0.00934034730433746,0.923935553576198,-1.26470870469713,-0.0245894915759168,0.604601173399585,1.19474348509525,2.38426421296265,9784.92066186345,0.999756996114483
"eps2[25,16]",0.137615911698049,0.00906678420927138,0.918049945024095,-1.67010174237802,-0.486652013611712,0.138729468679719,0.76076059615463,1.97232800565844,10252.4121988694,0.99956361271699
"eps2[25,17]",-0.0654178030911966,0.00948611697262717,0.962524350137862,-1.96297496813508,-0.717957721784688,-0.0707438367243009,0.576026383546876,1.83242976231204,10295.47762693,1.0001436337892
"eps2[25,18]",-0.0709261957386912,0.00958622577914959,0.989744847409858,-2.0042860804198,-0.739254819430203,-0.0635390969515135,0.611170490917539,1.86943135276805,10659.8524174151,0.999794037456557
"eps2[25,19]",-0.417279359568757,0.00915705757664565,0.956703146486008,-2.24918705045968,-1.06314920575241,-0.425575538132041,0.223324991366045,1.47367237120054,10915.471871254,0.999804550337943
"eps2[26,1]",-0.404180915615027,0.00888328901609241,0.723510479839398,-1.78947382400937,-0.890976410440985,-0.405212581782218,0.0764050460551279,1.03244831587274,6633.4898386022,1.00074137908289
"eps2[26,2]",0.188961363570207,0.00966469709377399,0.811900116586411,-1.40602860393172,-0.365996707635238,0.187762630871759,0.748958711666565,1.74666341043196,7057.13967813004,0.999993889500813
"eps2[26,3]",-1.24582126442722,0.00989047494394128,0.792643796066432,-2.79009235483781,-1.79212356926207,-1.26309771259219,-0.724282144341406,0.313754633145018,6422.76209236276,1.00009708855258
"eps2[26,4]",-0.708057222270103,0.00885015748284251,0.810701347557858,-2.29110897550598,-1.25188085969117,-0.707913306634941,-0.172797139657428,0.883430707547009,8391.11730262744,0.999716687958977
"eps2[26,5]",-0.777062831883945,0.0110205521610583,0.827386305378235,-2.40231644016539,-1.35138919054573,-0.781908694577096,-0.227817442246906,0.848659652753177,5636.5056638656,0.999685812370152
"eps2[26,6]",-0.2818855342677,0.00913573901478269,0.809227885494871,-1.83099440707562,-0.840112357832829,-0.278523148863,0.270335310700488,1.29698770005581,7846.10852763685,0.999842697313047
"eps2[26,7]",0.0312837658591669,0.00957774062237046,0.841686757002082,-1.60015320511082,-0.537247080347323,0.0318932974309859,0.604567932847066,1.64687603694605,7722.80101462236,0.99969243597248
"eps2[26,8]",-0.0914860172352053,0.0097481950852574,0.869379074496897,-1.79143860833657,-0.670356186795313,-0.0908792489925548,0.489273331598783,1.61870053671994,7953.71347133555,0.999817278691795
"eps2[26,9]",0.265210531715571,0.0109609560128541,0.943601230413548,-1.58889807070489,-0.345774299620529,0.261095887126457,0.887154340369535,2.10578121634478,7411.05655129981,0.999831783483631
"eps2[26,10]",0.256025275132643,0.00979688603305239,0.838600217567966,-1.41734925060808,-0.30080906367736,0.263344443489004,0.832938498098214,1.87875445149306,7327.12886320893,1.00008149017495
"eps2[26,11]",-0.156084722686821,0.00975694869542535,0.886586546466562,-1.88196085553015,-0.747369160024504,-0.153143345482765,0.444447528190122,1.60235383072879,8256.84688045259,0.999728652561438
"eps2[26,12]",-0.444474730879177,0.0102287470358878,0.912368881533521,-2.19221800689979,-1.06355650739971,-0.456033459799968,0.154913160432151,1.37137182584718,7956.02340019016,0.999576566724281
"eps2[26,13]",-0.288343097754141,0.0104658660458831,0.933753170648141,-2.07206453623684,-0.928523085557692,-0.298915565243191,0.330896103143072,1.60229403848341,7960.01406915814,0.999836627371275
"eps2[26,14]",0.0279857582683562,0.00945482002236684,0.946651283650246,-1.83142667497266,-0.628431449185695,0.0344457149020644,0.682864650239691,1.89075181361041,10024.7493752037,0.999558887849055
"eps2[26,15]",0.233479642268689,0.00917236624201863,0.930408225991109,-1.61745307198868,-0.386398747372127,0.23461515029436,0.855620973869054,2.03986981814995,10289.2639509199,1.0001498620644
"eps2[26,16]",-0.411807528694236,0.00952701907013013,0.937948562716709,-2.31003361472384,-1.04047256943709,-0.407352217799693,0.223877663231929,1.42888711638452,9692.6822425277,1.00015898410814
"eps2[26,17]",-0.342325954688752,0.0105928420884188,0.986697624149652,-2.26972054704084,-1.00176775425849,-0.342142302951121,0.310523710040378,1.62373316443986,8676.4719815434,0.999697359567134
"eps2[26,18]",-0.0449416291180227,0.00999308994776022,0.986800951286777,-1.96553744796128,-0.710397033405453,-0.0606019954159616,0.617168466529285,1.90267284625585,9751.23282414951,0.999710216873141
"eps2[26,19]",-0.146320085319934,0.0092226057140723,0.970712871125553,-2.04562276457577,-0.804067580807843,-0.132710329725418,0.505977335668522,1.73552076833603,11078.3298616024,0.999685074381385
"eps_slope[1]",0.653409868493608,0.0121804968441565,0.741212699918599,-0.675519295390023,0.168317545509619,0.604637813670537,1.07346892158309,2.26013308304814,3703.01692143049,1.00078220096491
"eps_slope[2]",-0.775921257570157,0.0203143210725207,1.17392186838299,-3.24411829520296,-1.39371231778222,-0.698788376349489,-0.0483145869576241,1.22092970219413,3339.4408952819,1.00001158899779
"eps_slope[3]",1.9055594717222,0.0289208350074361,1.61237434082259,-0.588411989988935,0.830969689340324,1.6734742094656,2.6955153784289,5.81958016080576,3108.20819221447,1.00073351420257
"eps_slope[4]",4.8105458111343,0.101789368424897,4.02176492797507,-0.631900370889071,1.77005114640519,4.16540919092348,7.04287043627784,14.1528616720734,1561.09209877817,1.00049317614143
"eps_slope[5]",-0.489836873147784,0.0147116109834742,1.1105770383983,-2.88624912473732,-1.09000973640315,-0.410922009120159,0.19464899344866,1.48012156038154,5698.71470261434,1.00040113563863
"eps_slope[6]",-0.138685424736651,0.0107928532800702,0.714652349907637,-1.5940147086476,-0.562816233000423,-0.114988698503115,0.294278256845172,1.25290706185739,4384.47002917325,1.0000623430507
"eps_slope[7]",0.0935534853440036,0.00973091719085051,0.731560133547932,-1.3785701770082,-0.343833965152896,0.0950870623798504,0.538233596685924,1.5629744337837,5651.87447061108,0.999695135841936
"eps_slope[8]",0.690709390151189,0.0161070806881898,1.12268737784163,-1.28476069092892,-0.00337113617747651,0.60440833569424,1.31941828928704,3.17109353022725,4858.29644743384,0.999648785663564
"eps_slope[9]",-0.524134212216436,0.0139615147219353,0.986944063360532,-2.66758161798522,-1.07113108201212,-0.479786926986851,0.0885977980149396,1.31801106375602,4997.12255669686,1.00026795225482
"eps_slope[10]",-0.402434904858114,0.0114011519969023,0.71972086846775,-1.94509880459046,-0.821740927028037,-0.37658874786033,0.0479329993768598,0.938128428240608,3985.0219645122,0.999924006784553
"eps_slope[11]",-0.410880731292558,0.0114234066045613,0.914672019889014,-2.44433746676973,-0.922909382276339,-0.362346768876941,0.16781981772176,1.33153941498653,6411.20284013436,1.00000928957312
"eps_slope[12]",-0.458824893167782,0.0115697875850539,0.767626756704627,-2.08048636466022,-0.895027103285413,-0.417419454909016,0.0106743204581822,0.990918942400197,4401.99390916532,0.999655559151065
"eps_slope[13]",-1.57398557542985,0.0295107616490966,1.19827768167319,-4.47984427757725,-2.07039649918039,-1.3837880616894,-0.844833721911533,0.16462469116063,1648.74732580243,1.00012486166414
"eps_slope[14]",0.0259572039837678,0.0179178544224401,1.31879995156184,-2.61091575229015,-0.690277926394143,0.0151415107159988,0.755232791877934,2.67673365749786,5417.33680867306,1.00045659675554
"eps_slope[15]",-0.432482004326918,0.0110372654635283,0.909655601591012,-2.35742386893864,-0.9535127766359,-0.388432848090681,0.133456040462092,1.26232373249182,6792.52147506218,1.00009531389667
"eps_slope[16]",0.298664958523216,0.00953414042279736,0.670934078630312,-0.995922377038257,-0.113143745049233,0.280018058699494,0.690165339718339,1.69869531426843,4952.1821991486,0.999782092060073
"eps_slope[17]",1.4868562449266,0.0209798296345467,1.22195121958339,-0.529375360821379,0.698739667350216,1.35475776337432,2.11744664453196,4.29201155231204,3392.37476485991,1.00034038351008
"eps_slope[18]",0.12996083628372,0.0108935663444962,0.809838952269734,-1.48193346330703,-0.347288494880266,0.109143013312382,0.587973378601164,1.81818996738395,5526.58887585272,1.0004156880719
"eps_slope[19]",-0.127524244686088,0.0108648782177704,0.735769575859449,-1.71048832554638,-0.540413231492608,-0.100837971398872,0.309301485153074,1.2582708199383,4585.99868611674,0.999801309435353
"slope_mu",0.0135054530969052,0.000148150759662838,0.00870223689624139,-0.0041568982819731,0.00783571905986762,0.01355260273698,0.0191710630325334,0.0309614597425218,3450.27759420475,1.00012327731315
"sigma_slope",0.0206003471994561,0.000254552076491516,0.00903920320863226,0.00546552686798086,0.0143636534976774,0.0194909339344348,0.0258058384743385,0.0418246280826805,1260.97655335165,1.00171944856237
"log_N_0[1]",4.88374368621582,0.00682851420056302,0.256461627208862,4.40573864970456,4.70560804281655,4.87756964772826,5.0533903419451,5.39789962635194,1410.56256252721,1.00198499171794
"log_N_0[2]",6.25432972132332,0.0111172820737171,0.581924849669241,5.19471315212829,5.85500484945656,6.21723029452509,6.62582360871047,7.45769130382385,2739.9116326281,1.00101885101261
"log_N_0[3]",3.79801211019149,0.0126555678758161,0.653255925240309,2.42965083121944,3.37400704547293,3.8437259427298,4.26259684976466,4.95922291729599,2664.42463446266,1.00095376518347
"log_N_0[4]",3.05515648026268,0.046814974913821,1.66643201405313,0.0463272650950278,1.73433253189247,3.01997721586664,4.53892168652503,5.75718541296255,1267.08459426742,1.00031044538165
"log_N_0[5]",6.61796339905544,0.00894908676741641,0.581319018761603,5.48627055128566,6.23724704883454,6.59887478806215,6.99078403523538,7.80209012446028,4219.60332490666,1.00057475862435
"log_N_0[6]",5.84733648235995,0.00404598259769823,0.252550559440161,5.36791308064957,5.67872233339973,5.84047052608519,6.01137590840298,6.35856978463432,3896.26644932528,1.00051417656065
"log_N_0[7]",7.15697076952526,0.00403962652854396,0.276296267621184,6.60718045414115,6.97174824987853,7.15784766120774,7.33427515070215,7.69996474539152,4678.07957876454,0.999928639170733
"log_N_0[8]",5.92123506376843,0.00939157402452299,0.559367475596642,4.74935105306841,5.56884272311921,5.95822114171027,6.29542879626664,6.93545307427275,3547.46116258891,1.00030995395309
"log_N_0[9]",4.5951587366894,0.00364476890684663,0.285851009490105,4.03282448752586,4.40284182921729,4.59399755537235,4.78651843125557,5.15387492339112,6150.91131833562,0.999689872736588
"log_N_0[10]",6.20018834346405,0.00392858367735923,0.250873649411344,5.72145067847137,6.03372181179437,6.19088808111484,6.35999059823205,6.70713438819969,4077.91415522627,1.00035823436203
"log_N_0[11]",5.55263298942152,0.00463794674224039,0.378195382261455,4.81855300162164,5.30664450049632,5.54745618416431,5.79855360893025,6.30576867941713,6649.37657434239,0.999595712850109
"log_N_0[12]",7.2000633909907,0.00438802540139039,0.278050892667385,6.66986505545882,7.00880327710823,7.19926101562095,7.3872455005764,7.75825803336618,4015.22901945836,0.999848241419693
"log_N_0[13]",6.88143545205194,0.00459849338636581,0.29000327653225,6.31064705263143,6.69179618094739,6.87959786534162,7.07413416629588,7.45146971041377,3977.17478150405,0.99983192814047
"log_N_0[14]",3.75952504493619,0.00551041841727144,0.441959329577519,2.89337827173286,3.4699964261608,3.75709858725656,4.05520095639119,4.62260433959471,6432.73200072467,0.999824012935132
"log_N_0[15]",4.59085147458963,0.00475656699992674,0.389091955878307,3.81434053930754,4.33295076320813,4.58648616315922,4.84874649345236,5.36660383341182,6691.40424478108,1.00034015294189
"log_N_0[16]",5.49235205919699,0.00348410530340647,0.227303655543369,5.06240447457917,5.34234782262163,5.4862842543181,5.63939014191603,5.96209816509753,4256.28102689322,1.00044330930287
"log_N_0[17]",5.49142372920934,0.00563542168537438,0.324085536396583,4.87268528836219,5.26937936742715,5.48479930048997,5.70711814715487,6.14987585478189,3307.24570427633,0.999816734852754
"log_N_0[18]",8.56636028067654,0.00445009032900238,0.235792374882458,8.11259362469179,8.40688479166269,8.56525363293011,8.72484159556886,9.04096893819347,2807.51354580037,1.00029228385664
"log_N_0[19]",6.39404696975114,0.00318356190371187,0.246660638623018,5.90921946633038,6.23262020301768,6.39306702302516,6.55754531465077,6.88820735695294,6003.06581882263,0.999751069974821
"mu_log_sigma_total",-0.536420554841972,0.00158005984413326,0.0787144007540418,-0.688907329208747,-0.586587031661934,-0.536610548525856,-0.486654396679479,-0.379174076954826,2481.76876950364,1.00034140120291
"sd_log_sigma_total",0.276835666249975,0.00114443673041496,0.0629739374095226,0.173972491450721,0.232767972655969,0.26981757029,0.313328241906859,0.4180717781373,3027.87624298439,1.00057109626207
"z_log_sigma_total[1]",-0.965745210207632,0.00772594580976601,0.552616069027691,-2.0550886265861,-1.33165426800787,-0.956983965151798,-0.605261746891875,0.121202042466309,5116.15511391126,1.00045187728963
"z_log_sigma_total[2]",-0.234077155169222,0.00706016408157773,0.555046770919266,-1.30781212095837,-0.597876641549076,-0.241749258932365,0.128631137325177,0.904817246311393,6180.58483667982,0.999765524410554
"z_log_sigma_total[3]",0.549862092056767,0.00674435152298624,0.512086810559902,-0.400754139252066,0.195662681871213,0.534441816319042,0.884763458581516,1.60557228633812,5765.0991938765,0.999826266329927
"z_log_sigma_total[4]",-0.00687664071577186,0.0120751496081243,0.683074788039432,-1.31405286782768,-0.46344896999808,-0.0121657235917488,0.43646492602553,1.36386278085878,3200.01100251032,1.00012508395689
"z_log_sigma_total[5]",0.777566574697027,0.00701166991264115,0.514196627834583,-0.166826224384533,0.421635948705614,0.765494773606008,1.10084225765583,1.85531101603889,5377.93467922173,1.00016223755504
"z_log_sigma_total[6]",-0.614407650175829,0.00716335744694015,0.518826689006064,-1.65309070307076,-0.958257656861363,-0.61530846898766,-0.276628101911092,0.418381391395729,5245.79568694641,1.00027188663277
"z_log_sigma_total[7]",-0.105728074403396,0.00703914737508247,0.513417310374912,-1.09211599276474,-0.454715690243777,-0.113320514684153,0.226980717852495,0.912393861576516,5319.86851771958,0.9997397750106
"z_log_sigma_total[8]",0.0563885126268998,0.00698242518931837,0.549663190413484,-1.00845049516238,-0.311117775026277,0.0443831831664876,0.416292823275197,1.14770352722722,6196.98901077913,0.999763155982303
"z_log_sigma_total[9]",-0.17932345865543,0.00706019999429876,0.533072661349714,-1.21452806778961,-0.526859116937332,-0.182427449387119,0.171224913907348,0.904033790442367,5700.83949270608,1.00007382309378
"z_log_sigma_total[10]",-0.37509494499401,0.00696198164431575,0.520573066153417,-1.38025919263557,-0.726666075114232,-0.370656658234089,-0.0389831966369044,0.659275614742785,5591.10490730004,1.00001656207155
"z_log_sigma_total[11]",1.26708461856394,0.0070394737046641,0.517993072872767,0.321558996974614,0.903329677259995,1.24183301731708,1.60031658371705,2.34975486845551,5414.61425027546,1.0002815023886
"z_log_sigma_total[12]",-0.299553823689839,0.0070005961575633,0.553054499390443,-1.38295070532192,-0.653717164431015,-0.302225191310368,0.0514355977182844,0.84873366269334,6241.16708188661,0.999748103098998
"z_log_sigma_total[13]",-0.480681246980128,0.00696374397122569,0.549321677133562,-1.53326347499326,-0.852085698240056,-0.486229537435125,-0.125471702210992,0.622713565693655,6222.5426744158,0.999648812021599
"z_log_sigma_total[14]",1.70789070644115,0.00769470691846993,0.558068134402618,0.679075415616207,1.32021199011354,1.68853589638263,2.06563065357231,2.88192355468019,5260.05499283335,0.999795301957725
"z_log_sigma_total[15]",1.64579721880167,0.00749364059278217,0.521710574573395,0.68673567062685,1.27745051995266,1.62344581117156,1.98352924833589,2.71161139916211,4847.00602444878,0.999830472106428
"z_log_sigma_total[16]",-0.996046633195518,0.00768500817723966,0.56519015283779,-2.12962222367604,-1.36558184309086,-0.982614744028733,-0.618270338868904,0.100251076532048,5408.79479987315,0.999894911156363
"z_log_sigma_total[17]",0.0913744716757317,0.00643094756924407,0.525623103946855,-0.926599263734876,-0.260199772726985,0.0886460726674598,0.445467625930027,1.1350207535806,6680.3459783946,0.999921272919256
"z_log_sigma_total[18]",-1.12035398173748,0.00747363852860553,0.56919068495289,-2.24476312804883,-1.49351971635204,-1.10914708494941,-0.752224590621085,0.019238431358955,5800.31247311054,0.999959342645581
"z_log_sigma_total[19]",-0.574798642947122,0.00719913017467655,0.521614849120886,-1.60387611987277,-0.920546853303912,-0.576508164413634,-0.225865832206874,0.438512499698269,5249.76471255433,1.00007149463209
"mu_logit_prop_proc",-0.0143339554306396,0.0212829319449023,0.449781513931484,-0.943442333519194,-0.294746774126509,-0.0015973530178296,0.286198357276353,0.835650523348433,446.622184254591,1.00280464261378
"sd_logit_prop_proc",0.443893415432244,0.0108722126223866,0.315953644892194,0.0188316437889366,0.187649665257652,0.391710664341308,0.646976777736101,1.17274437323553,844.521801533467,1.00132351013138
"z_logit_prop_proc[1]",0.36743470242077,0.0175736492935788,1.00364748800264,-1.62345701256047,-0.304242007942954,0.376552289762616,1.04632101406001,2.31187226010374,3261.65854224321,1.00034997090835
"z_logit_prop_proc[2]",-0.298237864668103,0.014467780112218,0.991162160849689,-2.22236088316675,-0.96677602238988,-0.313573651655391,0.37081644055146,1.64440421308277,4693.37902986088,0.999753765766602
"z_logit_prop_proc[3]",0.17301940655368,0.0139175101511416,0.959131268943764,-1.7330111570994,-0.463520729818514,0.193038661443189,0.825587391187318,2.03397541489396,4749.33720858182,0.999689321887095
"z_logit_prop_proc[4]",0.149728259542456,0.0138481934289347,0.975211763592974,-1.71994705926879,-0.514427250689515,0.143954096534767,0.830141763166688,2.04537284472415,4959.19996893703,0.999660086571421
"z_logit_prop_proc[5]",-0.261027940967226,0.0128227257259759,0.943325295268303,-2.07460401643087,-0.893859058456617,-0.28212168221745,0.35587161228279,1.61580626369415,5412.05566104675,0.999799833999172
"z_logit_prop_proc[6]",0.214576823405189,0.0124713171870321,0.934449054774616,-1.68335456271283,-0.404703018885459,0.2192244571439,0.83784391731981,2.02521810576168,5614.18356215211,0.999942417150543
"z_logit_prop_proc[7]",0.0249160193501559,0.0128862387624919,0.95991973913018,-1.88622190720378,-0.617506560282228,0.032393050717954,0.674796359129207,1.89310648053687,5549.03541779527,0.999531430922996
"z_logit_prop_proc[8]",-0.527486867739325,0.0159733793349287,0.989188798658535,-2.41673969040497,-1.19575848486279,-0.533171386242,0.150385709555466,1.42826360535657,3834.99470778992,1.00037567637779
"z_logit_prop_proc[9]",0.186879735430719,0.0119522093900963,0.929010437954846,-1.64053259811656,-0.43380142737116,0.173059544001883,0.801525834645211,2.0779721317555,6041.50029865652,0.999574442543687
"z_logit_prop_proc[10]",0.37302121365969,0.0174996443741583,1.01298181792258,-1.57481116258847,-0.339509359554724,0.406123678806528,1.05563953392543,2.323223094821,3350.77181960704,0.999934184383915
"z_logit_prop_proc[11]",-0.394586369622615,0.0145657364567789,0.957236864073843,-2.21609041516927,-1.05904330119259,-0.395263492354005,0.252077086562448,1.54057536331056,4318.90782164677,0.99972791720862
"z_logit_prop_proc[12]",-0.109763268729818,0.0128967802405454,0.980458628332439,-2.03766753827806,-0.769691090132692,-0.0959548201189715,0.533923331967149,1.81130449578214,5779.5755670145,0.999895592516634
"z_logit_prop_proc[13]",-0.183470633607964,0.0135439026700283,0.967703523633054,-2.05852727592848,-0.848204131570231,-0.181294620181512,0.454622776972015,1.70679553523449,5105.01469452852,1.0002077673356
"z_logit_prop_proc[14]",-0.368417778100845,0.0138394412644392,0.983616823686938,-2.3139094122191,-1.0238517612485,-0.371697497479457,0.272381448727352,1.61309780183175,5051.43516087309,1.00034075612892
"z_logit_prop_proc[15]",-0.0012213699005441,0.0117979023366202,0.941261565117064,-1.84047882030909,-0.616593637068531,-0.00524663837721929,0.619659195440304,1.86350199107958,6365.18538884776,1.00077013424723
"z_logit_prop_proc[16]",0.291567666547909,0.0144913721090974,0.989398451884096,-1.61423747378781,-0.370158440798254,0.297922853086102,0.956927873685445,2.22587975268933,4661.47582415635,0.999801043059697
"z_logit_prop_proc[17]",-0.163473302291303,0.0140150357060306,0.997472447865945,-2.11993568820936,-0.832009592527708,-0.184355494993656,0.496705186631052,1.81983323454976,5065.39596212218,1.00000130191127
"z_logit_prop_proc[18]",0.161196037185609,0.0128989728864205,0.965211729560472,-1.75134916046906,-0.470862352182431,0.165449935721842,0.791656883735105,2.08442020000801,5599.31528273135,0.999932891953585
"z_logit_prop_proc[19]",0.316543315102742,0.0154437747327224,0.988645546156607,-1.64737753189636,-0.349816197773989,0.314562262743452,0.987769491783213,2.20932665063606,4098.02224857455,0.999893355293989
"L[1,1]",1,NA,0,1,1,1,1,1,NA,NA
"L[1,2]",0,NA,0,0,0,0,0,0,NA,NA
"L[1,3]",0,NA,0,0,0,0,0,0,NA,NA
"L[1,4]",0,NA,0,0,0,0,0,0,NA,NA
"L[1,5]",0,NA,0,0,0,0,0,0,NA,NA
"L[1,6]",0,NA,0,0,0,0,0,0,NA,NA
"L[1,7]",0,NA,0,0,0,0,0,0,NA,NA
"L[1,8]",0,NA,0,0,0,0,0,0,NA,NA
"L[1,9]",0,NA,0,0,0,0,0,0,NA,NA
"L[1,10]",0,NA,0,0,0,0,0,0,NA,NA
"L[1,11]",0,NA,0,0,0,0,0,0,NA,NA
"L[1,12]",0,NA,0,0,0,0,0,0,NA,NA
"L[1,13]",0,NA,0,0,0,0,0,0,NA,NA
"L[1,14]",0,NA,0,0,0,0,0,0,NA,NA
"L[1,15]",0,NA,0,0,0,0,0,0,NA,NA
"L[1,16]",0,NA,0,0,0,0,0,0,NA,NA
"L[1,17]",0,NA,0,0,0,0,0,0,NA,NA
"L[1,18]",0,NA,0,0,0,0,0,0,NA,NA
"L[1,19]",0,NA,0,0,0,0,0,0,NA,NA
"L[2,1]",0.0752015494599737,0.00242448316786887,0.20311258881933,-0.329093580034563,-0.0599035824499035,0.079449556561584,0.212819147070884,0.468225159066712,7018.35507663284,1.00038658711626
"L[2,2]",0.975692317437119,0.000568149034277791,0.0334898138445231,0.879532659660069,0.96752921724094,0.988592282368837,0.997409125313393,0.999970150745075,3474.56884623278,0.99983790743695
"L[2,3]",0,NA,0,0,0,0,0,0,NA,NA
"L[2,4]",0,NA,0,0,0,0,0,0,NA,NA
"L[2,5]",0,NA,0,0,0,0,0,0,NA,NA
"L[2,6]",0,NA,0,0,0,0,0,0,NA,NA
"L[2,7]",0,NA,0,0,0,0,0,0,NA,NA
"L[2,8]",0,NA,0,0,0,0,0,0,NA,NA
"L[2,9]",0,NA,0,0,0,0,0,0,NA,NA
"L[2,10]",0,NA,0,0,0,0,0,0,NA,NA
"L[2,11]",0,NA,0,0,0,0,0,0,NA,NA
"L[2,12]",0,NA,0,0,0,0,0,0,NA,NA
"L[2,13]",0,NA,0,0,0,0,0,0,NA,NA
"L[2,14]",0,NA,0,0,0,0,0,0,NA,NA
"L[2,15]",0,NA,0,0,0,0,0,0,NA,NA
"L[2,16]",0,NA,0,0,0,0,0,0,NA,NA
"L[2,17]",0,NA,0,0,0,0,0,0,NA,NA
"L[2,18]",0,NA,0,0,0,0,0,0,NA,NA
"L[2,19]",0,NA,0,0,0,0,0,0,NA,NA
"L[3,1]",0.025561296488628,0.00273312304695627,0.185623846484265,-0.333218919159467,-0.0999894086268908,0.0251137862953992,0.15443742957871,0.384693583406885,4612.63581738446,1.00001805709697
"L[3,2]",0.0171807200441815,0.0026589317469172,0.198863866379612,-0.376790995862304,-0.118053881532578,0.0171162434356385,0.152138995521336,0.392700690917909,5593.67692199379,0.999937803299011
"L[3,3]",0.961067652980375,0.00060703199053754,0.0375490142349417,0.863955638704978,0.945204292402618,0.972396375669862,0.988419479223195,0.998952918220638,3826.2551063934,1.00017618516727
"L[3,4]",0,NA,0,0,0,0,0,0,NA,NA
"L[3,5]",0,NA,0,0,0,0,0,0,NA,NA
"L[3,6]",0,NA,0,0,0,0,0,0,NA,NA
"L[3,7]",0,NA,0,0,0,0,0,0,NA,NA
"L[3,8]",0,NA,0,0,0,0,0,0,NA,NA
"L[3,9]",0,NA,0,0,0,0,0,0,NA,NA
"L[3,10]",0,NA,0,0,0,0,0,0,NA,NA
"L[3,11]",0,NA,0,0,0,0,0,0,NA,NA
"L[3,12]",0,NA,0,0,0,0,0,0,NA,NA
"L[3,13]",0,NA,0,0,0,0,0,0,NA,NA
"L[3,14]",0,NA,0,0,0,0,0,0,NA,NA
"L[3,15]",0,NA,0,0,0,0,0,0,NA,NA
"L[3,16]",0,NA,0,0,0,0,0,0,NA,NA
"L[3,17]",0,NA,0,0,0,0,0,0,NA,NA
"L[3,18]",0,NA,0,0,0,0,0,0,NA,NA
"L[3,19]",0,NA,0,0,0,0,0,0,NA,NA
"L[4,1]",-0.0105325346601831,0.00231033410178082,0.195991117919494,-0.386321614755542,-0.147102160093473,-0.0086879478415712,0.124352638489759,0.369417643157573,7196.53104194095,0.999967738556253
"L[4,2]",-0.0328902667146484,0.00242107930967231,0.204244520262214,-0.423766983535555,-0.178068193199699,-0.0350753960408788,0.10778024114441,0.369723474637752,7116.76777144707,1.00026679853424
"L[4,3]",0.0291341975726929,0.00234576821026437,0.199267993689509,-0.372036369094246,-0.107532762558431,0.0311690509808265,0.16776357818511,0.408680331896922,7216.13922070814,0.999713645379414
"L[4,4]",0.935749102729852,0.000848167220390461,0.0501640085672131,0.80650774826939,0.910616063513503,0.948509276388357,0.973315940211021,0.994800938271143,3498.0136403399,0.999702973591936
"L[4,5]",0,NA,0,0,0,0,0,0,NA,NA
"L[4,6]",0,NA,0,0,0,0,0,0,NA,NA
"L[4,7]",0,NA,0,0,0,0,0,0,NA,NA
"L[4,8]",0,NA,0,0,0,0,0,0,NA,NA
"L[4,9]",0,NA,0,0,0,0,0,0,NA,NA
"L[4,10]",0,NA,0,0,0,0,0,0,NA,NA
"L[4,11]",0,NA,0,0,0,0,0,0,NA,NA
"L[4,12]",0,NA,0,0,0,0,0,0,NA,NA
"L[4,13]",0,NA,0,0,0,0,0,0,NA,NA
"L[4,14]",0,NA,0,0,0,0,0,0,NA,NA
"L[4,15]",0,NA,0,0,0,0,0,0,NA,NA
"L[4,16]",0,NA,0,0,0,0,0,0,NA,NA
"L[4,17]",0,NA,0,0,0,0,0,0,NA,NA
"L[4,18]",0,NA,0,0,0,0,0,0,NA,NA
"L[4,19]",0,NA,0,0,0,0,0,0,NA,NA
"L[5,1]",0.0396935224327525,0.0024523635337495,0.193527307116397,-0.341961184865764,-0.0900248850682335,0.0367871869351159,0.174535748043978,0.412780699986669,6227.51536718889,1.00059246874675
"L[5,2]",0.10746422599399,0.00276621865167913,0.197919317635386,-0.281203339624043,-0.0287540519435923,0.108659126745607,0.244196225137419,0.48232759406367,5119.21487798172,1.00044459630007
"L[5,3]",0.160497154890472,0.00269614374014922,0.194268294024434,-0.226295785357234,0.0321375401002735,0.16506322601761,0.293197027354406,0.523049455027442,5191.79778224008,1.00104911220566
"L[5,4]",0.0828831312114184,0.00286304057494467,0.197457230698288,-0.305318614176813,-0.0479007798685057,0.0821823888883371,0.218067858146291,0.460846017922879,4756.53917419331,0.999975213794877
"L[5,5]",0.89226571478141,0.00115280834114637,0.0691430503825671,0.726215951764748,0.852532335191265,0.906379731695984,0.943456967471659,0.98548946918348,3597.35129562692,1.00051603259953
"L[5,6]",0,NA,0,0,0,0,0,0,NA,NA
"L[5,7]",0,NA,0,0,0,0,0,0,NA,NA
"L[5,8]",0,NA,0,0,0,0,0,0,NA,NA
"L[5,9]",0,NA,0,0,0,0,0,0,NA,NA
"L[5,10]",0,NA,0,0,0,0,0,0,NA,NA
"L[5,11]",0,NA,0,0,0,0,0,0,NA,NA
"L[5,12]",0,NA,0,0,0,0,0,0,NA,NA
"L[5,13]",0,NA,0,0,0,0,0,0,NA,NA
"L[5,14]",0,NA,0,0,0,0,0,0,NA,NA
"L[5,15]",0,NA,0,0,0,0,0,0,NA,NA
"L[5,16]",0,NA,0,0,0,0,0,0,NA,NA
"L[5,17]",0,NA,0,0,0,0,0,0,NA,NA
"L[5,18]",0,NA,0,0,0,0,0,0,NA,NA
"L[5,19]",0,NA,0,0,0,0,0,0,NA,NA
"L[6,1]",0.255876029827591,0.00259566774656626,0.181495071271747,-0.123420788889488,0.137674241044529,0.266594558670381,0.383224600370885,0.587272829581398,4889.12870513977,1.00024595744009
"L[6,2]",0.0821487495607371,0.00272957200764088,0.196855298470648,-0.301055044809066,-0.0567192646077747,0.0850010791816294,0.219074325221695,0.45492936787954,5201.21858470089,1.00016621164852
"L[6,3]",0.0794228570255808,0.0024737713174717,0.183407144108499,-0.278707176725088,-0.0438537236002526,0.083089940231438,0.206815080127385,0.428274282726403,5496.84381555403,0.99965433143286
"L[6,4]",0.0975379245431752,0.00296553469839594,0.192717429005293,-0.287525271350247,-0.032593023190638,0.100915974047941,0.232228223134629,0.471877510385953,4223.14474379755,1.00059633522881
"L[6,5]",0.150802658727798,0.00288398053910906,0.192219449169299,-0.230258465271835,0.0217257193779761,0.156847476753249,0.285747926927246,0.513924986745913,4442.32170145997,1.00122809557035
"L[6,6]",0.838404433171177,0.00138033928398941,0.0831026357558843,0.650145112798255,0.788011582930356,0.849667206211744,0.900912147725252,0.966049510801467,3624.58176206172,1.00016210765559
"L[6,7]",0,NA,0,0,0,0,0,0,NA,NA
"L[6,8]",0,NA,0,0,0,0,0,0,NA,NA
"L[6,9]",0,NA,0,0,0,0,0,0,NA,NA
"L[6,10]",0,NA,0,0,0,0,0,0,NA,NA
"L[6,11]",0,NA,0,0,0,0,0,0,NA,NA
"L[6,12]",0,NA,0,0,0,0,0,0,NA,NA
"L[6,13]",0,NA,0,0,0,0,0,0,NA,NA
"L[6,14]",0,NA,0,0,0,0,0,0,NA,NA
"L[6,15]",0,NA,0,0,0,0,0,0,NA,NA
"L[6,16]",0,NA,0,0,0,0,0,0,NA,NA
"L[6,17]",0,NA,0,0,0,0,0,0,NA,NA
"L[6,18]",0,NA,0,0,0,0,0,0,NA,NA
"L[6,19]",0,NA,0,0,0,0,0,0,NA,NA
"L[7,1]",0.260927297308238,0.00289067687022854,0.189837259704628,-0.141764363644281,0.140654298353656,0.267724024493262,0.397211194608433,0.602626064645927,4312.84467513658,1.00042428835869
"L[7,2]",0.0800281248838161,0.00287239722665619,0.200951627801231,-0.315798897470008,-0.058465913995618,0.084537060258959,0.221155940262208,0.457548865786624,4894.33914295506,1.000716409021
"L[7,3]",0.0306828382571973,0.00250877079655038,0.184643771602363,-0.324982879930122,-0.0974324171382116,0.0303500617186492,0.155222761949403,0.394916824469706,5416.85679126432,0.99969026773232
"L[7,4]",0.0809729414245656,0.00270739722230266,0.191765187938993,-0.296980875516579,-0.0521116953854159,0.0838510440718461,0.214751519218319,0.442550922949606,5016.90159800278,1.00035733704715
"L[7,5]",0.107292579858695,0.0028614827456946,0.196772510822991,-0.278700129013564,-0.0265590270838393,0.111450412415309,0.243233486266361,0.484275496331198,4728.75258259209,1.00033750159946
"L[7,6]",0.16635803099511,0.00285525556100213,0.197267155140574,-0.225510626070907,0.0320471338822381,0.16962537031819,0.309028120114739,0.533459558144325,4773.30945713216,0.999959892140944
"L[7,7]",0.803659815126426,0.00143113396142171,0.0898706299629577,0.59888881165064,0.745798063112409,0.814061113980537,0.870549396952049,0.949528229424364,3943.43781067349,0.999763066383545
"L[7,8]",0,NA,0,0,0,0,0,0,NA,NA
"L[7,9]",0,NA,0,0,0,0,0,0,NA,NA
"L[7,10]",0,NA,0,0,0,0,0,0,NA,NA
"L[7,11]",0,NA,0,0,0,0,0,0,NA,NA
"L[7,12]",0,NA,0,0,0,0,0,0,NA,NA
"L[7,13]",0,NA,0,0,0,0,0,0,NA,NA
"L[7,14]",0,NA,0,0,0,0,0,0,NA,NA
"L[7,15]",0,NA,0,0,0,0,0,0,NA,NA
"L[7,16]",0,NA,0,0,0,0,0,0,NA,NA
"L[7,17]",0,NA,0,0,0,0,0,0,NA,NA
"L[7,18]",0,NA,0,0,0,0,0,0,NA,NA
"L[7,19]",0,NA,0,0,0,0,0,0,NA,NA
"L[8,1]",0.0413948620757039,0.00248674777486154,0.204535757912518,-0.360167740688322,-0.0994139968629953,0.0413780263697831,0.182836038996002,0.438003655840233,6765.11233999195,1.00025834008916
"L[8,2]",0.101246883339734,0.00267626311596314,0.213055648065403,-0.321976459894813,-0.0419025171782913,0.108340497082273,0.251268766655055,0.498391295636227,6337.65342483877,0.999588281163862
"L[8,3]",-0.0165968361056913,0.00239268308237825,0.203279584365775,-0.412383406019691,-0.16001612065514,-0.0171772081088234,0.123222059020683,0.37989458153037,7218.00486337625,0.99975540603852
"L[8,4]",0.03829596648827,0.00242804719930052,0.198421446088908,-0.359512134295764,-0.0995761739006948,0.0388751930234975,0.178487586295833,0.413134686266636,6678.25458857562,0.999688247518474
"L[8,5]",0.0761523933538195,0.00264232912520334,0.205805874892133,-0.323818671991262,-0.068792117474968,0.080008639005062,0.226210345184691,0.462290787614898,6066.54903269592,0.999683175791106
"L[8,6]",0.101574994961021,0.00265189484887066,0.215220004352175,-0.318467531766236,-0.0512962664982335,0.104361382182752,0.252032171015741,0.507363050344617,6586.46930525397,0.999682944812327
"L[8,7]",0.0673932298577919,0.0024160722832827,0.210956751824279,-0.344763934506825,-0.0779087561538194,0.0663276516038788,0.214247848611472,0.475453390820894,7623.72133173876,0.999748227731749
"L[8,8]",0.810643622796228,0.0014159549022051,0.0862764160845885,0.617357313936696,0.757049827631006,0.820668573571057,0.875473471546041,0.947459307999353,3712.66145916485,1.00085056030567
"L[8,9]",0,NA,0,0,0,0,0,0,NA,NA
"L[8,10]",0,NA,0,0,0,0,0,0,NA,NA
"L[8,11]",0,NA,0,0,0,0,0,0,NA,NA
"L[8,12]",0,NA,0,0,0,0,0,0,NA,NA
"L[8,13]",0,NA,0,0,0,0,0,0,NA,NA
"L[8,14]",0,NA,0,0,0,0,0,0,NA,NA
"L[8,15]",0,NA,0,0,0,0,0,0,NA,NA
"L[8,16]",0,NA,0,0,0,0,0,0,NA,NA
"L[8,17]",0,NA,0,0,0,0,0,0,NA,NA
"L[8,18]",0,NA,0,0,0,0,0,0,NA,NA
"L[8,19]",0,NA,0,0,0,0,0,0,NA,NA
"L[9,1]",0.185268201303538,0.00228584015195175,0.179533180103482,-0.167978721514155,0.061659022233102,0.188877083396373,0.311525822937657,0.526537973586917,6168.75800064164,0.999795808588109
"L[9,2]",0.0989208992286704,0.00250262209607087,0.196609473502944,-0.292788659576723,-0.0349147643987549,0.102871556197258,0.234603321466716,0.469179327442353,6171.8921865107,1.00060249296222
"L[9,3]",-0.00655773737894961,0.00234919002087398,0.185359614310352,-0.371635502375357,-0.133703253499208,-0.00430285416998825,0.123272961202712,0.351586639952285,6225.78243108646,1.00003449239297
"L[9,4]",-0.0585094208502087,0.00249683615600462,0.190387727767917,-0.419260622843706,-0.190868320728677,-0.0625024652650299,0.0698558567633028,0.323156503912827,5814.30503268675,0.999781225122275
"L[9,5]",0.00361310467177399,0.00260634698239726,0.191788381549746,-0.367608821464947,-0.126248826519882,0.00107000477180595,0.136006233351786,0.374367484411319,5414.77135852491,0.999751483565621
"L[9,6]",0.0769743503439183,0.00263081736041048,0.199745561006981,-0.306986981442344,-0.0599323072530033,0.0770237813538917,0.215620925230795,0.458646659819875,5764.64908327557,0.999649962678287
"L[9,7]",0.078370742122373,0.00254859856875285,0.199217950181647,-0.320130391040003,-0.0559764877295471,0.0814605150030058,0.218304632900518,0.456915031023882,6110.18084825728,0.999832710411993
"L[9,8]",0.0736235391752777,0.00272742571458973,0.205583675816322,-0.336962359082301,-0.0698806987499149,0.0766456627190328,0.216660499045763,0.464158802394292,5681.60964638578,1.00010112834068
"L[9,9]",0.791596790990157,0.00159048107897333,0.0906794795404025,0.590298022580467,0.736243968306643,0.801860376458371,0.858883781235733,0.935981503213056,3250.58123374658,1.00148066147194
"L[9,10]",0,NA,0,0,0,0,0,0,NA,NA
"L[9,11]",0,NA,0,0,0,0,0,0,NA,NA
"L[9,12]",0,NA,0,0,0,0,0,0,NA,NA
"L[9,13]",0,NA,0,0,0,0,0,0,NA,NA
"L[9,14]",0,NA,0,0,0,0,0,0,NA,NA
"L[9,15]",0,NA,0,0,0,0,0,0,NA,NA
"L[9,16]",0,NA,0,0,0,0,0,0,NA,NA
"L[9,17]",0,NA,0,0,0,0,0,0,NA,NA
"L[9,18]",0,NA,0,0,0,0,0,0,NA,NA
"L[9,19]",0,NA,0,0,0,0,0,0,NA,NA
"L[10,1]",0.222270501208948,0.00269877309644129,0.183259086999544,-0.14061894894513,0.0962046437253381,0.229823355262812,0.351882606197209,0.562320146600957,4611.03366426027,1.00032381752987
"L[10,2]",0.063911163138128,0.0033750484072964,0.199512973210779,-0.332767745814372,-0.0701329983005571,0.0684786250392855,0.202637146105529,0.440352074347904,3494.47766503223,1.0022408697138
"L[10,3]",0.0769503916013733,0.00270748789670455,0.186360023147942,-0.293167708774667,-0.0499188611453668,0.0790010147752894,0.208381119440476,0.431599895136132,4737.75352808593,0.999792720144468
"L[10,4]",-0.0174250798795698,0.00294618477968624,0.193299104438544,-0.389393331646349,-0.153221652278764,-0.0173920012555151,0.11385985136857,0.360624252368039,4304.66858335292,1.00018732698912
"L[10,5]",0.0617671874607462,0.00310352523157362,0.197215395412698,-0.338846485908584,-0.0695579789094407,0.0645954934476236,0.19879701729437,0.439838714931226,4038.04419899627,1.00013602214351
"L[10,6]",0.103453306847105,0.00302601919124822,0.195496832770952,-0.28196547509492,-0.0273810891192604,0.106451045116908,0.238517612936831,0.47715062380157,4173.84287149001,1.00000729348989
"L[10,7]",0.0873049357687322,0.00280530627477911,0.198594670893795,-0.300466884852971,-0.0498755207596523,0.0872970666580775,0.225952815889506,0.471152610569227,5011.57939051123,1.0005748480764
"L[10,8]",0.0125819975120535,0.00336267214510725,0.203207048395645,-0.377342944719624,-0.129804378536799,0.016151248758428,0.155463348158793,0.406370620828866,3651.8125990928,1.00014772847308
"L[10,9]",0.0611248456875084,0.0028209737934835,0.195043319403752,-0.32061628871115,-0.0743249435759411,0.0659709329775428,0.195978095962808,0.429053288357251,4780.39799705124,1.00010293218262
"L[10,10]",0.751350306472013,0.00157668163383372,0.0917117141926241,0.556147643094831,0.691344230330057,0.757437092720424,0.819476692077161,0.909407261608209,3383.4643468867,1.00028360738016
"L[10,11]",0,NA,0,0,0,0,0,0,NA,NA
"L[10,12]",0,NA,0,0,0,0,0,0,NA,NA
"L[10,13]",0,NA,0,0,0,0,0,0,NA,NA
"L[10,14]",0,NA,0,0,0,0,0,0,NA,NA
"L[10,15]",0,NA,0,0,0,0,0,0,NA,NA
"L[10,16]",0,NA,0,0,0,0,0,0,NA,NA
"L[10,17]",0,NA,0,0,0,0,0,0,NA,NA
"L[10,18]",0,NA,0,0,0,0,0,0,NA,NA
"L[10,19]",0,NA,0,0,0,0,0,0,NA,NA
"L[11,1]",0.159645306790266,0.00223244284844793,0.189974509863846,-0.221350829931397,0.0298114307131805,0.165087409014894,0.289895645527575,0.517652756125631,7241.52386494057,0.999979791203746
"L[11,2]",0.0545081612207719,0.00264503875115695,0.205017292628474,-0.350744730786487,-0.0867581140562836,0.0553933351661057,0.198515980497943,0.444652693798194,6007.81996961447,1.00036358261345
"L[11,3]",0.118017662351107,0.00231275988444092,0.189230315592881,-0.266903392992706,-0.0123098902584708,0.124055112089376,0.252024844122817,0.470089818708169,6694.53375735493,0.999706576077412
"L[11,4]",-0.00373512509636046,0.00267491310602744,0.197521721828015,-0.385561126106975,-0.138651341451624,-0.00539346780595531,0.132478671235533,0.386720632292065,5452.68448412377,1.00026582067189
"L[11,5]",-0.0183349206802062,0.00278563740093655,0.204788498686314,-0.405561613759398,-0.164928509301661,-0.0195898749950636,0.121876274355611,0.377871500841979,5404.58006212451,0.999786443220733
"L[11,6]",0.0897240806370696,0.0024484789588525,0.199569500940425,-0.310345858299423,-0.0453435890752999,0.0900610558983114,0.229763457911321,0.468094592403871,6643.47936064718,0.999802484084828
"L[11,7]",0.0911613835209633,0.00278693341029096,0.208028471900229,-0.31330572590898,-0.0547574655733531,0.0912052220250784,0.236916770541211,0.493717148298934,5571.7596488916,0.999970522210234
"L[11,8]",0.044119080680583,0.00269144698666549,0.208989461429418,-0.371731492833325,-0.101976007674199,0.0476453295933272,0.191403895157608,0.445784149794816,6029.44188663449,1.0003321417852
"L[11,9]",0.0302789879932853,0.00259298226414669,0.202227311995894,-0.357184559259735,-0.112942474095648,0.0264022560586785,0.170491774675431,0.422155284763535,6082.47770966761,0.999741519242788
"L[11,10]",0.0190919665002839,0.0025764080291173,0.199346497746148,-0.364981333342391,-0.119764448462597,0.01785816672096,0.158010640270832,0.412921585886719,5986.70601856115,1.00063674246871
"L[11,11]",0.724812441163019,0.00165663506766005,0.100458785949594,0.507149927891311,0.659778028481248,0.732150793681152,0.799648742280411,0.892638677881812,3677.24147852886,1.0003802211679
"L[11,12]",0,NA,0,0,0,0,0,0,NA,NA
"L[11,13]",0,NA,0,0,0,0,0,0,NA,NA
"L[11,14]",0,NA,0,0,0,0,0,0,NA,NA
"L[11,15]",0,NA,0,0,0,0,0,0,NA,NA
"L[11,16]",0,NA,0,0,0,0,0,0,NA,NA
"L[11,17]",0,NA,0,0,0,0,0,0,NA,NA
"L[11,18]",0,NA,0,0,0,0,0,0,NA,NA
"L[11,19]",0,NA,0,0,0,0,0,0,NA,NA
"L[12,1]",0.159440685837771,0.0025696557059354,0.189696636782015,-0.215227493060052,0.0319727796175387,0.164661988140515,0.28815296250323,0.521754762827171,5449.65971746082,1.00002599145219
"L[12,2]",0.0795349235022151,0.00273212246125804,0.204181658245512,-0.320045709086842,-0.0555284591288329,0.0809867962329429,0.220314614000191,0.477131759941735,5585.12798705533,1.00012551852374
"L[12,3]",0.0998911364044818,0.00289577135513732,0.196360277652188,-0.291365697691415,-0.0341733003570182,0.102413808834715,0.233747596958901,0.470840081987076,4598.10346601943,1.00111316709799
"L[12,4]",0.0293087519949339,0.00273588590027114,0.199849797931514,-0.362084059696363,-0.105771278486144,0.0301970006529399,0.166562857909076,0.405587723104649,5335.94647469138,0.999940543950096
"L[12,5]",0.195634577403243,0.00339638023626851,0.202887290623255,-0.212957428631292,0.0582779680959772,0.203533024188709,0.342571070053111,0.573003109337338,3568.42912271459,1.00017944780853
"L[12,6]",0.154088387629258,0.00271499219251663,0.20281635876849,-0.249855380971246,0.0151844405714042,0.15986805541628,0.295863287510539,0.5340296179048,5580.44449391716,1.00006370123684
"L[12,7]",0.0938750816203031,0.00268116738633583,0.204020612047702,-0.313734110886708,-0.0460586704695655,0.0983874394880728,0.239183857337451,0.47289242473574,5790.28894337432,0.999674691305753
"L[12,8]",0.0603600422495185,0.00274288619027419,0.208748682976541,-0.343390154547254,-0.0828720187477451,0.062892112782511,0.204604250487488,0.451687665275355,5792.04480079972,0.999730897610814
"L[12,9]",0.0504748320622176,0.00257531933161693,0.189284970020046,-0.322065825800336,-0.0788893570477346,0.0501149572694736,0.180822792038477,0.424330888559672,5402.19287111599,0.999673207735062
"L[12,10]",0.0651357365393766,0.00253023392275152,0.196904940991166,-0.325242129143049,-0.0706853918437854,0.06715567628006,0.200889441230845,0.443453574576035,6056.08385961335,0.999622319708857
"L[12,11]",-0.0110346652686782,0.00271860764934757,0.202394224035057,-0.410976834335963,-0.147138193721664,-0.0111686313987618,0.125233552519571,0.388036147447449,5542.46755719599,1.00020551096409
"L[12,12]",0.65193843797222,0.00181542200631465,0.108852015825127,0.423676215841824,0.579144663662507,0.657097435752412,0.729638802059242,0.850786716041884,3595.15617499946,0.999829151843635
"L[12,13]",0,NA,0,0,0,0,0,0,NA,NA
"L[12,14]",0,NA,0,0,0,0,0,0,NA,NA
"L[12,15]",0,NA,0,0,0,0,0,0,NA,NA
"L[12,16]",0,NA,0,0,0,0,0,0,NA,NA
"L[12,17]",0,NA,0,0,0,0,0,0,NA,NA
"L[12,18]",0,NA,0,0,0,0,0,0,NA,NA
"L[12,19]",0,NA,0,0,0,0,0,0,NA,NA
"L[13,1]",0.14621643781193,0.00248125141561797,0.192116287787458,-0.23503787435061,0.0155221576743405,0.151741697700405,0.284444394310039,0.503435371528534,5994.96744167448,1.00011959365523
"L[13,2]",0.0737290130656992,0.0027264904753965,0.207901715372286,-0.34023113097725,-0.0704683948401607,0.0765352487744616,0.220650060669867,0.471437056217685,5814.44377846243,0.999979179787875
"L[13,3]",0.0294205840766544,0.00249003929391219,0.200288049799709,-0.353146785088558,-0.111118065380972,0.0307003505879289,0.167431330747627,0.423757671073052,6469.90158681502,1.00017531645253
"L[13,4]",0.00110261151053954,0.00264613172313473,0.200701179912129,-0.388083491842538,-0.136618762130953,-0.000406841302660042,0.137486779563329,0.39283665944913,5752.76896298529,0.999705657561755
"L[13,5]",0.193906248310033,0.00357406707895268,0.207466992940416,-0.228601174947576,0.0551632305055353,0.200902870124368,0.346282960572649,0.568629251888696,3369.55559386256,1.00015368826271
"L[13,6]",0.136404934544764,0.00266224037616703,0.204872406606967,-0.278001836698991,-0.000757518448316629,0.139413672953964,0.279933208820028,0.514739818648613,5922.0545922631,0.999889315321227
"L[13,7]",0.0452388446781542,0.00249858001023173,0.20503947556953,-0.353283168011106,-0.0980180006577319,0.048605552393635,0.188439261103627,0.440568759588782,6734.23771301673,1.00040649100087
"L[13,8]",0.0441826426602851,0.00263020203705265,0.206349738721696,-0.356509199558675,-0.100459308705055,0.0497951997006286,0.189526832278235,0.444481326268157,6155.02224774638,0.999986229561398
"L[13,9]",0.0475874745875353,0.00253009976138798,0.199328956145338,-0.339819532109518,-0.0901286082720029,0.0488300456043297,0.188295334432113,0.430583662548784,6206.76773042138,1.00010417694239
"L[13,10]",0.0393081303293148,0.00261306133203037,0.197295915047367,-0.339612131774611,-0.0981878511063521,0.0414507572172476,0.175161940661157,0.424751504147927,5700.81542606158,0.999916216725791
"L[13,11]",-0.0200448204097111,0.00266627356646655,0.206902967638509,-0.408080317970946,-0.164882781362157,-0.0209181153259424,0.124125250399634,0.386874307567387,6021.76808405137,1.00041460834731
"L[13,12]",0.110987340758298,0.00275245849096056,0.207457736879414,-0.294893157368148,-0.0297310285140904,0.114716978195764,0.25692977594845,0.496813675509615,5680.90746797958,0.999675893689974
"L[13,13]",0.623483526230973,0.00176847163187337,0.110754345185964,0.400287508099808,0.549096768553448,0.62751018261437,0.702498318351252,0.824630706700535,3922.16041474001,0.999843160398494
"L[13,14]",0,NA,0,0,0,0,0,0,NA,NA
"L[13,15]",0,NA,0,0,0,0,0,0,NA,NA
"L[13,16]",0,NA,0,0,0,0,0,0,NA,NA
"L[13,17]",0,NA,0,0,0,0,0,0,NA,NA
"L[13,18]",0,NA,0,0,0,0,0,0,NA,NA
"L[13,19]",0,NA,0,0,0,0,0,0,NA,NA
"L[14,1]",0.122201816420369,0.00244812908327533,0.1959320656237,-0.26789251894948,-0.0121853533515892,0.128953324421586,0.259898952105508,0.491562570288401,6405.34324888558,0.999826750773356
"L[14,2]",0.00391428725024237,0.00264984857397917,0.207418580935254,-0.406428614234226,-0.136924411821143,-0.000184466643898103,0.148446744293116,0.405797556081886,6127.07510278287,1.00046935848071
"L[14,3]",0.0426435698526932,0.00232002334425693,0.193988586589068,-0.348409616793835,-0.0857508857299586,0.0428514380556059,0.177068153288993,0.411522123182885,6991.45630703394,1.00011812146108
"L[14,4]",-0.0322899416696424,0.00259420657187902,0.201197330763633,-0.428309384766468,-0.170569470388414,-0.0322822782516343,0.104421686861895,0.36558016426428,6014.99567079734,0.999991716655811
"L[14,5]",0.100633791153736,0.00278467995197205,0.209523911351238,-0.319503686915383,-0.0415842838906615,0.102149942728447,0.250935263850791,0.490789149096685,5661.30573492385,1.00019041935996
"L[14,6]",0.105651522619148,0.00252651118704597,0.207372210597243,-0.312936090544217,-0.0362254881745148,0.114317990271978,0.255619516774285,0.485543316463324,6736.87770177674,1.00013240518546
"L[14,7]",0.037167007356016,0.00237339069197413,0.203352650108963,-0.3568078298148,-0.102435747108601,0.036995306164176,0.176266093755376,0.431711653897709,7341.10107212868,1.00041210352478
"L[14,8]",-0.00709333779414222,0.00270727713105669,0.216894607731658,-0.420638300973493,-0.159618482719328,-0.00792352684395235,0.144176248000284,0.411809635232641,6418.47835090094,0.999704261543946
"L[14,9]",-0.0229991906445295,0.00237153547692615,0.202884775328898,-0.415714926558027,-0.163983990838545,-0.0232526970904604,0.113381759766059,0.37505588018387,7318.7963875238,0.999841448363623
"L[14,10]",0.119151480527176,0.00246847924401295,0.203060131908106,-0.291292958666526,-0.0189601586766609,0.125969572786374,0.262641696345342,0.495779710012157,6766.90949897523,0.999680454755212
"L[14,11]",-0.0164202659066277,0.00232403844307278,0.207076608446324,-0.412313373010587,-0.16128547995912,-0.0158141358793359,0.123194091897547,0.393526783338678,7939.17676264137,0.999967454368752
"L[14,12]",0.00408920066014058,0.00254059151360969,0.208697623782112,-0.388202811448101,-0.141747932484161,0.00343904861027336,0.149562406732284,0.411005748107824,6747.84848327538,1.0003774985195
"L[14,13]",0.0485898329286436,0.00274160439259956,0.211430804631494,-0.371018993927479,-0.0955754386875765,0.053022306839071,0.196570853381032,0.45082206660227,5947.39729023653,0.999710106513812
"L[14,14]",0.617344669758481,0.00198742548884589,0.11277402287721,0.393112640104007,0.54103338714747,0.623279808431467,0.69967122296322,0.820978106954575,3219.85589326204,1.00094486738219
"L[14,15]",0,NA,0,0,0,0,0,0,NA,NA
"L[14,16]",0,NA,0,0,0,0,0,0,NA,NA
"L[14,17]",0,NA,0,0,0,0,0,0,NA,NA
"L[14,18]",0,NA,0,0,0,0,0,0,NA,NA
"L[14,19]",0,NA,0,0,0,0,0,0,NA,NA
"L[15,1]",0.149133287113959,0.00263941559881326,0.182343213715032,-0.219981215403562,0.0253996942764536,0.15283768843007,0.27744856486612,0.490594139760582,4772.69466931189,1.0003678199716
"L[15,2]",0.082534169533759,0.00318245834239169,0.197416157491432,-0.304348932387781,-0.0528962446360058,0.0843898367240922,0.223083474737264,0.449366034136604,3848.04315561167,1.00158105008112
"L[15,3]",0.0720303844522179,0.00256202353934406,0.183708007268366,-0.294584422074681,-0.0509620562169085,0.075984543662998,0.198716107311,0.419625224101641,5141.50119753283,1.00052029065748
"L[15,4]",0.044328989499355,0.00297696573733128,0.19508978296,-0.338855192695971,-0.0903313978386959,0.0450210732778775,0.180020797283953,0.410207266476869,4294.58673768292,1.00004128469489
"L[15,5]",0.10722690527215,0.00334392636286528,0.196367553586754,-0.291682518201538,-0.0282171150038722,0.113818383203181,0.24851889280877,0.469752179752976,3448.46679635267,1.00160569882051
"L[15,6]",0.125381247287312,0.00287809606167316,0.192858767112083,-0.251797729451667,-0.00710045651643366,0.125493410676701,0.260435985405527,0.49315253963557,4490.22601613617,0.999763965655209
"L[15,7]",0.102718517079715,0.00277045584189084,0.198445511308003,-0.292704581592165,-0.0316931829512014,0.106887157440125,0.239354148539437,0.479340765934227,5130.74103703609,1.00079136625001
"L[15,8]",0.0321015147283662,0.00304783372873695,0.202907093312005,-0.358005309073062,-0.109240029275965,0.0346565142777992,0.172159153761443,0.42727273630326,4432.12415318486,1.00012325659897
"L[15,9]",0.0533799956295249,0.00281670930904872,0.193846937762721,-0.332649903265858,-0.080498396406518,0.0573015426950684,0.192728978390621,0.423434480653459,4736.24141782593,0.999667858523364
"L[15,10]",0.289887039573348,0.00357103704632044,0.194055580406998,-0.114312049307657,0.157922458905998,0.30456284596701,0.432374539175876,0.635239690737829,2953.00077562985,1.00050049830668
"L[15,11]",0.0101204305822292,0.00241311672806469,0.190006923679425,-0.363731214219471,-0.118088518048068,0.0111134827836509,0.140109651699096,0.384324291497753,6199.86442311771,1.00020024692029
"L[15,12]",0.0333685836289091,0.0026066291614251,0.195459122864309,-0.349345735120728,-0.0971106041464424,0.0335815355875204,0.166725003435437,0.418309843000319,5622.80978413669,1.00046652065014
"L[15,13]",0.0237918209348713,0.00265647578066855,0.200553054217383,-0.375005717124521,-0.108812887306374,0.0237684656016052,0.162619812733931,0.408524288966605,5699.63229957042,0.999659438052945
"L[15,14]",0.0676357821279021,0.00276871622645337,0.189178878991071,-0.310965838557773,-0.0599225879358597,0.0701446371146058,0.195819780777621,0.433066825448343,4668.61868008671,1.00073512223579
"L[15,15]",0.540618719787635,0.0020144982081582,0.116988861512351,0.302776764386373,0.4613667418053,0.541549987095228,0.624255522483237,0.757929498244785,3372.5256263701,1.00076720232844
"L[15,16]",0,NA,0,0,0,0,0,0,NA,NA
"L[15,17]",0,NA,0,0,0,0,0,0,NA,NA
"L[15,18]",0,NA,0,0,0,0,0,0,NA,NA
"L[15,19]",0,NA,0,0,0,0,0,0,NA,NA
"L[16,1]",0.175627378405328,0.00292539498344282,0.1882484796517,-0.208822065137021,0.0461688855989583,0.181857795885473,0.308493476296034,0.524269116664389,4140.89225269455,0.999868278727181
"L[16,2]",-0.00530028163304413,0.00263572098360675,0.198848876788437,-0.386149936137891,-0.143837000836685,-0.00805643215722935,0.135002709745732,0.381185825693787,5691.77096834283,0.999918559488188
"L[16,3]",-0.0183528405682935,0.00244525694076911,0.183960700692895,-0.381630097204996,-0.14467415990269,-0.0169893959437812,0.10837710424546,0.337780271239212,5659.80032271673,0.999972930300385
"L[16,4]",0.107997483077069,0.00279155424295581,0.199034461888456,-0.285520471783661,-0.0264454690994566,0.108118499027723,0.248305373465861,0.487850654915354,5083.51858673884,0.999730048871604
"L[16,5]",0.0866281238136999,0.00260881647878281,0.194092392470623,-0.29548218062524,-0.0450125982584352,0.086466278504975,0.224969534575298,0.455633445058278,5535.15731670451,1.00025733294677
"L[16,6]",0.157483609004577,0.00279035982013438,0.200326472951925,-0.244955505919526,0.0184602286774957,0.166182782634431,0.302651174922589,0.521455831723137,5154.1407013222,1.00002190501882
"L[16,7]",0.106927173048056,0.00273554852508937,0.198786899503702,-0.288578348026575,-0.0247535899221734,0.108432475638,0.24337744654189,0.491435678484318,5280.64137360004,0.999756832438583
"L[16,8]",-0.0100199172419649,0.00273354059857986,0.203703270824166,-0.398550306541083,-0.154097115148881,-0.0104769696490333,0.128988606591107,0.391158294282651,5553.22088132264,1.00042615586687
"L[16,9]",-0.0530583824770877,0.00254110138551404,0.191679585223695,-0.424398606497792,-0.187754716558481,-0.0535334425336734,0.0765381015263146,0.323616018764531,5689.94064307909,0.999775419576927
"L[16,10]",0.0732906281629272,0.00273060720127163,0.195813626606666,-0.319072054994223,-0.0568156380675669,0.0781472889313083,0.207397620302849,0.446278288899182,5142.41781235397,0.999869933985649
"L[16,11]",-0.0667180387269368,0.00279651575908041,0.197068722731792,-0.445176276891706,-0.204622696322233,-0.0710537171640087,0.0652073206088837,0.325084591743383,4965.93306547243,1.00053286767267
"L[16,12]",0.0686769969832112,0.0029510215733767,0.207708004021526,-0.346101111545795,-0.0746287028240991,0.0736813130081601,0.217131813490961,0.461098009114322,4954.0649483968,1.00022981420924
"L[16,13]",0.0180341400093613,0.0027954347161871,0.20514529997109,-0.380073381916064,-0.120855620440347,0.0179876347243692,0.160059823010879,0.412506080511984,5385.480208228,1.00007969679009
"L[16,14]",-0.0215596534377107,0.00297738273564139,0.20102340641865,-0.412741389024179,-0.161173858379893,-0.023205388130652,0.117604396344811,0.372558258610439,4558.52062848866,0.999904433428903
"L[16,15]",0.0130274108570659,0.0028264063639489,0.199596504274757,-0.373628037547602,-0.126449811773183,0.0149024453552902,0.150816994864992,0.393144063788556,4986.96886753002,1.00014363370839
"L[16,16]",0.542063796402966,0.00211732399174411,0.120810291585888,0.297449073425171,0.459535237541767,0.544560669255378,0.628017180458579,0.766907530211861,3255.6164023104,0.999626023375343
"L[16,17]",0,NA,0,0,0,0,0,0,NA,NA
"L[16,18]",0,NA,0,0,0,0,0,0,NA,NA
"L[16,19]",0,NA,0,0,0,0,0,0,NA,NA
"L[17,1]",0.146340646668211,0.00275968391711312,0.193042822146729,-0.243196446706447,0.0175546855193331,0.151504994856318,0.282233698987178,0.504818710880347,4893.15114389056,1.00031573693353
"L[17,2]",0.0911911735143376,0.00315508927848893,0.206080825265858,-0.306031801229684,-0.0532594006697818,0.0896607348732568,0.238770511098801,0.482120272386356,4266.30464532664,1.00072947699737
"L[17,3]",0.02425357703694,0.00278925455953023,0.194908913780987,-0.354709046091044,-0.110028314435015,0.0269952745665215,0.162086069943571,0.393565465451215,4883.00421323672,1.00022731355436
"L[17,4]",0.0672707010809145,0.00264943046933539,0.202921772659605,-0.329284341940928,-0.0759379624583831,0.0701671402915689,0.207946583510307,0.456847239477293,5866.13754733935,0.999672060861338
"L[17,5]",0.182518251981742,0.00350232063593247,0.205134545061558,-0.247789686715835,0.048121947440031,0.192393532247339,0.327030980596016,0.550366395230572,3430.56615813404,0.99992890562914
"L[17,6]",0.0813756557776365,0.00270468106960162,0.199007537010378,-0.307651973249651,-0.0555244750086217,0.0822418496688774,0.217388726041335,0.466224256141974,5413.85882665726,1.00008857232515
"L[17,7]",0.105621224347244,0.00285427177181575,0.20509858455897,-0.302189729731594,-0.0362144095440551,0.107114576322556,0.25476903917883,0.492480463067299,5163.38705350335,0.999700539914605
"L[17,8]",0.00536804001007138,0.0029523406345092,0.206062587802792,-0.393547365607943,-0.132725518560722,0.00417038976103171,0.145116057695943,0.407317519571499,4871.52988500934,1.00020208279298
"L[17,9]",-0.0297428936043458,0.00261086231773469,0.193386491253969,-0.401825422838519,-0.164938762352529,-0.0312793721725245,0.102329726485626,0.351401525775798,5486.360325596,0.999602019794737
"L[17,10]",0.0648218222056581,0.00272647610872424,0.197097194065894,-0.329541328095855,-0.0723269749863827,0.0661357473472763,0.205499593818965,0.435183555481619,5225.85662346657,1.000194641369
"L[17,11]",-0.0641345891697309,0.00263759002120165,0.197839546710657,-0.439626185021985,-0.206747874547761,-0.0674809481924797,0.0727529600407555,0.331224592267903,5626.15424467703,1.00031599752231
"L[17,12]",0.10458647479507,0.00292196398940734,0.205295056913981,-0.300137488565033,-0.0340952207461209,0.108099407308086,0.248615386576004,0.493446350556288,4936.3650234304,0.999933312713185
"L[17,13]",0.052865321264293,0.00273559475799917,0.206437737393844,-0.348860628144581,-0.0931942580671869,0.0534029948765776,0.194948354788818,0.452124711985222,5694.74989408696,1.00010164554668
"L[17,14]",0.0129734591096884,0.00248289482040759,0.195594673182814,-0.360025508767461,-0.126303845337153,0.0103991580059471,0.149773916530612,0.402059312830378,6205.79465634474,1.00000739269696
"L[17,15]",3.81488748113045e-05,0.00263109391171728,0.201103410919419,-0.386997596707021,-0.137644336091751,0.000261085355641735,0.139657081517213,0.391089121590629,5842.06216790799,1.00018598263574
"L[17,16]",0.0832904493640749,0.00258216935023284,0.198459266711145,-0.32354646725181,-0.0498969790233476,0.0871455554268555,0.221400488746033,0.454747176154935,5907.08637132012,0.999646741167114
"L[17,17]",0.475772195795862,0.00208178090657079,0.119999187715609,0.239442533311853,0.395058240462195,0.478503276957466,0.559156456782538,0.703613065622153,3322.66510555949,0.999971973332719
"L[17,18]",0,NA,0,0,0,0,0,0,NA,NA
"L[17,19]",0,NA,0,0,0,0,0,0,NA,NA
"L[18,1]",0.177039760223673,0.00234290235670359,0.184359347099567,-0.197959117769973,0.0545903182273032,0.18314285949656,0.30373075578106,0.521447414405088,6191.87163605138,0.999819300366496
"L[18,2]",0.0499598093597684,0.00263954272067926,0.204011623998609,-0.348349572475658,-0.0870104053332003,0.0502118733058284,0.1897703829522,0.448411124557023,5973.8241629973,1.00000239402626
"L[18,3]",0.114463612258534,0.00234635135872243,0.18910131869553,-0.258768819260268,-0.0151251870259698,0.117231517856605,0.247966606991282,0.471865345934326,6495.35692732959,1.00003284153925
"L[18,4]",0.108803661014868,0.00283609256694282,0.202652334959482,-0.293641854134243,-0.0287746500235059,0.111203108369172,0.250850984030292,0.48688905947923,5105.78379747653,1.00011522656507
"L[18,5]",0.151409135372094,0.00263634964395398,0.199616006969454,-0.253670328311093,0.0165065566669491,0.158416968894143,0.295326040336226,0.525492345863892,5733.03657364303,0.999615301650103
"L[18,6]",0.110566585060879,0.00289731121152381,0.204245337444217,-0.295394886735476,-0.0293081600957414,0.110950360456375,0.251614388824672,0.501791211258582,4969.51502897538,0.999806000518393
"L[18,7]",0.134201636578255,0.00271979529447066,0.201883051418,-0.261078586434919,-0.00766584749924494,0.13877677850684,0.276081704810732,0.514557890469898,5509.69152801523,0.9998703999483
"L[18,8]",-0.0129659941648553,0.00265130852992105,0.203133488749181,-0.395250103610777,-0.154458609288763,-0.0127554295760413,0.126270030797778,0.389020567819382,5870.0596813278,0.999877547728758
"L[18,9]",0.0689962159713434,0.00242405016510965,0.190637995198878,-0.304724753778601,-0.0628703254788182,0.068978309894279,0.200538292537674,0.439139951771862,6184.9432342035,0.999828797205862
"L[18,10]",0.0233693255794948,0.0023551770612758,0.195887637154091,-0.364352534059381,-0.112200702515612,0.0254975248539255,0.162283601649128,0.399221433240868,6917.78292169849,0.999910094549863
"L[18,11]",-0.0227076206048718,0.00243089222621617,0.19967824969744,-0.409269726510224,-0.160369063178571,-0.0254879805060046,0.119984380239232,0.364201901575594,6747.30143634396,0.999779488026958
"L[18,12]",0.0459925039716516,0.00258574942073333,0.20515213081951,-0.349602038890182,-0.0971544026299779,0.0488607229247734,0.189507777416354,0.444520599521972,6294.76022780878,0.999593808961172
"L[18,13]",0.0138551652774541,0.00274106320368947,0.20663129714493,-0.389269039898694,-0.127236291909822,0.0148769352971451,0.154763979477722,0.416108627720342,5682.69182551218,1.00034585386988
"L[18,14]",-0.0392256618246323,0.00253969895830466,0.19566600697098,-0.40766963725735,-0.178203875376936,-0.040674804622029,0.0956316092316311,0.344317310616599,5935.62264324424,1.00001231173784
"L[18,15]",0.00701481247244606,0.00261648542064667,0.200001365405697,-0.378194049526477,-0.133489947724147,0.00398578274149336,0.140139739389647,0.391517154687326,5842.91115837102,1.00013231816363
"L[18,16]",0.0520280243772271,0.00262003837381781,0.200455445785261,-0.345853202797055,-0.0835294926135908,0.0571480764380348,0.190233948827362,0.431948284989515,5853.56458081921,0.99981921542693
"L[18,17]",0.0145889142908824,0.00260934037785922,0.197966621887139,-0.370850770108971,-0.123896349590721,0.012757637598483,0.15181362016455,0.396576933809312,5756.02239720378,1.00101564831726
"L[18,18]",0.431194928209275,0.00215701648600989,0.12803719251444,0.187204371105909,0.340294028718755,0.428923232868869,0.520731760272495,0.6803085384538,3523.42763822716,1.00098597654149
"L[18,19]",0,NA,0,0,0,0,0,0,NA,NA
"L[19,1]",0.0858924271514926,0.00239302067814373,0.182217961295333,-0.276081100058113,-0.0360922161978581,0.0885571522623626,0.212522357105855,0.432673729846001,5798.15023215182,1.0005725620501
"L[19,2]",0.0928726706328074,0.00304140659084617,0.197764418421573,-0.302438203118832,-0.0400124572801706,0.0982379287754915,0.233879476485288,0.458591396238617,4228.12041601197,1.00037946976346
"L[19,3]",0.175259748609543,0.00227576634276459,0.180738752163056,-0.186388785628518,0.0526326461074482,0.179299638271464,0.302874393833561,0.520409897144403,6307.35417866109,0.999974339314558
"L[19,4]",0.0777244924283406,0.00276877742214994,0.191836128447727,-0.298660259556895,-0.0539324414395683,0.0809582935724675,0.209280768928914,0.448457087705514,4800.48052853532,0.999758295140816
"L[19,5]",0.137681983201243,0.00273991681367239,0.198609311888075,-0.257302698050622,8.27849988577367e-05,0.145545292189924,0.27866703467843,0.504947824866077,5254.41606053195,0.999550028009021
"L[19,6]",0.054671587718031,0.00272770369755378,0.199680917900471,-0.341014028232263,-0.0804695420332506,0.0567933068799105,0.188063831069144,0.443660631280641,5358.93814103909,1.00007768762395
"L[19,7]",-0.0126822320594141,0.00289835809080477,0.2047800413916,-0.409440808922874,-0.156834397052686,-0.0137216331986395,0.12892851568087,0.386144687640847,4991.96084469502,1.00017916047355
"L[19,8]",-0.012989060144927,0.0027345792202812,0.200513347283298,-0.401470382691518,-0.150462303199577,-0.0113304641719461,0.124204947637569,0.379393182306301,5376.57310539044,1.00008651174184
"L[19,9]",-0.0836720981239587,0.00260820234772798,0.190434564212666,-0.451486667774422,-0.216593488853838,-0.0826241091425637,0.0474939764598506,0.286678916808791,5331.00377250655,0.999961877463348
"L[19,10]",0.153182328069234,0.00279602935380563,0.196043015281572,-0.245826646136781,0.0207243250910962,0.15951361002223,0.289317703088637,0.513896006830792,4916.08399268611,0.99966240660595
"L[19,11]",-0.0228041879635244,0.00269956077958896,0.199322048572889,-0.40834238915615,-0.159769774193603,-0.0256180472365621,0.110859218503468,0.376084764071372,5451.60604410092,0.999841300112008
"L[19,12]",0.0332564412261711,0.00288879786386084,0.204221137199815,-0.367993092722347,-0.102688757110464,0.0321385730936062,0.173095456434017,0.431061994721029,4997.66419958755,0.999659502550936
"L[19,13]",-2.16227363001446e-06,0.00279754988804231,0.207816706644802,-0.396404254656206,-0.145947912223899,0.00143732761577352,0.144366651254094,0.400686870821791,5518.29910172441,0.999615396535906
"L[19,14]",0.0201447325267178,0.00322038039401318,0.206947984232077,-0.391754199510371,-0.12075517798464,0.0217495043394543,0.162629759899412,0.422231638352244,4129.60062718255,1.00031398849355
"L[19,15]",0.0821103686694596,0.00273140883538585,0.197380345254503,-0.309652231329837,-0.0544472455476329,0.085898514227172,0.22068987629386,0.452682619265589,5221.97019600545,0.999805001672325
"L[19,16]",0.0159297352362528,0.0028025459008496,0.199994768006467,-0.374062826933443,-0.125700903928436,0.0163980892856921,0.151493226109591,0.403794118607053,5092.50894061255,1.00060895341498
"L[19,17]",0.0220873530222769,0.00287459828975015,0.201740733218687,-0.373389224712171,-0.117799156415894,0.0245227332494142,0.162567798715517,0.410322142830635,4925.30199162198,1.00044246907801
"L[19,18]",0.0382046557826858,0.00308591579363423,0.205598058524933,-0.3794879984895,-0.103580839089623,0.0433770605382726,0.180771230039029,0.433950291803868,4438.84393773166,1.00004135825522
"L[19,19]",0.399133004665158,0.00211751826403761,0.130467096467026,0.163947902044609,0.304568206176244,0.39329347945996,0.490357139911558,0.661808721812084,3796.18758749799,1.00036103727834
"slope[1]",0.025961013287099,0.000255331165550244,0.0122926501857227,0.002422411972915,0.0175034359148223,0.0259790749118786,0.0345533397301919,0.0496942707017493,2317.83966442491,1.00176007541901
"slope[2]",-0.00281699266584762,0.000434984573351633,0.0230181804790966,-0.0537567494010066,-0.0165266902303602,-0.000179373865327938,0.0132191458903562,0.0362036829532285,2800.23366021022,1.00080106864461
"slope[3]",0.05154444096326,0.000563353174002149,0.0289633823099443,0.0049803951387837,0.0292486975233495,0.0486564628591864,0.0705210728802113,0.114555360293245,2643.24282936478,1.00070494376763
"slope[4]",0.110709082786749,0.00196935239069427,0.0700953480095019,0.00559588144501075,0.0457825236500519,0.111317236309135,0.167984836073433,0.237784291558073,1266.86845791263,1.00031219783275
"slope[5]",0.00359046937154715,0.000307292701588616,0.021950801589037,-0.0447639057405717,-0.00913846454091618,0.0054001535720737,0.0179703352039652,0.043390791092764,5102.65583906961,1.00044338172623
"slope[6]",0.0109099323594575,0.000152930627124004,0.0122407910320746,-0.0139933363611846,0.00305562350179314,0.0109974244537861,0.0190022677030874,0.0349426435484162,6406.63569404487,0.999832683149315
"slope[7]",0.0155798042819443,0.000174532873967007,0.0131983100405754,-0.0110471155038991,0.00706795833391465,0.015526377153483,0.0241136631890817,0.0423826053640171,5718.50061351902,0.999896344199423
"slope[8]",0.0277093240849843,0.00037845600152061,0.0222438625913014,-0.0100022086017259,0.0128330310812241,0.0249497991428021,0.0407511687189957,0.0769077948718002,3454.53513380458,1.00020579388671
"slope[9]",0.00279269255499622,0.000326829201960473,0.0196682622520888,-0.0396817024418558,-0.00933633841453226,0.00428663183887677,0.0157382958102415,0.0389384598965792,3621.51487929146,1.00003899545814
"slope[10]",0.00575134443912719,0.000202813158520101,0.0126928512774155,-0.0208685487913062,-0.00212067608091086,0.00644588811283895,0.0143489427225459,0.0292669746283839,3916.75246717209,1.00032413380864
"slope[11]",0.00525643739935731,0.000216888707051526,0.0174682041911795,-0.031184164816011,-0.00531151724814699,0.00624513879259951,0.0168318163980383,0.0381083796487895,6486.68248372959,0.999865574362277
"slope[12]",0.00456144633827846,0.000182054749745075,0.013391740741816,-0.0231066693941658,-0.00376593724328448,0.00515169038330091,0.0135084972679189,0.029750506303816,5410.90660611567,0.999812974982172
"slope[13]",-0.0155406048260214,0.00027374793866977,0.0159319178890204,-0.0467460745144357,-0.0264068867827369,-0.0159023967106376,-0.00419263056420683,0.0153575044826389,3387.14979616748,0.999868612263938
"slope[14]",0.0140394712251575,0.000346464860920749,0.0274185714413916,-0.0420907616146484,-0.000430352554083022,0.0139743945757453,0.0284947862864646,0.0723971682864401,6262.83916003508,1.00028788307477
"slope[15]",0.00468965152685556,0.000258594878954209,0.0182432292890654,-0.0351411210749115,-0.00614202357751378,0.00603957945681449,0.0165132115812236,0.0380899625651026,4976.95361163792,1.00052950075765
"slope[16]",0.0192761968279152,0.000142222717347995,0.0110767291305025,-0.00217640164094236,0.0120564018475482,0.0191951744197177,0.0265120852540454,0.0413862087488043,6065.75866101698,0.99986215988236
"slope[17]",0.0428106162683964,0.000393793261466894,0.0215996142399544,0.00546958564158687,0.0269840891613434,0.0416815206412555,0.0571450532788351,0.0871833674532902,3008.53750073228,1.0011057690068
"slope[18]",0.0159642252984812,0.00018711259818627,0.0149376062538828,-0.0135619591160228,0.00651503874375677,0.0156449707926895,0.0250356474629072,0.0471992317361905,6373.17665227376,1.00013468775028
"slope[19]",0.0111973144513525,0.000146920874928587,0.0120493724054243,-0.012981584054066,0.00336639822170871,0.011440938163848,0.0190999760988764,0.0348621903834356,6726.0771181373,0.999996417446869
"eps[1,1]",1.984628970819,0.0124169026110133,0.750557479115738,0.445070778969804,1.48963210370449,1.99381094879392,2.50250441270552,3.41297982286022,3653.77133419451,1.00092542683392
"eps[1,2]",0.461298921300041,0.0136765666608211,0.939439359745771,-1.38966662135695,-0.17988452672039,0.458884671010722,1.10462436880089,2.29612770808596,4718.27587836264,1.00055147743324
"eps[1,3]",-0.0265762293874324,0.0130710410874199,0.936092960258515,-1.8757832328731,-0.648146894776765,-0.027410331471008,0.588001010958071,1.85215192035812,5128.82166946785,1.0000178863297
"eps[1,4]",0.0236382394730928,0.013924425803511,1.00626197244378,-1.93894813863088,-0.66156862988496,0.0187971463894116,0.718414405000746,1.98174444651224,5222.36870800682,0.999946721697862
"eps[1,5]",0.679194799625278,0.013076564959152,0.940305988399844,-1.19622284995835,0.0627972760786033,0.695312527741016,1.29688370938358,2.50939283100422,5170.72037987271,1.00047488704709
"eps[1,6]",0.897745667570694,0.0126027331083376,0.834785289425603,-0.745407708323143,0.331862352621814,0.922174057640478,1.45485632705289,2.51696492847023,4387.52997278506,0.999896557023466
"eps[1,7]",0.711596400480974,0.0118491556829416,0.864464705458722,-1.01702761675359,0.149014318414287,0.723055150946439,1.28439542369861,2.39951151171937,5322.54965608046,0.999917462166918
"eps[1,8]",-0.0786713810090091,0.0126014509621664,0.972755127961566,-1.96452856243106,-0.741678420446604,-0.0881821033075918,0.580859615745571,1.860974159822,5958.89798321378,0.999955277439389
"eps[1,9]",0.595240986002492,0.0106052377077495,0.85055925563586,-1.0888738319928,0.0276608883525632,0.603973701885361,1.17436788780738,2.27142595711167,6432.33026668713,1.00010200167307
"eps[1,10]",0.732590730322458,0.0105074711903599,0.847479482662749,-0.945678921811434,0.16679876043254,0.762326781548722,1.3144987568759,2.3392393149563,6505.21971872676,0.999922097108621
"eps[1,11]",-0.339256762383474,0.0107436380926255,0.886321399236645,-2.03537786776376,-0.958092101806022,-0.344060763894232,0.251716559914841,1.4236501742958,6805.80856806817,0.999622047779031
"eps[1,12]",0.22184689375391,0.0108681257732598,0.899923584019872,-1.55551340810427,-0.389390850024332,0.229569815342009,0.839927509394052,1.94581628592089,6856.49171120233,1.00003405320524
"eps[1,13]",0.323769140370547,0.0113410370838084,0.927475510328916,-1.49467535415912,-0.304358643507307,0.311545415994949,0.962227077933935,2.11931188146493,6688.04768662772,1.00068331020504
"eps[1,14]",0.235742488732758,0.0111536918626012,0.924702083589121,-1.54196885447749,-0.38817707641109,0.227315444808739,0.851625956697327,2.06564922448675,6873.31721585311,1.00017448005436
"eps[1,15]",-0.00756393216195638,0.0105912396007527,0.911202236857537,-1.79094820365075,-0.635967966478079,0.000227417574579909,0.603039024411819,1.78974859535175,7401.77651991687,0.999680399804566
"eps[1,16]",0.295959079139807,0.00989649569035905,0.933072157008233,-1.5623373339615,-0.3207711764541,0.314725824353721,0.914245405580604,2.12556423833236,8889.3003578048,0.999659396871925
"eps[1,17]",0.0390358783666542,0.0104616289076889,0.954518207341593,-1.85402580810939,-0.59515926532968,0.0441565906430385,0.690709953802999,1.91744813058623,8324.72339815688,1.00024961093608
"eps[1,18]",0.598891856271332,0.00946733758259994,0.941161009681004,-1.24544073685662,-0.0296017232998738,0.592924839096077,1.2296529619785,2.40839075151361,9882.62070247372,0.999829497787357
"eps[1,19]",0.100199787474047,0.00928459982294388,0.938386070132609,-1.72028920224697,-0.521794359138841,0.0935693121001386,0.729546805468315,1.97073762448168,10214.9612802923,0.999626987404839
"eps[2,1]",1.29062203259886,0.00823116796120044,0.718716244505727,-0.148186813523607,0.817557261219801,1.30735962882103,1.77308381286166,2.68477488862482,7624.15986879199,0.999742635402446
"eps[2,2]",0.288395163661346,0.0113264319848478,0.902350506132496,-1.49281956688973,-0.314840662631307,0.290029679707777,0.900248878896035,2.05310538784185,6346.93849412259,0.99979187388784
"eps[2,3]",-0.307672308260777,0.0111217039668405,0.874430781094818,-2.0330536942721,-0.897505434671025,-0.323201607324877,0.301827175843206,1.42135412459867,6181.70408609653,0.999790833149227
"eps[2,4]",-0.0947776568409857,0.0110643768763236,0.927788806044278,-1.94307107728497,-0.709877110949768,-0.0892282968298798,0.542639232936756,1.71246281816259,7031.44098426865,0.999887762757635
"eps[2,5]",0.435912736205308,0.0103772781373962,0.87051542958475,-1.30753143894791,-0.147511796996437,0.430195424691928,1.03331438827734,2.14837321695611,7036.97539186829,0.99983551328643
"eps[2,6]",0.72708254865836,0.00881131108566971,0.788578557956752,-0.813321072458882,0.195798574617396,0.728904058724159,1.25938538109293,2.23605129001319,8009.56369530378,0.999798140068875
"eps[2,7]",-0.0432254917572053,0.0109162394385864,0.809936463910494,-1.63382967825556,-0.602553595923527,-0.0299456092524421,0.498710124303502,1.51195281154472,5504.98065705155,0.999809832611322
"eps[2,8]",-0.0191494657420238,0.0101486285548645,0.898563519701193,-1.79295594945081,-0.625317152556835,-0.0261554549968089,0.572954039575915,1.76102232620218,7839.40047793713,0.999585420215924
"eps[2,9]",0.445444757215362,0.00861294820849429,0.793417512698261,-1.08788907028293,-0.0767358835116125,0.437128077919996,0.980374706917427,2.02670977626261,8485.93875370099,1.00006679350931
"eps[2,10]",-0.128553315159659,0.0104096630985561,0.834326105309392,-1.74138996187013,-0.703598228781223,-0.139931714543543,0.424762444379108,1.52301969973679,6423.89327033961,1.00007864262344
"eps[2,11]",-0.130346675046719,0.0101416169170093,0.859535944805291,-1.83774740362736,-0.703689096407317,-0.144255329130291,0.456354575178586,1.57842925620051,7183.12927776147,0.999947110084369
"eps[2,12]",0.39386354661938,0.00882850312118654,0.866403471346864,-1.33699323414666,-0.164918600568983,0.401097356243358,0.975768318243819,2.07982704505639,9630.88545410126,0.999642259904912
"eps[2,13]",0.489465351389104,0.00896390460227901,0.863314435856745,-1.2203314965682,-0.0972805462240697,0.490163804506197,1.09259272624395,2.16160706354789,9275.63293856254,1.00071735494507
"eps[2,14]",0.0879120549800921,0.00834423750342223,0.890659618296111,-1.65710925405152,-0.525414664179429,0.0907972527452446,0.70011714919352,1.83273259255583,11393.3177722501,0.999837614888842
"eps[2,15]",-0.0829146490971657,0.00920621414560443,0.881412088538209,-1.81976241576475,-0.662937403885829,-0.0845477078893205,0.511136507635164,1.61796175138235,9166.33783354433,1.00012178462393
"eps[2,16]",0.253913682747613,0.00900872489242512,0.891371759009222,-1.47832040003789,-0.356277560422776,0.263896539194255,0.871107000227378,1.9797343270679,9790.18934831295,0.9997913458811
"eps[2,17]",0.0177177895427634,0.0084757214747378,0.933695932349369,-1.78906888732485,-0.61241879487279,0.0185139925497638,0.659261652472393,1.88871945503226,12135.4973633773,0.999880757057799
"eps[2,18]",0.0603453869890689,0.00842863045077087,0.932781484692968,-1.73006611473121,-0.568386685506172,0.0558343215435334,0.681184676854434,1.86650497780394,12247.4537538163,0.99982021529536
"eps[2,19]",0.116060562823317,0.00929485123991308,0.941206493013782,-1.7326887928892,-0.515720179480413,0.115874430370387,0.738855834208707,1.97120823564234,10253.8023576886,0.999781108991116
"eps[3,1]",-0.373040517077985,0.0147622235305652,0.770492269806947,-1.76682130569998,-0.921359261853419,-0.397910961058883,0.133424615324855,1.18051754351865,2724.16254510939,1.00034244556523
"eps[3,2]",0.148257449000154,0.0118930798636302,0.975431094744165,-1.74735385224316,-0.493989753851779,0.141712126597092,0.80046166816174,2.05828568610582,6726.73813401498,1.00022066508705
"eps[3,3]",1.31226719304724,0.011280555731091,0.833406915601117,-0.398838393069776,0.773373170616772,1.33086018637017,1.87828351132475,2.91387978261352,5458.24730300053,0.999554382269427
"eps[3,4]",-0.28454865709448,0.0120737510040277,0.971294983361322,-2.19221471992034,-0.948408327449035,-0.283001698339153,0.360611456485405,1.63072164692999,6471.69230883791,0.999856623424543
"eps[3,5]",-0.146092894229878,0.0112672660182326,0.919176518638883,-1.9095411932972,-0.759881780606624,-0.153202947313991,0.476954227081361,1.68988028913131,6655.19440964614,0.999843461756331
"eps[3,6]",0.0344913461325475,0.00942211948057364,0.816081393788464,-1.55039864306423,-0.517964716515216,0.0464207439327324,0.597587722493847,1.6217899495938,7501.87352846042,1.00004545721353
"eps[3,7]",0.186685205265178,0.0114688767870739,0.836280660329081,-1.47066263658188,-0.371194294636022,0.181487700953542,0.775138804925855,1.7717938387855,5316.94702052061,1.00014747163113
"eps[3,8]",-0.0447243347447614,0.011227532947949,0.941702504420062,-1.9016865070218,-0.684157826587554,-0.0493461649295776,0.610698840368931,1.80293446102458,7034.91370435162,1.0001875258139
"eps[3,9]",0.242823203325429,0.00995774179640095,0.835577208439725,-1.43069130076567,-0.309414293257086,0.244855948037923,0.793024055905986,1.90440198227304,7041.27731872959,0.999823614867061
"eps[3,10]",-0.279125446461185,0.0105729551883615,0.861514314253033,-1.96840391052002,-0.852581315060244,-0.27800774106322,0.295864750942133,1.42584738679318,6639.45164711244,0.999710925297758
"eps[3,11]",1.03341974639496,0.0118124012761394,0.904341199212159,-0.714468049238516,0.416808011683837,1.05559926997784,1.65532039830164,2.78442793607357,5861.22305622191,0.999771010849635
"eps[3,12]",-0.0342826778037578,0.0101426666179297,0.9517494725256,-1.88863256777526,-0.678971208147893,-0.0404387918569304,0.603701608393386,1.87254787601619,8805.23574682078,0.999712112779756
"eps[3,13]",-0.197358123535831,0.0101684291120091,0.929961256596631,-2.00439104243792,-0.834667074287387,-0.212036719790792,0.434424408766801,1.64874145748173,8364.15323375105,1.00003746755834
"eps[3,14]",-0.200894308523113,0.00989202006321417,0.883412493905028,-1.95430042117983,-0.778211514868937,-0.206947802139861,0.375966189650317,1.54491892198795,7975.48489998137,0.99960415319406
"eps[3,15]",-0.248384240190704,0.00935669569979067,0.929134997962284,-2.04436444479723,-0.875097547387327,-0.269283002391744,0.387994333583737,1.58639412039786,9860.81082459076,0.999864282602516
"eps[3,16]",-0.46842467519388,0.0108930654292401,0.918760590913934,-2.25163413692001,-1.10739989378026,-0.471112328236447,0.15002374647059,1.35856491688406,7113.84654000536,1.00003015520133
"eps[3,17]",-0.123698680435499,0.0093720921671349,0.923971144947027,-1.94158593608187,-0.747803217609832,-0.1216531240651,0.487331919079561,1.72880367170124,9719.4953333863,0.999598038376675
"eps[3,18]",0.128721343094847,0.00990432084441094,0.950035674625062,-1.72211835787752,-0.512832564985261,0.135267927846247,0.769244313174103,1.99216542883624,9200.90244931487,1.00000142176261
"eps[3,19]",-0.419076876149783,0.00963694504188941,0.983883790446319,-2.30409473513747,-1.07605476826601,-0.418094146811225,0.234379047179534,1.52457241416892,10423.3866179009,0.999805684598788
"eps[4,1]",-0.422231000839858,0.00833340876398233,0.705489555324805,-1.77262745980558,-0.906240955013803,-0.429955293649747,0.0429209040610155,0.978445674439902,7166.97363562178,0.999715298934527
"eps[4,2]",0.00604730498357745,0.0118593867237525,0.931295857731109,-1.79027621113536,-0.618276183394184,0.00252272095635157,0.625759234882556,1.84115518612131,6166.67243723645,0.999982343956948
"eps[4,3]",0.543292930636208,0.00848926585896007,0.752776447864626,-0.91795965763016,0.0324202560051988,0.538261302553501,1.0458179330565,2.03353938467226,7863.06338265099,0.999742625960519
"eps[4,4]",-0.201431568426371,0.0115931157757916,0.961836749725052,-2.11854529052168,-0.847703522301007,-0.196489310935584,0.459675099073353,1.65731879331026,6883.39016563952,1.00015370640527
"eps[4,5]",-0.145333426325124,0.012343734812493,0.907925667635015,-1.89106471709285,-0.764832427911331,-0.16187739814971,0.469140383776172,1.63942114642386,5410.12652808817,1.00019093619009
"eps[4,6]",-0.055052550687963,0.00961226749535611,0.814408163157972,-1.67973380824293,-0.600082035552062,-0.0356521425092,0.487854559898123,1.5395422069354,7178.48074996256,0.999883905250233
"eps[4,7]",-0.878840377477844,0.0118687075909796,0.840383274961009,-2.51761723696299,-1.45499948273082,-0.889052610638281,-0.317059401045243,0.810479075069604,5013.57990180278,1.00004965135257
"eps[4,8]",-0.135587466564938,0.0100946467630797,0.922448226036538,-1.91254865133435,-0.760965976738504,-0.126289251386934,0.476392131637209,1.69908919237352,8350.29362459501,0.999851957508907
"eps[4,9]",0.0566736523122946,0.00884591059001904,0.824878452895819,-1.55529951324705,-0.510605133521565,0.0503716557088223,0.621292436101643,1.65687485920457,8695.50537259187,0.99966426162292
"eps[4,10]",-0.449087699840753,0.00933368089463049,0.823797963400819,-2.05971729102417,-1.01367469369094,-0.448130040392544,0.0922567082636125,1.18828388771123,7789.96542558527,0.999938419874381
"eps[4,11]",0.13170179720843,0.00897017928949661,0.850603154814189,-1.53011993784438,-0.431709267467034,0.126557606723302,0.707114450802236,1.79593388340658,8991.9054428232,0.999846887885281
"eps[4,12]",0.0298180336384424,0.0101935865375429,0.930518750784036,-1.83570765114244,-0.583618893028802,0.0427087966159129,0.651813451598509,1.8424381625239,8332.90114263561,1.00058094918977
"eps[4,13]",-0.215435861189696,0.0103872477987342,0.949316650340957,-2.09413462741505,-0.858726788859374,-0.211339550526109,0.430398325326579,1.63669199830569,8352.5909196931,0.999718340210836
"eps[4,14]",-0.447024044891552,0.00934688051941259,0.89859140306605,-2.19226662000838,-1.07024146490183,-0.446757872535139,0.174512721182981,1.27368288918344,9242.53569107604,1.00009698097252
"eps[4,15]",-0.429498755654366,0.00828131477601163,0.884636806141989,-2.15952861789846,-1.01439057477398,-0.418381613278424,0.170558236643924,1.27092851766072,11411.2028061546,1.0000227784613
"eps[4,16]",0.113607617002311,0.00911638640943754,0.898262823099423,-1.63742755320447,-0.483943839838824,0.115777373753966,0.713576379379624,1.88094722335559,9708.70714837194,1.00000698444534
"eps[4,17]",-0.203590543347824,0.00933951376102948,0.914696670208721,-2.0040059459518,-0.811757730625861,-0.187234306891018,0.401454543935124,1.60194516709197,9591.92255361608,0.99968906976972
"eps[4,18]",-0.0670646663769696,0.00947698171445636,0.93589969009585,-1.9163194377276,-0.695741802403114,-0.0695184604651833,0.582290629382585,1.72643779933339,9752.55754620828,0.999789301744937
"eps[4,19]",0.231536658605408,0.00839261535815455,0.939929089218185,-1.59523593404411,-0.421802492217153,0.235314175320605,0.877317329760484,2.04319497847129,12542.8301749598,0.999624595076671
"eps[5,1]",0.379370036875878,0.00807302568741117,0.698771802271921,-1.02264552097579,-0.0690760136791489,0.389348690921845,0.845926584696597,1.74017374245124,7492.00527019504,0.999615596634768
"eps[5,2]",0.23543952427462,0.0122435070851237,0.929183061692643,-1.59726189851657,-0.385704422217651,0.222438816169946,0.863048150865452,2.08441233605054,5759.58106008035,1.00021900018905
"eps[5,3]",0.625538597658543,0.00807869284873157,0.74507513532809,-0.855610251490825,0.152120991893867,0.633745099317424,1.11135347988217,2.05178192416641,8505.85446151139,0.99975348646286
"eps[5,4]",-0.000275283901534843,0.0125840872803346,0.984584009595829,-1.89976392576899,-0.680836319344039,0.00310582917076521,0.665136590656716,1.88917512039523,6121.56003234199,0.999580296473417
"eps[5,5]",0.413306494304745,0.00972681039760106,0.815132434415224,-1.1904981292595,-0.13611220094429,0.412897668629144,0.970108775031988,1.97964701524888,7022.88323460438,0.999753787222946
"eps[5,6]",-0.761428513360857,0.0122113338165572,0.839507924991155,-2.36716545849603,-1.34290909263216,-0.765713190065933,-0.20724958150844,0.902318023578191,4726.32294702925,1.00012135683692
"eps[5,7]",0.602062431709853,0.0115707684978723,0.833614175474338,-1.04131846796092,0.0439530792427866,0.622808123558429,1.16202198862641,2.21358353130077,5190.45909973841,0.999614700268546
"eps[5,8]",-0.152107548231141,0.0111582591056192,0.928575839232214,-1.97349254179008,-0.776994884875167,-0.159995074490061,0.467939392172141,1.70268502394698,6925.3523608182,1.00044128452597
"eps[5,9]",0.308126438683693,0.00967552080764787,0.826952665309174,-1.3066365299468,-0.260908960640698,0.311441196665285,0.861008812726868,1.89412786645075,7304.87182687804,0.999575283611766
"eps[5,10]",0.0927544663275283,0.0109365915916546,0.846782835577953,-1.57391539009956,-0.477981390931991,0.102716340587964,0.675208615698561,1.71240604543431,5994.87460773208,1.00076612086348
"eps[5,11]",-0.233846130426432,0.0103361914007303,0.88713362918446,-1.96021556972584,-0.836434978128013,-0.236735559622125,0.376578460773055,1.50426715372192,7366.42887115248,0.999854189356725
"eps[5,12]",0.234818666830055,0.0105974582285898,0.959199764683144,-1.65822829811871,-0.409094766420955,0.242277214796316,0.89759158992667,2.05917134700835,8192.46699236015,0.999619198377746
"eps[5,13]",-0.141386398167865,0.0100822349333882,0.959661038660561,-2.01321153057088,-0.795559592831292,-0.148575156003671,0.499211744314495,1.73986323438953,9059.8728024152,0.999777504820862
"eps[5,14]",-0.531911202240796,0.0103661280851426,0.921435704200933,-2.32787988105441,-1.15841642388324,-0.537261760779951,0.0815744073125049,1.26812967120207,7901.27052492619,0.999705703361158
"eps[5,15]",-0.13781660444022,0.00988517176305564,0.932479983173149,-1.98919533090224,-0.751606378904922,-0.128133296063324,0.497219763829367,1.69879639228485,8898.37278481769,0.99993442755282
"eps[5,16]",0.281677830458477,0.0100344657503406,0.925587479837047,-1.56968668790643,-0.341595102228133,0.298359230073855,0.915798041420124,2.05397307967085,8508.37127833716,1.00039872565723
"eps[5,17]",0.388775272417761,0.00963118347938312,0.940417328745885,-1.45824336386325,-0.243345224751794,0.395532176170262,1.04618729826868,2.18518269058791,9534.14896598788,0.999810365893125
"eps[5,18]",0.492376386133298,0.00993393553219037,0.939003966304707,-1.40091680498385,-0.130046347790555,0.491535760405717,1.14836411916085,2.26381211744329,8934.95107774864,0.99984955505081
"eps[5,19]",0.171024950302463,0.0096332659225198,0.969110837202575,-1.72489274672906,-0.460290285160182,0.16666205366201,0.826058267675047,2.06940191458268,10120.449504827,0.999650779074783
"eps[6,1]",-0.0459272568634625,0.00802853476023188,0.698581047256412,-1.42380651328888,-0.505599413582404,-0.0313750988051493,0.416022083653679,1.31628027695035,7571.13541222347,1.00025243207827
"eps[6,2]",-0.0507220159771272,0.00947101198498451,0.774202190077953,-1.54743383103893,-0.573662666609485,-0.0662535940726255,0.455949458774197,1.51936186498474,6682.14689636272,1.00013226477426
"eps[6,3]",0.290437907846959,0.00749088821638372,0.735412865967879,-1.14502372925999,-0.200235629904002,0.289939589933101,0.789588708474633,1.70709571862874,9638.1973467328,0.999666845502737
"eps[6,4]",-0.131353421811241,0.0104618689241804,0.922860298405358,-1.91278052822052,-0.776649047584467,-0.112014414023555,0.497013746333249,1.67857314052016,7781.32181504746,0.999879438717071
"eps[6,5]",-0.294205213528337,0.00962217792796074,0.788179005907664,-1.83809993718923,-0.814682321064476,-0.301304205430495,0.226446946924342,1.28919205230764,6709.6977755577,0.999749948385739
"eps[6,6]",0.139814230265024,0.00943324642465011,0.7995689576988,-1.44979877575174,-0.394265811171899,0.149440040837612,0.693159778759179,1.65199762794817,7184.38322762566,0.999984994971001
"eps[6,7]",0.0112916123797694,0.00864471830714432,0.796775857144727,-1.54752237646225,-0.513969819329925,0.0169563137978166,0.55239827243877,1.56505870643793,8495.14195040703,0.999771149572444
"eps[6,8]",0.414573195032836,0.00993849592989624,0.837023879834205,-1.20976254054925,-0.156106674300067,0.411987275135011,0.98531825097152,2.0628173000463,7093.0720004135,0.999808986893919
"eps[6,9]",-0.143854323930511,0.00921977403689494,0.819734389972474,-1.73645905051566,-0.693532475322604,-0.152076938922959,0.413359765978504,1.4817167568829,7905.07065454013,1.0001053342307
"eps[6,10]",-0.945027556029979,0.00988915293232976,0.813215749421856,-2.48045691107001,-1.5063421105241,-0.958298866163212,-0.399602333435359,0.686036795324797,6762.28352428868,0.999908287126702
"eps[6,11]",-0.314079132143936,0.0094365752950929,0.838218916440417,-1.97231282975061,-0.884306863026527,-0.307006156261642,0.247265327275399,1.30485365050448,7890.16519387748,0.999789268826131
"eps[6,12]",0.0307389615196756,0.00940045646424597,0.912922791758329,-1.76904500043392,-0.590569635389784,0.0396541722174125,0.648752052381184,1.78702497949888,9431.27079033524,0.999579575999566
"eps[6,13]",-0.190049627395402,0.0089402616266903,0.88876516789083,-1.92010538251624,-0.798182181499566,-0.185143126607355,0.40704848992357,1.58529825105324,9882.65409788845,1.00003295636413
"eps[6,14]",-0.228175277492746,0.00865382266221669,0.873721299518466,-1.92639804199287,-0.827205812486101,-0.236688376786971,0.357712510023071,1.50028599345374,10193.6534199285,0.999835443778775
"eps[6,15]",-0.39760258104173,0.00936542292781725,0.892881114391195,-2.13565777539745,-1.00809443925838,-0.399350440624227,0.228750774270459,1.33580891823009,9089.34286218746,0.99981472045669
"eps[6,16]",-0.108253996970508,0.00823543577180099,0.889178958417205,-1.85639005510656,-0.713046608860224,-0.0969136443884381,0.493378832975825,1.64098426167333,11657.4935814684,0.999632274352523
"eps[6,17]",-0.00205692627329132,0.00828026433926738,0.907900050607945,-1.71754683033194,-0.618302694244103,-0.0077597484301422,0.594375564092452,1.79243182459792,12022.303232327,0.999782936132571
"eps[6,18]",0.0298772345594597,0.00865450285306933,0.919159048868235,-1.73709403330349,-0.57674284668758,0.0181354601752256,0.642100988909948,1.81914570265116,11279.6879009109,0.999716050826211
"eps[6,19]",-0.0532287804859137,0.00884734377834667,0.923093624217955,-1.86546444319273,-0.678527527971405,-0.0501941508279897,0.578827451103753,1.76679830052482,10885.93400102,1.00013826343069
"eps[7,1]",0.0822901137155689,0.00782013548847384,0.682609563453542,-1.2438579643505,-0.376732949785482,0.0799249615095963,0.53111271166104,1.43695028587712,7619.31944351724,0.999824952722969
"eps[7,2]",0.75422215333394,0.00959291002459915,0.776024366097715,-0.767124432907513,0.238549327601177,0.764142998295819,1.28373956007629,2.23389166779804,6544.10069519062,1.00016981361988
"eps[7,3]",-0.0340929196566812,0.00791036093102109,0.74487318935821,-1.52440679490141,-0.523712419272433,-0.0392418992117186,0.450929106313237,1.48368213865949,8866.9056223571,0.999565505930007
"eps[7,4]",-0.252141443178494,0.0119914649277582,0.956852284660941,-2.14136841809125,-0.893215104159298,-0.250830537705945,0.380777519971993,1.63536426931729,6367.15339980364,0.999679924261338
"eps[7,5]",0.491995501108422,0.0117506546341779,0.811146835770354,-1.15636071930774,-0.0457105478336305,0.503224208930238,1.04329727641959,2.07520348325861,4765.13087062907,1.00016274209036
"eps[7,6]",-0.0298719112074479,0.00934179447356659,0.78404276080008,-1.57845707270236,-0.550427799944328,-0.018500685909944,0.494859790459436,1.49503028110939,7043.99245326556,0.999764521365968
"eps[7,7]",-0.154051349492283,0.00878245446116059,0.799479323820301,-1.72060945537381,-0.678949591988265,-0.166161315140138,0.375171282242743,1.43055800993345,8286.71990682243,0.999613974652223
"eps[7,8]",-0.378150519581169,0.00990226339544513,0.838507268936666,-2.021677558177,-0.946981068085221,-0.387814447776333,0.186755355875643,1.24161796242936,7170.42198976142,0.999753522749849
"eps[7,9]",0.21760388094469,0.00868139383515655,0.792259577936173,-1.35340101068514,-0.316387968228058,0.210114077184323,0.760120237323419,1.75974829096888,8328.29460022142,0.999896871422783
"eps[7,10]",-0.204637409999321,0.00878064204343022,0.807767899156178,-1.79935491766473,-0.743240790544394,-0.205019322319508,0.332352264503813,1.37848465635832,8462.92778133772,1.00015626737587
"eps[7,11]",-0.16020544770814,0.00878473057827495,0.86517333076423,-1.82641133142935,-0.731819981242471,-0.169439230465648,0.413414627301067,1.55391761966656,9699.50015656575,0.999719543951645
"eps[7,12]",0.220089241240719,0.0102120712942573,0.943206380907298,-1.64651170026846,-0.412004054325558,0.213838109016334,0.865324266971622,2.05522262392456,8530.72189632717,0.99960060878413
"eps[7,13]",0.378950805099125,0.00963982938912551,0.891141303215027,-1.37189907923171,-0.21970909465071,0.390642063919338,0.977168320677682,2.0833217284655,8545.83397025677,0.99979440413071
"eps[7,14]",0.317677477116315,0.00945715203142026,0.909834782760294,-1.48742788562433,-0.295582418526192,0.319680674904756,0.936634701014998,2.08533682195691,9255.59472949586,0.999636204645694
"eps[7,15]",-0.0343429235344736,0.00946770367654509,0.922885453417622,-1.88800330630186,-0.661516848644109,-0.0254064897069438,0.606658966154921,1.75758889251755,9501.80881519636,0.999612169262726
"eps[7,16]",-0.525661025802975,0.0095270826234956,0.898173636002103,-2.27122262443583,-1.12612954744983,-0.525817905442689,0.0895431513851583,1.17660096905758,8887.93240309375,0.999870254403288
"eps[7,17]",0.449839269399931,0.00917889111519752,0.93937315254971,-1.43613964118204,-0.175754815050615,0.462870477335541,1.08923057725814,2.27594529522735,10473.5968136547,0.999615308588968
"eps[7,18]",-0.140940215623355,0.00886674420354073,0.924148882344716,-1.97125944389092,-0.782407293783851,-0.152053618834433,0.512763360400373,1.63408863687848,10863.143733263,0.999652771711079
"eps[7,19]",0.0469860188033944,0.00953061507617853,0.958877075059745,-1.8060713798719,-0.608036695591417,0.0426727209001653,0.698633553586573,1.91157645036665,10122.4120510416,0.99969220980583
"eps[8,1]",-1.3667363912577,0.0123955095660443,0.750180508871752,-2.80078531280092,-1.8726238207799,-1.38801124598055,-0.874481268845993,0.134410209537887,3662.71209529055,1.00109884922634
"eps[8,2]",0.34319290249673,0.0109291169710046,0.829111513907347,-1.34431937734759,-0.204947541508711,0.354014236429326,0.903485308684084,1.9306070349828,5755.13803230326,1.00030133086855
"eps[8,3]",-0.947610272569317,0.0104581280261249,0.79840702777893,-2.50537224306574,-1.4882913330261,-0.955763172467851,-0.414298478588079,0.608844184440308,5828.28518274634,1.00015604383263
"eps[8,4]",-0.589843482432676,0.0155216397578882,1.02122840836079,-2.53654959241404,-1.2916832814217,-0.600567914364925,0.105032275860673,1.45362650547555,4328.83044668145,0.999960587125314
"eps[8,5]",-0.524806837344417,0.0117543275760227,0.857194983986717,-2.16562064937567,-1.10499892469894,-0.526237793917819,0.0417519030828513,1.19665440026189,5318.18771733564,1.00030042147352
"eps[8,6]",-1.15864944245422,0.0116112980105653,0.86084518547953,-2.81395227673904,-1.75164489764712,-1.16696292828227,-0.572111240781355,0.539455140472515,5496.52954269703,0.999749679578925
"eps[8,7]",-0.817560743221789,0.0118990391507942,0.867665125858257,-2.49947999542199,-1.39907879235793,-0.816411824223457,-0.224582252136566,0.866717054125397,5317.16940805108,1.00041868073746
"eps[8,8]",0.585663123046898,0.0121337326879061,0.898472132225573,-1.21133325980787,-0.0209733832829071,0.592773305500575,1.20918561857101,2.33305638237292,5483.02689837311,1.00002726599312
"eps[8,9]",0.238223870388067,0.011119234138688,0.877281576744756,-1.45360793803145,-0.365726661917114,0.236028178788833,0.840819214610351,1.95880124124731,6224.84106866442,0.999681569449098
"eps[8,10]",-0.803468601713252,0.0123223803530547,0.857829976091768,-2.43429905396724,-1.39142710775418,-0.824307878652629,-0.229111704286188,0.905585260720756,4846.33260384733,1.00050383584729
"eps[8,11]",-0.0259107437871972,0.010589492866467,0.892739512016909,-1.80340560644275,-0.628892356201359,-0.0295294431085975,0.56688567645464,1.71804301271599,7107.21067646492,0.999897310347169
"eps[8,12]",-0.475839275384265,0.0112997615464787,0.949973561177324,-2.32742960692543,-1.11269497017958,-0.499155927664657,0.153844766400424,1.40444325791205,7067.80370646608,0.999954905083333
"eps[8,13]",-0.0951423407122152,0.0110275353000366,0.923981018046591,-1.88472200546518,-0.723185231530102,-0.0988621215644635,0.548016596888821,1.68439630292029,7020.51845453685,0.999613767957861
"eps[8,14]",0.0480666058034407,0.011280495510394,0.925200667514002,-1.79166487928961,-0.566693238120147,0.0505833053049316,0.647554261412656,1.87766853519525,6726.90850660739,1.00002257813961
"eps[8,15]",-0.47494905254255,0.0104549804418274,0.926227994683304,-2.30954785728192,-1.10306413383446,-0.479336994864584,0.158365360867634,1.33199660730977,7848.54869012702,0.999577476704325
"eps[8,16]",-0.832806742557369,0.00984911085231766,0.933017364588068,-2.66136813842708,-1.44467090783221,-0.851994217327403,-0.224005227276002,1.00359431126045,8973.9862995783,0.999773732292261
"eps[8,17]",-0.0359916316987548,0.0092104413549814,0.937554844903608,-1.87640591299025,-0.651346828256021,-0.0344980815126228,0.601006922972856,1.79936769732797,10361.7350113691,0.999866296544589
"eps[8,18]",-0.33206805084716,0.00842852261819521,0.922170660858643,-2.13193877942299,-0.951217486540073,-0.335791977632848,0.308832107613011,1.46996840896479,11970.7039027822,0.999768982944999
"eps[8,19]",-0.158730645997778,0.00812687306891693,0.926778818358582,-1.99720523420855,-0.765804056844561,-0.160085255271151,0.451264862993972,1.69150051762794,13004.8469463872,0.999818265849567
"eps[9,1]",0.43959026964051,0.0100663329437052,0.710769852944047,-1.00367025540033,-0.0184534388608908,0.450505121610826,0.901729685230697,1.79981254874251,4985.57687219595,1.00134903456562
"eps[9,2]",-0.158736768426583,0.0105365541311356,0.788713742957946,-1.68492496882524,-0.695253828490258,-0.158619822448131,0.370347420569487,1.36174582178121,5603.2707901568,0.999984231307006
"eps[9,3]",-0.683150152252946,0.00976624277886968,0.754922390214048,-2.14529094484736,-1.19031354987027,-0.68013467675355,-0.173680725146814,0.816993185369082,5975.16056492496,0.999811873583402
"eps[9,4]",-0.241247428929258,0.0123687780204037,0.944398347742058,-2.08656011976806,-0.891023139457574,-0.231453748530352,0.393888774729019,1.58896595206929,5829.84282788703,1.00040152165294
"eps[9,5]",0.215428861966594,0.0139169790162595,0.84445239027401,-1.48482602736945,-0.345870992652709,0.242055143651702,0.786238509679029,1.81817830322461,3681.80169925206,1.00008459493903
"eps[9,6]",0.17832650874093,0.0117889350292885,0.818500806075423,-1.45643613691821,-0.361937096071172,0.180702588409417,0.731137536216785,1.74043175431174,4820.46655947823,1.00012784782848
"eps[9,7]",0.47971166264499,0.011685216886192,0.848241799739755,-1.2139327042285,-0.0910913837094525,0.480764959654649,1.04649360071233,2.16375964663766,5269.45602374238,0.999883883536175
"eps[9,8]",0.268103572433982,0.0112971466846248,0.869331493513112,-1.4551994024825,-0.313885451162549,0.276227766486699,0.858004630066806,1.96547473195226,5921.52123323293,0.999765979434083
"eps[9,9]",-0.0141410598453308,0.00993915114409989,0.837826609423091,-1.67436101394199,-0.565373747399416,-0.0112363857576217,0.543970758722238,1.6451758018996,7105.74648720622,1.0000073467309
"eps[9,10]",0.803004449741085,0.0149476204930053,0.861906092670865,-0.955918056657048,0.251040269292657,0.832163964032476,1.39089602042793,2.43328634701278,3324.8784677911,0.999906550215906
"eps[9,11]",-0.333401736483175,0.0094923410232141,0.87626652855616,-2.05464364540381,-0.91402442390898,-0.361079260207954,0.243437954118213,1.40516857419596,8521.69097417969,1.00017431549768
"eps[9,12]",0.372675027901132,0.011224363624832,0.893270430362295,-1.40482098414476,-0.226263859655212,0.387675396581256,0.96534000135687,2.0700246596767,6333.48083189778,1.00001581269127
"eps[9,13]",0.191838076527028,0.0100252544982226,0.901864545800044,-1.58898961060591,-0.418199955285731,0.196247246530951,0.79703337527353,1.98134660233512,8092.66971292273,0.999762556962839
"eps[9,14]",0.351694451175813,0.00995110591660014,0.898693140333848,-1.39893916747331,-0.252608824851873,0.346446383422433,0.96555351072715,2.12241195281674,8156.05519217138,1.00032290740153
"eps[9,15]",0.215622898774419,0.00993933864641337,0.920395617220784,-1.59722266185473,-0.399333543548842,0.227539571865536,0.848680474240315,1.97028212679334,8574.99959566828,0.999832784092087
"eps[9,16]",0.253856335328397,0.00966141131996246,0.897383682538322,-1.56187191100281,-0.350102049633132,0.269287452003311,0.84765731277342,1.99649837432909,8627.30581304846,0.999969933039607
"eps[9,17]",0.393808323171386,0.00951262675775096,0.973290699782234,-1.51285352166664,-0.241017737160833,0.408802831262881,1.03660973653401,2.26541995071545,10468.4945980853,0.999654505515952
"eps[9,18]",-0.396020983838035,0.00968879943081774,0.949522209571143,-2.20852311284737,-1.0456208768581,-0.396284578692643,0.238278172737529,1.46122344125052,9604.40187120763,0.999817256522955
"eps[9,19]",-0.36933434046385,0.00846416106078467,0.929600770061055,-2.18606530101182,-1.00256825528672,-0.362887701421912,0.245895310723269,1.48200069246069,12062.160754124,0.999672165779796
"eps[10,1]",-0.28852291446774,0.0120210344967189,0.773800228713524,-1.84890850125602,-0.786093453630682,-0.268096495466796,0.228776547884013,1.18212108926314,4143.56370822031,1.00018358502766
"eps[10,2]",-1.16627935339463,0.012939877038634,0.843497606335239,-2.79241761962824,-1.72958982494606,-1.19551450145602,-0.627119397087184,0.586907079303623,4249.20232132658,1.00063413862513
"eps[10,3]",-0.847867040048305,0.0105535847962774,0.80711334722166,-2.4795968319416,-1.37726200245802,-0.839901717141957,-0.302952826747883,0.749578564163642,5848.83070207466,0.999773073457002
"eps[10,4]",-0.624648655115886,0.017523270151201,1.08358192177302,-2.7276936246947,-1.35451410669669,-0.633025715423519,0.107418447270651,1.53319444847501,3823.78256545064,1.00002863596821
"eps[10,5]",-1.90599845304478,0.017646000616024,0.907929738886216,-3.59529961104037,-2.53909488914857,-1.93306422366393,-1.31758428282487,0.000401989113572057,2647.35329591397,1.00057657815658
"eps[10,6]",-0.814732212007571,0.0112665197640871,0.846596915070712,-2.44390265804676,-1.37240169734047,-0.832711056098985,-0.257243421614773,0.897691582908283,5646.42803636682,1.0000721646904
"eps[10,7]",-0.487005988025964,0.0101266851172525,0.846474203650245,-2.11248088009599,-1.0686271384316,-0.484329115712598,0.0823113801283977,1.14761323347534,6987.03377839937,1.00025203058092
"eps[10,8]",-0.940862742191512,0.0111795231172875,0.893439071765822,-2.6298436689806,-1.54320420833153,-0.940780555645955,-0.336515414230758,0.837770071315467,6386.8001300679,1.0000106742669
"eps[10,9]",-0.220087851488238,0.0101584579919704,0.862140520133937,-1.87284006470164,-0.809356361026309,-0.208048152831522,0.367399906594146,1.45488206829024,7202.78640745182,0.999570827665462
"eps[10,10]",-0.258315562917136,0.00974822795495724,0.842939652586655,-1.89949565512359,-0.833854868070914,-0.263678193951345,0.318619485225511,1.4028877783564,7477.24507263163,0.999884755468333
"eps[10,11]",-0.17040625554548,0.0101444643320875,0.862977098555723,-1.87116336159378,-0.724688711732996,-0.159276382637225,0.407379482597424,1.51284138376641,7236.69555411251,0.999608838864606
"eps[10,12]",-0.616508530664253,0.00964142257243145,0.894326962696409,-2.368222860988,-1.21453225764468,-0.623768308686913,-0.00727968348505033,1.11682741920627,8604.19833675214,0.99959931950956
"eps[10,13]",-0.428125773692016,0.0100262887649363,0.91304378334397,-2.23128094184782,-1.04834486670022,-0.424683173884976,0.189868358771244,1.37061509225348,8292.83053682061,0.999751364370403
"eps[10,14]",-0.0693440423407422,0.0102998655938793,0.899435963772306,-1.83490434274074,-0.661851528468394,-0.0833233385080698,0.531816984665482,1.6761691727885,7625.65902964812,0.999617669703616
"eps[10,15]",-0.44903883081625,0.00929714012475852,0.919440605734682,-2.25094972594672,-1.04837148668675,-0.466109161026212,0.155074130071846,1.39770431968896,9780.21960167999,0.999595622422533
"eps[10,16]",0.431173529707333,0.00945813173650092,0.91076387595047,-1.3986805047499,-0.176175415995551,0.450269135190858,1.05896552442087,2.11541500014134,9272.58612574017,0.999925711883873
"eps[10,17]",0.0139907358701948,0.0102141989482571,0.935913173859734,-1.82630243300217,-0.622391364647651,0.0221198906319229,0.644287286814814,1.82425128214249,8395.80794708635,0.999693770523315
"eps[10,18]",-0.32589839510464,0.00939161441415076,0.945486696258372,-2.19428755645514,-0.943337697472608,-0.328490454567397,0.317418275590163,1.56515755238575,10135.1536566057,0.99983943820711
"eps[10,19]",-0.41175449108222,0.00915929239195465,0.953682919694743,-2.25295338543649,-1.06220189842022,-0.410657846840466,0.223879742511292,1.47779013020412,10841.3699047538,0.999604782286855
"eps[11,1]",-0.0800090062620199,0.00767055137123243,0.686834304386204,-1.42608988332176,-0.525094911857209,-0.0849901587116315,0.369229019548132,1.29386402243028,8017.71824910891,1.00001336766943
"eps[11,2]",-0.155206149426125,0.00832042960847316,0.743269202516521,-1.61063175612984,-0.645097071638639,-0.150513624153231,0.336918018483944,1.30673412061766,7979.96110664359,1.0000125483279
"eps[11,3]",-0.0590017765690721,0.00790244274807734,0.720433113720191,-1.49008042683971,-0.521881351933963,-0.0600186502501242,0.412273371156514,1.35812305474198,8311.21690189857,1.00020159899693
"eps[11,4]",0.554329523674167,0.00809363491262891,0.751479518519448,-0.941489160759817,0.0523265547661308,0.568242237425245,1.0711934780504,1.99584351126239,8620.79020318256,0.999801356994643
"eps[11,5]",0.394638323076073,0.0112255592778633,0.780655347013046,-1.18321187442559,-0.128884256958509,0.412343488463037,0.948157235903789,1.83493515093559,4836.18273498277,1.00012048583428
"eps[11,6]",0.059000090679632,0.00846636762634858,0.775325507715198,-1.47098060540434,-0.472088815884607,0.0532467261014923,0.585805315007548,1.57786239000811,8386.36768809753,0.999859113592227
"eps[11,7]",-0.33825450711328,0.00775578088453154,0.76572822565514,-1.82455228327041,-0.870299709943228,-0.343447533932591,0.173573930657979,1.19751342604666,9747.61236344511,0.999710137764857
"eps[11,8]",0.165987754197255,0.00881488018923132,0.80192445663881,-1.43734071294411,-0.366301196188297,0.172185814237223,0.703640646468733,1.71621277747185,8276.2593112539,0.999653574411972
"eps[11,9]",-0.412736867530769,0.00850322997134365,0.795441688679628,-1.95507710135444,-0.948169256962176,-0.409016563958079,0.119175667173284,1.15690214373619,8750.82194359553,1.00038262220507
"eps[11,10]",-0.17981500755535,0.00826670802540987,0.779109540392425,-1.69798274458259,-0.69711442301361,-0.179582838961828,0.327515944151127,1.36577994147715,8882.43109252921,0.999999065628966
"eps[11,11]",-0.0111488498222068,0.00855855470339708,0.82449740892304,-1.61467389103555,-0.567379214819334,0.0023858280411266,0.565679222538182,1.57046638929431,9280.63576977492,0.999850931992276
"eps[11,12]",0.00932021564497452,0.00863933345109839,0.848848958746409,-1.69420337904244,-0.564273918522212,0.0202030209845905,0.588151464169595,1.63798102272847,9653.84601037963,0.999594236590988
"eps[11,13]",0.123102536636944,0.00968231377625478,0.859131578066443,-1.59746333732938,-0.451497369770044,0.120321782564301,0.694272822947937,1.79189563545951,7873.3772096014,0.99962121302604
"eps[11,14]",-0.145743738570018,0.00848394417704334,0.867654904492851,-1.80895962614492,-0.745816857004395,-0.155261326309019,0.440339658879607,1.53564881521713,10459.1995150977,0.999779906764404
"eps[11,15]",-0.199874914450506,0.00827045702970094,0.86675277546646,-1.86312238897459,-0.781589399942498,-0.19696182569495,0.36158840814432,1.54532273113375,10983.2650173506,1.0001857539481
"eps[11,16]",0.2182353572881,0.00870754801420712,0.881209503335481,-1.55180974227992,-0.381947771208454,0.211219977674396,0.804345716802132,1.97364911838891,10241.5711976133,0.99967254858604
"eps[11,17]",0.272583115895553,0.0086709898196324,0.904687394161681,-1.52355093364718,-0.3431662756807,0.280691335816365,0.866493687587205,2.02297196620168,10885.7843154663,0.999627627388323
"eps[11,18]",-0.0559277491365069,0.00886905492074491,0.924119119571456,-1.88092318330849,-0.677419808663043,-0.0455107309681105,0.581255599131192,1.73128579446469,10856.7846358927,0.999764765648313
"eps[11,19]",-0.123047887974826,0.00825874367667081,0.90831879921472,-1.90684242441524,-0.724877035319554,-0.121364772266415,0.484068941343636,1.64418404375855,12096.1908647122,0.999646941027503
"eps[12,1]",-0.314175311994704,0.00902951683382802,0.721731007663235,-1.73411171449851,-0.786217535241865,-0.317433203297951,0.150119927581929,1.14515199792371,6388.83547751531,0.999912797601137
"eps[12,2]",0.0815368200232555,0.0102798596195689,0.775179208332497,-1.43743482106379,-0.438963841028193,0.0833067890062609,0.596084320018008,1.62615447070733,5686.30123889796,1.00004867558039
"eps[12,3]",0.0695293328936873,0.00932947065662542,0.758004084744686,-1.42224344380805,-0.435107483745632,0.0735371565811268,0.563065181725452,1.5642948308951,6601.29416035916,0.999694086664495
"eps[12,4]",0.261073336400958,0.00959194021448353,0.777500893424923,-1.21710834035761,-0.26481279844744,0.252479049865582,0.782826110094858,1.79785774553457,6570.35548024446,0.99996777343731
"eps[12,5]",-0.16610006921579,0.0104600399192298,0.805643709426486,-1.74003215541725,-0.716469460554187,-0.176900968790301,0.379793081589966,1.4440356358421,5932.24879671828,1.00019840404894
"eps[12,6]",-0.132280296329962,0.010099845512834,0.808452770728054,-1.6968999893099,-0.680955356187654,-0.126075901808783,0.40894029177167,1.44145499647653,6407.3706249077,0.99983708468009
"eps[12,7]",-0.113164240566042,0.00945272375079739,0.825772039039398,-1.74465020974976,-0.658818929950462,-0.116791649560941,0.44172288158261,1.51267465525824,7631.4386031085,1.00016367684112
"eps[12,8]",-0.176375101789377,0.0109771582134004,0.859475394263852,-1.81968858769026,-0.755150658970721,-0.182220822708035,0.39526766928656,1.54341343747977,6130.37509647037,1.00008211409362
"eps[12,9]",-0.630666206919783,0.0102355703323363,0.856553624223426,-2.30193801306587,-1.21851277215844,-0.640776310821287,-0.0698201178240155,1.06717235480889,7003.0144155528,0.999538285362413
"eps[12,10]",0.736079679675928,0.0115569416834765,0.843973002798634,-0.951819660668405,0.179059821954342,0.736937784850457,1.3034203700915,2.35320780116357,5332.99609186757,1.00002753602509
"eps[12,11]",-0.195483452751903,0.0100049738786016,0.877107396582405,-1.88483423067537,-0.790599021866527,-0.197219421983953,0.385129548894548,1.52571566256164,7685.52657480277,0.999680395042406
"eps[12,12]",-0.417615138199275,0.0110610282243882,0.909227204168775,-2.13445561200249,-1.04824969276438,-0.432493009374104,0.186605203402755,1.41937430987845,6756.9987990086,0.999931106201857
"eps[12,13]",-0.613836704869508,0.0114807021975302,0.912534571043939,-2.34364836016802,-1.23262579037517,-0.63528960939482,0.000852617633694009,1.17259687238949,6317.7400080306,0.99970742733011
"eps[12,14]",0.40032112692513,0.0105107984001487,0.912167693584146,-1.41708662250274,-0.214256616010078,0.407636446455651,1.02030020959427,2.14423888330632,7531.4389631548,0.999726990469053
"eps[12,15]",0.619895920362456,0.0103635564726555,0.897415022482671,-1.15722968645626,0.0143130549757122,0.637677423786817,1.21934234892128,2.37267698483794,7498.40742200259,1.00077899847747
"eps[12,16]",0.125246941175589,0.00900130420641951,0.901057151946273,-1.63464976642407,-0.47432012808033,0.118385726344145,0.734142607920189,1.91181263237007,10020.6016448775,0.999700236355782
"eps[12,17]",-0.00763222172306642,0.00952697684794987,0.922685758381736,-1.82554507158179,-0.633547344110943,-0.00714829233335531,0.610371290952878,1.83988124416193,9379.88286652624,0.99960031137622
"eps[12,18]",-0.110634937335355,0.00915116912529643,0.938552083457126,-1.9291266820923,-0.750671344620302,-0.0999013027065244,0.529438484122604,1.72025723127782,10518.7369068343,0.999821196897071
"eps[12,19]",0.364056867892672,0.00947558167853021,0.925445965420036,-1.42973301435396,-0.265987314440596,0.370488066149865,0.977129697601046,2.17476238835627,9538.72599759848,0.999769655112357
"eps[13,1]",0.957383838237518,0.0102145792688874,0.752830644656554,-0.542011511820354,0.472543352228055,0.964140006885963,1.46124757536148,2.41891186466707,5431.92308937255,0.999660699463202
"eps[13,2]",0.594572841451575,0.0110534679427814,0.818501568136599,-1.04838116047298,0.0588233769530053,0.612922035621746,1.13617544745817,2.1745143460739,5483.29888945889,1.00048458418085
"eps[13,3]",0.429409564778175,0.0105660113263148,0.779738512931292,-1.17053059490708,-0.0818334018172973,0.443864215828356,0.959144789295075,1.90156119241476,5445.97730470823,1.00008553160234
"eps[13,4]",1.56810474765343,0.0115829510072939,0.815082301456017,-0.0514368254800153,1.02290012149913,1.56941800241406,2.1313048266074,3.10759892599536,4951.81586932873,1.00023976605467
"eps[13,5]",0.937940477983007,0.0124863246621773,0.820061794629869,-0.71754201722442,0.399900793897049,0.94053176666488,1.49201873321589,2.52707490121599,4313.44150129024,1.00028935142834
"eps[13,6]",1.09649737647236,0.0110727289083184,0.833413275822977,-0.563609507071418,0.534944670071985,1.11377279125212,1.65815581890499,2.69738861386523,5665.151049639,0.999751736868235
"eps[13,7]",0.944100916193057,0.0105573806126767,0.832867205445099,-0.70388293427507,0.387339697530982,0.948295993474177,1.51358277337657,2.53736871996193,6223.5640841842,1.00005086193633
"eps[13,8]",0.384637404665258,0.0110292207959831,0.866518205053035,-1.33660299287391,-0.191697913730071,0.389690742341201,0.972836929293551,2.03294786798479,6172.56569413441,0.999834947355651
"eps[13,9]",0.246301368984427,0.00995043068436679,0.847419159195322,-1.4317017593593,-0.305954051548496,0.255377180875424,0.807800052210299,1.89163975196148,7252.91854271592,0.999831927971387
"eps[13,10]",0.351678218805132,0.00959567729262178,0.848831039216359,-1.35874778567976,-0.210389261857588,0.358488934067046,0.927620959914361,1.99550424616977,7825.1241403872,1.00009685314323
"eps[13,11]",-0.186378521786221,0.00951546351137584,0.866221030807584,-1.88766165702533,-0.774652867901373,-0.184208739237527,0.383293741774867,1.51916844501909,8287.00404629288,0.999811144820771
"eps[13,12]",0.408311450025867,0.0103885227577681,0.88170114212323,-1.35320105872853,-0.184056433902435,0.415368346593117,1.01101348604187,2.10374603083604,7203.3615887665,1.00029672013103
"eps[13,13]",-0.00336811078353943,0.00997796052947322,0.896494800348846,-1.7977875373456,-0.583960242884591,-0.00840876408906549,0.591229436114076,1.76297738017672,8072.57310635951,0.999747226171387
"eps[13,14]",-0.168038060880623,0.0106267132850261,0.911681275686315,-1.98493205789777,-0.769835724396435,-0.16398402347493,0.449512914550729,1.61992123786737,7360.17506042521,0.999769803446945
"eps[13,15]",0.210255473233686,0.0105271928084495,0.929115735485999,-1.6340064508538,-0.414839775518806,0.211958535965005,0.825802338962508,2.06347135702211,7789.58778942645,0.999781275244265
"eps[13,16]",0.657886691019523,0.0094665676573807,0.91610900072804,-1.15456872054717,0.054733336007146,0.639305721155652,1.26374873099014,2.46960598105411,9365.03088332134,0.999799954009164
"eps[13,17]",0.48714690904474,0.00967277746111917,0.930295828063504,-1.3478868859703,-0.12982127979043,0.501816642586896,1.11608786368905,2.26016119723036,9249.95786189422,0.99974846833047
"eps[13,18]",0.255435502166023,0.00876454873948338,0.927408963352323,-1.55560630335788,-0.354062392017342,0.245448422837546,0.86672635426459,2.0715894835825,11196.5302316142,0.999657009456058
"eps[13,19]",0.146891017888455,0.00886855648033821,0.947939013207265,-1.69335516363548,-0.48792338498022,0.146198383757807,0.777484756062126,1.9931319279652,11424.9661581769,0.999580190964765
"eps[14,1]",-0.842522424890714,0.00836264410856283,0.710735383968697,-2.23030797118762,-1.32603195700754,-0.859831610116147,-0.37969152781041,0.620953588562048,7223.18345264031,0.999833557008262
"eps[14,2]",0.127842613878753,0.00943038221307368,0.780679423320468,-1.42219503562305,-0.395610523799168,0.136997575963515,0.639207527845678,1.64431560847269,6853.09694114032,1.00070606678567
"eps[14,3]",-1.25421515759897,0.0105743724642994,0.793000648685866,-2.77965317246686,-1.79225669733389,-1.27135958671333,-0.72526488645157,0.35310146759909,5623.90373110486,0.999947072869864
"eps[14,4]",0.273731008116151,0.00899746376681665,0.751950062507326,-1.18252201609653,-0.22411772628479,0.265643459555255,0.769918490822255,1.79081093734522,6984.53964393513,0.999842164950798
"eps[14,5]",-0.375583283797052,0.01075385120141,0.788024632851213,-1.88741560265577,-0.900188885986781,-0.386703895973759,0.142531665787742,1.24073323745863,5369.7187683321,1.0001189386962
"eps[14,6]",-0.0747565337083862,0.00851707775726222,0.763798992419461,-1.51524133638891,-0.594282021698326,-0.0842702646026357,0.430123145782615,1.44652061614463,8042.23830604901,0.999761675650304
"eps[14,7]",-0.191327345251033,0.00950935602876184,0.814943804671964,-1.78244988384485,-0.750257027470899,-0.199137342711399,0.365352126133276,1.40858465147661,7344.34567983349,0.999940255114662
"eps[14,8]",0.141551214684167,0.00955975842872962,0.840804865767904,-1.49850508151068,-0.428778684634593,0.131357656185107,0.71330177517499,1.7859780886218,7735.6461675687,0.999619334595101
"eps[14,9]",-0.605208210883311,0.0096282382603234,0.827164012891628,-2.20961511610061,-1.15991756623597,-0.604671428329497,-0.0522641958980098,1.02033655417334,7380.56493206091,1.0001098038268
"eps[14,10]",-0.535389694706641,0.00916194581164813,0.811403870561626,-2.08177225453367,-1.0988610809453,-0.532907633255443,0.012792122834272,1.05373988488185,7843.29793615399,0.999694528565735
"eps[14,11]",0.0370206742846047,0.00898129612343875,0.851943818927076,-1.65216518654513,-0.533832542416023,0.0260030001930292,0.605217852926003,1.66917651653926,8997.9563304836,0.999890851995861
"eps[14,12]",0.0610963079129441,0.00939478846408336,0.888583192917763,-1.65820472411535,-0.537485973166654,0.0622538223478996,0.659876093698694,1.78366391141882,8945.86164934403,0.999611150000753
"eps[14,13]",-0.0652287235686293,0.00934280282402296,0.908207198755847,-1.87868068947333,-0.673253994775566,-0.0677495129828447,0.540449079058812,1.70081395988185,9449.64543016673,0.99989405769249
"eps[14,14]",-0.745599000582145,0.0106135993778738,0.913677428924453,-2.50558494372967,-1.35108762575578,-0.741561813953235,-0.129411783471627,1.0001271052498,7410.7201181975,1.00021853414719
"eps[14,15]",-0.146321069749651,0.00879567067232385,0.896761251474182,-1.90006828477844,-0.757140119487563,-0.147229397803667,0.460052366729912,1.62783214356555,10394.7906834072,0.999670603351773
"eps[14,16]",0.500041629714357,0.00841624061033237,0.893326988797955,-1.29525472718078,-0.111173030098685,0.498691759507809,1.10616689676553,2.23822248695239,11266.3859296358,0.999672592495733
"eps[14,17]",-0.00931014972374205,0.00850783250466381,0.908310845153235,-1.84044720075768,-0.613922671268266,0.00333016491938257,0.609606768052012,1.73238142471096,11398.0651957555,0.999645763637684
"eps[14,18]",0.157553219762882,0.00871734470532475,0.916775380815849,-1.62455578543946,-0.472104663422467,0.171967579374299,0.771637303487463,1.99385057452938,11060.0590472094,0.999723537607133
"eps[14,19]",0.0485983869424798,0.00891942702222295,0.941264197467607,-1.77892648367049,-0.581742493465577,0.0496905989040955,0.678893621165098,1.8889302072463,11136.5114212339,1.00018448295621
"eps[15,1]",-0.947037791836332,0.00934869206035089,0.714993881709384,-2.33111567054518,-1.43591787462909,-0.954812560770569,-0.485509876259711,0.475117047356287,5849.28714573513,1.00094232337948
"eps[15,2]",-0.961947585797402,0.0131982220831408,0.841617876575184,-2.5788274068092,-1.535736512108,-0.981600015910385,-0.420533261377722,0.723883249324975,4066.29647093396,1.00077780332679
"eps[15,3]",-0.79514367598638,0.00928884887151239,0.773016531885203,-2.28518469470104,-1.3215021967747,-0.793076935135217,-0.288724708537922,0.743984891279317,6925.54203864555,0.999863754038914
"eps[15,4]",0.0580108079104519,0.00925164717983896,0.779469853284768,-1.48269884506458,-0.463664604023124,0.0507986072685309,0.58606625917925,1.58764121221753,7098.40087162603,1.00007079016334
"eps[15,5]",0.0785063502622943,0.0100222359495469,0.801790607490928,-1.51087418422429,-0.446842760025933,0.0820597728612589,0.59758131664567,1.68146229188862,6400.18728935238,0.999632798218384
"eps[15,6]",-0.275815560066058,0.00996891917248681,0.797251719335457,-1.8194826890363,-0.816302080210048,-0.275236913113826,0.269722623123241,1.306920231464,6395.79859788401,0.999726528463147
"eps[15,7]",0.104825360973492,0.0109120641820834,0.831523955425295,-1.51323770972938,-0.456076717181976,0.10423096780765,0.667659732251677,1.71940941945851,5806.78447778803,0.999904599514485
"eps[15,8]",-0.052231861742841,0.0108732795216559,0.852322629672828,-1.66320002659864,-0.642981379789555,-0.0663899499087726,0.517504932109183,1.64544326095648,6144.50544475975,1.00004122771864
"eps[15,9]",0.0294992554568625,0.00924648176993185,0.810619112853884,-1.57317541659786,-0.518086278129513,0.0335380523644181,0.591409299492502,1.61549767741969,7685.65071040224,0.999936604868879
"eps[15,10]",-1.22012313539094,0.0142294704982216,0.865991992055748,-2.89562410428741,-1.80881852315562,-1.24390227642519,-0.643434929377256,0.530234237654505,3703.82341543788,1.00061104116502
"eps[15,11]",-0.0577999728733243,0.0093168018344056,0.852010165264592,-1.73555754767806,-0.625721249295954,-0.0685845987294894,0.519159943050626,1.61189740630206,8362.87944213854,0.999757381153967
"eps[15,12]",-0.032482923705512,0.0096342962951594,0.873282857562787,-1.74789867806175,-0.615677247172018,-0.0254357569053749,0.558024365079339,1.69409003325223,8216.17863485501,0.999888197329911
"eps[15,13]",0.0131349961057079,0.00941579937109642,0.893343955902762,-1.74985900010211,-0.603746464604372,0.00725594979955025,0.63640055310623,1.75149352514638,9001.66848544208,0.999702989149102
"eps[15,14]",-0.0176534418906911,0.00961531379922901,0.902758995302261,-1.77884191852492,-0.6168357577862,-0.0106997274347499,0.581218001370543,1.75890495633418,8814.88650041606,0.999821833586775
"eps[15,15]",-0.490751402896813,0.00988559816192208,0.900703226274613,-2.25670766600472,-1.09295691716595,-0.505685821113862,0.0896633449744455,1.33056027630482,8301.51832475166,0.999866978457215
"eps[15,16]",0.0780837857957991,0.00877313622610668,0.887183078052032,-1.65818464925554,-0.509409963107058,0.0719363052119967,0.665981673028451,1.85456285063554,10226.2581830868,1.00026550644699
"eps[15,17]",-0.0778409896381356,0.00905208331493327,0.908187134917926,-1.85284150253249,-0.697764677187788,-0.0666835014593503,0.524749864232028,1.68392120981118,10065.9230489061,0.999911775091087
"eps[15,18]",0.111997506101368,0.00898881360127137,0.923479527155801,-1.66804565840276,-0.512922834817945,0.102203158851793,0.727689148993829,1.91373766724806,10554.7948008982,0.999904474747159
"eps[15,19]",-0.331671719236495,0.00913119250142356,0.943162591150723,-2.12942021562705,-0.976228198426662,-0.350076828010638,0.296859594020877,1.52442851331018,10668.8629600268,1.00000755807711
"eps[16,1]",-0.00846367949667017,0.00881934860747479,0.719879842819492,-1.41499376760021,-0.487688648181086,-0.0148947628396641,0.464277156336126,1.40096170629724,6662.65011594068,0.999918517700273
"eps[16,2]",0.831088288960775,0.0118500377544384,0.812798254586959,-0.801739824379767,0.293104548655058,0.841963842404888,1.38655701950805,2.39193082366026,4704.63631567253,1.00061832550402
"eps[16,3]",0.795995707339773,0.00933394635488703,0.750476266874957,-0.679770277466918,0.302211650186891,0.797859325551376,1.31598662824876,2.22865404861032,6464.6248036855,1.00014140536642
"eps[16,4]",0.0956787246721776,0.0101376705944284,0.775487769695887,-1.42552419724047,-0.423757629537131,0.0954281449474705,0.612408565574703,1.61311025871279,5851.58549648162,0.99983599556121
"eps[16,5]",0.447096095324308,0.0104976545918729,0.795137962791126,-1.14072550775757,-0.0731304995923801,0.453307941713223,0.996368468944731,1.98835103712653,5737.20567960986,1.00021449727951
"eps[16,6]",0.388956034961608,0.0103935969595289,0.786545315490967,-1.11105081413265,-0.154715671268297,0.3710327659605,0.92582893547881,1.95393818519932,5726.84928697708,1.00002659088708
"eps[16,7]",0.346813251352889,0.0101123152450651,0.829361705529951,-1.30782028427882,-0.20516766162208,0.345953076694978,0.905685743471459,1.98098669217385,6726.46299398984,1.00056269094278
"eps[16,8]",0.199098358754013,0.0101855358444575,0.852524126835025,-1.48715358815041,-0.375292619100641,0.202343417504302,0.778300930024024,1.85256450113871,7005.6041542019,0.999939614722276
"eps[16,9]",0.821159015045109,0.0128377675649841,0.849435922452396,-0.887509806661505,0.255727174785411,0.82889153903254,1.40188462419369,2.42259909373195,4378.06525033036,1.00072962652509
"eps[16,10]",0.700848718645571,0.0125742039134516,0.856036475145049,-1.00038343262904,0.14772029725049,0.721635988521144,1.26566633454326,2.34601663641644,4634.72042972083,0.999824991424271
"eps[16,11]",-0.196408709646437,0.00869713973190974,0.84672479173412,-1.84702170296472,-0.764857858986989,-0.214897769404104,0.352119192576498,1.51264824522913,9478.32631838898,0.999957072825635
"eps[16,12]",-0.079578977509067,0.00989126276395612,0.86594211653591,-1.7676036096679,-0.650699470508021,-0.0976174326148008,0.502055056891235,1.6348895464309,7664.33090963111,1.00049569439855
"eps[16,13]",0.0141063058055733,0.00906204494665586,0.879625211488551,-1.71357740542952,-0.569275925248447,0.0190440171688616,0.631299454336672,1.7079307180104,9421.99594759411,0.999933444995967
"eps[16,14]",0.052393892919529,0.00947094879909824,0.89290684366597,-1.75414391221398,-0.544337013582003,0.0605689817658943,0.646640786065056,1.80873146006473,8888.43550869853,0.999629683873864
"eps[16,15]",0.6476377262323,0.00931414589131288,0.873282898277669,-1.1005919819066,0.0612059809473564,0.645357932268202,1.24835273490916,2.34922567230253,8790.70767482499,0.999825558368764
"eps[16,16]",0.0887299740043574,0.00824732478121392,0.868800747994875,-1.61809723433999,-0.481807884420926,0.0879775014827164,0.666746220044672,1.80324252063272,11097.2195244564,0.999843176099508
"eps[16,17]",-0.16443238361966,0.00877252004339466,0.905982850361665,-1.95111927231402,-0.778861715960015,-0.151644325029831,0.432969431664448,1.60992701092992,10665.7454707183,0.999599121936916
"eps[16,18]",0.138796109055483,0.00869633035913316,0.932605568124404,-1.69105708351685,-0.481135647343436,0.144705851833462,0.774142935594512,1.94211631373131,11500.6913741339,0.999949356006929
"eps[16,19]",0.136906341331926,0.00823480283515569,0.90338722690141,-1.62431398450928,-0.465270163280052,0.133417346940075,0.74934732839927,1.9056034337824,12034.8721420756,0.999705902519465
"eps[17,1]",0.592268763174891,0.00895733471952214,0.721605814175955,-0.868065333841562,0.121343893150305,0.608300164366885,1.06262124004295,1.99292166303247,6489.96628855576,0.999721379971634
"eps[17,2]",0.00392095479116092,0.0105001475571149,0.784178177616171,-1.4864577487116,-0.525423630910254,0.00655792264265585,0.513113268375995,1.60449131357133,5577.48871806764,1.00027024445578
"eps[17,3]",0.953066174629605,0.00904971351927051,0.757914985068827,-0.573046064538196,0.46340739367648,0.954551461452637,1.45269645248239,2.4324780353644,7014.0898529933,0.999648478791079
"eps[17,4]",-0.134196683519658,0.0116632208932153,0.817626533378601,-1.72906378791496,-0.680779088375515,-0.154848372423723,0.399951551784735,1.49525450367516,4914.42771310987,1.00006297485524
"eps[17,5]",1.02676541601883,0.011154103033676,0.824615394087005,-0.620655264150115,0.479640989414864,1.03846458383793,1.59160578065841,2.61258977868455,5465.54623267583,1.00039223617269
"eps[17,6]",0.91548031481346,0.0101425692423391,0.823634808518346,-0.723047474262704,0.357752866307273,0.918080207393734,1.48016335885455,2.51651907802696,6594.37169161976,1.00036302073414
"eps[17,7]",0.233877463277191,0.00977767890316989,0.832838638915879,-1.42810208464249,-0.332475710882876,0.239670189788332,0.803146415500434,1.83260041529427,7255.21337331201,0.999918165997682
"eps[17,8]",0.0261133355434396,0.0101262692446777,0.893737214067822,-1.74897492287234,-0.559694337298197,0.0268355931103294,0.612631623569133,1.79954214388684,7789.70018269716,0.999877144444714
"eps[17,9]",-0.736834726721777,0.00940667868617388,0.808542590662936,-2.31488212899983,-1.26895698065569,-0.73703717184646,-0.199993442235523,0.859195353115942,7388.10712778102,0.99999645777494
"eps[17,10]",0.474226977135051,0.00982036056511852,0.836148993742294,-1.16150411885467,-0.088446082711487,0.472663123890543,1.02974698773675,2.08268997419169,7249.57380449549,1.00031478758931
"eps[17,11]",0.0825733423427714,0.00911240449986386,0.86406695857584,-1.60446953578263,-0.502638656286122,0.080993231765665,0.635962354298999,1.82543827295118,8991.4310209846,0.999620536654916
"eps[17,12]",0.14178631251785,0.0102823320139416,0.913720153520932,-1.62084162046596,-0.493248037920382,0.15344175848595,0.762545807921166,1.90821301069987,7896.65495839859,1.00025901668209
"eps[17,13]",0.31466796276584,0.010460656107465,0.923278940549847,-1.47437839200189,-0.311103134381793,0.331751695879059,0.937719067278036,2.09255315791616,7790.18927040133,0.999688796363199
"eps[17,14]",1.02927892821086,0.0110939710968995,0.917315419553831,-0.77610325276535,0.420608479234746,1.03096652808973,1.66748000014091,2.81035579288285,6836.96454062652,0.999974037817508
"eps[17,15]",0.03949012952026,0.00882733741704752,0.849480067565983,-1.596792855653,-0.537487719904278,0.0515038264339806,0.627184253227181,1.68608451461776,9260.76643415679,0.999668349653028
"eps[17,16]",0.232555886881432,0.00876580186036556,0.899108968923921,-1.50357437684396,-0.372038471706967,0.225765001601955,0.863304845875478,1.984597882106,10520.6206288432,0.999675771213847
"eps[17,17]",0.0749697870568207,0.00865767189820246,0.894729655320933,-1.64566312861277,-0.54099844630881,0.0756229746460554,0.689267511928533,1.82670157387763,10680.2499744766,0.999578433368893
"eps[17,18]",0.0601507295263539,0.0085304354950528,0.918265511596251,-1.75518449084216,-0.554806564716805,0.0534448595725159,0.695031287641623,1.82130963180645,11587.6172073053,0.999877026930152
"eps[17,19]",0.230025265624844,0.00890933887979002,0.918593616010065,-1.5886125743787,-0.374443758882383,0.229505731688653,0.836385506944363,2.06484192054605,10630.5537858426,1.00017680390341
"eps[18,1]",-0.247590312674849,0.00808190131345025,0.693696304535257,-1.67824885989977,-0.691904595351681,-0.225808698689968,0.212283153632948,1.10247622618507,7367.35633469252,0.999853096011104
"eps[18,2]",0.368620610488877,0.00911654320291749,0.759110113803135,-1.14124478487708,-0.146745468212959,0.376634954965952,0.892256083307851,1.82811665628109,6933.44646365584,0.999876151358744
"eps[18,3]",0.239741061850718,0.00775177896678216,0.721487112123717,-1.18459986289781,-0.244289844412934,0.237648676751354,0.708986303186383,1.6491552516435,8662.72232705817,0.999823596454428
"eps[18,4]",-0.0477115957467385,0.00847775568779362,0.769713814847961,-1.55924181682667,-0.558181216885661,-0.0577043846321494,0.461923554407967,1.46307025714637,8243.21768829526,1.00011758738164
"eps[18,5]",0.117014979160676,0.00889216433990183,0.759114363958446,-1.34288079931093,-0.407611780805585,0.116703274777162,0.628064866379616,1.58760095137521,7287.85053960278,1.00014415079779
"eps[18,6]",-0.0913775161501117,0.00836593218903904,0.772830218542722,-1.62272267080688,-0.590403735435295,-0.0910891673569989,0.427975720486136,1.45780358380597,8533.74202933041,0.999654689016479
"eps[18,7]",-0.00340925242529418,0.00963184163028142,0.821477746248657,-1.61417030620371,-0.563259805090175,-0.00252935069548447,0.553962716129953,1.59257024583134,7273.99401752645,0.999933879628786
"eps[18,8]",0.0385348147946044,0.00948359283907735,0.854689615815891,-1.66357937101769,-0.53206948200122,0.0338705970674467,0.611041308925277,1.71675783144505,8122.15091686605,1.00029255714196
"eps[18,9]",-1.05283910465952,0.00936217031028134,0.809421154537023,-2.65405821231779,-1.60752497452406,-1.04793668187214,-0.505278513237535,0.545227715150631,7474.73889795185,1.00008075304068
"eps[18,10]",-0.311997114353759,0.00860127603367599,0.802188757389465,-1.88189298718623,-0.84232678218474,-0.32872495713366,0.220848510468544,1.25396200207961,8698.15958670742,0.999722080397658
"eps[18,11]",0.114294457402543,0.00843578825854276,0.854380424636373,-1.60899058036235,-0.446860085198312,0.126097036345217,0.705870867801878,1.76677342683404,10257.7294010811,0.999644205220843
"eps[18,12]",0.0983957044848174,0.00952304206367611,0.878072893659081,-1.65464270270642,-0.488047430502567,0.103128269553151,0.699654060851011,1.78743188329972,8501.77752013894,0.999866090963746
"eps[18,13]",0.227945720945796,0.00922622241251045,0.895701681308215,-1.57390525028739,-0.379556303832175,0.233143146675505,0.831957429040911,1.97821030145071,9424.9474919781,0.999718595476195
"eps[18,14]",-0.0753625277849211,0.0093530247390087,0.939289255368548,-1.92147495957615,-0.708928511704912,-0.0718914030451413,0.55505709490927,1.76668191350348,10085.4328631366,0.99979204989516
"eps[18,15]",-0.200917696293885,0.00923474174389654,0.895631392522866,-1.92384593763828,-0.817055719581617,-0.222212799429873,0.421089908707576,1.57743362873594,9406.08947915683,0.999852442624628
"eps[18,16]",0.190396917217177,0.00903355840015939,0.873076935792569,-1.54378690186797,-0.395952814806703,0.203191888650279,0.775883765702829,1.89328873608074,9340.86978777483,0.99976114230005
"eps[18,17]",-0.0206648303834055,0.00865866394297161,0.956274163429285,-1.88955703597189,-0.659535307237119,-0.0155655939708217,0.614008003318169,1.83266722628948,12197.2823095652,0.999701049277272
"eps[18,18]",-0.318873602338555,0.00863756919440524,0.938685050310053,-2.14346669245948,-0.955193940545286,-0.31665867427925,0.31738675707333,1.5215112133576,11810.1856234402,0.999880841553382
"eps[18,19]",0.127883525010481,0.00927535195090436,0.93225467597427,-1.68923338212519,-0.491388196668226,0.132398029810585,0.768808840467079,1.9769480820317,10102.0228176956,0.999858442296087
"eps[19,1]",-1.59064544719153,0.00962228502003394,0.705279805994023,-2.94822603594896,-2.07358723596449,-1.59985714835148,-1.1361491132015,-0.179322736460073,5372.37679072409,1.00050952469065
"eps[19,2]",-0.847028327425591,0.0108411895323138,0.790560424911703,-2.35960393833126,-1.38908781211968,-0.871530975216812,-0.322467688042383,0.743595451578985,5317.60734649507,1.00091771908282
"eps[19,3]",-0.0522874425647312,0.00964902342755304,0.772147940524067,-1.55031440201217,-0.547341839768062,-0.065005578686096,0.456054784155103,1.48571983569237,6403.74917813559,0.999546354294552
"eps[19,4]",0.265036572031101,0.00995999882649615,0.782320643045751,-1.32163334816925,-0.253254132843064,0.264494377530245,0.797957776670005,1.77896177645399,6169.51473318273,1.00012562002235
"eps[19,5]",-0.220888150507655,0.01061995041828,0.822938979349333,-1.85992923373724,-0.779428980758923,-0.230825237954378,0.350985135513753,1.37537982398075,6004.68581955365,1.00016402831593
"eps[19,6]",-1.13518056029284,0.0105786629956865,0.818464712614959,-2.72189474346049,-1.69076688746793,-1.13939862657287,-0.601398813586594,0.510740181765238,5986.02264973374,0.99969130629686
"eps[19,7]",-0.611998756876838,0.0103030314262002,0.858072454441257,-2.25520947802048,-1.20050838404746,-0.620911442203236,-0.0525221679197126,1.13779370415057,6936.14034820178,0.999900849950206
"eps[19,8]",-0.817290255923945,0.0107152509406147,0.885368334818596,-2.50325374983417,-1.43164386097129,-0.836089434641816,-0.213408564147585,0.942532867819244,6827.21026164416,0.999731520822659
"eps[19,9]",-0.764593755078551,0.0089859257280436,0.850820065494009,-2.43381511960328,-1.33257711605026,-0.775652964841235,-0.183402153239126,0.917181605667463,8964.98976157892,0.99997312753678
"eps[19,10]",-0.730251097586058,0.0102860880523504,0.834737639666549,-2.30761764046707,-1.30795120660506,-0.76154368757488,-0.171219549092716,0.93019433507306,6585.66323079567,0.99952285365326
"eps[19,11]",-0.646968535069264,0.00949539106009388,0.870803982788803,-2.32092176777943,-1.23663016920942,-0.652448551009182,-0.0577832464600953,1.03140000577139,8410.37000214566,0.99982560131068
"eps[19,12]",-0.166811424310407,0.00869882108261408,0.858151521997731,-1.83081450728781,-0.739863485191156,-0.17318204254429,0.409823236511352,1.51914740162292,9732.11332544776,0.999774751787001
"eps[19,13]",-0.172309226435482,0.00942246963250722,0.888608653254693,-1.88875172101058,-0.775640419832794,-0.167501897256421,0.431983825668866,1.55453268735993,8893.88650815297,1.00002966366071
"eps[19,14]",-0.084799867870582,0.00914949405493146,0.949775531305337,-1.92278079633388,-0.73767101613525,-0.0875608485455449,0.563756000819579,1.79136182325478,10775.7571457098,0.99976582941009
"eps[19,15]",-0.28813950896112,0.00871707201601057,0.887836571030716,-2.00146339352,-0.899013925909105,-0.294115686530837,0.301245092419047,1.47200106591686,10373.4876078525,0.999661590501492
"eps[19,16]",-0.193016223036462,0.00859116619613918,0.886987150707204,-1.94564701936071,-0.786284735543426,-0.205455366857407,0.390730913912247,1.55479579679905,10659.3424743967,0.999768882741576
"eps[19,17]",-0.087286663371584,0.00839718157825999,0.931339494984082,-1.92650973490768,-0.711927484046257,-0.0963927364765491,0.534871651263519,1.74372677299156,12301.2417044317,0.999879001249508
"eps[19,18]",0.102239235043856,0.00850866924046083,0.915237467604661,-1.68594088906191,-0.517302757399735,0.0908938785033782,0.729672552404673,1.91353655623559,11570.2914418768,0.999664027050365
"eps[19,19]",0.0706813593662924,0.00900510456242808,0.94364685770163,-1.78484722759254,-0.564849019555192,0.0754624973345434,0.714236211469974,1.92884222513278,10980.9894973823,0.99971504685443
"eps[20,1]",-0.31617463834163,0.0107623758554357,0.712112190753334,-1.74856318236317,-0.784185905993121,-0.304071535908429,0.167865697928303,1.05468011911956,4378.04812737196,1.00003912551571
"eps[20,2]",-0.588455132444018,0.0091235528507467,0.748710220888075,-2.08657927292107,-1.07559700324221,-0.580065809666538,-0.106528613186696,0.89171927227202,6734.40978449936,1.00011315349414
"eps[20,3]",0.393417611038386,0.00851428110980043,0.76576205739471,-1.10667898174512,-0.127747336244072,0.388138192862362,0.89771656445275,1.91706970061493,8088.94193287708,0.999663114111181
"eps[20,4]",0.520507145296567,0.00965462016866933,0.77338881733923,-1.03570258880339,0.00770872039260226,0.528667818947153,1.05736427615398,1.98334828433159,6416.90177409122,0.999735473336536
"eps[20,5]",-0.49255396991421,0.00998929115859969,0.808306654370928,-2.04947373863728,-1.0345997308673,-0.502348399958877,0.0444374194157057,1.12662858694273,6547.61243487131,1.00074639712771
"eps[20,6]",-0.601890088066962,0.00925887835862697,0.80698349003167,-2.1780806880995,-1.14653233078903,-0.595285491003221,-0.0580876258282656,0.988521822070543,7596.48251175752,0.999997308110575
"eps[20,7]",-0.613700214583179,0.0104206886640557,0.815331362557387,-2.22378593474484,-1.16380000073556,-0.618379481997963,-0.0746468485377687,0.979077250875821,6121.74809639606,1.0000126087529
"eps[20,8]",-0.436306919645649,0.0102307096615454,0.868138140787787,-2.10843749403332,-1.01600325905817,-0.462754225870261,0.138358137406656,1.32173132171615,7200.55801702902,0.999815046012551
"eps[20,9]",-0.521825540442435,0.00912670016377575,0.818464991598885,-2.13283871805396,-1.06978919236596,-0.528588117362743,0.0358769476432555,1.08893052558927,8042.15890062056,0.999735828365068
"eps[20,10]",0.107736808327753,0.00919344855350692,0.808464087256449,-1.50608826088329,-0.427092374019674,0.105087650516667,0.646591376357961,1.67746755063629,7733.2947893724,0.999877856421134
"eps[20,11]",0.307218499352435,0.0108889919649843,0.870336470727059,-1.37139562952754,-0.297570456201306,0.305149114688821,0.892792571089101,1.99454158939605,6388.50164012979,1.00005795466955
"eps[20,12]",-0.693111019866846,0.0121825774784351,0.923407583594247,-2.46626947038591,-1.31393683232629,-0.713106349431094,-0.0721430614588456,1.11840967816356,5745.24442110375,0.999828305054652
"eps[20,13]",-0.231959843341306,0.00895438906477617,0.88167147550132,-1.94473311093713,-0.813811104211302,-0.224559749226715,0.354377817294836,1.48242504441838,9694.86263534937,0.999767176806919
"eps[20,14]",0.020259548307026,0.0100242089380627,0.943070499142617,-1.83097991048406,-0.624612777146966,0.0255018618955414,0.680594788363876,1.83603512466479,8850.91354717219,0.999826330280012
"eps[20,15]",0.28012191484612,0.00944057038865435,0.912571094830982,-1.52062035477358,-0.344008600840333,0.261556534945143,0.885171652701309,2.06040996735732,9344.08860344627,1.00038536254917
"eps[20,16]",-0.490998405156522,0.00943944286451537,0.900226951284424,-2.21864485404069,-1.10116146529845,-0.499097244589463,0.12206845456124,1.2962638329843,9095.17997958352,0.999755223187378
"eps[20,17]",-0.396559208013639,0.0090758259658824,0.930375994199496,-2.19792839636996,-1.03002670520908,-0.408569588148424,0.223987816786954,1.44837652248132,10508.5954494146,0.999729397536832
"eps[20,18]",0.162718969933083,0.00958519490376784,0.963770654147333,-1.72302825192456,-0.484840449542083,0.164122847008223,0.811804889169221,2.02467394175529,10109.8683509357,0.999904837375546
"eps[20,19]",0.396272673509665,0.00831876804321602,0.957672436138245,-1.49599446681127,-0.246161478877899,0.397409837015661,1.05143261024797,2.26928373399225,13253.0533360438,0.999779942056498
"eps[21,1]",-0.29094265156059,0.00924641685952409,0.704363175673739,-1.63675000639038,-0.775522453233683,-0.294568906438488,0.178960134546022,1.10270474478639,5802.9168510472,1.00013571990214
"eps[21,2]",-0.455699557903212,0.00899432663826092,0.756507332182277,-1.9482552835861,-0.963366867819424,-0.452515737877114,0.0543179903721328,1.02021297009692,7074.38958300379,1.00033213401141
"eps[21,3]",0.580699194961511,0.00789028509467896,0.747431813137495,-0.841087893105189,0.0791728580556244,0.580713037629707,1.06929408300669,2.06644467148174,8973.41527456183,0.999819634619238
"eps[21,4]",-0.0356170161243445,0.0100493955022358,0.782821492989528,-1.58410899267192,-0.556706667306252,-0.0359831283885055,0.496372245724731,1.50521962023495,6068.00045872602,1.0001515026504
"eps[21,5]",0.305186973608729,0.010689816778391,0.806723221366192,-1.28341232972493,-0.245630451454859,0.334005725776904,0.851034595461177,1.91106522447755,5695.19493019157,1.00013602367051
"eps[21,6]",0.120381893965291,0.00938800074840488,0.795156416897455,-1.45074232135114,-0.396751608113579,0.124245029022561,0.651283567058829,1.66897147281801,7173.95924263659,0.999647245512801
"eps[21,7]",-0.379282026227551,0.0102308587573028,0.808440920226221,-1.93283406982322,-0.918109876286323,-0.379623004938002,0.149087963947479,1.22718674512632,6244.13662996185,0.999826284641274
"eps[21,8]",0.186960635467894,0.0102885854414815,0.857530209806037,-1.51558079655883,-0.39096947221595,0.192464865952044,0.780475468913747,1.83864261372983,6946.8435833198,0.999981411079549
"eps[21,9]",0.0413906274119603,0.00923665036005887,0.813696802454044,-1.54308441961661,-0.492527799397404,0.0431376126456536,0.577195175292871,1.62933992068473,7760.61627221951,0.999926668316979
"eps[21,10]",0.854664252665526,0.0103355536135561,0.816360246409406,-0.808727385056373,0.322904500402146,0.866924048519929,1.39192757116032,2.4293461255847,6238.73024849155,0.999832066345257
"eps[21,11]",-0.438052629694903,0.0113812191388443,0.883833205833922,-2.10817016424827,-1.05381794068118,-0.44989540398342,0.164003603240279,1.31338083187394,6030.63518396233,0.999916601258191
"eps[21,12]",0.548755460073892,0.00983434369852221,0.89139538123245,-1.25474443488722,-0.0330027872626894,0.559463654323748,1.16204890875488,2.23972720174942,8215.80256889177,0.999720388203882
"eps[21,13]",0.206365642649313,0.00934320359948858,0.888572995336343,-1.53725998463619,-0.389461085971427,0.21205626226739,0.801535745865356,1.96638310645935,9044.70893237832,0.99979387824667
"eps[21,14]",0.072948989658787,0.0103377090438319,0.978434603237075,-1.82208971724675,-0.584747264949016,0.0747090702138166,0.737170968692742,1.99875447103662,8958.08125824738,0.999929780268625
"eps[21,15]",0.345030085638392,0.00942680632663666,0.917945985028849,-1.46268496666118,-0.26737559389495,0.350867256701704,0.967313592306463,2.11596878830092,9482.1120713765,0.999632604537841
"eps[21,16]",-0.254253113954008,0.00872584085924581,0.8985842643112,-1.99562223050956,-0.864636837092285,-0.274490670590464,0.353858652110145,1.56212723150719,10604.813664309,0.999734834507451
"eps[21,17]",0.00993558554219712,0.00934035373870199,0.945250902359217,-1.83623669006326,-0.623067057402329,0.00753974040083975,0.660582295414673,1.83772419889121,10241.5939401574,0.999773657893177
"eps[21,18]",-0.0575097659412402,0.00936903585552789,0.932556883887098,-1.87717600096879,-0.696873118044655,-0.0568714399315501,0.582465271969766,1.7489560080602,9907.42657800864,0.999778218608615
"eps[21,19]",0.557944177477508,0.0100848062198195,0.954412925982123,-1.30911533990786,-0.0807971209705768,0.560309501131435,1.21363710837637,2.42055761745564,8956.48307948334,0.999753697344483
"eps[22,1]",0.544183222261613,0.0072110816555979,0.688271711506776,-0.817209162258624,0.0904896251411463,0.533230721855881,0.995441502456044,1.91781764540306,9110.01335039189,0.999910950026918
"eps[22,2]",0.382721986762566,0.0103950304004757,0.766300838668007,-1.13430828698098,-0.121148053098306,0.389379724681828,0.893385838097321,1.8588241087469,5434.34334820833,0.999968958906131
"eps[22,3]",0.168155530550542,0.00811388700261938,0.737183217809997,-1.29382321443085,-0.313370122174972,0.162507325509245,0.650368793205523,1.6247397438762,8254.5417632048,0.999884703632471
"eps[22,4]",-0.656687495696846,0.0106011244524772,0.796294505287486,-2.22681604505634,-1.19627768679813,-0.660558955648173,-0.144351601601089,0.90559151016418,5642.13628121981,0.999933199117281
"eps[22,5]",-0.330091790316445,0.00964398958043543,0.78111866869245,-1.83502610214005,-0.868793761723639,-0.336705175866635,0.198158466908586,1.19581368345243,6560.25272201732,0.999742366673843
"eps[22,6]",-0.18107884838771,0.0105315750557283,0.797861886845132,-1.73574924096264,-0.719533785262979,-0.186481931269051,0.356790838914695,1.36954658656585,5739.43028486281,1.00002546684564
"eps[22,7]",0.124129989191055,0.00909970031311124,0.799104575782495,-1.44766899268866,-0.42265314588946,0.131476272453413,0.651414309818235,1.72595925866714,7711.75201743206,0.999648067034659
"eps[22,8]",0.212204207510009,0.01029291982552,0.843944586715548,-1.44146585806236,-0.346434704519821,0.199874085151305,0.783023128009345,1.86332729302921,6722.80762229737,0.999968121113699
"eps[22,9]",0.254772311358211,0.0086199350462915,0.813951017656912,-1.3632390742987,-0.268154691754661,0.25456215668284,0.802798482577011,1.84656012929121,8916.37969873036,0.999982038703804
"eps[22,10]",0.845727814199744,0.00870593686005401,0.812989335689976,-0.75099556886217,0.287978578911562,0.861046155982569,1.39714340038387,2.39350708979587,8720.44548369374,1.00014014787391
"eps[22,11]",1.04634997346786,0.00951393345067767,0.847344929503123,-0.622707149615977,0.472450914520915,1.050947866199,1.60969476091488,2.71321408372978,7932.32046805126,0.999972824767926
"eps[22,12]",0.0125540261424399,0.00903262659891585,0.850441522067447,-1.65020233744208,-0.550417264311925,0.0202146528379617,0.587186841153952,1.67752439983613,8864.63376287347,0.999619315606707
"eps[22,13]",-0.0476072329141315,0.00893923657297963,0.868109795488042,-1.73605111560205,-0.639018458950303,-0.0577876098139033,0.548750775019474,1.63519285509709,9430.79819514724,0.999854338787521
"eps[22,14]",0.0892332905694142,0.00973109808481504,0.961872614685018,-1.82550090248587,-0.567472062035135,0.09439299798981,0.756891760506055,1.92804348470609,9770.37921622348,1.00030742531084
"eps[22,15]",0.407991031087217,0.00893675431723212,0.89596485527726,-1.37643522983976,-0.184665412790853,0.411892735153965,1.00033778507963,2.15348279017487,10051.3017590677,0.999581822072976
"eps[22,16]",-0.144106804979656,0.00914841820059574,0.874083917533995,-1.89180190346501,-0.718814104229806,-0.135611997960072,0.444414012143768,1.53517627550444,9128.81152749271,0.999781311847078
"eps[22,17]",0.00581575380246461,0.0095214272742252,0.920387772345276,-1.80359728664149,-0.608666852410927,0.00548387869078128,0.628002406225427,1.81103415088774,9344.1020194157,0.999686420526253
"eps[22,18]",-0.243702109984232,0.00864445518856089,0.929420694581767,-2.0540492080424,-0.86851502118689,-0.250777589682536,0.379456416495134,1.57781545773487,11559.7760885245,1.00000389441869
"eps[22,19]",0.291450642174413,0.00907359920759845,0.951818804083402,-1.57739507347785,-0.341591473355126,0.302640423231911,0.937367830116468,2.11471183939192,11003.9694718958,1.00007647294115
"eps[23,1]",1.656700441645,0.0108697981575239,0.7505878665195,0.124878707391401,1.1735649892616,1.68441347034782,2.1632465757962,3.06520357586332,4768.26210378281,1.00042288002748
"eps[23,2]",0.175201029563545,0.00931715365427685,0.772577430858418,-1.31875672163188,-0.347558961063025,0.160344278410295,0.691491482962756,1.68710058853207,6875.70948780938,1.00006753935579
"eps[23,3]",0.0520627820832601,0.00998970016027832,0.774384776530938,-1.4745670288591,-0.462986866593686,0.0320250884100913,0.5579869031333,1.60837305034783,6009.08997911515,1.00023247528557
"eps[23,4]",0.569740810340317,0.0129281258790775,0.839831914779035,-1.1534416794663,0.0244752533691521,0.587406440903532,1.14876916337772,2.15171356748941,4220.01120986172,0.999726787729281
"eps[23,5]",0.259026502855032,0.0112252688890159,0.804297163893526,-1.34736767178101,-0.277710225983099,0.264864640097099,0.798071516529123,1.82834125318058,5133.807367606,0.999792819443468
"eps[23,6]",0.971881887134679,0.0101485540276595,0.825149320128475,-0.673520853611655,0.417807961769127,0.981612734611053,1.52500656794157,2.56436784997673,6610.84167340823,0.999740591188306
"eps[23,7]",1.19561630430857,0.0108604541353468,0.830679971735575,-0.49143940696412,0.635256796829181,1.20952624269659,1.76152982200354,2.76614269500187,5850.21069100129,0.999843751991053
"eps[23,8]",0.178268277049809,0.00898984757950937,0.819751159898168,-1.41498758087452,-0.389420089823976,0.179579108258274,0.727519003001908,1.79642525837814,8314.94580234365,0.999895269159983
"eps[23,9]",0.136553076988983,0.00935739433385992,0.8302292531514,-1.49785763881245,-0.426448490308482,0.13552332214023,0.689449520720535,1.78571455961349,7872.02020434942,0.999604810182145
"eps[23,10]",0.108670508717224,0.00948336229552045,0.835850684801814,-1.49936177186227,-0.466315639533279,0.10538558364903,0.667053025548885,1.75524029852904,7768.42040841888,0.999800738394334
"eps[23,11]",0.906361679139507,0.00923474626325668,0.874623623490632,-0.850948572012283,0.34494194793255,0.914667223195069,1.48922394485345,2.59333469968442,8970.00060979547,0.999654243114394
"eps[23,12]",0.188918314861662,0.00915054553227894,0.835963376908319,-1.44598212707886,-0.380018740745904,0.196233612807038,0.774344637312686,1.79791271280827,8346.04132113462,0.99981941545163
"eps[23,13]",0.0437802887280553,0.00913433954843801,0.865079123547925,-1.65475753829652,-0.542561712840309,0.0562691129754574,0.621388689345255,1.7118371041647,8969.27542077523,0.99979113085272
"eps[23,14]",0.0037807190550893,0.00873183023419584,0.945650249835414,-1.83960336752957,-0.62746777144465,0.0127357774048048,0.634278676241564,1.85285017786186,11728.7172399751,1.00021865569154
"eps[23,15]",0.207334887013162,0.00825104208918507,0.901739062981383,-1.59634055384414,-0.38986317986904,0.198706029026109,0.807728008136338,1.95527053017906,11943.8450928402,0.999632427061908
"eps[23,16]",-0.127232230823795,0.00860421530591442,0.869344752572047,-1.87436171790783,-0.709815581505468,-0.128991710210902,0.465275328923905,1.54043360762945,10208.4906511946,0.999733031087357
"eps[23,17]",-0.00297615611735065,0.00867844723961969,0.934694281046278,-1.82348642925764,-0.62618417098677,-0.0120190898728582,0.619253397810139,1.81551840119774,11599.9232524846,0.999563477345048
"eps[23,18]",0.0339199133595711,0.00961157593139004,0.944273247894626,-1.79803993552301,-0.601582893355063,0.0250502703194179,0.649468760826749,1.89509722243214,9651.75233610114,0.999652770092419
"eps[23,19]",-0.124883744869589,0.00829237546940224,0.949671051116229,-1.97098241551389,-0.763600620323441,-0.132943349101204,0.506184562720519,1.74232103146374,13115.6096525806,0.99980665259029
"eps[24,1]",-0.224603923165654,0.0101210229442161,0.731989405742428,-1.62421049531796,-0.740802483923032,-0.237475977694245,0.254282852887009,1.26474544968814,5230.71155959185,1.00055051417555
"eps[24,2]",-0.549591722721085,0.0115859970465892,0.781277509671902,-2.06432145906129,-1.06141781871187,-0.560204118015169,-0.0450040708826906,1.02233574436319,4547.19750901676,1.00080996271106
"eps[24,3]",-0.307737441231986,0.00987393387636201,0.7480328088415,-1.77617116879193,-0.792756814061278,-0.315285000876362,0.183968243166374,1.15245835850975,5739.3256053692,0.999981974987193
"eps[24,4]",-0.0928823742577843,0.0101967068718576,0.799699075986243,-1.67894117448057,-0.632669730418253,-0.0767917461378284,0.457312107294349,1.43904203861444,6150.82426624613,0.999897881527855
"eps[24,5]",-1.08310802075249,0.0140837515581392,0.82769857816524,-2.66188007614515,-1.63772571515748,-1.10272781235352,-0.539258443457229,0.568775678150302,3453.88368223869,0.999837789987651
"eps[24,6]",-0.127691987448269,0.00998229802989449,0.808186700056855,-1.7170080674582,-0.678501615173776,-0.137138645389788,0.418866909667004,1.46008110430236,6554.84361037405,0.999663809928151
"eps[24,7]",-0.15709375546673,0.0102274095346632,0.843173841394348,-1.7625767457341,-0.720987540708708,-0.16736017739974,0.404310220859857,1.53001875776557,6796.77597646151,1.00046686773555
"eps[24,8]",0.447852968873443,0.0119676226475082,0.8707585140078,-1.27113893879702,-0.142601711965496,0.450049974381383,1.05020815352462,2.10398164010651,5293.94817175853,1.00139987865043
"eps[24,9]",0.885965170128577,0.0105795865672673,0.84262666253354,-0.806986602916263,0.319689492632061,0.897128913754456,1.46902629613273,2.4795967135915,6343.55925584112,0.999925392324641
"eps[24,10]",-0.600955751277043,0.0120983413452549,0.845095690607398,-2.1845613424731,-1.17310515029586,-0.619398244233499,-0.0522380385163552,1.11947046577138,4879.32905142251,1.00014167774329
"eps[24,11]",0.305878588880626,0.00980216072300307,0.881257589700967,-1.41502122839449,-0.277664183129758,0.308594894619948,0.896269446141479,1.97182138036406,8082.80501349252,0.999769499959086
"eps[24,12]",-0.440739377709295,0.0104631412487946,0.893957765155868,-2.17178852605893,-1.04989725493944,-0.445200787471044,0.146413366556898,1.30192882552544,7299.78091261522,0.999842955881347
"eps[24,13]",-0.179217232165993,0.0103254904853068,0.906897026243384,-1.95068789149721,-0.785958666085423,-0.175263743411592,0.427924046607421,1.59654135448058,7714.26536123209,0.999734647958943
"eps[24,14]",-0.0665884031125521,0.011872405571676,0.996912742590613,-2.04271886535627,-0.738373773272382,-0.06810599649572,0.60928539121761,1.88250366583083,7050.77484297847,1.0001739562954
"eps[24,15]",-0.204939232678895,0.0107117665469921,0.940501566028155,-2.0820974341884,-0.842107530333377,-0.209512957605418,0.433688737080106,1.61151888188316,7708.97873948756,0.999630866431162
"eps[24,16]",-0.306485321701095,0.0102983881182241,0.925318740947562,-2.0951801110241,-0.93817542685397,-0.310712453824385,0.309583548359929,1.47624993850714,8073.17201573756,0.999709328918992
"eps[24,17]",-0.615924111594219,0.0101585977812445,0.931721864376547,-2.42427269065459,-1.23899017546375,-0.636717691322871,0.0243333411013012,1.20313207119551,8412.11194741374,0.999887489383394
"eps[24,18]",-0.164602300883177,0.00905733144220798,0.944051005207074,-2.04877792820399,-0.784092910034693,-0.179696486501771,0.461084532939756,1.72304570055756,10864.0160105136,0.999637370525545
"eps[24,19]",-0.4756111956334,0.00985474390542468,0.956464816318478,-2.35383046824286,-1.1020694868687,-0.471073185683175,0.145374834856298,1.43554195821959,9419.92212770715,1.00028212787676
"eps[25,1]",-0.16291304050305,0.00925995627851019,0.72204198743751,-1.55339419730437,-0.643410430172869,-0.195418579830973,0.306431977913441,1.32052142580914,6080.04836007017,1.0001764416262
"eps[25,2]",-0.0610110653857106,0.00971081689843264,0.780539992673419,-1.61394583984459,-0.574798368851536,-0.0669846639226015,0.444001085428002,1.47812918188555,6460.68830703572,1.00028149891543
"eps[25,3]",0.106654614513286,0.00985208396067035,0.763937886599713,-1.45839247087921,-0.393716265344964,0.12502649274737,0.617507913597596,1.56131871691999,6012.56645021422,1.00040228237112
"eps[25,4]",-0.0920912978162495,0.010655113171625,0.768178872980769,-1.61715486269731,-0.598768186116984,-0.0815622414251727,0.433297367239368,1.40577571582146,5197.66857573197,1.00018113944311
"eps[25,5]",0.657970168907608,0.0137625976885339,0.834771724613257,-1.04083721950612,0.100862197727159,0.671126875418967,1.21502046153829,2.27318751013403,3679.04102868888,1.00048617336733
"eps[25,6]",0.193733009901985,0.00902028931393416,0.787521706769538,-1.40495688068099,-0.325373943217697,0.197066007167054,0.728566737019945,1.70320949486224,7622.2665533043,0.999693432905449
"eps[25,7]",-0.184216938847012,0.010264912653294,0.811099794615931,-1.78791229948343,-0.714771363224519,-0.188321946159285,0.351105252977725,1.42429845819122,6243.64305052138,0.999822225109731
"eps[25,8]",0.0741334692865003,0.00988510052161714,0.849927757733778,-1.62133191050283,-0.484853772359805,0.080237143069537,0.640085516222715,1.76491287805845,7392.67895138385,0.999846270166644
"eps[25,9]",0.317982834445417,0.0115113203061055,0.937135733896795,-1.51851406578331,-0.31586186372976,0.325289905993872,0.942645697583318,2.16425754558964,6627.57604587208,0.999638764523396
"eps[25,10]",0.583364484842807,0.0103524269012236,0.827503687528942,-1.0877813853243,0.0362032065269583,0.588228004486651,1.13732506187312,2.17008710173957,6389.33310218749,0.999762284032376
"eps[25,11]",-0.367682430861128,0.0100616187559534,0.889748806171066,-2.11617255733063,-0.972418460579136,-0.366694599764109,0.229294198418444,1.38383339800603,7819.86243177827,1.00010086490895
"eps[25,12]",0.428446702512528,0.0100625365310826,0.888029291405005,-1.35827268130479,-0.174353677809972,0.444653328399417,1.04143410976857,2.10046808885356,7788.24566640202,0.99967084889635
"eps[25,13]",0.542002369117247,0.0106161120893768,0.924490315262761,-1.30688798370818,-0.0717673901637141,0.546267128145648,1.18684359328246,2.30946327951161,7583.57072210331,0.99965607426348
"eps[25,14]",0.0409056036595534,0.00943074480376728,0.962501714725823,-1.81803605345365,-0.617354979441591,0.051732569645428,0.688961482726893,1.87173443348733,10416.2414367443,0.999658546840023
"eps[25,15]",0.586439164527272,0.00916957017511595,0.905370993077555,-1.19590990474536,-0.0168460564705652,0.605181015807212,1.18555487409006,2.34205856058179,9748.89056339303,0.999776742586711
"eps[25,16]",0.139648361544141,0.00872203323135419,0.90155653903795,-1.6046486002578,-0.468779784609515,0.140030119291716,0.750951737685761,1.9031443553041,10684.4079381399,0.999612013826169
"eps[25,17]",-0.0643728862863696,0.00961903711624746,0.937793481154782,-1.91519451015812,-0.680771131733267,-0.0705572401960901,0.574843550813072,1.78183035248931,9504.98023261706,1.00030458642016
"eps[25,18]",-0.0728825906040338,0.00939046948028512,0.970847814605217,-1.97905700264778,-0.721749317130026,-0.0793822514439672,0.577233871926205,1.80406301064184,10688.7693000587,0.999807610220112
"eps[25,19]",-0.420068913791168,0.00884159243177144,0.937881682366646,-2.22397547410657,-1.05459147449088,-0.439703977283971,0.208489535300563,1.42969299459998,11252.1399369605,0.999786199191233
"eps[26,1]",-0.40550138054434,0.00860044591508425,0.703404555814801,-1.79084717699913,-0.8781507489201,-0.408846822424177,0.0666030133822878,0.991174236374978,6689.11119619974,1.00070090759879
"eps[26,2]",0.192319113930567,0.00962035383859986,0.791314748829485,-1.38257923049588,-0.355692299812748,0.193803369557371,0.743836803541339,1.7114474272995,6765.7575236761,1.00004288489895
"eps[26,3]",-1.2449137877013,0.00966780709675278,0.769853307572265,-2.70380985672222,-1.77100701717539,-1.25593975110369,-0.739762843051191,0.288670441407564,6341.03291388405,0.999967292900177
"eps[26,4]",-0.710396854675866,0.00851894041639478,0.784249185365694,-2.22882309972064,-1.24760439524904,-0.717122859750253,-0.190232398200922,0.837262921450037,8474.94700375923,0.999789709002114
"eps[26,5]",-0.775221571430734,0.0104279629007736,0.808118751599147,-2.34006671621987,-1.33785790245766,-0.777555721746088,-0.231845720349345,0.827309622871992,6005.53100786766,0.999638387496618
"eps[26,6]",-0.283584889128209,0.00874379254031352,0.780965561546696,-1.78182963617512,-0.814188314567482,-0.276388363794394,0.223840225544942,1.26483615499899,7977.44973896349,0.999973286405876
"eps[26,7]",0.0324203895550284,0.00938770618797202,0.81636633616819,-1.5856008816032,-0.514977882203113,0.0309747160809781,0.589004330127114,1.6029236229596,7562.25291426001,0.999681975301733
"eps[26,8]",-0.0922247341737425,0.00964508784523112,0.848604082871471,-1.74131891477339,-0.658622666525288,-0.0871810814445902,0.475493238128885,1.59102671834706,7741.014108588,0.999976508925724
"eps[26,9]",0.26502719880865,0.0108789404221526,0.927201660510335,-1.57280697058876,-0.342077568276079,0.274838944129367,0.872226783427172,2.08413531776511,7263.98944911682,0.999799483214869
"eps[26,10]",0.255400283585267,0.00959336082111746,0.816535356088287,-1.35724557082993,-0.298914709268151,0.265378101787572,0.81229196803571,1.83370435704073,7244.50022836774,1.00000559713805
"eps[26,11]",-0.157442772443788,0.00958268499311471,0.859602578002926,-1.84287953109631,-0.737619434799437,-0.156116816817479,0.426696003676389,1.53579712119817,8046.75900190107,0.999758161304178
"eps[26,12]",-0.444465520527611,0.0100471437733313,0.895916766314747,-2.14756101973745,-1.05033748301458,-0.457998142629514,0.14050761705186,1.35396968071385,7951.51887561737,0.999564670468899
"eps[26,13]",-0.288103997368666,0.0102522953895485,0.905325536282526,-2.04939567393323,-0.902663808406069,-0.29897301668693,0.320855404543128,1.53321554637821,7797.71431600915,0.999839494049603
"eps[26,14]",0.030918739066678,0.00939670979751175,0.928607449389018,-1.80333186025926,-0.602591904361548,0.0371673297707076,0.665303575529548,1.90415016034427,9765.9095467919,0.999572617390176
"eps[26,15]",0.233236163275001,0.0091362137947077,0.916260269007483,-1.57561125136578,-0.367073231434116,0.236483693624177,0.847140612614195,2.0172101461225,10057.8511111821,1.00015953290217
"eps[26,16]",-0.409775078848143,0.00931355151264113,0.917113866812539,-2.24810469665983,-1.02628691837639,-0.402371675868621,0.216336448942472,1.39502657124073,9696.51956709239,1.00007517315874
"eps[26,17]",-0.341281037883925,0.010346455433722,0.966380553389673,-2.22009393704015,-0.997316459935473,-0.328686101464107,0.309427921284999,1.58899251196177,8723.9502681046,0.999750342377271
"eps[26,18]",-0.0468980239833653,0.00976115183543484,0.971840663547573,-1.91912501253036,-0.720120294962706,-0.0560841145145559,0.611803125539152,1.86496619376811,9912.60947966148,0.999699890170369
"eps[26,19]",-0.149109639542345,0.00900773492902423,0.948579047050381,-2.0306675482542,-0.811974752845659,-0.137068081711561,0.492288962869666,1.67941910133351,11089.5994353117,0.999625935752393
"mean_eps[1]",0.00132046492931262,0.00234225231755079,0.190941707748,-0.364328292945249,-0.132048451650872,0.00157641727242943,0.131269450138524,0.37418143389986,6645.60080893536,0.999795672570495
"mean_eps[2]",-0.00335775036036041,0.00210384804925968,0.198364551360489,-0.394094014951026,-0.135045664858683,-0.00209139779965076,0.130091859070892,0.388320626057213,8889.95145577026,1.00003059442892
"mean_eps[3]",-0.000907476725917822,0.00210349553791431,0.196737898187434,-0.382385603120577,-0.132361634248594,-0.0008433536155218,0.132392438475363,0.385761024063087,8747.67953428546,0.999910827422623
"mean_eps[4]",0.00233963240576309,0.00197480114259988,0.200498572935649,-0.391401251941089,-0.134924680668936,0.00542074119816937,0.136686905680602,0.394941172561813,10308.0337549341,0.999670392805179
"mean_eps[5]",-0.00184126045321118,0.00202336357132828,0.192279382718756,-0.381407331219606,-0.127413544720338,-0.00185183360255271,0.126990724049523,0.368511605328356,9030.6203562188,0.999672315399471
"mean_eps[6]",0.00169935486050869,0.00207084820504861,0.198807004097175,-0.384437527266265,-0.129264400625978,0.00286506748916485,0.130888888399659,0.395932949555212,9216.51702786101,0.999674349036058
"mean_eps[7]",-0.00113662369586154,0.00215270251576905,0.1967834812678,-0.385355364122083,-0.136517050265323,-0.00194406596764748,0.13260630492545,0.383516510697706,8356.20800406122,0.999613676688164
"mean_eps[8]",0.000738716938537214,0.00187482183874027,0.193105100486618,-0.387477808952469,-0.129097092867021,0.00217966819512605,0.132072175377911,0.376073343083709,10608.8298116325,0.999795604886365
"mean_eps[9]",0.000183332906921519,0.00187109113427458,0.192440876503432,-0.38256138695703,-0.12605602693951,7.13550777906324e-05,0.1291721190891,0.386400813921498,10578.0294222772,0.99974940854518
"mean_eps[10]",0.00062499154737533,0.0019863225328638,0.194160601243073,-0.385555340200484,-0.128148879274518,-0.000526863401257514,0.132268267146535,0.384739632363462,9554.82369318422,0.999653088477743
"mean_eps[11]",0.00135804975696765,0.00199021718285803,0.196784378385437,-0.377982067031189,-0.129313876183565,-0.00092748433311919,0.130690273628213,0.387939503172086,9776.43001157027,0.999565239305708
"mean_eps[12]",-9.21035156657172e-06,0.00173710296256734,0.191764950435854,-0.373992472885367,-0.130689334849682,-0.0017126084284636,0.130383162006351,0.380671149192222,12186.7343160425,0.999555960392377
"mean_eps[13]",-0.000239100385475184,0.00181891948251879,0.193034436746468,-0.376768224724062,-0.13127526537123,0.00182115054239974,0.129507283357206,0.374469450252301,11262.7031076735,0.999542995012932
"mean_eps[14]",-0.00293298079832177,0.00182112695791395,0.192267663443439,-0.381304616245822,-0.134096785983723,-0.00228330327810759,0.131559101237345,0.370090983809809,11146.3339495482,0.999677059113411
"mean_eps[15]",0.000243478993688521,0.00185208517102992,0.190065684204108,-0.362936316755521,-0.127926362286799,0.00174985189471005,0.127522923196693,0.368608809514448,10531.3856780058,0.999687614000521
"mean_eps[16]",-0.00203244984609253,0.00185251924610822,0.199564544298926,-0.38524642289542,-0.14179446859216,-0.00245987247370124,0.134272949055554,0.385797930748991,11604.8975880699,0.999757104691576
"mean_eps[17]",-0.00104491680482698,0.00173731683178397,0.196059221877032,-0.388834890896514,-0.131834121082745,0.00051947035395543,0.130807190006426,0.381311164253858,12735.514503757,0.999642718787559
"mean_eps[18]",0.00195639486534263,0.00165078313223047,0.189655945035227,-0.364909422369179,-0.130293263661437,0.00446408227754127,0.129536719990439,0.374900278478922,13199.3600756325,0.99967829687929
"mean_eps[19]",0.00278955422241053,0.00176758319178185,0.198001562076395,-0.385855543270505,-0.128128181709337,0.00378679485773167,0.130276661596612,0.396271770168392,12548.0865844024,0.999856194124637
"N[1,1]",136.590072680522,0.957959498388688,36.1775095081935,81.9196304116728,110.565493068082,131.311143459278,156.552331702002,220.941868165614,1426.2085538443,1.00239988520187
"N[1,2]",623.391579742869,8.50831202654146,452.742117075089,180.316413682919,348.976593230567,501.312824743944,754.325225902083,1733.14215885604,2831.48964506898,1.00171727087407
"N[1,3]",54.390193987373,0.653696416572022,34.7177874151387,11.3549169533619,29.1952799170902,46.6991510847339,70.994105316438,142.483031769345,2820.66734404305,1.00122698439564
"N[1,4]",64.5604018229253,2.36921574919554,91.6409002219746,1.04741714446464,5.66514561216449,20.4908341873773,93.58986357633,316.456452180646,1496.13048339415,1.0004863769037
"N[1,5]",892.465215461668,10.5063634154751,641.105244448845,241.355474318254,511.44857882062,734.268517420812,1086.57305412882,2445.70864943725,3723.52111685467,1.00064438318195
"N[1,6]",357.656888902716,1.57619111705474,93.5007185174362,214.414933942264,292.575377748434,343.941136336618,408.04436595052,577.419939122372,3518.9422961409,1.00052573209417
"N[1,7]",1333.17727651758,5.75641967402905,379.899018706268,740.392517771729,1066.0849055033,1284.14404620801,1531.91696912539,2208.27013885336,4355.43408832444,0.999840900717926
"N[1,8]",433.605320318349,4.12855121176547,263.05988599718,115.509300830273,262.130568363341,386.921234602918,542.088241997948,1028.08494629779,4059.8865986694,1.00006187011455
"N[1,9]",103.132235123194,0.405299549900282,30.1392554773313,56.4200442224027,81.6826673571466,98.8889562929238,119.883260806754,173.100945367838,5529.84294329177,0.999682259660809
"N[1,10]",508.85604483407,2.18372501970551,133.580774856346,305.347562951163,417.265126613515,488.279545732366,578.240919959841,818.222570784017,3741.89861807618,1.00026466674244
"N[1,11]",277.205925027427,1.38523418251302,110.836944556612,123.785844067925,201.672380194775,256.584022602457,329.822163023744,547.722449445084,6402.10349434898,0.999629413953877
"N[1,12]",1392.68890672063,6.42931694217015,399.620206042437,788.289255721182,1106.32974305778,1338.44133306354,1615.25077231303,2340.82350547559,3863.36025747427,0.99968904972357
"N[1,13]",1015.89508064617,4.80834404916851,301.920623360959,550.400972166867,805.768259769494,972.235311727489,1181.02049134613,1722.39271525612,3942.70686473884,0.999872183674705
"N[1,14]",47.3498161821286,0.293282460370279,22.2483728821877,18.0541986962091,32.1366275951829,42.8239955121766,57.6967563633641,101.758702444906,5754.72172076185,0.999921342301449
"N[1,15]",106.378928802589,0.565030888795252,43.5384193530503,45.3468425074029,76.1687113305724,98.1489447347301,127.580370803045,214.134399215064,5937.46326530999,1.0004581257765
"N[1,16]",249.259730121923,0.90692776861983,58.6390232049147,157.969897100042,209.00283629482,241.358711438463,281.291119294074,388.42424815771,4180.49834351818,1.00037006504002
"N[1,17]",255.807472210979,1.56483648478553,86.3190210660365,130.671339610033,194.295339046819,241.000570544698,301.00237261475,468.659223925947,3042.81176105825,0.999794501501941
"N[1,18]",5401.1208289666,24.7615226573068,1308.95271667602,3336.21974716171,4477.78951913805,5246.17035539782,6153.90178253717,8441.95292879208,2794.42992377551,1.0002496640039
"N[1,19]",616.819369122847,2.0865926015216,155.637436434681,368.418481986015,509.087651516327,597.68689149801,704.540146713774,980.641913043085,5563.56045025992,0.999953773067139
"N[2,1]",267.2846883073,0.61268584896068,55.6982806021946,174.559072042275,228.529530997755,261.723668317065,298.615907426449,397.249154235992,8264.3343329815,0.99967530868493
"N[2,2]",763.894545840141,8.09361027721705,495.836338659797,211.19041459736,441.182359251419,641.480248790994,933.982681362869,2078.0350832267,3753.11720519897,1.00057634452017
"N[2,3]",54.4092304868568,0.461321976330382,31.0582696947146,15.7460482107327,32.7743845186548,47.5324122883274,68.5277128164003,131.293633620435,4532.58780384408,0.999904367886773
"N[2,4]",66.6842775860906,2.50988264739597,107.436988911211,1.39284436481965,6.95400163270497,22.8718262970123,84.2646569036372,363.23054226472,1832.317899399,1.0007806403451
"N[2,5]",1342.05300316906,13.5965687764114,953.494697745248,323.287659948899,733.728844593683,1115.99404654698,1650.17435982304,3717.89715909631,4917.87988173147,1.00020372542337
"N[2,6]",620.371737718296,1.68844877744098,142.31247107633,391.36688876606,522.535244934319,603.219149201302,701.401890189101,948.156772723559,7104.11755790977,1.0002860300027
"N[2,7]",2510.8512159389,8.29217616892527,674.160263642401,1439.95090111268,2037.28258878073,2420.2008777955,2889.58734658683,4059.1444808868,6609.81434240604,0.999829541251318
"N[2,8]",495.953569822243,4.54177110320283,315.447138408995,128.066445011045,292.43931543011,427.591052677136,615.064707306681,1253.97362352809,4823.94889769038,0.999907222925704
"N[2,9]",165.308782482283,0.494433760093949,42.3418763184125,97.1267660878904,135.886710053411,160.259234526767,188.754352733957,265.465728071444,7333.71392241619,0.999859070940108
"N[2,10]",955.863907283021,4.11882540308994,239.53693645804,564.632388822135,785.309969083045,930.532505783096,1095.76044843969,1494.40085326834,3382.19167731229,1.00031107335597
"N[2,11]",297.67015176825,1.4728820377068,117.460746507274,132.984063336883,216.03848574705,277.267852335166,354.426349993829,584.900498103015,6359.88966861295,0.999782319849023
"N[2,12]",2071.20556055973,6.7286539140423,548.042400399178,1224.60397947565,1692.6655446206,2004.73845681577,2367.24166596267,3382.13366337368,6633.94608322642,0.999783506421109
"N[2,13]",1477.32953662528,4.80532507368231,375.453784699127,874.033245090477,1214.24031968413,1434.66710180533,1683.96376077113,2335.90705960176,6104.74359918859,0.999741164793093
"N[2,14]",89.386827184961,0.558115884113753,41.7741877791371,34.3002891151861,60.8779275067437,81.4702418339826,108.218554841069,194.656919442471,5602.31163865638,1.0005924706755
"N[2,15]",215.497001311543,1.38093712666549,98.1451407368581,85.1601298714775,149.475013959202,196.444011564548,259.727203054461,450.327202514871,5051.14449833891,1.00019479953164
"N[2,16]",372.560262193125,0.927509335300681,76.8265331171117,245.011068798966,318.288289250837,365.151629580748,417.186289070465,549.263746242239,6860.97587642722,0.999794929727091
"N[2,17]",392.275366070977,1.46303600162508,115.547267731688,216.312866543163,312.272123481419,374.789763775881,452.877135703597,668.331711345787,6237.48242058563,1.00049404868387
"N[2,18]",9577.76954888518,29.1084881594768,2005.47560630403,6221.49161926839,8185.38830777663,9382.93176535978,10775.4389813167,13991.7970180852,4746.74026539642,0.999757210785202
"N[2,19]",821.436599953449,2.49622675569509,195.810038860497,502.687963046291,685.512062632548,799.367920538175,928.632606050418,1270.76438896494,6153.21145012654,0.999974405352887
"N[3,1]",422.125506792125,2.23643831650346,99.1202134030918,257.439890338671,349.751932336069,414.110223502679,481.947801783046,640.158867734938,1964.31262571522,1.00021128951414
"N[3,2]",876.420052212634,8.45687467544331,557.37238787087,230.130494226062,509.356827565946,744.611479864551,1087.95956594584,2272.25228284782,4343.81289915418,1.0004944127392
"N[3,3]",46.214553028012,0.395382130189772,20.7601279407559,19.1590730226271,31.8948896299927,42.1773516220002,55.6796817902938,96.7304208621389,2756.93151224397,0.999844436879252
"N[3,4]",65.028249864087,2.55737122564317,123.19394875246,1.75364417699304,8.02958270901289,23.8596529648231,73.0720330866013,363.409423343456,2320.55145701864,1.00108430509355
"N[3,5]",1716.74494481111,18.9424048031897,1276.14923377723,391.604584274131,920.26746689507,1379.87703636045,2116.73242484729,4984.57928918716,4538.71278993083,1.00029033555515
"N[3,6]",943.543263319202,3.60492740313552,232.131372253898,570.184550668688,781.226774975184,918.779527316821,1072.78527399581,1489.59950733941,4146.43279791694,0.999573984850195
"N[3,7]",3074.5082199177,10.8575967351317,863.382149659523,1736.85331913138,2466.49567431197,2938.7541842196,3553.34274404522,5074.92820686444,6323.22617138067,0.999962835945963
"N[3,8]",551.110256628676,4.90966012535886,359.617351353168,138.995354160383,321.049489317774,463.764231772804,682.742518675719,1501.92129088742,5365.10737845199,1.00000464718608
"N[3,9]",228.236524871506,0.817394416428226,62.9998021827331,129.246123001037,183.731039537878,219.864335833658,264.240632511997,370.259325833104,5940.39109082857,0.999988796781437
"N[3,10]",1064.74392453987,3.83869007220442,271.777324478891,620.099299373698,879.169247825685,1036.2166013568,1215.29587288876,1677.76111811645,5012.56871008589,0.999661035477451
"N[3,11]",316.786326985845,2.1733332259452,141.050887371069,124.425462262797,216.929818532877,290.247287085309,384.164433827254,657.410294347198,4212.10323000113,0.999943462721531
"N[3,12]",2876.92700267095,10.8350617094368,838.301881816661,1579.94022367406,2289.01759201405,2757.96224671399,3338.4602653565,4853.12815936186,5986.01917779025,0.999829031682815
"N[3,13]",2183.58396788933,10.4347979775472,629.458790939076,1174.59853524731,1731.24681420443,2096.62940059868,2553.0453021548,3622.60472529264,3638.86979245237,1.00060055585656
"N[3,14]",121.204893472429,0.873081993348453,63.2062641059294,42.4844209263741,79.1989571663653,107.315288971197,146.753588896612,284.297994435956,5240.95197831829,0.999870489348779
"N[3,15]",264.721541087569,1.63536269699314,125.818699643717,97.9154355885519,178.439133589166,240.429985861516,320.975128261495,586.510603455915,5919.18904308854,0.99965045224741
"N[3,16]",493.31307798325,2.48158408890809,116.214714610999,303.745147420617,411.430748545962,479.498115928314,561.692016379855,748.284616571343,2193.12935644048,1.00048405817196
"N[3,17]",511.87420665519,2.22437382065376,155.116337210317,274.581236398649,401.510535423108,489.476461242091,596.873197181588,867.944213954192,4862.9469521885,1.00002424931765
"N[3,18]",11059.8088648737,28.1512758813638,2322.32613228472,7221.2229837864,9497.04009434971,10823.6400840908,12390.5624929463,16297.4131277365,6805.34665677871,1.00076165831432
"N[3,19]",969.37202787334,3.49856821711436,239.879904730541,572.65286807223,800.021385901498,945.271613383944,1113.51301754023,1509.42825544301,4701.18175977159,0.999862413364711
"N[4,1]",376.328583428871,0.954885641261586,79.0238338926694,244.848556307945,322.100390773065,367.938651503322,421.306692950004,550.948441493717,6848.78394831947,1.00013301815644
"N[4,2]",871.710402061026,6.74961132903644,460.061323883236,281.658711410309,558.203216517501,777.872753412133,1069.45238724558,2010.67876586023,4645.94345275511,1.00041696893044
"N[4,3]",91.0178113662633,0.364245266853954,30.2473749350817,46.4268415964945,69.9455330544723,86.8904640535527,107.122949022443,160.094513354739,6895.84585887071,0.999787241505368
"N[4,4]",58.2312145133186,2.07845032324962,95.729150747433,2.1289067675061,8.75666566413849,23.7647023785307,67.8113340699788,317.613916760436,2121.33430090132,1.00088691909765
"N[4,5]",1655.34505051707,13.2003708813557,979.970858913948,491.126980350187,1017.63574713657,1440.86303543428,2065.72318344285,4139.00972359064,5511.30005135313,0.999837989295256
"N[4,6]",943.622614853553,2.71782471458745,213.286814417187,580.140160020052,795.226901401498,923.322738038891,1071.53612216964,1408.88282016724,6158.64439676611,0.999600071444607
"N[4,7]",3257.08759557587,12.5013515533805,878.501374025081,1854.32008929772,2642.4158180348,3152.50604157027,3747.26770647963,5240.74794968061,4938.22590876993,0.999957134232692
"N[4,8]",526.182097175873,4.01774185232694,289.527569209068,158.944603098005,332.630562837817,463.542009481719,648.847701290285,1242.88336122979,5192.9697192868,1.00033387375908
"N[4,9]",243.026759799166,0.820510880076987,64.4388796353017,139.593946792523,198.574572494177,235.12637794911,278.660495131197,389.718096421357,6167.75726444942,0.999840994878343
"N[4,10]",983.351887026173,3.15615800722029,237.772488463952,593.411687927573,816.792369083706,958.530755543297,1117.21485738089,1526.70592460867,5675.52095588319,0.999710081819285
"N[4,11]",666.524062056845,4.19211656963904,277.428519011461,286.293882047809,467.713926141575,617.349163336803,801.803114456543,1337.29279397923,4379.61067819752,0.999664864267921
"N[4,12]",2978.61520344667,15.8390769869625,1240.98132301703,1332.55565786098,2127.48671894248,2723.22784794569,3542.04760132118,6149.95218863767,6138.62001709295,0.999935081686817
"N[4,13]",1918.72139849932,10.4877940063159,728.649414851615,890.630265379141,1421.69160016995,1795.51838723966,2261.76983685705,3704.28576950216,4826.90713631802,0.999926093813102
"N[4,14]",103.947597247874,0.726334263224134,49.9023387786648,39.6879723209863,69.2232558350527,94.2394584926218,126.149693167967,224.932129716115,4720.29061117292,0.999816454024811
"N[4,15]",219.976994822053,1.3574215240211,97.8461882931093,89.4522252685934,153.734331786668,200.329513784141,264.614452465732,459.238043205434,5195.87101228383,0.999814165197706
"N[4,16]",363.917118813953,1.08794056132401,76.9909301233811,237.075208096217,311.418266438648,356.555413754627,407.702914749671,540.447449822686,5008.05160384997,1.0010463591818
"N[4,17]",439.091429851024,1.60914025832711,123.77951909339,243.920938127077,352.010697842214,424.171978570773,508.807116847433,728.829147121588,5917.11188519884,0.999683367763608
"N[4,18]",11844.6729631409,30.6291175574168,2365.0884401519,7883.533260651,10200.9474619799,11592.7641059713,13162.5452340171,17139.6184161578,5962.4644321241,0.999967691981139
"N[4,19]",740.544444422187,3.05922148512967,179.916164275499,454.820104473116,613.666777908618,717.529020041559,841.84028271673,1160.3077911908,3458.74485232506,1.00044438803421
"N[5,1]",334.861338271765,0.823875161329881,68.8232542328198,221.770553843631,287.347048401583,327.553115979926,375.109903878094,493.691453120979,6978.26709948562,0.999809141668159
"N[5,2]",830.213595065667,4.92245281709793,361.614134751149,317.105021540031,575.799343173972,767.680918868229,1009.02936641424,1727.36088789091,5396.69248312942,1.00078833869455
"N[5,3]",123.112351939426,0.481907400547925,39.7079474721324,63.6235956824747,95.5149664946468,117.302029506999,144.428535148193,215.029626362155,6789.3419998188,1.00006201427679
"N[5,4]",54.0589566392582,1.88769973641745,93.7517557273056,2.60939089190676,10.1858051173358,23.680251641219,60.887562333826,286.802739835548,2466.56741004666,1.00071861941991
"N[5,5]",1461.7780197331,7.141070109387,562.073533142276,663.498330813394,1066.84764814411,1362.94912390944,1743.50388208799,2848.40885206146,6195.26200209617,1.00011006117819
"N[5,6]",915.037418211153,3.21884924509966,217.102400324679,564.76459391176,759.024981567025,891.786778913366,1042.71048645025,1411.23990051597,4549.12610879401,1.00013430354629
"N[5,7]",2145.53566414713,9.40456933885395,596.692434340976,1220.27089278087,1726.2241264222,2071.99549629308,2480.58301879581,3546.50188586515,4025.53157103136,0.999770657208636
"N[5,8]",476.154512723911,3.08247211008104,225.875941394605,175.310568418724,325.084305298022,433.897779141429,575.196352493464,1058.88387544125,5369.59634936459,1.00058656732156
"N[5,9]",229.432560324117,0.747959979364582,59.665842803688,135.209798365591,187.213917431532,223.454554986856,263.386458573528,363.598980343578,6363.48225303978,1.00027007976624
"N[5,10]",771.493289351338,2.47106084678496,185.739482609255,467.609139123891,644.208232278646,749.00607811229,875.056283767649,1194.213672969,5649.91070414443,0.99995862806772
"N[5,11]",675.561471208698,3.95142344621999,284.45842210963,291.539585785678,478.061375476282,621.963030162558,808.814971250701,1391.85093958959,5182.39424569724,1.00006409174691
"N[5,12]",2797.79896506888,16.8454689611236,1252.08486555308,1132.74269249191,1942.690103288,2552.27350032632,3358.06515096995,6020.73453641744,5524.60612469243,1.00001631381507
"N[5,13]",1638.19396165105,8.61480476605202,660.566352757422,723.115655191086,1194.23650903467,1521.41303854562,1945.08567590626,3241.18845395147,5879.52196624103,0.999906534546972
"N[5,14]",67.0018923532446,0.421601094560416,30.7462444809451,26.5833524500986,46.0611675593701,61.1392800452185,79.6770489724255,146.636445454384,5318.39626685565,1.00026877909998
"N[5,15]",122.941731754661,0.723141753293627,53.476089323255,51.1849213610022,86.9529516631236,112.87796038555,147.695011293448,257.026929251781,5468.55273266135,0.999740975186342
"N[5,16]",358.866696355242,0.928395632726864,73.3361431026943,237.23552505584,307.539932277929,351.438090955952,401.672794247214,524.575845142487,6239.78971534168,0.999776835013567
"N[5,17]",348.656782976375,1.69025302794811,102.648057010757,188.365433295042,273.903151551054,335.566718151444,406.565834877392,588.066927547831,3688.06036750413,0.99963104220187
"N[5,18]",10392.5962463956,32.7242955684367,2139.244152745,6934.07796479402,8887.82482051451,10145.6073717554,11620.9456806538,15420.5794176092,4273.46443522318,1.00032908737581
"N[5,19]",841.175859918346,2.74938650181379,196.846659232024,518.37131768183,706.323346944932,817.749336728957,948.597649691632,1296.329442319,5126.06967417116,1.00024045282286
"N[6,1]",390.058156328738,0.982796412353126,78.9148513299025,257.450045155975,335.572821267009,382.738569793537,437.144723103073,565.04432948518,6447.48529740208,0.99964323833384
"N[6,2]",871.927021171386,3.07858079195812,257.256220140002,479.838017801725,693.592157492049,840.155816168319,1009.87113022098,1475.59092280602,6982.81695557184,1.00008006376778
"N[6,3]",176.345468633417,0.733358022945974,57.2603240259898,89.885541574442,136.124711185449,168.091160699718,207.893128840535,312.595548128535,6096.42882042435,1.00000400075039
"N[6,4]",52.887896618862,1.6489616251086,79.4446756979877,3.58752172046832,12.5487827185728,27.006733854021,60.2780558217007,257.286286762191,2321.17826617859,1.00073757959987
"N[6,5]",1916.76560159245,8.52133553829675,674.897553068166,923.3625217457,1433.57877328679,1812.9727447829,2274.59342527005,3498.99797719768,6272.78459132712,1.00025327071598
"N[6,6]",749.862809634296,2.24776486848654,171.737362645862,463.227810442558,626.810958664454,733.431158444489,852.95481701332,1133.43934063688,5837.51245464706,0.999743583095351
"N[6,7]",2839.48202191076,8.84773103057569,741.377979536174,1680.45433758482,2320.15889734072,2743.55740710824,3250.9306546909,4546.76027608001,7021.26785839441,0.999942473168449
"N[6,8]",437.503296732367,2.08918759024018,140.644082848397,222.636549611763,340.425900145576,417.804537718335,511.770571675827,772.852027131036,4531.98074202281,0.99978892064265
"N[6,9]",269.471358874336,0.913180748735659,70.3264907881883,153.435673221369,221.294489440106,261.51502266192,309.213687055464,432.280641846894,5930.95186938335,0.999624783747964
"N[6,10]",902.490505608222,4.11552678498597,222.68104859032,545.6879671673,744.074590569337,880.138426789046,1033.7540664847,1405.13389567175,2927.62636999859,1.00030683910978
"N[6,11]",633.330114075988,3.2770030309539,255.689684007931,277.671820504565,455.049713502338,587.906489244755,755.430770276942,1265.8880878205,6087.9731271004,1.00025229695179
"N[6,12]",3307.18982481707,19.2816759181903,1499.59987307897,1312.28843495763,2286.75031289931,3018.55920732585,3989.85644568229,7117.97035835244,6048.68867263278,1.00003297923624
"N[6,13]",1617.47943392971,8.24827041743369,600.611632918245,748.641192742498,1208.53490589022,1522.06596423067,1912.46998014838,3012.56704443268,5302.26827493742,0.999670983893354
"N[6,14]",48.4842399016093,0.311087988410239,22.8696247834669,18.1931289544404,33.0474860364347,44.1175618805375,58.6226711135607,103.787532600803,5404.45112042644,1.00073069396565
"N[6,15]",135.274355771727,0.835847695882723,60.152361590557,55.8476130337761,94.0703373748111,123.810666954746,162.553284498047,281.815611677113,5179.06147073892,1.00070990326381
"N[6,16]",431.969818332314,1.38627944581341,92.7430324657731,275.627291363173,367.6149086716,424.598532196967,485.99488704224,643.118139491402,4475.70048940385,1.00024275879503
"N[6,17]",520.691571953173,2.1208368375731,147.266628815694,288.119930028385,418.338007201508,502.617954862111,602.07853500754,859.098115524272,4821.63325670668,1.00185218824396
"N[6,18]",15112.9388188147,55.9496737655687,3157.82253949406,9895.99488871639,12860.598536139,14798.8843577586,17009.3396029534,22117.5501830251,3185.51990679086,0.999796327489435
"N[6,19]",1051.93815903915,3.57569938932852,243.83478671691,641.129505434575,877.820663132309,1030.94300342123,1198.74962424843,1600.95572765609,4650.17533298982,0.999772706525843
"N[7,1]",395.861102840515,0.955113351460048,82.3209893657437,255.473298259058,337.886582219316,388.900145770289,443.474758899504,577.574907931153,7428.67451780464,1.00003354202933
"N[7,2]",840.490210810017,3.06185674948285,232.339720516784,482.256911770325,675.198678241808,808.169659299176,971.822099479122,1384.38368244307,5758.0732971398,1.00015400152462
"N[7,3]",214.895877205097,1.10754371072837,72.5773782589798,106.300777992801,162.719042118999,203.562443038513,256.027491139041,385.766378920607,4294.18550259348,1.00011736990801
"N[7,4]",51.2865993737363,1.62248406346216,80.587762372983,4.53369154048282,14.5491363277483,28.3454606775109,58.9510286416227,239.265810618207,2467.04638389958,1.00080982923769
"N[7,5]",1665.30850130934,7.49052067552646,580.202409854155,827.371561859831,1266.0842308728,1575.3408890038,1956.4580267416,3036.73364023678,5999.77608247022,1.00039036927793
"N[7,6]",794.439919153733,2.30152446393921,184.615082986053,495.334829992653,664.295175153239,771.229569076411,902.149437497303,1216.4155166807,6434.32759373152,0.999689037329171
"N[7,7]",2889.85325592008,9.40835033600743,771.362619660237,1689.56863581023,2347.25026619026,2803.39567273933,3312.98818878021,4658.45335319366,6721.87166625013,1.00005417044447
"N[7,8]",533.016905114161,2.06451045820161,158.567131008499,289.178214067735,424.3590575,511.213080905405,616.116335704709,916.2491238667,5899.18699031397,0.999778715030542
"N[7,9]",252.433550846489,0.858384270652553,66.3815160860971,146.766459672065,206.836652372033,244.449064175261,288.486860066403,407.944167490799,5980.40825566183,1.00026061534439
"N[7,10]",619.740618574147,1.98220604215297,147.758433062925,382.676250717659,516.357095238011,602.778008993925,701.559034313432,955.775536646676,5556.5722096453,0.999814289183471
"N[7,11]",552.615903764073,2.76582234304926,223.188218562112,240.744765892477,396.484881017425,515.215245141295,662.078452519089,1098.98069106562,6511.69379610118,1.00032159609767
"N[7,12]",3220.34033640779,17.6022005419437,1368.78040145889,1357.42094838465,2273.91140074082,2955.95215608775,3838.35809585099,6615.57370197204,6046.91170564495,1.00012146108704
"N[7,13]",1381.17794554505,5.23223440547466,378.281597403537,783.239289326896,1118.62932649784,1332.03385979884,1595.79573167876,2245.47711215028,5227.04265425329,0.999770377379132
"N[7,14]",39.0679506003598,0.28740337280805,18.8806616931119,14.2380646271957,26.0503777716668,35.2084981562066,47.4951948321351,87.2738912779221,4315.69455917346,1.00004088508098
"N[7,15]",79.3647698366749,0.546255071818486,35.034073859464,32.4721759997224,55.1075698593427,72.8401276002353,95.7698857624629,166.560478565558,4113.29935878724,0.999644436938751
"N[7,16]",414.254344394008,1.30822784304083,87.9821929695615,267.603430803513,350.440688580471,406.750720517679,468.018434638489,610.032501705537,4522.96044067637,0.999832389395696
"N[7,17]",483.87764573389,2.01728231646525,140.725680793454,268.868100672353,385.812448071949,465.598074284191,560.351026044575,810.75811853696,4866.46219216296,1.00010692474407
"N[7,18]",14901.4801857944,43.6524857402696,3070.60319174361,9791.32657427008,12714.7474686074,14587.4160183678,16724.2111834799,21819.9250408793,4947.99709227317,1.00030478729526
"N[7,19]",939.756646829833,2.98055508216286,216.919017890777,580.145065403966,790.616513262216,916.439582250706,1062.59184086589,1429.74980271346,5296.64608025476,0.999794850862236
"N[8,1]",418.333832552934,1.205241861243,87.7819660372214,269.908116559716,357.682730836989,410.1551091141,468.351048483687,615.184762629834,5304.71665992026,0.999865187411107
"N[8,2]",1107.30202268093,3.53575409683587,298.75947109546,640.613974643514,900.12395011567,1066.32830852458,1265.42529178917,1787.23487062928,7139.68838693831,0.999791191006726
"N[8,3]",224.376035842842,1.21536202629771,75.616103914876,111.410183745141,170.591157221689,212.788640806712,264.695738792214,401.085378075719,3870.94738199551,0.999950109927509
"N[8,4]",45.0456594749768,1.18669688064782,57.3556783544803,5.51494035954637,15.5358771298667,27.8920952491404,53.412408351033,183.081489814471,2336.00215796057,1.00190484266417
"N[8,5]",2240.1425677546,12.4975023409467,802.181944253393,1066.05295753957,1667.7114234338,2119.97832128874,2669.10853033546,4113.05071084219,4120.01987909123,0.99996353186612
"N[8,6]",849.540064340173,2.76907474328672,200.453673914563,517.933433825871,711.783167645421,828.456836897648,966.559841018476,1296.7568115109,5240.330569453,0.999950593698382
"N[8,7]",2937.35122740226,10.5558376324612,797.786921989403,1673.32161849763,2374.71524652988,2841.17878722835,3394.53072112845,4732.16280438088,5712.00294455759,0.999979808452786
"N[8,8]",475.990618969093,1.77688701679815,138.538237993561,257.746050790265,379.88669759779,457.358911546054,552.714183632083,798.037239404606,6078.8257049335,0.999895203542247
"N[8,9]",285.246395678942,0.893591092473565,75.2772236229326,166.066682979079,233.484554774405,276.576340267131,327.105634068773,452.510642971763,7096.58688251657,0.999680867432984
"N[8,10]",614.871436164377,1.84483573239433,148.332600893882,370.967388506509,511.719024854841,598.437316192021,698.152883752284,951.670807168575,6464.84058143725,1.00045345188717
"N[8,11]",513.843901159172,2.64148796181023,206.210620327388,224.911357379105,370.60139547251,477.674513715341,614.34014049549,1034.91633744105,6094.3134247382,1.0003853344597
"N[8,12]",3631.57267166328,15.3326108523368,1097.94928030681,1938.4900332799,2873.57355263572,3489.92124446273,4230.22556541654,6194.37317005763,5127.81478530145,0.999785595391647
"N[8,13]",1730.77336619518,6.56674325641199,443.326989933679,998.313619041809,1415.0631666754,1682.77013798281,1986.64766314714,2729.8347943774,4557.72660752167,0.999773834874224
"N[8,14]",54.0789105141198,0.330964287876399,25.1686068689471,20.8639301659465,36.9408543128558,49.0898316675798,65.4837130339371,116.04554803997,5783.03852305529,1.00023540066252
"N[8,15]",90.6475461690747,0.510854250135353,39.2338722374415,36.652441267409,63.5185559211728,82.6485812041075,109.646534142176,186.458006335638,5898.31992724469,0.999825115575636
"N[8,16]",348.207920152503,0.947564093419198,71.9425466420106,225.707620954525,298.597373546622,341.841583251731,390.499947240815,510.55961285908,5764.40416455125,0.999746168075938
"N[8,17]",693.419319199786,3.26118055032377,203.468775331226,386.52766377292,550.73575462049,664.525234175356,804.834573153295,1179.74989409841,3892.65446722823,1.00068681792122
"N[8,18]",14628.113659561,46.617720954549,3020.36322849996,9620.527971131,12510.4043340169,14350.1783731556,16417.7704986975,21345.7908960265,4197.74712383381,0.999978400717969
"N[8,19]",1058.3778878755,3.75258760092085,250.948633532786,639.300038435565,883.054321741501,1029.80519181223,1213.5513128315,1623.24451215853,4472.06381192442,1.00050018358106
"N[9,1]",272.549515513322,0.988742326019203,59.4221427709786,176.265661624838,230.620542164542,265.656507174996,307.434947637601,408.190536282153,3611.85548521925,1.00068086589902
"N[9,2]",1220.85639300467,5.28679883019302,353.61780395402,677.084730232942,974.245292946354,1172.73182073523,1409.26369926628,2043.74081475659,4473.86294010276,0.999740940002353
"N[9,3]",147.615260334158,0.639899366726768,47.7153669904834,75.9259516323756,114.39586621889,140.982739832919,173.209304327495,259.126348836677,5560.2353709104,1.00018325888213
"N[9,4]",33.5246389484424,0.659790417228565,32.7612325494818,6.74614859104323,15.3339992083711,24.1722961097637,39.7190074814383,116.278840531915,2465.51959143644,1.00079793825646
"N[9,5]",1583.70551700719,7.28187600657682,577.442494082762,743.352164298248,1188.36400640328,1481.84986628339,1882.70766739443,2986.54264282137,6288.26624980491,0.999945421564698
"N[9,6]",473.638534929509,1.60491432795731,111.904245599028,293.328668478436,394.559993573723,460.651078065161,537.363745584483,726.818472675401,4861.71413479016,0.999508379826647
"N[9,7]",1633.58527645741,7.413834274106,467.687769771167,904.275039029422,1307.31673497287,1565.95918511647,1887.75530824333,2743.31734911691,3979.47956260965,0.999925511550627
"N[9,8]",574.624937772743,2.25206875262869,169.890159412032,314.81454236989,455.789964928115,550.147696433064,665.91425647884,968.029242289314,5690.79784127496,1.00006233088761
"N[9,9]",279.313781179541,0.940270847557127,76.3280024123659,158.031481688933,225.661842566075,270.509848168576,321.13204172152,454.949510819774,6589.6424472219,0.999670324490171
"N[9,10]",356.341168630886,2.27643874929192,101.310051229211,204.212780427814,282.445032247325,341.508111127769,412.725750643822,591.461246739526,1980.58338246796,1.0008256658463
"N[9,11]",399.660906394366,2.02881964111168,167.540140152034,170.505308912889,282.395315218765,368.481456407184,480.870933553695,807.875801055271,6819.47383648498,1.00014957906934
"N[9,12]",2218.53397810367,8.99909440753663,609.818537511318,1268.76348823397,1790.58677369942,2138.02338436022,2544.93183533191,3609.21398244989,4592.01849232875,1.00087036347957
"N[9,13]",1298.3138602781,4.17923554122039,324.746112313997,772.707630594897,1069.93117696608,1259.28832291461,1483.17975302518,2038.46394794633,6038.0155066967,1.00003647128081
"N[9,14]",38.9704309883482,0.267526381843361,18.9438261128692,14.4120369900138,26.2746321079798,34.8844050330413,47.354819688809,85.1035870849507,5014.20592006035,0.999946858389902
"N[9,15]",35.9845787799487,0.286646066673553,17.0211354617948,13.5068770879779,24.0581551009416,32.62138828633,43.8328319360285,77.7575841236633,3526.02252592932,1.0003317271635
"N[9,16]",191.207025218613,1.28078205911671,49.3338267247095,113.82224201607,156.340039955058,185.271715116275,219.377558971863,305.196680643868,1483.67622449815,1.00027573254811
"N[9,17]",458.611341520645,2.26220936240912,137.851215976116,248.664753591736,362.531260990308,438.311917307296,531.966478534475,787.122042989078,3713.26215904618,1.0001124021792
"N[9,18]",9783.94679615621,27.7586718994614,2005.26698042756,6431.60830708027,8392.7839451351,9574.22926084873,10964.5254464565,14267.3875212052,5218.51622236639,1.00071543815023
"N[9,19]",743.705455879163,2.35744248228059,177.204635620529,455.270249568075,619.228756918598,724.308444555045,841.573984005591,1145.8367357295,5650.25367575077,1.00017459978237
"N[10,1]",323.59784834811,0.818314356501253,66.7004610049479,212.309092523336,277.227220954442,317.648097120518,363.004914500497,478.092404262519,6643.8119303097,1.00013215248994
"N[10,2]",1156.89084403079,4.56006175153497,320.427851982241,663.853710695342,930.39254253536,1114.59451846909,1333.98686033954,1906.2839074718,4937.63598217352,1.00009782618714
"N[10,3]",112.95214373794,0.446049085567118,36.6494279035973,57.966347199964,87.6278367704301,107.305262119394,131.827100662261,198.988715062974,6751.01530666713,1.00023480708254
"N[10,4]",29.9750521978823,0.370524592954055,21.0496538316718,8.57283829159877,17.0561214371524,24.3969241609705,36.0482934678416,82.9790433201539,3227.42262023834,1.00027604267527
"N[10,5]",1710.56458153823,12.5322736479612,642.42766174802,797.720563896147,1262.5330806433,1588.67447157601,2032.56868348636,3239.59786415261,2627.77832767388,1.00034111261053
"N[10,6]",525.614973079323,1.50846798969364,122.591810150865,325.112721347375,441.628522141006,512.620571919079,594.445892237554,801.787524350411,6604.66384019728,0.999794775616411
"N[10,7]",2143.91104191294,7.32685233987095,567.892311568023,1251.72008626518,1742.32194539616,2077.78851680357,2458.77064708862,3468.58584246673,6007.54592791284,1.00061081680662
"N[10,8]",685.374142450047,3.36611186149974,211.276776100583,373.981185218439,536.592891835599,648.901860644351,800.055755850809,1180.65733177929,3939.54834307505,0.999823468921592
"N[10,9]",298.986845341998,1.12368261365522,81.2254233444747,173.872592739302,241.604251087877,287.568172152165,343.239395896234,487.184851583665,5225.12452073893,0.999730728775292
"N[10,10]",537.996719119105,2.0344244250612,131.126845048277,324.509509868816,446.633967158414,523.543684784778,613.412926303716,837.002155226573,4154.32148410515,1.00003687335911
"N[10,11]",344.560462998512,1.75163333405097,138.525199124733,147.765982215453,246.574634221526,320.832013844362,410.492490539084,680.671121390878,6254.19133547632,0.99998326618669
"N[10,12]",2948.89095960707,14.9872060324563,817.920390604099,1666.38806349623,2361.83823512448,2839.59327387076,3396.730071957,4874.86798917179,2978.38417048729,1.00021538834398
"N[10,13]",1570.66897728326,6.8844972399211,407.604094226051,933.32411527044,1285.7205476841,1521.55116518511,1794.82336848232,2520.2911837158,3505.35990689387,1.00063488949535
"N[10,14]",60.1102336018256,0.408287310789325,30.344727781648,22.9582700939412,40.2859180855198,53.5663460576143,72.7174586851804,135.942764107384,5523.7590538594,0.999835809043252
"N[10,15]",65.5948691216584,0.48180414238377,29.9060016178039,25.6201040569402,45.3650533823075,59.6330776588367,78.96163144611,139.100183841728,3852.7927300378,1.00012952322752
"N[10,16]",241.884745030247,0.750799700309033,52.0477623686174,156.554482839701,206.089579466248,235.357701285065,271.637868404982,363.553908693735,4805.69213158561,0.999846464081114
"N[10,17]",711.193444494619,3.75261093780304,208.483304177916,392.090412360653,562.667904254827,681.46341674805,827.425511899118,1208.34160077675,3086.56539397843,1.00034032763262
"N[10,18]",9094.83186478834,23.7699937719101,1796.09659779797,6147.96889065057,7843.30160013728,8898.494060726,10155.2098590214,13132.1186467698,5709.54163899918,1.00056746348475
"N[10,19]",667.599517604703,2.03377967548528,154.88472231294,413.512829935239,560.843841825522,651.392356740487,756.180425262645,1018.34622156265,5799.75111551988,1.00029704205871
"N[11,1]",304.760588749907,0.846962770964111,64.5350958082331,196.547200564575,260.3986379704,298.542955104441,341.593990143838,448.720913606766,5805.81611389505,1.00008023165145
"N[11,2]",740.39985761359,2.70918392267004,200.407911876144,422.518103003492,600.378154782329,718.352499429769,853.502208843858,1199.51023259163,5472.08388864632,0.999612773258624
"N[11,3]",79.1788002313387,0.36768058324058,26.1989497741498,40.5277432704196,60.8720297470172,75.27458310875,92.1410907039646,141.713156801858,5077.22456661216,1.0002088757716
"N[11,4]",22.6584737505949,0.117669958097628,8.18206468731425,11.6349339971044,17.1128362210646,21.1967112086597,26.4670812925362,42.6269344993385,4834.97930809074,0.999928139028672
"N[11,5]",564.886804046445,4.77867304693279,226.151967136811,243.432434925391,402.495133222447,527.345586422311,676.972183523062,1121.87806156611,2239.68068439099,1.00079024759419
"N[11,6]",322.336052211022,1.17295550825021,78.4988288624241,197.912222368334,267.31966497783,313.246983719888,365.031336696361,505.075720064214,4478.8165757338,0.999718737636832
"N[11,7]",1408.96071016221,4.65685380668068,369.217494131287,804.82885952577,1150.17935386432,1363.48566952665,1622.03303397027,2247.60989732336,6286.07172837002,0.999771887638682
"N[11,8]",393.705696947419,1.72338391697807,116.538588686691,210.586136311744,311.440818044055,377.740133483054,461.865185417746,666.323633761197,4572.72871994464,1.00010695583481
"N[11,9]",239.539838359813,0.853007054006697,65.1114842105819,137.122304187765,193.832342781426,230.618803363537,275.534250141954,389.207518935136,5826.52943898523,0.999626939663279
"N[11,10]",398.663177100911,1.13923141832673,94.6361365360179,241.652729335802,332.046849739524,389.194125339264,452.522374462316,607.81923566769,6900.65153180396,0.999897571358302
"N[11,11]",262.111491174553,1.42787379220399,106.45349982028,111.67977987266,188.773444124443,242.807703782051,315.110909012551,525.386975535939,5558.27772956628,0.999843534939237
"N[11,12]",1562.38221222992,5.88770587341857,408.349371821478,913.492131189352,1277.42727070132,1510.62078295531,1789.82684414702,2497.26622195302,4810.29345073729,0.999936248240518
"N[11,13]",931.050735661734,3.3904990581285,236.375183458191,549.358288080135,767.039229874153,899.349585129706,1065.82135097993,1468.77901535351,4860.45024463066,0.999755222295788
"N[11,14]",43.0206570961602,0.25816584473681,20.70008929648,16.4169929560117,29.2954507928326,38.8385685831625,52.0835199161391,93.9690570195636,6429.05096349132,1.00027969644156
"N[11,15]",27.0546419466995,0.185818669605083,12.3533186781173,10.7119769014793,18.4884577019606,24.5357980274293,32.6978307728224,58.1102858401684,4419.65731918942,0.999883875471184
"N[11,16]",243.571396559507,0.639761242357117,50.4099450576641,159.436636421844,208.846917879386,238.209631406208,273.079927261923,357.80323886468,6208.64167095919,1.00035760388441
"N[11,17]",486.419329173937,2.1673215235158,142.86120184809,265.778509695428,387.375168316458,465.143084765274,565.7939247189,816.787868950512,4344.92126427065,0.999737147818294
"N[11,18]",6359.16874228489,21.9651593811567,1355.24382251359,4162.02211334184,5427.51240747354,6208.32242231684,7118.71358474595,9527.70374530856,3806.85341966192,1.00058351238488
"N[11,19]",401.205801944065,1.95031968754623,102.90195246946,240.211561878469,327.711017132425,387.1498178822,459.296028612922,639.303672851018,2783.7845540134,0.999649031497255
"N[12,1]",304.817523424333,0.818639061428514,63.6190723854716,197.764880459072,260.960929479415,297.799091611616,341.543668576867,447.092814407252,6039.34359526014,0.999582048332871
"N[12,2]",695.459070633992,2.32833569000155,180.649166535816,401.201956502665,570.109633974921,672.684491965715,796.016650916183,1114.41445734,6019.78158061143,1.00049007551639
"N[12,3]",81.7086700292262,0.318990657390033,26.7748980916769,42.2526326955563,62.9326923472287,77.5654570200393,95.5428612382917,147.040870864256,7045.30381322991,1.00020561486772
"N[12,4]",31.7838972426097,0.119760771395237,9.39972395922954,17.5113082729098,25.4460124769441,30.4422605876492,36.4774234106436,54.2346574515864,6160.28819934894,0.999746596819275
"N[12,5]",702.302090144203,3.19275374493381,244.249014256224,346.906843499606,533.262192035659,664.426415931636,825.326374450791,1278.85593678072,5852.41066918599,1.00013248271771
"N[12,6]",345.563422286793,0.95873816304538,78.1050597730842,216.356036351477,291.876592036475,337.33226492406,390.800898354041,520.046480627766,6636.79354757707,0.999809449981468
"N[12,7]",1289.25061670626,4.520501042229,340.220156980417,753.922166060792,1045.26191674515,1250.33733258113,1484.62377297558,2048.21804033815,5664.30895868879,0.999599335421184
"N[12,8]",444.423514013244,1.6170251147011,124.486179695029,249.539650559137,356.990767809078,428.157458529926,511.99663886745,737.777239530715,5926.64273411144,0.999822063714632
"N[12,9]",198.52092808209,0.633824279547332,51.4905921536821,114.499550540743,162.366195400036,191.572748619156,227.498230184673,314.739481648654,6599.60632050145,1.00015244454503
"N[12,10]",359.185096267136,1.20864334425155,87.5906911508048,221.465823580562,297.019041654189,347.59123276456,409.048947362804,555.628110049869,5251.93783444299,1.00013194260647
"N[12,11]",261.079133772098,1.33725210959945,102.802042582457,114.852618012147,190.461877144005,243.008081620002,313.039308208108,509.694320531905,5909.85607090438,0.999987864885555
"N[12,12]",1632.15715641292,5.35400562382072,413.868438637421,963.926683964505,1346.41326032476,1584.4488224685,1855.73723176711,2569.22177669355,5975.39984077526,0.99973142915758
"N[12,13]",1016.73765179625,3.81737212740699,248.18360329664,623.194040822347,841.323439824197,987.462377095682,1154.45580153256,1600.97788931334,4226.85329787113,0.999843752633778
"N[12,14]",38.279771080492,0.228386341531916,17.5241942436217,14.5642291959915,26.3113296718301,34.7503300222368,46.500502321728,82.9818186275932,5887.56698598536,0.999979447197946
"N[12,15]",22.1099162174251,0.194726475302996,10.2435169380723,8.40049909771682,14.8565448168736,20.2072698365975,27.0265841227621,47.3630269499621,2767.24858516179,1.0006848054251
"N[12,16]",266.220981489834,0.686855671064508,54.3228801738442,175.166824199306,228.355005799174,260.605157188658,298.824887210327,387.009983530912,6255.10492673007,1.00106059640252
"N[12,17]",599.964541460501,2.28912051007397,168.764255514196,330.185116748315,481.426054557506,578.930257785596,691.790254245444,992.499117077314,5435.30128634614,0.999610742592245
"N[12,18]",6533.70244800092,17.2066965814261,1312.17120850844,4368.86537910514,5626.40620257607,6381.67875717386,7299.05370753775,9450.26508132777,5815.48590572984,0.999851879376741
"N[12,19]",391.358262899843,2.06333088274461,99.4472083577737,234.966066000374,321.530773840159,378.885948981049,446.740398435968,626.860474299258,2322.99050994054,0.999861874785891
"N[13,1]",281.534065652284,0.766789015538754,59.0343686727829,183.845378376543,240.50815202965,275.16444087222,315.744223018492,414.892014043789,5927.31599185616,0.999863631227072
"N[13,2]",710.950535368242,2.43662661673858,188.455022754504,404.23312426317,581.885393269173,690.002134678787,814.182568375577,1134.93088949234,5981.87682166804,0.999840961276411
"N[13,3]",89.1173599432128,0.348014521343945,28.4584969596473,46.160065585119,68.9980645446768,85.1215555521968,104.208490508919,156.972874252418,6686.9670992101,0.999654877537728
"N[13,4]",38.9885526486211,0.179170336795037,11.7274279525953,21.416851663823,30.7777004460022,37.1837419016157,45.1255721789258,66.9724377371475,4284.23541552833,0.999732456054255
"N[13,5]",653.228615938511,3.99618491614243,234.94232536808,309.358537761613,487.786316840972,616.375176813838,776.017706848275,1208.84307617341,3456.45871123376,1.00003445704592
"N[13,6]",321.06355489111,1.28068177830205,76.8184331202542,197.883874830748,266.662647846095,311.427913964069,365.818815553489,497.200715443517,3597.89453163109,1.00020251490849
"N[13,7]",1202.81348856212,5.46574470376856,331.937218615658,682.971709115991,966.786170546098,1160.53734959244,1386.20654290593,2013.05552364308,3688.18940543855,0.999978604087734
"N[13,8]",419.639430675495,1.68528518357371,123.212575984424,230.637875176665,333.070938192332,403.171687137123,487.246221294113,705.22079448946,5345.19150474038,1.00006390463797
"N[13,9]",148.492291379106,0.533177568113717,39.8760867636271,86.4769564106488,120.549102989535,143.59362579168,170.114510955284,238.734773674151,5593.47016118789,0.999815219086389
"N[13,10]",452.099387550386,1.38568401936878,108.179268519083,275.023517085321,375.967949303096,440.431291457561,514.58452003823,694.879358107763,6094.80288159789,0.999794493812783
"N[13,11]",223.477905667373,1.07551107946724,88.2194801835812,97.748151251849,161.452315437116,208.066034760007,266.827820762246,437.202835991779,6728.20494064822,0.999967780931848
"N[13,12]",1328.93693742881,5.81643754939113,355.924415925385,765.990361038108,1075.54973881031,1284.85593689247,1530.93768414123,2160.92824730718,3744.56542622776,1.0007559376836
"N[13,13]",729.49352278208,3.01300511069947,187.830979604878,434.645995638303,597.314527368479,705.957718528796,837.131060953842,1169.49812612324,3886.28557289454,0.999707886846346
"N[13,14]",53.9103037355657,0.349606186403978,25.8945145386835,20.1987180499576,36.4769642338441,49.0781493500141,65.1732714492564,117.721777602627,5486.0192706597,1.00009237946361
"N[13,15]",39.2237203556818,0.211710018876727,16.8407954447449,16.0738249490958,27.4099498092688,36.027950275516,47.594285310049,79.257865692459,6327.6489898701,1.00032321808824
"N[13,16]",269.840715819324,0.938605261574619,58.4547342359212,176.46718599878,229.585674254748,262.042700845626,301.973670112868,409.714796688908,3878.5858777568,1.00086675828631
"N[13,17]",570.468656016582,2.8148683960808,171.312639573272,308.76886114007,451.71549705762,546.126975071596,660.974109255718,968.533447176999,3703.92874578624,1.00059404825557
"N[13,18]",5950.52270226238,20.9136098389866,1276.22776653871,3821.11573760736,5039.93360124105,5825.56882247345,6695.23785293635,8747.77699711504,3723.90313027294,0.99997403768985
"N[13,19]",546.276353642769,1.75479215498322,124.809057473651,340.612913206851,457.766632582204,532.742505080692,619.70585827099,824.641579027962,5058.72229251316,1.00032078925401
"N[14,1]",398.20494184034,1.49855764991552,86.2737345015274,250.473036460359,337.346512364445,390.822779559449,451.135025191772,584.634835862834,3314.44094314983,1.00026938494724
"N[14,2]",904.81697368338,3.05293619208377,237.006542724676,535.72330908965,739.094866632598,874.292747970789,1030.77582304426,1462.69002231802,6026.77829464234,1.00018015230884
"N[14,3]",119.592936692113,0.646350653780107,39.9915065264975,58.8696546792047,91.1327828475517,113.530338781552,141.312851693593,211.830831276418,3828.23989449962,1.00053045518576
"N[14,4]",84.2404475113962,0.406983673508668,25.5348951602578,46.5041584333388,66.6411067769485,80.1217869847289,97.8794188372648,147.512684870816,3936.53559891654,1.00024298632146
"N[14,5]",1202.57957904274,5.46398387391353,408.742487168006,600.241383309601,912.741799935614,1141.93523976626,1422.56894865655,2157.3308672113,5596.03920797592,1.00038252197626
"N[14,6]",596.472048662878,1.91189610597633,136.490139871712,372.644388193009,500.688084052131,582.808717829445,675.364254376715,911.91159158372,5096.52290438749,1.00026860062981
"N[14,7]",2398.25926964363,9.7123130138841,641.216641741996,1387.29743801916,1943.59290329043,2315.04474934875,2773.32332707978,3837.86332663059,4358.7727707185,1.00046447183205
"N[14,8]",594.598666353198,2.13550533344406,165.831093466289,333.021101591221,476.111071727508,572.792029892547,687.905947148308,970.285641819536,6030.18461044533,0.9998354459464
"N[14,9]",197.329213517177,0.645356966871288,52.1826904877416,114.405988189943,159.3128707657,190.894096115752,227.383557185695,318.056737645912,6538.12062289539,1.00006119486489
"N[14,10]",663.78599460326,3.33048282326945,173.182824881165,380.036555328706,543.906656146191,644.415769255432,761.663511769768,1059.11288428815,2703.92874335371,1.00112092815529
"N[14,11]",267.684358218786,1.28585925197084,104.508115089844,119.193768464912,196.313426434435,248.714203290323,319.408547680529,518.488674102012,6605.61353809198,0.999765123791384
"N[14,12]",2218.39758006042,7.3684708853514,560.429554913794,1318.22851531255,1829.17646108537,2148.23226555986,2539.5813297809,3526.53445997671,5784.78625730933,0.999984281446798
"N[14,13]",962.237298038643,2.80778041922539,227.122371290105,587.447699349105,803.44955155304,935.60718119499,1091.54466950853,1475.20428065786,6543.25047794761,0.999683275379048
"N[14,14]",64.805971596772,0.487959116043986,31.4620820023265,24.7121763012302,42.9454334372618,58.1473075367036,78.5258148347876,144.572214700436,4157.26822162078,1.00005789435499
"N[14,15]",81.3438353873864,0.674597482821246,37.5452582730112,31.9563207281969,55.4862130314369,73.9347590331964,98.5482081660637,173.434099673303,3097.56736224118,1.00113698631385
"N[14,16]",450.887589256618,1.20971872697111,92.7434464689526,292.663009482247,386.531858609876,442.505982404035,507.106455890758,653.41812310995,5877.56788821718,1.00026876165938
"N[14,17]",1157.68488785584,6.36968081536959,349.258589167523,623.324424931704,910.873051906091,1107.6432231496,1354.34904669403,1964.10812459372,3006.48367427915,1.00090525847513
"N[14,18]",9449.20679788385,26.2199724704482,1857.35264344185,6303.17404433996,8155.9776928317,9261.32141673623,10572.4231936907,13495.0978032925,5017.92624606368,1.00014776488744
"N[14,19]",783.714604105264,2.82019779710168,184.131915871307,480.16651053402,654.033782016302,765.226479223541,891.657177664443,1202.95984658532,4262.83974088709,0.999630365255769
"N[15,1]",307.93045873371,0.779536894248787,62.1159367937393,203.211319660428,265.69417174012,301.648410404173,343.682957495268,446.957496846674,6349.40061567495,1.00122933516333
"N[15,2]",929.482123181625,3.34798387225597,246.226785337338,548.573543181982,758.331982480006,893.269476586844,1066.98228857641,1506.08030538392,5408.83677445299,1.00032863613847
"N[15,3]",66.9810684440611,0.303030991115407,22.4185105853988,33.9977991656891,51.2711552978444,63.6437382242422,78.3498009661951,119.685472331128,5473.17607198825,0.99962207447691
"N[15,4]",101.663806493129,0.367485013886194,28.8018264892703,57.2227983997299,82.3994147161176,97.736240380268,116.369322790868,167.57044071049,6142.72104062697,1.00018821451548
"N[15,5]",883.404258114273,3.84932108402396,299.411946822867,440.346488399965,670.497532160284,835.796094450561,1043.16231999577,1587.44444749374,6050.20337159438,0.999597084754117
"N[15,6]",511.340844920695,1.34630933809435,113.106115022187,327.525410573209,431.188935409392,498.624889505214,579.878449320346,769.141788830372,7058.01301270816,1.00026365469065
"N[15,7]",1951.1360252718,6.42417869940568,500.313379603325,1140.95826745765,1594.38595942049,1897.89381088772,2241.27663280423,3064.88045006376,6065.25421233092,1.00025106123534
"N[15,8]",635.922887113,2.26469440977105,177.621115195494,363.47863212942,512.571677883676,609.225874259756,728.415384056978,1058.66623360201,6151.34335033268,0.999619812618506
"N[15,9]",141.489636737486,0.453706303387966,37.3870101359534,82.1813239530659,115.164566250075,136.794203735525,162.575947461397,225.779897878174,6790.34508144716,0.999790917770132
"N[15,10]",463.779146925334,1.50328097286977,112.020317990682,281.342560130075,384.927421343308,450.780071663271,528.529008601033,716.089714266043,5552.81597873047,1.00148178768196
"N[15,11]",234.795175526552,1.10954265046788,92.7079928597226,104.383398955309,171.521268237788,217.841483285348,279.510345123889,465.25631656722,6981.46162584033,0.999982754785586
"N[15,12]",1898.20669514199,6.16271734429716,473.476453199382,1139.34555263052,1568.9972650632,1840.1633563569,2160.35094999264,2973.74911346947,5902.72123055235,0.999675562059745
"N[15,13]",828.050779207051,2.66630019368004,200.402871654239,501.559256699679,691.927990016706,802.688771815446,940.389446382692,1300.95545878081,5649.23696763638,1.00017486743826
"N[15,14]",30.4160561912832,0.201552378580386,14.3179923177178,11.298561241607,20.5516535647751,27.5029832892686,37.1467616658528,66.4576155309841,5046.4781197867,0.999812986230108
"N[15,15]",48.0505146942749,0.270974269604116,20.5202253099462,20.0404746047687,33.9493667275704,44.3450023733686,58.0033289289454,98.2618443735201,5734.66616616538,1.00063782463184
"N[15,16]",513.764227883813,1.64427592070249,106.492031268829,334.441878205892,440.081035487428,504.23662790118,577.549626112027,754.175220361024,4194.5447128663,1.00124102818657
"N[15,17]",1046.66820068402,4.02459679901636,292.999548421912,590.805378139341,844.635849110096,1005.1946914281,1203.913715374,1729.99137236027,5300.16203755688,1.00067875065165
"N[15,18]",8913.59773706114,23.7521980482304,1755.54495866556,6007.88094264291,7662.79390728205,8732.870348458,9931.01660542098,12759.7007978881,5462.81257492043,0.999794281078065
"N[15,19]",699.229960918315,2.24426748062131,160.55843673415,434.321210890172,587.017008871631,680.06501435128,792.422327948132,1068.71727961414,5118.19736465026,1.00016982321365
"N[16,1]",232.029546725547,0.619687618387882,48.937415488732,150.416696420352,198.398360186611,226.861894510179,259.600248297664,341.87855457517,6236.43529998759,1.00020813110114
"N[16,2]",624.943415342247,2.87176708784857,175.784257947355,346.631525084119,498.122543518064,603.582872059412,727.98410624578,1019.90376926584,3746.80880488282,1.00075178886744
"N[16,3]",47.3959524249178,0.348358947558418,17.8948125385082,21.8592244688245,34.7928950753195,44.3273193895924,56.6511549049403,90.6003224704407,2638.76288368046,0.999802461909798
"N[16,4]",117.480976569024,0.433882120871358,34.6609668759285,64.4202648907761,94.1369586420535,112.528442490187,134.952630235033,199.995517735992,6381.72135731559,0.999935489359607
"N[16,5]",806.663820526073,3.97578824772255,290.42517909064,379.824633423337,605.192029420679,760.594209953616,956.639573364464,1486.25931688499,5336.07641730502,0.999825059319811
"N[16,6]",409.390558073656,1.21832187307007,97.8603723500862,252.89949971346,341.132860997175,397.785871211964,464.488707483746,635.126826139836,6451.92997265496,0.999902356516818
"N[16,7]",1766.6470008806,5.93327841325741,478.591082610431,1002.82610742683,1437.67644332708,1705.76389007942,2031.14264493561,2847.3160713189,6506.38486926629,0.999923511158484
"N[16,8]",598.029492178163,2.20568347706006,177.245459109042,325.38641161131,477.656935473958,570.704869567428,689.829444578429,1017.86660258226,6457.49168587938,0.999909446254194
"N[16,9]",127.311512848598,0.439707153625959,34.2625291490625,73.0007760766454,103.049821791301,123.170613996933,146.199443524734,206.57212476922,6071.72052978336,1.00072234642065
"N[16,10]",246.739290620524,1.83267017662304,73.4257317862271,136.236747062468,194.604442403454,237.503829354375,286.812076313394,416.941193012565,1605.19553110524,1.0007554133018
"N[16,11]",191.088129535564,0.916786605144548,78.4893133047259,81.3699486479854,136.717667148101,177.744746265829,231.068562647993,376.771736562081,7329.67199581924,0.999774618494551
"N[16,12]",1587.53758149504,5.46753787412101,418.173995540652,937.67125732798,1295.02215840598,1537.84829362025,1815.5167840135,2561.42448243099,5849.6575790244,1.0001687621938
"N[16,13]",729.899385928366,2.4593603992012,184.649779481207,433.17208126033,600.281592215352,708.613247052519,833.110516598427,1150.6200202026,5637.06749999081,1.00023299794519
"N[16,14]",25.2078879825648,0.192956215263575,12.890468620155,8.91681230611512,16.4509496946328,22.5942109386031,30.741791365102,56.3578047981672,4462.92786989737,0.999629205183212
"N[16,15]",19.7567952867421,0.237369386164153,10.0402681356517,6.61192864734058,12.7376763516652,17.7110360238292,24.3434666945557,44.8337406895409,1789.12716188364,1.00196309663584
"N[16,16]",465.758838483044,1.22810442454168,96.6913184003893,301.059367281723,397.36375803341,457.959889592335,523.84796662491,682.496354702338,6198.75357609659,0.999843992640279
"N[16,17]",885.048497975742,3.44427283337631,254.098542698239,487.08111923031,711.897529099189,854.116023011502,1019.50968699394,1478.49907345752,5442.63557725007,0.999873408438673
"N[16,18]",8354.62433258756,21.9430037875624,1687.17477477454,5482.79911163084,7215.93555002361,8156.24571106616,9335.34769861105,12071.9731910441,5911.91241006755,0.999716747400756
"N[16,19]",446.611313686915,2.49872765712178,117.658876243542,266.22389469384,362.98454361175,429.787752392327,509.999965377626,725.064211372327,2217.23407671099,0.999911210844221
"N[17,1]",236.772806108494,0.729530266871714,50.812969053709,153.849280700751,200.913845051139,230.892603375481,265.175765855577,353.001055301316,4851.34895668368,1.00041172075659
"N[17,2]",851.614828445761,2.76891417960454,224.077468907675,498.134392184765,692.939046929822,823.696194866101,978.296964223451,1364.73606794383,6549.03618157552,0.999835928932089
"N[17,3]",73.6000083886954,0.314791573184192,24.5842238194378,37.8508478771576,56.4019034950117,69.6984338547681,86.25668633202,132.450431749215,6099.11477816799,0.999853477596553
"N[17,4]",137.180084115282,0.463923553696162,38.1920584375185,76.8368893141405,110.484563583083,132.569456453859,157.58761164569,225.228948092695,6777.24658455066,1.00028296679447
"N[17,5]",1105.53652769129,4.86472442331425,373.677969016381,539.867147808494,841.646559761729,1051.6152463987,1304.69446421908,1961.84228692788,5900.35987387603,1.00020963719925
"N[17,6]",500.754394065432,1.45455273022398,115.629788305618,313.079778163488,420.306464097313,487.658275152183,567.5998972268,764.154507186675,6319.46803411048,1.00066214307945
"N[17,7]",2209.1030059971,7.32629574041162,580.767476909999,1282.27017844693,1810.33147861256,2139.38272915962,2522.31619162879,3546.34614891016,6283.99287458603,0.999715254804861
"N[17,8]",710.893186720134,2.44925979423995,203.542463431544,399.850201555742,571.744097105031,679.836112393535,820.659011806465,1186.36281598037,6906.21900024074,0.99960124256883
"N[17,9]",198.704947700555,1.10396305353409,57.4861239061451,111.197004397113,158.66392507644,190.314458798361,229.648078260662,332.915391114547,2711.54599217524,0.999859448262117
"N[17,10]",373.292793178932,1.04108352368378,89.1086157813418,228.397600611425,312.765529905915,362.823821096236,422.209364484769,581.98355012423,7326.02249839406,0.999550543270609
"N[17,11]",192.289369174045,0.990993692127346,77.1143759300146,83.2277024663976,139.138816628421,177.821446641081,231.483127397326,376.787789220601,6055.20591300702,0.999745199375614
"N[17,12]",1834.24487595712,5.78158082028833,459.273020268694,1094.01584177936,1512.56049242472,1775.20676014303,2103.0049887317,2879.78056922019,6310.28051413431,1.00050525429652
"N[17,13]",805.929463864743,2.64544316993367,193.793773721285,491.360966109158,670.602673620807,785.810840419212,917.357183471769,1242.33137839264,5366.39661316105,1.00000706732729
"N[17,14]",28.8899821542628,0.236043835797735,14.0138968743027,10.1801988952245,19.0872435684054,26.1947649194064,35.5050609339082,64.5039190014439,3524.78399345478,1.00000932064702
"N[17,15]",48.957375301994,0.287295651863355,21.4624305552234,19.4083351596795,34.2082413339886,45.110703674397,59.0268450912796,100.505640079313,5580.84164454487,0.999987169926113
"N[17,16]",508.614359011427,1.3747083068756,105.371609452386,334.28762167837,435.071286643599,497.647973671836,569.753051058419,747.441364001705,5875.24678013283,1.00056908627026
"N[17,17]",970.306170973533,3.69344957212361,271.606811459853,542.233304305614,779.94917902084,936.36542707306,1123.12193646957,1610.26598297415,5407.75449068995,0.999712652286532
"N[17,18]",10185.3269428702,27.8999323902264,2050.25706225047,6663.91892540226,8797.04612937939,10001.2843810791,11372.3565235457,14789.5291247776,5400.20605367042,0.99996800705665
"N[17,19]",591.791030493114,1.97368506909426,140.153621943884,364.962836403885,493.934788341677,573.704211195187,672.831178635728,904.175772727828,5042.58165773175,0.999828161009734
"N[18,1]",296.245599017774,0.75046101967979,61.3218036376883,193.047274735938,254.061698623755,290.159075368562,330.36749833625,438.359691997263,6676.87986267809,1.00003130730605
"N[18,2]",857.996063068493,2.95671567103128,222.053874259605,506.225002304726,700.694924120158,826.655136327877,984.265698404236,1375.45182151256,5640.2399907243,0.999742717949719
"N[18,3]",123.278001923791,0.513640266351296,39.9741017601172,63.4297260140435,95.4297036220828,117.935378310173,143.897660828854,214.03066706058,6056.74518009063,1.00009207436225
"N[18,4]",145.832590744416,0.551808832250706,41.2191604260967,83.3647944694179,116.921946788263,139.765862852904,167.407005358951,242.877651944307,5579.83026479353,1.00000044457166
"N[18,5]",1957.89167472472,10.5226007576374,680.826934868884,976.595104868735,1468.97277146552,1855.55228558648,2300.31161824927,3635.18504614156,4186.27035288436,1.00064884089284
"N[18,6]",799.438360053793,3.06869441750449,190.46520738327,484.465984315536,669.858172621009,778.453834298689,908.885773878309,1234.40392805255,3852.33477680391,0.999862266489049
"N[18,7]",2960.19001196954,10.0257230698575,794.03844169568,1705.93916990102,2402.33648674573,2862.02646412339,3396.33135207805,4775.1042646751,6272.65855735594,0.999795274675562
"N[18,8]",802.4742436632,2.84846627461189,233.776101331973,445.675568361217,639.273797634359,768.344507060918,930.884661173951,1350.92531532608,6735.62747257228,0.999842535551656
"N[18,9]",161.294562632567,0.557975378948814,41.8871401565872,93.1691246244455,132.09831427824,155.595295537365,186.08094287188,256.984232585083,5635.48564973909,1.0001343869833
"N[18,10]",525.553479775714,1.95762005287209,129.304468929237,317.986490987962,433.680642134201,509.925310000023,597.460103244655,825.588810951051,4362.84977933853,0.999905077506816
"N[18,11]",243.865306386611,1.14685270339432,95.9080235640288,107.25702559894,177.749428017973,226.654354643581,290.097923858682,475.498098195413,6993.50029140732,0.999619260851743
"N[18,12]",2451.52669637975,7.91112742555314,621.72986707335,1458.38854712437,2017.08296293557,2367.39172091016,2805.91906184126,3849.3614744776,6176.2760973882,1.00027798201745
"N[18,13]",1065.71963805962,3.29515553169215,258.088469329291,655.569063291607,886.270649159354,1032.29202633865,1206.39332265301,1659.75964782749,6134.58753049063,1.00002219087426
"N[18,14]",91.621783873008,0.890458982068581,54.4403154218387,27.4314159813085,55.2536004332766,79.4018436834212,112.350981249737,234.294480443419,3737.77734663111,0.99989661121231
"N[18,15]",77.7676433881894,0.49851213648173,33.7735990473537,31.1977779701573,54.2803270858843,71.4246365056326,94.4226070206861,159.015551176689,4589.89990559325,1.00021632452044
"N[18,16]",654.470074495034,1.7589144660684,134.532322569634,429.383598140512,561.677213301811,643.0215613914,731.060374071331,957.059973494038,5850.10738874227,1.0008501852326
"N[18,17]",1395.76852705419,5.45337507925979,394.335665935385,777.71892765554,1117.15695965307,1342.91126785547,1619.20348403104,2287.67450593908,5228.79216085375,1.00040123449468
"N[18,18]",12333.5600566472,41.0994482407567,2526.11013068819,8143.20701490311,10580.3054500499,12091.8486130544,13791.1466589998,17933.2173794047,3777.74446595839,1.00069210848531
"N[18,19]",854.438143822853,2.61891071830934,197.283252421527,527.094653706988,721.129446960354,832.530025277575,967.595472155004,1287.78656597101,5674.64963035815,1.00000609232998
"N[19,1]",282.199743598794,0.786628237457051,59.8079926605164,180.676353446463,240.207867643725,277.422496700151,317.356017284694,416.735029606803,5780.68611789399,1.00024863206314
"N[19,2]",988.285882173501,4.29007874757122,276.92051556387,569.592242662565,788.859784208488,949.918928330982,1138.53721328024,1620.97682365337,4166.58009612762,0.999984374338544
"N[19,3]",144.105547105615,0.535490697741921,46.1316802474385,72.7949835344965,111.637856702197,137.520463615012,169.476355143652,250.937436666117,7421.55114118446,0.999801361250067
"N[19,4]",160.084302867668,0.624661981604515,46.3581988676087,89.4464270021986,128.306170915372,153.167727536578,184.625996866225,270.005728682033,5507.60720296018,1.00030037497902
"N[19,5]",2105.70772190007,10.0439024180502,734.442879416208,1018.60756598344,1583.49027645107,1989.01712984686,2510.46821456755,3880.61877594412,5347.01102906479,1.00020351923144
"N[19,6]",787.422234852461,2.87804631110029,183.875281211583,476.332339387579,656.056448936987,770.42415133897,897.39062688067,1201.85601364711,4081.79457317072,0.999862291829201
"N[19,7]",3011.22927288094,12.647686856707,854.282801798136,1680.26630223322,2400.07540456073,2899.12153482395,3493.04561137693,4975.23470053572,4562.27140983991,1.00018984883984
"N[19,8]",870.218682035328,3.9621491053499,262.09216043418,478.269816197197,679.398351407046,832.965431334279,1014.35876960329,1483.40450262868,4375.68884081913,1.00024447023157
"N[19,9]",106.184625383754,0.343396383504222,28.1606196548408,61.7398558434076,86.6362249208911,102.456611207222,121.829689028894,171.589675080803,6725.01070100646,1.00030885105148
"N[19,10]",450.475480286959,1.39680330227747,110.542938563793,269.675694062769,374.586484291735,438.639976379332,513.40972223472,705.925455580039,6263.13112641717,0.999980258326218
"N[19,11]",266.265478833201,1.3282760112112,104.573711679394,115.58660149471,192.960604223161,247.33266412082,321.64642297156,515.412721149068,6198.23998212532,0.999651626366094
"N[19,12]",2519.60193938791,9.27901463809583,655.861110652603,1487.77680491982,2063.17661539621,2429.42523824832,2893.28136133655,4028.41987167145,4995.97251626243,0.999739126200036
"N[19,13]",1124.79021698157,4.17254716175475,279.446485211134,684.939188065738,929.938502031699,1092.44093343035,1283.87663142662,1758.8754121719,4485.33406761971,0.999703166218268
"N[19,14]",91.3904117528324,1.16421577094591,84.5236593241811,17.5167443289366,42.6916952710791,68.0826557238409,110.43302734826,309.242797393669,5270.95884828787,0.999614033563881
"N[19,15]",58.7265874477347,0.32891342915189,25.384931484579,23.8002912149775,40.9870021979516,53.736167173403,71.370446603564,120.91362458639,5956.46754721667,0.99981836799256
"N[19,16]",723.020124376374,2.44420319306002,157.11059955864,459.660684558192,612.923624810206,708.168531125531,816.327016467223,1072.4409412042,4131.77209012552,0.99971918502586
"N[19,17]",1533.62078289119,7.61389688680234,449.472217111015,830.603644658728,1218.74400677099,1477.64883854511,1778.96188927373,2590.43421514609,3484.91124992703,0.999957293458381
"N[19,18]",10390.4191278191,29.2791414629432,2141.19087864663,6824.09889804649,8897.64029139141,10197.3046393188,11623.2266967132,15176.2347806471,5348.03318370373,0.999569754897593
"N[19,19]",910.651123306945,2.88201342721232,216.906437530502,562.351989051261,761.264270666043,886.57751742511,1027.44053203694,1426.9817389055,5664.38655699953,1.00035989955592
"N[20,1]",170.774657346961,0.559217867807111,36.0157066270693,111.000875229939,145.651128381553,167.407267368369,191.250841990251,253.10477015992,4147.83814784053,1.00047649992939
"N[20,2]",684.146727298399,2.12996094907231,175.02322366385,400.494143414997,562.577647333548,664.543561816615,782.898897766704,1084.4477112045,6752.24318234565,0.99991635904667
"N[20,3]",142.613560763712,0.53313558074864,45.1001747141731,73.6689813994107,110.641298542534,136.192554197224,166.910882045784,246.008884461294,7156.17764836093,0.999782733255246
"N[20,4]",205.237617164698,0.647358367374327,55.8478999656861,116.656681026096,166.380288460421,198.464548371704,234.474929163884,335.278836162657,7442.59115649976,1.0000109669387
"N[20,5]",1776.40238108767,7.60286358725397,603.324308191755,891.148199154918,1357.24771942616,1677.70681856534,2092.50295107811,3182.92402979423,6297.19657418913,0.999990901081969
"N[20,6]",450.750443670266,1.25307411697247,101.888081877333,282.369822997684,380.20554055656,440.934684782983,508.295305096826,685.019811314328,6611.39726609864,0.999875364782835
"N[20,7]",1820.1403636388,5.89824653046693,473.269177502794,1057.8382578405,1489.90176499814,1756.01728250803,2078.01150917025,2930.29663574803,6438.29097598644,1.00051149586282
"N[20,8]",564.156504498881,1.917434908442,156.825531714725,313.065967607784,455.464457401011,546.1112369551,651.718688211742,920.974607812491,6689.47873930501,1.00030930818412
"N[20,9]",62.2809547255989,0.220240559483932,16.4493461515852,35.6011960847655,50.7717137122144,60.3668491005586,71.7766074364037,100.820632202269,5578.31039663797,1.00031180293185
"N[20,10]",254.490882476782,1.24857712130763,65.0571942087877,152.006925404081,208.597797805854,246.088683710696,290.344877382526,411.915307227888,2714.93797772772,1.00049151232641
"N[20,11]",130.648199219145,0.809665414694834,54.2446107498461,54.80400859955,93.0848315985567,120.723027566592,157.685106278235,262.154775178444,4488.50814035752,0.999609180087259
"N[20,12]",1772.96609720757,5.85155191704507,434.019725311231,1063.36228061913,1471.78196794495,1723.19436139979,2016.53198051087,2767.76061793915,5501.44544092213,1.00043115085138
"N[20,13]",805.348235010998,2.44342557731273,192.515990790556,493.589556030199,672.588234921013,782.48406016159,912.618244646515,1251.98679547371,6207.76668957109,0.999997518748658
"N[20,14]",72.3168967145507,1.3298186269286,94.3096096331454,8.45706268860945,27.0038887875567,46.802205691286,83.321905393925,305.923601686038,5029.52615213735,0.999651666257842
"N[20,15]",24.9274384580872,0.199260124649539,11.2173085924302,9.74544978277417,16.8685000354185,22.8100271127594,30.5297796494493,52.9972704437232,3169.10435295934,0.99963119950528
"N[20,16]",573.944117294971,1.56428602555783,118.364420756877,375.333301362109,492.32941692676,562.4644352083,644.22066794416,836.360903720873,5725.45523026668,1.00023878932535
"N[20,17]",1221.5382675441,4.76916592836922,345.934865774577,687.783009460636,977.346683155009,1176.53613586846,1413.45405033808,2049.6820776308,5261.43010894114,1.00018939215081
"N[20,18]",9019.615025671,23.0712791337572,1776.78764385277,6000.14165620409,7799.01010039334,8864.74045330368,10080.156799043,12948.3097567416,5930.9969878506,0.999845280857841
"N[20,19]",774.668149300364,3.36895752203331,186.721380354175,477.532744313337,641.621931633873,752.06480667769,878.411487279923,1202.25490504959,3071.82894445958,0.999836917007919
"N[21,1]",159.367722541812,0.428426312137115,32.7299402862587,104.597551190895,137.293162046304,156.158481668894,178.372718804487,232.422325224819,5836.30735514827,0.999787429220707
"N[21,2]",549.300289280333,1.8414435542433,144.675962987832,321.314348663954,449.224017559826,531.51023773251,629.618646239705,883.556603427804,6172.71096314949,1.00119187530153
"N[21,3]",179.507929142402,0.747731112036515,59.6216814322701,89.8760608341453,138.171065306603,170.633764794526,209.46602204844,318.851911253791,6357.95627142101,1.00004145986255
"N[21,4]",296.9934995473,1.12586805217719,87.0202314221998,160.538114400201,236.718415925947,286.444913555355,344.366469902906,498.410158563118,5974.0035516034,0.999536981415657
"N[21,5]",1431.12089359405,6.67677472563058,507.662049164124,696.8007579278,1077.55284631116,1351.6007871467,1687.78722003205,2628.66365477297,5781.17279271728,1.00060920807967
"N[21,6]",359.404880746657,1.0904770592769,83.3053882179217,225.057556828568,300.217515241766,350.487561567074,406.517908430624,551.054868496399,5835.97090405375,1.0000271255655
"N[21,7]",1346.27120241653,4.61290846109988,358.667717526325,777.300564475334,1096.79451228962,1302.81293025264,1542.56081397866,2153.35894284752,6045.53730025061,0.999815199468061
"N[21,8]",455.240026861258,2.19459575912956,135.289245707658,243.23635851506,361.54672568885,436.986378030212,531.132663234181,770.289411756445,3800.29648154169,0.999779383908651
"N[21,9]",45.158471873194,0.185679599062317,12.5443010255976,25.656858837199,36.3314479392503,43.3356243153588,52.1584259238569,74.0301380985964,4564.19882784914,1.00040368250862
"N[21,10]",234.403293339484,1.21875693235856,61.6178193591852,137.91361971563,191.115447295447,225.988585186433,269.752095900589,375.40871358985,2556.10359610126,1.00032616708692
"N[21,11]",143.472635819554,0.737695795026951,58.6255749869457,59.1086037194008,102.522980617647,133.133301871672,172.699594821269,290.106834758561,6315.67268975152,0.999795714127103
"N[21,12]",1154.88997544497,5.85828512221216,321.514937206596,657.90763391905,930.102417656149,1114.98697593849,1333.44828861478,1916.19250670003,3012.04391300824,1.00019839302262
"N[21,13]",600.238521028149,2.78318084449972,150.386735942587,358.511833275569,492.743744993872,582.819306824655,684.602180641686,950.159100302252,2919.68644292929,1.00069150389411
"N[21,14]",71.0806791468583,1.44555269416577,104.081553063183,6.21416760642342,22.9088587928223,42.6600820585645,79.1446275038526,304.046940440452,5184.17523410196,1.00001759206674
"N[21,15]",24.2819753020564,0.180378136821748,11.0290252423942,9.66144872404558,16.683378832078,22.0864784208901,29.284468023163,52.3552792587487,3738.57819014507,0.999699489434074
"N[21,16]",446.209624213793,1.22285545899229,93.9135712234058,292.003696126363,380.019693545634,436.274845912305,500.929334022715,659.349209070147,5898.0229485616,0.999759138908442
"N[21,17]",842.858517110137,3.93416561360127,249.407249378037,455.633381664712,670.185302808318,809.578302330163,977.864996489949,1429.00817733733,4018.9524617335,0.999617248800413
"N[21,18]",8855.1117987791,23.9818766603172,1785.97450287876,5801.30902979855,7609.10482651296,8695.89259515737,9957.1104472766,12759.9097680767,5546.05508547101,0.999553908727207
"N[21,19]",924.590146130742,2.8864369958778,215.351471341955,575.785076805948,775.856659115875,897.961911250426,1044.81685077873,1418.74117531451,5566.36296680248,0.999928878457598
"N[22,1]",148.211081992976,0.547067323420322,33.0333320706889,94.6354675456873,125.271840569533,144.224920548576,166.698325529561,225.247363106182,3646.05500694533,1.00114099909417
"N[22,2]",459.320372179751,1.92031110000315,126.737047392347,262.119978366653,369.987394409613,442.875884757588,530.38319318026,760.100690122836,4355.76043407117,0.999957556316029
"N[22,3]",247.951893927948,1.05870900154302,80.4965959684955,123.829760248163,190.804037173104,236.155828470438,292.831690949519,436.727885419968,5780.98469312604,1.00021272284929
"N[22,4]",333.021502326516,1.21621968769671,95.7500233566192,180.18938073921,267.25787557784,319.306237792078,383.896604825428,561.674648379079,6198.03063517592,1.00015079759388
"N[22,5]",1708.32501224412,8.13553619461067,602.515581790159,810.606054482666,1282.79759740982,1619.09768207957,2022.56136455422,3135.15666037431,5484.84302164401,1.00022103308587
"N[22,6]",378.862302482256,1.046920675897,87.9370108466766,236.583090738467,316.698360751592,369.859987662466,428.681699488081,580.724807125673,7055.305832659,1.00020424870356
"N[22,7]",1158.55058277607,4.99316179091958,331.335758911175,651.995562136799,921.21963108553,1110.24571208374,1342.63138362541,1954.55695014976,4403.37163944081,0.999825545439821
"N[22,8]",499.812308351638,2.06760447060457,148.985787642492,274.3224955929,395.671722965103,478.564768894783,580.367300349006,859.837405513377,5192.23998703075,0.999797689762726
"N[22,9]",44.8830872437142,0.164092863562461,12.3410862138569,26.0563087351073,36.3448249256862,42.9917339194433,51.5158051397269,74.6031767468542,5656.23421761515,0.9997891226482
"N[22,10]",318.193901720264,0.964332714121786,77.2214716344992,193.5437778853,264.13692785758,309.004612023875,361.344348932648,498.297330850618,6412.42572301554,0.99978310267027
"N[22,11]",104.959916836991,0.897115655658343,49.4497468220965,39.4261005984807,70.5324374268492,95.0631893225184,128.418028214311,224.136427423528,3038.30433633234,0.999764476882021
"N[22,12]",1546.30654238845,5.27600533070299,391.758992448427,926.439404521062,1272.74915043473,1499.89121073738,1765.06281858656,2462.89450870219,5513.50149646696,0.999831449311578
"N[22,13]",696.023692434291,2.20860067811602,176.2344899101,417.108578970898,575.631035735393,674.452859427739,788.655766222048,1112.36567518356,6367.1841316717,0.999748311301857
"N[22,14]",91.8623502184406,2.56324206049693,185.888408978593,6.2609497529322,26.0288734592313,50.9981184062168,98.7436894571215,406.193563581014,5259.26893131361,0.999904737431885
"N[22,15]",37.0438204886233,0.218714054949031,16.7796883928221,14.6992640780035,25.5690423892144,33.8272417861002,44.9979385486088,77.9245749120805,5885.92058421946,0.999996359440651
"N[22,16]",442.168244112543,1.22173115749848,91.7474062648515,288.42550281839,378.047668575752,433.837967068475,494.77548732359,648.404172629248,5639.44403843486,1.00007037199727
"N[22,17]",991.586430487858,3.70191288347129,282.640151865759,551.624865837752,788.968366018555,954.863749451641,1144.23138534449,1646.70377027319,5829.28550852994,0.9996850613596
"N[22,18]",8928.43042599119,23.8796501653015,1813.5997604924,5839.13092002483,7667.30321554896,8774.8328696221,9960.77976375364,12970.7138469889,5768.02294429702,1.00050959634579
"N[22,19]",1416.25750974779,5.62272707772599,342.870774473546,832.276864551005,1173.17703885026,1386.36692075937,1629.72671992874,2181.85030116197,3718.49266668376,0.999771536320291
"N[23,1]",181.208496078144,0.597044317743653,38.9653650144243,118.787477645756,153.748695133311,176.819924417228,203.162493722272,270.369649738346,4259.36010779129,1.00092140347951
"N[23,2]",537.211234059399,1.6786489393443,138.878994102396,314.190237901643,439.704452621121,523.072703829547,614.787430695571,849.057018861637,6844.68338498691,0.999596284396857
"N[23,3]",284.902537051824,1.13943296848026,93.2717304280519,143.052197758789,218.63923197499,271.792993377072,336.122473610255,510.526828274412,6700.73597073921,0.999893471901593
"N[23,4]",279.795629627577,1.31742662360918,82.0891396076392,154.893132544503,222.655304247425,269.047489130796,322.797063676656,467.527544060369,3882.56321911101,0.999887053856623
"N[23,5]",1473.71034865799,6.04853387452049,503.490430897656,718.428141820546,1119.9856140199,1399.83322012927,1725.70890746346,2664.25247081787,6929.18581209209,0.999756062171944
"N[23,6]",364.137310036649,1.52191337411077,89.3169227815006,221.291248397393,301.409562774521,352.472787809236,415.843343992935,565.826870906403,3444.19424704005,1.00097979516607
"N[23,7]",1249.75451417896,6.24934189364843,354.034316018032,691.836482781146,1001.98842204118,1212.93743599598,1442.07343443302,2079.86799198375,3209.3874433695,1.00025576118831
"N[23,8]",551.472509811583,2.09896401356198,158.949013156415,299.515130779076,441.202256471746,532.824502191096,639.175861718503,920.501041226411,5734.63375064151,1.00005768741505
"N[23,9]",53.3139112544428,0.175992090198867,13.8539547083716,31.250602048414,43.4836505685527,51.6768934108413,60.9100951258322,85.2370096566305,6196.71080404067,1.00001027703549
"N[23,10]",469.843342259599,1.6921029393472,115.589844195136,280.766575745892,389.140889992411,459.058556481772,535.065420894192,730.117665121513,4666.44119035372,1.0001965986402
"N[23,11]",205.80540909196,1.01636351655834,83.5674761714655,88.535183340958,148.006836572859,191.218090480903,246.464430509682,404.093366516862,6760.46296516056,0.999618417131121
"N[23,12]",1595.01690037489,4.96516394891073,390.991841338899,956.856792799801,1317.03305859853,1548.10624866532,1818.9371719795,2479.98830892131,6201.09241507464,1.00039027863061
"N[23,13]",674.844599754245,2.2398268689693,171.044806352277,401.970767445698,557.307692520346,653.568188775062,765.447916758759,1069.09848060914,5831.64237577158,0.99979828115353
"N[23,14]",101.310540504124,2.25206379421187,160.789915993532,7.48021051290564,29.7447566723789,57.2064510715799,110.430782625665,494.468891351486,5097.48832054087,1.00014329790553
"N[23,15]",61.2022394985995,0.341139422856141,27.1678583815738,23.8338914816278,42.5068597078373,56.4909115489305,73.6819936415591,127.461674573244,6342.30303375911,1.00019077414582
"N[23,16]",437.460419252595,1.18016760940597,91.1937235293049,285.81202988053,375.154230917409,428.69142939677,488.222009687933,647.835578646095,5970.93736725966,0.999754899996327
"N[23,17]",1059.77469215739,3.94312538170023,303.109278776404,591.006186006094,848.843082127047,1022.01331342307,1218.93428658467,1763.15222656894,5909.04488374241,0.999571039715407
"N[23,18]",8076.22811435162,29.0043672094979,1693.79020650549,5292.66580773436,6901.02830967495,7900.08692214126,9042.69840448521,11781.8310036642,3410.29890155199,1.00040285601434
"N[23,19]",1728.08406777738,8.57980758939696,432.484882932461,1007.91656458484,1421.32270567527,1689.92191944845,1988.00494558681,2673.09044015594,2540.89528029828,0.999973541857125
"N[24,1]",322.858832622128,1.41695294267711,71.089704930791,202.900424496151,273.278861928701,316.870954464854,365.456677908715,479.013632718936,2517.11216346701,1.00135764936178
"N[24,2]",599.555797435082,1.93995047641216,158.494898469005,348.843673754123,490.609875047856,577.913924392013,686.901507670199,971.490015417426,6674.96955837003,1.00023488135153
"N[24,3]",310.300017667039,1.25917714589047,101.497736187935,157.210576768586,238.239647012764,293.370877990007,366.358273232475,545.940942736054,6497.39165635969,0.999844932275574
"N[24,4]",400.848546529329,1.34513886718897,114.265747946826,217.692257424562,321.569984612902,387.387494542535,461.29858947577,668.028722094394,7216.02269159184,1.00034564133112
"N[24,5]",1826.81410215498,9.09943667933603,636.62213305071,892.415236857274,1375.29766788878,1721.23454862827,2162.40326151541,3331.21222731992,4894.79437632241,0.999801274259642
"N[24,6]",629.504265497787,2.04306099865828,145.768827615314,390.924684375685,527.291019093265,615.469829822274,713.42382484999,961.576771695541,5090.57282819643,0.999796369750898
"N[24,7]",2752.26320230169,15.0541377116137,783.643375542807,1540.11119978755,2199.5814711733,2657.08960370993,3183.2097623981,4591.20516600937,2709.72466377897,1.00034088720169
"N[24,8]",681.254568171259,2.4664505463844,194.896695644641,378.299649097887,544.75255965556,658.216887924365,788.335434373255,1131.31975131149,6244.01773389416,0.999806001606636
"N[24,9]",67.553488382796,0.25597947136772,18.6611243857369,38.9003768731964,54.7630078875776,64.872784424743,77.6724224598074,111.49809247079,5314.53583340487,0.999987362643487
"N[24,10]",621.137514358928,2.29735421954451,153.565798527577,370.110523337149,511.364183843298,605.79650794743,708.622885454235,973.485381108206,4468.20489404838,1.00017333719802
"N[24,11]",465.476726480968,3.50865821645153,204.429962900803,190.432286460045,324.079493603684,427.064058565472,561.135964669592,974.112964882082,3394.74353269613,1.0000390405328
"N[24,12]",2246.52095560377,8.49344050064958,573.401305750599,1328.70093538301,1846.49713156245,2184.13444757783,2560.49738188487,3566.32430751249,4557.74536057693,0.999932595886771
"N[24,13]",826.144058200529,2.50749002144911,202.125988944602,498.9627000381,687.74183007051,800.774712216224,940.474815783187,1281.85938286571,6497.79325180075,1.000108789607
"N[24,14]",130.768976097146,3.56583221327566,232.769544404017,10.8144178201866,39.1484830676787,73.0155981912444,140.195782983198,586.874295173581,4261.18613315275,0.999942575683755
"N[24,15]",106.886760861667,0.753444882172205,47.930620730432,41.3067786721265,73.4966896354638,97.8888244313144,130.935898899075,223.274963952618,4046.90614376132,0.999820117400409
"N[24,16]",539.683052192051,1.52929188797176,111.224229783359,353.07457397059,463.478208610059,528.723001260963,604.299051074559,796.512547014695,5289.54168831276,1.00040390011974
"N[24,17]",1488.96419126045,8.01215082115669,447.312851743946,801.594663334569,1167.94186889534,1423.47720733777,1748.8779655092,2519.50623296062,3116.91185204965,1.00013226817018
"N[24,18]",10862.5005825092,31.1183930434475,2212.3886825466,7073.40072364426,9345.4012348217,10684.0858195251,12203.6335015504,15735.4612850642,5054.62024586664,0.999912645221094
"N[24,19]",1826.22163887457,8.0585819441395,457.118177319109,1066.86677698788,1495.51684991786,1780.81823175879,2103.41675806647,2850.33211930792,3217.65687520858,0.999948532898472
"N[25,1]",305.2448142766,0.842225990475121,63.7767732582171,195.923986310604,260.847543547042,299.910099987823,343.367287218485,447.71664463577,5734.13359049912,1.00034659936219
"N[25,2]",485.608035849931,1.76979756743243,130.056456711189,280.28444151314,395.898560703661,470.348961547314,556.210597907378,787.034792964418,5400.2845976185,0.999918886638671
"N[25,3]",282.102774685872,1.15516936333459,91.9953800837814,145.283053071879,217.944924128384,267.828141806478,330.836160678957,499.710225607093,6342.21136478605,0.999987270105547
"N[25,4]",441.98078734081,1.67092089093742,129.157400835334,237.196948285164,352.882902371433,425.455354378749,513.864895338689,737.900915518536,5974.84737103828,1.00015316111756
"N[25,5]",1025.88648767287,6.44584963428875,370.118304474795,475.180578730345,760.501691389036,971.372956764997,1225.92088062244,1904.16461728143,3297.01397059365,0.999999509320444
"N[25,6]",540.204433773193,1.50410253513218,122.073913367261,336.57963612645,454.016890256497,526.337073593122,612.795364888497,820.325990493468,6587.04829705469,1.00048326636408
"N[25,7]",2311.78802339425,7.96796447991447,622.1571324121,1320.04827298395,1884.51044623753,2230.91739939767,2649.11486527044,3778.56736783622,6096.84830739959,1.00007723587441
"N[25,8]",780.58562439501,2.90504899729425,228.102510708209,424.341259985661,624.241762263922,747.430108024923,904.32986761767,1311.25230806749,6165.2857146789,0.999765756479154
"N[25,9]",93.8124474267205,0.34669713011027,28.1257766015178,49.7827134237354,74.5208063646741,89.9907167972915,109.661451894894,159.791538162971,6581.25248453007,1.00006104054645
"N[25,10]",450.075290713958,1.91863158385604,112.018821216945,277.592635454651,371.343744912824,434.705829940364,513.323699398472,713.581617723172,3408.77878007568,1.00048582674616
"N[25,11]",519.529254561866,3.95719580380279,233.426374041412,215.468194535056,359.956709068288,472.656804413096,622.06982401696,1076.57986564102,3479.56351242035,1.0007256306092
"N[25,12]",1622.26354292134,6.3706934265356,421.703293405102,964.894719218422,1325.86914946661,1573.00993650945,1859.91849253242,2596.15116281283,4381.67914983615,1.00009151633976
"N[25,13]",643.044942542804,2.88165033966456,167.24496203119,382.363168117867,524.208247680682,621.399747251915,735.888297092449,1034.829172543,3368.39895552835,0.999617569218566
"N[25,14]",91.3574579046278,1.91098384111552,132.187178750912,9.22196967579683,30.929098118696,57.7142121289913,103.463865723303,375.801807614417,4784.80934586042,0.999822377219248
"N[25,15]",61.4557821173701,0.405897379120478,28.0988976047149,23.3897833568085,41.9356767010099,56.3691003042512,74.4288923302682,132.324866520369,4792.32286363724,1.000726752935
"N[25,16]",435.551706531441,1.32899502171066,91.4761674963186,286.917575247958,371.94314816094,425.286781106228,488.314453540493,643.804419449715,4737.71807503687,1.00025355682252
"N[25,17]",852.188071118922,4.5471135737939,265.464123804384,438.229709330421,662.56664594304,813.881964429601,997.868469250778,1480.93201727072,3408.31769759309,0.999780081367247
"N[25,18]",9135.66275136638,26.709421171676,2018.98410423428,5737.77573256565,7724.09020368353,8939.87012394364,10291.6398595769,13766.3226969314,5713.95540535171,1.00006982210754
"N[25,19]",1111.162717498,3.40318285410818,258.117970600167,689.655489784504,928.033296752479,1081.00344205114,1262.67257084628,1712.11783883635,5752.62301926892,0.999748612226914
"N[26,1]",295.340631868385,0.787342464538691,61.4942955562056,192.492602752355,252.755048697773,289.172489464708,330.850718863222,435.276535426291,6100.17523807532,1.00017301407954
"N[26,2]",470.107418423822,1.73071697881959,130.67884328935,263.272088546889,379.643335115873,450.508974222243,543.252508723191,778.577163467399,5701.09732175716,0.999580609992794
"N[26,3]",318.834028840793,1.68528675163376,109.767387231749,155.633189696306,241.247450354511,301.402748954863,377.381212479828,588.68695540465,4242.2771754818,0.999835149747463
"N[26,4]",483.128042500689,1.80049776282846,141.223419151761,250.069364403147,383.998610935292,468.50231328798,560.873186715126,795.913348761984,6152.16920878907,0.99964082043875
"N[26,5]",1455.72364986143,7.02036810547154,522.194358636594,700.119408331105,1085.10917530705,1370.46013227986,1732.56278549088,2708.9768270813,5532.79504318754,1.00232923788279
"N[26,6]",594.809167410005,1.58976163992789,136.022684748463,375.284026832905,500.709494220544,580.076548519478,671.450210818736,905.045443820335,7320.80194949749,0.999740620489704
"N[26,7]",2202.23777148254,7.45163839682268,585.54693185237,1277.0851251558,1793.31604062917,2126.46016100963,2527.99987900533,3555.84771594691,6174.75706430273,0.99977861092862
"N[26,8]",833.463569337052,3.16470959246243,248.10650011836,457.470979842169,663.001766564,797.760086262782,969.141274964048,1419.20470621216,6146.2264615245,1.00003610834415
"N[26,9]",108.618974868369,0.701038035989776,49.559445771989,42.5219307073175,74.2558602181116,99.1751914461423,132.09187453612,231.764316180373,4997.69464987698,0.999965508417327
"N[26,10]",580.763877797998,1.70875770374037,138.167588867501,351.017465969089,484.840293913448,566.307746080172,656.629111702958,903.095924440241,6538.0974083447,0.999693972506272
"N[26,11]",395.780202790997,2.03219157379797,159.110064208893,174.003853903361,284.737783193747,366.384380295672,471.655365980267,780.853101737131,6130.07812475725,0.999588396767341
"N[26,12]",2181.47397598466,8.52793879046506,591.513346611223,1250.85620820593,1769.13955263437,2103.59248891405,2505.49387937938,3515.39359768248,4811.06193147358,0.999949001097169
"N[26,13]",889.437617617818,3.65275645217819,233.952646192237,523.470387127391,728.477278958567,859.664781251545,1017.41388434882,1438.93914924395,4102.17789861482,1.00026658924795
"N[26,14]",104.032807547637,2.13377961371988,137.468347686675,11.5665860856146,39.086284319524,68.2628080066737,119.569098988688,414.47230747852,4150.55623356497,1.00019545173599
"N[26,15]",121.260125468632,0.709174219930038,53.4509815172673,49.2162910796664,84.7830678955051,110.93282820996,146.177397685004,257.867015939894,5680.74754949373,0.99988364064094
"N[26,16]",520.751545442041,1.56936025098972,111.444992417822,337.660006396127,442.746081312737,510.867713658762,585.135847990713,771.784725771896,5042.84733773416,1.00041205287216
"N[26,17]",1093.10933172009,5.02188478495013,356.492088138296,548.443998086773,841.97487384172,1042.8155482137,1282.59194318987,1932.05717937808,5039.25461400092,1.00088766691091
"N[26,18]",9931.42705376824,45.4462911255216,3272.23346319232,4975.98364834511,7643.07309366591,9492.7388219942,11643.3429351932,17760.6308885944,5184.31845354557,1.00033578020985
"N[26,19]",1030.80616804493,3.33482885966547,243.133270073644,644.131788442449,862.018922001126,999.184632811684,1167.39648305898,1572.71016329465,5315.4701062246,0.999802312160582
"N[27,1]",266.014002526404,0.775627678079505,60.1708892402112,167.838718939271,224.370465176844,258.670138598513,300.445282703164,401.454049005526,6018.19510133366,1.00003063067828
"N[27,2]",504.102474902584,1.92122725536885,149.521759952174,273.154685581453,398.716541302515,482.845082145383,585.146972747031,860.285584751549,6056.91281522901,0.9998511559748
"N[27,3]",182.591328051324,0.966872633774432,70.7934356879023,82.1257346658307,133.49116245228,169.326935157971,216.816701228298,358.878346581889,5361.02019133143,1.00003742121399
"N[27,4]",401.451392139199,2.38626943617285,144.611329650517,183.449400942065,301.644184655942,381.06437776063,477.670484086476,730.273562129112,3672.53278235161,0.999816038285327
"N[27,5]",883.255594424075,5.40954750414358,350.963129037023,395.411591478651,635.914897197687,820.993149802156,1057.45239831511,1728.05037267172,4209.21499584796,0.999783385513332
"N[27,6]",473.457343866349,1.43702956341131,116.656317698696,288.980535828328,391.08262677707,458.472559732759,537.222424532072,743.030441452361,6589.99555570981,0.999968493517417
"N[27,7]",1998.34007330597,6.67407851167958,563.452683917187,1124.43565315363,1604.20394429947,1928.92363663549,2317.30893263569,3341.06730186794,7127.41885081543,0.999777876745323
"N[27,8]",806.864805656622,3.20939976035764,266.542734694925,405.351175942958,622.072731698024,767.467000935845,945.77169292851,1420.08772718896,6897.41038713732,0.999999208271681
"N[27,9]",119.158301998426,0.822837023463832,60.1536284383388,40.1965526834361,78.2886121051665,108.419900131405,145.896410751732,270.192067187845,5344.36374057497,0.999985192582437
"N[27,10]",591.249976177012,1.77171682529361,152.56020614942,342.114285651822,484.322494923704,574.392841520648,676.557650166353,936.815588813028,7414.70564516411,0.999880962425161
"N[27,11]",317.838109542727,1.5191381864153,125.277321817438,141.326165386709,231.318261283197,296.584946032242,378.8854995818,621.958494169361,6800.64898782405,0.999740625218158
"N[27,12]",1567.94637170984,6.03150014564506,449.324014906846,879.98988775217,1245.05210990191,1504.94995488414,1808.08599096777,2619.83978984063,5549.68810664813,0.999602939293458
"N[27,13]",678.739539065001,3.48209921014896,206.078952311926,368.386466865414,536.186738285484,644.660240163265,788.231565815402,1162.68569222899,3502.55524661971,0.999918380394798
"N[27,14]",86.1655991937308,1.79695351380416,112.305274299758,12.399738203631,38.7759032500764,62.1339486697332,98.9290947284696,293.83331610065,3905.94947539876,1.00043731975745
"N[27,15]",121.291573847378,0.6270852984543,51.7377582120055,48.2897129421231,85.0803219805865,111.823027986397,147.263709114648,248.089236101231,6807.09756622188,1.00000786643449
"N[27,16]",411.323662797538,1.20789853793042,95.1364947010853,255.719355921633,345.821941753118,400.208644599642,463.43745138676,624.766152431206,6203.45134726649,0.999660574000264
"N[27,17]",835.160038512494,7.74210741902103,442.539709126615,284.647597446491,522.503675232309,738.781194434906,1033.41382034698,1978.14340928649,3267.27813716825,1.00072852262577
"N[27,18]",8514.00912056545,43.6047620523109,3287.74381467274,3823.43933098381,6277.07084402976,8003.22494631461,10091.1411310733,16503.8501437098,5684.96894894042,1.00035932791473
"N[27,19]",825.714595969488,2.84760507060626,212.140545133276,502.323640663166,676.366245403383,795.801041278532,943.174250663241,1315.57665840628,5549.93434926747,0.999704883429599
"sigma_total[1]",0.45492097612944,0.000821419292413939,0.0630204970756089,0.348664591458279,0.409861337196808,0.449228035855435,0.493940909043844,0.590366162437018,5886.18423454117,0.999738277268441
"sigma_total[2]",0.554645957113608,0.00107314111603383,0.0802430715445175,0.421364146493843,0.498439077127447,0.546493067352843,0.600782880710958,0.735427924844757,5591.15354735724,1.00017428537215
"sigma_total[3]",0.684258643400567,0.00117805393131161,0.0910700312706273,0.535392113648448,0.620949343640212,0.674707214805038,0.735598138947632,0.892281937158966,5976.13811009825,0.999586463491995
"sigma_total[4]",0.594380731064017,0.00230907971608566,0.112486395044954,0.412148909375235,0.514091352920874,0.581759258499314,0.662953767248177,0.84743091000932,2373.13336316747,1.00009872923016
"sigma_total[5]",0.726740067433275,0.00120000073898058,0.0943735086603421,0.569951703439588,0.661815493807051,0.71758075518236,0.778581060967082,0.938982712588366,6184.96400520579,1.0001843579718
"sigma_total[6]",0.499829351801779,0.000857901308018552,0.065462322918736,0.38797582135849,0.453933661257753,0.494165195115565,0.538773907590633,0.642997042233366,5822.48212929337,0.999815612058929
"sigma_total[7]",0.572936937996874,0.000880165940083002,0.0736686067439973,0.450742890235655,0.521149960305523,0.565860390883826,0.616315490162997,0.735603405343273,7005.44609287218,1.00007949112857
"sigma_total[8]",0.600250551630974,0.00110109099671348,0.0858452996309295,0.457051506797063,0.538440166217294,0.59143232128859,0.651285954842222,0.793554137658599,6078.36280277468,0.999936284691463
"sigma_total[9]",0.562691916661709,0.000902556318189594,0.077186503271334,0.433309976879879,0.509068115961133,0.555193677929353,0.608214809761291,0.737114840509238,7313.6489744015,0.999874542863564
"sigma_total[10]",0.533228970894909,0.000810205332924587,0.069087047143273,0.416787223801828,0.485315955115438,0.527550552989586,0.575588472547158,0.683029601468662,7271.14937677108,1.00054339515239
"sigma_total[11]",0.828662148395415,0.00143799290262908,0.104935127880622,0.65311417316685,0.754397570077225,0.818136093911872,0.892936397095355,1.05855626324386,5325.10661313756,0.999695535534216
"sigma_total[12]",0.544881407797832,0.000909256528272922,0.0759501371968328,0.415371092616947,0.492072933560023,0.538122196075148,0.590225989543704,0.715871860659574,6977.24976401188,1.00006666712857
"sigma_total[13]",0.519247917967439,0.000947169438062053,0.0746309104000283,0.394643627707071,0.466424216063243,0.511318823591599,0.562843788678487,0.688745489983456,6208.43482252691,0.999651944539284
"sigma_total[14]",0.936555790372882,0.001887990606398,0.135622385867392,0.717558009485434,0.840318546873566,0.918221426504851,1.01589992639314,1.24859978213066,5160.1592181217,1.00013916981619
"sigma_total[15]",0.916560799410252,0.00148552525321446,0.112865432242622,0.730791105016328,0.837906096950136,0.905559675901815,0.982533179775891,1.17161565381891,5772.4718044238,0.999807126032692
"sigma_total[16]",0.451795559310418,0.000762428243630481,0.0633301038590033,0.344874002083848,0.406735849736998,0.445978757566451,0.490349339863693,0.588671773917705,6899.5767234118,1.00044801020723
"sigma_total[17]",0.605491963398802,0.00101192288338393,0.0824975763145582,0.466659745408721,0.546974547798969,0.598414090527657,0.655481562775104,0.787283376968507,6646.41638061658,0.999747877814821
"sigma_total[18]",0.436676726097654,0.000831982246856293,0.0639865024879109,0.328730630344546,0.39176870197277,0.430754250797816,0.474712168438336,0.579767904984137,5914.91660602602,0.999852730566824
"sigma_total[19]",0.505519298967822,0.000871750765130794,0.0666329873759943,0.393748619340319,0.4578828149301,0.500096174754758,0.544656529836283,0.653390727656686,5842.4350714168,0.999818660719536
"prop_proc[1]",0.54619087214954,0.00649303115835356,0.151707689577635,0.259406548828799,0.440957177319849,0.541141590465717,0.644356204055443,0.857399543228847,545.908950400554,1.00330071124551
"prop_proc[2]",0.456516255811279,0.00465323090070929,0.146031198831076,0.154626157599495,0.36006030654378,0.462503964392817,0.557207360492217,0.732132138627499,984.877223925801,1.00046424354666
"prop_proc[3]",0.519776381818243,0.0048958446546231,0.141981133040643,0.241609602249279,0.423715812602087,0.517999827318147,0.613345616218866,0.807264087919744,841.019405809624,1.00133222331746
"prop_proc[4]",0.517573962831034,0.00544623269488249,0.151596193081049,0.225193707028464,0.418862058628794,0.514049508633837,0.616777854823057,0.828814544909184,774.790353051185,1.0010509283618
"prop_proc[5]",0.461899824882674,0.00509590885587222,0.141931042461268,0.168425643717974,0.369147177112563,0.468124496085315,0.558619370395672,0.729643763905115,775.731597617178,1.00156510998377
"prop_proc[6]",0.525053366715521,0.00525256506304546,0.136779668981986,0.260219456229892,0.433748301391105,0.523233574601488,0.61436188681554,0.804135333160676,678.1101037968,1.00239918094751
"prop_proc[7]",0.500939613190062,0.00521295853250733,0.14349391375989,0.2116719622589,0.406030816716447,0.50120672745116,0.59572976578879,0.784840063023748,757.701978941333,1.00146950608238
"prop_proc[8]",0.427293951729398,0.00440163832214725,0.145260215650648,0.124733277529863,0.331960208840854,0.435643721507131,0.531262269388093,0.689415199914615,1089.09223290785,1.00052235471873
"prop_proc[9]",0.52154798390983,0.00480627324895825,0.134413523677043,0.260607244001908,0.432336519379234,0.520083042377156,0.608475305375848,0.79428509094721,782.112121589024,1.00057251144251
"prop_proc[10]",0.546196144098929,0.00632095935761744,0.157694599362464,0.254317594924799,0.436407754047601,0.538747802700225,0.648327769962853,0.873215010079796,622.397220300048,1.00306730657134
"prop_proc[11]",0.445180853760604,0.00437653004024442,0.137915065008068,0.163995123514861,0.351785772997355,0.451881252361256,0.539310575684061,0.701048503668715,993.032790480928,1.00036516377699
"prop_proc[12]",0.480657022406028,0.00489444120700075,0.146780294069199,0.180896633471584,0.382669355341605,0.483750225411643,0.579952990255313,0.763714992293622,899.351109625982,1.00048542984646
"prop_proc[13]",0.470558481612581,0.00547015909447235,0.147281060041592,0.163248939262208,0.376794668790245,0.47473597869547,0.568314671088933,0.747068877514433,724.92635244936,1.00104111091924
"prop_proc[14]",0.447299273952243,0.00443507058438823,0.144022800452496,0.142564770921864,0.354686433038898,0.455207920355046,0.546472116955795,0.713458517030756,1054.53604894347,1.00082356468998
"prop_proc[15]",0.498890869496876,0.00519107819001403,0.142034939038129,0.226829795403657,0.402181309298287,0.496741521923535,0.59196149399851,0.785686282355874,748.64380908799,1.00343264674461
"prop_proc[16]",0.537178256363592,0.00581790074479252,0.149731129579294,0.255878241590259,0.436365297194781,0.531781553350817,0.636859596113514,0.847543659346404,662.356170161401,1.00265883931298
"prop_proc[17]",0.473749802348176,0.00553381441700167,0.152216828154113,0.158955613014157,0.37373818925984,0.47970260764351,0.574592305627581,0.76612318709986,756.617104691916,1.00143182420442
"prop_proc[18]",0.519131240664946,0.00529308882839868,0.144350385664132,0.239983172484969,0.422949598966667,0.514788906234879,0.613168427492339,0.82023034356087,743.733822764565,1.00199039190108
"prop_proc[19]",0.538435382291649,0.00585281226214534,0.150615689227381,0.250094333350002,0.437690492114888,0.535540690366962,0.635920130713998,0.844624305258126,662.233642226413,1.00090408765696
"sigma_rn[1]",0.333262000451925,0.00211625792939948,0.0695062001636121,0.212643435852048,0.284028397653631,0.328359749076442,0.376997590062052,0.482142590911034,1078.72289569248,1.00102034551238
"sigma_rn[2]",0.371218626489782,0.00250057456994964,0.0930764405784567,0.198687082855387,0.308987779360481,0.368242965668218,0.427299846425864,0.569965133118361,1385.47888970984,1.00045603719815
"sigma_rn[3]",0.489630667837511,0.00301445896425438,0.103019226051201,0.306647662364623,0.419577492862088,0.482451478394492,0.550941567616352,0.71997997164454,1167.93268715625,1.000470932657
"sigma_rn[4]",0.425668500596105,0.00348804857295923,0.115974838289832,0.233636810469114,0.341641514646905,0.414869635071905,0.499292105890981,0.67883074311641,1105.50956140231,1.00017027850471
"sigma_rn[5]",0.489169081313195,0.00316301108627675,0.112660453300175,0.278603584018575,0.415739934057616,0.483898722062673,0.558900921031836,0.723391731182476,1268.64923066729,1.0002427469437
"sigma_rn[6]",0.359846324417949,0.00221960217805223,0.0734710866495498,0.234090151062556,0.307890303947024,0.354687695830651,0.404576273852378,0.521247204614748,1095.67724353586,1.00080417073159
"sigma_rn[7]",0.402349839507591,0.00255999026369422,0.0878151826783775,0.242548378302686,0.344087919414115,0.396512050225838,0.455489559169781,0.59120637702924,1176.69143168008,1.00096134993471
"sigma_rn[8]",0.388342214083855,0.00267518448134115,0.102953581025559,0.188242174302649,0.320986030300028,0.387187354387132,0.452590809878067,0.599455786726401,1481.06951059354,1.00037305134304
"sigma_rn[9]",0.403897106906977,0.00226450236343342,0.0839084343763038,0.257656759764026,0.346290113330167,0.397035015205007,0.454088534097956,0.590874536107473,1372.98464102974,0.999816515525563
"sigma_rn[10]",0.390868980085557,0.00268125996279544,0.0838004953603956,0.244773270991529,0.332860839676353,0.383403546998945,0.441744045472092,0.572547146401922,976.821759202829,1.00263562880245
"sigma_rn[11]",0.548373488761644,0.00353227846315206,0.128676456456925,0.30814615693556,0.462438890765289,0.54418297160734,0.629213643774252,0.814142298479621,1327.05315399101,1.00021523438393
"sigma_rn[12]",0.374248049599692,0.00230717485399091,0.0874379596398174,0.209904044467196,0.316921815570732,0.370101617624402,0.429205975205669,0.558698392935005,1436.27966028108,1.00060923093195
"sigma_rn[13]",0.352883981926516,0.00251637159248817,0.0858680337558025,0.189432279603642,0.29615375380685,0.350025678216873,0.406286850117295,0.534864468855978,1164.43027681491,1.00031281125033
"sigma_rn[14]",0.620527957290332,0.00404323356651716,0.158865297603323,0.321056592361019,0.51951493639994,0.613191705223593,0.714567649870167,0.964094180458155,1543.83336011326,1.00015844766851
"sigma_rn[15]",0.642896601524728,0.00422799930692252,0.138990885864097,0.395817728199955,0.54824860921691,0.632752941889648,0.726734713557318,0.950341633305838,1080.6942256645,1.00209474474156
"sigma_rn[16]",0.328464071824666,0.00216545870743237,0.0706927969493381,0.204356349328842,0.279653895394845,0.322953616520294,0.371720311178474,0.481464215108658,1065.73815930584,1.00233697289533
"sigma_rn[17]",0.412833966807518,0.00298804495649059,0.101357532578914,0.217032832536641,0.347384848726651,0.409559643870338,0.475286326091125,0.624423474463973,1150.63559440969,1.00057471954879
"sigma_rn[18]",0.312350819887533,0.00197828376112867,0.0697455856306515,0.188951059264708,0.264867336373854,0.306450627414811,0.354860799469784,0.466849505465688,1242.95749751886,1.00128401128497
"sigma_rn[19]",0.367856625493923,0.00249798117944384,0.0777038556194139,0.231920283776696,0.314728881117237,0.361272508398983,0.415208843537181,0.540354161444142,967.624405542433,1.00048901124456
"sigma_wn[1]",0.300657780951389,0.0024120380590918,0.0680868519801995,0.16796545895523,0.25788024080451,0.299403579902663,0.341889281584956,0.444117918525763,796.81627763174,1.00322890995332
"sigma_wn[2]",0.403072094154904,0.00150438704115397,0.0716847955084945,0.280134078893799,0.35210121821282,0.397313688458451,0.446851271055706,0.560136101054737,2270.57020118155,1.00000394276894
"sigma_wn[3]",0.466908047594542,0.00227126784084374,0.0902834978590297,0.295004073589939,0.407971203218938,0.46315776638358,0.521859906591013,0.659950656843885,1580.08354305128,1.00053799314768
"sigma_wn[4]",0.403725007608187,0.00204237094287969,0.0911341994833966,0.244335732660545,0.34270275833156,0.395772838110812,0.457834106740607,0.606890203038486,1991.10205273944,1.00101260100052
"sigma_wn[5]",0.526300675584369,0.00244795259848392,0.0899349477726199,0.368906081246134,0.463787608920956,0.520211442880935,0.580678279573645,0.724089823923061,1349.74263256829,1.0020012597732
"sigma_wn[6]",0.339364995580964,0.00183253344353132,0.0637148388722692,0.219478523550613,0.296274815285794,0.336183999372391,0.379997798823166,0.472396919706103,1208.86376459,1.00167582886015
"sigma_wn[7]",0.398554401704381,0.00199407347288109,0.072405402144928,0.263878578987303,0.350000337477642,0.395519344526589,0.444010739511521,0.553811755337563,1318.43774488105,1.00042440931991
"sigma_wn[8]",0.448106614669446,0.00137436719099106,0.0739116758886264,0.324188701028875,0.3961485798171,0.441263726859907,0.49275159949554,0.614308731193004,2892.14818509015,1.00000913836939
"sigma_wn[9]",0.383632679315018,0.00188765222104182,0.0723427337147336,0.254233063678216,0.335927152951193,0.379562331700589,0.427021181793152,0.539141813281014,1468.74318758079,1.00071948956855
"sigma_wn[10]",0.351189488269666,0.00261147665652975,0.07728121707535,0.192454837103291,0.3031169337794,0.351706438642385,0.400398698333063,0.503872370376488,875.740852861716,1.00232574871431
"sigma_wn[11]",0.609494656399919,0.00203612499686579,0.0945510539453404,0.443769313128084,0.545264772167787,0.602019335324641,0.66544556634737,0.817829012181363,2156.37295917289,0.999981971633198
"sigma_wn[12]",0.386932565161453,0.00181848549693867,0.0723985422974137,0.260312156638501,0.337698748237989,0.381869542482938,0.430597646294602,0.543737271369644,1585.03902918645,0.999742054686237
"sigma_wn[13]",0.372198343268883,0.00179684240284898,0.0689727185985792,0.252083175280116,0.325090949276853,0.366596468242296,0.413517535774632,0.519449434626661,1473.44765890583,1.00038260951662
"sigma_wn[14]",0.686620644847727,0.00235645012866686,0.117441820030652,0.487226130733603,0.602766725235645,0.674806650214054,0.759142423037737,0.94622899203347,2483.87101869292,1.00074355414806
"sigma_wn[15]",0.638619636146837,0.00301518553812771,0.111157161243587,0.429991016660637,0.566128638093496,0.635176778349566,0.706319657672412,0.87295131088159,1359.08560138982,1.00220830584118
"sigma_wn[16]",0.301695166924999,0.00188482584382765,0.0649977405810243,0.174748652746106,0.259734480013702,0.299705416726555,0.34177169722404,0.437041342330991,1189.19771043124,1.00113278594093
"sigma_wn[17]",0.431997989225375,0.00224943777288831,0.0781054815230973,0.292128911093254,0.37988460501985,0.426153449975263,0.481274213499992,0.600102809077101,1205.63281785905,1.00114566905375
"sigma_wn[18]",0.297747249695705,0.00164927466644389,0.0608331706945035,0.185940440486355,0.257417700153166,0.294889950589641,0.335296442234532,0.42541008713917,1360.4886713188,1.00066858418179
"sigma_wn[19]",0.337109197889587,0.00216810707777098,0.0706527956124726,0.199215712122829,0.292600187611534,0.335134597046518,0.380808361768574,0.482994321658268,1061.93331881526,1.00057091277788
"Omega[1,1]",1,NA,0,1,1,1,1,1,NA,NA
"Omega[1,2]",0.0752015494599737,0.00242448316786887,0.20311258881933,-0.329093580034563,-0.0599035824499035,0.079449556561584,0.212819147070884,0.468225159066712,7018.35507663284,1.00038658711626
"Omega[1,3]",0.025561296488628,0.00273312304695627,0.185623846484265,-0.333218919159467,-0.0999894086268908,0.0251137862953992,0.15443742957871,0.384693583406885,4612.63581738446,1.00001805709697
"Omega[1,4]",-0.0105325346601831,0.00231033410178082,0.195991117919494,-0.386321614755542,-0.147102160093473,-0.0086879478415712,0.124352638489759,0.369417643157573,7196.53104194095,0.999967738556253
"Omega[1,5]",0.0396935224327525,0.0024523635337495,0.193527307116397,-0.341961184865764,-0.0900248850682335,0.0367871869351159,0.174535748043978,0.412780699986669,6227.51536718889,1.00059246874675
"Omega[1,6]",0.255876029827591,0.00259566774656626,0.181495071271747,-0.123420788889488,0.137674241044529,0.266594558670381,0.383224600370885,0.587272829581398,4889.12870513977,1.00024595744009
"Omega[1,7]",0.260927297308238,0.00289067687022854,0.189837259704628,-0.141764363644281,0.140654298353656,0.267724024493262,0.397211194608433,0.602626064645927,4312.84467513658,1.00042428835869
"Omega[1,8]",0.0413948620757039,0.00248674777486154,0.204535757912518,-0.360167740688322,-0.0994139968629953,0.0413780263697831,0.182836038996002,0.438003655840233,6765.11233999195,1.00025834008916
"Omega[1,9]",0.185268201303538,0.00228584015195175,0.179533180103482,-0.167978721514155,0.061659022233102,0.188877083396373,0.311525822937657,0.526537973586917,6168.75800064164,0.999795808588109
"Omega[1,10]",0.222270501208948,0.00269877309644129,0.183259086999544,-0.14061894894513,0.0962046437253381,0.229823355262812,0.351882606197209,0.562320146600957,4611.03366426027,1.00032381752987
"Omega[1,11]",0.159645306790266,0.00223244284844793,0.189974509863846,-0.221350829931397,0.0298114307131805,0.165087409014894,0.289895645527575,0.517652756125631,7241.52386494057,0.999979791203746
"Omega[1,12]",0.159440685837771,0.0025696557059354,0.189696636782015,-0.215227493060052,0.0319727796175387,0.164661988140515,0.28815296250323,0.521754762827171,5449.65971746082,1.00002599145219
"Omega[1,13]",0.14621643781193,0.00248125141561797,0.192116287787458,-0.23503787435061,0.0155221576743405,0.151741697700405,0.284444394310039,0.503435371528534,5994.96744167448,1.00011959365523
"Omega[1,14]",0.122201816420369,0.00244812908327533,0.1959320656237,-0.26789251894948,-0.0121853533515892,0.128953324421586,0.259898952105508,0.491562570288401,6405.34324888558,0.999826750773356
"Omega[1,15]",0.149133287113959,0.00263941559881326,0.182343213715032,-0.219981215403562,0.0253996942764536,0.15283768843007,0.27744856486612,0.490594139760582,4772.69466931189,1.0003678199716
"Omega[1,16]",0.175627378405328,0.00292539498344282,0.1882484796517,-0.208822065137021,0.0461688855989583,0.181857795885473,0.308493476296034,0.524269116664389,4140.89225269455,0.999868278727181
"Omega[1,17]",0.146340646668211,0.00275968391711312,0.193042822146729,-0.243196446706447,0.0175546855193331,0.151504994856318,0.282233698987178,0.504818710880347,4893.15114389056,1.00031573693353
"Omega[1,18]",0.177039760223673,0.00234290235670359,0.184359347099567,-0.197959117769973,0.0545903182273032,0.18314285949656,0.30373075578106,0.521447414405088,6191.87163605138,0.999819300366496
"Omega[1,19]",0.0858924271514926,0.00239302067814373,0.182217961295333,-0.276081100058113,-0.0360922161978581,0.0885571522623626,0.212522357105855,0.432673729846001,5798.15023215182,1.0005725620501
"Omega[2,1]",0.0752015494599737,0.00242448316786887,0.20311258881933,-0.329093580034563,-0.0599035824499035,0.079449556561584,0.212819147070884,0.468225159066712,7018.35507663284,1.00038658711626
"Omega[2,2]",1,1.22231821024008e-18,9.51249527351207e-17,1,1,1,1,1,6056.48078945042,0.999499874937461
"Omega[2,3]",0.0182345676172503,0.00269147002789666,0.198741522098241,-0.374179812450567,-0.116433377539872,0.0181953793732299,0.154491602506082,0.397083021984329,5452.53079969657,0.99988012620015
"Omega[2,4]",-0.033573702645531,0.00246504191664359,0.203259502273282,-0.419250667740311,-0.17546244505774,-0.0347688859558666,0.105406705730693,0.369733474980768,6799.12613826166,1.00025357676563
"Omega[2,5]",0.109214357101006,0.00265393944482956,0.197661184528537,-0.277968789335982,-0.025805964659917,0.10915151988804,0.245635394427538,0.489763292048849,5547.03324413946,1.00031626002381
"Omega[2,6]",0.101696011980121,0.00269150915763905,0.196331977830487,-0.290041771636018,-0.035285166057946,0.103934870087839,0.237822555391437,0.479588137097077,5320.96447850233,0.999967659600983
"Omega[2,7]",0.0995814133149731,0.00265296547909482,0.199904259180124,-0.301242325023765,-0.0378152367337294,0.105136033687365,0.23780914169076,0.472009872249817,5677.81054274503,1.00066180776064
"Omega[2,8]",0.105131045481575,0.00267495830810297,0.213346709887862,-0.313819143423335,-0.0366780257772365,0.111616598449778,0.255175196846487,0.498825934374625,6361.18263341007,0.999555169077464
"Omega[2,9]",0.111725333041037,0.00248808347839513,0.195020670505961,-0.27117006282733,-0.0219946909784416,0.114054503114277,0.247412175269468,0.475839240851965,6143.71973435383,1.00042541469677
"Omega[2,10]",0.0811272082171419,0.00331995976441228,0.199632775951269,-0.307870736287951,-0.0559575894345648,0.0854420991045878,0.220889276493091,0.461906716532635,3615.74713553465,1.00166237401508
"Omega[2,11]",0.0669192244916039,0.00261093827264416,0.204264428725976,-0.335991210593534,-0.0734610060167241,0.0660174301997244,0.210029810675389,0.459439393184603,6120.57576977313,1.00035123082187
"Omega[2,12]",0.0908325164765183,0.00271698467749927,0.203242604558585,-0.306989317825932,-0.0453680824149434,0.0902308214827066,0.235096748908808,0.485991767880482,5595.70904915869,0.999864749353835
"Omega[2,13]",0.0840270604128975,0.002724887729808,0.206789527215819,-0.328384329601373,-0.0581035779722726,0.0869219417639951,0.226215331439731,0.477944622134075,5759.16941283777,0.999985874003196
"Omega[2,14]",0.0121469300774108,0.00263707566499771,0.20748083858884,-0.401680802234715,-0.12944988364916,0.00839681962004908,0.154891918163751,0.420556302679365,6190.28732006702,1.00025706188889
"Omega[2,15]",0.0959205426291406,0.00297635795946327,0.196009643726359,-0.293992347044048,-0.0366907143607185,0.0977881480184685,0.233489250685777,0.458304867106476,4336.95139961332,1.00118695062579
"Omega[2,16]",0.00752401700928949,0.00256070893723596,0.200512542949015,-0.378122846704239,-0.129807296394288,0.00563076887342251,0.148368742301211,0.395684342609695,6131.44243500714,1.00001037061041
"Omega[2,17]",0.0999713563087826,0.00295870148433585,0.206392465431768,-0.297210668471563,-0.0439646960081079,0.0971564482523223,0.244806740541894,0.492902574569373,4866.14872882167,1.00048984781824
"Omega[2,18]",0.0615733204341484,0.00261856257034371,0.204784212416982,-0.340491125090898,-0.0777596711194807,0.0638620256240376,0.206298047829492,0.460087566606721,6115.993748456,0.999949528414373
"Omega[2,19]",0.0989317594844054,0.00299382928138363,0.197473551333421,-0.29883842590292,-0.0309460655469508,0.103921570849807,0.237234051674686,0.46729509584894,4350.7468016901,1.0001619803037
"Omega[3,1]",0.025561296488628,0.00273312304695627,0.185623846484265,-0.333218919159467,-0.0999894086268908,0.0251137862953992,0.15443742957871,0.384693583406885,4612.63581738446,1.00001805709697
"Omega[3,2]",0.0182345676172503,0.00269147002789666,0.198741522098241,-0.374179812450567,-0.116433377539872,0.0181953793732299,0.154491602506082,0.397083021984329,5452.53079969657,0.99988012620015
"Omega[3,3]",1,1.20889787171154e-18,9.42352050983658e-17,1,1,1,1,1,6076.41090165624,0.999499874937461
"Omega[3,4]",0.0289878430661047,0.00224345027327014,0.198719255930309,-0.363637564609755,-0.109778492469566,0.0284510812568928,0.167696823878752,0.404477888953253,7845.97661351786,0.999703685240366
"Omega[3,5]",0.162014308829355,0.00261874079910347,0.193514258534127,-0.225153612753115,0.0309939378333721,0.166087959675698,0.29035863890534,0.531731291815021,5460.60687654812,1.00078193174527
"Omega[3,6]",0.0865471198908916,0.00237910082673511,0.184949003260479,-0.274864806390796,-0.0408041725121047,0.0902371736104673,0.21354081428623,0.440888742377777,6043.35761647571,0.999605050925584
"Omega[3,7]",0.0370493046446499,0.0023416607278085,0.185464634092797,-0.322367362780604,-0.0914523413613403,0.0358416138132295,0.162177771045527,0.401750223138844,6272.9852917218,0.99970399024158
"Omega[3,8]",-0.0150414587517387,0.00247318532510182,0.203639203403606,-0.401676959021182,-0.156426186644293,-0.0158716525341457,0.127315776013151,0.380153809413166,6779.68408179229,0.999651556620705
"Omega[3,9]",0.00141563234161356,0.00224264455605486,0.184569510303712,-0.366124664568893,-0.127332265963698,0.00693790388941326,0.128224874997325,0.353959407953629,6773.27996980496,0.999994372525718
"Omega[3,10]",0.0849715786725736,0.00258369618602271,0.183792446165772,-0.279206447421471,-0.0407400224966715,0.0891692952854647,0.21296351789911,0.436652757567403,5060.25529232798,0.999572659854365
"Omega[3,11]",0.123414366140108,0.0023281599211275,0.188383386780161,-0.246987198196891,-0.00781535905106611,0.127843363659466,0.254456635836278,0.475152712720427,6547.25993819972,0.999976870511084
"Omega[3,12]",0.105725648861965,0.00277697203013039,0.194480946019583,-0.277108911061421,-0.0255296812293148,0.108848769214417,0.241591441693979,0.474000923373404,4904.68483493292,1.00116745309079
"Omega[3,13]",0.0311591226990534,0.00257352018785786,0.20026342599482,-0.358974241844167,-0.107659820462341,0.0296089452785113,0.171512704128517,0.419110552449729,6055.47372878485,1.00007988705132
"Omega[3,14]",0.0471205697164697,0.0023774882642477,0.193414880021417,-0.34322520939615,-0.0830353955847433,0.0494568464649934,0.180476993703529,0.415453234156337,6618.2474604383,1.00009179798503
"Omega[3,15]",0.0772130808463639,0.00237652627203613,0.183026269140629,-0.286701154707655,-0.0480244518572379,0.0837768895933221,0.20422973509969,0.421375084851672,5931.18697058087,1.00068525551896
"Omega[3,16]",-0.0147410885740843,0.00243878314054358,0.186469763120082,-0.38394281349246,-0.143250232864887,-0.0144361146707954,0.11123369549485,0.35120332571856,5846.15694437395,0.999982696789067
"Omega[3,17]",0.029746157731758,0.00257144559532523,0.194473935493158,-0.350483862714466,-0.104051549017712,0.033676990281965,0.165139971043297,0.399920517870296,5719.63250090559,1.00019967043881
"Omega[3,18]",0.118457655687776,0.00236111132714047,0.190699086557101,-0.260590650612172,-0.0114156613585577,0.121130779932392,0.251545105693321,0.481049006993975,6523.25410477223,0.999943599545567
"Omega[3,19]",0.177304589743954,0.00224811104464781,0.180053221283613,-0.182184769526302,0.0540284338442195,0.183462096483704,0.303111154021453,0.522784914696667,6414.55115255344,0.999631225959051
"Omega[4,1]",-0.0105325346601831,0.00231033410178082,0.195991117919494,-0.386321614755542,-0.147102160093473,-0.0086879478415712,0.124352638489759,0.369417643157573,7196.53104194095,0.999967738556253
"Omega[4,2]",-0.033573702645531,0.00246504191664359,0.203259502273282,-0.419250667740311,-0.17546244505774,-0.0347688859558666,0.105406705730693,0.369733474980768,6799.12613826166,1.00025357676563
"Omega[4,3]",0.0289878430661047,0.00224345027327014,0.198719255930309,-0.363637564609755,-0.109778492469566,0.0284510812568928,0.167696823878752,0.404477888953253,7845.97661351786,0.999703685240366
"Omega[4,4]",1,1.2631395822201e-18,9.87494455307542e-17,1,1,1,1,1,6111.76493451304,0.999499874937461
"Omega[4,5]",0.0834062798097878,0.00282466380283565,0.199240486568895,-0.309649318983973,-0.0531032834712352,0.0836974058022606,0.225671548448634,0.459299170127649,4975.32732457131,1.00025502763385
"Omega[4,6]",0.0931871054512512,0.00287882339357935,0.195118104415238,-0.290546784609444,-0.040245036809126,0.0990404755299184,0.228016249241464,0.461146797679033,4593.7260265294,1.00036655667215
"Omega[4,7]",0.0762780353716313,0.00269657701229612,0.195032134791438,-0.317367454759335,-0.0534575640896964,0.0824791083415063,0.207919536306802,0.456168868857062,5231.02376575691,1.00007168056532
"Omega[4,8]",0.0344017539699313,0.00255569721340477,0.200674074999483,-0.362460188289041,-0.105561164762679,0.0376508407255238,0.176310712203082,0.42024955766087,6165.43524430377,0.99976778180715
"Omega[4,9]",-0.0602951213033238,0.00251402977602633,0.191617015269105,-0.425313363629201,-0.1923944372252,-0.0628328401340243,0.0674544218352813,0.323683347494157,5809.34686135443,1.0000959873518
"Omega[4,10]",-0.0223104934325639,0.00274002091785047,0.192207509697253,-0.386903096039328,-0.156584662290529,-0.0239074356315526,0.108571429038979,0.356368195616903,4920.76864977343,1.00048232258723
"Omega[4,11]",-0.00434064544663663,0.00256505200945003,0.197085734004346,-0.384599907613395,-0.142711477314794,-0.0045320083862762,0.130015448280122,0.375806605410286,5903.61499987095,0.999712595089212
"Omega[4,12]",0.0275249426599816,0.00269461725824396,0.200435789490987,-0.366663876995407,-0.108445629241712,0.0266522566247042,0.167443519076458,0.41104886818065,5532.9451905935,1.00002196936829
"Omega[4,13]",-0.00226307549666671,0.00279097981101813,0.201828253487267,-0.395229435071675,-0.14019502170071,-0.00321137268569765,0.133031376479833,0.389848972917872,5229.38400538864,0.999699893254605
"Omega[4,14]",-0.0314978426989237,0.00271087679347723,0.200961453986767,-0.418133795224786,-0.169321901605966,-0.0306237088716129,0.107930857554177,0.361892280611293,5495.4842676339,1.0000514267958
"Omega[4,15]",0.0410827740985688,0.00283845527751908,0.193709783720863,-0.331834127800296,-0.0920102824024729,0.0423299156469824,0.178489855998704,0.40832542205125,4657.35133243576,1.00008769079469
"Omega[4,16]",0.101900037001419,0.002782730076017,0.200377998082655,-0.293857782669185,-0.0348651696522484,0.105568194373302,0.240795326679427,0.481520646273117,5185.10914847932,0.99970835486254
"Omega[4,17]",0.0620133989137774,0.00272368288726037,0.202669578244723,-0.331848449237618,-0.0773398672042354,0.0647478859731272,0.205026228046385,0.450054403009026,5536.86638251036,0.999717974694288
"Omega[4,18]",0.108601616545901,0.0028878843074464,0.203641946241779,-0.299702448132704,-0.0283074275461037,0.111570291983714,0.250256324041739,0.489714773152632,4972.50119749105,0.999986816559619
"Omega[4,19]",0.0748774567353353,0.00265126830586055,0.189663022247869,-0.299392678452353,-0.0547298343601149,0.0755997505356509,0.208196334247044,0.436464576809278,5117.50143449798,0.999709614523008
"Omega[5,1]",0.0396935224327525,0.0024523635337495,0.193527307116397,-0.341961184865764,-0.0900248850682335,0.0367871869351159,0.174535748043978,0.412780699986669,6227.51536718889,1.00059246874675
"Omega[5,2]",0.109214357101006,0.00265393944482956,0.197661184528537,-0.277968789335982,-0.025805964659917,0.10915151988804,0.245635394427538,0.489763292048849,5547.03324413946,1.00031626002381
"Omega[5,3]",0.162014308829355,0.00261874079910347,0.193514258534127,-0.225153612753115,0.0309939378333721,0.166087959675698,0.29035863890534,0.531731291815021,5460.60687654812,1.00078193174527
"Omega[5,4]",0.0834062798097878,0.00282466380283565,0.199240486568895,-0.309649318983973,-0.0531032834712352,0.0836974058022606,0.225671548448634,0.459299170127649,4975.32732457131,1.00025502763385
"Omega[5,5]",1,1.29356089522679e-18,8.45955534528744e-17,1,1,1,1,1,4276.82338109452,0.999499874937461
"Omega[5,6]",0.189984904662245,0.0026769141987282,0.188561310784674,-0.19524578486426,0.0665777639078955,0.195721377649432,0.322617813682913,0.542765679887259,4961.76595079501,1.00050720757252
"Omega[5,7]",0.136799692041148,0.0027042560230928,0.195459105106981,-0.25300391530305,0.00389370179918684,0.143961497824227,0.272433205664198,0.503915694066409,5224.15676657246,1.00080365855991
"Omega[5,8]",0.093816339387017,0.00268794194215264,0.201954932573977,-0.308886315591295,-0.0478789394585373,0.100205881593962,0.235721146389192,0.472216596444287,5645.06779258882,0.999848120484252
"Omega[5,9]",0.0213364692027948,0.00237116804193181,0.184408901021042,-0.331902328505817,-0.104855030629665,0.0216165296994937,0.148614636726702,0.374775448748171,6048.38034371794,0.999783970612124
"Omega[5,10]",0.089763341284468,0.00284496226016798,0.190896688776614,-0.293053205884244,-0.0380437951980205,0.0921231143219887,0.217326888828657,0.453210412570516,4502.39684490216,1.0000954727094
"Omega[5,11]",0.0139168283794572,0.00262231234956471,0.198201091274816,-0.361162938043848,-0.122109475105398,0.012729171990977,0.148894637143979,0.396163878203252,5712.72399729218,1.00033813693779
"Omega[5,12]",0.230426624457456,0.0029640241553046,0.195782857933902,-0.164527461392472,0.0989287917857322,0.236536394644485,0.37046049302164,0.585666030473554,4363.00640385831,1.00049129824863
"Omega[5,13]",0.212806776453839,0.00354422578023572,0.204288778823021,-0.21300649145963,0.0800012592577991,0.220081811228472,0.357999245292131,0.580483686066817,3322.35674731402,1.00059834953875
"Omega[5,14]",0.110952144707701,0.00267504082813004,0.203825479725672,-0.29384634431692,-0.0290246070485793,0.115500136908328,0.252443275661727,0.495315188289348,5805.72039889431,1.00041739488923
"Omega[5,15]",0.141137922367418,0.00294596944479285,0.19051213521128,-0.249067548657249,0.0104688442156502,0.150163159268052,0.278513626128286,0.494037712404955,4182.046070957,1.00048416984065
"Omega[5,16]",0.0943641147601594,0.00255146825248035,0.192860879138011,-0.286214155100977,-0.0377805406548626,0.0966535171070586,0.227728068013217,0.462741598160747,5713.57518385061,1.00029067141109
"Omega[5,17]",0.209695533506435,0.00371844816815055,0.202582804127521,-0.204498818303406,0.0767519286586596,0.220644810179854,0.352916769377866,0.571096949503797,2968.12161892359,0.999943436878841
"Omega[5,18]",0.191106585870152,0.00265759011070035,0.197164276074723,-0.202355987431653,0.0552552601272733,0.196968348211727,0.330205535278143,0.557052205758113,5504.02577433276,0.999938618807653
"Omega[5,19]",0.186200840537498,0.00255806342124465,0.191306807122772,-0.197412328566544,0.0587031666941324,0.192646080384432,0.322291644449123,0.537090097509766,5592.91516328462,0.999683359285064
"Omega[6,1]",0.255876029827591,0.00259566774656626,0.181495071271747,-0.123420788889488,0.137674241044529,0.266594558670381,0.383224600370885,0.587272829581398,4889.12870513977,1.00024595744009
"Omega[6,2]",0.101696011980121,0.00269150915763905,0.196331977830487,-0.290041771636018,-0.035285166057946,0.103934870087839,0.237822555391437,0.479588137097077,5320.96447850233,0.999967659600983
"Omega[6,3]",0.0865471198908916,0.00237910082673511,0.184949003260479,-0.274864806390796,-0.0408041725121047,0.0902371736104673,0.21354081428623,0.440888742377777,6043.35761647571,0.999605050925584
"Omega[6,4]",0.0931871054512512,0.00287882339357935,0.195118104415238,-0.290546784609444,-0.040245036809126,0.0990404755299184,0.228016249241464,0.461146797679033,4593.7260265294,1.00036655667215
"Omega[6,5]",0.189984904662245,0.0026769141987282,0.188561310784674,-0.19524578486426,0.0665777639078955,0.195721377649432,0.322617813682913,0.542765679887259,4961.76595079501,1.00050720757252
"Omega[6,6]",1,1.26248548678868e-18,9.02593901174783e-17,1,1,1,1,1,5111.30740063961,0.999499874937461
"Omega[6,7]",0.263770450051447,0.00260698872112152,0.186505405789976,-0.11769777809033,0.139146700181276,0.2697788668782,0.394525848750703,0.61403647881785,5118.05023048083,0.999946927660889
"Omega[6,8]",0.135704918527257,0.00264027014161116,0.204791825694292,-0.267059076208819,-0.0063926297152571,0.14268491915934,0.278486053558926,0.518198929694757,6016.28646059412,0.999970272513111
"Omega[6,9]",0.124140502683736,0.00239916204290432,0.183805865477019,-0.237092944820285,-0.00256693032982067,0.127847238359979,0.252347872683424,0.471507556396854,5869.47920951021,0.999732841375282
"Omega[6,10]",0.17671809345763,0.00252342421422573,0.180236281895034,-0.196054538687128,0.0582542053122262,0.184169805929697,0.30360528969168,0.510041553376613,5101.57067035788,0.999541676953959
"Omega[6,11]",0.13880925621261,0.00227319468230163,0.187169726375431,-0.233454650342858,0.0113532146603613,0.139885739676269,0.269349685604024,0.501889234663586,6779.50441748542,0.999989751309919
"Omega[6,12]",0.243611918227484,0.0025204166403421,0.192403738600804,-0.154237328917771,0.117008497689417,0.250904055246668,0.381764704946363,0.592972510976183,5827.50073028634,0.999765855276973
"Omega[6,13]",0.215879662564631,0.00268514375882503,0.197400572940677,-0.177795675506619,0.08276678279223,0.225555876614865,0.357103510532195,0.579066659528671,5404.57730665827,1.00044096216485
"Omega[6,14]",0.154087286081951,0.00264124135801162,0.196588340734476,-0.250453583180458,0.0220449332301931,0.160382446423917,0.293207948776482,0.519451240532102,5539.86697033162,0.999713028890482
"Omega[6,15]",0.195179931054233,0.00243193591882994,0.179161422739748,-0.160009383577014,0.0729524219246095,0.196944921195304,0.321634199376862,0.530412597276048,5427.3115279985,1.00001369835868
"Omega[6,16]",0.219070787085384,0.00254080053780606,0.184872079200129,-0.167149867798194,0.095604108797444,0.22679177328922,0.352163087272734,0.556911511154306,5294.21416772025,1.00012982108998
"Omega[6,17]",0.163766147194108,0.00255830479834439,0.192351788624927,-0.218052989338306,0.0316287951574154,0.163495672986624,0.303955800919436,0.52022801352318,5653.11587208483,0.999951881204085
"Omega[6,18]",0.202609047161214,0.00262231103851841,0.191122214794257,-0.177590108823773,0.0742414061726413,0.206659609952209,0.336644734276477,0.558134455671199,5311.94944200373,1.00092842303718
"Omega[6,19]",0.129297998274188,0.00232530126186044,0.184794522512742,-0.239169999085692,0.0044388681101298,0.129286417311824,0.25523461724787,0.489239915382654,6315.67442312701,0.999929280460036
"Omega[7,1]",0.260927297308238,0.00289067687022854,0.189837259704628,-0.141764363644281,0.140654298353656,0.267724024493262,0.397211194608433,0.602626064645927,4312.84467513658,1.00042428835869
"Omega[7,2]",0.0995814133149731,0.00265296547909482,0.199904259180124,-0.301242325023765,-0.0378152367337294,0.105136033687365,0.23780914169076,0.472009872249817,5677.81054274503,1.00066180776064
"Omega[7,3]",0.0370493046446499,0.0023416607278085,0.185464634092797,-0.322367362780604,-0.0914523413613403,0.0358416138132295,0.162177771045527,0.401750223138844,6272.9852917218,0.99970399024158
"Omega[7,4]",0.0762780353716313,0.00269657701229612,0.195032134791438,-0.317367454759335,-0.0534575640896964,0.0824791083415063,0.207919536306802,0.456168868857062,5231.02376575691,1.00007168056532
"Omega[7,5]",0.136799692041148,0.0027042560230928,0.195459105106981,-0.25300391530305,0.00389370179918684,0.143961497824227,0.272433205664198,0.503915694066409,5224.15676657246,1.00080365855991
"Omega[7,6]",0.263770450051447,0.00260698872112152,0.186505405789976,-0.11769777809033,0.139146700181276,0.2697788668782,0.394525848750703,0.61403647881785,5118.05023048083,0.999946927660889
"Omega[7,7]",1,2.22455318871491e-18,7.83802046355592e-17,1,1,1,1,1,1241.44418270909,0.999499874937461
"Omega[7,8]",0.112452622650775,0.00255148834902301,0.204409077088931,-0.295183388848129,-0.0251307404646261,0.114350018844823,0.256242021143228,0.502282069607858,6418.19895826292,0.999836611426798
"Omega[7,9]",0.141382762682399,0.00236196167888303,0.184057101546921,-0.222602731836921,0.0184214999709846,0.144861954277859,0.269634924644082,0.496335428647158,6072.38729410842,0.999741176941352
"Omega[7,10]",0.180216691875189,0.00243524070770716,0.184933340660635,-0.195418144291349,0.0563904147308836,0.185712721619709,0.309608287284267,0.522433147485313,5766.95602874712,1.00026051815477
"Omega[7,11]",0.151461962658222,0.00273607438401878,0.195960221239557,-0.236799709129779,0.015460758435394,0.157536864098792,0.291251764798339,0.519506401882467,5129.55914837369,0.99966800557078
"Omega[7,12]",0.197973407024092,0.00263939083032113,0.196176592695,-0.194406973001708,0.0641884098621082,0.206013964508101,0.338425707576333,0.556162904444291,5524.42354153984,0.999762593091494
"Omega[7,13]",0.139186001190151,0.0023714732639949,0.196483630950443,-0.247968643668043,0.00770817763779726,0.145495258504413,0.276941896225985,0.503168815289476,6864.61657704412,0.999948467073264
"Omega[7,14]",0.106523477321147,0.00243762001134749,0.199179171773511,-0.292042037362393,-0.0335493509598615,0.112345918835645,0.24706540524543,0.48430817894361,6676.60727418222,1.00007394343322
"Omega[7,15]",0.192893396303849,0.00236280905969654,0.18388675267926,-0.178266610683189,0.0709866674158223,0.200922317466845,0.321754032627158,0.539366540966409,6056.80556516106,1.00049778676878
"Omega[7,16]",0.199841155568103,0.00244321316500831,0.18822679458531,-0.18419126477686,0.0760964009356975,0.205806780150273,0.331381734210033,0.551613074141542,5935.2658052663,0.999753222340775
"Omega[7,17]",0.20011559208863,0.00288249776778784,0.196713845076485,-0.210979282261162,0.0684900229998788,0.211179901836454,0.342803194028193,0.557825186784727,4657.27513839224,0.999809987240765
"Omega[7,18]",0.236349543024025,0.00269477809655504,0.193523468707914,-0.158064180583374,0.107919619694528,0.245242501997455,0.371600739982951,0.593373808443243,5157.28654502926,1.00020453390463
"Omega[7,19]",0.0569562341997207,0.00252344260679886,0.187716689232343,-0.3136132136388,-0.0707770660411466,0.056989556859975,0.185735926354947,0.41658800884734,5533.74201996047,0.99976996917343
"Omega[8,1]",0.0413948620757039,0.00248674777486154,0.204535757912518,-0.360167740688322,-0.0994139968629953,0.0413780263697831,0.182836038996002,0.438003655840233,6765.11233999195,1.00025834008916
"Omega[8,2]",0.105131045481575,0.00267495830810297,0.213346709887862,-0.313819143423335,-0.0366780257772365,0.111616598449778,0.255175196846487,0.498825934374625,6361.18263341007,0.999555169077464
"Omega[8,3]",-0.0150414587517387,0.00247318532510182,0.203639203403606,-0.401676959021182,-0.156426186644293,-0.0158716525341457,0.127315776013151,0.380153809413166,6779.68408179229,0.999651556620705
"Omega[8,4]",0.0344017539699313,0.00255569721340477,0.200674074999483,-0.362460188289041,-0.105561164762679,0.0376508407255238,0.176310712203082,0.42024955766087,6165.43524430377,0.99976778180715
"Omega[8,5]",0.093816339387017,0.00268794194215264,0.201954932573977,-0.308886315591295,-0.0478789394585373,0.100205881593962,0.235721146389192,0.472216596444287,5645.06779258882,0.999848120484252
"Omega[8,6]",0.135704918527257,0.00264027014161116,0.204791825694292,-0.267059076208819,-0.0063926297152571,0.14268491915934,0.278486053558926,0.518198929694757,6016.28646059412,0.999970272513111
"Omega[8,7]",0.112452622650775,0.00255148834902301,0.204409077088931,-0.295183388848129,-0.0251307404646261,0.114350018844823,0.256242021143228,0.502282069607858,6418.19895826292,0.999836611426798
"Omega[8,8]",1,1.30525724831296e-18,9.52544626014054e-17,1,1,1,1,1,5325.7212943957,0.999499874937461
"Omega[8,9]",0.101891492809178,0.00274337165175559,0.197576049820037,-0.289668086726677,-0.0359802633425169,0.107129705789443,0.239518813970483,0.476271150161316,5186.79762454773,0.999832350855789
"Omega[8,10]",0.0480038194922528,0.00294114909397493,0.200646106454499,-0.345536243322206,-0.0911513303105916,0.0513542903733207,0.189137150980732,0.435300441971648,4654.01085920109,1.00014887859339
"Omega[8,11]",0.0691986949867087,0.00279971217634172,0.206423905509341,-0.33590878925847,-0.0723919487533472,0.0662906593141303,0.215504302993767,0.466521725230749,5436.17224562333,1.000063872123
"Omega[8,12]",0.118827426423124,0.00296703890618111,0.210996336856345,-0.313331186796103,-0.0246529992963901,0.12229060679497,0.264532452269651,0.513099752848137,5057.12104299457,0.999995546796183
"Omega[8,13]",0.0980232009574592,0.00276214259661149,0.208099670042612,-0.311384107349813,-0.0436119677950718,0.101191061661732,0.244889216931969,0.495508296941806,5676.10724341743,1.00018008058236
"Omega[8,14]",0.0192745210148843,0.00277386747458863,0.212377365656694,-0.39433945254407,-0.129054160583776,0.019102200666347,0.167208782002795,0.426347304197711,5861.98958579804,1.00003490212195
"Omega[8,15]",0.0784621385412168,0.00272891126602797,0.198681459680993,-0.30760230233428,-0.0575088499801482,0.0814330726708785,0.216098776846404,0.45569662317777,5300.73210071754,0.999837921908415
"Omega[8,16]",0.0345457217920731,0.00259428037059,0.200996336269048,-0.359719173314937,-0.10407884740168,0.0339283016224513,0.173574937328807,0.428755345403462,6002.64228502995,0.999698840825083
"Omega[8,17]",0.0533612706301068,0.00286357656794392,0.20650553389408,-0.348773792370218,-0.0899770535030924,0.0546919281467726,0.195422895935075,0.449670030823797,5200.50823639424,0.999967463348673
"Omega[8,18]",0.0386408937141872,0.00271631913836736,0.203031947571146,-0.351553735464887,-0.104165791329259,0.037143082861544,0.17845243878842,0.43534718283643,5586.85209454924,1.0005264790673
"Omega[8,19]",0.0198330740730367,0.00264588009216576,0.197477553946758,-0.367443218644804,-0.116552934971023,0.0208778189498515,0.153487913035056,0.401891246269266,5570.51260278174,1.00033103989208
"Omega[9,1]",0.185268201303538,0.00228584015195175,0.179533180103482,-0.167978721514155,0.061659022233102,0.188877083396373,0.311525822937657,0.526537973586917,6168.75800064164,0.999795808588109
"Omega[9,2]",0.111725333041037,0.00248808347839513,0.195020670505961,-0.27117006282733,-0.0219946909784416,0.114054503114277,0.247412175269468,0.475839240851965,6143.71973435383,1.00042541469677
"Omega[9,3]",0.00141563234161356,0.00224264455605486,0.184569510303712,-0.366124664568893,-0.127332265963698,0.00693790388941326,0.128224874997325,0.353959407953629,6773.27996980496,0.999994372525718
"Omega[9,4]",-0.0602951213033238,0.00251402977602633,0.191617015269105,-0.425313363629201,-0.1923944372252,-0.0628328401340243,0.0674544218352813,0.323683347494157,5809.34686135443,1.0000959873518
"Omega[9,5]",0.0213364692027948,0.00237116804193181,0.184408901021042,-0.331902328505817,-0.104855030629665,0.0216165296994937,0.148614636726702,0.374775448748171,6048.38034371794,0.999783970612124
"Omega[9,6]",0.124140502683736,0.00239916204290432,0.183805865477019,-0.237092944820285,-0.00256693032982067,0.127847238359979,0.252347872683424,0.471507556396854,5869.47920951021,0.999732841375282
"Omega[9,7]",0.141382762682399,0.00236196167888303,0.184057101546921,-0.222602731836921,0.0184214999709846,0.144861954277859,0.269634924644082,0.496335428647158,6072.38729410842,0.999741176941352
"Omega[9,8]",0.101891492809178,0.00274337165175559,0.197576049820037,-0.289668086726677,-0.0359802633425169,0.107129705789443,0.239518813970483,0.476271150161316,5186.79762454773,0.999832350855789
"Omega[9,9]",1,1.63140008652626e-18,8.41694380036244e-17,1,1,1,1,1,2661.87644284229,0.999499874937461
"Omega[9,10]",0.136001919595571,0.00241856130902682,0.183384428177323,-0.231326478634456,0.0121863029978133,0.140563617075729,0.262458136346171,0.487884784882159,5749.24357977368,1.00010634584404
"Omega[9,11]",0.0778837585298849,0.00269737326789324,0.19173041681524,-0.288352830868216,-0.0549670599272599,0.0768337853751412,0.212476624662806,0.448648639318909,5052.42568767867,0.999935984745437
"Omega[9,12]",0.121250564507112,0.0025885112664905,0.186704655718942,-0.247213640578149,-0.00898713144803297,0.124806787800243,0.25334850708268,0.474361152900351,5202.47708963349,0.999958718333064
"Omega[9,13]",0.11048195674376,0.00260340815193708,0.19455833611352,-0.27542190328764,-0.0211144402404365,0.113352713521512,0.244896099407351,0.48168172230767,5584.89697591261,0.999740613420574
"Omega[9,14]",0.0176115130024986,0.00252777271850915,0.198110335104155,-0.370768369699635,-0.117993240094043,0.0173819716475852,0.154291127832307,0.409797585339635,6142.40177855938,0.999856874528263
"Omega[9,15]",0.116066520900936,0.00250148746260465,0.180603831658172,-0.244610479198562,-0.0114907367327539,0.118193549898205,0.243839145258131,0.457568386828409,5212.63431733308,0.999861570381162
"Omega[9,16]",-0.00158044610516316,0.00242196885650747,0.18382179050871,-0.357769916166311,-0.128731590786299,-0.0013751784744787,0.125854064973799,0.352616320286197,5760.45615394257,1.00028575608887
"Omega[9,17]",0.0310371627895797,0.00253958274141793,0.190827140625899,-0.334295719600429,-0.0980678857924322,0.0282552240978776,0.162185084692965,0.399453731658754,5646.19082057683,0.999728530817189
"Omega[9,18]",0.127036461311233,0.00242068715146784,0.184678707039189,-0.244607000629582,0.000773943091679868,0.132256956179746,0.256940820652681,0.465747487099797,5820.44675351727,0.999765216883126
"Omega[9,19]",-0.0524405155195549,0.00251698566827914,0.183091205674412,-0.404077130862391,-0.178438256239812,-0.0542191007730543,0.0721813836519027,0.30747307798275,5291.43522094863,0.999786220645107
"Omega[10,1]",0.222270501208948,0.00269877309644129,0.183259086999544,-0.14061894894513,0.0962046437253381,0.229823355262812,0.351882606197209,0.562320146600957,4611.03366426027,1.00032381752987
"Omega[10,2]",0.0811272082171419,0.00331995976441228,0.199632775951269,-0.307870736287951,-0.0559575894345648,0.0854420991045878,0.220889276493091,0.461906716532635,3615.74713553465,1.00166237401508
"Omega[10,3]",0.0849715786725736,0.00258369618602271,0.183792446165772,-0.279206447421471,-0.0407400224966715,0.0891692952854647,0.21296351789911,0.436652757567403,5060.25529232798,0.999572659854365
"Omega[10,4]",-0.0223104934325639,0.00274002091785047,0.192207509697253,-0.386903096039328,-0.156584662290529,-0.0239074356315526,0.108571429038979,0.356368195616903,4920.76864977343,1.00048232258723
"Omega[10,5]",0.089763341284468,0.00284496226016798,0.190896688776614,-0.293053205884244,-0.0380437951980205,0.0921231143219887,0.217326888828657,0.453210412570516,4502.39684490216,1.0000954727094
"Omega[10,6]",0.17671809345763,0.00252342421422573,0.180236281895034,-0.196054538687128,0.0582542053122262,0.184169805929697,0.30360528969168,0.510041553376613,5101.57067035788,0.999541676953959
"Omega[10,7]",0.180216691875189,0.00243524070770716,0.184933340660635,-0.195418144291349,0.0563904147308836,0.185712721619709,0.309608287284267,0.522433147485313,5766.95602874712,1.00026051815477
"Omega[10,8]",0.0480038194922528,0.00294114909397493,0.200646106454499,-0.345536243322206,-0.0911513303105916,0.0513542903733207,0.189137150980732,0.435300441971648,4654.01085920109,1.00014887859339
"Omega[10,9]",0.136001919595571,0.00241856130902682,0.183384428177323,-0.231326478634456,0.0121863029978133,0.140563617075729,0.262458136346171,0.487884784882159,5749.24357977368,1.00010634584404
"Omega[10,10]",1,1.21557523989557e-18,8.96541137666956e-17,1,1,1,1,1,5439.72259771836,0.999499874937461
"Omega[10,11]",0.0859137180613341,0.00265687740364823,0.191355689247098,-0.280876651468303,-0.0461531675646144,0.088323733783862,0.220526416226075,0.453015139889382,5187.28043323846,1.00020013195502
"Omega[10,12]",0.167169448086026,0.00277190186535913,0.192399526360321,-0.225717408211931,0.0388826270741066,0.173563153527786,0.301094137128789,0.52846022863385,4817.83914221701,0.999792274306493
"Omega[10,13]",0.124020579648451,0.00280018046217479,0.197551538840519,-0.273286452272485,-0.0106548344366057,0.128506456241079,0.264455328633145,0.49306295410816,4977.24239717293,0.999933667364496
"Omega[10,14]",0.175168704858473,0.00267650448551941,0.195684815256977,-0.213691414053654,0.0454911970363466,0.178798322618263,0.310495021289876,0.533207136058607,5345.37652554138,0.999957078822511
"Omega[10,15]",0.386858484447526,0.00381480700001441,0.183826609482182,-0.00329889117308966,0.265804949207767,0.39797595406654,0.524195524772106,0.698326475638011,2322.05024279427,1.00082207718962
"Omega[10,16]",0.154460896429079,0.00275564002079852,0.186490741947001,-0.231071744927092,0.0295660637594939,0.160859239770031,0.285395568640298,0.511066299403582,4580.04332873322,0.999804132390601
"Omega[10,17]",0.153237514334353,0.00280894418141241,0.194554191683385,-0.246523472329714,0.0267108238681455,0.161359101495104,0.286566353623751,0.510290650138464,4797.27888067609,0.999776675766414
"Omega[10,18]",0.126970426390782,0.00240417758500147,0.189751765311305,-0.255499725973541,-0.00515101063585092,0.133521175994341,0.260385749746346,0.483710233920585,6229.29018324433,1.00021199379822
"Omega[10,19]",0.208046976788402,0.00280039534893927,0.185033179973918,-0.17886143061392,0.0876621696031714,0.216839548886725,0.33895832206139,0.543019766426513,4365.76676043925,0.999889563350732
"Omega[11,1]",0.159645306790266,0.00223244284844793,0.189974509863846,-0.221350829931397,0.0298114307131805,0.165087409014894,0.289895645527575,0.517652756125631,7241.52386494057,0.999979791203746
"Omega[11,2]",0.0669192244916039,0.00261093827264416,0.204264428725976,-0.335991210593534,-0.0734610060167241,0.0660174301997244,0.210029810675389,0.459439393184603,6120.57576977313,1.00035123082187
"Omega[11,3]",0.123414366140108,0.0023281599211275,0.188383386780161,-0.246987198196891,-0.00781535905106611,0.127843363659466,0.254456635836278,0.475152712720427,6547.25993819972,0.999976870511084
"Omega[11,4]",-0.00434064544663663,0.00256505200945003,0.197085734004346,-0.384599907613395,-0.142711477314794,-0.0045320083862762,0.130015448280122,0.375806605410286,5903.61499987095,0.999712595089212
"Omega[11,5]",0.0139168283794572,0.00262231234956471,0.198201091274816,-0.361162938043848,-0.122109475105398,0.012729171990977,0.148894637143979,0.396163878203252,5712.72399729218,1.00033813693779
"Omega[11,6]",0.13880925621261,0.00227319468230163,0.187169726375431,-0.233454650342858,0.0113532146603613,0.139885739676269,0.269349685604024,0.501889234663586,6779.50441748542,0.999989751309919
"Omega[11,7]",0.151461962658222,0.00273607438401878,0.195960221239557,-0.236799709129779,0.015460758435394,0.157536864098792,0.291251764798339,0.519506401882467,5129.55914837369,0.99966800557078
"Omega[11,8]",0.0691986949867087,0.00279971217634172,0.206423905509341,-0.33590878925847,-0.0723919487533472,0.0662906593141303,0.215504302993767,0.466521725230749,5436.17224562333,1.000063872123
"Omega[11,9]",0.0778837585298849,0.00269737326789324,0.19173041681524,-0.288352830868216,-0.0549670599272599,0.0768337853751412,0.212476624662806,0.448648639318909,5052.42568767867,0.999935984745437
"Omega[11,10]",0.0859137180613341,0.00265687740364823,0.191355689247098,-0.280876651468303,-0.0461531675646144,0.088323733783862,0.220526416226075,0.453015139889382,5187.28043323846,1.00020013195502
"Omega[11,11]",1,1.38383193248053e-18,8.70376922867284e-17,1,1,1,1,1,3955.92491094624,0.999499874937461
"Omega[11,12]",0.0523108996122833,0.0027650091740739,0.203416267640097,-0.339197081569865,-0.0873876336490946,0.0513210797366036,0.190921789342394,0.444473810330708,5412.25449378855,0.999984098058452
"Omega[11,13]",0.0240191484372715,0.00304702092792472,0.208256749411426,-0.367428743096901,-0.121802736315513,0.0182741499018381,0.169424703238585,0.435392067131683,4671.40258336477,0.999873772469
"Omega[11,14]",0.0171405464444436,0.00261883515347381,0.207775300184129,-0.384611919648064,-0.127699472828696,0.0180156317367116,0.160146718002665,0.424764611495668,6294.64892448736,1.00028321505546
"Omega[11,15]",0.0683446494282608,0.00251787185956976,0.190857374222773,-0.299700988695023,-0.0636163362191296,0.0672783073652681,0.197256011781917,0.44463468116044,5745.80180037207,1.00072524427134
"Omega[11,16]",-0.0191410816501771,0.00270146821735096,0.190545347908774,-0.384677478547695,-0.151722245325305,-0.020236752092166,0.111709104712136,0.35240029247822,4975.04456415713,1.00024863467494
"Omega[11,17]",-0.0112929042469137,0.00285468825020235,0.199240169185622,-0.385269418386495,-0.153098662537939,-0.0119578512238548,0.127213717228165,0.380300460787776,4871.20524522835,0.999845130483984
"Omega[11,18]",0.0494910388166924,0.00261850524535893,0.195567312215852,-0.341380003964294,-0.0858316639364758,0.0487131180635825,0.182525914496217,0.432680761432412,5578.09154859545,1.00023739764093
"Omega[11,19]",0.0118791182568203,0.00273316942150278,0.194757876086279,-0.370173463284165,-0.120366252738085,0.0106319526071642,0.145696520835023,0.393353001335383,5077.58208535198,1.00023862309607
"Omega[12,1]",0.159440685837771,0.0025696557059354,0.189696636782015,-0.215227493060052,0.0319727796175387,0.164661988140515,0.28815296250323,0.521754762827171,5449.65971746082,1.00002599145219
"Omega[12,2]",0.0908325164765183,0.00271698467749927,0.203242604558585,-0.306989317825932,-0.0453680824149434,0.0902308214827066,0.235096748908808,0.485991767880482,5595.70904915869,0.999864749353835
"Omega[12,3]",0.105725648861965,0.00277697203013039,0.194480946019583,-0.277108911061421,-0.0255296812293148,0.108848769214417,0.241591441693979,0.474000923373404,4904.68483493292,1.00116745309079
"Omega[12,4]",0.0275249426599816,0.00269461725824396,0.200435789490987,-0.366663876995407,-0.108445629241712,0.0266522566247042,0.167443519076458,0.41104886818065,5532.9451905935,1.00002196936829
"Omega[12,5]",0.230426624457456,0.0029640241553046,0.195782857933902,-0.164527461392472,0.0989287917857322,0.236536394644485,0.37046049302164,0.585666030473554,4363.00640385831,1.00049129824863
"Omega[12,6]",0.243611918227484,0.0025204166403421,0.192403738600804,-0.154237328917771,0.117008497689417,0.250904055246668,0.381764704946363,0.592972510976183,5827.50073028634,0.999765855276973
"Omega[12,7]",0.197973407024092,0.00263939083032113,0.196176592695,-0.194406973001708,0.0641884098621082,0.206013964508101,0.338425707576333,0.556162904444291,5524.42354153984,0.999762593091494
"Omega[12,8]",0.118827426423124,0.00296703890618111,0.210996336856345,-0.313331186796103,-0.0246529992963901,0.12229060679497,0.264532452269651,0.513099752848137,5057.12104299457,0.999995546796183
"Omega[12,9]",0.121250564507112,0.0025885112664905,0.186704655718942,-0.247213640578149,-0.00898713144803297,0.124806787800243,0.25334850708268,0.474361152900351,5202.47708963349,0.999958718333064
"Omega[12,10]",0.167169448086026,0.00277190186535913,0.192399526360321,-0.225717408211931,0.0388826270741066,0.173563153527786,0.301094137128789,0.52846022863385,4817.83914221701,0.999792274306493
"Omega[12,11]",0.0523108996122833,0.0027650091740739,0.203416267640097,-0.339197081569865,-0.0873876336490946,0.0513210797366036,0.190921789342394,0.444473810330708,5412.25449378855,0.999984098058452
"Omega[12,12]",1,2.15393649337767e-18,9.68162906354243e-17,1,1,1,1,1,2020.37083099429,0.999499874937461
"Omega[12,13]",0.247560629874248,0.00367252999048143,0.204460614718328,-0.171100895488607,0.108772749140824,0.255142018870942,0.396228316859771,0.623962624184886,3099.47845877303,1.00004165104234
"Omega[12,14]",0.0859349858661709,0.00273412530385164,0.198659000874369,-0.304407230878619,-0.0467948321017488,0.0895827493655891,0.221478181227717,0.462915225892595,5279.34040187124,1.00052284626678
"Omega[12,15]",0.171114460426159,0.00257427614295693,0.188005661238544,-0.213329495170284,0.0456788900429749,0.176807313748472,0.300156312860805,0.523536576850301,5333.73691132125,1.00006749850354
"Omega[12,16]",0.167552007152206,0.00288353262058993,0.194881050269621,-0.23075628136752,0.0354464005444712,0.173488074892932,0.303853349062357,0.530599743495761,4567.61494569589,0.999877022277516
"Omega[12,17]",0.234224652291585,0.00398634532575157,0.207220412676606,-0.198783887408585,0.0982176637827638,0.244356880878432,0.378450980862507,0.605431361031387,2702.18595995484,1.00003095781973
"Omega[12,18]",0.170282279290264,0.00264720488354205,0.199635179757757,-0.236445012801313,0.0362141637340493,0.175326501812333,0.314299240424865,0.539672751935341,5687.20705112941,0.999975502021266
"Omega[12,19]",0.128768291465079,0.0027514445122462,0.193703131886153,-0.259052260514328,-0.00258712956692402,0.13527711370591,0.261182070209973,0.496927148320482,4956.23359868352,1.00024014710504
"Omega[13,1]",0.14621643781193,0.00248125141561797,0.192116287787458,-0.23503787435061,0.0155221576743405,0.151741697700405,0.284444394310039,0.503435371528534,5994.96744167448,1.00011959365523
"Omega[13,2]",0.0840270604128975,0.002724887729808,0.206789527215819,-0.328384329601373,-0.0581035779722726,0.0869219417639951,0.226215331439731,0.477944622134075,5759.16941283777,0.999985874003196
"Omega[13,3]",0.0311591226990534,0.00257352018785786,0.20026342599482,-0.358974241844167,-0.107659820462341,0.0296089452785113,0.171512704128517,0.419110552449729,6055.47372878485,1.00007988705132
"Omega[13,4]",-0.00226307549666671,0.00279097981101813,0.201828253487267,-0.395229435071675,-0.14019502170071,-0.00321137268569765,0.133031376479833,0.389848972917872,5229.38400538864,0.999699893254605
"Omega[13,5]",0.212806776453839,0.00354422578023572,0.204288778823021,-0.21300649145963,0.0800012592577991,0.220081811228472,0.357999245292131,0.580483686066817,3322.35674731402,1.00059834953875
"Omega[13,6]",0.215879662564631,0.00268514375882503,0.197400572940677,-0.177795675506619,0.08276678279223,0.225555876614865,0.357103510532195,0.579066659528671,5404.57730665827,1.00044096216485
"Omega[13,7]",0.139186001190151,0.0023714732639949,0.196483630950443,-0.247968643668043,0.00770817763779726,0.145495258504413,0.276941896225985,0.503168815289476,6864.61657704412,0.999948467073264
"Omega[13,8]",0.0980232009574592,0.00276214259661149,0.208099670042612,-0.311384107349813,-0.0436119677950718,0.101191061661732,0.244889216931969,0.495508296941806,5676.10724341743,1.00018008058236
"Omega[13,9]",0.11048195674376,0.00260340815193708,0.19455833611352,-0.27542190328764,-0.0211144402404365,0.113352713521512,0.244896099407351,0.48168172230767,5584.89697591261,0.999740613420574
"Omega[13,10]",0.124020579648451,0.00280018046217479,0.197551538840519,-0.273286452272485,-0.0106548344366057,0.128506456241079,0.264455328633145,0.49306295410816,4977.24239717293,0.999933667364496
"Omega[13,11]",0.0240191484372715,0.00304702092792472,0.208256749411426,-0.367428743096901,-0.121802736315513,0.0182741499018381,0.169424703238585,0.435392067131683,4671.40258336477,0.999873772469
"Omega[13,12]",0.247560629874248,0.00367252999048143,0.204460614718328,-0.171100895488607,0.108772749140824,0.255142018870942,0.396228316859771,0.623962624184886,3099.47845877303,1.00004165104234
"Omega[13,13]",1,1.23484832593523e-18,9.3545870104763e-17,1,1,1,1,1,5738.81207110528,0.999499874937461
"Omega[13,14]",0.119884149573848,0.00281183511313692,0.202001918281338,-0.285260630647752,-0.0195316152942013,0.122599368386168,0.259979041131045,0.510294619587635,5160.96944035765,0.999880307453018
"Omega[13,15]",0.139631902615339,0.00261275740554073,0.193878364156756,-0.257165458992907,0.00638680851241606,0.144365456482285,0.276203148521122,0.501118538241421,5506.3082324773,1.00006968614901
"Omega[13,16]",0.116358527355905,0.00279998368860251,0.197774492032389,-0.277552241594568,-0.0161448135637426,0.119263520423218,0.255353441630717,0.486275947413302,4989.18436588399,0.999786274888984
"Omega[13,17]",0.190416751423771,0.00373124570859188,0.207149782589969,-0.237435059067291,0.0500258125016109,0.199134446166224,0.33843737815838,0.567534149296042,3082.20319076143,1.00009937806136
"Omega[13,18]",0.124414767154206,0.00278967166427156,0.202001542229206,-0.281118010335316,-0.0159407083961511,0.13104095951506,0.265631574308243,0.497764078276174,5243.28166186669,0.999741390860153
"Omega[13,19]",0.0795611863804291,0.00271158620284473,0.193958879859167,-0.299861581506926,-0.0534237166778759,0.0802886678467185,0.211254291627497,0.457547185906709,5116.49440746273,0.999757665258293
"Omega[14,1]",0.122201816420369,0.00244812908327533,0.1959320656237,-0.26789251894948,-0.0121853533515892,0.128953324421586,0.259898952105508,0.491562570288401,6405.34324888558,0.999826750773356
"Omega[14,2]",0.0121469300774108,0.00263707566499771,0.20748083858884,-0.401680802234715,-0.12944988364916,0.00839681962004908,0.154891918163751,0.420556302679365,6190.28732006702,1.00025706188889
"Omega[14,3]",0.0471205697164697,0.0023774882642477,0.193414880021417,-0.34322520939615,-0.0830353955847433,0.0494568464649934,0.180476993703529,0.415453234156337,6618.2474604383,1.00009179798503
"Omega[14,4]",-0.0314978426989237,0.00271087679347723,0.200961453986767,-0.418133795224786,-0.169321901605966,-0.0306237088716129,0.107930857554177,0.361892280611293,5495.4842676339,1.0000514267958
"Omega[14,5]",0.110952144707701,0.00267504082813004,0.203825479725672,-0.29384634431692,-0.0290246070485793,0.115500136908328,0.252443275661727,0.495315188289348,5805.72039889431,1.00041739488923
"Omega[14,6]",0.154087286081951,0.00264124135801162,0.196588340734476,-0.250453583180458,0.0220449332301931,0.160382446423917,0.293207948776482,0.519451240532102,5539.86697033162,0.999713028890482
"Omega[14,7]",0.106523477321147,0.00243762001134749,0.199179171773511,-0.292042037362393,-0.0335493509598615,0.112345918835645,0.24706540524543,0.48430817894361,6676.60727418222,1.00007394343322
"Omega[14,8]",0.0192745210148843,0.00277386747458863,0.212377365656694,-0.39433945254407,-0.129054160583776,0.019102200666347,0.167208782002795,0.426347304197711,5861.98958579804,1.00003490212195
"Omega[14,9]",0.0176115130024986,0.00252777271850915,0.198110335104155,-0.370768369699635,-0.117993240094043,0.0173819716475852,0.154291127832307,0.409797585339635,6142.40177855938,0.999856874528263
"Omega[14,10]",0.175168704858473,0.00267650448551941,0.195684815256977,-0.213691414053654,0.0454911970363466,0.178798322618263,0.310495021289876,0.533207136058607,5345.37652554138,0.999957078822511
"Omega[14,11]",0.0171405464444436,0.00261883515347381,0.207775300184129,-0.384611919648064,-0.127699472828696,0.0180156317367116,0.160146718002665,0.424764611495668,6294.64892448736,1.00028321505546
"Omega[14,12]",0.0859349858661709,0.00273412530385164,0.198659000874369,-0.304407230878619,-0.0467948321017488,0.0895827493655891,0.221478181227717,0.462915225892595,5279.34040187124,1.00052284626678
"Omega[14,13]",0.119884149573848,0.00281183511313692,0.202001918281338,-0.285260630647752,-0.0195316152942013,0.122599368386168,0.259979041131045,0.510294619587635,5160.96944035765,0.999880307453018
"Omega[14,14]",1,1.79131124518992e-18,9.79975352592595e-17,1,1,1,1,1,2992.87239989559,0.999499874937461
"Omega[14,15]",0.178784327319247,0.00282456836917155,0.191222972046719,-0.210030769079309,0.0493109406902029,0.181027991253196,0.311951461792667,0.544093616472873,4583.27530525157,0.999769270606654
"Omega[14,16]",0.0505782328759656,0.00272428081471321,0.191141370468542,-0.316494320612251,-0.0839142649182064,0.0519576539472346,0.184717223695848,0.416791888575146,4922.72581455388,1.0001105908064
"Omega[14,17]",0.0924732912920946,0.00321397412565461,0.203147839462555,-0.318075499293054,-0.048599859450433,0.0997716038184547,0.23851078824443,0.472678484133888,3995.21047271429,1.0007028611583
"Omega[14,18]",0.0307331580162729,0.00298101792793604,0.194786106363016,-0.349180764703955,-0.103050811236767,0.0313487425288414,0.16309543283747,0.409133947302636,4269.59594249498,0.999819836316192
"Omega[14,19]",0.0860907053595305,0.00302523653655067,0.200258215160138,-0.311849067793765,-0.047317454492718,0.0887780057310595,0.225115536075614,0.468143973377333,4381.89542238548,1.00011047021331
"Omega[15,1]",0.149133287113959,0.00263941559881326,0.182343213715032,-0.219981215403562,0.0253996942764536,0.15283768843007,0.27744856486612,0.490594139760582,4772.69466931189,1.0003678199716
"Omega[15,2]",0.0959205426291406,0.00297635795946327,0.196009643726359,-0.293992347044048,-0.0366907143607185,0.0977881480184685,0.233489250685777,0.458304867106476,4336.95139961332,1.00118695062579
"Omega[15,3]",0.0772130808463639,0.00237652627203613,0.183026269140629,-0.286701154707655,-0.0480244518572379,0.0837768895933221,0.20422973509969,0.421375084851672,5931.18697058087,1.00068525551896
"Omega[15,4]",0.0410827740985688,0.00283845527751908,0.193709783720863,-0.331834127800296,-0.0920102824024729,0.0423299156469824,0.178489855998704,0.40832542205125,4657.35133243576,1.00008769079469
"Omega[15,5]",0.141137922367418,0.00294596944479285,0.19051213521128,-0.249067548657249,0.0104688442156502,0.150163159268052,0.278513626128286,0.494037712404955,4182.046070957,1.00048416984065
"Omega[15,6]",0.195179931054233,0.00243193591882994,0.179161422739748,-0.160009383577014,0.0729524219246095,0.196944921195304,0.321634199376862,0.530412597276048,5427.3115279985,1.00001369835868
"Omega[15,7]",0.192893396303849,0.00236280905969654,0.18388675267926,-0.178266610683189,0.0709866674158223,0.200922317466845,0.321754032627158,0.539366540966409,6056.80556516106,1.00049778676878
"Omega[15,8]",0.0784621385412168,0.00272891126602797,0.198681459680993,-0.30760230233428,-0.0575088499801482,0.0814330726708785,0.216098776846404,0.45569662317777,5300.73210071754,0.999837921908415
"Omega[15,9]",0.116066520900936,0.00250148746260465,0.180603831658172,-0.244610479198562,-0.0114907367327539,0.118193549898205,0.243839145258131,0.457568386828409,5212.63431733308,0.999861570381162
"Omega[15,10]",0.386858484447526,0.00381480700001441,0.183826609482182,-0.00329889117308966,0.265804949207767,0.39797595406654,0.524195524772106,0.698326475638011,2322.05024279427,1.00082207718962
"Omega[15,11]",0.0683446494282608,0.00251787185956976,0.190857374222773,-0.299700988695023,-0.0636163362191296,0.0672783073652681,0.197256011781917,0.44463468116044,5745.80180037207,1.00072524427134
"Omega[15,12]",0.171114460426159,0.00257427614295693,0.188005661238544,-0.213329495170284,0.0456788900429749,0.176807313748472,0.300156312860805,0.523536576850301,5333.73691132125,1.00006749850354
"Omega[15,13]",0.139631902615339,0.00261275740554073,0.193878364156756,-0.257165458992907,0.00638680851241606,0.144365456482285,0.276203148521122,0.501118538241421,5506.3082324773,1.00006968614901
"Omega[15,14]",0.178784327319247,0.00282456836917155,0.191222972046719,-0.210030769079309,0.0493109406902029,0.181027991253196,0.311951461792667,0.544093616472873,4583.27530525157,0.999769270606654
"Omega[15,15]",1,1.34801929521833e-18,1.01245924600742e-16,1,1,1,1,1,5641.08812553942,0.999499874937461
"Omega[15,16]",0.127792705277993,0.00244544280358942,0.182597810919849,-0.233608932039058,0.00467148875983682,0.133295525120874,0.253835539405011,0.466908660207084,5575.40107147867,0.999905808136888
"Omega[15,17]",0.142232897127416,0.00293710822889548,0.193165804371755,-0.256671256967613,0.0146239492813639,0.146463594240681,0.280804982177127,0.50027826927106,4325.34340769184,1.00022481657352
"Omega[15,18]",0.121515935681628,0.00251723769161358,0.186515198460787,-0.252956239922327,-0.00158862874713348,0.127233552488273,0.24655690824331,0.485082950309781,5490.09679409476,1.00058889004613
"Omega[15,19]",0.205715990496202,0.00276292621659617,0.181418470193455,-0.163434310642391,0.0842128764719245,0.214126649783969,0.335379930373484,0.531047631356264,4311.46064531224,0.999787176365396
"Omega[16,1]",0.175627378405328,0.00292539498344282,0.1882484796517,-0.208822065137021,0.0461688855989583,0.181857795885473,0.308493476296034,0.524269116664389,4140.89225269455,0.999868278727181
"Omega[16,2]",0.00752401700928949,0.00256070893723596,0.200512542949015,-0.378122846704239,-0.129807296394288,0.00563076887342251,0.148368742301211,0.395684342609695,6131.44243500714,1.00001037061041
"Omega[16,3]",-0.0147410885740843,0.00243878314054358,0.186469763120082,-0.38394281349246,-0.143250232864887,-0.0144361146707954,0.11123369549485,0.35120332571856,5846.15694437395,0.999982696789067
"Omega[16,4]",0.101900037001419,0.002782730076017,0.200377998082655,-0.293857782669185,-0.0348651696522484,0.105568194373302,0.240795326679427,0.481520646273117,5185.10914847932,0.99970835486254
"Omega[16,5]",0.0943641147601594,0.00255146825248035,0.192860879138011,-0.286214155100977,-0.0377805406548626,0.0966535171070586,0.227728068013217,0.462741598160747,5713.57518385061,1.00029067141109
"Omega[16,6]",0.219070787085384,0.00254080053780606,0.184872079200129,-0.167149867798194,0.095604108797444,0.22679177328922,0.352163087272734,0.556911511154306,5294.21416772025,1.00012982108998
"Omega[16,7]",0.199841155568103,0.00244321316500831,0.18822679458531,-0.18419126477686,0.0760964009356975,0.205806780150273,0.331381734210033,0.551613074141542,5935.2658052663,0.999753222340775
"Omega[16,8]",0.0345457217920731,0.00259428037059,0.200996336269048,-0.359719173314937,-0.10407884740168,0.0339283016224513,0.173574937328807,0.428755345403462,6002.64228502995,0.999698840825083
"Omega[16,9]",-0.00158044610516316,0.00242196885650747,0.18382179050871,-0.357769916166311,-0.128731590786299,-0.0013751784744787,0.125854064973799,0.352616320286197,5760.45615394257,1.00028575608887
"Omega[16,10]",0.154460896429079,0.00275564002079852,0.186490741947001,-0.231071744927092,0.0295660637594939,0.160859239770031,0.285395568640298,0.511066299403582,4580.04332873322,0.999804132390601
"Omega[16,11]",-0.0191410816501771,0.00270146821735096,0.190545347908774,-0.384677478547695,-0.151722245325305,-0.020236752092166,0.111709104712136,0.35240029247822,4975.04456415713,1.00024863467494
"Omega[16,12]",0.167552007152206,0.00288353262058993,0.194881050269621,-0.23075628136752,0.0354464005444712,0.173488074892932,0.303853349062357,0.530599743495761,4567.61494569589,0.999877022277516
"Omega[16,13]",0.116358527355905,0.00279998368860251,0.197774492032389,-0.277552241594568,-0.0161448135637426,0.119263520423218,0.255353441630717,0.486275947413302,4989.18436588399,0.999786274888984
"Omega[16,14]",0.0505782328759656,0.00272428081471321,0.191141370468542,-0.316494320612251,-0.0839142649182064,0.0519576539472346,0.184717223695848,0.416791888575146,4922.72581455388,1.0001105908064
"Omega[16,15]",0.127792705277993,0.00244544280358942,0.182597810919849,-0.233608932039058,0.00467148875983682,0.133295525120874,0.253835539405011,0.466908660207084,5575.40107147867,0.999905808136888
"Omega[16,16]",1,1.7952068654436e-18,1.02376071582895e-16,1,1,1,1,1,3252.13016939645,0.999499874937461
"Omega[16,17]",0.207670326062023,0.00308012716847405,0.194303099502099,-0.189749040961305,0.0782297937698248,0.216400052295432,0.347859179588574,0.560943792316648,3979.44184147423,1.00037485108491
"Omega[16,18]",0.16580331813979,0.00295286952552409,0.193275623230107,-0.229360151935702,0.035492895847222,0.171482143967366,0.300381461371448,0.525995422274558,4284.15967547074,1.00073612189007
"Omega[16,19]",0.098477125541978,0.00252412252275594,0.182970356025089,-0.268560677922252,-0.0246696671079444,0.0969438551789799,0.22373355122115,0.453245574334692,5254.6113812743,1.00048352091641
"Omega[17,1]",0.146340646668211,0.00275968391711312,0.193042822146729,-0.243196446706447,0.0175546855193331,0.151504994856318,0.282233698987178,0.504818710880347,4893.15114389056,1.00031573693353
"Omega[17,2]",0.0999713563087826,0.00295870148433585,0.206392465431768,-0.297210668471563,-0.0439646960081079,0.0971564482523223,0.244806740541894,0.492902574569373,4866.14872882167,1.00048984781824
"Omega[17,3]",0.029746157731758,0.00257144559532523,0.194473935493158,-0.350483862714466,-0.104051549017712,0.033676990281965,0.165139971043297,0.399920517870296,5719.63250090559,1.00019967043881
"Omega[17,4]",0.0620133989137774,0.00272368288726037,0.202669578244723,-0.331848449237618,-0.0773398672042354,0.0647478859731272,0.205026228046385,0.450054403009026,5536.86638251036,0.999717974694288
"Omega[17,5]",0.209695533506435,0.00371844816815055,0.202582804127521,-0.204498818303406,0.0767519286586596,0.220644810179854,0.352916769377866,0.571096949503797,2968.12161892359,0.999943436878841
"Omega[17,6]",0.163766147194108,0.00255830479834439,0.192351788624927,-0.218052989338306,0.0316287951574154,0.163495672986624,0.303955800919436,0.52022801352318,5653.11587208483,0.999951881204085
"Omega[17,7]",0.20011559208863,0.00288249776778784,0.196713845076485,-0.210979282261162,0.0684900229998788,0.211179901836454,0.342803194028193,0.557825186784727,4657.27513839224,0.999809987240765
"Omega[17,8]",0.0533612706301068,0.00286357656794392,0.20650553389408,-0.348773792370218,-0.0899770535030924,0.0546919281467726,0.195422895935075,0.449670030823797,5200.50823639424,0.999967463348673
"Omega[17,9]",0.0310371627895797,0.00253958274141793,0.190827140625899,-0.334295719600429,-0.0980678857924322,0.0282552240978776,0.162185084692965,0.399453731658754,5646.19082057683,0.999728530817189
"Omega[17,10]",0.153237514334353,0.00280894418141241,0.194554191683385,-0.246523472329714,0.0267108238681455,0.161359101495104,0.286566353623751,0.510290650138464,4797.27888067609,0.999776675766414
"Omega[17,11]",-0.0112929042469137,0.00285468825020235,0.199240169185622,-0.385269418386495,-0.153098662537939,-0.0119578512238548,0.127213717228165,0.380300460787776,4871.20524522835,0.999845130483984
"Omega[17,12]",0.234224652291585,0.00398634532575157,0.207220412676606,-0.198783887408585,0.0982176637827638,0.244356880878432,0.378450980862507,0.605431361031387,2702.18595995484,1.00003095781973
"Omega[17,13]",0.190416751423771,0.00373124570859188,0.207149782589969,-0.237435059067291,0.0500258125016109,0.199134446166224,0.33843737815838,0.567534149296042,3082.20319076143,1.00009937806136
"Omega[17,14]",0.0924732912920946,0.00321397412565461,0.203147839462555,-0.318075499293054,-0.048599859450433,0.0997716038184547,0.23851078824443,0.472678484133888,3995.21047271429,1.0007028611583
"Omega[17,15]",0.142232897127416,0.00293710822889548,0.193165804371755,-0.256671256967613,0.0146239492813639,0.146463594240681,0.280804982177127,0.50027826927106,4325.34340769184,1.00022481657352
"Omega[17,16]",0.207670326062023,0.00308012716847405,0.194303099502099,-0.189749040961305,0.0782297937698248,0.216400052295432,0.347859179588574,0.560943792316648,3979.44184147423,1.00037485108491
"Omega[17,17]",1,2.07931384425886e-18,1.12456568541749e-16,1,1,1,1,1,2925.02488099429,0.999499874937461
"Omega[17,18]",0.148763077582082,0.00307465658551567,0.200426634882202,-0.256273278808549,0.0134132775858981,0.155409205534824,0.290151209317575,0.522658549181023,4249.30239850025,1.00140806810706
"Omega[17,19]",0.132031294359602,0.00265502884346611,0.19119012441662,-0.255354586224978,0.00373050102363853,0.138753558352625,0.266199816867349,0.485392078982942,5185.52132555616,0.999730091728195
"Omega[18,1]",0.177039760223673,0.00234290235670359,0.184359347099567,-0.197959117769973,0.0545903182273032,0.18314285949656,0.30373075578106,0.521447414405088,6191.87163605138,0.999819300366496
"Omega[18,2]",0.0615733204341484,0.00261856257034371,0.204784212416982,-0.340491125090898,-0.0777596711194807,0.0638620256240376,0.206298047829492,0.460087566606721,6115.993748456,0.999949528414373
"Omega[18,3]",0.118457655687776,0.00236111132714047,0.190699086557101,-0.260590650612172,-0.0114156613585577,0.121130779932392,0.251545105693321,0.481049006993975,6523.25410477223,0.999943599545567
"Omega[18,4]",0.108601616545901,0.0028878843074464,0.203641946241779,-0.299702448132704,-0.0283074275461037,0.111570291983714,0.250256324041739,0.489714773152632,4972.50119749105,0.999986816559619
"Omega[18,5]",0.191106585870152,0.00265759011070035,0.197164276074723,-0.202355987431653,0.0552552601272733,0.196968348211727,0.330205535278143,0.557052205758113,5504.02577433276,0.999938618807653
"Omega[18,6]",0.202609047161214,0.00262231103851841,0.191122214794257,-0.177590108823773,0.0742414061726413,0.206659609952209,0.336644734276477,0.558134455671199,5311.94944200373,1.00092842303718
"Omega[18,7]",0.236349543024025,0.00269477809655504,0.193523468707914,-0.158064180583374,0.107919619694528,0.245242501997455,0.371600739982951,0.593373808443243,5157.28654502926,1.00020453390463
"Omega[18,8]",0.0386408937141872,0.00271631913836736,0.203031947571146,-0.351553735464887,-0.104165791329259,0.037143082861544,0.17845243878842,0.43534718283643,5586.85209454924,1.0005264790673
"Omega[18,9]",0.127036461311233,0.00242068715146784,0.184678707039189,-0.244607000629582,0.000773943091679868,0.132256956179746,0.256940820652681,0.465747487099797,5820.44675351727,0.999765216883126
"Omega[18,10]",0.126970426390782,0.00240417758500147,0.189751765311305,-0.255499725973541,-0.00515101063585092,0.133521175994341,0.260385749746346,0.483710233920585,6229.29018324433,1.00021199379822
"Omega[18,11]",0.0494910388166924,0.00261850524535893,0.195567312215852,-0.341380003964294,-0.0858316639364758,0.0487131180635825,0.182525914496217,0.432680761432412,5578.09154859545,1.00023739764093
"Omega[18,12]",0.170282279290264,0.00264720488354205,0.199635179757757,-0.236445012801313,0.0362141637340493,0.175326501812333,0.314299240424865,0.539672751935341,5687.20705112941,0.999975502021266
"Omega[18,13]",0.124414767154206,0.00278967166427156,0.202001542229206,-0.281118010335316,-0.0159407083961511,0.13104095951506,0.265631574308243,0.497764078276174,5243.28166186669,0.999741390860153
"Omega[18,14]",0.0307331580162729,0.00298101792793604,0.194786106363016,-0.349180764703955,-0.103050811236767,0.0313487425288414,0.16309543283747,0.409133947302636,4269.59594249498,0.999819836316192
"Omega[18,15]",0.121515935681628,0.00251723769161358,0.186515198460787,-0.252956239922327,-0.00158862874713348,0.127233552488273,0.24655690824331,0.485082950309781,5490.09679409476,1.00058889004613
"Omega[18,16]",0.16580331813979,0.00295286952552409,0.193275623230107,-0.229360151935702,0.035492895847222,0.171482143967366,0.300381461371448,0.525995422274558,4284.15967547074,1.00073612189007
"Omega[18,17]",0.148763077582082,0.00307465658551567,0.200426634882202,-0.256273278808549,0.0134132775858981,0.155409205534824,0.290151209317575,0.522658549181023,4249.30239850025,1.00140806810706
"Omega[18,18]",1,1.85768459972971e-18,1.14583274181111e-16,1,1,1,1,1,3804.50793506959,0.999499874937461
"Omega[18,19]",0.134700429118486,0.00278961361109085,0.19075005243347,-0.24458129033149,0.00484894484774528,0.13965978427216,0.267639292065326,0.493092111144153,4675.64172135213,0.999810295121166
"Omega[19,1]",0.0858924271514926,0.00239302067814373,0.182217961295333,-0.276081100058113,-0.0360922161978581,0.0885571522623626,0.212522357105855,0.432673729846001,5798.15023215182,1.0005725620501
"Omega[19,2]",0.0989317594844054,0.00299382928138363,0.197473551333421,-0.29883842590292,-0.0309460655469508,0.103921570849807,0.237234051674686,0.46729509584894,4350.7468016901,1.0001619803037
"Omega[19,3]",0.177304589743954,0.00224811104464781,0.180053221283613,-0.182184769526302,0.0540284338442195,0.183462096483704,0.303111154021453,0.522784914696667,6414.55115255344,0.999631225959051
"Omega[19,4]",0.0748774567353353,0.00265126830586055,0.189663022247869,-0.299392678452353,-0.0547298343601149,0.0755997505356509,0.208196334247044,0.436464576809278,5117.50143449798,0.999709614523008
"Omega[19,5]",0.186200840537498,0.00255806342124465,0.191306807122772,-0.197412328566544,0.0587031666941324,0.192646080384432,0.322291644449123,0.537090097509766,5592.91516328462,0.999683359285064
"Omega[19,6]",0.129297998274188,0.00232530126186044,0.184794522512742,-0.239169999085692,0.0044388681101298,0.129286417311824,0.25523461724787,0.489239915382654,6315.67442312701,0.999929280460036
"Omega[19,7]",0.0569562341997207,0.00252344260679886,0.187716689232343,-0.3136132136388,-0.0707770660411466,0.056989556859975,0.185735926354947,0.41658800884734,5533.74201996047,0.99976996917343
"Omega[19,8]",0.0198330740730367,0.00264588009216576,0.197477553946758,-0.367443218644804,-0.116552934971023,0.0208778189498515,0.153487913035056,0.401891246269266,5570.51260278174,1.00033103989208
"Omega[19,9]",-0.0524405155195549,0.00251698566827914,0.183091205674412,-0.404077130862391,-0.178438256239812,-0.0542191007730543,0.0721813836519027,0.30747307798275,5291.43522094863,0.999786220645107
"Omega[19,10]",0.208046976788402,0.00280039534893927,0.185033179973918,-0.17886143061392,0.0876621696031714,0.216839548886725,0.33895832206139,0.543019766426513,4365.76676043925,0.999889563350732
"Omega[19,11]",0.0118791182568203,0.00273316942150278,0.194757876086279,-0.370173463284165,-0.120366252738085,0.0106319526071642,0.145696520835023,0.393353001335383,5077.58208535198,1.00023862309607
"Omega[19,12]",0.128768291465079,0.0027514445122462,0.193703131886153,-0.259052260514328,-0.00258712956692402,0.13527711370591,0.261182070209973,0.496927148320482,4956.23359868352,1.00024014710504
"Omega[19,13]",0.0795611863804291,0.00271158620284473,0.193958879859167,-0.299861581506926,-0.0534237166778759,0.0802886678467185,0.211254291627497,0.457547185906709,5116.49440746273,0.999757665258293
"Omega[19,14]",0.0860907053595305,0.00302523653655067,0.200258215160138,-0.311849067793765,-0.047317454492718,0.0887780057310595,0.225115536075614,0.468143973377333,4381.89542238548,1.00011047021331
"Omega[19,15]",0.205715990496202,0.00276292621659617,0.181418470193455,-0.163434310642391,0.0842128764719245,0.214126649783969,0.335379930373484,0.531047631356264,4311.46064531224,0.999787176365396
"Omega[19,16]",0.098477125541978,0.00252412252275594,0.182970356025089,-0.268560677922252,-0.0246696671079444,0.0969438551789799,0.22373355122115,0.453245574334692,5254.6113812743,1.00048352091641
"Omega[19,17]",0.132031294359602,0.00265502884346611,0.19119012441662,-0.255354586224978,0.00373050102363853,0.138753558352625,0.266199816867349,0.485392078982942,5185.52132555616,0.999730091728195
"Omega[19,18]",0.134700429118486,0.00278961361109085,0.19075005243347,-0.24458129033149,0.00484894484774528,0.13965978427216,0.267639292065326,0.493092111144153,4675.64172135213,0.999810295121166
"Omega[19,19]",1,1.61632136288018e-18,1.19300810085136e-16,1,1,1,1,1,5447.92799958936,0.999499874937461
"Sigma[1,1]",0.115893867621092,0.0014629198224855,0.0491148848502595,0.0452172332192801,0.0806721306767649,0.107820124822702,0.142127183150787,0.232461478773752,1127.15907278556,1.00106175108022
"Sigma[1,2]",0.00923163078697648,0.000358806935354154,0.0276262211411213,-0.0446727492156996,-0.00675146618754986,0.00881875529056533,0.0242350506663912,0.0681300503832198,5928.17901949534,1.00085968398959
"Sigma[1,3]",0.00341982715192071,0.000469815010093513,0.0322628736919412,-0.0615667712334214,-0.0157278988584459,0.00379574283411208,0.0229411521349343,0.0689562624508967,4715.76679305216,0.999823002735496
"Sigma[1,4]",-0.00148733292180408,0.000389448889403224,0.0302444372991817,-0.0630305284759885,-0.0188917807687915,-0.00106756736399468,0.015771943514524,0.0593381910925958,6031.01041230281,1.00007965034827
"Sigma[1,5]",0.00633006347302412,0.000442382093277092,0.0337982210325453,-0.0599470518723343,-0.0136539811574886,0.00552932072386517,0.0264514981543483,0.0768197514749898,5837.03913417562,1.00052240124064
"Sigma[1,6]",0.0312296783711952,0.00058197661312531,0.0256280879316651,-0.0138860634325689,0.0140745548460967,0.0294528609716723,0.0461599957558527,0.0877435147879214,1939.19438642317,1.0008370345381
"Sigma[1,7]",0.0359414520572548,0.000733404102515759,0.0305904087098119,-0.0170822680154367,0.0159929659953701,0.0332088324693397,0.0529955579624275,0.103529578951773,1739.73815803735,1.00105954586093
"Sigma[1,8]",0.00472787314970885,0.000359761401973898,0.0285809449290931,-0.0531988730853727,-0.0117757697305708,0.00460022246416691,0.0216417549225027,0.0603824199821637,6311.37568380506,1.00013151011522
"Sigma[1,9]",0.0243549107230137,0.000350272235431221,0.0260494827656083,-0.023308355558204,0.00737223502409904,0.0230227820111496,0.040043990801935,0.0805317236404472,5530.78505713428,0.999895217109812
"Sigma[1,10]",0.0292569261967511,0.0005377355386161,0.027320081637495,-0.0185799561932413,0.0113879208820591,0.0271601843347467,0.0451453633614447,0.0896382036644417,2581.22882416659,1.00149403492295
"Sigma[1,11]",0.0292132782276544,0.000491634221887225,0.0378496153323831,-0.04187231539546,0.00481034719752384,0.0266169466802196,0.0519317394509133,0.109780927298753,5927.05187836432,1.00009692102322
"Sigma[1,12]",0.0194026231472432,0.000370868516056484,0.0255295416269131,-0.029180131882293,0.00348460511563211,0.0183483612781773,0.0345750314433797,0.0719550783615818,4738.55691632026,1.00017685933413
"Sigma[1,13]",0.0170705017999452,0.000342679034385538,0.024843046512058,-0.0306669703393178,0.00162248137493931,0.0156123783944077,0.0319248285832606,0.0698686838193359,5255.74923798934,1.00010723036858
"Sigma[1,14]",0.0260419724038142,0.000640833596126927,0.0439285945430979,-0.0548700717948619,-0.00219570911269646,0.0237815147772845,0.0515056267895084,0.120676647196627,4698.98516070885,1.0000771814386
"Sigma[1,15]",0.0312535589084953,0.000659038609383013,0.0421102502330185,-0.0514684151130922,0.00505179736706896,0.029337358230873,0.0561990347579209,0.119504115924844,4082.76072053691,1.00108414451426
"Sigma[1,16]",0.0203227307396208,0.000533378190903432,0.0240497605274867,-0.0218242794939136,0.00459924098240306,0.0183030845360548,0.0334375520047287,0.0758280520147121,2033.06378607588,1.00032709223752
"Sigma[1,17]",0.020761047060524,0.000531273433353171,0.029182947334068,-0.0335334010605236,0.00200045483572202,0.0186186188077507,0.0378186050829494,0.0830287502668217,3017.3250906312,1.00029577557958
"Sigma[1,18]",0.0186770009484126,0.000395787382014985,0.0217535887551037,-0.0215760726836666,0.00493928893953022,0.0171268189584053,0.0309455366241789,0.0657933613700318,3020.91105996482,1.00050577141702
"Sigma[1,19]",0.011144017772192,0.000364145251426326,0.0243770648729478,-0.0344159261611984,-0.00384325219748028,0.00984419260048255,0.0252202913019435,0.064172454474063,4481.39808463562,1.00081969935842
"Sigma[2,1]",0.00923163078697648,0.000358806935354154,0.0276262211411213,-0.0446727492156996,-0.00675146618754986,0.00881875529056533,0.0242350506663912,0.0681300503832198,5928.17901949534,1.00085968398959
"Sigma[2,2]",0.146465048573084,0.00196564298658412,0.0731178640000596,0.0394765629941613,0.0954734479422692,0.135602883641221,0.182585158787367,0.324860253035519,1383.68651783609,1.00066787353305
"Sigma[2,3]",0.00313169077563915,0.000538921806995613,0.0390417136715713,-0.0776124994646916,-0.019419183728986,0.00279160774276163,0.0259024202129658,0.0820802665002193,5248.14988136151,0.999694557434528
"Sigma[2,4]",-0.00645789269529844,0.00047414815808679,0.0359225165650729,-0.0852619633798727,-0.0260772601789454,-0.00472079940437936,0.0145099147943151,0.063351529106047,5739.9138193848,1.00009460230554
"Sigma[2,5]",0.0202948532383701,0.000584403799702285,0.0403307502602388,-0.0556059947806218,-0.00407277133695439,0.0175518646333481,0.0430692168582264,0.104607139222088,4762.62667719599,1.00067173885413
"Sigma[2,6]",0.0135378336780908,0.000414798603155191,0.0287398565566596,-0.041077491454167,-0.0042878424698919,0.012246886471868,0.0298926252338493,0.0760690286890149,4800.59006443115,0.999983352279146
"Sigma[2,7]",0.0147822708354933,0.000443761007770669,0.0322752954764837,-0.0472685733131358,-0.0048155030941654,0.0134588075995129,0.0336714434366808,0.0832665075575258,5289.83560507302,1.00029756620698
"Sigma[2,8]",0.0160102566961663,0.000493565902462544,0.0346850577175972,-0.0488499977345234,-0.00427311758544771,0.0138264383476586,0.0348831462482825,0.0910410428785582,4938.49416051677,0.999732027289368
"Sigma[2,9]",0.0168211988396781,0.000464889926482153,0.0324376223845573,-0.0457059884411823,-0.00297553695462069,0.015233844292685,0.0354342264674763,0.0849677352542935,4868.52894140349,1.00048810539944
"Sigma[2,10]",0.0126104626416481,0.000595203871597119,0.0317118444735229,-0.0462492367081773,-0.0069573574600277,0.0109978386316827,0.0303913722088384,0.0820178084491962,2838.64779474194,1.0009268078217
"Sigma[2,11]",0.0149846252291654,0.000649251898662929,0.0466922235628673,-0.0759771743688453,-0.0125729401230728,0.0115864327494086,0.0413252820568105,0.119573448340001,5172.04929887105,1.00014086668171
"Sigma[2,12]",0.0119677238419904,0.000416562485224451,0.0303437666723492,-0.0503805629245539,-0.00549417450945727,0.0111007794053209,0.0297367820868701,0.0754798096347271,5306.13956736929,0.999933785209315
"Sigma[2,13]",0.0111264546072583,0.000409755704788021,0.0302111207815901,-0.0467533881409603,-0.00649863056201738,0.00959794985946861,0.0279551279388175,0.0754756363620641,5436.05268174895,1.00015369474309
"Sigma[2,14]",0.00208380877160105,0.000690557122537847,0.052417985312383,-0.106745898548977,-0.0270370182604431,0.00162723623873727,0.0323166843230612,0.107910368531914,5761.84314875292,1.00008624226488
"Sigma[2,15]",0.0252427240540049,0.000896288531757892,0.0521974964343028,-0.0689844049198985,-0.0075301210376117,0.0210521124354821,0.0546267005304194,0.135906538728678,3391.59250992273,1.00080288664256
"Sigma[2,16]",0.000199557866245014,0.000338750567770664,0.0262819119274105,-0.054987196507196,-0.0154441976152364,0.000609158707060987,0.0164439487554011,0.0513366370585919,6019.40892181359,0.999869460424073
"Sigma[2,17]",0.0156612064937573,0.000556001575245902,0.0350158072962024,-0.0511416863862711,-0.00574877270350224,0.0127919073925253,0.0354036629446699,0.0916198105768234,3966.21491214742,1.00035683647443
"Sigma[2,18]",0.00690028805423715,0.000332805881751948,0.0259046633670551,-0.0452489728214204,-0.00807658391219719,0.00632775123048994,0.0216725374988588,0.0609666152513308,6058.62286886131,0.999755064992708
"Sigma[2,19]",0.0147814623797284,0.000534540166902362,0.0299357438165636,-0.0398739399833192,-0.0038584814350637,0.012735215582243,0.0314970946576382,0.0817973763149643,3136.31313796814,1.00016136879622
"Sigma[3,1]",0.00341982715192071,0.000469815010093513,0.0322628736919412,-0.0615667712334214,-0.0157278988584459,0.00379574283411208,0.0229411521349343,0.0689562624508966,4715.76679305215,0.999823002735496
"Sigma[3,2]",0.00313169077563915,0.000538921806995612,0.0390417136715713,-0.0776124994646916,-0.019419183728986,0.00279160774276163,0.0259024202129658,0.0820802665002193,5248.14988136152,0.999694557434528
"Sigma[3,3]",0.250349382996373,0.00309317897178984,0.107308837608869,0.0940327890195838,0.176045272526014,0.23275943282126,0.303536612780762,0.518371163288131,1203.54098145925,1.00042046758037
"Sigma[3,4]",0.00727215231524752,0.000555997731514128,0.0450548791575577,-0.0789289152431565,-0.0204384150757889,0.00515960847738311,0.0324293468784807,0.102668707235361,6566.55549782041,1.00002737239483
"Sigma[3,5]",0.0392881631137957,0.000791626981227569,0.0514328715995355,-0.0546707660882775,0.00645335668403666,0.0356008693262084,0.0681233248660584,0.150258584380208,4221.24315228182,1.00097049014862
"Sigma[3,6]",0.0151504546988152,0.00048653299486367,0.0352336132977784,-0.054099073678727,-0.00626963964231434,0.0143728527773943,0.0360818375575533,0.0848651244966791,5244.32709431622,0.999897248608937
"Sigma[3,7]",0.00744685458033182,0.00052841089370303,0.039335543572025,-0.0677796641754386,-0.0164761897755121,0.00625911815702463,0.0304579184776841,0.0877193574073701,5541.49297639392,0.999725853471196
"Sigma[3,8]",-0.0031477283443471,0.00053519866138657,0.0422410191209535,-0.090968769975473,-0.0282740831462583,-0.00267240030591948,0.0212969956722627,0.081194949416722,6229.29270402162,0.999663100845268
"Sigma[3,9]",0.000733071264421955,0.000503342037627341,0.0395938125435441,-0.0779983649246238,-0.023051570302104,0.00121922301451561,0.0237175791729377,0.0812123446416599,6187.68560804421,0.999896800799486
"Sigma[3,10]",0.0168760871136601,0.000654624528129423,0.0385032840177599,-0.0556621721035037,-0.00704786234632183,0.0154443969088588,0.0387291148769382,0.102069571793913,3459.48138487952,0.999764629685797
"Sigma[3,11]",0.033225892142582,0.000805966869372689,0.0556439930770124,-0.0731727954335576,-0.00177378827782004,0.0309997952844561,0.0664565526170149,0.151215241160043,4766.52852407778,0.999723924738717
"Sigma[3,12]",0.0195616089978664,0.000588742071451863,0.0387647695452095,-0.0549192215211565,-0.00421650889575007,0.0178775669150392,0.0423016145700724,0.103424915917825,4335.35105052624,1.00115447429283
"Sigma[3,13]",0.00502061002143484,0.000485284848431388,0.036763499722959,-0.0686227697335323,-0.0172019196383727,0.0045499438676742,0.0274520387092761,0.0791961144902731,5739.05294419888,1.00015604092929
"Sigma[3,14]",0.0151786136441042,0.000818969377377139,0.0638325435042733,-0.108135396311903,-0.0228760772043701,0.0129698267156267,0.0515292126060806,0.154257024172847,6075.03764760204,0.999973321843497
"Sigma[3,15]",0.0256986827585283,0.000915370153874831,0.063268549040388,-0.08960022287391,-0.0138289327384217,0.0234319959011674,0.0619303365817692,0.157928968501799,4777.29713038829,1.0006635372524
"Sigma[3,16]",-0.00257552458780239,0.000452679730423945,0.0322122617459066,-0.0700888152368221,-0.0214474718030374,-0.00209978557839311,0.0167720225073643,0.0612657821393505,5063.61108060157,1.00015854913344
"Sigma[3,17]",0.00705322975739794,0.000593251928534984,0.042363272491263,-0.077377520589643,-0.0188122215599642,0.0059656794146659,0.0318504180882093,0.095606517067322,5099.18401986587,1.00010471824115
"Sigma[3,18]",0.0180945535236845,0.000442948878548821,0.0318252036162401,-0.0423033399908597,-0.00146176681075146,0.0168765242190811,0.0363748409543008,0.0871979440303641,5162.20407013614,0.99991284487326
"Sigma[3,19]",0.0314655694436413,0.000488471680021341,0.0353711817797369,-0.0340869916945377,0.00874088621994409,0.0295660429877661,0.0527511314918869,0.105908870103875,5243.48899358651,0.999832961988585
"Sigma[4,1]",-0.00148733292180408,0.000389448889403225,0.0302444372991817,-0.0630305284759885,-0.0188917807687915,-0.00106756736399468,0.015771943514524,0.0593381910925958,6031.0104123028,1.00007965034827
"Sigma[4,2]",-0.00645789269529844,0.00047414815808679,0.0359225165650729,-0.0852619633798727,-0.0260772601789454,-0.00472079940437936,0.0145099147943151,0.063351529106047,5739.9138193848,1.00009460230554
"Sigma[4,3]",0.00727215231524752,0.000555997731514128,0.0450548791575577,-0.0789289152431565,-0.0204384150757889,0.00515960847738311,0.0324293468784807,0.102668707235361,6566.5554978204,1.00002737239483
"Sigma[4,4]",0.194641593822236,0.00313726812656998,0.107383464241199,0.0545861596662487,0.116718924589334,0.172116814115898,0.249292609618436,0.460811178453274,1171.57891294757,0.999890192211161
"Sigma[4,5]",0.0184775849155782,0.000732287024088321,0.0459102076252932,-0.067564851275191,-0.00953636702365387,0.0155769914005265,0.0440682173486469,0.118521131402704,3930.57272703617,1.00026381531018
"Sigma[4,6]",0.0150844429085028,0.000547852532310562,0.0330744964658495,-0.0461579959807284,-0.00530474736050019,0.013456133206597,0.0335271531127721,0.0871198517539192,3644.6777490407,0.999924674407203
"Sigma[4,7]",0.014174742111458,0.000565188125997778,0.0367200710764678,-0.0544018206188141,-0.00813123358448931,0.0123569104593964,0.0347940092543364,0.0943046863197567,4221.05458110578,0.999780210630109
"Sigma[4,8]",0.00623035702564845,0.000497130098826134,0.0366696080248078,-0.0670974904366021,-0.0147060000591123,0.00542524823368354,0.0266033395108718,0.0842854228159686,5440.92097985763,0.999794857912967
"Sigma[4,9]",-0.0105866519662756,0.000496372839200015,0.0357757516543657,-0.0841332890597724,-0.0313063783423597,-0.00948418428713361,0.0106815640728702,0.0614827622870198,5194.71248299219,0.999974052619831
"Sigma[4,10]",-0.00391680592532126,0.000495124565595219,0.0348385307004369,-0.0744560475002942,-0.0236707043323758,-0.00352151546418695,0.0165174230970733,0.0668617028892051,4950.97476027467,0.999879994786002
"Sigma[4,11]",-0.000246669985369252,0.000667761074124579,0.0505756501682583,-0.100983283725565,-0.0293508881038951,-0.000919048588403533,0.0278674827103232,0.103587203615124,5736.41748414201,0.999745779115571
"Sigma[4,12]",0.00464520124777674,0.000487916346787547,0.0346737784222461,-0.0642139992080096,-0.0151216735052335,0.00361944319880547,0.0241725928724825,0.0774124893970056,5050.23516816779,1.00038451169785
"Sigma[4,13]",-2.03538463040452e-05,0.000456044198344272,0.0331952552941072,-0.0650954406105511,-0.018857407367882,-0.000384038445066742,0.0181050034889442,0.0696154987274588,5298.31964790597,0.999812971087942
"Sigma[4,14]",-0.00884413501850837,0.000838305919165661,0.0578162457170868,-0.128167707131798,-0.0422113173912598,-0.00700749896477074,0.0243717407318374,0.103896927673789,4756.57894980436,1.0006166360137
"Sigma[4,15]",0.012897199357557,0.000858790840850616,0.0577718396493407,-0.0965784122512627,-0.0217093853945523,0.0103931481778116,0.0461271766063999,0.134927681164747,4525.40639655407,1.00001093292492
"Sigma[4,16]",0.0139565878396246,0.000464832021855254,0.0314499310132234,-0.0475722719003157,-0.0043601057781904,0.0126339537154103,0.0307454440964738,0.0834971495408992,4577.69988833926,0.999553888284646
"Sigma[4,17]",0.0107398945488436,0.000523881204422592,0.039127910211797,-0.0679733566416438,-0.0123196580026805,0.00940594368944617,0.032294080170416,0.0943612788839499,5578.37456290559,1.00004199924834
"Sigma[4,18]",0.0152657935946133,0.000497077306239541,0.0309688024737224,-0.0398853284744328,-0.00304912322814449,0.0132451533996197,0.0321245276752055,0.0847779659580777,3881.51216652373,0.999962544749968
"Sigma[4,19]",0.0116101790612868,0.000473803222617157,0.0322590812342732,-0.0520587630366516,-0.00762031560371695,0.0106222748946392,0.0300851132645873,0.079288967625752,4635.62149229508,0.999596741914187
"Sigma[5,1]",0.00633006347302412,0.000442382093277092,0.0337982210325453,-0.0599470518723343,-0.0136539811574886,0.00552932072386517,0.0264514981543483,0.0768197514749898,5837.03913417562,1.00052240124064
"Sigma[5,2]",0.0202948532383701,0.000584403799702285,0.0403307502602388,-0.0556059947806218,-0.00407277133695439,0.0175518646333481,0.0430692168582265,0.104607139222088,4762.62667719599,1.00067173885413
"Sigma[5,3]",0.0392881631137957,0.000791626981227569,0.0514328715995355,-0.0546707660882775,0.00645335668403666,0.0356008693262084,0.0681233248660584,0.150258584380208,4221.24315228182,1.00097049014862
"Sigma[5,4]",0.0184775849155782,0.000732287024088321,0.0459102076252932,-0.067564851275191,-0.00953636702365387,0.0155769914005265,0.0440682173486469,0.118521131402704,3930.57272703617,1.00026381531018
"Sigma[5,5]",0.251976652454306,0.00322355025199624,0.116408656957861,0.0776199575091383,0.172839692934338,0.234157974681437,0.312370239661832,0.523295607965475,1304.07229280787,1.00018022877965
"Sigma[5,6]",0.0341931035264018,0.000690873450570107,0.0377637920790574,-0.0341668087834415,0.0103689292401629,0.0312203621397312,0.0556543236469416,0.115706997205218,2987.81833792457,1.0008005562869
"Sigma[5,7]",0.0274111501181682,0.00069266686767136,0.0423196769826902,-0.0521665958702228,0.000665450693477685,0.0250570605380129,0.0523553015538533,0.115846923210307,3732.80977961019,1.00070048092464
"Sigma[5,8]",0.018639219176242,0.000640630596285179,0.0428352610289563,-0.06197354650942,-0.00753652962346362,0.0161257116348626,0.0433440904268258,0.110660274821292,4470.82306039834,1.00039445013774
"Sigma[5,9]",0.00475735665826559,0.000531428523038867,0.0396346150253689,-0.0736864086999896,-0.0185204955547241,0.00388695752615435,0.0275079633881706,0.0859829742863814,5562.36607701526,0.999959952960738
"Sigma[5,10]",0.0179819410561571,0.00064633884617601,0.0397270562499367,-0.0566549072981168,-0.00656107720137694,0.0157724265181894,0.041033911470566,0.105252476488955,3777.91561703275,1.00044091941144
"Sigma[5,11]",0.00202803706700159,0.000806479790436291,0.0578404342722843,-0.117527878811303,-0.0309841514694258,0.00300895373368109,0.0359789926901591,0.114922777720203,5143.70570078918,1.00029556540423
"Sigma[5,12]",0.0450860975341931,0.00103113865920088,0.0441491134793108,-0.0266933689124282,0.0146295856152834,0.039671532464606,0.0701730896985851,0.144019458124621,1833.1999442145,1.00057722677339
"Sigma[5,13]",0.039709381983062,0.00103734767734223,0.0430368918527923,-0.0337442588374801,0.0110520960258357,0.0344708692608656,0.0639855109297228,0.137657905115787,1721.20706424267,1.00061182823516
"Sigma[5,14]",0.0358900089043136,0.00106524825170942,0.069467541811205,-0.0948696648111987,-0.00698049514298056,0.0307557267362083,0.0749377496190123,0.186631452787658,4252.67507777291,1.00032270452734
"Sigma[5,15]",0.0469477978641772,0.00138159081747121,0.0674243991037665,-0.0759202878390148,0.00274226900043959,0.0423469957014826,0.0863952531213859,0.195887230894658,2381.63548867105,1.00132092623714
"Sigma[5,16]",0.015015538422482,0.000482145317251871,0.0333423864844682,-0.0495084925705875,-0.00556948318571976,0.013755358327993,0.0346149323904858,0.08578280515753,4782.30704548627,1.00069558783436
"Sigma[5,17]",0.0465310923213735,0.00132117764331727,0.0503249254302997,-0.0344419663029332,0.0125922745240406,0.0400063026921946,0.0739783248041144,0.16285273828787,1450.92127211347,1.00021748859686
"Sigma[5,18]",0.0297511346190477,0.000641465552407809,0.0341769646706259,-0.032218163560503,0.00755125867508572,0.0268326059165071,0.0489134701017589,0.104857104109832,2838.70524834596,0.999982062512939
"Sigma[5,19]",0.0337612016391007,0.00063487124146696,0.03852893883718,-0.0351707534101133,0.00939289473797931,0.0312323553267094,0.0556080297452216,0.116611379997109,3683.0090514963,0.999872506562491
"Sigma[6,1]",0.0312296783711952,0.00058197661312531,0.0256280879316651,-0.0138860634325689,0.0140745548460967,0.0294528609716723,0.0461599957558527,0.0877435147879214,1939.19438642317,1.0008370345381
"Sigma[6,2]",0.0135378336780908,0.000414798603155191,0.0287398565566596,-0.041077491454167,-0.0042878424698919,0.012246886471868,0.0298926252338492,0.0760690286890149,4800.59006443115,0.999983352279146
"Sigma[6,3]",0.0151504546988152,0.00048653299486367,0.0352336132977784,-0.054099073678727,-0.00626963964231434,0.0143728527773943,0.0360818375575533,0.0848651244966791,5244.32709431622,0.999897248608937
"Sigma[6,4]",0.0150844429085028,0.000547852532310562,0.0330744964658495,-0.0461579959807284,-0.00530474736050018,0.013456133206597,0.0335271531127721,0.0871198517539192,3644.6777490407,0.999924674407203
"Sigma[6,5]",0.0341931035264018,0.000690873450570107,0.0377637920790574,-0.0341668087834415,0.0103689292401629,0.0312203621397312,0.0556543236469416,0.115706997205218,2987.81833792458,1.0008005562869
"Sigma[6,6]",0.134886478103811,0.00166419947947928,0.0560144265854838,0.0547981989427673,0.094796439270449,0.125803361587109,0.163681961365953,0.271698650328303,1132.89334424753,1.00068964503798
"Sigma[6,7]",0.0381428988337424,0.000642024258298166,0.0310907121088457,-0.0161936525409032,0.017667487683158,0.0358579922176427,0.0565701984035527,0.108097666618912,2345.08432123645,1.00065062916771
"Sigma[6,8]",0.0192475776165927,0.000460314603723688,0.0316545337867876,-0.0396122531190212,-0.000766415326950101,0.0172083170248759,0.0372835887929215,0.0900269032918272,4728.92402208586,1.00024442859008
"Sigma[6,9]",0.0173471581461687,0.000428934639908005,0.0291661666518199,-0.0401670567138014,-0.000360831835813436,0.0167776939485496,0.0346963609145882,0.0759163438831689,4623.55965150139,0.999741146821908
"Sigma[6,10]",0.0243320461462461,0.000414735378442794,0.0276687167537632,-0.0307516730556381,0.00740345916521115,0.0233246756480807,0.0412979961429131,0.081734864012693,4450.77732958183,0.999683202621217
"Sigma[6,11]",0.02761387014985,0.000599718218387772,0.0401276485211943,-0.0467350848276766,0.00236741707407095,0.0247358656401873,0.0514074561098973,0.114524107694499,4477.06023405265,1.0003287094699
"Sigma[6,12]",0.0330642691267275,0.000553562399937424,0.0298230928238144,-0.0204442930063634,0.0135826870550175,0.0305834300510184,0.050441765786644,0.0975056062024994,2902.49976647392,0.999789226772052
"Sigma[6,13]",0.0282587846334386,0.000553625173684995,0.0289810604909632,-0.0216017578263325,0.00894169775060486,0.0259486155497908,0.045452955172229,0.0908814083102214,2740.29228283198,1.00049587416625
"Sigma[6,14]",0.035621030151496,0.000817048561219223,0.0493520598327329,-0.0537609263304318,0.00424624922801041,0.0324676106416069,0.0631400886841555,0.14759019616342,3648.50401409947,0.999689064678657
"Sigma[6,15]",0.044677679228513,0.000678129137481059,0.0451577357744983,-0.0385595148083456,0.0155179306195014,0.0417649354061746,0.0719645544309431,0.14063210204717,4434.44737769092,0.999710887713386
"Sigma[6,16]",0.0261224059156652,0.000462248434417096,0.0247368728706263,-0.0189955445313977,0.0100046943952138,0.0244419618572914,0.040157688269322,0.081136019931223,2863.77370023365,1.00065530388324
"Sigma[6,17]",0.0248604718603815,0.000487156775795912,0.0315148868833383,-0.0325735401444031,0.00404344983950311,0.0221962743641878,0.0436346775418071,0.0940400434003179,4184.98600834545,0.999755366304075
"Sigma[6,18]",0.0221791245271149,0.000389136235020924,0.023563086048685,-0.0221941809875109,0.00752683443594042,0.0208414741006066,0.0357668611710125,0.0718261353665019,3666.57854708172,1.00103227222569
"Sigma[6,19]",0.0170041881223994,0.000374251299441871,0.0266604071038785,-0.0336618985473607,0.000565269805360204,0.0155920148463983,0.0322988126823633,0.0751819418147518,5074.65964596045,0.999954523761263
"Sigma[7,1]",0.0359414520572548,0.00073340410251576,0.0305904087098119,-0.0170822680154367,0.0159929659953701,0.0332088324693397,0.0529955579624275,0.103529578951773,1739.73815803734,1.00105954586093
"Sigma[7,2]",0.0147822708354933,0.000443761007770669,0.0322752954764837,-0.0472685733131358,-0.0048155030941654,0.0134588075995129,0.0336714434366808,0.0832665075575258,5289.83560507302,1.00029756620698
"Sigma[7,3]",0.00744685458033182,0.00052841089370303,0.039335543572025,-0.0677796641754386,-0.0164761897755121,0.00625911815702463,0.0304579184776841,0.0877193574073701,5541.49297639392,0.999725853471196
"Sigma[7,4]",0.014174742111458,0.000565188125997778,0.0367200710764678,-0.0544018206188141,-0.00813123358448931,0.0123569104593964,0.0347940092543364,0.0943046863197567,4221.05458110579,0.999780210630109
"Sigma[7,5]",0.0274111501181682,0.00069266686767136,0.0423196769826902,-0.0521665958702228,0.000665450693477685,0.0250570605380129,0.0523553015538533,0.115846923210307,3732.80977961019,1.00070048092464
"Sigma[7,6]",0.0381428988337424,0.000642024258298166,0.0310907121088457,-0.0161936525409032,0.017667487683158,0.0358579922176427,0.0565701984035527,0.108097666618912,2345.08432123645,1.00065062916771
"Sigma[7,7]",0.16959561440957,0.00220528436004909,0.0744577818999391,0.0588297168899265,0.118396496319064,0.157221806241982,0.207470739203822,0.349524980240112,1139.96362568772,1.00096644398668
"Sigma[7,8]",0.0173867528578125,0.000482340032752027,0.0350817079911534,-0.0508582004954051,-0.00358895625211248,0.0153148466875292,0.0385730198805121,0.0903472707015092,5289.98988408812,0.99967566250695
"Sigma[7,9]",0.0224052103537537,0.000467802097590297,0.0327247708336639,-0.040659873215991,0.00267334222014492,0.0207909957634718,0.0409418688021041,0.0923569995627245,4893.60485358835,0.999581054654531
"Sigma[7,10]",0.0286408528936179,0.00052386088621215,0.0328815033096181,-0.0321241018511342,0.00790043463008152,0.0265277668382322,0.0471886462202205,0.101892437718093,3939.77466467255,1.00038682741415
"Sigma[7,11]",0.0347548748481381,0.00091011213863422,0.0493675872999229,-0.0546814276486569,0.00295668664550211,0.0308213970107065,0.0616349990050613,0.144936884331784,2942.34769745716,0.999514762291506
"Sigma[7,12]",0.0305008468127694,0.000590959884724992,0.034109520761417,-0.0303670301458409,0.00854384090263246,0.0276699354995539,0.0498335456367895,0.107579558641573,3331.46482860064,0.999768762831445
"Sigma[7,13]",0.0194226074454974,0.000402294040203641,0.0306020065490281,-0.0404559326917865,0.000913212340420835,0.0183080218505641,0.0370929848520776,0.0836786710072304,5786.45539906612,1.00008636098445
"Sigma[7,14]",0.0275267551289738,0.000856396529115872,0.0548290708377989,-0.0751785385887603,-0.00698061257346542,0.0244911904274282,0.0596487878642468,0.142611105094607,4098.94390913368,1.0001467215531
"Sigma[7,15]",0.0501625283658606,0.000900106800228094,0.0538125528688198,-0.0473758869148622,0.0159154250940772,0.0466701198454721,0.0815814287629285,0.168302355908911,3574.20209803995,1.00104400299897
"Sigma[7,16]",0.026572589992725,0.000448928928383425,0.0277339211068498,-0.0233517945927657,0.00861107575392078,0.0249758043849963,0.0427376249789775,0.0866473881008565,3816.51846823327,0.999710841420021
"Sigma[7,17]",0.0351890755629489,0.000855927376700036,0.0382837703485325,-0.0311588905332537,0.00964962385983354,0.03177388194785,0.0569387831182407,0.120750861498314,2000.57837425323,1.00039769018669
"Sigma[7,18]",0.0304143882816867,0.000577982867750905,0.0289630223234818,-0.0188041964693983,0.0119256088257097,0.0277456441309392,0.0465358970090655,0.0952959496736205,2511.06426138255,1.00010964163313
"Sigma[7,19]",0.00766596161604604,0.000393052898764169,0.0296824069040082,-0.0528323889382392,-0.00978825796380098,0.00766781427614737,0.0257892463151304,0.0659701966291975,5702.90610999147,0.999914979756552
"Sigma[8,1]",0.00472787314970885,0.000359761401973898,0.0285809449290931,-0.0531988730853727,-0.0117757697305708,0.00460022246416691,0.0216417549225027,0.0603824199821637,6311.37568380506,1.00013151011522
"Sigma[8,2]",0.0160102566961663,0.000493565902462544,0.0346850577175972,-0.0488499977345234,-0.00427311758544771,0.0138264383476586,0.0348831462482825,0.0910410428785582,4938.49416051677,0.999732027289368
"Sigma[8,3]",-0.0031477283443471,0.00053519866138657,0.0422410191209535,-0.090968769975473,-0.0282740831462583,-0.00267240030591948,0.0212969956722627,0.081194949416722,6229.29270402162,0.999663100845268
"Sigma[8,4]",0.00623035702564845,0.000497130098826134,0.0366696080248078,-0.0670974904366021,-0.0147060000591123,0.00542524823368354,0.0266033395108718,0.0842854228159686,5440.92097985763,0.999794857912967
"Sigma[8,5]",0.018639219176242,0.000640630596285179,0.0428352610289563,-0.06197354650942,-0.00753652962346362,0.0161257116348626,0.0433440904268258,0.110660274821292,4470.82306039834,1.00039445013774
"Sigma[8,6]",0.0192475776165927,0.000460314603723688,0.0316545337867876,-0.0396122531190212,-0.000766415326950102,0.0172083170248759,0.0372835887929215,0.0900269032918272,4728.92402208584,1.00024442859008
"Sigma[8,7]",0.0173867528578125,0.000482340032752027,0.0350817079911534,-0.0508582004954051,-0.00358895625211248,0.0153148466875292,0.0385730198805121,0.0903472707015092,5289.98988408812,0.99967566250695
"Sigma[8,8]",0.16140734851223,0.00212156078194716,0.0841292636919651,0.0354351161881574,0.103032032020427,0.149914047403785,0.20483844490501,0.35934724061629,1572.47307746431,1.00043068356905
"Sigma[8,9]",0.0162376651096712,0.000500790667636965,0.0346305140101264,-0.0500383441221745,-0.00473341610946522,0.0143599048666862,0.0358664735484548,0.0903992377032716,4781.95429854451,0.999672572491097
"Sigma[8,10]",0.00689131236602146,0.000470664595046973,0.0324476896925432,-0.05800583937833,-0.0127365432919343,0.00671614522523186,0.0261298083780262,0.0734569969777489,4752.74484164585,1.00008829858357
"Sigma[8,11]",0.0151083045799167,0.000690734108837067,0.0492740615602561,-0.0785823500610068,-0.0134883218395828,0.0122772026851595,0.0420791219565385,0.124023384712353,5088.79456858959,0.999973521408514
"Sigma[8,12]",0.0178620771989561,0.000557423260684865,0.0345997051059983,-0.0487023086711224,-0.00292349531791294,0.015138765110341,0.0371603705459765,0.0935301737243828,3852.78362841051,0.99983710131543
"Sigma[8,13]",0.0139431977456171,0.000438767074149362,0.0313703478211414,-0.0461216225292529,-0.00466181151469283,0.0119885391891534,0.031535107959868,0.0832617533550057,5111.76179996097,1.00045520865354
"Sigma[8,14]",0.0043616039719254,0.000748071018623975,0.0561617236663286,-0.108610704073341,-0.0278328411208634,0.0037344132129777,0.0369224935867909,0.117583446622066,5636.31422287957,1.00027193824297
"Sigma[8,15]",0.0191955771420016,0.00076870283765636,0.0538367906957837,-0.0873531600061157,-0.0124641144281082,0.0178553255685645,0.0495232430868452,0.132458052122023,4905.02649214511,0.999688919445912
"Sigma[8,16]",0.00394154097333771,0.000371413119292487,0.0277491027381218,-0.0528413865604091,-0.0119008963640435,0.00377184877025544,0.0203236077811532,0.0584926055614531,5581.91745017956,0.999748975223659
"Sigma[8,17]",0.00892301888246226,0.000523843940520606,0.0362599963388831,-0.0617968402320378,-0.0124239736127687,0.00742581497451648,0.0294580838410333,0.0863039664347674,4791.281224334,1.0001606210606
"Sigma[8,18]",0.00418933466532839,0.000379473379081245,0.0270240244851159,-0.0506906170974987,-0.0117845658387014,0.00379003699291174,0.0196424338577748,0.0608781495366773,5071.51159004572,1.0006541944925
"Sigma[8,19]",0.00288716964128879,0.000417364882721033,0.0306592534653706,-0.0584636731596945,-0.014925357300013,0.00236743582811517,0.0205915987415037,0.0657888713687694,5396.24106567197,1.00035095470122
"Sigma[9,1]",0.0243549107230137,0.000350272235431221,0.0260494827656083,-0.023308355558204,0.00737223502409904,0.0230227820111496,0.040043990801935,0.0805317236404472,5530.78505713428,0.999895217109812
"Sigma[9,2]",0.0168211988396781,0.000464889926482153,0.0324376223845573,-0.0457059884411823,-0.00297553695462069,0.015233844292685,0.0354342264674763,0.0849677352542935,4868.52894140349,1.00048810539944
"Sigma[9,3]",0.000733071264421955,0.000503342037627341,0.0395938125435441,-0.0779983649246238,-0.023051570302104,0.00121922301451561,0.0237175791729377,0.0812123446416599,6187.68560804421,0.999896800799486
"Sigma[9,4]",-0.0105866519662756,0.000496372839200015,0.0357757516543657,-0.0841332890597724,-0.0313063783423597,-0.0094841842871336,0.0106815640728702,0.0614827622870198,5194.71248299219,0.999974052619831
"Sigma[9,5]",0.00475735665826559,0.000531428523038867,0.0396346150253689,-0.0736864086999896,-0.0185204955547241,0.00388695752615435,0.0275079633881706,0.0859829742863814,5562.36607701526,0.999959952960738
"Sigma[9,6]",0.0173471581461687,0.000428934639908005,0.0291661666518199,-0.0401670567138014,-0.000360831835813436,0.0167776939485496,0.0346963609145882,0.0759163438831689,4623.55965150139,0.999741146821908
"Sigma[9,7]",0.0224052103537537,0.000467802097590297,0.0327247708336639,-0.040659873215991,0.00267334222014492,0.0207909957634718,0.0409418688021041,0.0923569995627245,4893.60485358835,0.999581054654531
"Sigma[9,8]",0.0162376651096712,0.000500790667636965,0.0346305140101264,-0.0500383441221745,-0.00473341610946522,0.0143599048666862,0.0358664735484548,0.0903992377032716,4781.95429854451,0.999672572491097
"Sigma[9,9]",0.170172324889748,0.00191875736958526,0.0726754575522275,0.066387005925835,0.119916842797274,0.15763680357514,0.206196396820767,0.349132727446495,1434.61519902208,0.999871280439876
"Sigma[9,10]",0.022123444298715,0.000519390285449768,0.0318427143569776,-0.0360207846049482,0.00179499880008252,0.0196705363312957,0.0409352176893825,0.0920075082583318,3758.65545684621,1.00052509938257
"Sigma[9,11]",0.0153089866161472,0.00064298427491764,0.0454151423182678,-0.0779299539371386,-0.0114475585259337,0.0151604422880027,0.0424335206660242,0.107753213909346,4988.85240356774,0.999840914895027
"Sigma[9,12]",0.017421292687155,0.000429788173125382,0.0304655388708136,-0.0422765880824849,-0.00121526355128222,0.0168749753457345,0.0357035698573622,0.0795838043417501,5024.68461662106,1.00015120445593
"Sigma[9,13]",0.0152961454099382,0.00040180439347286,0.0297854955059918,-0.0419737726799273,-0.00262161405592755,0.0140640827806376,0.0330074954540275,0.0774969382950018,5495.1594210458,0.999910112223271
"Sigma[9,14]",0.0043678612297694,0.000700242494774989,0.053690537813638,-0.107120906699986,-0.0270697328747002,0.00380810213532148,0.0361211984341686,0.113071192377322,5878.93397945511,0.999723791162168
"Sigma[9,15]",0.0310354581239129,0.000832649352054166,0.0525450345446374,-0.0653539094676269,-0.0027360889441791,0.0285130911821903,0.0613854022669506,0.144685086435911,3982.34670223698,0.999822914946509
"Sigma[9,16]",-0.000626675964183194,0.000348041781629492,0.0260221262559871,-0.0547018889948657,-0.0162558962146087,-0.000165605072388658,0.0152717904911712,0.0506256860108297,5590.14139692337,1.00032578368014
"Sigma[9,17]",0.00456256030393329,0.000461890015804149,0.0341736545941273,-0.0639327554184175,-0.0154487765297553,0.00423175812800024,0.0242729419804,0.0750952194637679,5474.011453539,0.999749821022796
"Sigma[9,18]",0.016136326423231,0.000397614221563096,0.0257047768875852,-0.0323089479263754,9.93667153882925e-05,0.0149898463828106,0.0308112188275233,0.0708484821284026,4179.30299548879,0.99958770755567
"Sigma[9,19]",-0.007770156041609,0.000412545977710734,0.029391499504852,-0.0687979973187321,-0.0249784106694267,-0.00714486501576323,0.00999709188737971,0.050017475394059,5075.73304936197,0.999773454383254
"Sigma[10,1]",0.0292569261967511,0.0005377355386161,0.027320081637495,-0.0185799561932413,0.0113879208820591,0.0271601843347467,0.0451453633614447,0.0896382036644418,2581.22882416659,1.00149403492295
"Sigma[10,2]",0.0126104626416481,0.000595203871597119,0.0317118444735229,-0.0462492367081773,-0.0069573574600277,0.0109978386316827,0.0303913722088384,0.0820178084491961,2838.64779474194,1.0009268078217
"Sigma[10,3]",0.0168760871136601,0.000654624528129423,0.0385032840177599,-0.0556621721035037,-0.00704786234632183,0.0154443969088588,0.0387291148769382,0.102069571793913,3459.48138487952,0.999764629685797
"Sigma[10,4]",-0.00391680592532126,0.000495124565595219,0.0348385307004369,-0.0744560475002942,-0.0236707043323758,-0.00352151546418695,0.0165174230970733,0.0668617028892051,4950.97476027467,0.999879994786002
"Sigma[10,5]",0.0179819410561571,0.000646338846176009,0.0397270562499367,-0.0566549072981168,-0.00656107720137694,0.0157724265181894,0.041033911470566,0.105252476488955,3777.91561703276,1.00044091941144
"Sigma[10,6]",0.0243320461462461,0.000414735378442794,0.0276687167537632,-0.0307516730556381,0.00740345916521115,0.0233246756480807,0.0412979961429131,0.0817348640126931,4450.77732958183,0.999683202621217
"Sigma[10,7]",0.0286408528936179,0.00052386088621215,0.0328815033096181,-0.0321241018511342,0.00790043463008152,0.0265277668382322,0.0471886462202205,0.101892437718093,3939.77466467255,1.00038682741415
"Sigma[10,8]",0.00689131236602146,0.000470664595046973,0.0324476896925432,-0.05800583937833,-0.0127365432919343,0.00671614522523186,0.0261298083780262,0.0734569969777489,4752.74484164585,1.00008829858357
"Sigma[10,9]",0.022123444298715,0.000519390285449768,0.0318427143569776,-0.0360207846049482,0.00179499880008252,0.0196705363312957,0.0409352176893825,0.0920075082583318,3758.65545684621,1.00052509938257
"Sigma[10,10]",0.159799912195268,0.00218754557178017,0.0696817198498842,0.0599139599628613,0.110796338593151,0.146998280947341,0.195137806190145,0.327810236367308,1014.66692510856,1.00277671185635
"Sigma[10,11]",0.0173203894657339,0.000604943814221163,0.0439597072834982,-0.0688369934914049,-0.00897011969910586,0.0168745700279307,0.0437814270696211,0.10796016410273,5280.55418389696,1.00009418858207
"Sigma[10,12]",0.025137930393679,0.000565576160720353,0.0315214701441106,-0.0329961039435154,0.0049798069534873,0.0229502082718897,0.0428406147884916,0.0961355229532676,3106.20946091336,0.999622022626551
"Sigma[10,13]",0.0172210789042042,0.000472631347558004,0.0294707757857847,-0.0413162021353387,-0.00132513818996308,0.0158477255866804,0.0344500371856703,0.0805709550276811,3888.10594661297,0.999956931225733
"Sigma[10,14]",0.0432692393378835,0.000942731690748617,0.0532962137553753,-0.0529600340919576,0.0094714801506475,0.0396258929745229,0.0729278173220576,0.161105066955217,3196.07160950366,1.0003702719104
"Sigma[10,15]",0.102316879866909,0.00216574118443438,0.0668499936561413,-0.000713550787344598,0.0551530144470975,0.093116656331141,0.139423696592639,0.260008194586198,952.773414002571,1.00363323999904
"Sigma[10,16]",0.0206281520892929,0.000534452830884615,0.026871297796151,-0.028583470493504,0.00342648192584837,0.0184947995891599,0.0363357567453698,0.0793016128087839,2527.89202819327,1.00044707168374
"Sigma[10,17]",0.0262185017930038,0.000698327701316098,0.0351371554466741,-0.0385737446391171,0.00351439801454937,0.0234551168070905,0.0468587016298536,0.101703030343904,2531.7140974487,1.00060693335902
"Sigma[10,18]",0.0156492943143678,0.000370712704399187,0.025207220658058,-0.0324606973401439,-0.000562012857636354,0.0145439376633076,0.0307030864575761,0.0679605540939259,4623.54391469084,1.00053110936639
"Sigma[10,19]",0.0314808087847461,0.000723489462742801,0.0314917652206877,-0.0229502275646812,0.010921076777457,0.0285449268677074,0.0492746867242079,0.102786935501848,1894.65259735097,1.00116175250867
"Sigma[11,1]",0.0292132782276544,0.000491634221887225,0.0378496153323831,-0.0418723153954601,0.00481034719752384,0.0266169466802196,0.0519317394509133,0.109780927298753,5927.05187836432,1.00009692102322
"Sigma[11,2]",0.0149846252291654,0.000649251898662929,0.0466922235628673,-0.0759771743688453,-0.0125729401230728,0.0115864327494086,0.0413252820568105,0.119573448340001,5172.04929887105,1.00014086668171
"Sigma[11,3]",0.033225892142582,0.000805966869372689,0.0556439930770124,-0.0731727954335576,-0.00177378827782004,0.0309997952844561,0.0664565526170149,0.151215241160043,4766.52852407778,0.999723924738717
"Sigma[11,4]",-0.000246669985369252,0.000667761074124579,0.0505756501682583,-0.100983283725565,-0.0293508881038951,-0.000919048588403533,0.0278674827103232,0.103587203615124,5736.41748414201,0.999745779115571
"Sigma[11,5]",0.00202803706700159,0.000806479790436291,0.0578404342722843,-0.117527878811303,-0.0309841514694258,0.00300895373368109,0.0359789926901591,0.114922777720203,5143.70570078918,1.00029556540423
"Sigma[11,6]",0.02761387014985,0.000599718218387772,0.0401276485211943,-0.0467350848276766,0.00236741707407095,0.0247358656401873,0.0514074561098973,0.114524107694499,4477.06023405265,1.0003287094699
"Sigma[11,7]",0.0347548748481381,0.00091011213863422,0.0493675872999229,-0.0546814276486569,0.00295668664550211,0.0308213970107065,0.0616349990050613,0.144936884331784,2942.34769745716,0.999514762291506
"Sigma[11,8]",0.0151083045799167,0.000690734108837067,0.0492740615602561,-0.0785823500610068,-0.0134883218395828,0.0122772026851595,0.0420791219565385,0.124023384712353,5088.79456858959,0.999973521408514
"Sigma[11,9]",0.0153089866161472,0.00064298427491764,0.0454151423182678,-0.0779299539371386,-0.0114475585259337,0.0151604422880027,0.0424335206660242,0.107753213909346,4988.85240356774,0.999840914895027
"Sigma[11,10]",0.0173203894657339,0.000604943814221163,0.0439597072834982,-0.0688369934914049,-0.00897011969910585,0.0168745700279307,0.0437814270696211,0.10796016410273,5280.55418389696,1.00009418858207
"Sigma[11,11]",0.317268354017854,0.00394245266999817,0.14728468089614,0.0949540542147602,0.213849727900881,0.296135107693481,0.395909810372598,0.662827682785456,1395.66818885926,1.00025268933047
"Sigma[11,12]",0.0090442467452455,0.000615046868436453,0.0445655989992061,-0.083012243896917,-0.0166785866180516,0.00937864138942352,0.0355704903901709,0.100372908019912,5250.28735046961,0.999998044835149
"Sigma[11,13]",0.002778089546254,0.00065847975245514,0.0442579733805025,-0.0908171392245141,-0.0221436321325527,0.00298116836960063,0.0283335578772722,0.0933318549682581,4517.50035805752,1.0001440294931
"Sigma[11,14]",0.00483170720308042,0.000987765759776147,0.0784977821663544,-0.160302434279341,-0.039093661126864,0.00489764969260683,0.0493517688666388,0.163599295841678,6315.48689174573,0.999793459473641
"Sigma[11,15]",0.0218239549488837,0.000961898380753983,0.0723110034041845,-0.124516874589163,-0.0205880657203551,0.0203682391095254,0.0640278189172212,0.171277075958387,5651.32636492569,1.00032035148244
"Sigma[11,16]",-0.00426087122753638,0.000553157286624485,0.0372972514854937,-0.0840267352896696,-0.0258607998551591,-0.00322389061097912,0.0183310887091891,0.0686119057885087,4546.28212112605,1.00022802118716
"Sigma[11,17]",-0.00252723511609997,0.000720978397322905,0.0491219309207973,-0.10029483602896,-0.0316405370783763,-0.00229133960264779,0.0260987768965616,0.0979856711230074,4642.01303638922,1.00005109697841
"Sigma[11,18]",0.00742719481485016,0.000485675400370012,0.0359147962753041,-0.0668661685012486,-0.0136254769569237,0.00725116797620343,0.0286191136624442,0.0818193013587867,5468.32855876253,1.0001406248824
"Sigma[11,19]",0.00139800828401079,0.000578425279414071,0.0415687519549926,-0.0844630393129985,-0.0230101382544059,0.00195321795003685,0.0268745335379502,0.0845371837585546,5164.63270545307,1.00033083819328
"Sigma[12,1]",0.0194026231472432,0.000370868516056484,0.0255295416269131,-0.0291801318822931,0.00348460511563211,0.0183483612781773,0.0345750314433797,0.0719550783615818,4738.55691632026,1.00017685933413
"Sigma[12,2]",0.0119677238419904,0.000416562485224451,0.0303437666723492,-0.0503805629245539,-0.00549417450945727,0.0111007794053209,0.0297367820868701,0.0754798096347271,5306.13956736929,0.999933785209315
"Sigma[12,3]",0.0195616089978664,0.000588742071451863,0.0387647695452095,-0.0549192215211564,-0.00421650889575007,0.0178775669150392,0.0423016145700724,0.103424915917825,4335.35105052624,1.00115447429283
"Sigma[12,4]",0.00464520124777674,0.000487916346787547,0.0346737784222461,-0.0642139992080096,-0.0151216735052335,0.00361944319880547,0.0241725928724825,0.0774124893970056,5050.23516816779,1.00038451169785
"Sigma[12,5]",0.0450860975341931,0.00103113865920088,0.0441491134793108,-0.0266933689124282,0.0146295856152834,0.039671532464606,0.0701730896985851,0.144019458124621,1833.1999442145,1.00057722677339
"Sigma[12,6]",0.0330642691267275,0.000553562399937424,0.0298230928238144,-0.0204442930063634,0.0135826870550175,0.0305834300510184,0.050441765786644,0.0975056062024994,2902.49976647392,0.999789226772052
"Sigma[12,7]",0.0305008468127694,0.000590959884724992,0.034109520761417,-0.0303670301458409,0.00854384090263246,0.0276699354995539,0.0498335456367895,0.107579558641573,3331.46482860064,0.999768762831445
"Sigma[12,8]",0.0178620771989561,0.000557423260684866,0.0345997051059983,-0.0487023086711224,-0.00292349531791294,0.015138765110341,0.0371603705459765,0.0935301737243828,3852.78362841051,0.99983710131543
"Sigma[12,9]",0.017421292687155,0.000429788173125382,0.0304655388708136,-0.0422765880824849,-0.00121526355128222,0.0168749753457345,0.0357035698573622,0.0795838043417501,5024.68461662106,1.00015120445593
"Sigma[12,10]",0.025137930393679,0.000565576160720353,0.0315214701441106,-0.0329961039435154,0.0049798069534873,0.0229502082718897,0.0428406147884916,0.0961355229532676,3106.20946091336,0.999622022626551
"Sigma[12,11]",0.0090442467452455,0.000615046868436453,0.0445655989992061,-0.083012243896917,-0.0166785866180516,0.00937864138942353,0.0355704903901709,0.100372908019912,5250.28735046961,0.999998044835149
"Sigma[12,12]",0.14770572518235,0.00177738136849148,0.0688292732537869,0.0440597139670704,0.100439437243113,0.136975207438986,0.184217769302825,0.31214389623667,1499.63345806803,1.00046262246098
"Sigma[12,13]",0.0349855229892059,0.000866122633813699,0.0337208717024055,-0.0198362220106052,0.011643186992438,0.0307587384804055,0.0533535297077414,0.113219560470038,1515.78920532802,1.00021169222546
"Sigma[12,14]",0.0205005684984585,0.000750077190214193,0.0514640879740743,-0.0781955345187755,-0.00917596167629697,0.0176939190206847,0.0493482804115696,0.129296379332491,4707.56845444983,1.00009841996804
"Sigma[12,15]",0.0424373557943129,0.000859572056681596,0.0505720262525476,-0.0501585081480459,0.00957843597237469,0.038765036259956,0.0728761257015039,0.152724153009133,3461.43461008119,0.99980416715112
"Sigma[12,16]",0.0215654137305605,0.000515544205762013,0.0275100565928489,-0.027919061703696,0.00381819854378881,0.0189844196460294,0.0371747866359731,0.0830462499968415,2847.41748334248,1.00038543667192
"Sigma[12,17]",0.0392355546116598,0.00107363092983396,0.04052243334575,-0.027759021538099,0.0121824944219983,0.0338229061520038,0.0609385947292849,0.136795685948705,1424.56084820613,0.999810501687232
"Sigma[12,18]",0.0195825389161113,0.000393982121703211,0.0260849664727127,-0.0303468936168261,0.00395559362613289,0.0180680185629599,0.0344214136554529,0.074857953795913,4383.56586478866,0.999901839982661
"Sigma[12,19]",0.0177041540490781,0.000457602993130401,0.0290355295600409,-0.0371937383258158,-0.000305195845011831,0.0167604761557172,0.0345835613538868,0.0789857120897056,4026.07433870541,1.0000028827757
"Sigma[13,1]",0.0170705017999452,0.000342679034385538,0.024843046512058,-0.0306669703393178,0.00162248137493931,0.0156123783944077,0.0319248285832606,0.0698686838193359,5255.74923798934,1.00010723036858
"Sigma[13,2]",0.0111264546072583,0.000409755704788021,0.0302111207815901,-0.0467533881409603,-0.00649863056201738,0.00959794985946861,0.0279551279388175,0.0754756363620641,5436.05268174895,1.00015369474309
"Sigma[13,3]",0.00502061002143484,0.000485284848431388,0.036763499722959,-0.0686227697335323,-0.0172019196383727,0.0045499438676742,0.0274520387092761,0.0791961144902731,5739.05294419888,1.00015604092929
"Sigma[13,4]",-2.03538463040452e-05,0.000456044198344272,0.0331952552941072,-0.0650954406105511,-0.018857407367882,-0.000384038445066742,0.0181050034889442,0.0696154987274588,5298.31964790597,0.999812971087942
"Sigma[13,5]",0.039709381983062,0.00103734767734223,0.0430368918527923,-0.0337442588374801,0.0110520960258357,0.0344708692608656,0.0639855109297228,0.137657905115787,1721.20706424267,1.00061182823516
"Sigma[13,6]",0.0282587846334386,0.000553625173684995,0.0289810604909632,-0.0216017578263325,0.00894169775060486,0.0259486155497908,0.045452955172229,0.0908814083102214,2740.29228283198,1.00049587416625
"Sigma[13,7]",0.0194226074454974,0.000402294040203641,0.0306020065490281,-0.0404559326917865,0.000913212340420835,0.0183080218505641,0.0370929848520776,0.0836786710072304,5786.45539906612,1.00008636098445
"Sigma[13,8]",0.0139431977456171,0.000438767074149362,0.0313703478211414,-0.0461216225292529,-0.00466181151469283,0.0119885391891534,0.031535107959868,0.0832617533550057,5111.76179996097,1.00045520865354
"Sigma[13,9]",0.0152961454099382,0.00040180439347286,0.0297854955059918,-0.0419737726799273,-0.00262161405592755,0.0140640827806376,0.0330074954540275,0.0774969382950018,5495.1594210458,0.999910112223271
"Sigma[13,10]",0.0172210789042042,0.000472631347558004,0.0294707757857847,-0.0413162021353387,-0.00132513818996308,0.0158477255866804,0.0344500371856703,0.0805709550276811,3888.10594661298,0.999956931225733
"Sigma[13,11]",0.002778089546254,0.00065847975245514,0.0442579733805025,-0.0908171392245141,-0.0221436321325527,0.00298116836960063,0.0283335578772722,0.0933318549682581,4517.50035805752,1.0001440294931
"Sigma[13,12]",0.0349855229892059,0.000866122633813699,0.0337208717024055,-0.0198362220106052,0.011643186992438,0.0307587384804055,0.0533535297077414,0.113219560470038,1515.78920532802,1.00021169222546
"Sigma[13,13]",0.131899195034864,0.00184578731921663,0.0636858139983536,0.0358845885684277,0.0877070467694192,0.122517975745814,0.165069011704736,0.286080000103561,1190.47996852776,1.00024331504555
"Sigma[13,14]",0.0270293695261986,0.000713826825286788,0.048755707240948,-0.0674529536619715,-0.00334898152774644,0.0234502600825687,0.0557985980040401,0.132910775330647,4665.1454871572,0.999618616355374
"Sigma[13,15]",0.0320393413848544,0.000772843388977087,0.0486275170799104,-0.0602994910863079,0.00124185578524373,0.0291081767815727,0.0602009472562103,0.135965638318209,3958.96076403833,1.00044143673811
"Sigma[13,16]",0.0143023419373955,0.000455783155337301,0.0257355096574876,-0.03286973454521,-0.00170024415120236,0.0121765919973361,0.0292283316984603,0.0706519612863169,3188.22531109974,1.00013170589885
"Sigma[13,17]",0.0304272927086972,0.00092438709343188,0.0362911126758559,-0.0305587797192703,0.00571721983587194,0.0260379028657875,0.0506075167488936,0.111983241665465,1541.32002665719,1.00029280014342
"Sigma[13,18]",0.0133795066196071,0.000362456722533213,0.0248279846916635,-0.0354346382776057,-0.00158545491630154,0.01259308561468,0.0278267825204098,0.065705579893873,4692.13630475627,0.999756266027852
"Sigma[13,19]",0.0102134772973588,0.000394251035549655,0.026997101233516,-0.0425653521665519,-0.0062594676948196,0.00914863645101335,0.025956524160158,0.0671333745569013,4689.09017488251,0.999865057781622
"Sigma[14,1]",0.0260419724038142,0.000640833596126926,0.0439285945430979,-0.0548700717948619,-0.00219570911269646,0.0237815147772845,0.0515056267895083,0.120676647196627,4698.98516070885,1.0000771814386
"Sigma[14,2]",0.00208380877160105,0.000690557122537847,0.052417985312383,-0.106745898548977,-0.0270370182604431,0.00162723623873727,0.0323166843230612,0.107910368531914,5761.84314875292,1.00008624226488
"Sigma[14,3]",0.0151786136441042,0.000818969377377139,0.0638325435042733,-0.108135396311903,-0.0228760772043701,0.0129698267156267,0.0515292126060806,0.154257024172847,6075.03764760204,0.999973321843497
"Sigma[14,4]",-0.00884413501850837,0.000838305919165661,0.0578162457170868,-0.128167707131798,-0.0422113173912598,-0.00700749896477074,0.0243717407318374,0.103896927673789,4756.57894980436,1.0006166360137
"Sigma[14,5]",0.0358900089043136,0.00106524825170942,0.069467541811205,-0.0948696648111986,-0.00698049514298056,0.0307557267362083,0.0749377496190123,0.186631452787658,4252.67507777291,1.00032270452734
"Sigma[14,6]",0.035621030151496,0.000817048561219223,0.0493520598327329,-0.0537609263304318,0.00424624922801041,0.0324676106416069,0.0631400886841555,0.14759019616342,3648.50401409947,0.999689064678657
"Sigma[14,7]",0.0275267551289738,0.000856396529115872,0.0548290708377989,-0.0751785385887603,-0.00698061257346542,0.0244911904274282,0.0596487878642468,0.142611105094607,4098.94390913368,1.0001467215531
"Sigma[14,8]",0.0043616039719254,0.000748071018623975,0.0561617236663286,-0.108610704073341,-0.0278328411208634,0.0037344132129777,0.0369224935867909,0.117583446622066,5636.31422287956,1.00027193824297
"Sigma[14,9]",0.0043678612297694,0.000700242494774989,0.053690537813638,-0.107120906699986,-0.0270697328747002,0.00380810213532148,0.0361211984341686,0.113071192377322,5878.93397945511,0.999723791162168
"Sigma[14,10]",0.0432692393378835,0.000942731690748617,0.0532962137553753,-0.0529600340919576,0.00947148015064751,0.0396258929745229,0.0729278173220576,0.161105066955217,3196.07160950366,1.0003702719104
"Sigma[14,11]",0.00483170720308042,0.000987765759776147,0.0784977821663544,-0.160302434279341,-0.039093661126864,0.00489764969260683,0.0493517688666388,0.163599295841678,6315.48689174573,0.999793459473641
"Sigma[14,12]",0.0205005684984585,0.000750077190214193,0.0514640879740743,-0.0781955345187756,-0.00917596167629697,0.0176939190206847,0.0493482804115695,0.129296379332491,4707.56845444983,1.00009841996804
"Sigma[14,13]",0.0270293695261986,0.000713826825286788,0.048755707240948,-0.0674529536619715,-0.00334898152774644,0.0234502600825687,0.0557985980040401,0.132910775330647,4665.1454871572,0.999618616355374
"Sigma[14,14]",0.410288922197708,0.00521191737571334,0.208707408519072,0.103077337765044,0.269895769286469,0.376004067395766,0.51060692796016,0.929477590896599,1603.54328182839,1.00011398232873
"Sigma[14,15]",0.0731240680986604,0.00161232821116747,0.0875148626119919,-0.0804784086581899,0.0160467042484272,0.0655044903725352,0.120780390428483,0.265913940005249,2946.16268584281,0.99977583044046
"Sigma[14,16]",0.00989673982011933,0.000595269118750275,0.0412385642109561,-0.0734705457558375,-0.0154766190093215,0.00911382356224655,0.0346819103848319,0.0941408215897016,4799.32727838078,1.00015746505176
"Sigma[14,17]",0.025850441907863,0.00101320501298121,0.0588000428707943,-0.082286443070076,-0.0101282482961419,0.0220049014760409,0.0586596248701184,0.154789597795192,3367.91115005332,1.00098143863419
"Sigma[14,18]",0.00578221695642759,0.000628142033360458,0.0407466243656628,-0.0748538284071678,-0.0183589981397042,0.00516858237781544,0.0289346977899024,0.0903675605028796,4207.92082056795,0.999635398235362
"Sigma[14,19]",0.020354073295632,0.000754682097270994,0.0502773404917784,-0.0742195980872896,-0.00995131302879355,0.0181231417989746,0.0485116786219073,0.129663548355776,4438.2984055382,0.999968244774275
"Sigma[15,1]",0.0312535589084953,0.000659038609383013,0.0421102502330185,-0.0514684151130922,0.00505179736706896,0.029337358230873,0.0561990347579209,0.119504115924844,4082.76072053691,1.00108414451426
"Sigma[15,2]",0.0252427240540049,0.000896288531757892,0.0521974964343028,-0.0689844049198985,-0.0075301210376117,0.0210521124354821,0.0546267005304194,0.135906538728678,3391.59250992273,1.00080288664256
"Sigma[15,3]",0.0256986827585283,0.000915370153874831,0.063268549040388,-0.08960022287391,-0.0138289327384217,0.0234319959011674,0.0619303365817692,0.157928968501799,4777.29713038829,1.0006635372524
"Sigma[15,4]",0.012897199357557,0.000858790840850616,0.0577718396493407,-0.0965784122512627,-0.0217093853945523,0.0103931481778116,0.0461271766063999,0.134927681164747,4525.40639655407,1.00001093292492
"Sigma[15,5]",0.0469477978641772,0.00138159081747121,0.0674243991037665,-0.0759202878390148,0.00274226900043959,0.0423469957014826,0.0863952531213859,0.195887230894658,2381.63548867105,1.00132092623714
"Sigma[15,6]",0.044677679228513,0.000678129137481059,0.0451577357744983,-0.0385595148083456,0.0155179306195014,0.0417649354061746,0.0719645544309432,0.14063210204717,4434.44737769092,0.999710887713386
"Sigma[15,7]",0.0501625283658606,0.000900106800228095,0.0538125528688198,-0.0473758869148622,0.0159154250940772,0.0466701198454721,0.0815814287629285,0.168302355908911,3574.20209803994,1.00104400299897
"Sigma[15,8]",0.0191955771420016,0.00076870283765636,0.0538367906957837,-0.0873531600061157,-0.0124641144281082,0.0178553255685645,0.0495232430868452,0.132458052122023,4905.02649214511,0.999688919445912
"Sigma[15,9]",0.0310354581239129,0.000832649352054166,0.0525450345446374,-0.0653539094676269,-0.0027360889441791,0.0285130911821903,0.0613854022669506,0.144685086435911,3982.34670223698,0.999822914946509
"Sigma[15,10]",0.102316879866909,0.00216574118443438,0.0668499936561413,-0.000713550787344598,0.0551530144470975,0.093116656331141,0.139423696592639,0.260008194586198,952.773414002571,1.00363323999904
"Sigma[15,11]",0.0218239549488837,0.000961898380753983,0.0723110034041845,-0.124516874589163,-0.0205880657203551,0.0203682391095254,0.0640278189172212,0.171277075958387,5651.32636492569,1.00032035148244
"Sigma[15,12]",0.0424373557943129,0.000859572056681596,0.0505720262525476,-0.0501585081480459,0.00957843597237469,0.038765036259956,0.0728761257015039,0.152724153009133,3461.43461008119,0.99980416715112
"Sigma[15,13]",0.0320393413848544,0.000772843388977087,0.0486275170799104,-0.0602994910863079,0.00124185578524373,0.0291081767815727,0.0602009472562103,0.135965638318209,3958.96076403833,1.00044143673811
"Sigma[15,14]",0.0731240680986604,0.00161232821116747,0.0875148626119919,-0.0804784086581899,0.0160467042484272,0.0655044903725352,0.120780390428483,0.265913940005249,2946.16268584281,0.99977583044046
"Sigma[15,15]",0.432631286860939,0.00573625814298765,0.192162902074636,0.156671679603181,0.300576537652702,0.400376286510794,0.528143346341487,0.903149224999344,1122.22960998251,1.00207952979924
"Sigma[15,16]",0.0272449217140809,0.000611171151754476,0.0419439004424611,-0.0508762376240602,0.000907844117007337,0.0248133849696821,0.0520357045168434,0.116374498944247,4709.90269031543,1.00022694088972
"Sigma[15,17]",0.0407123798688919,0.00119421263906152,0.0582443296762558,-0.0638388021858893,0.00331050191779156,0.0354659320754285,0.0750205067995148,0.167913927666487,2378.72357227289,1.00082299260012
"Sigma[15,18]",0.0244982451389416,0.000615689987507062,0.0408091244356669,-0.0530301211590605,-0.000327280830643076,0.02216438170381,0.0486070822247201,0.111345368047264,4393.29505883015,1.00053219449204
"Sigma[15,19]",0.0507932424354656,0.00116424658111893,0.0504618989917577,-0.0368933352245978,0.0171030588140523,0.0456831600950277,0.0802853570630482,0.161316686402646,1878.61262801744,1.00025961985925
"Sigma[16,1]",0.0203227307396208,0.000533378190903432,0.0240497605274867,-0.0218242794939136,0.00459924098240306,0.0183030845360548,0.0334375520047287,0.0758280520147121,2033.06378607588,1.00032709223752
"Sigma[16,2]",0.000199557866245014,0.000338750567770664,0.0262819119274105,-0.054987196507196,-0.0154441976152364,0.000609158707060987,0.0164439487554011,0.0513366370585919,6019.40892181359,0.999869460424073
"Sigma[16,3]",-0.00257552458780239,0.000452679730423945,0.0322122617459066,-0.0700888152368221,-0.0214474718030374,-0.00209978557839311,0.0167720225073643,0.0612657821393505,5063.61108060157,1.00015854913344
"Sigma[16,4]",0.0139565878396246,0.000464832021855254,0.0314499310132234,-0.0475722719003157,-0.0043601057781904,0.0126339537154103,0.0307454440964738,0.0834971495408992,4577.69988833926,0.999553888284646
"Sigma[16,5]",0.015015538422482,0.000482145317251871,0.0333423864844682,-0.0495084925705875,-0.00556948318571976,0.013755358327993,0.0346149323904858,0.08578280515753,4782.30704548627,1.00069558783436
"Sigma[16,6]",0.0261224059156652,0.000462248434417096,0.0247368728706263,-0.0189955445313977,0.0100046943952138,0.0244419618572914,0.040157688269322,0.081136019931223,2863.77370023365,1.00065530388324
"Sigma[16,7]",0.026572589992725,0.000448928928383425,0.0277339211068498,-0.0233517945927657,0.00861107575392078,0.0249758043849963,0.0427376249789775,0.0866473881008565,3816.51846823327,0.999710841420021
"Sigma[16,8]",0.00394154097333771,0.000371413119292487,0.0277491027381218,-0.0528413865604091,-0.0119008963640435,0.00377184877025544,0.0203236077811532,0.0584926055614531,5581.91745017956,0.999748975223659
"Sigma[16,9]",-0.000626675964183194,0.000348041781629492,0.0260221262559871,-0.0547018889948657,-0.0162558962146087,-0.000165605072388658,0.0152717904911712,0.0506256860108297,5590.14139692337,1.00032578368014
"Sigma[16,10]",0.0206281520892929,0.000534452830884615,0.026871297796151,-0.028583470493504,0.00342648192584837,0.0184947995891599,0.0363357567453698,0.0793016128087839,2527.89202819327,1.00044707168374
"Sigma[16,11]",-0.00426087122753638,0.000553157286624485,0.0372972514854937,-0.0840267352896696,-0.0258607998551591,-0.00322389061097912,0.0183310887091891,0.0686119057885087,4546.28212112605,1.00022802118716
"Sigma[16,12]",0.0215654137305605,0.000515544205762013,0.0275100565928489,-0.027919061703696,0.00381819854378881,0.0189844196460294,0.0371747866359731,0.0830462499968415,2847.41748334248,1.00038543667192
"Sigma[16,13]",0.0143023419373955,0.000455783155337301,0.0257355096574876,-0.03286973454521,-0.00170024415120236,0.0121765919973361,0.0292283316984603,0.0706519612863169,3188.22531109974,1.00013170589885
"Sigma[16,14]",0.00989673982011933,0.000595269118750275,0.0412385642109561,-0.0734705457558375,-0.0154766190093215,0.00911382356224655,0.0346819103848319,0.0941408215897016,4799.32727838078,1.00015746505176
"Sigma[16,15]",0.0272449217140809,0.000611171151754476,0.0419439004424611,-0.0508762376240602,0.000907844117007337,0.0248133849696821,0.0520357045168434,0.116374498944247,4709.90269031543,1.00022694088972
"Sigma[16,16]",0.112885285108236,0.00148260256233773,0.0492047165694524,0.0417615184940133,0.0782063013010981,0.104299039977338,0.138175989742622,0.231807790610076,1101.44794324514,1.0022747047971
"Sigma[16,17]",0.0291986983047034,0.000668855696058531,0.0306996807892388,-0.0231942606355252,0.00893805656713105,0.0260707353942467,0.0467249619603463,0.0987047432240239,2106.70079762952,1.00056564686044
"Sigma[16,18]",0.0169459447373607,0.000380930008263948,0.0221968528546716,-0.0249972071297817,0.00315192030715586,0.0155183925815085,0.0292052392237205,0.0655161810151242,3395.41164564993,1.00123661305016
"Sigma[16,19]",0.0121640116480889,0.000386695491509895,0.0243545716157868,-0.033780672459045,-0.00253868885877591,0.0106596040751243,0.0258345473629363,0.0659235479854458,3966.63986826617,1.00108991408652
"Sigma[17,1]",0.020761047060524,0.000531273433353171,0.029182947334068,-0.0335334010605236,0.00200045483572202,0.0186186188077507,0.0378186050829494,0.0830287502668217,3017.3250906312,1.00029577557958
"Sigma[17,2]",0.0156612064937573,0.000556001575245902,0.0350158072962024,-0.0511416863862711,-0.00574877270350224,0.0127919073925253,0.0354036629446699,0.0916198105768234,3966.21491214742,1.00035683647443
"Sigma[17,3]",0.00705322975739794,0.000593251928534984,0.042363272491263,-0.077377520589643,-0.0188122215599642,0.0059656794146659,0.0318504180882093,0.095606517067322,5099.18401986587,1.00010471824115
"Sigma[17,4]",0.0107398945488436,0.000523881204422592,0.039127910211797,-0.0679733566416438,-0.0123196580026805,0.00940594368944617,0.032294080170416,0.0943612788839499,5578.37456290559,1.00004199924834
"Sigma[17,5]",0.0465310923213735,0.00132117764331727,0.0503249254302997,-0.0344419663029332,0.0125922745240406,0.0400063026921946,0.0739783248041144,0.16285273828787,1450.92127211347,1.00021748859686
"Sigma[17,6]",0.0248604718603815,0.000487156775795912,0.0315148868833383,-0.0325735401444031,0.00404344983950311,0.0221962743641878,0.0436346775418071,0.0940400434003179,4184.98600834546,0.999755366304075
"Sigma[17,7]",0.0351890755629489,0.000855927376700036,0.0382837703485325,-0.0311588905332536,0.00964962385983354,0.03177388194785,0.0569387831182407,0.120750861498314,2000.57837425323,1.00039769018669
"Sigma[17,8]",0.00892301888246226,0.000523843940520606,0.0362599963388831,-0.0617968402320378,-0.0124239736127687,0.00742581497451648,0.0294580838410333,0.0863039664347674,4791.281224334,1.0001606210606
"Sigma[17,9]",0.00456256030393329,0.000461890015804149,0.0341736545941273,-0.0639327554184175,-0.0154487765297553,0.00423175812800025,0.0242729419804,0.0750952194637678,5474.011453539,0.999749821022796
"Sigma[17,10]",0.0262185017930038,0.000698327701316098,0.0351371554466741,-0.0385737446391171,0.00351439801454937,0.0234551168070905,0.0468587016298536,0.101703030343904,2531.7140974487,1.00060693335902
"Sigma[17,11]",-0.00252723511609997,0.000720978397322905,0.0491219309207973,-0.10029483602896,-0.0316405370783763,-0.00229133960264779,0.0260987768965616,0.0979856711230074,4642.01303638922,1.00005109697841
"Sigma[17,12]",0.0392355546116598,0.00107363092983396,0.04052243334575,-0.027759021538099,0.0121824944219983,0.0338229061520038,0.0609385947292849,0.136795685948705,1424.56084820613,0.999810501687232
"Sigma[17,13]",0.0304272927086972,0.000924387093431881,0.0362911126758559,-0.0305587797192703,0.00571721983587194,0.0260379028657875,0.0506075167488936,0.111983241665465,1541.32002665719,1.00029280014342
"Sigma[17,14]",0.025850441907863,0.00101320501298121,0.0588000428707943,-0.082286443070076,-0.0101282482961419,0.0220049014760409,0.0586596248701184,0.154789597795192,3367.91115005332,1.00098143863419
"Sigma[17,15]",0.0407123798688919,0.00119421263906152,0.0582443296762558,-0.0638388021858893,0.00331050191779156,0.0354659320754285,0.0750205067995148,0.167913927666487,2378.72357227289,1.00082299260012
"Sigma[17,16]",0.0291986983047034,0.000668855696058531,0.0306996807892388,-0.0231942606355252,0.00893805656713105,0.0260707353942467,0.0467249619603463,0.0987047432240239,2106.70079762952,1.00056564686044
"Sigma[17,17]",0.180703521335614,0.00258818451342726,0.0874331573569581,0.0471032516377544,0.120676233166269,0.167739101949117,0.225897092337141,0.389904675787949,1141.20024189697,1.00064191273402
"Sigma[17,18]",0.0201897689543022,0.000537097288122774,0.0294560192258468,-0.0333263918483966,0.00131540056284456,0.0176394626228919,0.0366279827887229,0.0850051614780446,3007.75314866325,1.00144924435176
"Sigma[17,19]",0.0207501593603903,0.000496744849412839,0.0323333459069482,-0.0394902926419131,0.000514902064411489,0.018614504229362,0.0394538875552112,0.0900684365504041,4236.76671356378,1.00005291510914
"Sigma[18,1]",0.0186770009484126,0.000395787382014985,0.0217535887551037,-0.0215760726836666,0.00493928893953022,0.0171268189584053,0.0309455366241789,0.0657933613700318,3020.91105996482,1.00050577141702
"Sigma[18,2]",0.00690028805423715,0.000332805881751948,0.0259046633670551,-0.0452489728214204,-0.00807658391219719,0.00632775123048994,0.0216725374988588,0.0609666152513308,6058.62286886131,0.999755064992708
"Sigma[18,3]",0.0180945535236845,0.00044294887854882,0.0318252036162401,-0.0423033399908597,-0.00146176681075146,0.0168765242190811,0.0363748409543008,0.0871979440303641,5162.20407013617,0.99991284487326
"Sigma[18,4]",0.0152657935946133,0.000497077306239541,0.0309688024737224,-0.0398853284744328,-0.00304912322814449,0.0132451533996197,0.0321245276752055,0.0847779659580777,3881.51216652373,0.999962544749968
"Sigma[18,5]",0.0297511346190477,0.000641465552407809,0.0341769646706259,-0.032218163560503,0.00755125867508572,0.0268326059165071,0.0489134701017589,0.104857104109832,2838.70524834596,0.999982062512939
"Sigma[18,6]",0.0221791245271149,0.000389136235020924,0.023563086048685,-0.0221941809875109,0.00752683443594042,0.0208414741006066,0.0357668611710125,0.0718261353665019,3666.57854708172,1.00103227222569
"Sigma[18,7]",0.0304143882816867,0.000577982867750905,0.0289630223234818,-0.0188041964693983,0.0119256088257097,0.0277456441309392,0.0465358970090655,0.0952959496736205,2511.06426138255,1.00010964163313
"Sigma[18,8]",0.00418933466532839,0.000379473379081245,0.0270240244851159,-0.0506906170974988,-0.0117845658387014,0.00379003699291174,0.0196424338577748,0.0608781495366773,5071.51159004572,1.0006541944925
"Sigma[18,9]",0.016136326423231,0.000397614221563096,0.0257047768875852,-0.0323089479263754,9.93667153882925e-05,0.0149898463828106,0.0308112188275233,0.0708484821284026,4179.30299548879,0.99958770755567
"Sigma[18,10]",0.0156492943143678,0.000370712704399187,0.025207220658058,-0.0324606973401439,-0.000562012857636354,0.0145439376633076,0.0307030864575761,0.0679605540939259,4623.54391469084,1.00053110936639
"Sigma[18,11]",0.00742719481485016,0.000485675400370012,0.0359147962753041,-0.0668661685012486,-0.0136254769569237,0.00725116797620343,0.0286191136624442,0.0818193013587867,5468.32855876253,1.0001406248824
"Sigma[18,12]",0.0195825389161113,0.000393982121703212,0.0260849664727127,-0.0303468936168261,0.00395559362613289,0.0180680185629599,0.0344214136554529,0.074857953795913,4383.56586478865,0.999901839982661
"Sigma[18,13]",0.0133795066196071,0.000362456722533213,0.0248279846916635,-0.0354346382776057,-0.00158545491630154,0.01259308561468,0.0278267825204097,0.065705579893873,4692.13630475627,0.999756266027852
"Sigma[18,14]",0.00578221695642759,0.000628142033360458,0.0407466243656628,-0.0748538284071678,-0.0183589981397042,0.00516858237781544,0.0289346977899024,0.0903675605028796,4207.92082056795,0.999635398235362
"Sigma[18,15]",0.0244982451389416,0.000615689987507062,0.0408091244356669,-0.0530301211590605,-0.000327280830643076,0.02216438170381,0.0486070822247201,0.111345368047264,4393.29505883015,1.00053219449204
"Sigma[18,16]",0.0169459447373607,0.000380930008263948,0.0221968528546716,-0.0249972071297817,0.00315192030715586,0.0155183925815085,0.0292052392237205,0.0655161810151242,3395.41164564993,1.00123661305016
"Sigma[18,17]",0.0201897689543022,0.000537097288122774,0.0294560192258468,-0.0333263918483966,0.00131540056284456,0.0176394626228919,0.0366279827887229,0.0850051614780446,3007.75314866325,1.00144924435176
"Sigma[18,18]",0.102426670658258,0.00130843829855405,0.0465341057077368,0.0357025033130125,0.0701547058930141,0.0939119870552062,0.125926187156432,0.217948462705751,1264.84191448747,1.00118849723809
"Sigma[18,19]",0.0152359328359971,0.000378088989726213,0.0239631906472661,-0.0295466246833079,0.000526707773136641,0.0144187967696106,0.0292785959539654,0.0662594140074891,4016.99438660435,0.99974496531053
"Sigma[19,1]",0.011144017772192,0.000364145251426326,0.0243770648729478,-0.0344159261611984,-0.00384325219748028,0.00984419260048255,0.0252202913019435,0.064172454474063,4481.39808463561,1.00081969935842
"Sigma[19,2]",0.0147814623797284,0.000534540166902362,0.0299357438165636,-0.0398739399833192,-0.0038584814350637,0.012735215582243,0.0314970946576382,0.0817973763149643,3136.31313796814,1.00016136879622
"Sigma[19,3]",0.0314655694436413,0.000488471680021341,0.0353711817797369,-0.0340869916945377,0.00874088621994409,0.0295660429877661,0.0527511314918869,0.105908870103875,5243.48899358651,0.999832961988585
"Sigma[19,4]",0.0116101790612868,0.000473803222617157,0.0322590812342732,-0.0520587630366516,-0.00762031560371695,0.0106222748946392,0.0300851132645873,0.079288967625752,4635.62149229508,0.999596741914187
"Sigma[19,5]",0.0337612016391007,0.00063487124146696,0.03852893883718,-0.0351707534101133,0.00939289473797931,0.0312323553267094,0.0556080297452216,0.116611379997109,3683.0090514963,0.999872506562491
"Sigma[19,6]",0.0170041881223994,0.000374251299441871,0.0266604071038785,-0.0336618985473607,0.000565269805360204,0.0155920148463983,0.0322988126823632,0.0751819418147518,5074.65964596045,0.999954523761263
"Sigma[19,7]",0.00766596161604604,0.000393052898764169,0.0296824069040082,-0.0528323889382392,-0.00978825796380098,0.00766781427614737,0.0257892463151304,0.0659701966291975,5702.90610999147,0.999914979756552
"Sigma[19,8]",0.00288716964128879,0.000417364882721033,0.0306592534653706,-0.0584636731596945,-0.014925357300013,0.00236743582811517,0.0205915987415037,0.0657888713687694,5396.24106567197,1.00035095470122
"Sigma[19,9]",-0.007770156041609,0.000412545977710734,0.029391499504852,-0.0687979973187321,-0.0249784106694267,-0.00714486501576324,0.00999709188737971,0.050017475394059,5075.73304936197,0.999773454383254
"Sigma[19,10]",0.0314808087847461,0.000723489462742801,0.0314917652206877,-0.0229502275646812,0.010921076777457,0.0285449268677074,0.0492746867242079,0.102786935501848,1894.65259735098,1.00116175250867
"Sigma[19,11]",0.00139800828401079,0.000578425279414071,0.0415687519549926,-0.0844630393129985,-0.0230101382544059,0.00195321795003685,0.0268745335379502,0.0845371837585546,5164.63270545307,1.00033083819328
"Sigma[19,12]",0.0177041540490781,0.000457602993130401,0.0290355295600409,-0.0371937383258158,-0.000305195845011831,0.0167604761557172,0.0345835613538869,0.0789857120897056,4026.07433870541,1.0000028827757
"Sigma[19,13]",0.0102134772973588,0.000394251035549655,0.026997101233516,-0.0425653521665519,-0.0062594676948196,0.00914863645101335,0.025956524160158,0.0671333745569013,4689.09017488251,0.999865057781622
"Sigma[19,14]",0.020354073295632,0.000754682097270994,0.0502773404917784,-0.0742195980872896,-0.00995131302879355,0.0181231417989746,0.0485116786219073,0.129663548355776,4438.2984055382,0.999968244774275
"Sigma[19,15]",0.0507932424354656,0.00116424658111893,0.0504618989917577,-0.0368933352245978,0.0171030588140523,0.0456831600950277,0.0802853570630482,0.161316686402646,1878.61262801744,1.00025961985925
"Sigma[19,16]",0.0121640116480889,0.000386695491509895,0.0243545716157868,-0.033780672459045,-0.00253868885877591,0.0106596040751243,0.0258345473629363,0.0659235479854458,3966.63986826617,1.00108991408652
"Sigma[19,17]",0.0207501593603903,0.000496744849412839,0.0323333459069482,-0.0394902926419131,0.000514902064411489,0.018614504229362,0.0394538875552112,0.0900684365504041,4236.76671356378,1.00005291510914
"Sigma[19,18]",0.0152359328359971,0.000378088989726213,0.0239631906472661,-0.0295466246833079,0.000526707773136641,0.0144187967696106,0.0292785959539654,0.0662594140074891,4016.99438660435,0.99974496531053
"Sigma[19,19]",0.141355379783036,0.0019274898388773,0.0609102046736741,0.0537870181179925,0.0990542691318333,0.130517825326223,0.17239838936482,0.291982620249199,998.610028572596,1.00036398090591
"N_sim[1]",0,NA,0,0,0,0,0,0,NA,NA
"N_sim[2]",0,NA,0,0,0,0,0,0,NA,NA
"N_sim[3]",0,NA,0,0,0,0,0,0,NA,NA
"N_sim[4]",0,NA,0,0,0,0,0,0,NA,NA
"N_sim[5]",0,NA,0,0,0,0,0,0,NA,NA
"N_sim[6]",0,NA,0,0,0,0,0,0,NA,NA
"N_sim[7]",0,NA,0,0,0,0,0,0,NA,NA
"N_sim[8]",0,NA,0,0,0,0,0,0,NA,NA
"N_sim[9]",0,NA,0,0,0,0,0,0,NA,NA
"N_sim[10]",0,NA,0,0,0,0,0,0,NA,NA
"N_sim[11]",0,NA,0,0,0,0,0,0,NA,NA
"N_sim[12]",0,NA,0,0,0,0,0,0,NA,NA
"N_sim[13]",0,NA,0,0,0,0,0,0,NA,NA
"N_sim[14]",0,NA,0,0,0,0,0,0,NA,NA
"N_sim[15]",0,NA,0,0,0,0,0,0,NA,NA
"N_sim[16]",0,NA,0,0,0,0,0,0,NA,NA
"N_sim[17]",0,NA,0,0,0,0,0,0,NA,NA
"N_sim[18]",0,NA,0,0,0,0,0,0,NA,NA
"N_sim[19]",0,NA,0,0,0,0,0,0,NA,NA
"N_sim[20]",0,NA,0,0,0,0,0,0,NA,NA
"N_sim[21]",0,NA,0,0,0,0,0,0,NA,NA
"N_sim[22]",0,NA,0,0,0,0,0,0,NA,NA
"N_sim[23]",0,NA,0,0,0,0,0,0,NA,NA
"N_sim[24]",0,NA,0,0,0,0,0,0,NA,NA
"N_sim[25]",0,NA,0,0,0,0,0,0,NA,NA
"N_sim[26]",0,NA,0,0,0,0,0,0,NA,NA
"N_sim[27]",0,NA,0,0,0,0,0,0,NA,NA
"N_sim[28]",0,NA,0,0,0,0,0,0,NA,NA
"N_sim[29]",0,NA,0,0,0,0,0,0,NA,NA
"N_sim[30]",0,NA,0,0,0,0,0,0,NA,NA
"N_sim[31]",0,NA,0,0,0,0,0,0,NA,NA
"N_sim[32]",0,NA,0,0,0,0,0,0,NA,NA
"N_sim[33]",0,NA,0,0,0,0,0,0,NA,NA
"N_sim[34]",0,NA,0,0,0,0,0,0,NA,NA
"N_sim[35]",0,NA,0,0,0,0,0,0,NA,NA
"N_sim[36]",0,NA,0,0,0,0,0,0,NA,NA
"N_sim[37]",0,NA,0,0,0,0,0,0,NA,NA
"N_sim[38]",0,NA,0,0,0,0,0,0,NA,NA
"N_sim[39]",0,NA,0,0,0,0,0,0,NA,NA
"N_sim[40]",0,NA,0,0,0,0,0,0,NA,NA
"N_sim[41]",0,NA,0,0,0,0,0,0,NA,NA
"N_sim[42]",0,NA,0,0,0,0,0,0,NA,NA
"N_sim[43]",0,NA,0,0,0,0,0,0,NA,NA
"N_sim[44]",0,NA,0,0,0,0,0,0,NA,NA
"N_sim[45]",0,NA,0,0,0,0,0,0,NA,NA
"N_sim[46]",0,NA,0,0,0,0,0,0,NA,NA
"N_sim[47]",0,NA,0,0,0,0,0,0,NA,NA
"N_sim[48]",0,NA,0,0,0,0,0,0,NA,NA
"N_sim[49]",0,NA,0,0,0,0,0,0,NA,NA
"N_sim[50]",0,NA,0,0,0,0,0,0,NA,NA
"N_sim[51]",0,NA,0,0,0,0,0,0,NA,NA
"N_sim[52]",0,NA,0,0,0,0,0,0,NA,NA
"N_sim[53]",0,NA,0,0,0,0,0,0,NA,NA
"N_sim[54]",0,NA,0,0,0,0,0,0,NA,NA
"N_sim[55]",0,NA,0,0,0,0,0,0,NA,NA
"N_sim[56]",0,NA,0,0,0,0,0,0,NA,NA
"N_sim[57]",0,NA,0,0,0,0,0,0,NA,NA
"N_sim[58]",0,NA,0,0,0,0,0,0,NA,NA
"N_sim[59]",0,NA,0,0,0,0,0,0,NA,NA
"N_sim[60]",0,NA,0,0,0,0,0,0,NA,NA
"N_sim[61]",0,NA,0,0,0,0,0,0,NA,NA
"N_sim[62]",0,NA,0,0,0,0,0,0,NA,NA
"N_sim[63]",0,NA,0,0,0,0,0,0,NA,NA
"N_sim[64]",0,NA,0,0,0,0,0,0,NA,NA
"N_sim[65]",0,NA,0,0,0,0,0,0,NA,NA
"N_sim[66]",0,NA,0,0,0,0,0,0,NA,NA
"N_sim[67]",0,NA,0,0,0,0,0,0,NA,NA
"N_sim[68]",0,NA,0,0,0,0,0,0,NA,NA
"N_sim[69]",0,NA,0,0,0,0,0,0,NA,NA
"N_sim[70]",0,NA,0,0,0,0,0,0,NA,NA
"N_sim[71]",0,NA,0,0,0,0,0,0,NA,NA
"N_sim[72]",0,NA,0,0,0,0,0,0,NA,NA
"N_sim[73]",0,NA,0,0,0,0,0,0,NA,NA
"N_sim[74]",0,NA,0,0,0,0,0,0,NA,NA
"N_sim[75]",0,NA,0,0,0,0,0,0,NA,NA
"N_sim[76]",0,NA,0,0,0,0,0,0,NA,NA
"N_sim[77]",0,NA,0,0,0,0,0,0,NA,NA
"N_sim[78]",0,NA,0,0,0,0,0,0,NA,NA
"N_sim[79]",0,NA,0,0,0,0,0,0,NA,NA
"N_sim[80]",0,NA,0,0,0,0,0,0,NA,NA
"N_sim[81]",0,NA,0,0,0,0,0,0,NA,NA
"N_sim[82]",0,NA,0,0,0,0,0,0,NA,NA
"N_sim[83]",0,NA,0,0,0,0,0,0,NA,NA
"N_sim[84]",0,NA,0,0,0,0,0,0,NA,NA
"N_sim[85]",0,NA,0,0,0,0,0,0,NA,NA
"N_sim[86]",0,NA,0,0,0,0,0,0,NA,NA
"N_sim[87]",0,NA,0,0,0,0,0,0,NA,NA
"N_sim[88]",0,NA,0,0,0,0,0,0,NA,NA
"N_sim[89]",0,NA,0,0,0,0,0,0,NA,NA
"N_sim[90]",0,NA,0,0,0,0,0,0,NA,NA
"N_sim[91]",0,NA,0,0,0,0,0,0,NA,NA
"N_sim[92]",0,NA,0,0,0,0,0,0,NA,NA
"N_sim[93]",0,NA,0,0,0,0,0,0,NA,NA
"N_sim[94]",0,NA,0,0,0,0,0,0,NA,NA
"N_sim[95]",0,NA,0,0,0,0,0,0,NA,NA
"N_sim[96]",0,NA,0,0,0,0,0,0,NA,NA
"N_sim[97]",0,NA,0,0,0,0,0,0,NA,NA
"N_sim[98]",0,NA,0,0,0,0,0,0,NA,NA
"N_sim[99]",0,NA,0,0,0,0,0,0,NA,NA
"N_sim[100]",0,NA,0,0,0,0,0,0,NA,NA
"N_sim[101]",0,NA,0,0,0,0,0,0,NA,NA
"N_sim[102]",0,NA,0,0,0,0,0,0,NA,NA
"N_sim[103]",0,NA,0,0,0,0,0,0,NA,NA
"N_sim[104]",0,NA,0,0,0,0,0,0,NA,NA
"N_sim[105]",0,NA,0,0,0,0,0,0,NA,NA
"N_sim[106]",0,NA,0,0,0,0,0,0,NA,NA
"N_sim[107]",0,NA,0,0,0,0,0,0,NA,NA
"N_sim[108]",0,NA,0,0,0,0,0,0,NA,NA
"N_sim[109]",0,NA,0,0,0,0,0,0,NA,NA
"N_sim[110]",0,NA,0,0,0,0,0,0,NA,NA
"N_sim[111]",0,NA,0,0,0,0,0,0,NA,NA
"N_sim[112]",0,NA,0,0,0,0,0,0,NA,NA
"N_sim[113]",0,NA,0,0,0,0,0,0,NA,NA
"N_sim[114]",0,NA,0,0,0,0,0,0,NA,NA
"N_sim[115]",0,NA,0,0,0,0,0,0,NA,NA
"N_sim[116]",0,NA,0,0,0,0,0,0,NA,NA
"N_sim[117]",0,NA,0,0,0,0,0,0,NA,NA
"N_sim[118]",0,NA,0,0,0,0,0,0,NA,NA
"N_sim[119]",0,NA,0,0,0,0,0,0,NA,NA
"N_sim[120]",0,NA,0,0,0,0,0,0,NA,NA
"N_sim[121]",0,NA,0,0,0,0,0,0,NA,NA
"N_sim[122]",0,NA,0,0,0,0,0,0,NA,NA
"N_sim[123]",0,NA,0,0,0,0,0,0,NA,NA
"N_sim[124]",0,NA,0,0,0,0,0,0,NA,NA
"N_sim[125]",0,NA,0,0,0,0,0,0,NA,NA
"N_sim[126]",0,NA,0,0,0,0,0,0,NA,NA
"N_sim[127]",0,NA,0,0,0,0,0,0,NA,NA
"N_sim[128]",0,NA,0,0,0,0,0,0,NA,NA
"N_sim[129]",0,NA,0,0,0,0,0,0,NA,NA
"N_sim[130]",0,NA,0,0,0,0,0,0,NA,NA
"N_sim[131]",0,NA,0,0,0,0,0,0,NA,NA
"N_sim[132]",0,NA,0,0,0,0,0,0,NA,NA
"N_sim[133]",0,NA,0,0,0,0,0,0,NA,NA
"N_sim[134]",0,NA,0,0,0,0,0,0,NA,NA
"N_sim[135]",0,NA,0,0,0,0,0,0,NA,NA
"N_sim[136]",0,NA,0,0,0,0,0,0,NA,NA
"N_sim[137]",0,NA,0,0,0,0,0,0,NA,NA
"N_sim[138]",0,NA,0,0,0,0,0,0,NA,NA
"N_sim[139]",0,NA,0,0,0,0,0,0,NA,NA
"N_sim[140]",0,NA,0,0,0,0,0,0,NA,NA
"N_sim[141]",0,NA,0,0,0,0,0,0,NA,NA
"N_sim[142]",0,NA,0,0,0,0,0,0,NA,NA
"N_sim[143]",0,NA,0,0,0,0,0,0,NA,NA
"N_sim[144]",0,NA,0,0,0,0,0,0,NA,NA
"N_sim[145]",0,NA,0,0,0,0,0,0,NA,NA
"N_sim[146]",0,NA,0,0,0,0,0,0,NA,NA
"N_sim[147]",0,NA,0,0,0,0,0,0,NA,NA
"N_sim[148]",0,NA,0,0,0,0,0,0,NA,NA
"N_sim[149]",0,NA,0,0,0,0,0,0,NA,NA
"N_sim[150]",0,NA,0,0,0,0,0,0,NA,NA
"N_sim[151]",0,NA,0,0,0,0,0,0,NA,NA
"N_sim[152]",0,NA,0,0,0,0,0,0,NA,NA
"N_sim[153]",0,NA,0,0,0,0,0,0,NA,NA
"N_sim[154]",0,NA,0,0,0,0,0,0,NA,NA
"N_sim[155]",0,NA,0,0,0,0,0,0,NA,NA
"N_sim[156]",0,NA,0,0,0,0,0,0,NA,NA
"N_sim[157]",0,NA,0,0,0,0,0,0,NA,NA
"N_sim[158]",0,NA,0,0,0,0,0,0,NA,NA
"N_sim[159]",0,NA,0,0,0,0,0,0,NA,NA
"N_sim[160]",0,NA,0,0,0,0,0,0,NA,NA
"N_sim[161]",0,NA,0,0,0,0,0,0,NA,NA
"N_sim[162]",0,NA,0,0,0,0,0,0,NA,NA
"N_sim[163]",0,NA,0,0,0,0,0,0,NA,NA
"N_sim[164]",0,NA,0,0,0,0,0,0,NA,NA
"N_sim[165]",0,NA,0,0,0,0,0,0,NA,NA
"N_sim[166]",0,NA,0,0,0,0,0,0,NA,NA
"N_sim[167]",0,NA,0,0,0,0,0,0,NA,NA
"N_sim[168]",0,NA,0,0,0,0,0,0,NA,NA
"N_sim[169]",0,NA,0,0,0,0,0,0,NA,NA
"N_sim[170]",0,NA,0,0,0,0,0,0,NA,NA
"N_sim[171]",0,NA,0,0,0,0,0,0,NA,NA
"N_sim[172]",0,NA,0,0,0,0,0,0,NA,NA
"N_sim[173]",0,NA,0,0,0,0,0,0,NA,NA
"N_sim[174]",0,NA,0,0,0,0,0,0,NA,NA
"N_sim[175]",0,NA,0,0,0,0,0,0,NA,NA
"N_sim[176]",0,NA,0,0,0,0,0,0,NA,NA
"N_sim[177]",0,NA,0,0,0,0,0,0,NA,NA
"N_sim[178]",0,NA,0,0,0,0,0,0,NA,NA
"N_sim[179]",0,NA,0,0,0,0,0,0,NA,NA
"N_sim[180]",0,NA,0,0,0,0,0,0,NA,NA
"N_sim[181]",0,NA,0,0,0,0,0,0,NA,NA
"N_sim[182]",0,NA,0,0,0,0,0,0,NA,NA
"N_sim[183]",0,NA,0,0,0,0,0,0,NA,NA
"N_sim[184]",0,NA,0,0,0,0,0,0,NA,NA
"N_sim[185]",0,NA,0,0,0,0,0,0,NA,NA
"N_sim[186]",0,NA,0,0,0,0,0,0,NA,NA
"N_sim[187]",0,NA,0,0,0,0,0,0,NA,NA
"N_sim[188]",0,NA,0,0,0,0,0,0,NA,NA
"N_sim[189]",0,NA,0,0,0,0,0,0,NA,NA
"N_sim[190]",0,NA,0,0,0,0,0,0,NA,NA
"N_sim[191]",0,NA,0,0,0,0,0,0,NA,NA
"N_sim[192]",0,NA,0,0,0,0,0,0,NA,NA
"N_sim[193]",0,NA,0,0,0,0,0,0,NA,NA
"N_sim[194]",0,NA,0,0,0,0,0,0,NA,NA
"N_sim[195]",0,NA,0,0,0,0,0,0,NA,NA
"N_sim[196]",0,NA,0,0,0,0,0,0,NA,NA
"N_sim[197]",0,NA,0,0,0,0,0,0,NA,NA
"N_sim[198]",0,NA,0,0,0,0,0,0,NA,NA
"N_sim[199]",0,NA,0,0,0,0,0,0,NA,NA
"N_sim[200]",0,NA,0,0,0,0,0,0,NA,NA
"N_sim[201]",0,NA,0,0,0,0,0,0,NA,NA
"N_sim[202]",0,NA,0,0,0,0,0,0,NA,NA
"N_sim[203]",0,NA,0,0,0,0,0,0,NA,NA
"N_sim[204]",0,NA,0,0,0,0,0,0,NA,NA
"N_sim[205]",0,NA,0,0,0,0,0,0,NA,NA
"N_sim[206]",0,NA,0,0,0,0,0,0,NA,NA
"N_sim[207]",0,NA,0,0,0,0,0,0,NA,NA
"N_sim[208]",0,NA,0,0,0,0,0,0,NA,NA
"N_sim[209]",0,NA,0,0,0,0,0,0,NA,NA
"N_sim[210]",0,NA,0,0,0,0,0,0,NA,NA
"N_sim[211]",0,NA,0,0,0,0,0,0,NA,NA
"N_sim[212]",0,NA,0,0,0,0,0,0,NA,NA
"N_sim[213]",0,NA,0,0,0,0,0,0,NA,NA
"N_sim[214]",0,NA,0,0,0,0,0,0,NA,NA
"N_sim[215]",0,NA,0,0,0,0,0,0,NA,NA
"N_sim[216]",0,NA,0,0,0,0,0,0,NA,NA
"N_sim[217]",0,NA,0,0,0,0,0,0,NA,NA
"N_sim[218]",0,NA,0,0,0,0,0,0,NA,NA
"N_sim[219]",0,NA,0,0,0,0,0,0,NA,NA
"N_sim[220]",0,NA,0,0,0,0,0,0,NA,NA
"N_sim[221]",0,NA,0,0,0,0,0,0,NA,NA
"N_sim[222]",0,NA,0,0,0,0,0,0,NA,NA
"N_sim[223]",0,NA,0,0,0,0,0,0,NA,NA
"N_sim[224]",0,NA,0,0,0,0,0,0,NA,NA
"N_sim[225]",0,NA,0,0,0,0,0,0,NA,NA
"N_sim[226]",0,NA,0,0,0,0,0,0,NA,NA
"N_sim[227]",0,NA,0,0,0,0,0,0,NA,NA
"N_sim[228]",0,NA,0,0,0,0,0,0,NA,NA
"N_sim[229]",0,NA,0,0,0,0,0,0,NA,NA
"N_sim[230]",0,NA,0,0,0,0,0,0,NA,NA
"N_sim[231]",0,NA,0,0,0,0,0,0,NA,NA
"N_sim[232]",0,NA,0,0,0,0,0,0,NA,NA
"N_sim[233]",0,NA,0,0,0,0,0,0,NA,NA
"N_sim[234]",0,NA,0,0,0,0,0,0,NA,NA
"N_sim[235]",0,NA,0,0,0,0,0,0,NA,NA
"N_sim[236]",0,NA,0,0,0,0,0,0,NA,NA
"N_sim[237]",0,NA,0,0,0,0,0,0,NA,NA
"N_sim[238]",0,NA,0,0,0,0,0,0,NA,NA
"N_sim[239]",0,NA,0,0,0,0,0,0,NA,NA
"N_sim[240]",0,NA,0,0,0,0,0,0,NA,NA
"N_sim[241]",0,NA,0,0,0,0,0,0,NA,NA
"N_sim[242]",0,NA,0,0,0,0,0,0,NA,NA
"N_sim[243]",0,NA,0,0,0,0,0,0,NA,NA
"N_sim[244]",0,NA,0,0,0,0,0,0,NA,NA
"N_sim[245]",0,NA,0,0,0,0,0,0,NA,NA
"N_sim[246]",0,NA,0,0,0,0,0,0,NA,NA
"N_sim[247]",0,NA,0,0,0,0,0,0,NA,NA
"N_sim[248]",0,NA,0,0,0,0,0,0,NA,NA
"N_sim[249]",0,NA,0,0,0,0,0,0,NA,NA
"N_sim[250]",0,NA,0,0,0,0,0,0,NA,NA
"N_sim[251]",0,NA,0,0,0,0,0,0,NA,NA
"N_sim[252]",0,NA,0,0,0,0,0,0,NA,NA
"N_sim[253]",0,NA,0,0,0,0,0,0,NA,NA
"N_sim[254]",0,NA,0,0,0,0,0,0,NA,NA
"N_sim[255]",0,NA,0,0,0,0,0,0,NA,NA
"N_sim[256]",0,NA,0,0,0,0,0,0,NA,NA
"N_sim[257]",0,NA,0,0,0,0,0,0,NA,NA
"N_sim[258]",0,NA,0,0,0,0,0,0,NA,NA
"N_sim[259]",0,NA,0,0,0,0,0,0,NA,NA
"N_sim[260]",0,NA,0,0,0,0,0,0,NA,NA
"N_sim[261]",0,NA,0,0,0,0,0,0,NA,NA
"N_sim[262]",0,NA,0,0,0,0,0,0,NA,NA
"N_sim[263]",0,NA,0,0,0,0,0,0,NA,NA
"N_sim[264]",0,NA,0,0,0,0,0,0,NA,NA
"N_sim[265]",0,NA,0,0,0,0,0,0,NA,NA
"N_sim[266]",0,NA,0,0,0,0,0,0,NA,NA
"N_sim[267]",0,NA,0,0,0,0,0,0,NA,NA
"N_sim[268]",0,NA,0,0,0,0,0,0,NA,NA
"N_sim[269]",0,NA,0,0,0,0,0,0,NA,NA
"N_sim[270]",0,NA,0,0,0,0,0,0,NA,NA
"N_sim[271]",0,NA,0,0,0,0,0,0,NA,NA
"N_sim[272]",0,NA,0,0,0,0,0,0,NA,NA
"N_sim[273]",0,NA,0,0,0,0,0,0,NA,NA
"N_sim[274]",0,NA,0,0,0,0,0,0,NA,NA
"N_sim[275]",0,NA,0,0,0,0,0,0,NA,NA
"N_sim[276]",0,NA,0,0,0,0,0,0,NA,NA
"N_sim[277]",0,NA,0,0,0,0,0,0,NA,NA
"N_sim[278]",0,NA,0,0,0,0,0,0,NA,NA
"N_sim[279]",0,NA,0,0,0,0,0,0,NA,NA
"N_sim[280]",0,NA,0,0,0,0,0,0,NA,NA
"N_sim[281]",0,NA,0,0,0,0,0,0,NA,NA
"N_sim[282]",0,NA,0,0,0,0,0,0,NA,NA
"N_sim[283]",0,NA,0,0,0,0,0,0,NA,NA
"N_sim[284]",0,NA,0,0,0,0,0,0,NA,NA
"N_sim[285]",0,NA,0,0,0,0,0,0,NA,NA
"N_sim[286]",0,NA,0,0,0,0,0,0,NA,NA
"N_sim[287]",0,NA,0,0,0,0,0,0,NA,NA
"N_sim[288]",0,NA,0,0,0,0,0,0,NA,NA
"N_sim[289]",0,NA,0,0,0,0,0,0,NA,NA
"N_sim[290]",0,NA,0,0,0,0,0,0,NA,NA
"N_sim[291]",0,NA,0,0,0,0,0,0,NA,NA
"N_sim[292]",0,NA,0,0,0,0,0,0,NA,NA
"N_sim[293]",0,NA,0,0,0,0,0,0,NA,NA
"N_sim[294]",0,NA,0,0,0,0,0,0,NA,NA
"N_sim[295]",0,NA,0,0,0,0,0,0,NA,NA
"N_sim[296]",0,NA,0,0,0,0,0,0,NA,NA
"N_sim[297]",0,NA,0,0,0,0,0,0,NA,NA
"N_sim[298]",0,NA,0,0,0,0,0,0,NA,NA
"N_sim[299]",0,NA,0,0,0,0,0,0,NA,NA
"N_sim[300]",0,NA,0,0,0,0,0,0,NA,NA
"N_sim[301]",0,NA,0,0,0,0,0,0,NA,NA
"N_sim[302]",0,NA,0,0,0,0,0,0,NA,NA
"N_sim[303]",0,NA,0,0,0,0,0,0,NA,NA
"N_sim[304]",0,NA,0,0,0,0,0,0,NA,NA
"N_sim[305]",0,NA,0,0,0,0,0,0,NA,NA
"N_sim[306]",0,NA,0,0,0,0,0,0,NA,NA
"N_sim[307]",0,NA,0,0,0,0,0,0,NA,NA
"N_sim[308]",0,NA,0,0,0,0,0,0,NA,NA
"N_sim[309]",0,NA,0,0,0,0,0,0,NA,NA
"N_sim[310]",0,NA,0,0,0,0,0,0,NA,NA
"N_sim[311]",0,NA,0,0,0,0,0,0,NA,NA
"N_sim[312]",0,NA,0,0,0,0,0,0,NA,NA
"N_sim[313]",0,NA,0,0,0,0,0,0,NA,NA
"N_sim[314]",0,NA,0,0,0,0,0,0,NA,NA
"N_sim[315]",0,NA,0,0,0,0,0,0,NA,NA
"N_sim[316]",0,NA,0,0,0,0,0,0,NA,NA
"N_sim[317]",0,NA,0,0,0,0,0,0,NA,NA
"N_sim[318]",0,NA,0,0,0,0,0,0,NA,NA
"N_sim[319]",0,NA,0,0,0,0,0,0,NA,NA
"N_sim[320]",0,NA,0,0,0,0,0,0,NA,NA
"N_sim[321]",0,NA,0,0,0,0,0,0,NA,NA
"N_sim[322]",0,NA,0,0,0,0,0,0,NA,NA
"N_sim[323]",0,NA,0,0,0,0,0,0,NA,NA
"N_sim[324]",0,NA,0,0,0,0,0,0,NA,NA
"N_sim[325]",0,NA,0,0,0,0,0,0,NA,NA
"N_sim[326]",0,NA,0,0,0,0,0,0,NA,NA
"N_sim[327]",0,NA,0,0,0,0,0,0,NA,NA
"N_sim[328]",0,NA,0,0,0,0,0,0,NA,NA
"N_sim[329]",0,NA,0,0,0,0,0,0,NA,NA
"N_sim[330]",0,NA,0,0,0,0,0,0,NA,NA
"N_sim[331]",0,NA,0,0,0,0,0,0,NA,NA
"N_sim[332]",0,NA,0,0,0,0,0,0,NA,NA
"N_sim[333]",0,NA,0,0,0,0,0,0,NA,NA
"N_sim[334]",0,NA,0,0,0,0,0,0,NA,NA
"N_sim[335]",0,NA,0,0,0,0,0,0,NA,NA
"N_sim[336]",0,NA,0,0,0,0,0,0,NA,NA
"N_sim[337]",0,NA,0,0,0,0,0,0,NA,NA
"N_sim[338]",0,NA,0,0,0,0,0,0,NA,NA
"N_sim[339]",0,NA,0,0,0,0,0,0,NA,NA
"N_sim[340]",0,NA,0,0,0,0,0,0,NA,NA
"N_sim[341]",0,NA,0,0,0,0,0,0,NA,NA
"N_sim[342]",0,NA,0,0,0,0,0,0,NA,NA
"N_sim[343]",0,NA,0,0,0,0,0,0,NA,NA
"N_sim[344]",0,NA,0,0,0,0,0,0,NA,NA
"N_sim[345]",0,NA,0,0,0,0,0,0,NA,NA
"N_sim[346]",0,NA,0,0,0,0,0,0,NA,NA
"N_sim[347]",0,NA,0,0,0,0,0,0,NA,NA
"N_sim[348]",0,NA,0,0,0,0,0,0,NA,NA
"N_sim[349]",0,NA,0,0,0,0,0,0,NA,NA
"N_sim[350]",0,NA,0,0,0,0,0,0,NA,NA
"N_sim[351]",0,NA,0,0,0,0,0,0,NA,NA
"N_sim[352]",0,NA,0,0,0,0,0,0,NA,NA
"N_sim[353]",0,NA,0,0,0,0,0,0,NA,NA
"N_sim[354]",0,NA,0,0,0,0,0,0,NA,NA
"N_sim[355]",0,NA,0,0,0,0,0,0,NA,NA
"N_sim[356]",0,NA,0,0,0,0,0,0,NA,NA
"N_sim[357]",0,NA,0,0,0,0,0,0,NA,NA
"N_sim[358]",0,NA,0,0,0,0,0,0,NA,NA
"N_sim[359]",0,NA,0,0,0,0,0,0,NA,NA
"N_sim[360]",0,NA,0,0,0,0,0,0,NA,NA
"N_sim[361]",0,NA,0,0,0,0,0,0,NA,NA
"N_sim[362]",0,NA,0,0,0,0,0,0,NA,NA
"N_sim[363]",0,NA,0,0,0,0,0,0,NA,NA
"N_sim[364]",0,NA,0,0,0,0,0,0,NA,NA
"N_sim[365]",0,NA,0,0,0,0,0,0,NA,NA
"N_sim[366]",0,NA,0,0,0,0,0,0,NA,NA
"N_sim[367]",0,NA,0,0,0,0,0,0,NA,NA
"N_sim[368]",0,NA,0,0,0,0,0,0,NA,NA
"N_sim[369]",0,NA,0,0,0,0,0,0,NA,NA
"N_sim[370]",0,NA,0,0,0,0,0,0,NA,NA
"N_sim[371]",0,NA,0,0,0,0,0,0,NA,NA
"N_sim[372]",0,NA,0,0,0,0,0,0,NA,NA
"N_sim[373]",0,NA,0,0,0,0,0,0,NA,NA
"N_sim[374]",0,NA,0,0,0,0,0,0,NA,NA
"N_sim[375]",0,NA,0,0,0,0,0,0,NA,NA
"N_sim[376]",0,NA,0,0,0,0,0,0,NA,NA
"N_sim[377]",0,NA,0,0,0,0,0,0,NA,NA
"N_sim[378]",0,NA,0,0,0,0,0,0,NA,NA
"N_sim[379]",0,NA,0,0,0,0,0,0,NA,NA
"N_sim[380]",0,NA,0,0,0,0,0,0,NA,NA
"N_sim[381]",0,NA,0,0,0,0,0,0,NA,NA
"N_sim[382]",0,NA,0,0,0,0,0,0,NA,NA
"N_sim[383]",0,NA,0,0,0,0,0,0,NA,NA
"N_sim[384]",0,NA,0,0,0,0,0,0,NA,NA
"N_sim[385]",0,NA,0,0,0,0,0,0,NA,NA
"N_sim[386]",0,NA,0,0,0,0,0,0,NA,NA
"N_sim[387]",0,NA,0,0,0,0,0,0,NA,NA
"N_sim[388]",0,NA,0,0,0,0,0,0,NA,NA
"N_sim[389]",0,NA,0,0,0,0,0,0,NA,NA
"N_sim[390]",0,NA,0,0,0,0,0,0,NA,NA
"N_sim[391]",0,NA,0,0,0,0,0,0,NA,NA
"N_sim[392]",0,NA,0,0,0,0,0,0,NA,NA
"N_sim[393]",0,NA,0,0,0,0,0,0,NA,NA
"N_sim[394]",0,NA,0,0,0,0,0,0,NA,NA
"N_sim[395]",0,NA,0,0,0,0,0,0,NA,NA
"N_sim[396]",0,NA,0,0,0,0,0,0,NA,NA
"N_sim[397]",0,NA,0,0,0,0,0,0,NA,NA
"N_sim[398]",0,NA,0,0,0,0,0,0,NA,NA
"N_sim[399]",0,NA,0,0,0,0,0,0,NA,NA
"N_sim[400]",0,NA,0,0,0,0,0,0,NA,NA
"N_sim[401]",0,NA,0,0,0,0,0,0,NA,NA
"N_sim[402]",0,NA,0,0,0,0,0,0,NA,NA
"N_sim[403]",0,NA,0,0,0,0,0,0,NA,NA
"N_sim[404]",0,NA,0,0,0,0,0,0,NA,NA
"N_sim[405]",0,NA,0,0,0,0,0,0,NA,NA
"N_sim[406]",0,NA,0,0,0,0,0,0,NA,NA
"N_sim[407]",0,NA,0,0,0,0,0,0,NA,NA
"N_sim[408]",0,NA,0,0,0,0,0,0,NA,NA
"N_sim[409]",0,NA,0,0,0,0,0,0,NA,NA
"N_sim[410]",0,NA,0,0,0,0,0,0,NA,NA
"N_sim[411]",0,NA,0,0,0,0,0,0,NA,NA
"N_sim[412]",0,NA,0,0,0,0,0,0,NA,NA
"N_sim[413]",0,NA,0,0,0,0,0,0,NA,NA
"N_sim[414]",0,NA,0,0,0,0,0,0,NA,NA
"N_sim[415]",0,NA,0,0,0,0,0,0,NA,NA
"N_sim[416]",0,NA,0,0,0,0,0,0,NA,NA
"N_sim[417]",0,NA,0,0,0,0,0,0,NA,NA
"N_sim[418]",0,NA,0,0,0,0,0,0,NA,NA
"N_sim[419]",0,NA,0,0,0,0,0,0,NA,NA
"N_sim[420]",0,NA,0,0,0,0,0,0,NA,NA
"N_sim[421]",0,NA,0,0,0,0,0,0,NA,NA
"N_sim[422]",0,NA,0,0,0,0,0,0,NA,NA
"N_sim[423]",0,NA,0,0,0,0,0,0,NA,NA
"N_sim[424]",0,NA,0,0,0,0,0,0,NA,NA
"N_sim[425]",0,NA,0,0,0,0,0,0,NA,NA
"N_sim[426]",0,NA,0,0,0,0,0,0,NA,NA
"N_sim[427]",0,NA,0,0,0,0,0,0,NA,NA
"N_sim[428]",0,NA,0,0,0,0,0,0,NA,NA
"N_sim[429]",0,NA,0,0,0,0,0,0,NA,NA
"N_sim[430]",0,NA,0,0,0,0,0,0,NA,NA
"N_sim[431]",0,NA,0,0,0,0,0,0,NA,NA
"N_sim[432]",0,NA,0,0,0,0,0,0,NA,NA
"N_sim[433]",0,NA,0,0,0,0,0,0,NA,NA
"N_sim[434]",0,NA,0,0,0,0,0,0,NA,NA
"N_sim[435]",0,NA,0,0,0,0,0,0,NA,NA
"N_sim[436]",0,NA,0,0,0,0,0,0,NA,NA
"N_sim[437]",0,NA,0,0,0,0,0,0,NA,NA
"N_sim[438]",0,NA,0,0,0,0,0,0,NA,NA
"N_sim[439]",0,NA,0,0,0,0,0,0,NA,NA
"N_sim[440]",0,NA,0,0,0,0,0,0,NA,NA
"N_sim[441]",0,NA,0,0,0,0,0,0,NA,NA
"N_sim[442]",0,NA,0,0,0,0,0,0,NA,NA
"N_sim[443]",0,NA,0,0,0,0,0,0,NA,NA
"N_sim[444]",0,NA,0,0,0,0,0,0,NA,NA
"N_sim[445]",0,NA,0,0,0,0,0,0,NA,NA
"N_sim[446]",0,NA,0,0,0,0,0,0,NA,NA
"N_sim[447]",0,NA,0,0,0,0,0,0,NA,NA
"N_sim[448]",0,NA,0,0,0,0,0,0,NA,NA
"N_sim[449]",0,NA,0,0,0,0,0,0,NA,NA
"N_sim[450]",0,NA,0,0,0,0,0,0,NA,NA
"N_sim[451]",0,NA,0,0,0,0,0,0,NA,NA
"N_sim[452]",0,NA,0,0,0,0,0,0,NA,NA
"N_sim[453]",0,NA,0,0,0,0,0,0,NA,NA
"N_sim[454]",0,NA,0,0,0,0,0,0,NA,NA
"N_sim[455]",0,NA,0,0,0,0,0,0,NA,NA
"N_sim[456]",0,NA,0,0,0,0,0,0,NA,NA
"N_sim[457]",0,NA,0,0,0,0,0,0,NA,NA
"N_sim[458]",0,NA,0,0,0,0,0,0,NA,NA
"N_sim[459]",0,NA,0,0,0,0,0,0,NA,NA
"N_sim[460]",0,NA,0,0,0,0,0,0,NA,NA
"N_sim[461]",0,NA,0,0,0,0,0,0,NA,NA
"N_sim[462]",0,NA,0,0,0,0,0,0,NA,NA
"N_sim[463]",0,NA,0,0,0,0,0,0,NA,NA
"N_sim[464]",0,NA,0,0,0,0,0,0,NA,NA
"N_sim[465]",0,NA,0,0,0,0,0,0,NA,NA
"N_sim[466]",0,NA,0,0,0,0,0,0,NA,NA
"N_all[1,1]",136.590072680522,0.957959498388688,36.1775095081935,81.9196304116728,110.565493068082,131.311143459278,156.552331702002,220.941868165614,1426.2085538443,1.00239988520187
"N_all[1,2]",623.391579742869,8.50831202654146,452.742117075089,180.316413682919,348.976593230567,501.312824743944,754.325225902083,1733.14215885604,2831.48964506898,1.00171727087407
"N_all[1,3]",54.390193987373,0.653696416572022,34.7177874151387,11.3549169533619,29.1952799170902,46.6991510847339,70.994105316438,142.483031769345,2820.66734404305,1.00122698439564
"N_all[1,4]",64.5604018229253,2.36921574919554,91.6409002219746,1.04741714446464,5.66514561216449,20.4908341873773,93.58986357633,316.456452180646,1496.13048339415,1.0004863769037
"N_all[1,5]",892.465215461668,10.5063634154751,641.105244448845,241.355474318254,511.44857882062,734.268517420812,1086.57305412882,2445.70864943725,3723.52111685467,1.00064438318195
"N_all[1,6]",357.656888902716,1.57619111705474,93.5007185174362,214.414933942264,292.575377748434,343.941136336618,408.04436595052,577.419939122372,3518.9422961409,1.00052573209417
"N_all[1,7]",1333.17727651758,5.75641967402905,379.899018706268,740.392517771729,1066.0849055033,1284.14404620801,1531.91696912539,2208.27013885336,4355.43408832444,0.999840900717926
"N_all[1,8]",433.605320318349,4.12855121176547,263.05988599718,115.509300830273,262.130568363341,386.921234602918,542.088241997948,1028.08494629779,4059.8865986694,1.00006187011455
"N_all[1,9]",103.132235123194,0.405299549900282,30.1392554773313,56.4200442224027,81.6826673571466,98.8889562929238,119.883260806754,173.100945367838,5529.84294329177,0.999682259660809
"N_all[1,10]",508.85604483407,2.18372501970551,133.580774856346,305.347562951163,417.265126613515,488.279545732366,578.240919959841,818.222570784017,3741.89861807618,1.00026466674244
"N_all[1,11]",277.205925027427,1.38523418251302,110.836944556612,123.785844067925,201.672380194775,256.584022602457,329.822163023744,547.722449445084,6402.10349434898,0.999629413953877
"N_all[1,12]",1392.68890672063,6.42931694217015,399.620206042437,788.289255721182,1106.32974305778,1338.44133306354,1615.25077231303,2340.82350547559,3863.36025747427,0.99968904972357
"N_all[1,13]",1015.89508064617,4.80834404916851,301.920623360959,550.400972166867,805.768259769494,972.235311727489,1181.02049134613,1722.39271525612,3942.70686473884,0.999872183674705
"N_all[1,14]",47.3498161821286,0.293282460370279,22.2483728821877,18.0541986962091,32.1366275951829,42.8239955121766,57.6967563633641,101.758702444906,5754.72172076185,0.999921342301449
"N_all[1,15]",106.378928802589,0.565030888795252,43.5384193530503,45.3468425074029,76.1687113305724,98.1489447347301,127.580370803045,214.134399215064,5937.46326530999,1.0004581257765
"N_all[1,16]",249.259730121923,0.90692776861983,58.6390232049147,157.969897100042,209.00283629482,241.358711438463,281.291119294074,388.42424815771,4180.49834351818,1.00037006504002
"N_all[1,17]",255.807472210979,1.56483648478553,86.3190210660365,130.671339610033,194.295339046819,241.000570544698,301.00237261475,468.659223925947,3042.81176105825,0.999794501501941
"N_all[1,18]",5401.1208289666,24.7615226573068,1308.95271667602,3336.21974716171,4477.78951913805,5246.17035539782,6153.90178253717,8441.95292879208,2794.42992377551,1.0002496640039
"N_all[1,19]",616.819369122847,2.0865926015216,155.637436434681,368.418481986015,509.087651516327,597.68689149801,704.540146713774,980.641913043085,5563.56045025992,0.999953773067139
"N_all[2,1]",267.2846883073,0.61268584896068,55.6982806021946,174.559072042275,228.529530997755,261.723668317065,298.615907426449,397.249154235992,8264.3343329815,0.99967530868493
"N_all[2,2]",763.894545840141,8.09361027721705,495.836338659797,211.19041459736,441.182359251419,641.480248790994,933.982681362869,2078.0350832267,3753.11720519897,1.00057634452017
"N_all[2,3]",54.4092304868568,0.461321976330382,31.0582696947146,15.7460482107327,32.7743845186548,47.5324122883274,68.5277128164003,131.293633620435,4532.58780384408,0.999904367886773
"N_all[2,4]",66.6842775860906,2.50988264739597,107.436988911211,1.39284436481965,6.95400163270497,22.8718262970123,84.2646569036372,363.23054226472,1832.317899399,1.0007806403451
"N_all[2,5]",1342.05300316906,13.5965687764114,953.494697745248,323.287659948899,733.728844593683,1115.99404654698,1650.17435982304,3717.89715909631,4917.87988173147,1.00020372542337
"N_all[2,6]",620.371737718296,1.68844877744098,142.31247107633,391.36688876606,522.535244934319,603.219149201302,701.401890189101,948.156772723559,7104.11755790977,1.0002860300027
"N_all[2,7]",2510.8512159389,8.29217616892527,674.160263642401,1439.95090111268,2037.28258878073,2420.2008777955,2889.58734658683,4059.1444808868,6609.81434240604,0.999829541251318
"N_all[2,8]",495.953569822243,4.54177110320283,315.447138408995,128.066445011045,292.43931543011,427.591052677136,615.064707306681,1253.97362352809,4823.94889769038,0.999907222925704
"N_all[2,9]",165.308782482283,0.494433760093949,42.3418763184125,97.1267660878904,135.886710053411,160.259234526767,188.754352733957,265.465728071444,7333.71392241619,0.999859070940108
"N_all[2,10]",955.863907283021,4.11882540308994,239.53693645804,564.632388822135,785.309969083045,930.532505783096,1095.76044843969,1494.40085326834,3382.19167731229,1.00031107335597
"N_all[2,11]",297.67015176825,1.4728820377068,117.460746507274,132.984063336883,216.03848574705,277.267852335166,354.426349993829,584.900498103015,6359.88966861295,0.999782319849023
"N_all[2,12]",2071.20556055973,6.7286539140423,548.042400399178,1224.60397947565,1692.6655446206,2004.73845681577,2367.24166596267,3382.13366337368,6633.94608322642,0.999783506421109
"N_all[2,13]",1477.32953662528,4.80532507368231,375.453784699127,874.033245090477,1214.24031968413,1434.66710180533,1683.96376077113,2335.90705960176,6104.74359918859,0.999741164793093
"N_all[2,14]",89.386827184961,0.558115884113753,41.7741877791371,34.3002891151861,60.8779275067437,81.4702418339826,108.218554841069,194.656919442471,5602.31163865638,1.0005924706755
"N_all[2,15]",215.497001311543,1.38093712666549,98.1451407368581,85.1601298714775,149.475013959202,196.444011564548,259.727203054461,450.327202514871,5051.14449833891,1.00019479953164
"N_all[2,16]",372.560262193125,0.927509335300681,76.8265331171117,245.011068798966,318.288289250837,365.151629580748,417.186289070465,549.263746242239,6860.97587642722,0.999794929727091
"N_all[2,17]",392.275366070977,1.46303600162508,115.547267731688,216.312866543163,312.272123481419,374.789763775881,452.877135703597,668.331711345787,6237.48242058563,1.00049404868387
"N_all[2,18]",9577.76954888518,29.1084881594768,2005.47560630403,6221.49161926839,8185.38830777663,9382.93176535978,10775.4389813167,13991.7970180852,4746.74026539642,0.999757210785202
"N_all[2,19]",821.436599953449,2.49622675569509,195.810038860497,502.687963046291,685.512062632548,799.367920538175,928.632606050418,1270.76438896494,6153.21145012654,0.999974405352887
"N_all[3,1]",422.125506792125,2.23643831650346,99.1202134030918,257.439890338671,349.751932336069,414.110223502679,481.947801783046,640.158867734938,1964.31262571522,1.00021128951414
"N_all[3,2]",876.420052212634,8.45687467544331,557.37238787087,230.130494226062,509.356827565946,744.611479864551,1087.95956594584,2272.25228284782,4343.81289915418,1.0004944127392
"N_all[3,3]",46.214553028012,0.395382130189772,20.7601279407559,19.1590730226271,31.8948896299927,42.1773516220002,55.6796817902938,96.7304208621389,2756.93151224397,0.999844436879252
"N_all[3,4]",65.028249864087,2.55737122564317,123.19394875246,1.75364417699304,8.02958270901289,23.8596529648231,73.0720330866013,363.409423343456,2320.55145701864,1.00108430509355
"N_all[3,5]",1716.74494481111,18.9424048031897,1276.14923377723,391.604584274131,920.26746689507,1379.87703636045,2116.73242484729,4984.57928918716,4538.71278993083,1.00029033555515
"N_all[3,6]",943.543263319202,3.60492740313552,232.131372253898,570.184550668688,781.226774975184,918.779527316821,1072.78527399581,1489.59950733941,4146.43279791694,0.999573984850195
"N_all[3,7]",3074.5082199177,10.8575967351317,863.382149659523,1736.85331913138,2466.49567431197,2938.7541842196,3553.34274404522,5074.92820686444,6323.22617138067,0.999962835945963
"N_all[3,8]",551.110256628676,4.90966012535886,359.617351353168,138.995354160383,321.049489317774,463.764231772804,682.742518675719,1501.92129088742,5365.10737845199,1.00000464718608
"N_all[3,9]",228.236524871506,0.817394416428226,62.9998021827331,129.246123001037,183.731039537878,219.864335833658,264.240632511997,370.259325833104,5940.39109082857,0.999988796781437
"N_all[3,10]",1064.74392453987,3.83869007220442,271.777324478891,620.099299373698,879.169247825685,1036.2166013568,1215.29587288876,1677.76111811645,5012.56871008589,0.999661035477451
"N_all[3,11]",316.786326985845,2.1733332259452,141.050887371069,124.425462262797,216.929818532877,290.247287085309,384.164433827254,657.410294347198,4212.10323000113,0.999943462721531
"N_all[3,12]",2876.92700267095,10.8350617094368,838.301881816661,1579.94022367406,2289.01759201405,2757.96224671399,3338.4602653565,4853.12815936186,5986.01917779025,0.999829031682815
"N_all[3,13]",2183.58396788933,10.4347979775472,629.458790939076,1174.59853524731,1731.24681420443,2096.62940059868,2553.0453021548,3622.60472529264,3638.86979245237,1.00060055585656
"N_all[3,14]",121.204893472429,0.873081993348453,63.2062641059294,42.4844209263741,79.1989571663653,107.315288971197,146.753588896612,284.297994435956,5240.95197831829,0.999870489348779
"N_all[3,15]",264.721541087569,1.63536269699314,125.818699643717,97.9154355885519,178.439133589166,240.429985861516,320.975128261495,586.510603455915,5919.18904308854,0.99965045224741
"N_all[3,16]",493.31307798325,2.48158408890809,116.214714610999,303.745147420617,411.430748545962,479.498115928314,561.692016379855,748.284616571343,2193.12935644048,1.00048405817196
"N_all[3,17]",511.87420665519,2.22437382065376,155.116337210317,274.581236398649,401.510535423108,489.476461242091,596.873197181588,867.944213954192,4862.9469521885,1.00002424931765
"N_all[3,18]",11059.8088648737,28.1512758813638,2322.32613228472,7221.2229837864,9497.04009434971,10823.6400840908,12390.5624929463,16297.4131277365,6805.34665677871,1.00076165831432
"N_all[3,19]",969.37202787334,3.49856821711436,239.879904730541,572.65286807223,800.021385901498,945.271613383944,1113.51301754023,1509.42825544301,4701.18175977159,0.999862413364711
"N_all[4,1]",376.328583428871,0.954885641261586,79.0238338926694,244.848556307945,322.100390773065,367.938651503322,421.306692950004,550.948441493717,6848.78394831947,1.00013301815644
"N_all[4,2]",871.710402061026,6.74961132903644,460.061323883236,281.658711410309,558.203216517501,777.872753412133,1069.45238724558,2010.67876586023,4645.94345275511,1.00041696893044
"N_all[4,3]",91.0178113662633,0.364245266853954,30.2473749350817,46.4268415964945,69.9455330544723,86.8904640535527,107.122949022443,160.094513354739,6895.84585887071,0.999787241505368
"N_all[4,4]",58.2312145133186,2.07845032324962,95.729150747433,2.1289067675061,8.75666566413849,23.7647023785307,67.8113340699788,317.613916760436,2121.33430090132,1.00088691909765
"N_all[4,5]",1655.34505051707,13.2003708813557,979.970858913948,491.126980350187,1017.63574713657,1440.86303543428,2065.72318344285,4139.00972359064,5511.30005135313,0.999837989295256
"N_all[4,6]",943.622614853553,2.71782471458745,213.286814417187,580.140160020052,795.226901401498,923.322738038891,1071.53612216964,1408.88282016724,6158.64439676611,0.999600071444607
"N_all[4,7]",3257.08759557587,12.5013515533805,878.501374025081,1854.32008929772,2642.4158180348,3152.50604157027,3747.26770647963,5240.74794968061,4938.22590876993,0.999957134232692
"N_all[4,8]",526.182097175873,4.01774185232694,289.527569209068,158.944603098005,332.630562837817,463.542009481719,648.847701290285,1242.88336122979,5192.9697192868,1.00033387375908
"N_all[4,9]",243.026759799166,0.820510880076987,64.4388796353017,139.593946792523,198.574572494177,235.12637794911,278.660495131197,389.718096421357,6167.75726444942,0.999840994878343
"N_all[4,10]",983.351887026173,3.15615800722029,237.772488463952,593.411687927573,816.792369083706,958.530755543297,1117.21485738089,1526.70592460867,5675.52095588319,0.999710081819285
"N_all[4,11]",666.524062056845,4.19211656963904,277.428519011461,286.293882047809,467.713926141575,617.349163336803,801.803114456543,1337.29279397923,4379.61067819752,0.999664864267921
"N_all[4,12]",2978.61520344667,15.8390769869625,1240.98132301703,1332.55565786098,2127.48671894248,2723.22784794569,3542.04760132118,6149.95218863767,6138.62001709295,0.999935081686817
"N_all[4,13]",1918.72139849932,10.4877940063159,728.649414851615,890.630265379141,1421.69160016995,1795.51838723966,2261.76983685705,3704.28576950216,4826.90713631802,0.999926093813102
"N_all[4,14]",103.947597247874,0.726334263224134,49.9023387786648,39.6879723209863,69.2232558350527,94.2394584926218,126.149693167967,224.932129716115,4720.29061117292,0.999816454024811
"N_all[4,15]",219.976994822053,1.3574215240211,97.8461882931093,89.4522252685934,153.734331786668,200.329513784141,264.614452465732,459.238043205434,5195.87101228383,0.999814165197706
"N_all[4,16]",363.917118813953,1.08794056132401,76.9909301233811,237.075208096217,311.418266438648,356.555413754627,407.702914749671,540.447449822686,5008.05160384997,1.0010463591818
"N_all[4,17]",439.091429851024,1.60914025832711,123.77951909339,243.920938127077,352.010697842214,424.171978570773,508.807116847433,728.829147121588,5917.11188519884,0.999683367763608
"N_all[4,18]",11844.6729631409,30.6291175574168,2365.0884401519,7883.533260651,10200.9474619799,11592.7641059713,13162.5452340171,17139.6184161578,5962.4644321241,0.999967691981139
"N_all[4,19]",740.544444422187,3.05922148512967,179.916164275499,454.820104473116,613.666777908618,717.529020041559,841.84028271673,1160.3077911908,3458.74485232506,1.00044438803421
"N_all[5,1]",334.861338271765,0.823875161329881,68.8232542328198,221.770553843631,287.347048401583,327.553115979926,375.109903878094,493.691453120979,6978.26709948562,0.999809141668159
"N_all[5,2]",830.213595065667,4.92245281709793,361.614134751149,317.105021540031,575.799343173972,767.680918868229,1009.02936641424,1727.36088789091,5396.69248312942,1.00078833869455
"N_all[5,3]",123.112351939426,0.481907400547925,39.7079474721324,63.6235956824747,95.5149664946468,117.302029506999,144.428535148193,215.029626362155,6789.3419998188,1.00006201427679
"N_all[5,4]",54.0589566392582,1.88769973641745,93.7517557273056,2.60939089190676,10.1858051173358,23.680251641219,60.887562333826,286.802739835548,2466.56741004666,1.00071861941991
"N_all[5,5]",1461.7780197331,7.141070109387,562.073533142276,663.498330813394,1066.84764814411,1362.94912390944,1743.50388208799,2848.40885206146,6195.26200209617,1.00011006117819
"N_all[5,6]",915.037418211153,3.21884924509966,217.102400324679,564.76459391176,759.024981567025,891.786778913366,1042.71048645025,1411.23990051597,4549.12610879401,1.00013430354629
"N_all[5,7]",2145.53566414713,9.40456933885395,596.692434340976,1220.27089278087,1726.2241264222,2071.99549629308,2480.58301879581,3546.50188586515,4025.53157103136,0.999770657208636
"N_all[5,8]",476.154512723911,3.08247211008104,225.875941394605,175.310568418724,325.084305298022,433.897779141429,575.196352493464,1058.88387544125,5369.59634936459,1.00058656732156
"N_all[5,9]",229.432560324117,0.747959979364582,59.665842803688,135.209798365591,187.213917431532,223.454554986856,263.386458573528,363.598980343578,6363.48225303978,1.00027007976624
"N_all[5,10]",771.493289351338,2.47106084678496,185.739482609255,467.609139123891,644.208232278646,749.00607811229,875.056283767649,1194.213672969,5649.91070414443,0.99995862806772
"N_all[5,11]",675.561471208698,3.95142344621999,284.45842210963,291.539585785678,478.061375476282,621.963030162558,808.814971250701,1391.85093958959,5182.39424569724,1.00006409174691
"N_all[5,12]",2797.79896506888,16.8454689611236,1252.08486555308,1132.74269249191,1942.690103288,2552.27350032632,3358.06515096995,6020.73453641744,5524.60612469243,1.00001631381507
"N_all[5,13]",1638.19396165105,8.61480476605202,660.566352757422,723.115655191086,1194.23650903467,1521.41303854562,1945.08567590626,3241.18845395147,5879.52196624103,0.999906534546972
"N_all[5,14]",67.0018923532446,0.421601094560416,30.7462444809451,26.5833524500986,46.0611675593701,61.1392800452185,79.6770489724255,146.636445454384,5318.39626685565,1.00026877909998
"N_all[5,15]",122.941731754661,0.723141753293627,53.476089323255,51.1849213610022,86.9529516631236,112.87796038555,147.695011293448,257.026929251781,5468.55273266135,0.999740975186342
"N_all[5,16]",358.866696355242,0.928395632726864,73.3361431026943,237.23552505584,307.539932277929,351.438090955952,401.672794247214,524.575845142487,6239.78971534168,0.999776835013567
"N_all[5,17]",348.656782976375,1.69025302794811,102.648057010757,188.365433295042,273.903151551054,335.566718151444,406.565834877392,588.066927547831,3688.06036750413,0.99963104220187
"N_all[5,18]",10392.5962463956,32.7242955684367,2139.244152745,6934.07796479402,8887.82482051451,10145.6073717554,11620.9456806538,15420.5794176092,4273.46443522318,1.00032908737581
"N_all[5,19]",841.175859918346,2.74938650181379,196.846659232024,518.37131768183,706.323346944932,817.749336728957,948.597649691632,1296.329442319,5126.06967417116,1.00024045282286
"N_all[6,1]",390.058156328738,0.982796412353126,78.9148513299025,257.450045155975,335.572821267009,382.738569793537,437.144723103073,565.04432948518,6447.48529740208,0.99964323833384
"N_all[6,2]",871.927021171386,3.07858079195812,257.256220140002,479.838017801725,693.592157492049,840.155816168319,1009.87113022098,1475.59092280602,6982.81695557184,1.00008006376778
"N_all[6,3]",176.345468633417,0.733358022945974,57.2603240259898,89.885541574442,136.124711185449,168.091160699718,207.893128840535,312.595548128535,6096.42882042435,1.00000400075039
"N_all[6,4]",52.887896618862,1.6489616251086,79.4446756979877,3.58752172046832,12.5487827185728,27.006733854021,60.2780558217007,257.286286762191,2321.17826617859,1.00073757959987
"N_all[6,5]",1916.76560159245,8.52133553829675,674.897553068166,923.3625217457,1433.57877328679,1812.9727447829,2274.59342527005,3498.99797719768,6272.78459132712,1.00025327071598
"N_all[6,6]",749.862809634296,2.24776486848654,171.737362645862,463.227810442558,626.810958664454,733.431158444489,852.95481701332,1133.43934063688,5837.51245464706,0.999743583095351
"N_all[6,7]",2839.48202191076,8.84773103057569,741.377979536174,1680.45433758482,2320.15889734072,2743.55740710824,3250.9306546909,4546.76027608001,7021.26785839441,0.999942473168449
"N_all[6,8]",437.503296732367,2.08918759024018,140.644082848397,222.636549611763,340.425900145576,417.804537718335,511.770571675827,772.852027131036,4531.98074202281,0.99978892064265
"N_all[6,9]",269.471358874336,0.913180748735659,70.3264907881883,153.435673221369,221.294489440106,261.51502266192,309.213687055464,432.280641846894,5930.95186938335,0.999624783747964
"N_all[6,10]",902.490505608222,4.11552678498597,222.68104859032,545.6879671673,744.074590569337,880.138426789046,1033.7540664847,1405.13389567175,2927.62636999859,1.00030683910978
"N_all[6,11]",633.330114075988,3.2770030309539,255.689684007931,277.671820504565,455.049713502338,587.906489244755,755.430770276942,1265.8880878205,6087.9731271004,1.00025229695179
"N_all[6,12]",3307.18982481707,19.2816759181903,1499.59987307897,1312.28843495763,2286.75031289931,3018.55920732585,3989.85644568229,7117.97035835244,6048.68867263278,1.00003297923624
"N_all[6,13]",1617.47943392971,8.24827041743369,600.611632918245,748.641192742498,1208.53490589022,1522.06596423067,1912.46998014838,3012.56704443268,5302.26827493742,0.999670983893354
"N_all[6,14]",48.4842399016093,0.311087988410239,22.8696247834669,18.1931289544404,33.0474860364347,44.1175618805375,58.6226711135607,103.787532600803,5404.45112042644,1.00073069396565
"N_all[6,15]",135.274355771727,0.835847695882723,60.152361590557,55.8476130337761,94.0703373748111,123.810666954746,162.553284498047,281.815611677113,5179.06147073892,1.00070990326381
"N_all[6,16]",431.969818332314,1.38627944581341,92.7430324657731,275.627291363173,367.6149086716,424.598532196967,485.99488704224,643.118139491402,4475.70048940385,1.00024275879503
"N_all[6,17]",520.691571953173,2.1208368375731,147.266628815694,288.119930028385,418.338007201508,502.617954862111,602.07853500754,859.098115524272,4821.63325670668,1.00185218824396
"N_all[6,18]",15112.9388188147,55.9496737655687,3157.82253949406,9895.99488871639,12860.598536139,14798.8843577586,17009.3396029534,22117.5501830251,3185.51990679086,0.999796327489435
"N_all[6,19]",1051.93815903915,3.57569938932852,243.83478671691,641.129505434575,877.820663132309,1030.94300342123,1198.74962424843,1600.95572765609,4650.17533298982,0.999772706525843
"N_all[7,1]",395.861102840515,0.955113351460048,82.3209893657437,255.473298259058,337.886582219316,388.900145770289,443.474758899504,577.574907931153,7428.67451780464,1.00003354202933
"N_all[7,2]",840.490210810017,3.06185674948285,232.339720516784,482.256911770325,675.198678241808,808.169659299176,971.822099479122,1384.38368244307,5758.0732971398,1.00015400152462
"N_all[7,3]",214.895877205097,1.10754371072837,72.5773782589798,106.300777992801,162.719042118999,203.562443038513,256.027491139041,385.766378920607,4294.18550259348,1.00011736990801
"N_all[7,4]",51.2865993737363,1.62248406346216,80.587762372983,4.53369154048282,14.5491363277483,28.3454606775109,58.9510286416227,239.265810618207,2467.04638389958,1.00080982923769
"N_all[7,5]",1665.30850130934,7.49052067552646,580.202409854155,827.371561859831,1266.0842308728,1575.3408890038,1956.4580267416,3036.73364023678,5999.77608247022,1.00039036927793
"N_all[7,6]",794.439919153733,2.30152446393921,184.615082986053,495.334829992653,664.295175153239,771.229569076411,902.149437497303,1216.4155166807,6434.32759373152,0.999689037329171
"N_all[7,7]",2889.85325592008,9.40835033600743,771.362619660237,1689.56863581023,2347.25026619026,2803.39567273933,3312.98818878021,4658.45335319366,6721.87166625013,1.00005417044447
"N_all[7,8]",533.016905114161,2.06451045820161,158.567131008499,289.178214067735,424.3590575,511.213080905405,616.116335704709,916.2491238667,5899.18699031397,0.999778715030542
"N_all[7,9]",252.433550846489,0.858384270652553,66.3815160860971,146.766459672065,206.836652372033,244.449064175261,288.486860066403,407.944167490799,5980.40825566183,1.00026061534439
"N_all[7,10]",619.740618574147,1.98220604215297,147.758433062925,382.676250717659,516.357095238011,602.778008993925,701.559034313432,955.775536646676,5556.5722096453,0.999814289183471
"N_all[7,11]",552.615903764073,2.76582234304926,223.188218562112,240.744765892477,396.484881017425,515.215245141295,662.078452519089,1098.98069106562,6511.69379610118,1.00032159609767
"N_all[7,12]",3220.34033640779,17.6022005419437,1368.78040145889,1357.42094838465,2273.91140074082,2955.95215608775,3838.35809585099,6615.57370197204,6046.91170564495,1.00012146108704
"N_all[7,13]",1381.17794554505,5.23223440547466,378.281597403537,783.239289326896,1118.62932649784,1332.03385979884,1595.79573167876,2245.47711215028,5227.04265425329,0.999770377379132
"N_all[7,14]",39.0679506003598,0.28740337280805,18.8806616931119,14.2380646271957,26.0503777716668,35.2084981562066,47.4951948321351,87.2738912779221,4315.69455917346,1.00004088508098
"N_all[7,15]",79.3647698366749,0.546255071818486,35.034073859464,32.4721759997224,55.1075698593427,72.8401276002353,95.7698857624629,166.560478565558,4113.29935878724,0.999644436938751
"N_all[7,16]",414.254344394008,1.30822784304083,87.9821929695615,267.603430803513,350.440688580471,406.750720517679,468.018434638489,610.032501705537,4522.96044067637,0.999832389395696
"N_all[7,17]",483.87764573389,2.01728231646525,140.725680793454,268.868100672353,385.812448071949,465.598074284191,560.351026044575,810.75811853696,4866.46219216296,1.00010692474407
"N_all[7,18]",14901.4801857944,43.6524857402696,3070.60319174361,9791.32657427008,12714.7474686074,14587.4160183678,16724.2111834799,21819.9250408793,4947.99709227317,1.00030478729526
"N_all[7,19]",939.756646829833,2.98055508216286,216.919017890777,580.145065403966,790.616513262216,916.439582250706,1062.59184086589,1429.74980271346,5296.64608025476,0.999794850862236
"N_all[8,1]",418.333832552934,1.205241861243,87.7819660372214,269.908116559716,357.682730836989,410.1551091141,468.351048483687,615.184762629834,5304.71665992026,0.999865187411107
"N_all[8,2]",1107.30202268093,3.53575409683587,298.75947109546,640.613974643514,900.12395011567,1066.32830852458,1265.42529178917,1787.23487062928,7139.68838693831,0.999791191006726
"N_all[8,3]",224.376035842842,1.21536202629771,75.616103914876,111.410183745141,170.591157221689,212.788640806712,264.695738792214,401.085378075719,3870.94738199551,0.999950109927509
"N_all[8,4]",45.0456594749768,1.18669688064782,57.3556783544803,5.51494035954637,15.5358771298667,27.8920952491404,53.412408351033,183.081489814471,2336.00215796057,1.00190484266417
"N_all[8,5]",2240.1425677546,12.4975023409467,802.181944253393,1066.05295753957,1667.7114234338,2119.97832128874,2669.10853033546,4113.05071084219,4120.01987909123,0.99996353186612
"N_all[8,6]",849.540064340173,2.76907474328672,200.453673914563,517.933433825871,711.783167645421,828.456836897648,966.559841018476,1296.7568115109,5240.330569453,0.999950593698382
"N_all[8,7]",2937.35122740226,10.5558376324612,797.786921989403,1673.32161849763,2374.71524652988,2841.17878722835,3394.53072112845,4732.16280438088,5712.00294455759,0.999979808452786
"N_all[8,8]",475.990618969093,1.77688701679815,138.538237993561,257.746050790265,379.88669759779,457.358911546054,552.714183632083,798.037239404606,6078.8257049335,0.999895203542247
"N_all[8,9]",285.246395678942,0.893591092473565,75.2772236229326,166.066682979079,233.484554774405,276.576340267131,327.105634068773,452.510642971763,7096.58688251657,0.999680867432984
"N_all[8,10]",614.871436164377,1.84483573239433,148.332600893882,370.967388506509,511.719024854841,598.437316192021,698.152883752284,951.670807168575,6464.84058143725,1.00045345188717
"N_all[8,11]",513.843901159172,2.64148796181023,206.210620327388,224.911357379105,370.60139547251,477.674513715341,614.34014049549,1034.91633744105,6094.3134247382,1.0003853344597
"N_all[8,12]",3631.57267166328,15.3326108523368,1097.94928030681,1938.4900332799,2873.57355263572,3489.92124446273,4230.22556541654,6194.37317005763,5127.81478530145,0.999785595391647
"N_all[8,13]",1730.77336619518,6.56674325641199,443.326989933679,998.313619041809,1415.0631666754,1682.77013798281,1986.64766314714,2729.8347943774,4557.72660752167,0.999773834874224
"N_all[8,14]",54.0789105141198,0.330964287876399,25.1686068689471,20.8639301659465,36.9408543128558,49.0898316675798,65.4837130339371,116.04554803997,5783.03852305529,1.00023540066252
"N_all[8,15]",90.6475461690747,0.510854250135353,39.2338722374415,36.652441267409,63.5185559211728,82.6485812041075,109.646534142176,186.458006335638,5898.31992724469,0.999825115575636
"N_all[8,16]",348.207920152503,0.947564093419198,71.9425466420106,225.707620954525,298.597373546622,341.841583251731,390.499947240815,510.55961285908,5764.40416455125,0.999746168075938
"N_all[8,17]",693.419319199786,3.26118055032377,203.468775331226,386.52766377292,550.73575462049,664.525234175356,804.834573153295,1179.74989409841,3892.65446722823,1.00068681792122
"N_all[8,18]",14628.113659561,46.617720954549,3020.36322849996,9620.527971131,12510.4043340169,14350.1783731556,16417.7704986975,21345.7908960265,4197.74712383381,0.999978400717969
"N_all[8,19]",1058.3778878755,3.75258760092085,250.948633532786,639.300038435565,883.054321741501,1029.80519181223,1213.5513128315,1623.24451215853,4472.06381192442,1.00050018358106
"N_all[9,1]",272.549515513322,0.988742326019203,59.4221427709786,176.265661624838,230.620542164542,265.656507174996,307.434947637601,408.190536282153,3611.85548521925,1.00068086589902
"N_all[9,2]",1220.85639300467,5.28679883019302,353.61780395402,677.084730232942,974.245292946354,1172.73182073523,1409.26369926628,2043.74081475659,4473.86294010276,0.999740940002353
"N_all[9,3]",147.615260334158,0.639899366726768,47.7153669904834,75.9259516323756,114.39586621889,140.982739832919,173.209304327495,259.126348836677,5560.2353709104,1.00018325888213
"N_all[9,4]",33.5246389484424,0.659790417228565,32.7612325494818,6.74614859104323,15.3339992083711,24.1722961097637,39.7190074814383,116.278840531915,2465.51959143644,1.00079793825646
"N_all[9,5]",1583.70551700719,7.28187600657682,577.442494082762,743.352164298248,1188.36400640328,1481.84986628339,1882.70766739443,2986.54264282137,6288.26624980491,0.999945421564698
"N_all[9,6]",473.638534929509,1.60491432795731,111.904245599028,293.328668478436,394.559993573723,460.651078065161,537.363745584483,726.818472675401,4861.71413479016,0.999508379826647
"N_all[9,7]",1633.58527645741,7.413834274106,467.687769771167,904.275039029422,1307.31673497287,1565.95918511647,1887.75530824333,2743.31734911691,3979.47956260965,0.999925511550627
"N_all[9,8]",574.624937772743,2.25206875262869,169.890159412032,314.81454236989,455.789964928115,550.147696433064,665.91425647884,968.029242289314,5690.79784127496,1.00006233088761
"N_all[9,9]",279.313781179541,0.940270847557127,76.3280024123659,158.031481688933,225.661842566075,270.509848168576,321.13204172152,454.949510819774,6589.6424472219,0.999670324490171
"N_all[9,10]",356.341168630886,2.27643874929192,101.310051229211,204.212780427814,282.445032247325,341.508111127769,412.725750643822,591.461246739526,1980.58338246796,1.0008256658463
"N_all[9,11]",399.660906394366,2.02881964111168,167.540140152034,170.505308912889,282.395315218765,368.481456407184,480.870933553695,807.875801055271,6819.47383648498,1.00014957906934
"N_all[9,12]",2218.53397810367,8.99909440753663,609.818537511318,1268.76348823397,1790.58677369942,2138.02338436022,2544.93183533191,3609.21398244989,4592.01849232875,1.00087036347957
"N_all[9,13]",1298.3138602781,4.17923554122039,324.746112313997,772.707630594897,1069.93117696608,1259.28832291461,1483.17975302518,2038.46394794633,6038.0155066967,1.00003647128081
"N_all[9,14]",38.9704309883482,0.267526381843361,18.9438261128692,14.4120369900138,26.2746321079798,34.8844050330413,47.354819688809,85.1035870849507,5014.20592006035,0.999946858389902
"N_all[9,15]",35.9845787799487,0.286646066673553,17.0211354617948,13.5068770879779,24.0581551009416,32.62138828633,43.8328319360285,77.7575841236633,3526.02252592932,1.0003317271635
"N_all[9,16]",191.207025218613,1.28078205911671,49.3338267247095,113.82224201607,156.340039955058,185.271715116275,219.377558971863,305.196680643868,1483.67622449815,1.00027573254811
"N_all[9,17]",458.611341520645,2.26220936240912,137.851215976116,248.664753591736,362.531260990308,438.311917307296,531.966478534475,787.122042989078,3713.26215904618,1.0001124021792
"N_all[9,18]",9783.94679615621,27.7586718994614,2005.26698042756,6431.60830708027,8392.7839451351,9574.22926084873,10964.5254464565,14267.3875212052,5218.51622236639,1.00071543815023
"N_all[9,19]",743.705455879163,2.35744248228059,177.204635620529,455.270249568075,619.228756918598,724.308444555045,841.573984005591,1145.8367357295,5650.25367575077,1.00017459978237
"N_all[10,1]",323.59784834811,0.818314356501253,66.7004610049479,212.309092523336,277.227220954442,317.648097120518,363.004914500497,478.092404262519,6643.8119303097,1.00013215248994
"N_all[10,2]",1156.89084403079,4.56006175153497,320.427851982241,663.853710695342,930.39254253536,1114.59451846909,1333.98686033954,1906.2839074718,4937.63598217352,1.00009782618714
"N_all[10,3]",112.95214373794,0.446049085567118,36.6494279035973,57.966347199964,87.6278367704301,107.305262119394,131.827100662261,198.988715062974,6751.01530666713,1.00023480708254
"N_all[10,4]",29.9750521978823,0.370524592954055,21.0496538316718,8.57283829159877,17.0561214371524,24.3969241609705,36.0482934678416,82.9790433201539,3227.42262023834,1.00027604267527
"N_all[10,5]",1710.56458153823,12.5322736479612,642.42766174802,797.720563896147,1262.5330806433,1588.67447157601,2032.56868348636,3239.59786415261,2627.77832767388,1.00034111261053
"N_all[10,6]",525.614973079323,1.50846798969364,122.591810150865,325.112721347375,441.628522141006,512.620571919079,594.445892237554,801.787524350411,6604.66384019728,0.999794775616411
"N_all[10,7]",2143.91104191294,7.32685233987095,567.892311568023,1251.72008626518,1742.32194539616,2077.78851680357,2458.77064708862,3468.58584246673,6007.54592791284,1.00061081680662
"N_all[10,8]",685.374142450047,3.36611186149974,211.276776100583,373.981185218439,536.592891835599,648.901860644351,800.055755850809,1180.65733177929,3939.54834307505,0.999823468921592
"N_all[10,9]",298.986845341998,1.12368261365522,81.2254233444747,173.872592739302,241.604251087877,287.568172152165,343.239395896234,487.184851583665,5225.12452073893,0.999730728775292
"N_all[10,10]",537.996719119105,2.0344244250612,131.126845048277,324.509509868816,446.633967158414,523.543684784778,613.412926303716,837.002155226573,4154.32148410515,1.00003687335911
"N_all[10,11]",344.560462998512,1.75163333405097,138.525199124733,147.765982215453,246.574634221526,320.832013844362,410.492490539084,680.671121390878,6254.19133547632,0.99998326618669
"N_all[10,12]",2948.89095960707,14.9872060324563,817.920390604099,1666.38806349623,2361.83823512448,2839.59327387076,3396.730071957,4874.86798917179,2978.38417048729,1.00021538834398
"N_all[10,13]",1570.66897728326,6.8844972399211,407.604094226051,933.32411527044,1285.7205476841,1521.55116518511,1794.82336848232,2520.2911837158,3505.35990689387,1.00063488949535
"N_all[10,14]",60.1102336018256,0.408287310789325,30.344727781648,22.9582700939412,40.2859180855198,53.5663460576143,72.7174586851804,135.942764107384,5523.7590538594,0.999835809043252
"N_all[10,15]",65.5948691216584,0.48180414238377,29.9060016178039,25.6201040569402,45.3650533823075,59.6330776588367,78.96163144611,139.100183841728,3852.7927300378,1.00012952322752
"N_all[10,16]",241.884745030247,0.750799700309033,52.0477623686174,156.554482839701,206.089579466248,235.357701285065,271.637868404982,363.553908693735,4805.69213158561,0.999846464081114
"N_all[10,17]",711.193444494619,3.75261093780304,208.483304177916,392.090412360653,562.667904254827,681.46341674805,827.425511899118,1208.34160077675,3086.56539397843,1.00034032763262
"N_all[10,18]",9094.83186478834,23.7699937719101,1796.09659779797,6147.96889065057,7843.30160013728,8898.494060726,10155.2098590214,13132.1186467698,5709.54163899918,1.00056746348475
"N_all[10,19]",667.599517604703,2.03377967548528,154.88472231294,413.512829935239,560.843841825522,651.392356740487,756.180425262645,1018.34622156265,5799.75111551988,1.00029704205871
"N_all[11,1]",304.760588749907,0.846962770964111,64.5350958082331,196.547200564575,260.3986379704,298.542955104441,341.593990143838,448.720913606766,5805.81611389505,1.00008023165145
"N_all[11,2]",740.39985761359,2.70918392267004,200.407911876144,422.518103003492,600.378154782329,718.352499429769,853.502208843858,1199.51023259163,5472.08388864632,0.999612773258624
"N_all[11,3]",79.1788002313387,0.36768058324058,26.1989497741498,40.5277432704196,60.8720297470172,75.27458310875,92.1410907039646,141.713156801858,5077.22456661216,1.0002088757716
"N_all[11,4]",22.6584737505949,0.117669958097628,8.18206468731425,11.6349339971044,17.1128362210646,21.1967112086597,26.4670812925362,42.6269344993385,4834.97930809074,0.999928139028672
"N_all[11,5]",564.886804046445,4.77867304693279,226.151967136811,243.432434925391,402.495133222447,527.345586422311,676.972183523062,1121.87806156611,2239.68068439099,1.00079024759419
"N_all[11,6]",322.336052211022,1.17295550825021,78.4988288624241,197.912222368334,267.31966497783,313.246983719888,365.031336696361,505.075720064214,4478.8165757338,0.999718737636832
"N_all[11,7]",1408.96071016221,4.65685380668068,369.217494131287,804.82885952577,1150.17935386432,1363.48566952665,1622.03303397027,2247.60989732336,6286.07172837002,0.999771887638682
"N_all[11,8]",393.705696947419,1.72338391697807,116.538588686691,210.586136311744,311.440818044055,377.740133483054,461.865185417746,666.323633761197,4572.72871994464,1.00010695583481
"N_all[11,9]",239.539838359813,0.853007054006697,65.1114842105819,137.122304187765,193.832342781426,230.618803363537,275.534250141954,389.207518935136,5826.52943898523,0.999626939663279
"N_all[11,10]",398.663177100911,1.13923141832673,94.6361365360179,241.652729335802,332.046849739524,389.194125339264,452.522374462316,607.81923566769,6900.65153180396,0.999897571358302
"N_all[11,11]",262.111491174553,1.42787379220399,106.45349982028,111.67977987266,188.773444124443,242.807703782051,315.110909012551,525.386975535939,5558.27772956628,0.999843534939237
"N_all[11,12]",1562.38221222992,5.88770587341857,408.349371821478,913.492131189352,1277.42727070132,1510.62078295531,1789.82684414702,2497.26622195302,4810.29345073729,0.999936248240518
"N_all[11,13]",931.050735661734,3.3904990581285,236.375183458191,549.358288080135,767.039229874153,899.349585129706,1065.82135097993,1468.77901535351,4860.45024463066,0.999755222295788
"N_all[11,14]",43.0206570961602,0.25816584473681,20.70008929648,16.4169929560117,29.2954507928326,38.8385685831625,52.0835199161391,93.9690570195636,6429.05096349132,1.00027969644156
"N_all[11,15]",27.0546419466995,0.185818669605083,12.3533186781173,10.7119769014793,18.4884577019606,24.5357980274293,32.6978307728224,58.1102858401684,4419.65731918942,0.999883875471184
"N_all[11,16]",243.571396559507,0.639761242357117,50.4099450576641,159.436636421844,208.846917879386,238.209631406208,273.079927261923,357.80323886468,6208.64167095919,1.00035760388441
"N_all[11,17]",486.419329173937,2.1673215235158,142.86120184809,265.778509695428,387.375168316458,465.143084765274,565.7939247189,816.787868950512,4344.92126427065,0.999737147818294
"N_all[11,18]",6359.16874228489,21.9651593811567,1355.24382251359,4162.02211334184,5427.51240747354,6208.32242231684,7118.71358474595,9527.70374530856,3806.85341966192,1.00058351238488
"N_all[11,19]",401.205801944065,1.95031968754623,102.90195246946,240.211561878469,327.711017132425,387.1498178822,459.296028612922,639.303672851018,2783.7845540134,0.999649031497255
"N_all[12,1]",304.817523424333,0.818639061428514,63.6190723854716,197.764880459072,260.960929479415,297.799091611616,341.543668576867,447.092814407252,6039.34359526014,0.999582048332871
"N_all[12,2]",695.459070633992,2.32833569000155,180.649166535816,401.201956502665,570.109633974921,672.684491965715,796.016650916183,1114.41445734,6019.78158061143,1.00049007551639
"N_all[12,3]",81.7086700292262,0.318990657390033,26.7748980916769,42.2526326955563,62.9326923472287,77.5654570200393,95.5428612382917,147.040870864256,7045.30381322991,1.00020561486772
"N_all[12,4]",31.7838972426097,0.119760771395237,9.39972395922954,17.5113082729098,25.4460124769441,30.4422605876492,36.4774234106436,54.2346574515864,6160.28819934894,0.999746596819275
"N_all[12,5]",702.302090144203,3.19275374493381,244.249014256224,346.906843499606,533.262192035659,664.426415931636,825.326374450791,1278.85593678072,5852.41066918599,1.00013248271771
"N_all[12,6]",345.563422286793,0.95873816304538,78.1050597730842,216.356036351477,291.876592036475,337.33226492406,390.800898354041,520.046480627766,6636.79354757707,0.999809449981468
"N_all[12,7]",1289.25061670626,4.520501042229,340.220156980417,753.922166060792,1045.26191674515,1250.33733258113,1484.62377297558,2048.21804033815,5664.30895868879,0.999599335421184
"N_all[12,8]",444.423514013244,1.6170251147011,124.486179695029,249.539650559137,356.990767809078,428.157458529926,511.99663886745,737.777239530715,5926.64273411144,0.999822063714632
"N_all[12,9]",198.52092808209,0.633824279547332,51.4905921536821,114.499550540743,162.366195400036,191.572748619156,227.498230184673,314.739481648654,6599.60632050145,1.00015244454503
"N_all[12,10]",359.185096267136,1.20864334425155,87.5906911508048,221.465823580562,297.019041654189,347.59123276456,409.048947362804,555.628110049869,5251.93783444299,1.00013194260647
"N_all[12,11]",261.079133772098,1.33725210959945,102.802042582457,114.852618012147,190.461877144005,243.008081620002,313.039308208108,509.694320531905,5909.85607090438,0.999987864885555
"N_all[12,12]",1632.15715641292,5.35400562382072,413.868438637421,963.926683964505,1346.41326032476,1584.4488224685,1855.73723176711,2569.22177669355,5975.39984077526,0.99973142915758
"N_all[12,13]",1016.73765179625,3.81737212740699,248.18360329664,623.194040822347,841.323439824197,987.462377095682,1154.45580153256,1600.97788931334,4226.85329787113,0.999843752633778
"N_all[12,14]",38.279771080492,0.228386341531916,17.5241942436217,14.5642291959915,26.3113296718301,34.7503300222368,46.500502321728,82.9818186275932,5887.56698598536,0.999979447197946
"N_all[12,15]",22.1099162174251,0.194726475302996,10.2435169380723,8.40049909771682,14.8565448168736,20.2072698365975,27.0265841227621,47.3630269499621,2767.24858516179,1.0006848054251
"N_all[12,16]",266.220981489834,0.686855671064508,54.3228801738442,175.166824199306,228.355005799174,260.605157188658,298.824887210327,387.009983530912,6255.10492673007,1.00106059640252
"N_all[12,17]",599.964541460501,2.28912051007397,168.764255514196,330.185116748315,481.426054557506,578.930257785596,691.790254245444,992.499117077314,5435.30128634614,0.999610742592245
"N_all[12,18]",6533.70244800092,17.2066965814261,1312.17120850844,4368.86537910514,5626.40620257607,6381.67875717386,7299.05370753775,9450.26508132777,5815.48590572984,0.999851879376741
"N_all[12,19]",391.358262899843,2.06333088274461,99.4472083577737,234.966066000374,321.530773840159,378.885948981049,446.740398435968,626.860474299258,2322.99050994054,0.999861874785891
"N_all[13,1]",281.534065652284,0.766789015538754,59.0343686727829,183.845378376543,240.50815202965,275.16444087222,315.744223018492,414.892014043789,5927.31599185616,0.999863631227072
"N_all[13,2]",710.950535368242,2.43662661673858,188.455022754504,404.23312426317,581.885393269173,690.002134678787,814.182568375577,1134.93088949234,5981.87682166804,0.999840961276411
"N_all[13,3]",89.1173599432128,0.348014521343945,28.4584969596473,46.160065585119,68.9980645446768,85.1215555521968,104.208490508919,156.972874252418,6686.9670992101,0.999654877537728
"N_all[13,4]",38.9885526486211,0.179170336795037,11.7274279525953,21.416851663823,30.7777004460022,37.1837419016157,45.1255721789258,66.9724377371475,4284.23541552833,0.999732456054255
"N_all[13,5]",653.228615938511,3.99618491614243,234.94232536808,309.358537761613,487.786316840972,616.375176813838,776.017706848275,1208.84307617341,3456.45871123376,1.00003445704592
"N_all[13,6]",321.06355489111,1.28068177830205,76.8184331202542,197.883874830748,266.662647846095,311.427913964069,365.818815553489,497.200715443517,3597.89453163109,1.00020251490849
"N_all[13,7]",1202.81348856212,5.46574470376856,331.937218615658,682.971709115991,966.786170546098,1160.53734959244,1386.20654290593,2013.05552364308,3688.18940543855,0.999978604087734
"N_all[13,8]",419.639430675495,1.68528518357371,123.212575984424,230.637875176665,333.070938192332,403.171687137123,487.246221294113,705.22079448946,5345.19150474038,1.00006390463797
"N_all[13,9]",148.492291379106,0.533177568113717,39.8760867636271,86.4769564106488,120.549102989535,143.59362579168,170.114510955284,238.734773674151,5593.47016118789,0.999815219086389
"N_all[13,10]",452.099387550386,1.38568401936878,108.179268519083,275.023517085321,375.967949303096,440.431291457561,514.58452003823,694.879358107763,6094.80288159789,0.999794493812783
"N_all[13,11]",223.477905667373,1.07551107946724,88.2194801835812,97.748151251849,161.452315437116,208.066034760007,266.827820762246,437.202835991779,6728.20494064822,0.999967780931848
"N_all[13,12]",1328.93693742881,5.81643754939113,355.924415925385,765.990361038108,1075.54973881031,1284.85593689247,1530.93768414123,2160.92824730718,3744.56542622776,1.0007559376836
"N_all[13,13]",729.49352278208,3.01300511069947,187.830979604878,434.645995638303,597.314527368479,705.957718528796,837.131060953842,1169.49812612324,3886.28557289454,0.999707886846346
"N_all[13,14]",53.9103037355657,0.349606186403978,25.8945145386835,20.1987180499576,36.4769642338441,49.0781493500141,65.1732714492564,117.721777602627,5486.0192706597,1.00009237946361
"N_all[13,15]",39.2237203556818,0.211710018876727,16.8407954447449,16.0738249490958,27.4099498092688,36.027950275516,47.594285310049,79.257865692459,6327.6489898701,1.00032321808824
"N_all[13,16]",269.840715819324,0.938605261574619,58.4547342359212,176.46718599878,229.585674254748,262.042700845626,301.973670112868,409.714796688908,3878.5858777568,1.00086675828631
"N_all[13,17]",570.468656016582,2.8148683960808,171.312639573272,308.76886114007,451.71549705762,546.126975071596,660.974109255718,968.533447176999,3703.92874578624,1.00059404825557
"N_all[13,18]",5950.52270226238,20.9136098389866,1276.22776653871,3821.11573760736,5039.93360124105,5825.56882247345,6695.23785293635,8747.77699711504,3723.90313027294,0.99997403768985
"N_all[13,19]",546.276353642769,1.75479215498322,124.809057473651,340.612913206851,457.766632582204,532.742505080692,619.70585827099,824.641579027962,5058.72229251316,1.00032078925401
"N_all[14,1]",398.20494184034,1.49855764991552,86.2737345015274,250.473036460359,337.346512364445,390.822779559449,451.135025191772,584.634835862834,3314.44094314983,1.00026938494724
"N_all[14,2]",904.81697368338,3.05293619208377,237.006542724676,535.72330908965,739.094866632598,874.292747970789,1030.77582304426,1462.69002231802,6026.77829464234,1.00018015230884
"N_all[14,3]",119.592936692113,0.646350653780107,39.9915065264975,58.8696546792047,91.1327828475517,113.530338781552,141.312851693593,211.830831276418,3828.23989449962,1.00053045518576
"N_all[14,4]",84.2404475113962,0.406983673508668,25.5348951602578,46.5041584333388,66.6411067769485,80.1217869847289,97.8794188372648,147.512684870816,3936.53559891654,1.00024298632146
"N_all[14,5]",1202.57957904274,5.46398387391353,408.742487168006,600.241383309601,912.741799935614,1141.93523976626,1422.56894865655,2157.3308672113,5596.03920797592,1.00038252197626
"N_all[14,6]",596.472048662878,1.91189610597633,136.490139871712,372.644388193009,500.688084052131,582.808717829445,675.364254376715,911.91159158372,5096.52290438749,1.00026860062981
"N_all[14,7]",2398.25926964363,9.7123130138841,641.216641741996,1387.29743801916,1943.59290329043,2315.04474934875,2773.32332707978,3837.86332663059,4358.7727707185,1.00046447183205
"N_all[14,8]",594.598666353198,2.13550533344406,165.831093466289,333.021101591221,476.111071727508,572.792029892547,687.905947148308,970.285641819536,6030.18461044533,0.9998354459464
"N_all[14,9]",197.329213517177,0.645356966871288,52.1826904877416,114.405988189943,159.3128707657,190.894096115752,227.383557185695,318.056737645912,6538.12062289539,1.00006119486489
"N_all[14,10]",663.78599460326,3.33048282326945,173.182824881165,380.036555328706,543.906656146191,644.415769255432,761.663511769768,1059.11288428815,2703.92874335371,1.00112092815529
"N_all[14,11]",267.684358218786,1.28585925197084,104.508115089844,119.193768464912,196.313426434435,248.714203290323,319.408547680529,518.488674102012,6605.61353809198,0.999765123791384
"N_all[14,12]",2218.39758006042,7.3684708853514,560.429554913794,1318.22851531255,1829.17646108537,2148.23226555986,2539.5813297809,3526.53445997671,5784.78625730933,0.999984281446798
"N_all[14,13]",962.237298038643,2.80778041922539,227.122371290105,587.447699349105,803.44955155304,935.60718119499,1091.54466950853,1475.20428065786,6543.25047794761,0.999683275379048
"N_all[14,14]",64.805971596772,0.487959116043986,31.4620820023265,24.7121763012302,42.9454334372618,58.1473075367036,78.5258148347876,144.572214700436,4157.26822162078,1.00005789435499
"N_all[14,15]",81.3438353873864,0.674597482821246,37.5452582730112,31.9563207281969,55.4862130314369,73.9347590331964,98.5482081660637,173.434099673303,3097.56736224118,1.00113698631385
"N_all[14,16]",450.887589256618,1.20971872697111,92.7434464689526,292.663009482247,386.531858609876,442.505982404035,507.106455890758,653.41812310995,5877.56788821718,1.00026876165938
"N_all[14,17]",1157.68488785584,6.36968081536959,349.258589167523,623.324424931704,910.873051906091,1107.6432231496,1354.34904669403,1964.10812459372,3006.48367427915,1.00090525847513
"N_all[14,18]",9449.20679788385,26.2199724704482,1857.35264344185,6303.17404433996,8155.9776928317,9261.32141673623,10572.4231936907,13495.0978032925,5017.92624606368,1.00014776488744
"N_all[14,19]",783.714604105264,2.82019779710168,184.131915871307,480.16651053402,654.033782016302,765.226479223541,891.657177664443,1202.95984658532,4262.83974088709,0.999630365255769
"N_all[15,1]",307.93045873371,0.779536894248787,62.1159367937393,203.211319660428,265.69417174012,301.648410404173,343.682957495268,446.957496846674,6349.40061567495,1.00122933516333
"N_all[15,2]",929.482123181625,3.34798387225597,246.226785337338,548.573543181982,758.331982480006,893.269476586844,1066.98228857641,1506.08030538392,5408.83677445299,1.00032863613847
"N_all[15,3]",66.9810684440611,0.303030991115407,22.4185105853988,33.9977991656891,51.2711552978444,63.6437382242422,78.3498009661951,119.685472331128,5473.17607198825,0.99962207447691
"N_all[15,4]",101.663806493129,0.367485013886194,28.8018264892703,57.2227983997299,82.3994147161176,97.736240380268,116.369322790868,167.57044071049,6142.72104062697,1.00018821451548
"N_all[15,5]",883.404258114273,3.84932108402396,299.411946822867,440.346488399965,670.497532160284,835.796094450561,1043.16231999577,1587.44444749374,6050.20337159438,0.999597084754117
"N_all[15,6]",511.340844920695,1.34630933809435,113.106115022187,327.525410573209,431.188935409392,498.624889505214,579.878449320346,769.141788830372,7058.01301270816,1.00026365469065
"N_all[15,7]",1951.1360252718,6.42417869940568,500.313379603325,1140.95826745765,1594.38595942049,1897.89381088772,2241.27663280423,3064.88045006376,6065.25421233092,1.00025106123534
"N_all[15,8]",635.922887113,2.26469440977105,177.621115195494,363.47863212942,512.571677883676,609.225874259756,728.415384056978,1058.66623360201,6151.34335033268,0.999619812618506
"N_all[15,9]",141.489636737486,0.453706303387966,37.3870101359534,82.1813239530659,115.164566250075,136.794203735525,162.575947461397,225.779897878174,6790.34508144716,0.999790917770132
"N_all[15,10]",463.779146925334,1.50328097286977,112.020317990682,281.342560130075,384.927421343308,450.780071663271,528.529008601033,716.089714266043,5552.81597873047,1.00148178768196
"N_all[15,11]",234.795175526552,1.10954265046788,92.7079928597226,104.383398955309,171.521268237788,217.841483285348,279.510345123889,465.25631656722,6981.46162584033,0.999982754785586
"N_all[15,12]",1898.20669514199,6.16271734429716,473.476453199382,1139.34555263052,1568.9972650632,1840.1633563569,2160.35094999264,2973.74911346947,5902.72123055235,0.999675562059745
"N_all[15,13]",828.050779207051,2.66630019368004,200.402871654239,501.559256699679,691.927990016706,802.688771815446,940.389446382692,1300.95545878081,5649.23696763638,1.00017486743826
"N_all[15,14]",30.4160561912832,0.201552378580386,14.3179923177178,11.298561241607,20.5516535647751,27.5029832892686,37.1467616658528,66.4576155309841,5046.4781197867,0.999812986230108
"N_all[15,15]",48.0505146942749,0.270974269604116,20.5202253099462,20.0404746047687,33.9493667275704,44.3450023733686,58.0033289289454,98.2618443735201,5734.66616616538,1.00063782463184
"N_all[15,16]",513.764227883813,1.64427592070249,106.492031268829,334.441878205892,440.081035487428,504.23662790118,577.549626112027,754.175220361024,4194.5447128663,1.00124102818657
"N_all[15,17]",1046.66820068402,4.02459679901636,292.999548421912,590.805378139341,844.635849110096,1005.1946914281,1203.913715374,1729.99137236027,5300.16203755688,1.00067875065165
"N_all[15,18]",8913.59773706114,23.7521980482304,1755.54495866556,6007.88094264291,7662.79390728205,8732.870348458,9931.01660542098,12759.7007978881,5462.81257492043,0.999794281078065
"N_all[15,19]",699.229960918315,2.24426748062131,160.55843673415,434.321210890172,587.017008871631,680.06501435128,792.422327948132,1068.71727961414,5118.19736465026,1.00016982321365
"N_all[16,1]",232.029546725547,0.619687618387882,48.937415488732,150.416696420352,198.398360186611,226.861894510179,259.600248297664,341.87855457517,6236.43529998759,1.00020813110114
"N_all[16,2]",624.943415342247,2.87176708784857,175.784257947355,346.631525084119,498.122543518064,603.582872059412,727.98410624578,1019.90376926584,3746.80880488282,1.00075178886744
"N_all[16,3]",47.3959524249178,0.348358947558418,17.8948125385082,21.8592244688245,34.7928950753195,44.3273193895924,56.6511549049403,90.6003224704407,2638.76288368046,0.999802461909798
"N_all[16,4]",117.480976569024,0.433882120871358,34.6609668759285,64.4202648907761,94.1369586420535,112.528442490187,134.952630235033,199.995517735992,6381.72135731559,0.999935489359607
"N_all[16,5]",806.663820526073,3.97578824772255,290.42517909064,379.824633423337,605.192029420679,760.594209953616,956.639573364464,1486.25931688499,5336.07641730502,0.999825059319811
"N_all[16,6]",409.390558073656,1.21832187307007,97.8603723500862,252.89949971346,341.132860997175,397.785871211964,464.488707483746,635.126826139836,6451.92997265496,0.999902356516818
"N_all[16,7]",1766.6470008806,5.93327841325741,478.591082610431,1002.82610742683,1437.67644332708,1705.76389007942,2031.14264493561,2847.3160713189,6506.38486926629,0.999923511158484
"N_all[16,8]",598.029492178163,2.20568347706006,177.245459109042,325.38641161131,477.656935473958,570.704869567428,689.829444578429,1017.86660258226,6457.49168587938,0.999909446254194
"N_all[16,9]",127.311512848598,0.439707153625959,34.2625291490625,73.0007760766454,103.049821791301,123.170613996933,146.199443524734,206.57212476922,6071.72052978336,1.00072234642065
"N_all[16,10]",246.739290620524,1.83267017662304,73.4257317862271,136.236747062468,194.604442403454,237.503829354375,286.812076313394,416.941193012565,1605.19553110524,1.0007554133018
"N_all[16,11]",191.088129535564,0.916786605144548,78.4893133047259,81.3699486479854,136.717667148101,177.744746265829,231.068562647993,376.771736562081,7329.67199581924,0.999774618494551
"N_all[16,12]",1587.53758149504,5.46753787412101,418.173995540652,937.67125732798,1295.02215840598,1537.84829362025,1815.5167840135,2561.42448243099,5849.6575790244,1.0001687621938
"N_all[16,13]",729.899385928366,2.4593603992012,184.649779481207,433.17208126033,600.281592215352,708.613247052519,833.110516598427,1150.6200202026,5637.06749999081,1.00023299794519
"N_all[16,14]",25.2078879825648,0.192956215263575,12.890468620155,8.91681230611512,16.4509496946328,22.5942109386031,30.741791365102,56.3578047981672,4462.92786989737,0.999629205183212
"N_all[16,15]",19.7567952867421,0.237369386164153,10.0402681356517,6.61192864734058,12.7376763516652,17.7110360238292,24.3434666945557,44.8337406895409,1789.12716188364,1.00196309663584
"N_all[16,16]",465.758838483044,1.22810442454168,96.6913184003893,301.059367281723,397.36375803341,457.959889592335,523.84796662491,682.496354702338,6198.75357609659,0.999843992640279
"N_all[16,17]",885.048497975742,3.44427283337631,254.098542698239,487.08111923031,711.897529099189,854.116023011502,1019.50968699394,1478.49907345752,5442.63557725007,0.999873408438673
"N_all[16,18]",8354.62433258756,21.9430037875624,1687.17477477454,5482.79911163084,7215.93555002361,8156.24571106616,9335.34769861105,12071.9731910441,5911.91241006755,0.999716747400756
"N_all[16,19]",446.611313686915,2.49872765712178,117.658876243542,266.22389469384,362.98454361175,429.787752392327,509.999965377626,725.064211372327,2217.23407671099,0.999911210844221
"N_all[17,1]",236.772806108494,0.729530266871714,50.812969053709,153.849280700751,200.913845051139,230.892603375481,265.175765855577,353.001055301316,4851.34895668368,1.00041172075659
"N_all[17,2]",851.614828445761,2.76891417960454,224.077468907675,498.134392184765,692.939046929822,823.696194866101,978.296964223451,1364.73606794383,6549.03618157552,0.999835928932089
"N_all[17,3]",73.6000083886954,0.314791573184192,24.5842238194378,37.8508478771576,56.4019034950117,69.6984338547681,86.25668633202,132.450431749215,6099.11477816799,0.999853477596553
"N_all[17,4]",137.180084115282,0.463923553696162,38.1920584375185,76.8368893141405,110.484563583083,132.569456453859,157.58761164569,225.228948092695,6777.24658455066,1.00028296679447
"N_all[17,5]",1105.53652769129,4.86472442331425,373.677969016381,539.867147808494,841.646559761729,1051.6152463987,1304.69446421908,1961.84228692788,5900.35987387603,1.00020963719925
"N_all[17,6]",500.754394065432,1.45455273022398,115.629788305618,313.079778163488,420.306464097313,487.658275152183,567.5998972268,764.154507186675,6319.46803411048,1.00066214307945
"N_all[17,7]",2209.1030059971,7.32629574041162,580.767476909999,1282.27017844693,1810.33147861256,2139.38272915962,2522.31619162879,3546.34614891016,6283.99287458603,0.999715254804861
"N_all[17,8]",710.893186720134,2.44925979423995,203.542463431544,399.850201555742,571.744097105031,679.836112393535,820.659011806465,1186.36281598037,6906.21900024074,0.99960124256883
"N_all[17,9]",198.704947700555,1.10396305353409,57.4861239061451,111.197004397113,158.66392507644,190.314458798361,229.648078260662,332.915391114547,2711.54599217524,0.999859448262117
"N_all[17,10]",373.292793178932,1.04108352368378,89.1086157813418,228.397600611425,312.765529905915,362.823821096236,422.209364484769,581.98355012423,7326.02249839406,0.999550543270609
"N_all[17,11]",192.289369174045,0.990993692127346,77.1143759300146,83.2277024663976,139.138816628421,177.821446641081,231.483127397326,376.787789220601,6055.20591300702,0.999745199375614
"N_all[17,12]",1834.24487595712,5.78158082028833,459.273020268694,1094.01584177936,1512.56049242472,1775.20676014303,2103.0049887317,2879.78056922019,6310.28051413431,1.00050525429652
"N_all[17,13]",805.929463864743,2.64544316993367,193.793773721285,491.360966109158,670.602673620807,785.810840419212,917.357183471769,1242.33137839264,5366.39661316105,1.00000706732729
"N_all[17,14]",28.8899821542628,0.236043835797735,14.0138968743027,10.1801988952245,19.0872435684054,26.1947649194064,35.5050609339082,64.5039190014439,3524.78399345478,1.00000932064702
"N_all[17,15]",48.957375301994,0.287295651863355,21.4624305552234,19.4083351596795,34.2082413339886,45.110703674397,59.0268450912796,100.505640079313,5580.84164454487,0.999987169926113
"N_all[17,16]",508.614359011427,1.3747083068756,105.371609452386,334.28762167837,435.071286643599,497.647973671836,569.753051058419,747.441364001705,5875.24678013283,1.00056908627026
"N_all[17,17]",970.306170973533,3.69344957212361,271.606811459853,542.233304305614,779.94917902084,936.36542707306,1123.12193646957,1610.26598297415,5407.75449068995,0.999712652286532
"N_all[17,18]",10185.3269428702,27.8999323902264,2050.25706225047,6663.91892540226,8797.04612937939,10001.2843810791,11372.3565235457,14789.5291247776,5400.20605367042,0.99996800705665
"N_all[17,19]",591.791030493114,1.97368506909426,140.153621943884,364.962836403885,493.934788341677,573.704211195187,672.831178635728,904.175772727828,5042.58165773175,0.999828161009734
"N_all[18,1]",296.245599017774,0.75046101967979,61.3218036376883,193.047274735938,254.061698623755,290.159075368562,330.36749833625,438.359691997263,6676.87986267809,1.00003130730605
"N_all[18,2]",857.996063068493,2.95671567103128,222.053874259605,506.225002304726,700.694924120158,826.655136327877,984.265698404236,1375.45182151256,5640.2399907243,0.999742717949719
"N_all[18,3]",123.278001923791,0.513640266351296,39.9741017601172,63.4297260140435,95.4297036220828,117.935378310173,143.897660828854,214.03066706058,6056.74518009063,1.00009207436225
"N_all[18,4]",145.832590744416,0.551808832250706,41.2191604260967,83.3647944694179,116.921946788263,139.765862852904,167.407005358951,242.877651944307,5579.83026479353,1.00000044457166
"N_all[18,5]",1957.89167472472,10.5226007576374,680.826934868884,976.595104868735,1468.97277146552,1855.55228558648,2300.31161824927,3635.18504614156,4186.27035288436,1.00064884089284
"N_all[18,6]",799.438360053793,3.06869441750449,190.46520738327,484.465984315536,669.858172621009,778.453834298689,908.885773878309,1234.40392805255,3852.33477680391,0.999862266489049
"N_all[18,7]",2960.19001196954,10.0257230698575,794.03844169568,1705.93916990102,2402.33648674573,2862.02646412339,3396.33135207805,4775.1042646751,6272.65855735594,0.999795274675562
"N_all[18,8]",802.4742436632,2.84846627461189,233.776101331973,445.675568361217,639.273797634359,768.344507060918,930.884661173951,1350.92531532608,6735.62747257228,0.999842535551656
"N_all[18,9]",161.294562632567,0.557975378948814,41.8871401565872,93.1691246244455,132.09831427824,155.595295537365,186.08094287188,256.984232585083,5635.48564973909,1.0001343869833
"N_all[18,10]",525.553479775714,1.95762005287209,129.304468929237,317.986490987962,433.680642134201,509.925310000023,597.460103244655,825.588810951051,4362.84977933853,0.999905077506816
"N_all[18,11]",243.865306386611,1.14685270339432,95.9080235640288,107.25702559894,177.749428017973,226.654354643581,290.097923858682,475.498098195413,6993.50029140732,0.999619260851743
"N_all[18,12]",2451.52669637975,7.91112742555314,621.72986707335,1458.38854712437,2017.08296293557,2367.39172091016,2805.91906184126,3849.3614744776,6176.2760973882,1.00027798201745
"N_all[18,13]",1065.71963805962,3.29515553169215,258.088469329291,655.569063291607,886.270649159354,1032.29202633865,1206.39332265301,1659.75964782749,6134.58753049063,1.00002219087426
"N_all[18,14]",91.621783873008,0.890458982068581,54.4403154218387,27.4314159813085,55.2536004332766,79.4018436834212,112.350981249737,234.294480443419,3737.77734663111,0.99989661121231
"N_all[18,15]",77.7676433881894,0.49851213648173,33.7735990473537,31.1977779701573,54.2803270858843,71.4246365056326,94.4226070206861,159.015551176689,4589.89990559325,1.00021632452044
"N_all[18,16]",654.470074495034,1.7589144660684,134.532322569634,429.383598140512,561.677213301811,643.0215613914,731.060374071331,957.059973494038,5850.10738874227,1.0008501852326
"N_all[18,17]",1395.76852705419,5.45337507925979,394.335665935385,777.71892765554,1117.15695965307,1342.91126785547,1619.20348403104,2287.67450593908,5228.79216085375,1.00040123449468
"N_all[18,18]",12333.5600566472,41.0994482407567,2526.11013068819,8143.20701490311,10580.3054500499,12091.8486130544,13791.1466589998,17933.2173794047,3777.74446595839,1.00069210848531
"N_all[18,19]",854.438143822853,2.61891071830934,197.283252421527,527.094653706988,721.129446960354,832.530025277575,967.595472155004,1287.78656597101,5674.64963035815,1.00000609232998
"N_all[19,1]",282.199743598794,0.786628237457051,59.8079926605164,180.676353446463,240.207867643725,277.422496700151,317.356017284694,416.735029606803,5780.68611789399,1.00024863206314
"N_all[19,2]",988.285882173501,4.29007874757122,276.92051556387,569.592242662565,788.859784208488,949.918928330982,1138.53721328024,1620.97682365337,4166.58009612762,0.999984374338544
"N_all[19,3]",144.105547105615,0.535490697741921,46.1316802474385,72.7949835344965,111.637856702197,137.520463615012,169.476355143652,250.937436666117,7421.55114118446,0.999801361250067
"N_all[19,4]",160.084302867668,0.624661981604515,46.3581988676087,89.4464270021986,128.306170915372,153.167727536578,184.625996866225,270.005728682033,5507.60720296018,1.00030037497902
"N_all[19,5]",2105.70772190007,10.0439024180502,734.442879416208,1018.60756598344,1583.49027645107,1989.01712984686,2510.46821456755,3880.61877594412,5347.01102906479,1.00020351923144
"N_all[19,6]",787.422234852461,2.87804631110029,183.875281211583,476.332339387579,656.056448936987,770.42415133897,897.39062688067,1201.85601364711,4081.79457317072,0.999862291829201
"N_all[19,7]",3011.22927288094,12.647686856707,854.282801798136,1680.26630223322,2400.07540456073,2899.12153482395,3493.04561137693,4975.23470053572,4562.27140983991,1.00018984883984
"N_all[19,8]",870.218682035328,3.9621491053499,262.09216043418,478.269816197197,679.398351407046,832.965431334279,1014.35876960329,1483.40450262868,4375.68884081913,1.00024447023157
"N_all[19,9]",106.184625383754,0.343396383504222,28.1606196548408,61.7398558434076,86.6362249208911,102.456611207222,121.829689028894,171.589675080803,6725.01070100646,1.00030885105148
"N_all[19,10]",450.475480286959,1.39680330227747,110.542938563793,269.675694062769,374.586484291735,438.639976379332,513.40972223472,705.925455580039,6263.13112641717,0.999980258326218
"N_all[19,11]",266.265478833201,1.3282760112112,104.573711679394,115.58660149471,192.960604223161,247.33266412082,321.64642297156,515.412721149068,6198.23998212532,0.999651626366094
"N_all[19,12]",2519.60193938791,9.27901463809583,655.861110652603,1487.77680491982,2063.17661539621,2429.42523824832,2893.28136133655,4028.41987167145,4995.97251626243,0.999739126200036
"N_all[19,13]",1124.79021698157,4.17254716175475,279.446485211134,684.939188065738,929.938502031699,1092.44093343035,1283.87663142662,1758.8754121719,4485.33406761971,0.999703166218268
"N_all[19,14]",91.3904117528324,1.16421577094591,84.5236593241811,17.5167443289366,42.6916952710791,68.0826557238409,110.43302734826,309.242797393669,5270.95884828787,0.999614033563881
"N_all[19,15]",58.7265874477347,0.32891342915189,25.384931484579,23.8002912149775,40.9870021979516,53.736167173403,71.370446603564,120.91362458639,5956.46754721667,0.99981836799256
"N_all[19,16]",723.020124376374,2.44420319306002,157.11059955864,459.660684558192,612.923624810206,708.168531125531,816.327016467223,1072.4409412042,4131.77209012552,0.99971918502586
"N_all[19,17]",1533.62078289119,7.61389688680234,449.472217111015,830.603644658728,1218.74400677099,1477.64883854511,1778.96188927373,2590.43421514609,3484.91124992703,0.999957293458381
"N_all[19,18]",10390.4191278191,29.2791414629432,2141.19087864663,6824.09889804649,8897.64029139141,10197.3046393188,11623.2266967132,15176.2347806471,5348.03318370373,0.999569754897593
"N_all[19,19]",910.651123306945,2.88201342721232,216.906437530502,562.351989051261,761.264270666043,886.57751742511,1027.44053203694,1426.9817389055,5664.38655699953,1.00035989955592
"N_all[20,1]",170.774657346961,0.559217867807111,36.0157066270693,111.000875229939,145.651128381553,167.407267368369,191.250841990251,253.10477015992,4147.83814784053,1.00047649992939
"N_all[20,2]",684.146727298399,2.12996094907231,175.02322366385,400.494143414997,562.577647333548,664.543561816615,782.898897766704,1084.4477112045,6752.24318234565,0.99991635904667
"N_all[20,3]",142.613560763712,0.53313558074864,45.1001747141731,73.6689813994107,110.641298542534,136.192554197224,166.910882045784,246.008884461294,7156.17764836093,0.999782733255246
"N_all[20,4]",205.237617164698,0.647358367374327,55.8478999656861,116.656681026096,166.380288460421,198.464548371704,234.474929163884,335.278836162657,7442.59115649976,1.0000109669387
"N_all[20,5]",1776.40238108767,7.60286358725397,603.324308191755,891.148199154918,1357.24771942616,1677.70681856534,2092.50295107811,3182.92402979423,6297.19657418913,0.999990901081969
"N_all[20,6]",450.750443670266,1.25307411697247,101.888081877333,282.369822997684,380.20554055656,440.934684782983,508.295305096826,685.019811314328,6611.39726609864,0.999875364782835
"N_all[20,7]",1820.1403636388,5.89824653046693,473.269177502794,1057.8382578405,1489.90176499814,1756.01728250803,2078.01150917025,2930.29663574803,6438.29097598644,1.00051149586282
"N_all[20,8]",564.156504498881,1.917434908442,156.825531714725,313.065967607784,455.464457401011,546.1112369551,651.718688211742,920.974607812491,6689.47873930501,1.00030930818412
"N_all[20,9]",62.2809547255989,0.220240559483932,16.4493461515852,35.6011960847655,50.7717137122144,60.3668491005586,71.7766074364037,100.820632202269,5578.31039663797,1.00031180293185
"N_all[20,10]",254.490882476782,1.24857712130763,65.0571942087877,152.006925404081,208.597797805854,246.088683710696,290.344877382526,411.915307227888,2714.93797772772,1.00049151232641
"N_all[20,11]",130.648199219145,0.809665414694834,54.2446107498461,54.80400859955,93.0848315985567,120.723027566592,157.685106278235,262.154775178444,4488.50814035752,0.999609180087259
"N_all[20,12]",1772.96609720757,5.85155191704507,434.019725311231,1063.36228061913,1471.78196794495,1723.19436139979,2016.53198051087,2767.76061793915,5501.44544092213,1.00043115085138
"N_all[20,13]",805.348235010998,2.44342557731273,192.515990790556,493.589556030199,672.588234921013,782.48406016159,912.618244646515,1251.98679547371,6207.76668957109,0.999997518748658
"N_all[20,14]",72.3168967145507,1.3298186269286,94.3096096331454,8.45706268860945,27.0038887875567,46.802205691286,83.321905393925,305.923601686038,5029.52615213735,0.999651666257842
"N_all[20,15]",24.9274384580872,0.199260124649539,11.2173085924302,9.74544978277417,16.8685000354185,22.8100271127594,30.5297796494493,52.9972704437232,3169.10435295934,0.99963119950528
"N_all[20,16]",573.944117294971,1.56428602555783,118.364420756877,375.333301362109,492.32941692676,562.4644352083,644.22066794416,836.360903720873,5725.45523026668,1.00023878932535
"N_all[20,17]",1221.5382675441,4.76916592836922,345.934865774577,687.783009460636,977.346683155009,1176.53613586846,1413.45405033808,2049.6820776308,5261.43010894114,1.00018939215081
"N_all[20,18]",9019.615025671,23.0712791337572,1776.78764385277,6000.14165620409,7799.01010039334,8864.74045330368,10080.156799043,12948.3097567416,5930.9969878506,0.999845280857841
"N_all[20,19]",774.668149300364,3.36895752203331,186.721380354175,477.532744313337,641.621931633873,752.06480667769,878.411487279923,1202.25490504959,3071.82894445958,0.999836917007919
"N_all[21,1]",159.367722541812,0.428426312137115,32.7299402862587,104.597551190895,137.293162046304,156.158481668894,178.372718804487,232.422325224819,5836.30735514827,0.999787429220707
"N_all[21,2]",549.300289280333,1.8414435542433,144.675962987832,321.314348663954,449.224017559826,531.51023773251,629.618646239705,883.556603427804,6172.71096314949,1.00119187530153
"N_all[21,3]",179.507929142402,0.747731112036515,59.6216814322701,89.8760608341453,138.171065306603,170.633764794526,209.46602204844,318.851911253791,6357.95627142101,1.00004145986255
"N_all[21,4]",296.9934995473,1.12586805217719,87.0202314221998,160.538114400201,236.718415925947,286.444913555355,344.366469902906,498.410158563118,5974.0035516034,0.999536981415657
"N_all[21,5]",1431.12089359405,6.67677472563058,507.662049164124,696.8007579278,1077.55284631116,1351.6007871467,1687.78722003205,2628.66365477297,5781.17279271728,1.00060920807967
"N_all[21,6]",359.404880746657,1.0904770592769,83.3053882179217,225.057556828568,300.217515241766,350.487561567074,406.517908430624,551.054868496399,5835.97090405375,1.0000271255655
"N_all[21,7]",1346.27120241653,4.61290846109988,358.667717526325,777.300564475334,1096.79451228962,1302.81293025264,1542.56081397866,2153.35894284752,6045.53730025061,0.999815199468061
"N_all[21,8]",455.240026861258,2.19459575912956,135.289245707658,243.23635851506,361.54672568885,436.986378030212,531.132663234181,770.289411756445,3800.29648154169,0.999779383908651
"N_all[21,9]",45.158471873194,0.185679599062317,12.5443010255976,25.656858837199,36.3314479392503,43.3356243153588,52.1584259238569,74.0301380985964,4564.19882784914,1.00040368250862
"N_all[21,10]",234.403293339484,1.21875693235856,61.6178193591852,137.91361971563,191.115447295447,225.988585186433,269.752095900589,375.40871358985,2556.10359610126,1.00032616708692
"N_all[21,11]",143.472635819554,0.737695795026951,58.6255749869457,59.1086037194008,102.522980617647,133.133301871672,172.699594821269,290.106834758561,6315.67268975152,0.999795714127103
"N_all[21,12]",1154.88997544497,5.85828512221216,321.514937206596,657.90763391905,930.102417656149,1114.98697593849,1333.44828861478,1916.19250670003,3012.04391300824,1.00019839302262
"N_all[21,13]",600.238521028149,2.78318084449972,150.386735942587,358.511833275569,492.743744993872,582.819306824655,684.602180641686,950.159100302252,2919.68644292929,1.00069150389411
"N_all[21,14]",71.0806791468583,1.44555269416577,104.081553063183,6.21416760642342,22.9088587928223,42.6600820585645,79.1446275038526,304.046940440452,5184.17523410196,1.00001759206674
"N_all[21,15]",24.2819753020564,0.180378136821748,11.0290252423942,9.66144872404558,16.683378832078,22.0864784208901,29.284468023163,52.3552792587487,3738.57819014507,0.999699489434074
"N_all[21,16]",446.209624213793,1.22285545899229,93.9135712234058,292.003696126363,380.019693545634,436.274845912305,500.929334022715,659.349209070147,5898.0229485616,0.999759138908442
"N_all[21,17]",842.858517110137,3.93416561360127,249.407249378037,455.633381664712,670.185302808318,809.578302330163,977.864996489949,1429.00817733733,4018.9524617335,0.999617248800413
"N_all[21,18]",8855.1117987791,23.9818766603172,1785.97450287876,5801.30902979855,7609.10482651296,8695.89259515737,9957.1104472766,12759.9097680767,5546.05508547101,0.999553908727207
"N_all[21,19]",924.590146130742,2.8864369958778,215.351471341955,575.785076805948,775.856659115875,897.961911250426,1044.81685077873,1418.74117531451,5566.36296680248,0.999928878457598
"N_all[22,1]",148.211081992976,0.547067323420322,33.0333320706889,94.6354675456873,125.271840569533,144.224920548576,166.698325529561,225.247363106182,3646.05500694533,1.00114099909417
"N_all[22,2]",459.320372179751,1.92031110000315,126.737047392347,262.119978366653,369.987394409613,442.875884757588,530.38319318026,760.100690122836,4355.76043407117,0.999957556316029
"N_all[22,3]",247.951893927948,1.05870900154302,80.4965959684955,123.829760248163,190.804037173104,236.155828470438,292.831690949519,436.727885419968,5780.98469312604,1.00021272284929
"N_all[22,4]",333.021502326516,1.21621968769671,95.7500233566192,180.18938073921,267.25787557784,319.306237792078,383.896604825428,561.674648379079,6198.03063517592,1.00015079759388
"N_all[22,5]",1708.32501224412,8.13553619461067,602.515581790159,810.606054482666,1282.79759740982,1619.09768207957,2022.56136455422,3135.15666037431,5484.84302164401,1.00022103308587
"N_all[22,6]",378.862302482256,1.046920675897,87.9370108466766,236.583090738467,316.698360751592,369.859987662466,428.681699488081,580.724807125673,7055.305832659,1.00020424870356
"N_all[22,7]",1158.55058277607,4.99316179091958,331.335758911175,651.995562136799,921.21963108553,1110.24571208374,1342.63138362541,1954.55695014976,4403.37163944081,0.999825545439821
"N_all[22,8]",499.812308351638,2.06760447060457,148.985787642492,274.3224955929,395.671722965103,478.564768894783,580.367300349006,859.837405513377,5192.23998703075,0.999797689762726
"N_all[22,9]",44.8830872437142,0.164092863562461,12.3410862138569,26.0563087351073,36.3448249256862,42.9917339194433,51.5158051397269,74.6031767468542,5656.23421761515,0.9997891226482
"N_all[22,10]",318.193901720264,0.964332714121786,77.2214716344992,193.5437778853,264.13692785758,309.004612023875,361.344348932648,498.297330850618,6412.42572301554,0.99978310267027
"N_all[22,11]",104.959916836991,0.897115655658343,49.4497468220965,39.4261005984807,70.5324374268492,95.0631893225184,128.418028214311,224.136427423528,3038.30433633234,0.999764476882021
"N_all[22,12]",1546.30654238845,5.27600533070299,391.758992448427,926.439404521062,1272.74915043473,1499.89121073738,1765.06281858656,2462.89450870219,5513.50149646696,0.999831449311578
"N_all[22,13]",696.023692434291,2.20860067811602,176.2344899101,417.108578970898,575.631035735393,674.452859427739,788.655766222048,1112.36567518356,6367.1841316717,0.999748311301857
"N_all[22,14]",91.8623502184406,2.56324206049693,185.888408978593,6.2609497529322,26.0288734592313,50.9981184062168,98.7436894571215,406.193563581014,5259.26893131361,0.999904737431885
"N_all[22,15]",37.0438204886233,0.218714054949031,16.7796883928221,14.6992640780035,25.5690423892144,33.8272417861002,44.9979385486088,77.9245749120805,5885.92058421946,0.999996359440651
"N_all[22,16]",442.168244112543,1.22173115749848,91.7474062648515,288.42550281839,378.047668575752,433.837967068475,494.77548732359,648.404172629248,5639.44403843486,1.00007037199727
"N_all[22,17]",991.586430487858,3.70191288347129,282.640151865759,551.624865837752,788.968366018555,954.863749451641,1144.23138534449,1646.70377027319,5829.28550852994,0.9996850613596
"N_all[22,18]",8928.43042599119,23.8796501653015,1813.5997604924,5839.13092002483,7667.30321554896,8774.8328696221,9960.77976375364,12970.7138469889,5768.02294429702,1.00050959634579
"N_all[22,19]",1416.25750974779,5.62272707772599,342.870774473546,832.276864551005,1173.17703885026,1386.36692075937,1629.72671992874,2181.85030116197,3718.49266668376,0.999771536320291
"N_all[23,1]",181.208496078144,0.597044317743653,38.9653650144243,118.787477645756,153.748695133311,176.819924417228,203.162493722272,270.369649738346,4259.36010779129,1.00092140347951
"N_all[23,2]",537.211234059399,1.6786489393443,138.878994102396,314.190237901643,439.704452621121,523.072703829547,614.787430695571,849.057018861637,6844.68338498691,0.999596284396857
"N_all[23,3]",284.902537051824,1.13943296848026,93.2717304280519,143.052197758789,218.63923197499,271.792993377072,336.122473610255,510.526828274412,6700.73597073921,0.999893471901593
"N_all[23,4]",279.795629627577,1.31742662360918,82.0891396076392,154.893132544503,222.655304247425,269.047489130796,322.797063676656,467.527544060369,3882.56321911101,0.999887053856623
"N_all[23,5]",1473.71034865799,6.04853387452049,503.490430897656,718.428141820546,1119.9856140199,1399.83322012927,1725.70890746346,2664.25247081787,6929.18581209209,0.999756062171944
"N_all[23,6]",364.137310036649,1.52191337411077,89.3169227815006,221.291248397393,301.409562774521,352.472787809236,415.843343992935,565.826870906403,3444.19424704005,1.00097979516607
"N_all[23,7]",1249.75451417896,6.24934189364843,354.034316018032,691.836482781146,1001.98842204118,1212.93743599598,1442.07343443302,2079.86799198375,3209.3874433695,1.00025576118831
"N_all[23,8]",551.472509811583,2.09896401356198,158.949013156415,299.515130779076,441.202256471746,532.824502191096,639.175861718503,920.501041226411,5734.63375064151,1.00005768741505
"N_all[23,9]",53.3139112544428,0.175992090198867,13.8539547083716,31.250602048414,43.4836505685527,51.6768934108413,60.9100951258322,85.2370096566305,6196.71080404067,1.00001027703549
"N_all[23,10]",469.843342259599,1.6921029393472,115.589844195136,280.766575745892,389.140889992411,459.058556481772,535.065420894192,730.117665121513,4666.44119035372,1.0001965986402
"N_all[23,11]",205.80540909196,1.01636351655834,83.5674761714655,88.535183340958,148.006836572859,191.218090480903,246.464430509682,404.093366516862,6760.46296516056,0.999618417131121
"N_all[23,12]",1595.01690037489,4.96516394891073,390.991841338899,956.856792799801,1317.03305859853,1548.10624866532,1818.9371719795,2479.98830892131,6201.09241507464,1.00039027863061
"N_all[23,13]",674.844599754245,2.2398268689693,171.044806352277,401.970767445698,557.307692520346,653.568188775062,765.447916758759,1069.09848060914,5831.64237577158,0.99979828115353
"N_all[23,14]",101.310540504124,2.25206379421187,160.789915993532,7.48021051290564,29.7447566723789,57.2064510715799,110.430782625665,494.468891351486,5097.48832054087,1.00014329790553
"N_all[23,15]",61.2022394985995,0.341139422856141,27.1678583815738,23.8338914816278,42.5068597078373,56.4909115489305,73.6819936415591,127.461674573244,6342.30303375911,1.00019077414582
"N_all[23,16]",437.460419252595,1.18016760940597,91.1937235293049,285.81202988053,375.154230917409,428.69142939677,488.222009687933,647.835578646095,5970.93736725966,0.999754899996327
"N_all[23,17]",1059.77469215739,3.94312538170023,303.109278776404,591.006186006094,848.843082127047,1022.01331342307,1218.93428658467,1763.15222656894,5909.04488374241,0.999571039715407
"N_all[23,18]",8076.22811435162,29.0043672094979,1693.79020650549,5292.66580773436,6901.02830967495,7900.08692214126,9042.69840448521,11781.8310036642,3410.29890155199,1.00040285601434
"N_all[23,19]",1728.08406777738,8.57980758939696,432.484882932461,1007.91656458484,1421.32270567527,1689.92191944845,1988.00494558681,2673.09044015594,2540.89528029828,0.999973541857125
"N_all[24,1]",322.858832622128,1.41695294267711,71.089704930791,202.900424496151,273.278861928701,316.870954464854,365.456677908715,479.013632718936,2517.11216346701,1.00135764936178
"N_all[24,2]",599.555797435082,1.93995047641216,158.494898469005,348.843673754123,490.609875047856,577.913924392013,686.901507670199,971.490015417426,6674.96955837003,1.00023488135153
"N_all[24,3]",310.300017667039,1.25917714589047,101.497736187935,157.210576768586,238.239647012764,293.370877990007,366.358273232475,545.940942736054,6497.39165635969,0.999844932275574
"N_all[24,4]",400.848546529329,1.34513886718897,114.265747946826,217.692257424562,321.569984612902,387.387494542535,461.29858947577,668.028722094394,7216.02269159184,1.00034564133112
"N_all[24,5]",1826.81410215498,9.09943667933603,636.62213305071,892.415236857274,1375.29766788878,1721.23454862827,2162.40326151541,3331.21222731992,4894.79437632241,0.999801274259642
"N_all[24,6]",629.504265497787,2.04306099865828,145.768827615314,390.924684375685,527.291019093265,615.469829822274,713.42382484999,961.576771695541,5090.57282819643,0.999796369750898
"N_all[24,7]",2752.26320230169,15.0541377116137,783.643375542807,1540.11119978755,2199.5814711733,2657.08960370993,3183.2097623981,4591.20516600937,2709.72466377897,1.00034088720169
"N_all[24,8]",681.254568171259,2.4664505463844,194.896695644641,378.299649097887,544.75255965556,658.216887924365,788.335434373255,1131.31975131149,6244.01773389416,0.999806001606636
"N_all[24,9]",67.553488382796,0.25597947136772,18.6611243857369,38.9003768731964,54.7630078875776,64.872784424743,77.6724224598074,111.49809247079,5314.53583340487,0.999987362643487
"N_all[24,10]",621.137514358928,2.29735421954451,153.565798527577,370.110523337149,511.364183843298,605.79650794743,708.622885454235,973.485381108206,4468.20489404838,1.00017333719802
"N_all[24,11]",465.476726480968,3.50865821645153,204.429962900803,190.432286460045,324.079493603684,427.064058565472,561.135964669592,974.112964882082,3394.74353269613,1.0000390405328
"N_all[24,12]",2246.52095560377,8.49344050064958,573.401305750599,1328.70093538301,1846.49713156245,2184.13444757783,2560.49738188487,3566.32430751249,4557.74536057693,0.999932595886771
"N_all[24,13]",826.144058200529,2.50749002144911,202.125988944602,498.9627000381,687.74183007051,800.774712216224,940.474815783187,1281.85938286571,6497.79325180075,1.000108789607
"N_all[24,14]",130.768976097146,3.56583221327566,232.769544404017,10.8144178201866,39.1484830676787,73.0155981912444,140.195782983198,586.874295173581,4261.18613315275,0.999942575683755
"N_all[24,15]",106.886760861667,0.753444882172205,47.930620730432,41.3067786721265,73.4966896354638,97.8888244313144,130.935898899075,223.274963952618,4046.90614376132,0.999820117400409
"N_all[24,16]",539.683052192051,1.52929188797176,111.224229783359,353.07457397059,463.478208610059,528.723001260963,604.299051074559,796.512547014695,5289.54168831276,1.00040390011974
"N_all[24,17]",1488.96419126045,8.01215082115669,447.312851743946,801.594663334569,1167.94186889534,1423.47720733777,1748.8779655092,2519.50623296062,3116.91185204965,1.00013226817018
"N_all[24,18]",10862.5005825092,31.1183930434475,2212.3886825466,7073.40072364426,9345.4012348217,10684.0858195251,12203.6335015504,15735.4612850642,5054.62024586664,0.999912645221094
"N_all[24,19]",1826.22163887457,8.0585819441395,457.118177319109,1066.86677698788,1495.51684991786,1780.81823175879,2103.41675806647,2850.33211930792,3217.65687520858,0.999948532898472
"N_all[25,1]",305.2448142766,0.842225990475121,63.7767732582171,195.923986310604,260.847543547042,299.910099987823,343.367287218485,447.71664463577,5734.13359049912,1.00034659936219
"N_all[25,2]",485.608035849931,1.76979756743243,130.056456711189,280.28444151314,395.898560703661,470.348961547314,556.210597907378,787.034792964418,5400.2845976185,0.999918886638671
"N_all[25,3]",282.102774685872,1.15516936333459,91.9953800837814,145.283053071879,217.944924128384,267.828141806478,330.836160678957,499.710225607093,6342.21136478605,0.999987270105547
"N_all[25,4]",441.98078734081,1.67092089093742,129.157400835334,237.196948285164,352.882902371433,425.455354378749,513.864895338689,737.900915518536,5974.84737103828,1.00015316111756
"N_all[25,5]",1025.88648767287,6.44584963428875,370.118304474795,475.180578730345,760.501691389036,971.372956764997,1225.92088062244,1904.16461728143,3297.01397059365,0.999999509320444
"N_all[25,6]",540.204433773193,1.50410253513218,122.073913367261,336.57963612645,454.016890256497,526.337073593122,612.795364888497,820.325990493468,6587.04829705469,1.00048326636408
"N_all[25,7]",2311.78802339425,7.96796447991447,622.1571324121,1320.04827298395,1884.51044623753,2230.91739939767,2649.11486527044,3778.56736783622,6096.84830739959,1.00007723587441
"N_all[25,8]",780.58562439501,2.90504899729425,228.102510708209,424.341259985661,624.241762263922,747.430108024923,904.32986761767,1311.25230806749,6165.2857146789,0.999765756479154
"N_all[25,9]",93.8124474267205,0.34669713011027,28.1257766015178,49.7827134237354,74.5208063646741,89.9907167972915,109.661451894894,159.791538162971,6581.25248453007,1.00006104054645
"N_all[25,10]",450.075290713958,1.91863158385604,112.018821216945,277.592635454651,371.343744912824,434.705829940364,513.323699398472,713.581617723172,3408.77878007568,1.00048582674616
"N_all[25,11]",519.529254561866,3.95719580380279,233.426374041412,215.468194535056,359.956709068288,472.656804413096,622.06982401696,1076.57986564102,3479.56351242035,1.0007256306092
"N_all[25,12]",1622.26354292134,6.3706934265356,421.703293405102,964.894719218422,1325.86914946661,1573.00993650945,1859.91849253242,2596.15116281283,4381.67914983615,1.00009151633976
"N_all[25,13]",643.044942542804,2.88165033966456,167.24496203119,382.363168117867,524.208247680682,621.399747251915,735.888297092449,1034.829172543,3368.39895552835,0.999617569218566
"N_all[25,14]",91.3574579046278,1.91098384111552,132.187178750912,9.22196967579683,30.929098118696,57.7142121289913,103.463865723303,375.801807614417,4784.80934586042,0.999822377219248
"N_all[25,15]",61.4557821173701,0.405897379120478,28.0988976047149,23.3897833568085,41.9356767010099,56.3691003042512,74.4288923302682,132.324866520369,4792.32286363724,1.000726752935
"N_all[25,16]",435.551706531441,1.32899502171066,91.4761674963186,286.917575247958,371.94314816094,425.286781106228,488.314453540493,643.804419449715,4737.71807503687,1.00025355682252
"N_all[25,17]",852.188071118922,4.5471135737939,265.464123804384,438.229709330421,662.56664594304,813.881964429601,997.868469250778,1480.93201727072,3408.31769759309,0.999780081367247
"N_all[25,18]",9135.66275136638,26.709421171676,2018.98410423428,5737.77573256565,7724.09020368353,8939.87012394364,10291.6398595769,13766.3226969314,5713.95540535171,1.00006982210754
"N_all[25,19]",1111.162717498,3.40318285410818,258.117970600167,689.655489784504,928.033296752479,1081.00344205114,1262.67257084628,1712.11783883635,5752.62301926892,0.999748612226914
"N_all[26,1]",295.340631868385,0.787342464538691,61.4942955562056,192.492602752355,252.755048697773,289.172489464708,330.850718863222,435.276535426291,6100.17523807532,1.00017301407954
"N_all[26,2]",470.107418423822,1.73071697881959,130.67884328935,263.272088546889,379.643335115873,450.508974222243,543.252508723191,778.577163467399,5701.09732175716,0.999580609992794
"N_all[26,3]",318.834028840793,1.68528675163376,109.767387231749,155.633189696306,241.247450354511,301.402748954863,377.381212479828,588.68695540465,4242.2771754818,0.999835149747463
"N_all[26,4]",483.128042500689,1.80049776282846,141.223419151761,250.069364403147,383.998610935292,468.50231328798,560.873186715126,795.913348761984,6152.16920878907,0.99964082043875
"N_all[26,5]",1455.72364986143,7.02036810547154,522.194358636594,700.119408331105,1085.10917530705,1370.46013227986,1732.56278549088,2708.9768270813,5532.79504318754,1.00232923788279
"N_all[26,6]",594.809167410005,1.58976163992789,136.022684748463,375.284026832905,500.709494220544,580.076548519478,671.450210818736,905.045443820335,7320.80194949749,0.999740620489704
"N_all[26,7]",2202.23777148254,7.45163839682268,585.54693185237,1277.0851251558,1793.31604062917,2126.46016100963,2527.99987900533,3555.84771594691,6174.75706430273,0.99977861092862
"N_all[26,8]",833.463569337052,3.16470959246243,248.10650011836,457.470979842169,663.001766564,797.760086262782,969.141274964048,1419.20470621216,6146.2264615245,1.00003610834415
"N_all[26,9]",108.618974868369,0.701038035989776,49.559445771989,42.5219307073175,74.2558602181116,99.1751914461423,132.09187453612,231.764316180373,4997.69464987698,0.999965508417327
"N_all[26,10]",580.763877797998,1.70875770374037,138.167588867501,351.017465969089,484.840293913448,566.307746080172,656.629111702958,903.095924440241,6538.0974083447,0.999693972506272
"N_all[26,11]",395.780202790997,2.03219157379797,159.110064208893,174.003853903361,284.737783193747,366.384380295672,471.655365980267,780.853101737131,6130.07812475725,0.999588396767341
"N_all[26,12]",2181.47397598466,8.52793879046506,591.513346611223,1250.85620820593,1769.13955263437,2103.59248891405,2505.49387937938,3515.39359768248,4811.06193147358,0.999949001097169
"N_all[26,13]",889.437617617818,3.65275645217819,233.952646192237,523.470387127391,728.477278958567,859.664781251545,1017.41388434882,1438.93914924395,4102.17789861482,1.00026658924795
"N_all[26,14]",104.032807547637,2.13377961371988,137.468347686675,11.5665860856146,39.086284319524,68.2628080066737,119.569098988688,414.47230747852,4150.55623356497,1.00019545173599
"N_all[26,15]",121.260125468632,0.709174219930038,53.4509815172673,49.2162910796664,84.7830678955051,110.93282820996,146.177397685004,257.867015939894,5680.74754949373,0.99988364064094
"N_all[26,16]",520.751545442041,1.56936025098972,111.444992417822,337.660006396127,442.746081312737,510.867713658762,585.135847990713,771.784725771896,5042.84733773416,1.00041205287216
"N_all[26,17]",1093.10933172009,5.02188478495013,356.492088138296,548.443998086773,841.97487384172,1042.8155482137,1282.59194318987,1932.05717937808,5039.25461400092,1.00088766691091
"N_all[26,18]",9931.42705376824,45.4462911255216,3272.23346319232,4975.98364834511,7643.07309366591,9492.7388219942,11643.3429351932,17760.6308885944,5184.31845354557,1.00033578020985
"N_all[26,19]",1030.80616804493,3.33482885966547,243.133270073644,644.131788442449,862.018922001126,999.184632811684,1167.39648305898,1572.71016329465,5315.4701062246,0.999802312160582
"N_all[27,1]",266.014002526404,0.775627678079505,60.1708892402112,167.838718939271,224.370465176844,258.670138598513,300.445282703164,401.454049005526,6018.19510133366,1.00003063067828
"N_all[27,2]",504.102474902584,1.92122725536885,149.521759952174,273.154685581453,398.716541302515,482.845082145383,585.146972747031,860.285584751549,6056.91281522901,0.9998511559748
"N_all[27,3]",182.591328051324,0.966872633774432,70.7934356879023,82.1257346658307,133.49116245228,169.326935157971,216.816701228298,358.878346581889,5361.02019133143,1.00003742121399
"N_all[27,4]",401.451392139199,2.38626943617285,144.611329650517,183.449400942065,301.644184655942,381.06437776063,477.670484086476,730.273562129112,3672.53278235161,0.999816038285327
"N_all[27,5]",883.255594424075,5.40954750414358,350.963129037023,395.411591478651,635.914897197687,820.993149802156,1057.45239831511,1728.05037267172,4209.21499584796,0.999783385513332
"N_all[27,6]",473.457343866349,1.43702956341131,116.656317698696,288.980535828328,391.08262677707,458.472559732759,537.222424532072,743.030441452361,6589.99555570981,0.999968493517417
"N_all[27,7]",1998.34007330597,6.67407851167958,563.452683917187,1124.43565315363,1604.20394429947,1928.92363663549,2317.30893263569,3341.06730186794,7127.41885081543,0.999777876745323
"N_all[27,8]",806.864805656622,3.20939976035764,266.542734694925,405.351175942958,622.072731698024,767.467000935845,945.77169292851,1420.08772718896,6897.41038713732,0.999999208271681
"N_all[27,9]",119.158301998426,0.822837023463832,60.1536284383388,40.1965526834361,78.2886121051665,108.419900131405,145.896410751732,270.192067187845,5344.36374057497,0.999985192582437
"N_all[27,10]",591.249976177012,1.77171682529361,152.56020614942,342.114285651822,484.322494923704,574.392841520648,676.557650166353,936.815588813028,7414.70564516411,0.999880962425161
"N_all[27,11]",317.838109542727,1.5191381864153,125.277321817438,141.326165386709,231.318261283197,296.584946032242,378.8854995818,621.958494169361,6800.64898782405,0.999740625218158
"N_all[27,12]",1567.94637170984,6.03150014564506,449.324014906846,879.98988775217,1245.05210990191,1504.94995488414,1808.08599096777,2619.83978984063,5549.68810664813,0.999602939293458
"N_all[27,13]",678.739539065001,3.48209921014896,206.078952311926,368.386466865414,536.186738285484,644.660240163265,788.231565815402,1162.68569222899,3502.55524661971,0.999918380394798
"N_all[27,14]",86.1655991937308,1.79695351380416,112.305274299758,12.399738203631,38.7759032500764,62.1339486697332,98.9290947284696,293.83331610065,3905.94947539876,1.00043731975745
"N_all[27,15]",121.291573847378,0.6270852984543,51.7377582120055,48.2897129421231,85.0803219805865,111.823027986397,147.263709114648,248.089236101231,6807.09756622188,1.00000786643449
"N_all[27,16]",411.323662797538,1.20789853793042,95.1364947010853,255.719355921633,345.821941753118,400.208644599642,463.43745138676,624.766152431206,6203.45134726649,0.999660574000264
"N_all[27,17]",835.160038512494,7.74210741902103,442.539709126615,284.647597446491,522.503675232309,738.781194434906,1033.41382034698,1978.14340928649,3267.27813716825,1.00072852262577
"N_all[27,18]",8514.00912056545,43.6047620523109,3287.74381467274,3823.43933098381,6277.07084402976,8003.22494631461,10091.1411310733,16503.8501437098,5684.96894894042,1.00035932791473
"N_all[27,19]",825.714595969488,2.84760507060626,212.140545133276,502.323640663166,676.366245403383,795.801041278532,943.174250663241,1315.57665840628,5549.93434926747,0.999704883429599
"N_all[28,1]",288.065989870253,1.56429582579114,122.443028035175,117.566942950041,203.929906301791,265.946035511776,347.561432128048,592.568117717015,6126.75268267781,1.00009106848938
"N_all[28,2]",542.302495937189,3.61894766878092,281.819437056328,187.168223360694,352.109566407816,486.346244059749,665.237293748365,1264.94482225208,6064.25255545666,0.999827306037512
"N_all[28,3]",218.721419477351,1.95214783496032,153.927167554704,50.8949746958531,120.152174691587,179.544702469443,275.318912594095,613.700203258698,6217.34760474632,1.00087995819853
"N_all[28,4]",499.911474962796,4.59454323027323,308.008097374203,127.428573723775,290.493086312464,436.047869451195,633.25476639248,1259.67581798901,4494.06742292057,0.999883680038654
"N_all[28,5]",1012.45347439637,9.65333890526849,763.966026817908,230.774376040151,551.306610282845,839.101811702422,1245.65245278002,2941.64695041765,6263.15248519839,0.999621392621757
"N_all[28,6]",513.839501770083,3.08147637984388,244.211372645462,193.432046964261,347.080123667401,467.294255302675,626.110762247494,1087.65058888341,6280.78725549054,0.999533451296819
"N_all[28,7]",2207.63610454487,14.7113986576598,1184.79419515898,731.669421257217,1413.19403401638,1958.23668395767,2716.20420126763,5053.54369799859,6486.01437156274,1.00015368988734
"N_all[28,8]",901.315684571403,6.62110169108876,518.234786156878,287.815653196686,564.169878144192,786.195248587759,1097.70721147883,2250.44264623409,6126.22024967025,0.999852941432289
"N_all[28,9]",133.297299854143,1.43422515352216,101.024592543562,30.8728166676098,70.0752134965798,107.932674011177,165.555072170766,387.636297046801,4961.57482374024,1.00029847556379
"N_all[28,10]",652.793117927376,4.17515068463726,337.821654431543,224.521209745219,427.483687276457,580.900907287893,793.678256504693,1493.21265649842,6546.823922314,0.999882916808106
"N_all[28,11]",373.510913895416,3.56434437582784,291.000948006399,69.2151227364305,190.409025407605,299.298052086843,464.601762199845,1134.38810166459,6665.45026873535,0.999606081738055
"N_all[28,12]",1701.07959283836,10.7304100908681,858.027485888516,584.63877679475,1112.27575137318,1534.81003733966,2088.17412545915,3871.89101292738,6393.95772294492,0.999759070919083
"N_all[28,13]",717.643489862746,5.22009533577197,354.699130194818,252.939658228469,480.334564123325,646.910175491229,873.412622009367,1596.1784599298,4617.03724096183,0.999999985595584
"N_all[28,14]",113.362983520833,3.34680273852607,223.458959647246,8.49104062903036,32.6701355260297,64.0513693170617,124.05723533579,513.060887139153,4457.95123678143,1.00006059447008
"N_all[28,15]",155.376661296169,2.14089983098196,154.111259455139,24.656683618297,66.5497172265589,113.465452672282,190.481406974726,542.17378881313,5181.74507852851,1.00087923488573
"N_all[28,16]",443.84142992481,2.36684353858479,190.049494148519,179.548281255965,313.793801894355,410.239873149402,535.072008864531,905.09134132784,6447.54432901316,1.00006712307011
"N_all[28,17]",970.605520763702,10.9622851411293,721.166381770797,203.537102681731,505.070797804678,787.830624889936,1229.50872422784,2754.786387673,4327.81569708011,1.00045556408117
"N_all[28,18]",9171.67107234039,64.5019895331424,5060.78515768917,2884.5969788023,5879.59683312883,8159.75527593188,11249.1155177163,21371.6889271922,6155.87199921993,1.00065769833778
"N_all[28,19]",908.962327663292,5.4565725763167,437.747546939846,327.370156018857,608.831897686583,815.440990005177,1108.3749649511,2040.66089134214,6435.87454977347,0.999878291008434
"eps_all[1,1]",0,NA,0,0,0,0,0,0,NA,NA
"eps_all[1,2]",0,NA,0,0,0,0,0,0,NA,NA
"eps_all[1,3]",0,NA,0,0,0,0,0,0,NA,NA
"eps_all[1,4]",0,NA,0,0,0,0,0,0,NA,NA
"eps_all[1,5]",0,NA,0,0,0,0,0,0,NA,NA
"eps_all[1,6]",0,NA,0,0,0,0,0,0,NA,NA
"eps_all[1,7]",0,NA,0,0,0,0,0,0,NA,NA
"eps_all[1,8]",0,NA,0,0,0,0,0,0,NA,NA
"eps_all[1,9]",0,NA,0,0,0,0,0,0,NA,NA
"eps_all[1,10]",0,NA,0,0,0,0,0,0,NA,NA
"eps_all[1,11]",0,NA,0,0,0,0,0,0,NA,NA
"eps_all[1,12]",0,NA,0,0,0,0,0,0,NA,NA
"eps_all[1,13]",0,NA,0,0,0,0,0,0,NA,NA
"eps_all[1,14]",0,NA,0,0,0,0,0,0,NA,NA
"eps_all[1,15]",0,NA,0,0,0,0,0,0,NA,NA
"eps_all[1,16]",0,NA,0,0,0,0,0,0,NA,NA
"eps_all[1,17]",0,NA,0,0,0,0,0,0,NA,NA
"eps_all[1,18]",0,NA,0,0,0,0,0,0,NA,NA
"eps_all[1,19]",0,NA,0,0,0,0,0,0,NA,NA
"eps_all[2,1]",1.984628970819,0.0124169026110133,0.750557479115738,0.445070778969804,1.48963210370449,1.99381094879392,2.50250441270552,3.41297982286022,3653.77133419451,1.00092542683392
"eps_all[2,2]",0.461298921300041,0.0136765666608211,0.939439359745771,-1.38966662135695,-0.17988452672039,0.458884671010722,1.10462436880089,2.29612770808596,4718.27587836264,1.00055147743324
"eps_all[2,3]",-0.0265762293874324,0.0130710410874199,0.936092960258515,-1.8757832328731,-0.648146894776765,-0.027410331471008,0.588001010958071,1.85215192035812,5128.82166946785,1.0000178863297
"eps_all[2,4]",0.0236382394730928,0.013924425803511,1.00626197244378,-1.93894813863088,-0.66156862988496,0.0187971463894116,0.718414405000746,1.98174444651224,5222.36870800682,0.999946721697862
"eps_all[2,5]",0.679194799625278,0.013076564959152,0.940305988399844,-1.19622284995835,0.0627972760786033,0.695312527741016,1.29688370938358,2.50939283100422,5170.72037987271,1.00047488704709
"eps_all[2,6]",0.897745667570694,0.0126027331083376,0.834785289425603,-0.745407708323143,0.331862352621814,0.922174057640478,1.45485632705289,2.51696492847023,4387.52997278506,0.999896557023466
"eps_all[2,7]",0.711596400480974,0.0118491556829416,0.864464705458722,-1.01702761675359,0.149014318414287,0.723055150946439,1.28439542369861,2.39951151171937,5322.54965608046,0.999917462166918
"eps_all[2,8]",-0.0786713810090091,0.0126014509621664,0.972755127961566,-1.96452856243106,-0.741678420446604,-0.0881821033075918,0.580859615745571,1.860974159822,5958.89798321378,0.999955277439389
"eps_all[2,9]",0.595240986002492,0.0106052377077495,0.85055925563586,-1.0888738319928,0.0276608883525632,0.603973701885361,1.17436788780738,2.27142595711167,6432.33026668713,1.00010200167307
"eps_all[2,10]",0.732590730322458,0.0105074711903599,0.847479482662749,-0.945678921811434,0.16679876043254,0.762326781548722,1.3144987568759,2.3392393149563,6505.21971872676,0.999922097108621
"eps_all[2,11]",-0.339256762383474,0.0107436380926255,0.886321399236645,-2.03537786776376,-0.958092101806022,-0.344060763894232,0.251716559914841,1.4236501742958,6805.80856806817,0.999622047779031
"eps_all[2,12]",0.22184689375391,0.0108681257732598,0.899923584019872,-1.55551340810427,-0.389390850024332,0.229569815342009,0.839927509394052,1.94581628592089,6856.49171120233,1.00003405320524
"eps_all[2,13]",0.323769140370547,0.0113410370838084,0.927475510328916,-1.49467535415912,-0.304358643507307,0.311545415994949,0.962227077933935,2.11931188146493,6688.04768662772,1.00068331020504
"eps_all[2,14]",0.235742488732758,0.0111536918626012,0.924702083589121,-1.54196885447749,-0.38817707641109,0.227315444808739,0.851625956697327,2.06564922448675,6873.31721585311,1.00017448005436
"eps_all[2,15]",-0.00756393216195638,0.0105912396007527,0.911202236857537,-1.79094820365075,-0.635967966478079,0.000227417574579909,0.603039024411819,1.78974859535175,7401.77651991687,0.999680399804566
"eps_all[2,16]",0.295959079139807,0.00989649569035905,0.933072157008233,-1.5623373339615,-0.3207711764541,0.314725824353721,0.914245405580604,2.12556423833236,8889.3003578048,0.999659396871925
"eps_all[2,17]",0.0390358783666542,0.0104616289076889,0.954518207341593,-1.85402580810939,-0.59515926532968,0.0441565906430385,0.690709953802999,1.91744813058623,8324.72339815688,1.00024961093608
"eps_all[2,18]",0.598891856271332,0.00946733758259994,0.941161009681004,-1.24544073685662,-0.0296017232998738,0.592924839096077,1.2296529619785,2.40839075151361,9882.62070247372,0.999829497787357
"eps_all[2,19]",0.100199787474047,0.00928459982294388,0.938386070132609,-1.72028920224697,-0.521794359138841,0.0935693121001386,0.729546805468315,1.97073762448168,10214.9612802923,0.999626987404839
"eps_all[3,1]",1.29062203259886,0.00823116796120044,0.718716244505727,-0.148186813523607,0.817557261219801,1.30735962882103,1.77308381286166,2.68477488862482,7624.15986879199,0.999742635402446
"eps_all[3,2]",0.288395163661346,0.0113264319848478,0.902350506132496,-1.49281956688973,-0.314840662631307,0.290029679707777,0.900248878896035,2.05310538784185,6346.93849412259,0.99979187388784
"eps_all[3,3]",-0.307672308260777,0.0111217039668405,0.874430781094818,-2.0330536942721,-0.897505434671025,-0.323201607324877,0.301827175843206,1.42135412459867,6181.70408609653,0.999790833149227
"eps_all[3,4]",-0.0947776568409857,0.0110643768763236,0.927788806044278,-1.94307107728497,-0.709877110949768,-0.0892282968298798,0.542639232936756,1.71246281816259,7031.44098426865,0.999887762757635
"eps_all[3,5]",0.435912736205308,0.0103772781373962,0.87051542958475,-1.30753143894791,-0.147511796996437,0.430195424691928,1.03331438827734,2.14837321695611,7036.97539186829,0.99983551328643
"eps_all[3,6]",0.72708254865836,0.00881131108566971,0.788578557956752,-0.813321072458882,0.195798574617396,0.728904058724159,1.25938538109293,2.23605129001319,8009.56369530378,0.999798140068875
"eps_all[3,7]",-0.0432254917572053,0.0109162394385864,0.809936463910494,-1.63382967825556,-0.602553595923527,-0.0299456092524421,0.498710124303502,1.51195281154472,5504.98065705155,0.999809832611322
"eps_all[3,8]",-0.0191494657420238,0.0101486285548645,0.898563519701193,-1.79295594945081,-0.625317152556835,-0.0261554549968089,0.572954039575915,1.76102232620218,7839.40047793713,0.999585420215924
"eps_all[3,9]",0.445444757215362,0.00861294820849429,0.793417512698261,-1.08788907028293,-0.0767358835116125,0.437128077919996,0.980374706917427,2.02670977626261,8485.93875370099,1.00006679350931
"eps_all[3,10]",-0.128553315159659,0.0104096630985561,0.834326105309392,-1.74138996187013,-0.703598228781223,-0.139931714543543,0.424762444379108,1.52301969973679,6423.89327033961,1.00007864262344
"eps_all[3,11]",-0.130346675046719,0.0101416169170093,0.859535944805291,-1.83774740362736,-0.703689096407317,-0.144255329130291,0.456354575178586,1.57842925620051,7183.12927776147,0.999947110084369
"eps_all[3,12]",0.39386354661938,0.00882850312118654,0.866403471346864,-1.33699323414666,-0.164918600568983,0.401097356243358,0.975768318243819,2.07982704505639,9630.88545410126,0.999642259904912
"eps_all[3,13]",0.489465351389104,0.00896390460227901,0.863314435856745,-1.2203314965682,-0.0972805462240697,0.490163804506197,1.09259272624395,2.16160706354789,9275.63293856254,1.00071735494507
"eps_all[3,14]",0.0879120549800921,0.00834423750342223,0.890659618296111,-1.65710925405152,-0.525414664179429,0.0907972527452446,0.70011714919352,1.83273259255583,11393.3177722501,0.999837614888842
"eps_all[3,15]",-0.0829146490971657,0.00920621414560443,0.881412088538209,-1.81976241576475,-0.662937403885829,-0.0845477078893205,0.511136507635164,1.61796175138235,9166.33783354433,1.00012178462393
"eps_all[3,16]",0.253913682747613,0.00900872489242512,0.891371759009222,-1.47832040003789,-0.356277560422776,0.263896539194255,0.871107000227378,1.9797343270679,9790.18934831295,0.9997913458811
"eps_all[3,17]",0.0177177895427634,0.0084757214747378,0.933695932349369,-1.78906888732485,-0.61241879487279,0.0185139925497638,0.659261652472393,1.88871945503226,12135.4973633773,0.999880757057799
"eps_all[3,18]",0.0603453869890689,0.00842863045077087,0.932781484692968,-1.73006611473121,-0.568386685506172,0.0558343215435334,0.681184676854434,1.86650497780394,12247.4537538163,0.99982021529536
"eps_all[3,19]",0.116060562823317,0.00929485123991308,0.941206493013782,-1.7326887928892,-0.515720179480413,0.115874430370387,0.738855834208707,1.97120823564234,10253.8023576886,0.999781108991116
"eps_all[4,1]",-0.373040517077985,0.0147622235305652,0.770492269806947,-1.76682130569998,-0.921359261853419,-0.397910961058883,0.133424615324855,1.18051754351865,2724.16254510939,1.00034244556523
"eps_all[4,2]",0.148257449000154,0.0118930798636302,0.975431094744165,-1.74735385224316,-0.493989753851779,0.141712126597092,0.80046166816174,2.05828568610582,6726.73813401498,1.00022066508705
"eps_all[4,3]",1.31226719304724,0.011280555731091,0.833406915601117,-0.398838393069776,0.773373170616772,1.33086018637017,1.87828351132475,2.91387978261352,5458.24730300053,0.999554382269427
"eps_all[4,4]",-0.28454865709448,0.0120737510040277,0.971294983361322,-2.19221471992034,-0.948408327449035,-0.283001698339153,0.360611456485405,1.63072164692999,6471.69230883791,0.999856623424543
"eps_all[4,5]",-0.146092894229878,0.0112672660182326,0.919176518638883,-1.9095411932972,-0.759881780606624,-0.153202947313991,0.476954227081361,1.68988028913131,6655.19440964614,0.999843461756331
"eps_all[4,6]",0.0344913461325475,0.00942211948057364,0.816081393788464,-1.55039864306423,-0.517964716515216,0.0464207439327324,0.597587722493847,1.6217899495938,7501.87352846042,1.00004545721353
"eps_all[4,7]",0.186685205265178,0.0114688767870739,0.836280660329081,-1.47066263658188,-0.371194294636022,0.181487700953542,0.775138804925855,1.7717938387855,5316.94702052061,1.00014747163113
"eps_all[4,8]",-0.0447243347447614,0.011227532947949,0.941702504420062,-1.9016865070218,-0.684157826587554,-0.0493461649295776,0.610698840368931,1.80293446102458,7034.91370435162,1.0001875258139
"eps_all[4,9]",0.242823203325429,0.00995774179640095,0.835577208439725,-1.43069130076567,-0.309414293257086,0.244855948037923,0.793024055905986,1.90440198227304,7041.27731872959,0.999823614867061
"eps_all[4,10]",-0.279125446461185,0.0105729551883615,0.861514314253033,-1.96840391052002,-0.852581315060244,-0.27800774106322,0.295864750942133,1.42584738679318,6639.45164711244,0.999710925297758
"eps_all[4,11]",1.03341974639496,0.0118124012761394,0.904341199212159,-0.714468049238516,0.416808011683837,1.05559926997784,1.65532039830164,2.78442793607357,5861.22305622191,0.999771010849635
"eps_all[4,12]",-0.0342826778037578,0.0101426666179297,0.9517494725256,-1.88863256777526,-0.678971208147893,-0.0404387918569304,0.603701608393386,1.87254787601619,8805.23574682078,0.999712112779756
"eps_all[4,13]",-0.197358123535831,0.0101684291120091,0.929961256596631,-2.00439104243792,-0.834667074287387,-0.212036719790792,0.434424408766801,1.64874145748173,8364.15323375105,1.00003746755834
"eps_all[4,14]",-0.200894308523113,0.00989202006321417,0.883412493905028,-1.95430042117983,-0.778211514868937,-0.206947802139861,0.375966189650317,1.54491892198795,7975.48489998137,0.99960415319406
"eps_all[4,15]",-0.248384240190704,0.00935669569979067,0.929134997962284,-2.04436444479723,-0.875097547387327,-0.269283002391744,0.387994333583737,1.58639412039786,9860.81082459076,0.999864282602516
"eps_all[4,16]",-0.46842467519388,0.0108930654292401,0.918760590913934,-2.25163413692001,-1.10739989378026,-0.471112328236447,0.15002374647059,1.35856491688406,7113.84654000536,1.00003015520133
"eps_all[4,17]",-0.123698680435499,0.0093720921671349,0.923971144947027,-1.94158593608187,-0.747803217609832,-0.1216531240651,0.487331919079561,1.72880367170124,9719.4953333863,0.999598038376675
"eps_all[4,18]",0.128721343094847,0.00990432084441094,0.950035674625062,-1.72211835787752,-0.512832564985261,0.135267927846247,0.769244313174103,1.99216542883624,9200.90244931487,1.00000142176261
"eps_all[4,19]",-0.419076876149783,0.00963694504188941,0.983883790446319,-2.30409473513747,-1.07605476826601,-0.418094146811225,0.234379047179534,1.52457241416892,10423.3866179009,0.999805684598788
"eps_all[5,1]",-0.422231000839858,0.00833340876398233,0.705489555324805,-1.77262745980558,-0.906240955013803,-0.429955293649747,0.0429209040610155,0.978445674439902,7166.97363562178,0.999715298934527
"eps_all[5,2]",0.00604730498357745,0.0118593867237525,0.931295857731109,-1.79027621113536,-0.618276183394184,0.00252272095635157,0.625759234882556,1.84115518612131,6166.67243723645,0.999982343956948
"eps_all[5,3]",0.543292930636208,0.00848926585896007,0.752776447864626,-0.91795965763016,0.0324202560051988,0.538261302553501,1.0458179330565,2.03353938467226,7863.06338265099,0.999742625960519
"eps_all[5,4]",-0.201431568426371,0.0115931157757916,0.961836749725052,-2.11854529052168,-0.847703522301007,-0.196489310935584,0.459675099073353,1.65731879331026,6883.39016563952,1.00015370640527
"eps_all[5,5]",-0.145333426325124,0.012343734812493,0.907925667635015,-1.89106471709285,-0.764832427911331,-0.16187739814971,0.469140383776172,1.63942114642386,5410.12652808817,1.00019093619009
"eps_all[5,6]",-0.055052550687963,0.00961226749535611,0.814408163157972,-1.67973380824293,-0.600082035552062,-0.0356521425092,0.487854559898123,1.5395422069354,7178.48074996256,0.999883905250233
"eps_all[5,7]",-0.878840377477844,0.0118687075909796,0.840383274961009,-2.51761723696299,-1.45499948273082,-0.889052610638281,-0.317059401045243,0.810479075069604,5013.57990180278,1.00004965135257
"eps_all[5,8]",-0.135587466564938,0.0100946467630797,0.922448226036538,-1.91254865133435,-0.760965976738504,-0.126289251386934,0.476392131637209,1.69908919237352,8350.29362459501,0.999851957508907
"eps_all[5,9]",0.0566736523122946,0.00884591059001904,0.824878452895819,-1.55529951324705,-0.510605133521565,0.0503716557088223,0.621292436101643,1.65687485920457,8695.50537259187,0.99966426162292
"eps_all[5,10]",-0.449087699840753,0.00933368089463049,0.823797963400819,-2.05971729102417,-1.01367469369094,-0.448130040392544,0.0922567082636125,1.18828388771123,7789.96542558527,0.999938419874381
"eps_all[5,11]",0.13170179720843,0.00897017928949661,0.850603154814189,-1.53011993784438,-0.431709267467034,0.126557606723302,0.707114450802236,1.79593388340658,8991.9054428232,0.999846887885281
"eps_all[5,12]",0.0298180336384424,0.0101935865375429,0.930518750784036,-1.83570765114244,-0.583618893028802,0.0427087966159129,0.651813451598509,1.8424381625239,8332.90114263561,1.00058094918977
"eps_all[5,13]",-0.215435861189696,0.0103872477987342,0.949316650340957,-2.09413462741505,-0.858726788859374,-0.211339550526109,0.430398325326579,1.63669199830569,8352.5909196931,0.999718340210836
"eps_all[5,14]",-0.447024044891552,0.00934688051941259,0.89859140306605,-2.19226662000838,-1.07024146490183,-0.446757872535139,0.174512721182981,1.27368288918344,9242.53569107604,1.00009698097252
"eps_all[5,15]",-0.429498755654366,0.00828131477601163,0.884636806141989,-2.15952861789846,-1.01439057477398,-0.418381613278424,0.170558236643924,1.27092851766072,11411.2028061546,1.0000227784613
"eps_all[5,16]",0.113607617002311,0.00911638640943754,0.898262823099423,-1.63742755320447,-0.483943839838824,0.115777373753966,0.713576379379624,1.88094722335559,9708.70714837194,1.00000698444534
"eps_all[5,17]",-0.203590543347824,0.00933951376102948,0.914696670208721,-2.0040059459518,-0.811757730625861,-0.187234306891018,0.401454543935124,1.60194516709197,9591.92255361608,0.99968906976972
"eps_all[5,18]",-0.0670646663769696,0.00947698171445636,0.93589969009585,-1.9163194377276,-0.695741802403114,-0.0695184604651833,0.582290629382585,1.72643779933339,9752.55754620828,0.999789301744937
"eps_all[5,19]",0.231536658605408,0.00839261535815455,0.939929089218185,-1.59523593404411,-0.421802492217153,0.235314175320605,0.877317329760484,2.04319497847129,12542.8301749598,0.999624595076671
"eps_all[6,1]",0.379370036875878,0.00807302568741117,0.698771802271921,-1.02264552097579,-0.0690760136791489,0.389348690921845,0.845926584696597,1.74017374245124,7492.00527019504,0.999615596634768
"eps_all[6,2]",0.23543952427462,0.0122435070851237,0.929183061692643,-1.59726189851657,-0.385704422217651,0.222438816169946,0.863048150865452,2.08441233605054,5759.58106008035,1.00021900018905
"eps_all[6,3]",0.625538597658543,0.00807869284873157,0.74507513532809,-0.855610251490825,0.152120991893867,0.633745099317424,1.11135347988217,2.05178192416641,8505.85446151139,0.99975348646286
"eps_all[6,4]",-0.000275283901534843,0.0125840872803346,0.984584009595829,-1.89976392576899,-0.680836319344039,0.00310582917076521,0.665136590656716,1.88917512039523,6121.56003234199,0.999580296473417
"eps_all[6,5]",0.413306494304745,0.00972681039760106,0.815132434415224,-1.1904981292595,-0.13611220094429,0.412897668629144,0.970108775031988,1.97964701524888,7022.88323460438,0.999753787222946
"eps_all[6,6]",-0.761428513360857,0.0122113338165572,0.839507924991155,-2.36716545849603,-1.34290909263216,-0.765713190065933,-0.20724958150844,0.902318023578191,4726.32294702925,1.00012135683692
"eps_all[6,7]",0.602062431709853,0.0115707684978723,0.833614175474338,-1.04131846796092,0.0439530792427866,0.622808123558429,1.16202198862641,2.21358353130077,5190.45909973841,0.999614700268546
"eps_all[6,8]",-0.152107548231141,0.0111582591056192,0.928575839232214,-1.97349254179008,-0.776994884875167,-0.159995074490061,0.467939392172141,1.70268502394698,6925.3523608182,1.00044128452597
"eps_all[6,9]",0.308126438683693,0.00967552080764787,0.826952665309174,-1.3066365299468,-0.260908960640698,0.311441196665285,0.861008812726868,1.89412786645075,7304.87182687804,0.999575283611766
"eps_all[6,10]",0.0927544663275283,0.0109365915916546,0.846782835577953,-1.57391539009956,-0.477981390931991,0.102716340587964,0.675208615698561,1.71240604543431,5994.87460773208,1.00076612086348
"eps_all[6,11]",-0.233846130426432,0.0103361914007303,0.88713362918446,-1.96021556972584,-0.836434978128013,-0.236735559622125,0.376578460773055,1.50426715372192,7366.42887115248,0.999854189356725
"eps_all[6,12]",0.234818666830055,0.0105974582285898,0.959199764683144,-1.65822829811871,-0.409094766420955,0.242277214796316,0.89759158992667,2.05917134700835,8192.46699236015,0.999619198377746
"eps_all[6,13]",-0.141386398167865,0.0100822349333882,0.959661038660561,-2.01321153057088,-0.795559592831292,-0.148575156003671,0.499211744314495,1.73986323438953,9059.8728024152,0.999777504820862
"eps_all[6,14]",-0.531911202240796,0.0103661280851426,0.921435704200933,-2.32787988105441,-1.15841642388324,-0.537261760779951,0.0815744073125049,1.26812967120207,7901.27052492619,0.999705703361158
"eps_all[6,15]",-0.13781660444022,0.00988517176305564,0.932479983173149,-1.98919533090224,-0.751606378904922,-0.128133296063324,0.497219763829367,1.69879639228485,8898.37278481769,0.99993442755282
"eps_all[6,16]",0.281677830458477,0.0100344657503406,0.925587479837047,-1.56968668790643,-0.341595102228133,0.298359230073855,0.915798041420124,2.05397307967085,8508.37127833716,1.00039872565723
"eps_all[6,17]",0.388775272417761,0.00963118347938312,0.940417328745885,-1.45824336386325,-0.243345224751794,0.395532176170262,1.04618729826868,2.18518269058791,9534.14896598788,0.999810365893125
"eps_all[6,18]",0.492376386133298,0.00993393553219037,0.939003966304707,-1.40091680498385,-0.130046347790555,0.491535760405717,1.14836411916085,2.26381211744329,8934.95107774864,0.99984955505081
"eps_all[6,19]",0.171024950302463,0.0096332659225198,0.969110837202575,-1.72489274672906,-0.460290285160182,0.16666205366201,0.826058267675047,2.06940191458268,10120.449504827,0.999650779074783
"eps_all[7,1]",-0.0459272568634625,0.00802853476023188,0.698581047256412,-1.42380651328888,-0.505599413582404,-0.0313750988051493,0.416022083653679,1.31628027695035,7571.13541222347,1.00025243207827
"eps_all[7,2]",-0.0507220159771272,0.00947101198498451,0.774202190077953,-1.54743383103893,-0.573662666609485,-0.0662535940726255,0.455949458774197,1.51936186498474,6682.14689636272,1.00013226477426
"eps_all[7,3]",0.290437907846959,0.00749088821638372,0.735412865967879,-1.14502372925999,-0.200235629904002,0.289939589933101,0.789588708474633,1.70709571862874,9638.1973467328,0.999666845502737
"eps_all[7,4]",-0.131353421811241,0.0104618689241804,0.922860298405358,-1.91278052822052,-0.776649047584467,-0.112014414023555,0.497013746333249,1.67857314052016,7781.32181504746,0.999879438717071
"eps_all[7,5]",-0.294205213528337,0.00962217792796074,0.788179005907664,-1.83809993718923,-0.814682321064476,-0.301304205430495,0.226446946924342,1.28919205230764,6709.6977755577,0.999749948385739
"eps_all[7,6]",0.139814230265024,0.00943324642465011,0.7995689576988,-1.44979877575174,-0.394265811171899,0.149440040837612,0.693159778759179,1.65199762794817,7184.38322762566,0.999984994971001
"eps_all[7,7]",0.0112916123797694,0.00864471830714432,0.796775857144727,-1.54752237646225,-0.513969819329925,0.0169563137978166,0.55239827243877,1.56505870643793,8495.14195040703,0.999771149572444
"eps_all[7,8]",0.414573195032836,0.00993849592989624,0.837023879834205,-1.20976254054925,-0.156106674300067,0.411987275135011,0.98531825097152,2.0628173000463,7093.0720004135,0.999808986893919
"eps_all[7,9]",-0.143854323930511,0.00921977403689494,0.819734389972474,-1.73645905051566,-0.693532475322604,-0.152076938922959,0.413359765978504,1.4817167568829,7905.07065454013,1.0001053342307
"eps_all[7,10]",-0.945027556029979,0.00988915293232976,0.813215749421856,-2.48045691107001,-1.5063421105241,-0.958298866163212,-0.399602333435359,0.686036795324797,6762.28352428868,0.999908287126702
"eps_all[7,11]",-0.314079132143936,0.0094365752950929,0.838218916440417,-1.97231282975061,-0.884306863026527,-0.307006156261642,0.247265327275399,1.30485365050448,7890.16519387748,0.999789268826131
"eps_all[7,12]",0.0307389615196756,0.00940045646424597,0.912922791758329,-1.76904500043392,-0.590569635389784,0.0396541722174125,0.648752052381184,1.78702497949888,9431.27079033524,0.999579575999566
"eps_all[7,13]",-0.190049627395402,0.0089402616266903,0.88876516789083,-1.92010538251624,-0.798182181499566,-0.185143126607355,0.40704848992357,1.58529825105324,9882.65409788845,1.00003295636413
"eps_all[7,14]",-0.228175277492746,0.00865382266221669,0.873721299518466,-1.92639804199287,-0.827205812486101,-0.236688376786971,0.357712510023071,1.50028599345374,10193.6534199285,0.999835443778775
"eps_all[7,15]",-0.39760258104173,0.00936542292781725,0.892881114391195,-2.13565777539745,-1.00809443925838,-0.399350440624227,0.228750774270459,1.33580891823009,9089.34286218746,0.99981472045669
"eps_all[7,16]",-0.108253996970508,0.00823543577180099,0.889178958417205,-1.85639005510656,-0.713046608860224,-0.0969136443884381,0.493378832975825,1.64098426167333,11657.4935814684,0.999632274352523
"eps_all[7,17]",-0.00205692627329132,0.00828026433926738,0.907900050607945,-1.71754683033194,-0.618302694244103,-0.0077597484301422,0.594375564092452,1.79243182459792,12022.303232327,0.999782936132571
"eps_all[7,18]",0.0298772345594597,0.00865450285306933,0.919159048868235,-1.73709403330349,-0.57674284668758,0.0181354601752256,0.642100988909948,1.81914570265116,11279.6879009109,0.999716050826211
"eps_all[7,19]",-0.0532287804859137,0.00884734377834667,0.923093624217955,-1.86546444319273,-0.678527527971405,-0.0501941508279897,0.578827451103753,1.76679830052482,10885.93400102,1.00013826343069
"eps_all[8,1]",0.0822901137155689,0.00782013548847384,0.682609563453542,-1.2438579643505,-0.376732949785482,0.0799249615095963,0.53111271166104,1.43695028587712,7619.31944351724,0.999824952722969
"eps_all[8,2]",0.75422215333394,0.00959291002459915,0.776024366097715,-0.767124432907513,0.238549327601177,0.764142998295819,1.28373956007629,2.23389166779804,6544.10069519062,1.00016981361988
"eps_all[8,3]",-0.0340929196566812,0.00791036093102109,0.74487318935821,-1.52440679490141,-0.523712419272433,-0.0392418992117186,0.450929106313237,1.48368213865949,8866.9056223571,0.999565505930007
"eps_all[8,4]",-0.252141443178494,0.0119914649277582,0.956852284660941,-2.14136841809125,-0.893215104159298,-0.250830537705945,0.380777519971993,1.63536426931729,6367.15339980364,0.999679924261338
"eps_all[8,5]",0.491995501108422,0.0117506546341779,0.811146835770354,-1.15636071930774,-0.0457105478336305,0.503224208930238,1.04329727641959,2.07520348325861,4765.13087062907,1.00016274209036
"eps_all[8,6]",-0.0298719112074479,0.00934179447356659,0.78404276080008,-1.57845707270236,-0.550427799944328,-0.018500685909944,0.494859790459436,1.49503028110939,7043.99245326556,0.999764521365968
"eps_all[8,7]",-0.154051349492283,0.00878245446116059,0.799479323820301,-1.72060945537381,-0.678949591988265,-0.166161315140138,0.375171282242743,1.43055800993345,8286.71990682243,0.999613974652223
"eps_all[8,8]",-0.378150519581169,0.00990226339544513,0.838507268936666,-2.021677558177,-0.946981068085221,-0.387814447776333,0.186755355875643,1.24161796242936,7170.42198976142,0.999753522749849
"eps_all[8,9]",0.21760388094469,0.00868139383515655,0.792259577936173,-1.35340101068514,-0.316387968228058,0.210114077184323,0.760120237323419,1.75974829096888,8328.29460022142,0.999896871422783
"eps_all[8,10]",-0.204637409999321,0.00878064204343022,0.807767899156178,-1.79935491766473,-0.743240790544394,-0.205019322319508,0.332352264503813,1.37848465635832,8462.92778133772,1.00015626737587
"eps_all[8,11]",-0.16020544770814,0.00878473057827495,0.86517333076423,-1.82641133142935,-0.731819981242471,-0.169439230465648,0.413414627301067,1.55391761966656,9699.50015656575,0.999719543951645
"eps_all[8,12]",0.220089241240719,0.0102120712942573,0.943206380907298,-1.64651170026846,-0.412004054325558,0.213838109016334,0.865324266971622,2.05522262392456,8530.72189632717,0.99960060878413
"eps_all[8,13]",0.378950805099125,0.00963982938912551,0.891141303215027,-1.37189907923171,-0.21970909465071,0.390642063919338,0.977168320677682,2.0833217284655,8545.83397025677,0.99979440413071
"eps_all[8,14]",0.317677477116315,0.00945715203142026,0.909834782760294,-1.48742788562433,-0.295582418526192,0.319680674904756,0.936634701014998,2.08533682195691,9255.59472949586,0.999636204645694
"eps_all[8,15]",-0.0343429235344736,0.00946770367654509,0.922885453417622,-1.88800330630186,-0.661516848644109,-0.0254064897069438,0.606658966154921,1.75758889251755,9501.80881519636,0.999612169262726
"eps_all[8,16]",-0.525661025802975,0.0095270826234956,0.898173636002103,-2.27122262443583,-1.12612954744983,-0.525817905442689,0.0895431513851583,1.17660096905758,8887.93240309375,0.999870254403288
"eps_all[8,17]",0.449839269399931,0.00917889111519752,0.93937315254971,-1.43613964118204,-0.175754815050615,0.462870477335541,1.08923057725814,2.27594529522735,10473.5968136547,0.999615308588968
"eps_all[8,18]",-0.140940215623355,0.00886674420354073,0.924148882344716,-1.97125944389092,-0.782407293783851,-0.152053618834433,0.512763360400373,1.63408863687848,10863.143733263,0.999652771711079
"eps_all[8,19]",0.0469860188033944,0.00953061507617853,0.958877075059745,-1.8060713798719,-0.608036695591417,0.0426727209001653,0.698633553586573,1.91157645036665,10122.4120510416,0.99969220980583
"eps_all[9,1]",-1.3667363912577,0.0123955095660443,0.750180508871752,-2.80078531280092,-1.8726238207799,-1.38801124598055,-0.874481268845993,0.134410209537887,3662.71209529055,1.00109884922634
"eps_all[9,2]",0.34319290249673,0.0109291169710046,0.829111513907347,-1.34431937734759,-0.204947541508711,0.354014236429326,0.903485308684084,1.9306070349828,5755.13803230326,1.00030133086855
"eps_all[9,3]",-0.947610272569317,0.0104581280261249,0.79840702777893,-2.50537224306574,-1.4882913330261,-0.955763172467851,-0.414298478588079,0.608844184440308,5828.28518274634,1.00015604383263
"eps_all[9,4]",-0.589843482432676,0.0155216397578882,1.02122840836079,-2.53654959241404,-1.2916832814217,-0.600567914364925,0.105032275860673,1.45362650547555,4328.83044668145,0.999960587125314
"eps_all[9,5]",-0.524806837344417,0.0117543275760227,0.857194983986717,-2.16562064937567,-1.10499892469894,-0.526237793917819,0.0417519030828513,1.19665440026189,5318.18771733564,1.00030042147352
"eps_all[9,6]",-1.15864944245422,0.0116112980105653,0.86084518547953,-2.81395227673904,-1.75164489764712,-1.16696292828227,-0.572111240781355,0.539455140472515,5496.52954269703,0.999749679578925
"eps_all[9,7]",-0.817560743221789,0.0118990391507942,0.867665125858257,-2.49947999542199,-1.39907879235793,-0.816411824223457,-0.224582252136566,0.866717054125397,5317.16940805108,1.00041868073746
"eps_all[9,8]",0.585663123046898,0.0121337326879061,0.898472132225573,-1.21133325980787,-0.0209733832829071,0.592773305500575,1.20918561857101,2.33305638237292,5483.02689837311,1.00002726599312
"eps_all[9,9]",0.238223870388067,0.011119234138688,0.877281576744756,-1.45360793803145,-0.365726661917114,0.236028178788833,0.840819214610351,1.95880124124731,6224.84106866442,0.999681569449098
"eps_all[9,10]",-0.803468601713252,0.0123223803530547,0.857829976091768,-2.43429905396724,-1.39142710775418,-0.824307878652629,-0.229111704286188,0.905585260720756,4846.33260384733,1.00050383584729
"eps_all[9,11]",-0.0259107437871972,0.010589492866467,0.892739512016909,-1.80340560644275,-0.628892356201359,-0.0295294431085975,0.56688567645464,1.71804301271599,7107.21067646492,0.999897310347169
"eps_all[9,12]",-0.475839275384265,0.0112997615464787,0.949973561177324,-2.32742960692543,-1.11269497017958,-0.499155927664657,0.153844766400424,1.40444325791205,7067.80370646608,0.999954905083333
"eps_all[9,13]",-0.0951423407122152,0.0110275353000366,0.923981018046591,-1.88472200546518,-0.723185231530102,-0.0988621215644635,0.548016596888821,1.68439630292029,7020.51845453685,0.999613767957861
"eps_all[9,14]",0.0480666058034407,0.011280495510394,0.925200667514002,-1.79166487928961,-0.566693238120147,0.0505833053049316,0.647554261412656,1.87766853519525,6726.90850660739,1.00002257813961
"eps_all[9,15]",-0.47494905254255,0.0104549804418274,0.926227994683304,-2.30954785728192,-1.10306413383446,-0.479336994864584,0.158365360867634,1.33199660730977,7848.54869012702,0.999577476704325
"eps_all[9,16]",-0.832806742557369,0.00984911085231766,0.933017364588068,-2.66136813842708,-1.44467090783221,-0.851994217327403,-0.224005227276002,1.00359431126045,8973.9862995783,0.999773732292261
"eps_all[9,17]",-0.0359916316987548,0.0092104413549814,0.937554844903608,-1.87640591299025,-0.651346828256021,-0.0344980815126228,0.601006922972856,1.79936769732797,10361.7350113691,0.999866296544589
"eps_all[9,18]",-0.33206805084716,0.00842852261819521,0.922170660858643,-2.13193877942299,-0.951217486540073,-0.335791977632848,0.308832107613011,1.46996840896479,11970.7039027822,0.999768982944999
"eps_all[9,19]",-0.158730645997778,0.00812687306891693,0.926778818358582,-1.99720523420855,-0.765804056844561,-0.160085255271151,0.451264862993972,1.69150051762794,13004.8469463872,0.999818265849567
"eps_all[10,1]",0.43959026964051,0.0100663329437052,0.710769852944047,-1.00367025540033,-0.0184534388608908,0.450505121610826,0.901729685230697,1.79981254874251,4985.57687219595,1.00134903456562
"eps_all[10,2]",-0.158736768426583,0.0105365541311356,0.788713742957946,-1.68492496882524,-0.695253828490258,-0.158619822448131,0.370347420569487,1.36174582178121,5603.2707901568,0.999984231307006
"eps_all[10,3]",-0.683150152252946,0.00976624277886968,0.754922390214048,-2.14529094484736,-1.19031354987027,-0.68013467675355,-0.173680725146814,0.816993185369082,5975.16056492496,0.999811873583402
"eps_all[10,4]",-0.241247428929258,0.0123687780204037,0.944398347742058,-2.08656011976806,-0.891023139457574,-0.231453748530352,0.393888774729019,1.58896595206929,5829.84282788703,1.00040152165294
"eps_all[10,5]",0.215428861966594,0.0139169790162595,0.84445239027401,-1.48482602736945,-0.345870992652709,0.242055143651702,0.786238509679029,1.81817830322461,3681.80169925206,1.00008459493903
"eps_all[10,6]",0.17832650874093,0.0117889350292885,0.818500806075423,-1.45643613691821,-0.361937096071172,0.180702588409417,0.731137536216785,1.74043175431174,4820.46655947823,1.00012784782848
"eps_all[10,7]",0.47971166264499,0.011685216886192,0.848241799739755,-1.2139327042285,-0.0910913837094525,0.480764959654649,1.04649360071233,2.16375964663766,5269.45602374238,0.999883883536175
"eps_all[10,8]",0.268103572433982,0.0112971466846248,0.869331493513112,-1.4551994024825,-0.313885451162549,0.276227766486699,0.858004630066806,1.96547473195226,5921.52123323293,0.999765979434083
"eps_all[10,9]",-0.0141410598453308,0.00993915114409989,0.837826609423091,-1.67436101394199,-0.565373747399416,-0.0112363857576217,0.543970758722238,1.6451758018996,7105.74648720622,1.0000073467309
"eps_all[10,10]",0.803004449741085,0.0149476204930053,0.861906092670865,-0.955918056657048,0.251040269292657,0.832163964032476,1.39089602042793,2.43328634701278,3324.8784677911,0.999906550215906
"eps_all[10,11]",-0.333401736483175,0.0094923410232141,0.87626652855616,-2.05464364540381,-0.91402442390898,-0.361079260207954,0.243437954118213,1.40516857419596,8521.69097417969,1.00017431549768
"eps_all[10,12]",0.372675027901132,0.011224363624832,0.893270430362295,-1.40482098414476,-0.226263859655212,0.387675396581256,0.96534000135687,2.0700246596767,6333.48083189778,1.00001581269127
"eps_all[10,13]",0.191838076527028,0.0100252544982226,0.901864545800044,-1.58898961060591,-0.418199955285731,0.196247246530951,0.79703337527353,1.98134660233512,8092.66971292273,0.999762556962839
"eps_all[10,14]",0.351694451175813,0.00995110591660014,0.898693140333848,-1.39893916747331,-0.252608824851873,0.346446383422433,0.96555351072715,2.12241195281674,8156.05519217138,1.00032290740153
"eps_all[10,15]",0.215622898774419,0.00993933864641337,0.920395617220784,-1.59722266185473,-0.399333543548842,0.227539571865536,0.848680474240315,1.97028212679334,8574.99959566828,0.999832784092087
"eps_all[10,16]",0.253856335328397,0.00966141131996246,0.897383682538322,-1.56187191100281,-0.350102049633132,0.269287452003311,0.84765731277342,1.99649837432909,8627.30581304846,0.999969933039607
"eps_all[10,17]",0.393808323171386,0.00951262675775096,0.973290699782234,-1.51285352166664,-0.241017737160833,0.408802831262881,1.03660973653401,2.26541995071545,10468.4945980853,0.999654505515952
"eps_all[10,18]",-0.396020983838035,0.00968879943081774,0.949522209571143,-2.20852311284737,-1.0456208768581,-0.396284578692643,0.238278172737529,1.46122344125052,9604.40187120763,0.999817256522955
"eps_all[10,19]",-0.36933434046385,0.00846416106078467,0.929600770061055,-2.18606530101182,-1.00256825528672,-0.362887701421912,0.245895310723269,1.48200069246069,12062.160754124,0.999672165779796
"eps_all[11,1]",-0.28852291446774,0.0120210344967189,0.773800228713524,-1.84890850125602,-0.786093453630682,-0.268096495466796,0.228776547884013,1.18212108926314,4143.56370822031,1.00018358502766
"eps_all[11,2]",-1.16627935339463,0.012939877038634,0.843497606335239,-2.79241761962824,-1.72958982494606,-1.19551450145602,-0.627119397087184,0.586907079303623,4249.20232132658,1.00063413862513
"eps_all[11,3]",-0.847867040048305,0.0105535847962774,0.80711334722166,-2.4795968319416,-1.37726200245802,-0.839901717141957,-0.302952826747883,0.749578564163642,5848.83070207466,0.999773073457002
"eps_all[11,4]",-0.624648655115886,0.017523270151201,1.08358192177302,-2.7276936246947,-1.35451410669669,-0.633025715423519,0.107418447270651,1.53319444847501,3823.78256545064,1.00002863596821
"eps_all[11,5]",-1.90599845304478,0.017646000616024,0.907929738886216,-3.59529961104037,-2.53909488914857,-1.93306422366393,-1.31758428282487,0.000401989113572057,2647.35329591397,1.00057657815658
"eps_all[11,6]",-0.814732212007571,0.0112665197640871,0.846596915070712,-2.44390265804676,-1.37240169734047,-0.832711056098985,-0.257243421614773,0.897691582908283,5646.42803636682,1.0000721646904
"eps_all[11,7]",-0.487005988025964,0.0101266851172525,0.846474203650245,-2.11248088009599,-1.0686271384316,-0.484329115712598,0.0823113801283977,1.14761323347534,6987.03377839937,1.00025203058092
"eps_all[11,8]",-0.940862742191512,0.0111795231172875,0.893439071765822,-2.6298436689806,-1.54320420833153,-0.940780555645955,-0.336515414230758,0.837770071315467,6386.8001300679,1.0000106742669
"eps_all[11,9]",-0.220087851488238,0.0101584579919704,0.862140520133937,-1.87284006470164,-0.809356361026309,-0.208048152831522,0.367399906594146,1.45488206829024,7202.78640745182,0.999570827665462
"eps_all[11,10]",-0.258315562917136,0.00974822795495724,0.842939652586655,-1.89949565512359,-0.833854868070914,-0.263678193951345,0.318619485225511,1.4028877783564,7477.24507263163,0.999884755468333
"eps_all[11,11]",-0.17040625554548,0.0101444643320875,0.862977098555723,-1.87116336159378,-0.724688711732996,-0.159276382637225,0.407379482597424,1.51284138376641,7236.69555411251,0.999608838864606
"eps_all[11,12]",-0.616508530664253,0.00964142257243145,0.894326962696409,-2.368222860988,-1.21453225764468,-0.623768308686913,-0.00727968348505033,1.11682741920627,8604.19833675214,0.99959931950956
"eps_all[11,13]",-0.428125773692016,0.0100262887649363,0.91304378334397,-2.23128094184782,-1.04834486670022,-0.424683173884976,0.189868358771244,1.37061509225348,8292.83053682061,0.999751364370403
"eps_all[11,14]",-0.0693440423407422,0.0102998655938793,0.899435963772306,-1.83490434274074,-0.661851528468394,-0.0833233385080698,0.531816984665482,1.6761691727885,7625.65902964812,0.999617669703616
"eps_all[11,15]",-0.44903883081625,0.00929714012475852,0.919440605734682,-2.25094972594672,-1.04837148668675,-0.466109161026212,0.155074130071846,1.39770431968896,9780.21960167999,0.999595622422533
"eps_all[11,16]",0.431173529707333,0.00945813173650092,0.91076387595047,-1.3986805047499,-0.176175415995551,0.450269135190858,1.05896552442087,2.11541500014134,9272.58612574017,0.999925711883873
"eps_all[11,17]",0.0139907358701948,0.0102141989482571,0.935913173859734,-1.82630243300217,-0.622391364647651,0.0221198906319229,0.644287286814814,1.82425128214249,8395.80794708635,0.999693770523315
"eps_all[11,18]",-0.32589839510464,0.00939161441415076,0.945486696258372,-2.19428755645514,-0.943337697472608,-0.328490454567397,0.317418275590163,1.56515755238575,10135.1536566057,0.99983943820711
"eps_all[11,19]",-0.41175449108222,0.00915929239195465,0.953682919694743,-2.25295338543649,-1.06220189842022,-0.410657846840466,0.223879742511292,1.47779013020412,10841.3699047538,0.999604782286855
"eps_all[12,1]",-0.0800090062620199,0.00767055137123243,0.686834304386204,-1.42608988332176,-0.525094911857209,-0.0849901587116315,0.369229019548132,1.29386402243028,8017.71824910891,1.00001336766943
"eps_all[12,2]",-0.155206149426125,0.00832042960847316,0.743269202516521,-1.61063175612984,-0.645097071638639,-0.150513624153231,0.336918018483944,1.30673412061766,7979.96110664359,1.0000125483279
"eps_all[12,3]",-0.0590017765690721,0.00790244274807734,0.720433113720191,-1.49008042683971,-0.521881351933963,-0.0600186502501242,0.412273371156514,1.35812305474198,8311.21690189857,1.00020159899693
"eps_all[12,4]",0.554329523674167,0.00809363491262891,0.751479518519448,-0.941489160759817,0.0523265547661308,0.568242237425245,1.0711934780504,1.99584351126239,8620.79020318256,0.999801356994643
"eps_all[12,5]",0.394638323076073,0.0112255592778633,0.780655347013046,-1.18321187442559,-0.128884256958509,0.412343488463037,0.948157235903789,1.83493515093559,4836.18273498277,1.00012048583428
"eps_all[12,6]",0.059000090679632,0.00846636762634858,0.775325507715198,-1.47098060540434,-0.472088815884607,0.0532467261014923,0.585805315007548,1.57786239000811,8386.36768809753,0.999859113592227
"eps_all[12,7]",-0.33825450711328,0.00775578088453154,0.76572822565514,-1.82455228327041,-0.870299709943228,-0.343447533932591,0.173573930657979,1.19751342604666,9747.61236344511,0.999710137764857
"eps_all[12,8]",0.165987754197255,0.00881488018923132,0.80192445663881,-1.43734071294411,-0.366301196188297,0.172185814237223,0.703640646468733,1.71621277747185,8276.2593112539,0.999653574411972
"eps_all[12,9]",-0.412736867530769,0.00850322997134365,0.795441688679628,-1.95507710135444,-0.948169256962176,-0.409016563958079,0.119175667173284,1.15690214373619,8750.82194359553,1.00038262220507
"eps_all[12,10]",-0.17981500755535,0.00826670802540987,0.779109540392425,-1.69798274458259,-0.69711442301361,-0.179582838961828,0.327515944151127,1.36577994147715,8882.43109252921,0.999999065628966
"eps_all[12,11]",-0.0111488498222068,0.00855855470339708,0.82449740892304,-1.61467389103555,-0.567379214819334,0.0023858280411266,0.565679222538182,1.57046638929431,9280.63576977492,0.999850931992276
"eps_all[12,12]",0.00932021564497452,0.00863933345109839,0.848848958746409,-1.69420337904244,-0.564273918522212,0.0202030209845905,0.588151464169595,1.63798102272847,9653.84601037963,0.999594236590988
"eps_all[12,13]",0.123102536636944,0.00968231377625478,0.859131578066443,-1.59746333732938,-0.451497369770044,0.120321782564301,0.694272822947937,1.79189563545951,7873.3772096014,0.99962121302604
"eps_all[12,14]",-0.145743738570018,0.00848394417704334,0.867654904492851,-1.80895962614492,-0.745816857004395,-0.155261326309019,0.440339658879607,1.53564881521713,10459.1995150977,0.999779906764404
"eps_all[12,15]",-0.199874914450506,0.00827045702970094,0.86675277546646,-1.86312238897459,-0.781589399942498,-0.19696182569495,0.36158840814432,1.54532273113375,10983.2650173506,1.0001857539481
"eps_all[12,16]",0.2182353572881,0.00870754801420712,0.881209503335481,-1.55180974227992,-0.381947771208454,0.211219977674396,0.804345716802132,1.97364911838891,10241.5711976133,0.99967254858604
"eps_all[12,17]",0.272583115895553,0.0086709898196324,0.904687394161681,-1.52355093364718,-0.3431662756807,0.280691335816365,0.866493687587205,2.02297196620168,10885.7843154663,0.999627627388323
"eps_all[12,18]",-0.0559277491365069,0.00886905492074491,0.924119119571456,-1.88092318330849,-0.677419808663043,-0.0455107309681105,0.581255599131192,1.73128579446469,10856.7846358927,0.999764765648313
"eps_all[12,19]",-0.123047887974826,0.00825874367667081,0.90831879921472,-1.90684242441524,-0.724877035319554,-0.121364772266415,0.484068941343636,1.64418404375855,12096.1908647122,0.999646941027503
"eps_all[13,1]",-0.314175311994704,0.00902951683382802,0.721731007663235,-1.73411171449851,-0.786217535241865,-0.317433203297951,0.150119927581929,1.14515199792371,6388.83547751531,0.999912797601137
"eps_all[13,2]",0.0815368200232555,0.0102798596195689,0.775179208332497,-1.43743482106379,-0.438963841028193,0.0833067890062609,0.596084320018008,1.62615447070733,5686.30123889796,1.00004867558039
"eps_all[13,3]",0.0695293328936873,0.00932947065662542,0.758004084744686,-1.42224344380805,-0.435107483745632,0.0735371565811268,0.563065181725452,1.5642948308951,6601.29416035916,0.999694086664495
"eps_all[13,4]",0.261073336400958,0.00959194021448353,0.777500893424923,-1.21710834035761,-0.26481279844744,0.252479049865582,0.782826110094858,1.79785774553457,6570.35548024446,0.99996777343731
"eps_all[13,5]",-0.16610006921579,0.0104600399192298,0.805643709426486,-1.74003215541725,-0.716469460554187,-0.176900968790301,0.379793081589966,1.4440356358421,5932.24879671828,1.00019840404894
"eps_all[13,6]",-0.132280296329962,0.010099845512834,0.808452770728054,-1.6968999893099,-0.680955356187654,-0.126075901808783,0.40894029177167,1.44145499647653,6407.3706249077,0.99983708468009
"eps_all[13,7]",-0.113164240566042,0.00945272375079739,0.825772039039398,-1.74465020974976,-0.658818929950462,-0.116791649560941,0.44172288158261,1.51267465525824,7631.4386031085,1.00016367684112
"eps_all[13,8]",-0.176375101789377,0.0109771582134004,0.859475394263852,-1.81968858769026,-0.755150658970721,-0.182220822708035,0.39526766928656,1.54341343747977,6130.37509647037,1.00008211409362
"eps_all[13,9]",-0.630666206919783,0.0102355703323363,0.856553624223426,-2.30193801306587,-1.21851277215844,-0.640776310821287,-0.0698201178240155,1.06717235480889,7003.0144155528,0.999538285362413
"eps_all[13,10]",0.736079679675928,0.0115569416834765,0.843973002798634,-0.951819660668405,0.179059821954342,0.736937784850457,1.3034203700915,2.35320780116357,5332.99609186757,1.00002753602509
"eps_all[13,11]",-0.195483452751903,0.0100049738786016,0.877107396582405,-1.88483423067537,-0.790599021866527,-0.197219421983953,0.385129548894548,1.52571566256164,7685.52657480277,0.999680395042406
"eps_all[13,12]",-0.417615138199275,0.0110610282243882,0.909227204168775,-2.13445561200249,-1.04824969276438,-0.432493009374104,0.186605203402755,1.41937430987845,6756.9987990086,0.999931106201857
"eps_all[13,13]",-0.613836704869508,0.0114807021975302,0.912534571043939,-2.34364836016802,-1.23262579037517,-0.63528960939482,0.000852617633694009,1.17259687238949,6317.7400080306,0.99970742733011
"eps_all[13,14]",0.40032112692513,0.0105107984001487,0.912167693584146,-1.41708662250274,-0.214256616010078,0.407636446455651,1.02030020959427,2.14423888330632,7531.4389631548,0.999726990469053
"eps_all[13,15]",0.619895920362456,0.0103635564726555,0.897415022482671,-1.15722968645626,0.0143130549757122,0.637677423786817,1.21934234892128,2.37267698483794,7498.40742200259,1.00077899847747
"eps_all[13,16]",0.125246941175589,0.00900130420641951,0.901057151946273,-1.63464976642407,-0.47432012808033,0.118385726344145,0.734142607920189,1.91181263237007,10020.6016448775,0.999700236355782
"eps_all[13,17]",-0.00763222172306642,0.00952697684794987,0.922685758381736,-1.82554507158179,-0.633547344110943,-0.00714829233335531,0.610371290952878,1.83988124416193,9379.88286652624,0.99960031137622
"eps_all[13,18]",-0.110634937335355,0.00915116912529643,0.938552083457126,-1.9291266820923,-0.750671344620302,-0.0999013027065244,0.529438484122604,1.72025723127782,10518.7369068343,0.999821196897071
"eps_all[13,19]",0.364056867892672,0.00947558167853021,0.925445965420036,-1.42973301435396,-0.265987314440596,0.370488066149865,0.977129697601046,2.17476238835627,9538.72599759848,0.999769655112357
"eps_all[14,1]",0.957383838237518,0.0102145792688874,0.752830644656554,-0.542011511820354,0.472543352228055,0.964140006885963,1.46124757536148,2.41891186466707,5431.92308937255,0.999660699463202
"eps_all[14,2]",0.594572841451575,0.0110534679427814,0.818501568136599,-1.04838116047298,0.0588233769530053,0.612922035621746,1.13617544745817,2.1745143460739,5483.29888945889,1.00048458418085
"eps_all[14,3]",0.429409564778175,0.0105660113263148,0.779738512931292,-1.17053059490708,-0.0818334018172973,0.443864215828356,0.959144789295075,1.90156119241476,5445.97730470823,1.00008553160234
"eps_all[14,4]",1.56810474765343,0.0115829510072939,0.815082301456017,-0.0514368254800153,1.02290012149913,1.56941800241406,2.1313048266074,3.10759892599536,4951.81586932873,1.00023976605467
"eps_all[14,5]",0.937940477983007,0.0124863246621773,0.820061794629869,-0.71754201722442,0.399900793897049,0.94053176666488,1.49201873321589,2.52707490121599,4313.44150129024,1.00028935142834
"eps_all[14,6]",1.09649737647236,0.0110727289083184,0.833413275822977,-0.563609507071418,0.534944670071985,1.11377279125212,1.65815581890499,2.69738861386523,5665.151049639,0.999751736868235
"eps_all[14,7]",0.944100916193057,0.0105573806126767,0.832867205445099,-0.70388293427507,0.387339697530982,0.948295993474177,1.51358277337657,2.53736871996193,6223.5640841842,1.00005086193633
"eps_all[14,8]",0.384637404665258,0.0110292207959831,0.866518205053035,-1.33660299287391,-0.191697913730071,0.389690742341201,0.972836929293551,2.03294786798479,6172.56569413441,0.999834947355651
"eps_all[14,9]",0.246301368984427,0.00995043068436679,0.847419159195322,-1.4317017593593,-0.305954051548496,0.255377180875424,0.807800052210299,1.89163975196148,7252.91854271592,0.999831927971387
"eps_all[14,10]",0.351678218805132,0.00959567729262178,0.848831039216359,-1.35874778567976,-0.210389261857588,0.358488934067046,0.927620959914361,1.99550424616977,7825.1241403872,1.00009685314323
"eps_all[14,11]",-0.186378521786221,0.00951546351137584,0.866221030807584,-1.88766165702533,-0.774652867901373,-0.184208739237527,0.383293741774867,1.51916844501909,8287.00404629288,0.999811144820771
"eps_all[14,12]",0.408311450025867,0.0103885227577681,0.88170114212323,-1.35320105872853,-0.184056433902435,0.415368346593117,1.01101348604187,2.10374603083604,7203.3615887665,1.00029672013103
"eps_all[14,13]",-0.00336811078353943,0.00997796052947322,0.896494800348846,-1.7977875373456,-0.583960242884591,-0.00840876408906549,0.591229436114076,1.76297738017672,8072.57310635951,0.999747226171387
"eps_all[14,14]",-0.168038060880623,0.0106267132850261,0.911681275686315,-1.98493205789777,-0.769835724396435,-0.16398402347493,0.449512914550729,1.61992123786737,7360.17506042521,0.999769803446945
"eps_all[14,15]",0.210255473233686,0.0105271928084495,0.929115735485999,-1.6340064508538,-0.414839775518806,0.211958535965005,0.825802338962508,2.06347135702211,7789.58778942645,0.999781275244265
"eps_all[14,16]",0.657886691019523,0.0094665676573807,0.91610900072804,-1.15456872054717,0.054733336007146,0.639305721155652,1.26374873099014,2.46960598105411,9365.03088332134,0.999799954009164
"eps_all[14,17]",0.48714690904474,0.00967277746111917,0.930295828063504,-1.3478868859703,-0.12982127979043,0.501816642586896,1.11608786368905,2.26016119723036,9249.95786189422,0.99974846833047
"eps_all[14,18]",0.255435502166023,0.00876454873948338,0.927408963352323,-1.55560630335788,-0.354062392017342,0.245448422837546,0.86672635426459,2.0715894835825,11196.5302316142,0.999657009456058
"eps_all[14,19]",0.146891017888455,0.00886855648033821,0.947939013207265,-1.69335516363548,-0.48792338498022,0.146198383757807,0.777484756062126,1.9931319279652,11424.9661581769,0.999580190964765
"eps_all[15,1]",-0.842522424890714,0.00836264410856283,0.710735383968697,-2.23030797118762,-1.32603195700754,-0.859831610116147,-0.37969152781041,0.620953588562048,7223.18345264031,0.999833557008262
"eps_all[15,2]",0.127842613878753,0.00943038221307368,0.780679423320468,-1.42219503562305,-0.395610523799168,0.136997575963515,0.639207527845678,1.64431560847269,6853.09694114032,1.00070606678567
"eps_all[15,3]",-1.25421515759897,0.0105743724642994,0.793000648685866,-2.77965317246686,-1.79225669733389,-1.27135958671333,-0.72526488645157,0.35310146759909,5623.90373110486,0.999947072869864
"eps_all[15,4]",0.273731008116151,0.00899746376681665,0.751950062507326,-1.18252201609653,-0.22411772628479,0.265643459555255,0.769918490822255,1.79081093734522,6984.53964393513,0.999842164950798
"eps_all[15,5]",-0.375583283797052,0.01075385120141,0.788024632851213,-1.88741560265577,-0.900188885986781,-0.386703895973759,0.142531665787742,1.24073323745863,5369.7187683321,1.0001189386962
"eps_all[15,6]",-0.0747565337083862,0.00851707775726222,0.763798992419461,-1.51524133638891,-0.594282021698326,-0.0842702646026357,0.430123145782615,1.44652061614463,8042.23830604901,0.999761675650304
"eps_all[15,7]",-0.191327345251033,0.00950935602876184,0.814943804671964,-1.78244988384485,-0.750257027470899,-0.199137342711399,0.365352126133276,1.40858465147661,7344.34567983349,0.999940255114662
"eps_all[15,8]",0.141551214684167,0.00955975842872962,0.840804865767904,-1.49850508151068,-0.428778684634593,0.131357656185107,0.71330177517499,1.7859780886218,7735.6461675687,0.999619334595101
"eps_all[15,9]",-0.605208210883311,0.0096282382603234,0.827164012891628,-2.20961511610061,-1.15991756623597,-0.604671428329497,-0.0522641958980098,1.02033655417334,7380.56493206091,1.0001098038268
"eps_all[15,10]",-0.535389694706641,0.00916194581164813,0.811403870561626,-2.08177225453367,-1.0988610809453,-0.532907633255443,0.012792122834272,1.05373988488185,7843.29793615399,0.999694528565735
"eps_all[15,11]",0.0370206742846047,0.00898129612343875,0.851943818927076,-1.65216518654513,-0.533832542416023,0.0260030001930292,0.605217852926003,1.66917651653926,8997.9563304836,0.999890851995861
"eps_all[15,12]",0.0610963079129441,0.00939478846408336,0.888583192917763,-1.65820472411535,-0.537485973166654,0.0622538223478996,0.659876093698694,1.78366391141882,8945.86164934403,0.999611150000753
"eps_all[15,13]",-0.0652287235686293,0.00934280282402296,0.908207198755847,-1.87868068947333,-0.673253994775566,-0.0677495129828447,0.540449079058812,1.70081395988185,9449.64543016673,0.99989405769249
"eps_all[15,14]",-0.745599000582145,0.0106135993778738,0.913677428924453,-2.50558494372967,-1.35108762575578,-0.741561813953235,-0.129411783471627,1.0001271052498,7410.7201181975,1.00021853414719
"eps_all[15,15]",-0.146321069749651,0.00879567067232385,0.896761251474182,-1.90006828477844,-0.757140119487563,-0.147229397803667,0.460052366729912,1.62783214356555,10394.7906834072,0.999670603351773
"eps_all[15,16]",0.500041629714357,0.00841624061033237,0.893326988797955,-1.29525472718078,-0.111173030098685,0.498691759507809,1.10616689676553,2.23822248695239,11266.3859296358,0.999672592495733
"eps_all[15,17]",-0.00931014972374205,0.00850783250466381,0.908310845153235,-1.84044720075768,-0.613922671268266,0.00333016491938257,0.609606768052012,1.73238142471096,11398.0651957555,0.999645763637684
"eps_all[15,18]",0.157553219762882,0.00871734470532475,0.916775380815849,-1.62455578543946,-0.472104663422467,0.171967579374299,0.771637303487463,1.99385057452938,11060.0590472094,0.999723537607133
"eps_all[15,19]",0.0485983869424798,0.00891942702222295,0.941264197467607,-1.77892648367049,-0.581742493465577,0.0496905989040955,0.678893621165098,1.8889302072463,11136.5114212339,1.00018448295621
"eps_all[16,1]",-0.947037791836332,0.00934869206035089,0.714993881709384,-2.33111567054518,-1.43591787462909,-0.954812560770569,-0.485509876259711,0.475117047356287,5849.28714573513,1.00094232337948
"eps_all[16,2]",-0.961947585797402,0.0131982220831408,0.841617876575184,-2.5788274068092,-1.535736512108,-0.981600015910385,-0.420533261377722,0.723883249324975,4066.29647093396,1.00077780332679
"eps_all[16,3]",-0.79514367598638,0.00928884887151239,0.773016531885203,-2.28518469470104,-1.3215021967747,-0.793076935135217,-0.288724708537922,0.743984891279317,6925.54203864555,0.999863754038914
"eps_all[16,4]",0.0580108079104519,0.00925164717983896,0.779469853284768,-1.48269884506458,-0.463664604023124,0.0507986072685309,0.58606625917925,1.58764121221753,7098.40087162603,1.00007079016334
"eps_all[16,5]",0.0785063502622943,0.0100222359495469,0.801790607490928,-1.51087418422429,-0.446842760025933,0.0820597728612589,0.59758131664567,1.68146229188862,6400.18728935238,0.999632798218384
"eps_all[16,6]",-0.275815560066058,0.00996891917248681,0.797251719335457,-1.8194826890363,-0.816302080210048,-0.275236913113826,0.269722623123241,1.306920231464,6395.79859788401,0.999726528463147
"eps_all[16,7]",0.104825360973492,0.0109120641820834,0.831523955425295,-1.51323770972938,-0.456076717181976,0.10423096780765,0.667659732251677,1.71940941945851,5806.78447778803,0.999904599514485
"eps_all[16,8]",-0.052231861742841,0.0108732795216559,0.852322629672828,-1.66320002659864,-0.642981379789555,-0.0663899499087726,0.517504932109183,1.64544326095648,6144.50544475975,1.00004122771864
"eps_all[16,9]",0.0294992554568625,0.00924648176993185,0.810619112853884,-1.57317541659786,-0.518086278129513,0.0335380523644181,0.591409299492502,1.61549767741969,7685.65071040224,0.999936604868879
"eps_all[16,10]",-1.22012313539094,0.0142294704982216,0.865991992055748,-2.89562410428741,-1.80881852315562,-1.24390227642519,-0.643434929377256,0.530234237654505,3703.82341543788,1.00061104116502
"eps_all[16,11]",-0.0577999728733243,0.0093168018344056,0.852010165264592,-1.73555754767806,-0.625721249295954,-0.0685845987294894,0.519159943050626,1.61189740630206,8362.87944213854,0.999757381153967
"eps_all[16,12]",-0.032482923705512,0.0096342962951594,0.873282857562787,-1.74789867806175,-0.615677247172018,-0.0254357569053749,0.558024365079339,1.69409003325223,8216.17863485501,0.999888197329911
"eps_all[16,13]",0.0131349961057079,0.00941579937109642,0.893343955902762,-1.74985900010211,-0.603746464604372,0.00725594979955025,0.63640055310623,1.75149352514638,9001.66848544208,0.999702989149102
"eps_all[16,14]",-0.0176534418906911,0.00961531379922901,0.902758995302261,-1.77884191852492,-0.6168357577862,-0.0106997274347499,0.581218001370543,1.75890495633418,8814.88650041606,0.999821833586775
"eps_all[16,15]",-0.490751402896813,0.00988559816192208,0.900703226274613,-2.25670766600472,-1.09295691716595,-0.505685821113862,0.0896633449744455,1.33056027630482,8301.51832475166,0.999866978457215
"eps_all[16,16]",0.0780837857957991,0.00877313622610668,0.887183078052032,-1.65818464925554,-0.509409963107058,0.0719363052119967,0.665981673028451,1.85456285063554,10226.2581830868,1.00026550644699
"eps_all[16,17]",-0.0778409896381356,0.00905208331493327,0.908187134917926,-1.85284150253249,-0.697764677187788,-0.0666835014593503,0.524749864232028,1.68392120981118,10065.9230489061,0.999911775091087
"eps_all[16,18]",0.111997506101368,0.00898881360127137,0.923479527155801,-1.66804565840276,-0.512922834817945,0.102203158851793,0.727689148993829,1.91373766724806,10554.7948008982,0.999904474747159
"eps_all[16,19]",-0.331671719236495,0.00913119250142356,0.943162591150723,-2.12942021562705,-0.976228198426662,-0.350076828010638,0.296859594020877,1.52442851331018,10668.8629600268,1.00000755807711
"eps_all[17,1]",-0.00846367949667017,0.00881934860747479,0.719879842819492,-1.41499376760021,-0.487688648181086,-0.0148947628396641,0.464277156336126,1.40096170629724,6662.65011594068,0.999918517700273
"eps_all[17,2]",0.831088288960775,0.0118500377544384,0.812798254586959,-0.801739824379767,0.293104548655058,0.841963842404888,1.38655701950805,2.39193082366026,4704.63631567253,1.00061832550402
"eps_all[17,3]",0.795995707339773,0.00933394635488703,0.750476266874957,-0.679770277466918,0.302211650186891,0.797859325551376,1.31598662824876,2.22865404861032,6464.6248036855,1.00014140536642
"eps_all[17,4]",0.0956787246721776,0.0101376705944284,0.775487769695887,-1.42552419724047,-0.423757629537131,0.0954281449474705,0.612408565574703,1.61311025871279,5851.58549648162,0.99983599556121
"eps_all[17,5]",0.447096095324308,0.0104976545918729,0.795137962791126,-1.14072550775757,-0.0731304995923801,0.453307941713223,0.996368468944731,1.98835103712653,5737.20567960986,1.00021449727951
"eps_all[17,6]",0.388956034961608,0.0103935969595289,0.786545315490967,-1.11105081413265,-0.154715671268297,0.3710327659605,0.92582893547881,1.95393818519932,5726.84928697708,1.00002659088708
"eps_all[17,7]",0.346813251352889,0.0101123152450651,0.829361705529951,-1.30782028427882,-0.20516766162208,0.345953076694978,0.905685743471459,1.98098669217385,6726.46299398984,1.00056269094278
"eps_all[17,8]",0.199098358754013,0.0101855358444575,0.852524126835025,-1.48715358815041,-0.375292619100641,0.202343417504302,0.778300930024024,1.85256450113871,7005.6041542019,0.999939614722276
"eps_all[17,9]",0.821159015045109,0.0128377675649841,0.849435922452396,-0.887509806661505,0.255727174785411,0.82889153903254,1.40188462419369,2.42259909373195,4378.06525033036,1.00072962652509
"eps_all[17,10]",0.700848718645571,0.0125742039134516,0.856036475145049,-1.00038343262904,0.14772029725049,0.721635988521144,1.26566633454326,2.34601663641644,4634.72042972083,0.999824991424271
"eps_all[17,11]",-0.196408709646437,0.00869713973190974,0.84672479173412,-1.84702170296472,-0.764857858986989,-0.214897769404104,0.352119192576498,1.51264824522913,9478.32631838898,0.999957072825635
"eps_all[17,12]",-0.079578977509067,0.00989126276395612,0.86594211653591,-1.7676036096679,-0.650699470508021,-0.0976174326148008,0.502055056891235,1.6348895464309,7664.33090963111,1.00049569439855
"eps_all[17,13]",0.0141063058055733,0.00906204494665586,0.879625211488551,-1.71357740542952,-0.569275925248447,0.0190440171688616,0.631299454336672,1.7079307180104,9421.99594759411,0.999933444995967
"eps_all[17,14]",0.052393892919529,0.00947094879909824,0.89290684366597,-1.75414391221398,-0.544337013582003,0.0605689817658943,0.646640786065056,1.80873146006473,8888.43550869853,0.999629683873864
"eps_all[17,15]",0.6476377262323,0.00931414589131288,0.873282898277669,-1.1005919819066,0.0612059809473564,0.645357932268202,1.24835273490916,2.34922567230253,8790.70767482499,0.999825558368764
"eps_all[17,16]",0.0887299740043574,0.00824732478121392,0.868800747994875,-1.61809723433999,-0.481807884420926,0.0879775014827164,0.666746220044672,1.80324252063272,11097.2195244564,0.999843176099508
"eps_all[17,17]",-0.16443238361966,0.00877252004339466,0.905982850361665,-1.95111927231402,-0.778861715960015,-0.151644325029831,0.432969431664448,1.60992701092992,10665.7454707183,0.999599121936916
"eps_all[17,18]",0.138796109055483,0.00869633035913316,0.932605568124404,-1.69105708351685,-0.481135647343436,0.144705851833462,0.774142935594512,1.94211631373131,11500.6913741339,0.999949356006929
"eps_all[17,19]",0.136906341331926,0.00823480283515569,0.90338722690141,-1.62431398450928,-0.465270163280052,0.133417346940075,0.74934732839927,1.9056034337824,12034.8721420756,0.999705902519465
"eps_all[18,1]",0.592268763174891,0.00895733471952214,0.721605814175955,-0.868065333841562,0.121343893150305,0.608300164366885,1.06262124004295,1.99292166303247,6489.96628855576,0.999721379971634
"eps_all[18,2]",0.00392095479116092,0.0105001475571149,0.784178177616171,-1.4864577487116,-0.525423630910254,0.00655792264265585,0.513113268375995,1.60449131357133,5577.48871806764,1.00027024445578
"eps_all[18,3]",0.953066174629605,0.00904971351927051,0.757914985068827,-0.573046064538196,0.46340739367648,0.954551461452637,1.45269645248239,2.4324780353644,7014.0898529933,0.999648478791079
"eps_all[18,4]",-0.134196683519658,0.0116632208932153,0.817626533378601,-1.72906378791496,-0.680779088375515,-0.154848372423723,0.399951551784735,1.49525450367516,4914.42771310987,1.00006297485524
"eps_all[18,5]",1.02676541601883,0.011154103033676,0.824615394087005,-0.620655264150115,0.479640989414864,1.03846458383793,1.59160578065841,2.61258977868455,5465.54623267583,1.00039223617269
"eps_all[18,6]",0.91548031481346,0.0101425692423391,0.823634808518346,-0.723047474262704,0.357752866307273,0.918080207393734,1.48016335885455,2.51651907802696,6594.37169161976,1.00036302073414
"eps_all[18,7]",0.233877463277191,0.00977767890316989,0.832838638915879,-1.42810208464249,-0.332475710882876,0.239670189788332,0.803146415500434,1.83260041529427,7255.21337331201,0.999918165997682
"eps_all[18,8]",0.0261133355434396,0.0101262692446777,0.893737214067822,-1.74897492287234,-0.559694337298197,0.0268355931103294,0.612631623569133,1.79954214388684,7789.70018269716,0.999877144444714
"eps_all[18,9]",-0.736834726721777,0.00940667868617388,0.808542590662936,-2.31488212899983,-1.26895698065569,-0.73703717184646,-0.199993442235523,0.859195353115942,7388.10712778102,0.99999645777494
"eps_all[18,10]",0.474226977135051,0.00982036056511852,0.836148993742294,-1.16150411885467,-0.088446082711487,0.472663123890543,1.02974698773675,2.08268997419169,7249.57380449549,1.00031478758931
"eps_all[18,11]",0.0825733423427714,0.00911240449986386,0.86406695857584,-1.60446953578263,-0.502638656286122,0.080993231765665,0.635962354298999,1.82543827295118,8991.4310209846,0.999620536654916
"eps_all[18,12]",0.14178631251785,0.0102823320139416,0.913720153520932,-1.62084162046596,-0.493248037920382,0.15344175848595,0.762545807921166,1.90821301069987,7896.65495839859,1.00025901668209
"eps_all[18,13]",0.31466796276584,0.010460656107465,0.923278940549847,-1.47437839200189,-0.311103134381793,0.331751695879059,0.937719067278036,2.09255315791616,7790.18927040133,0.999688796363199
"eps_all[18,14]",1.02927892821086,0.0110939710968995,0.917315419553831,-0.77610325276535,0.420608479234746,1.03096652808973,1.66748000014091,2.81035579288285,6836.96454062652,0.999974037817508
"eps_all[18,15]",0.03949012952026,0.00882733741704752,0.849480067565983,-1.596792855653,-0.537487719904278,0.0515038264339806,0.627184253227181,1.68608451461776,9260.76643415679,0.999668349653028
"eps_all[18,16]",0.232555886881432,0.00876580186036556,0.899108968923921,-1.50357437684396,-0.372038471706967,0.225765001601955,0.863304845875478,1.984597882106,10520.6206288432,0.999675771213847
"eps_all[18,17]",0.0749697870568207,0.00865767189820246,0.894729655320933,-1.64566312861277,-0.54099844630881,0.0756229746460554,0.689267511928533,1.82670157387763,10680.2499744766,0.999578433368893
"eps_all[18,18]",0.0601507295263539,0.0085304354950528,0.918265511596251,-1.75518449084216,-0.554806564716805,0.0534448595725159,0.695031287641623,1.82130963180645,11587.6172073053,0.999877026930152
"eps_all[18,19]",0.230025265624844,0.00890933887979002,0.918593616010065,-1.5886125743787,-0.374443758882383,0.229505731688653,0.836385506944363,2.06484192054605,10630.5537858426,1.00017680390341
"eps_all[19,1]",-0.247590312674849,0.00808190131345025,0.693696304535257,-1.67824885989977,-0.691904595351681,-0.225808698689968,0.212283153632948,1.10247622618507,7367.35633469252,0.999853096011104
"eps_all[19,2]",0.368620610488877,0.00911654320291749,0.759110113803135,-1.14124478487708,-0.146745468212959,0.376634954965952,0.892256083307851,1.82811665628109,6933.44646365584,0.999876151358744
"eps_all[19,3]",0.239741061850718,0.00775177896678216,0.721487112123717,-1.18459986289781,-0.244289844412934,0.237648676751354,0.708986303186383,1.6491552516435,8662.72232705817,0.999823596454428
"eps_all[19,4]",-0.0477115957467385,0.00847775568779362,0.769713814847961,-1.55924181682667,-0.558181216885661,-0.0577043846321494,0.461923554407967,1.46307025714637,8243.21768829526,1.00011758738164
"eps_all[19,5]",0.117014979160676,0.00889216433990183,0.759114363958446,-1.34288079931093,-0.407611780805585,0.116703274777162,0.628064866379616,1.58760095137521,7287.85053960278,1.00014415079779
"eps_all[19,6]",-0.0913775161501117,0.00836593218903904,0.772830218542722,-1.62272267080688,-0.590403735435295,-0.0910891673569989,0.427975720486136,1.45780358380597,8533.74202933041,0.999654689016479
"eps_all[19,7]",-0.00340925242529418,0.00963184163028142,0.821477746248657,-1.61417030620371,-0.563259805090175,-0.00252935069548447,0.553962716129953,1.59257024583134,7273.99401752645,0.999933879628786
"eps_all[19,8]",0.0385348147946044,0.00948359283907735,0.854689615815891,-1.66357937101769,-0.53206948200122,0.0338705970674467,0.611041308925277,1.71675783144505,8122.15091686605,1.00029255714196
"eps_all[19,9]",-1.05283910465952,0.00936217031028134,0.809421154537023,-2.65405821231779,-1.60752497452406,-1.04793668187214,-0.505278513237535,0.545227715150631,7474.73889795185,1.00008075304068
"eps_all[19,10]",-0.311997114353759,0.00860127603367599,0.802188757389465,-1.88189298718623,-0.84232678218474,-0.32872495713366,0.220848510468544,1.25396200207961,8698.15958670742,0.999722080397658
"eps_all[19,11]",0.114294457402543,0.00843578825854276,0.854380424636373,-1.60899058036235,-0.446860085198312,0.126097036345217,0.705870867801878,1.76677342683404,10257.7294010811,0.999644205220843
"eps_all[19,12]",0.0983957044848174,0.00952304206367611,0.878072893659081,-1.65464270270642,-0.488047430502567,0.103128269553151,0.699654060851011,1.78743188329972,8501.77752013894,0.999866090963746
"eps_all[19,13]",0.227945720945796,0.00922622241251045,0.895701681308215,-1.57390525028739,-0.379556303832175,0.233143146675505,0.831957429040911,1.97821030145071,9424.9474919781,0.999718595476195
"eps_all[19,14]",-0.0753625277849211,0.0093530247390087,0.939289255368548,-1.92147495957615,-0.708928511704912,-0.0718914030451413,0.55505709490927,1.76668191350348,10085.4328631366,0.99979204989516
"eps_all[19,15]",-0.200917696293885,0.00923474174389654,0.895631392522866,-1.92384593763828,-0.817055719581617,-0.222212799429873,0.421089908707576,1.57743362873594,9406.08947915683,0.999852442624628
"eps_all[19,16]",0.190396917217177,0.00903355840015939,0.873076935792569,-1.54378690186797,-0.395952814806703,0.203191888650279,0.775883765702829,1.89328873608074,9340.86978777483,0.99976114230005
"eps_all[19,17]",-0.0206648303834055,0.00865866394297161,0.956274163429285,-1.88955703597189,-0.659535307237119,-0.0155655939708217,0.614008003318169,1.83266722628948,12197.2823095652,0.999701049277272
"eps_all[19,18]",-0.318873602338555,0.00863756919440524,0.938685050310053,-2.14346669245948,-0.955193940545286,-0.31665867427925,0.31738675707333,1.5215112133576,11810.1856234402,0.999880841553382
"eps_all[19,19]",0.127883525010481,0.00927535195090436,0.93225467597427,-1.68923338212519,-0.491388196668226,0.132398029810585,0.768808840467079,1.9769480820317,10102.0228176956,0.999858442296087
"eps_all[20,1]",-1.59064544719153,0.00962228502003394,0.705279805994023,-2.94822603594896,-2.07358723596449,-1.59985714835148,-1.1361491132015,-0.179322736460073,5372.37679072409,1.00050952469065
"eps_all[20,2]",-0.847028327425591,0.0108411895323138,0.790560424911703,-2.35960393833126,-1.38908781211968,-0.871530975216812,-0.322467688042383,0.743595451578985,5317.60734649507,1.00091771908282
"eps_all[20,3]",-0.0522874425647312,0.00964902342755304,0.772147940524067,-1.55031440201217,-0.547341839768062,-0.065005578686096,0.456054784155103,1.48571983569237,6403.74917813559,0.999546354294552
"eps_all[20,4]",0.265036572031101,0.00995999882649615,0.782320643045751,-1.32163334816925,-0.253254132843064,0.264494377530245,0.797957776670005,1.77896177645399,6169.51473318273,1.00012562002235
"eps_all[20,5]",-0.220888150507655,0.01061995041828,0.822938979349333,-1.85992923373724,-0.779428980758923,-0.230825237954378,0.350985135513753,1.37537982398075,6004.68581955365,1.00016402831593
"eps_all[20,6]",-1.13518056029284,0.0105786629956865,0.818464712614959,-2.72189474346049,-1.69076688746793,-1.13939862657287,-0.601398813586594,0.510740181765238,5986.02264973374,0.99969130629686
"eps_all[20,7]",-0.611998756876838,0.0103030314262002,0.858072454441257,-2.25520947802048,-1.20050838404746,-0.620911442203236,-0.0525221679197126,1.13779370415057,6936.14034820178,0.999900849950206
"eps_all[20,8]",-0.817290255923945,0.0107152509406147,0.885368334818596,-2.50325374983417,-1.43164386097129,-0.836089434641816,-0.213408564147585,0.942532867819244,6827.21026164416,0.999731520822659
"eps_all[20,9]",-0.764593755078551,0.0089859257280436,0.850820065494009,-2.43381511960328,-1.33257711605026,-0.775652964841235,-0.183402153239126,0.917181605667463,8964.98976157892,0.99997312753678
"eps_all[20,10]",-0.730251097586058,0.0102860880523504,0.834737639666549,-2.30761764046707,-1.30795120660506,-0.76154368757488,-0.171219549092716,0.93019433507306,6585.66323079567,0.99952285365326
"eps_all[20,11]",-0.646968535069264,0.00949539106009388,0.870803982788803,-2.32092176777943,-1.23663016920942,-0.652448551009182,-0.0577832464600953,1.03140000577139,8410.37000214566,0.99982560131068
"eps_all[20,12]",-0.166811424310407,0.00869882108261408,0.858151521997731,-1.83081450728781,-0.739863485191156,-0.17318204254429,0.409823236511352,1.51914740162292,9732.11332544776,0.999774751787001
"eps_all[20,13]",-0.172309226435482,0.00942246963250722,0.888608653254693,-1.88875172101058,-0.775640419832794,-0.167501897256421,0.431983825668866,1.55453268735993,8893.88650815297,1.00002966366071
"eps_all[20,14]",-0.084799867870582,0.00914949405493146,0.949775531305337,-1.92278079633388,-0.73767101613525,-0.0875608485455449,0.563756000819579,1.79136182325478,10775.7571457098,0.99976582941009
"eps_all[20,15]",-0.28813950896112,0.00871707201601057,0.887836571030716,-2.00146339352,-0.899013925909105,-0.294115686530837,0.301245092419047,1.47200106591686,10373.4876078525,0.999661590501492
"eps_all[20,16]",-0.193016223036462,0.00859116619613918,0.886987150707204,-1.94564701936071,-0.786284735543426,-0.205455366857407,0.390730913912247,1.55479579679905,10659.3424743967,0.999768882741576
"eps_all[20,17]",-0.087286663371584,0.00839718157825999,0.931339494984082,-1.92650973490768,-0.711927484046257,-0.0963927364765491,0.534871651263519,1.74372677299156,12301.2417044317,0.999879001249508
"eps_all[20,18]",0.102239235043856,0.00850866924046083,0.915237467604661,-1.68594088906191,-0.517302757399735,0.0908938785033782,0.729672552404673,1.91353655623559,11570.2914418768,0.999664027050365
"eps_all[20,19]",0.0706813593662924,0.00900510456242808,0.94364685770163,-1.78484722759254,-0.564849019555192,0.0754624973345434,0.714236211469974,1.92884222513278,10980.9894973823,0.99971504685443
"eps_all[21,1]",-0.31617463834163,0.0107623758554357,0.712112190753334,-1.74856318236317,-0.784185905993121,-0.304071535908429,0.167865697928303,1.05468011911956,4378.04812737196,1.00003912551571
"eps_all[21,2]",-0.588455132444018,0.0091235528507467,0.748710220888075,-2.08657927292107,-1.07559700324221,-0.580065809666538,-0.106528613186696,0.89171927227202,6734.40978449936,1.00011315349414
"eps_all[21,3]",0.393417611038386,0.00851428110980043,0.76576205739471,-1.10667898174512,-0.127747336244072,0.388138192862362,0.89771656445275,1.91706970061493,8088.94193287708,0.999663114111181
"eps_all[21,4]",0.520507145296567,0.00965462016866933,0.77338881733923,-1.03570258880339,0.00770872039260226,0.528667818947153,1.05736427615398,1.98334828433159,6416.90177409122,0.999735473336536
"eps_all[21,5]",-0.49255396991421,0.00998929115859969,0.808306654370928,-2.04947373863728,-1.0345997308673,-0.502348399958877,0.0444374194157057,1.12662858694273,6547.61243487131,1.00074639712771
"eps_all[21,6]",-0.601890088066962,0.00925887835862697,0.80698349003167,-2.1780806880995,-1.14653233078903,-0.595285491003221,-0.0580876258282656,0.988521822070543,7596.48251175752,0.999997308110575
"eps_all[21,7]",-0.613700214583179,0.0104206886640557,0.815331362557387,-2.22378593474484,-1.16380000073556,-0.618379481997963,-0.0746468485377687,0.979077250875821,6121.74809639606,1.0000126087529
"eps_all[21,8]",-0.436306919645649,0.0102307096615454,0.868138140787787,-2.10843749403332,-1.01600325905817,-0.462754225870261,0.138358137406656,1.32173132171615,7200.55801702902,0.999815046012551
"eps_all[21,9]",-0.521825540442435,0.00912670016377575,0.818464991598885,-2.13283871805396,-1.06978919236596,-0.528588117362743,0.0358769476432555,1.08893052558927,8042.15890062056,0.999735828365068
"eps_all[21,10]",0.107736808327753,0.00919344855350692,0.808464087256449,-1.50608826088329,-0.427092374019674,0.105087650516667,0.646591376357961,1.67746755063629,7733.2947893724,0.999877856421134
"eps_all[21,11]",0.307218499352435,0.0108889919649843,0.870336470727059,-1.37139562952754,-0.297570456201306,0.305149114688821,0.892792571089101,1.99454158939605,6388.50164012979,1.00005795466955
"eps_all[21,12]",-0.693111019866846,0.0121825774784351,0.923407583594247,-2.46626947038591,-1.31393683232629,-0.713106349431094,-0.0721430614588456,1.11840967816356,5745.24442110375,0.999828305054652
"eps_all[21,13]",-0.231959843341306,0.00895438906477617,0.88167147550132,-1.94473311093713,-0.813811104211302,-0.224559749226715,0.354377817294836,1.48242504441838,9694.86263534937,0.999767176806919
"eps_all[21,14]",0.020259548307026,0.0100242089380627,0.943070499142617,-1.83097991048406,-0.624612777146966,0.0255018618955414,0.680594788363876,1.83603512466479,8850.91354717219,0.999826330280012
"eps_all[21,15]",0.28012191484612,0.00944057038865435,0.912571094830982,-1.52062035477358,-0.344008600840333,0.261556534945143,0.885171652701309,2.06040996735732,9344.08860344627,1.00038536254917
"eps_all[21,16]",-0.490998405156522,0.00943944286451537,0.900226951284424,-2.21864485404069,-1.10116146529845,-0.499097244589463,0.12206845456124,1.2962638329843,9095.17997958352,0.999755223187378
"eps_all[21,17]",-0.396559208013639,0.0090758259658824,0.930375994199496,-2.19792839636996,-1.03002670520908,-0.408569588148424,0.223987816786954,1.44837652248132,10508.5954494146,0.999729397536832
"eps_all[21,18]",0.162718969933083,0.00958519490376784,0.963770654147333,-1.72302825192456,-0.484840449542083,0.164122847008223,0.811804889169221,2.02467394175529,10109.8683509357,0.999904837375546
"eps_all[21,19]",0.396272673509665,0.00831876804321602,0.957672436138245,-1.49599446681127,-0.246161478877899,0.397409837015661,1.05143261024797,2.26928373399225,13253.0533360438,0.999779942056498
"eps_all[22,1]",-0.29094265156059,0.00924641685952409,0.704363175673739,-1.63675000639038,-0.775522453233683,-0.294568906438488,0.178960134546022,1.10270474478639,5802.9168510472,1.00013571990214
"eps_all[22,2]",-0.455699557903212,0.00899432663826092,0.756507332182277,-1.9482552835861,-0.963366867819424,-0.452515737877114,0.0543179903721328,1.02021297009692,7074.38958300379,1.00033213401141
"eps_all[22,3]",0.580699194961511,0.00789028509467896,0.747431813137495,-0.841087893105189,0.0791728580556244,0.580713037629707,1.06929408300669,2.06644467148174,8973.41527456183,0.999819634619238
"eps_all[22,4]",-0.0356170161243445,0.0100493955022358,0.782821492989528,-1.58410899267192,-0.556706667306252,-0.0359831283885055,0.496372245724731,1.50521962023495,6068.00045872602,1.0001515026504
"eps_all[22,5]",0.305186973608729,0.010689816778391,0.806723221366192,-1.28341232972493,-0.245630451454859,0.334005725776904,0.851034595461177,1.91106522447755,5695.19493019157,1.00013602367051
"eps_all[22,6]",0.120381893965291,0.00938800074840488,0.795156416897455,-1.45074232135114,-0.396751608113579,0.124245029022561,0.651283567058829,1.66897147281801,7173.95924263659,0.999647245512801
"eps_all[22,7]",-0.379282026227551,0.0102308587573028,0.808440920226221,-1.93283406982322,-0.918109876286323,-0.379623004938002,0.149087963947479,1.22718674512632,6244.13662996185,0.999826284641274
"eps_all[22,8]",0.186960635467894,0.0102885854414815,0.857530209806037,-1.51558079655883,-0.39096947221595,0.192464865952044,0.780475468913747,1.83864261372983,6946.8435833198,0.999981411079549
"eps_all[22,9]",0.0413906274119603,0.00923665036005887,0.813696802454044,-1.54308441961661,-0.492527799397404,0.0431376126456536,0.577195175292871,1.62933992068473,7760.61627221951,0.999926668316979
"eps_all[22,10]",0.854664252665526,0.0103355536135561,0.816360246409406,-0.808727385056373,0.322904500402146,0.866924048519929,1.39192757116032,2.4293461255847,6238.73024849155,0.999832066345257
"eps_all[22,11]",-0.438052629694903,0.0113812191388443,0.883833205833922,-2.10817016424827,-1.05381794068118,-0.44989540398342,0.164003603240279,1.31338083187394,6030.63518396233,0.999916601258191
"eps_all[22,12]",0.548755460073892,0.00983434369852221,0.89139538123245,-1.25474443488722,-0.0330027872626894,0.559463654323748,1.16204890875488,2.23972720174942,8215.80256889177,0.999720388203882
"eps_all[22,13]",0.206365642649313,0.00934320359948858,0.888572995336343,-1.53725998463619,-0.389461085971427,0.21205626226739,0.801535745865356,1.96638310645935,9044.70893237832,0.99979387824667
"eps_all[22,14]",0.072948989658787,0.0103377090438319,0.978434603237075,-1.82208971724675,-0.584747264949016,0.0747090702138166,0.737170968692742,1.99875447103662,8958.08125824738,0.999929780268625
"eps_all[22,15]",0.345030085638392,0.00942680632663666,0.917945985028849,-1.46268496666118,-0.26737559389495,0.350867256701704,0.967313592306463,2.11596878830092,9482.1120713765,0.999632604537841
"eps_all[22,16]",-0.254253113954008,0.00872584085924581,0.8985842643112,-1.99562223050956,-0.864636837092285,-0.274490670590464,0.353858652110145,1.56212723150719,10604.813664309,0.999734834507451
"eps_all[22,17]",0.00993558554219712,0.00934035373870199,0.945250902359217,-1.83623669006326,-0.623067057402329,0.00753974040083975,0.660582295414673,1.83772419889121,10241.5939401574,0.999773657893177
"eps_all[22,18]",-0.0575097659412402,0.00936903585552789,0.932556883887098,-1.87717600096879,-0.696873118044655,-0.0568714399315501,0.582465271969766,1.7489560080602,9907.42657800864,0.999778218608615
"eps_all[22,19]",0.557944177477508,0.0100848062198195,0.954412925982123,-1.30911533990786,-0.0807971209705768,0.560309501131435,1.21363710837637,2.42055761745564,8956.48307948334,0.999753697344483
"eps_all[23,1]",0.544183222261613,0.0072110816555979,0.688271711506776,-0.817209162258624,0.0904896251411463,0.533230721855881,0.995441502456044,1.91781764540306,9110.01335039189,0.999910950026918
"eps_all[23,2]",0.382721986762566,0.0103950304004757,0.766300838668007,-1.13430828698098,-0.121148053098306,0.389379724681828,0.893385838097321,1.8588241087469,5434.34334820833,0.999968958906131
"eps_all[23,3]",0.168155530550542,0.00811388700261938,0.737183217809997,-1.29382321443085,-0.313370122174972,0.162507325509245,0.650368793205523,1.6247397438762,8254.5417632048,0.999884703632471
"eps_all[23,4]",-0.656687495696846,0.0106011244524772,0.796294505287486,-2.22681604505634,-1.19627768679813,-0.660558955648173,-0.144351601601089,0.90559151016418,5642.13628121981,0.999933199117281
"eps_all[23,5]",-0.330091790316445,0.00964398958043543,0.78111866869245,-1.83502610214005,-0.868793761723639,-0.336705175866635,0.198158466908586,1.19581368345243,6560.25272201732,0.999742366673843
"eps_all[23,6]",-0.18107884838771,0.0105315750557283,0.797861886845132,-1.73574924096264,-0.719533785262979,-0.186481931269051,0.356790838914695,1.36954658656585,5739.43028486281,1.00002546684564
"eps_all[23,7]",0.124129989191055,0.00909970031311124,0.799104575782495,-1.44766899268866,-0.42265314588946,0.131476272453413,0.651414309818235,1.72595925866714,7711.75201743206,0.999648067034659
"eps_all[23,8]",0.212204207510009,0.01029291982552,0.843944586715548,-1.44146585806236,-0.346434704519821,0.199874085151305,0.783023128009345,1.86332729302921,6722.80762229737,0.999968121113699
"eps_all[23,9]",0.254772311358211,0.0086199350462915,0.813951017656912,-1.3632390742987,-0.268154691754661,0.25456215668284,0.802798482577011,1.84656012929121,8916.37969873036,0.999982038703804
"eps_all[23,10]",0.845727814199744,0.00870593686005401,0.812989335689976,-0.75099556886217,0.287978578911562,0.861046155982569,1.39714340038387,2.39350708979587,8720.44548369374,1.00014014787391
"eps_all[23,11]",1.04634997346786,0.00951393345067767,0.847344929503123,-0.622707149615977,0.472450914520915,1.050947866199,1.60969476091488,2.71321408372978,7932.32046805126,0.999972824767926
"eps_all[23,12]",0.0125540261424399,0.00903262659891585,0.850441522067447,-1.65020233744208,-0.550417264311925,0.0202146528379617,0.587186841153952,1.67752439983613,8864.63376287347,0.999619315606707
"eps_all[23,13]",-0.0476072329141315,0.00893923657297963,0.868109795488042,-1.73605111560205,-0.639018458950303,-0.0577876098139033,0.548750775019474,1.63519285509709,9430.79819514724,0.999854338787521
"eps_all[23,14]",0.0892332905694142,0.00973109808481504,0.961872614685018,-1.82550090248587,-0.567472062035135,0.09439299798981,0.756891760506055,1.92804348470609,9770.37921622348,1.00030742531084
"eps_all[23,15]",0.407991031087217,0.00893675431723212,0.89596485527726,-1.37643522983976,-0.184665412790853,0.411892735153965,1.00033778507963,2.15348279017487,10051.3017590677,0.999581822072976
"eps_all[23,16]",-0.144106804979656,0.00914841820059574,0.874083917533995,-1.89180190346501,-0.718814104229806,-0.135611997960072,0.444414012143768,1.53517627550444,9128.81152749271,0.999781311847078
"eps_all[23,17]",0.00581575380246461,0.0095214272742252,0.920387772345276,-1.80359728664149,-0.608666852410927,0.00548387869078128,0.628002406225427,1.81103415088774,9344.1020194157,0.999686420526253
"eps_all[23,18]",-0.243702109984232,0.00864445518856089,0.929420694581767,-2.0540492080424,-0.86851502118689,-0.250777589682536,0.379456416495134,1.57781545773487,11559.7760885245,1.00000389441869
"eps_all[23,19]",0.291450642174413,0.00907359920759845,0.951818804083402,-1.57739507347785,-0.341591473355126,0.302640423231911,0.937367830116468,2.11471183939192,11003.9694718958,1.00007647294115
"eps_all[24,1]",1.656700441645,0.0108697981575239,0.7505878665195,0.124878707391401,1.1735649892616,1.68441347034782,2.1632465757962,3.06520357586332,4768.26210378281,1.00042288002748
"eps_all[24,2]",0.175201029563545,0.00931715365427685,0.772577430858418,-1.31875672163188,-0.347558961063025,0.160344278410295,0.691491482962756,1.68710058853207,6875.70948780938,1.00006753935579
"eps_all[24,3]",0.0520627820832601,0.00998970016027832,0.774384776530938,-1.4745670288591,-0.462986866593686,0.0320250884100913,0.5579869031333,1.60837305034783,6009.08997911515,1.00023247528557
"eps_all[24,4]",0.569740810340317,0.0129281258790775,0.839831914779035,-1.1534416794663,0.0244752533691521,0.587406440903532,1.14876916337772,2.15171356748941,4220.01120986172,0.999726787729281
"eps_all[24,5]",0.259026502855032,0.0112252688890159,0.804297163893526,-1.34736767178101,-0.277710225983099,0.264864640097099,0.798071516529123,1.82834125318058,5133.807367606,0.999792819443468
"eps_all[24,6]",0.971881887134679,0.0101485540276595,0.825149320128475,-0.673520853611655,0.417807961769127,0.981612734611053,1.52500656794157,2.56436784997673,6610.84167340823,0.999740591188306
"eps_all[24,7]",1.19561630430857,0.0108604541353468,0.830679971735575,-0.49143940696412,0.635256796829181,1.20952624269659,1.76152982200354,2.76614269500187,5850.21069100129,0.999843751991053
"eps_all[24,8]",0.178268277049809,0.00898984757950937,0.819751159898168,-1.41498758087452,-0.389420089823976,0.179579108258274,0.727519003001908,1.79642525837814,8314.94580234365,0.999895269159983
"eps_all[24,9]",0.136553076988983,0.00935739433385992,0.8302292531514,-1.49785763881245,-0.426448490308482,0.13552332214023,0.689449520720535,1.78571455961349,7872.02020434942,0.999604810182145
"eps_all[24,10]",0.108670508717224,0.00948336229552045,0.835850684801814,-1.49936177186227,-0.466315639533279,0.10538558364903,0.667053025548885,1.75524029852904,7768.42040841888,0.999800738394334
"eps_all[24,11]",0.906361679139507,0.00923474626325668,0.874623623490632,-0.850948572012283,0.34494194793255,0.914667223195069,1.48922394485345,2.59333469968442,8970.00060979547,0.999654243114394
"eps_all[24,12]",0.188918314861662,0.00915054553227894,0.835963376908319,-1.44598212707886,-0.380018740745904,0.196233612807038,0.774344637312686,1.79791271280827,8346.04132113462,0.99981941545163
"eps_all[24,13]",0.0437802887280553,0.00913433954843801,0.865079123547925,-1.65475753829652,-0.542561712840309,0.0562691129754574,0.621388689345255,1.7118371041647,8969.27542077523,0.99979113085272
"eps_all[24,14]",0.0037807190550893,0.00873183023419584,0.945650249835414,-1.83960336752957,-0.62746777144465,0.0127357774048048,0.634278676241564,1.85285017786186,11728.7172399751,1.00021865569154
"eps_all[24,15]",0.207334887013162,0.00825104208918507,0.901739062981383,-1.59634055384414,-0.38986317986904,0.198706029026109,0.807728008136338,1.95527053017906,11943.8450928402,0.999632427061908
"eps_all[24,16]",-0.127232230823795,0.00860421530591442,0.869344752572047,-1.87436171790783,-0.709815581505468,-0.128991710210902,0.465275328923905,1.54043360762945,10208.4906511946,0.999733031087357
"eps_all[24,17]",-0.00297615611735065,0.00867844723961969,0.934694281046278,-1.82348642925764,-0.62618417098677,-0.0120190898728582,0.619253397810139,1.81551840119774,11599.9232524846,0.999563477345048
"eps_all[24,18]",0.0339199133595711,0.00961157593139004,0.944273247894626,-1.79803993552301,-0.601582893355063,0.0250502703194179,0.649468760826749,1.89509722243214,9651.75233610114,0.999652770092419
"eps_all[24,19]",-0.124883744869589,0.00829237546940224,0.949671051116229,-1.97098241551389,-0.763600620323441,-0.132943349101204,0.506184562720519,1.74232103146374,13115.6096525806,0.99980665259029
"eps_all[25,1]",-0.224603923165654,0.0101210229442161,0.731989405742428,-1.62421049531796,-0.740802483923032,-0.237475977694245,0.254282852887009,1.26474544968814,5230.71155959185,1.00055051417555
"eps_all[25,2]",-0.549591722721085,0.0115859970465892,0.781277509671902,-2.06432145906129,-1.06141781871187,-0.560204118015169,-0.0450040708826906,1.02233574436319,4547.19750901676,1.00080996271106
"eps_all[25,3]",-0.307737441231986,0.00987393387636201,0.7480328088415,-1.77617116879193,-0.792756814061278,-0.315285000876362,0.183968243166374,1.15245835850975,5739.3256053692,0.999981974987193
"eps_all[25,4]",-0.0928823742577843,0.0101967068718576,0.799699075986243,-1.67894117448057,-0.632669730418253,-0.0767917461378284,0.457312107294349,1.43904203861444,6150.82426624613,0.999897881527855
"eps_all[25,5]",-1.08310802075249,0.0140837515581392,0.82769857816524,-2.66188007614515,-1.63772571515748,-1.10272781235352,-0.539258443457229,0.568775678150302,3453.88368223869,0.999837789987651
"eps_all[25,6]",-0.127691987448269,0.00998229802989449,0.808186700056855,-1.7170080674582,-0.678501615173776,-0.137138645389788,0.418866909667004,1.46008110430236,6554.84361037405,0.999663809928151
"eps_all[25,7]",-0.15709375546673,0.0102274095346632,0.843173841394348,-1.7625767457341,-0.720987540708708,-0.16736017739974,0.404310220859857,1.53001875776557,6796.77597646151,1.00046686773555
"eps_all[25,8]",0.447852968873443,0.0119676226475082,0.8707585140078,-1.27113893879702,-0.142601711965496,0.450049974381383,1.05020815352462,2.10398164010651,5293.94817175853,1.00139987865043
"eps_all[25,9]",0.885965170128577,0.0105795865672673,0.84262666253354,-0.806986602916263,0.319689492632061,0.897128913754456,1.46902629613273,2.4795967135915,6343.55925584112,0.999925392324641
"eps_all[25,10]",-0.600955751277043,0.0120983413452549,0.845095690607398,-2.1845613424731,-1.17310515029586,-0.619398244233499,-0.0522380385163552,1.11947046577138,4879.32905142251,1.00014167774329
"eps_all[25,11]",0.305878588880626,0.00980216072300307,0.881257589700967,-1.41502122839449,-0.277664183129758,0.308594894619948,0.896269446141479,1.97182138036406,8082.80501349252,0.999769499959086
"eps_all[25,12]",-0.440739377709295,0.0104631412487946,0.893957765155868,-2.17178852605893,-1.04989725493944,-0.445200787471044,0.146413366556898,1.30192882552544,7299.78091261522,0.999842955881347
"eps_all[25,13]",-0.179217232165993,0.0103254904853068,0.906897026243384,-1.95068789149721,-0.785958666085423,-0.175263743411592,0.427924046607421,1.59654135448058,7714.26536123209,0.999734647958943
"eps_all[25,14]",-0.0665884031125521,0.011872405571676,0.996912742590613,-2.04271886535627,-0.738373773272382,-0.06810599649572,0.60928539121761,1.88250366583083,7050.77484297847,1.0001739562954
"eps_all[25,15]",-0.204939232678895,0.0107117665469921,0.940501566028155,-2.0820974341884,-0.842107530333377,-0.209512957605418,0.433688737080106,1.61151888188316,7708.97873948756,0.999630866431162
"eps_all[25,16]",-0.306485321701095,0.0102983881182241,0.925318740947562,-2.0951801110241,-0.93817542685397,-0.310712453824385,0.309583548359929,1.47624993850714,8073.17201573756,0.999709328918992
"eps_all[25,17]",-0.615924111594219,0.0101585977812445,0.931721864376547,-2.42427269065459,-1.23899017546375,-0.636717691322871,0.0243333411013012,1.20313207119551,8412.11194741374,0.999887489383394
"eps_all[25,18]",-0.164602300883177,0.00905733144220798,0.944051005207074,-2.04877792820399,-0.784092910034693,-0.179696486501771,0.461084532939756,1.72304570055756,10864.0160105136,0.999637370525545
"eps_all[25,19]",-0.4756111956334,0.00985474390542468,0.956464816318478,-2.35383046824286,-1.1020694868687,-0.471073185683175,0.145374834856298,1.43554195821959,9419.92212770715,1.00028212787676
"eps_all[26,1]",-0.16291304050305,0.00925995627851019,0.72204198743751,-1.55339419730437,-0.643410430172869,-0.195418579830973,0.306431977913441,1.32052142580914,6080.04836007017,1.0001764416262
"eps_all[26,2]",-0.0610110653857106,0.00971081689843264,0.780539992673419,-1.61394583984459,-0.574798368851536,-0.0669846639226015,0.444001085428002,1.47812918188555,6460.68830703572,1.00028149891543
"eps_all[26,3]",0.106654614513286,0.00985208396067035,0.763937886599713,-1.45839247087921,-0.393716265344964,0.12502649274737,0.617507913597596,1.56131871691999,6012.56645021422,1.00040228237112
"eps_all[26,4]",-0.0920912978162495,0.010655113171625,0.768178872980769,-1.61715486269731,-0.598768186116984,-0.0815622414251727,0.433297367239368,1.40577571582146,5197.66857573197,1.00018113944311
"eps_all[26,5]",0.657970168907608,0.0137625976885339,0.834771724613257,-1.04083721950612,0.100862197727159,0.671126875418967,1.21502046153829,2.27318751013403,3679.04102868888,1.00048617336733
"eps_all[26,6]",0.193733009901985,0.00902028931393416,0.787521706769538,-1.40495688068099,-0.325373943217697,0.197066007167054,0.728566737019945,1.70320949486224,7622.2665533043,0.999693432905449
"eps_all[26,7]",-0.184216938847012,0.010264912653294,0.811099794615931,-1.78791229948343,-0.714771363224519,-0.188321946159285,0.351105252977725,1.42429845819122,6243.64305052138,0.999822225109731
"eps_all[26,8]",0.0741334692865003,0.00988510052161714,0.849927757733778,-1.62133191050283,-0.484853772359805,0.080237143069537,0.640085516222715,1.76491287805845,7392.67895138385,0.999846270166644
"eps_all[26,9]",0.317982834445417,0.0115113203061055,0.937135733896795,-1.51851406578331,-0.31586186372976,0.325289905993872,0.942645697583318,2.16425754558964,6627.57604587208,0.999638764523396
"eps_all[26,10]",0.583364484842807,0.0103524269012236,0.827503687528942,-1.0877813853243,0.0362032065269583,0.588228004486651,1.13732506187312,2.17008710173957,6389.33310218749,0.999762284032376
"eps_all[26,11]",-0.367682430861128,0.0100616187559534,0.889748806171066,-2.11617255733063,-0.972418460579136,-0.366694599764109,0.229294198418444,1.38383339800603,7819.86243177827,1.00010086490895
"eps_all[26,12]",0.428446702512528,0.0100625365310826,0.888029291405005,-1.35827268130479,-0.174353677809972,0.444653328399417,1.04143410976857,2.10046808885356,7788.24566640202,0.99967084889635
"eps_all[26,13]",0.542002369117247,0.0106161120893768,0.924490315262761,-1.30688798370818,-0.0717673901637141,0.546267128145648,1.18684359328246,2.30946327951161,7583.57072210331,0.99965607426348
"eps_all[26,14]",0.0409056036595534,0.00943074480376728,0.962501714725823,-1.81803605345365,-0.617354979441591,0.051732569645428,0.688961482726893,1.87173443348733,10416.2414367443,0.999658546840023
"eps_all[26,15]",0.586439164527272,0.00916957017511595,0.905370993077555,-1.19590990474536,-0.0168460564705652,0.605181015807212,1.18555487409006,2.34205856058179,9748.89056339303,0.999776742586711
"eps_all[26,16]",0.139648361544141,0.00872203323135419,0.90155653903795,-1.6046486002578,-0.468779784609515,0.140030119291716,0.750951737685761,1.9031443553041,10684.4079381399,0.999612013826169
"eps_all[26,17]",-0.0643728862863696,0.00961903711624746,0.937793481154782,-1.91519451015812,-0.680771131733267,-0.0705572401960901,0.574843550813072,1.78183035248931,9504.98023261706,1.00030458642016
"eps_all[26,18]",-0.0728825906040338,0.00939046948028512,0.970847814605217,-1.97905700264778,-0.721749317130026,-0.0793822514439672,0.577233871926205,1.80406301064184,10688.7693000587,0.999807610220112
"eps_all[26,19]",-0.420068913791168,0.00884159243177144,0.937881682366646,-2.22397547410657,-1.05459147449088,-0.439703977283971,0.208489535300563,1.42969299459998,11252.1399369605,0.999786199191233
"eps_all[27,1]",-0.40550138054434,0.00860044591508425,0.703404555814801,-1.79084717699913,-0.8781507489201,-0.408846822424177,0.0666030133822878,0.991174236374978,6689.11119619974,1.00070090759879
"eps_all[27,2]",0.192319113930567,0.00962035383859986,0.791314748829485,-1.38257923049588,-0.355692299812748,0.193803369557371,0.743836803541339,1.7114474272995,6765.7575236761,1.00004288489895
"eps_all[27,3]",-1.2449137877013,0.00966780709675278,0.769853307572265,-2.70380985672222,-1.77100701717539,-1.25593975110369,-0.739762843051191,0.288670441407564,6341.03291388405,0.999967292900177
"eps_all[27,4]",-0.710396854675866,0.00851894041639478,0.784249185365694,-2.22882309972064,-1.24760439524904,-0.717122859750253,-0.190232398200922,0.837262921450037,8474.94700375923,0.999789709002114
"eps_all[27,5]",-0.775221571430734,0.0104279629007736,0.808118751599147,-2.34006671621987,-1.33785790245766,-0.777555721746088,-0.231845720349345,0.827309622871992,6005.53100786766,0.999638387496618
"eps_all[27,6]",-0.283584889128209,0.00874379254031352,0.780965561546696,-1.78182963617512,-0.814188314567482,-0.276388363794394,0.223840225544942,1.26483615499899,7977.44973896349,0.999973286405876
"eps_all[27,7]",0.0324203895550284,0.00938770618797202,0.81636633616819,-1.5856008816032,-0.514977882203113,0.0309747160809781,0.589004330127114,1.6029236229596,7562.25291426001,0.999681975301733
"eps_all[27,8]",-0.0922247341737425,0.00964508784523112,0.848604082871471,-1.74131891477339,-0.658622666525288,-0.0871810814445902,0.475493238128885,1.59102671834706,7741.014108588,0.999976508925724
"eps_all[27,9]",0.26502719880865,0.0108789404221526,0.927201660510335,-1.57280697058876,-0.342077568276079,0.274838944129367,0.872226783427172,2.08413531776511,7263.98944911682,0.999799483214869
"eps_all[27,10]",0.255400283585267,0.00959336082111746,0.816535356088287,-1.35724557082993,-0.298914709268151,0.265378101787572,0.81229196803571,1.83370435704073,7244.50022836774,1.00000559713805
"eps_all[27,11]",-0.157442772443788,0.00958268499311471,0.859602578002926,-1.84287953109631,-0.737619434799437,-0.156116816817479,0.426696003676389,1.53579712119817,8046.75900190107,0.999758161304178
"eps_all[27,12]",-0.444465520527611,0.0100471437733313,0.895916766314747,-2.14756101973745,-1.05033748301458,-0.457998142629514,0.14050761705186,1.35396968071385,7951.51887561737,0.999564670468899
"eps_all[27,13]",-0.288103997368666,0.0102522953895485,0.905325536282526,-2.04939567393323,-0.902663808406069,-0.29897301668693,0.320855404543128,1.53321554637821,7797.71431600915,0.999839494049603
"eps_all[27,14]",0.030918739066678,0.00939670979751175,0.928607449389018,-1.80333186025926,-0.602591904361548,0.0371673297707076,0.665303575529548,1.90415016034427,9765.9095467919,0.999572617390176
"eps_all[27,15]",0.233236163275001,0.0091362137947077,0.916260269007483,-1.57561125136578,-0.367073231434116,0.236483693624177,0.847140612614195,2.0172101461225,10057.8511111821,1.00015953290217
"eps_all[27,16]",-0.409775078848143,0.00931355151264113,0.917113866812539,-2.24810469665983,-1.02628691837639,-0.402371675868621,0.216336448942472,1.39502657124073,9696.51956709239,1.00007517315874
"eps_all[27,17]",-0.341281037883925,0.010346455433722,0.966380553389673,-2.22009393704015,-0.997316459935473,-0.328686101464107,0.309427921284999,1.58899251196177,8723.9502681046,0.999750342377271
"eps_all[27,18]",-0.0468980239833653,0.00976115183543484,0.971840663547573,-1.91912501253036,-0.720120294962706,-0.0560841145145559,0.611803125539152,1.86496619376811,9912.60947966148,0.999699890170369
"eps_all[27,19]",-0.149109639542345,0.00900773492902423,0.948579047050381,-2.0306675482542,-0.811974752845659,-0.137068081711561,0.492288962869666,1.67941910133351,11089.5994353117,0.999625935752393
"eps_all[28,1]",-0.013830807695836,0.0131767330141314,0.997427501235114,-1.96240804049164,-0.685785004584785,-0.00841851884617226,0.647881008460417,1.95759217830739,5729.90186829514,1.00010763211835
"eps_all[28,2]",0.00248124517921053,0.0128237549398774,1.00001947844838,-1.88828380331086,-0.673320198275099,-0.0107454389159979,0.686125117331168,1.95743367663709,6081.16095462027,1.00004191524351
"eps_all[28,3]",0.00394927141768027,0.0131729740320753,1.00150530055234,-1.95845547290863,-0.682836215232625,-0.00446897970551287,0.670573720258918,1.97020120357912,5780.14632747159,1.00030664469494
"eps_all[28,4]",0.00523919904921698,0.0126812926040838,0.990294674506001,-1.91987844461592,-0.659730646708293,0.00754345197532324,0.678987558706548,1.97256249385775,6098.20247992361,0.999949557976153
"eps_all[28,5]",-0.00364171864696825,0.0130658011863979,1.01205480160356,-1.93897816320373,-0.70440491109662,-0.0118078428591502,0.676012502376817,1.99303174728586,5999.78887401739,0.999809666102406
"eps_all[28,6]",0.00763283848823816,0.0128874072832427,1.0078773232297,-1.94408424665909,-0.672770722010965,0.000851767898477132,0.701701605511712,1.98655661454808,6116.23607671082,0.999638443853569
"eps_all[28,7]",0.00780403710161051,0.0129935986294,0.996084678032118,-1.94505845215646,-0.662622820272004,0.0164738197369874,0.6669697974223,1.9419998233226,5876.70140551013,0.99996292422101
"eps_all[28,8]",-0.00314684636707212,0.0131084718904729,0.992356274534542,-1.90721022749054,-0.6657308443977,-0.00425788701696122,0.661127498178704,1.99817452530461,5731.00920250263,0.999636141299078
"eps_all[28,9]",0.013263347824564,0.0129272225693298,1.01167358975913,-1.99464230976534,-0.693289612535978,0.0288123344353161,0.691444973995629,1.95024595557346,6124.49624922384,1.00028192726117
"eps_all[28,10]",0.0246986173829572,0.0128047262838296,0.994039843212535,-1.95791877689982,-0.639647868604135,0.0197086417624272,0.701806190875742,1.97552580819279,6026.52532167974,0.999776101034739
"eps_all[28,11]",-0.00964624561257351,0.0127668025739074,0.997736609309448,-1.9553929592435,-0.672190346831752,0.000258722693056519,0.654270301539227,1.95814244530196,6107.55702535465,1.00013440175249
"eps_all[28,12]",-0.0171739091812572,0.0130308918945882,0.996843341018115,-1.90604442033527,-0.683524481884474,-0.0328386014258055,0.645521846560048,1.97357681753703,5852.01647998426,0.999541662037841
"eps_all[28,13]",0.0262650405626924,0.0137662151575841,0.996989468397609,-1.91304752219329,-0.648968051039334,0.0100082208981026,0.708877264206864,2.0105943110237,5245.07901869655,0.999620415990445
"eps_all[28,14]",0.018755262400506,0.0130817312850098,1.01136403402542,-1.90133645290129,-0.688401615583175,0.0142026227952448,0.706456007623859,2.05021109689077,5977.01798491793,0.999762816118292
"eps_all[28,15]",0.0150583844643541,0.0133933616414155,1.00266751633041,-1.93506556126363,-0.665792619016457,0.00315020125802059,0.686583849836469,2.01983823051943,5604.47194128965,1.00050553924133
"eps_all[28,16]",-0.0147435093339786,0.0130761599710743,0.99386741768985,-1.98337261236364,-0.672548823415284,-0.00282656894445371,0.648979019921451,1.87382360282268,5776.92137014692,0.999908880505643
"eps_all[28,17]",0.0092458489605522,0.0131522580641726,1.00473812076999,-1.93618178282319,-0.661271986194365,0.00112574671635319,0.670693199356047,1.9804544350956,5835.86338759364,1.00045603875348
"eps_all[28,18]",-0.0257517229661089,0.013296134022802,1.00851644870923,-1.95855332381214,-0.699899411381511,-0.0167572720295026,0.647783049393663,1.92453842782096,5753.27593093249,0.999842049412634
"eps_all[28,19]",0.0145667727177008,0.0130433616280385,1.00516172983533,-1.95247445969818,-0.667613742911454,0.0198210508341962,0.719679447088064,1.97412520385425,5938.71958973614,0.999773775888913
"lp__",-625.71178460633,2.40441092877465,45.0242184531963,-710.734310952242,-656.724289012127,-627.885596968989,-596.6173241704,-531.594807589261,350.6509172041,1.00463178288307
