"ESU","ESU_DPS","COMMON_POPULATION_NAME","BROOD_YEAR","Smoothed.Abundance"
"Lower Columbia Chinook","Salmon, Chinook (Lower Columbia River ESU)","Coweeman River - fall Chinook salmon",1999,540.0276408887
"Lower Columbia Chinook","Salmon, Chinook (Lower Columbia River ESU)","Coweeman River - fall Chinook salmon",2000,534.172413206015
"Lower Columbia Chinook","Salmon, Chinook (Lower Columbia River ESU)","Coweeman River - fall Chinook salmon",2001,527.454666344361
"Lower Columbia Chinook","Salmon, Chinook (Lower Columbia River ESU)","Coweeman River - fall Chinook salmon",2002,523.210343521277
"Lower Columbia Chinook","Salmon, Chinook (Lower Columbia River ESU)","Coweeman River - fall Chinook salmon",2003,518.796836999817
"Lower Columbia Chinook","Salmon, Chinook (Lower Columbia River ESU)","Coweeman River - fall Chinook salmon",2004,516.782501143499
"Lower Columbia Chinook","Salmon, Chinook (Lower Columbia River ESU)","Coweeman River - fall Chinook salmon",2005,515.784999410858
"Lower Columbia Chinook","Salmon, Chinook (Lower Columbia River ESU)","Coweeman River - fall Chinook salmon",2006,501.63661179471
"Lower Columbia Chinook","Salmon, Chinook (Lower Columbia River ESU)","Coweeman River - fall Chinook salmon",2007,490.702982903126
"Lower Columbia Chinook","Salmon, Chinook (Lower Columbia River ESU)","Coweeman River - fall Chinook salmon",2008,530.915015383998
"Lower Columbia Chinook","Salmon, Chinook (Lower Columbia River ESU)","Coweeman River - fall Chinook salmon",2009,560.667048797528
"Lower Columbia Chinook","Salmon, Chinook (Lower Columbia River ESU)","Coweeman River - fall Chinook salmon",2010,488.586888574052
"Lower Columbia Chinook","Salmon, Chinook (Lower Columbia River ESU)","Coweeman River - fall Chinook salmon",2011,558.792143215483
"Lower Columbia Chinook","Salmon, Chinook (Lower Columbia River ESU)","Coweeman River - fall Chinook salmon",2012,491.953372079137
"Lower Columbia Chinook","Salmon, Chinook (Lower Columbia River ESU)","Coweeman River - fall Chinook salmon",2013,1196.83987919175
"Lower Columbia Chinook","Salmon, Chinook (Lower Columbia River ESU)","Coweeman River - fall Chinook salmon",2014,876.812403946279
"Lower Columbia Chinook","Salmon, Chinook (Lower Columbia River ESU)","Coweeman River - fall Chinook salmon",2015,1012.07294942195
"Lower Columbia Chinook","Salmon, Chinook (Lower Columbia River ESU)","Coweeman River - fall Chinook salmon",2016,543.419813951621
"Lower Columbia Chinook","Salmon, Chinook (Lower Columbia River ESU)","Coweeman River - fall Chinook salmon",2017,565.96081882852
"Lower Columbia Chinook","Salmon, Chinook (Lower Columbia River ESU)","Coweeman River - fall Chinook salmon",2018,280.741947798157
"Lower Columbia Chinook","Salmon, Chinook (Lower Columbia River ESU)","Coweeman River - fall Chinook salmon",2019,354.096742107928
"Lower Columbia Chinook","Salmon, Chinook (Lower Columbia River ESU)","Coweeman River - fall Chinook salmon",2020,710.234783710039
"Lower Columbia Chinook","Salmon, Chinook (Lower Columbia River ESU)","Coweeman River - fall Chinook salmon",2021,572.172667535241
"Lower Columbia Chinook","Salmon, Chinook (Lower Columbia River ESU)","Coweeman River - fall Chinook salmon",2022,472.980612853426
"Lower Columbia Chinook","Salmon, Chinook (Lower Columbia River ESU)","Coweeman River - fall Chinook salmon",2023,466.050323558839
"Lower Columbia Chinook","Salmon, Chinook (Lower Columbia River ESU)","Coweeman River - fall Chinook salmon",2024,428.22144771132
"Lower Columbia Chinook","Salmon, Chinook (Lower Columbia River ESU)","Coweeman River - fall Chinook salmon",2025,443.173199360007
"Lower Columbia Chinook","Salmon, Chinook (Lower Columbia River ESU)","Coweeman River - fall Chinook salmon",2026,437.270318602998
"Lower Columbia Chinook","Salmon, Chinook (Lower Columbia River ESU)","Elochoman River - fall Chinook salmon",1999,219.549956632124
"Lower Columbia Chinook","Salmon, Chinook (Lower Columbia River ESU)","Elochoman River - fall Chinook salmon",2000,215.853325881068
"Lower Columbia Chinook","Salmon, Chinook (Lower Columbia River ESU)","Elochoman River - fall Chinook salmon",2001,212.951048419465
"Lower Columbia Chinook","Salmon, Chinook (Lower Columbia River ESU)","Elochoman River - fall Chinook salmon",2002,205.788820490469
"Lower Columbia Chinook","Salmon, Chinook (Lower Columbia River ESU)","Elochoman River - fall Chinook salmon",2003,209.40445573177
"Lower Columbia Chinook","Salmon, Chinook (Lower Columbia River ESU)","Elochoman River - fall Chinook salmon",2004,205.469862627208
"Lower Columbia Chinook","Salmon, Chinook (Lower Columbia River ESU)","Elochoman River - fall Chinook salmon",2005,199.831140019162
"Lower Columbia Chinook","Salmon, Chinook (Lower Columbia River ESU)","Elochoman River - fall Chinook salmon",2006,185.165967611488
"Lower Columbia Chinook","Salmon, Chinook (Lower Columbia River ESU)","Elochoman River - fall Chinook salmon",2007,179.140913454947
"Lower Columbia Chinook","Salmon, Chinook (Lower Columbia River ESU)","Elochoman River - fall Chinook salmon",2008,189.637384899726
"Lower Columbia Chinook","Salmon, Chinook (Lower Columbia River ESU)","Elochoman River - fall Chinook salmon",2009,199.209825935154
"Lower Columbia Chinook","Salmon, Chinook (Lower Columbia River ESU)","Elochoman River - fall Chinook salmon",2010,114.977699075239
"Lower Columbia Chinook","Salmon, Chinook (Lower Columbia River ESU)","Elochoman River - fall Chinook salmon",2011,64.7290131395638
"Lower Columbia Chinook","Salmon, Chinook (Lower Columbia River ESU)","Elochoman River - fall Chinook salmon",2012,44.6085831908156
"Lower Columbia Chinook","Salmon, Chinook (Lower Columbia River ESU)","Elochoman River - fall Chinook salmon",2013,97.7503000780794
"Lower Columbia Chinook","Salmon, Chinook (Lower Columbia River ESU)","Elochoman River - fall Chinook salmon",2014,122.955326259719
"Lower Columbia Chinook","Salmon, Chinook (Lower Columbia River ESU)","Elochoman River - fall Chinook salmon",2015,151.870547472363
"Lower Columbia Chinook","Salmon, Chinook (Lower Columbia River ESU)","Elochoman River - fall Chinook salmon",2016,84.7829128451402
"Lower Columbia Chinook","Salmon, Chinook (Lower Columbia River ESU)","Elochoman River - fall Chinook salmon",2017,64.1968938276777
"Lower Columbia Chinook","Salmon, Chinook (Lower Columbia River ESU)","Elochoman River - fall Chinook salmon",2018,33.5393321154578
"Lower Columbia Chinook","Salmon, Chinook (Lower Columbia River ESU)","Elochoman River - fall Chinook salmon",2019,44.0149777481962
"Lower Columbia Chinook","Salmon, Chinook (Lower Columbia River ESU)","Elochoman River - fall Chinook salmon",2020,83.881825019985
"Lower Columbia Chinook","Salmon, Chinook (Lower Columbia River ESU)","Elochoman River - fall Chinook salmon",2021,97.0727963757335
"Lower Columbia Chinook","Salmon, Chinook (Lower Columbia River ESU)","Elochoman River - fall Chinook salmon",2022,100.526292867057
"Lower Columbia Chinook","Salmon, Chinook (Lower Columbia River ESU)","Elochoman River - fall Chinook salmon",2023,156.80026000017
"Lower Columbia Chinook","Salmon, Chinook (Lower Columbia River ESU)","Elochoman River - fall Chinook salmon",2024,137.81591268981
"Lower Columbia Chinook","Salmon, Chinook (Lower Columbia River ESU)","Elochoman River - fall Chinook salmon",2025,148.154474262397
"Lower Columbia Chinook","Salmon, Chinook (Lower Columbia River ESU)","Elochoman River - fall Chinook salmon",2026,145.534611251943
"Lower Columbia Chinook","Salmon, Chinook (Lower Columbia River ESU)","Grays and Chinook Rivers - fall Chinook salmon",1999,72.1692483988791
"Lower Columbia Chinook","Salmon, Chinook (Lower Columbia River ESU)","Grays and Chinook Rivers - fall Chinook salmon",2000,75.3763086655716
"Lower Columbia Chinook","Salmon, Chinook (Lower Columbia River ESU)","Grays and Chinook Rivers - fall Chinook salmon",2001,76.8125162434524
"Lower Columbia Chinook","Salmon, Chinook (Lower Columbia River ESU)","Grays and Chinook Rivers - fall Chinook salmon",2002,80.4546596894899
"Lower Columbia Chinook","Salmon, Chinook (Lower Columbia River ESU)","Grays and Chinook Rivers - fall Chinook salmon",2003,83.6639384073372
"Lower Columbia Chinook","Salmon, Chinook (Lower Columbia River ESU)","Grays and Chinook Rivers - fall Chinook salmon",2004,86.8568907450634
"Lower Columbia Chinook","Salmon, Chinook (Lower Columbia River ESU)","Grays and Chinook Rivers - fall Chinook salmon",2005,91.5530219320069
"Lower Columbia Chinook","Salmon, Chinook (Lower Columbia River ESU)","Grays and Chinook Rivers - fall Chinook salmon",2006,88.2695014712083
"Lower Columbia Chinook","Salmon, Chinook (Lower Columbia River ESU)","Grays and Chinook Rivers - fall Chinook salmon",2007,87.6374537736507
"Lower Columbia Chinook","Salmon, Chinook (Lower Columbia River ESU)","Grays and Chinook Rivers - fall Chinook salmon",2008,86.4510483333823
"Lower Columbia Chinook","Salmon, Chinook (Lower Columbia River ESU)","Grays and Chinook Rivers - fall Chinook salmon",2009,141.903576571829
"Lower Columbia Chinook","Salmon, Chinook (Lower Columbia River ESU)","Grays and Chinook Rivers - fall Chinook salmon",2010,85.5409615312285
"Lower Columbia Chinook","Salmon, Chinook (Lower Columbia River ESU)","Grays and Chinook Rivers - fall Chinook salmon",2011,75.5934465664834
"Lower Columbia Chinook","Salmon, Chinook (Lower Columbia River ESU)","Grays and Chinook Rivers - fall Chinook salmon",2012,56.4655071057067
"Lower Columbia Chinook","Salmon, Chinook (Lower Columbia River ESU)","Grays and Chinook Rivers - fall Chinook salmon",2013,168.458553370028
"Lower Columbia Chinook","Salmon, Chinook (Lower Columbia River ESU)","Grays and Chinook Rivers - fall Chinook salmon",2014,181.420208924051
"Lower Columbia Chinook","Salmon, Chinook (Lower Columbia River ESU)","Grays and Chinook Rivers - fall Chinook salmon",2015,161.3723504705
"Lower Columbia Chinook","Salmon, Chinook (Lower Columbia River ESU)","Grays and Chinook Rivers - fall Chinook salmon",2016,118.252938488116
"Lower Columbia Chinook","Salmon, Chinook (Lower Columbia River ESU)","Grays and Chinook Rivers - fall Chinook salmon",2017,172.169719740054
"Lower Columbia Chinook","Salmon, Chinook (Lower Columbia River ESU)","Grays and Chinook Rivers - fall Chinook salmon",2018,131.558264487147
"Lower Columbia Chinook","Salmon, Chinook (Lower Columbia River ESU)","Grays and Chinook Rivers - fall Chinook salmon",2019,113.402357321605
"Lower Columbia Chinook","Salmon, Chinook (Lower Columbia River ESU)","Grays and Chinook Rivers - fall Chinook salmon",2020,142.601462513405
"Lower Columbia Chinook","Salmon, Chinook (Lower Columbia River ESU)","Grays and Chinook Rivers - fall Chinook salmon",2021,117.642488932427
"Lower Columbia Chinook","Salmon, Chinook (Lower Columbia River ESU)","Grays and Chinook Rivers - fall Chinook salmon",2022,100.503608435929
"Lower Columbia Chinook","Salmon, Chinook (Lower Columbia River ESU)","Grays and Chinook Rivers - fall Chinook salmon",2023,177.609543950116
"Lower Columbia Chinook","Salmon, Chinook (Lower Columbia River ESU)","Grays and Chinook Rivers - fall Chinook salmon",2024,192.584701967385
"Lower Columbia Chinook","Salmon, Chinook (Lower Columbia River ESU)","Grays and Chinook Rivers - fall Chinook salmon",2025,187.175719524933
"Lower Columbia Chinook","Salmon, Chinook (Lower Columbia River ESU)","Grays and Chinook Rivers - fall Chinook salmon",2026,192.586247268167
"Lower Columbia Chinook","Salmon, Chinook (Lower Columbia River ESU)","Kalama River - fall Chinook salmon",1999,516.582951055564
"Lower Columbia Chinook","Salmon, Chinook (Lower Columbia River ESU)","Kalama River - fall Chinook salmon",2000,560.450468588994
"Lower Columbia Chinook","Salmon, Chinook (Lower Columbia River ESU)","Kalama River - fall Chinook salmon",2001,598.171297394555
"Lower Columbia Chinook","Salmon, Chinook (Lower Columbia River ESU)","Kalama River - fall Chinook salmon",2002,643.526310938261
"Lower Columbia Chinook","Salmon, Chinook (Lower Columbia River ESU)","Kalama River - fall Chinook salmon",2003,669.728761041743
"Lower Columbia Chinook","Salmon, Chinook (Lower Columbia River ESU)","Kalama River - fall Chinook salmon",2004,727.981770265573
"Lower Columbia Chinook","Salmon, Chinook (Lower Columbia River ESU)","Kalama River - fall Chinook salmon",2005,786.861346819556
"Lower Columbia Chinook","Salmon, Chinook (Lower Columbia River ESU)","Kalama River - fall Chinook salmon",2006,778.257947366763
"Lower Columbia Chinook","Salmon, Chinook (Lower Columbia River ESU)","Kalama River - fall Chinook salmon",2007,781.457658603867
"Lower Columbia Chinook","Salmon, Chinook (Lower Columbia River ESU)","Kalama River - fall Chinook salmon",2008,805.211121909711
"Lower Columbia Chinook","Salmon, Chinook (Lower Columbia River ESU)","Kalama River - fall Chinook salmon",2009,823.914101313958
"Lower Columbia Chinook","Salmon, Chinook (Lower Columbia River ESU)","Kalama River - fall Chinook salmon",2010,804.972459458075
"Lower Columbia Chinook","Salmon, Chinook (Lower Columbia River ESU)","Kalama River - fall Chinook salmon",2011,728.046062840625
"Lower Columbia Chinook","Salmon, Chinook (Lower Columbia River ESU)","Kalama River - fall Chinook salmon",2012,736.318681045153
"Lower Columbia Chinook","Salmon, Chinook (Lower Columbia River ESU)","Kalama River - fall Chinook salmon",2013,1404.08524560148
"Lower Columbia Chinook","Salmon, Chinook (Lower Columbia River ESU)","Kalama River - fall Chinook salmon",2014,1539.0150384329
"Lower Columbia Chinook","Salmon, Chinook (Lower Columbia River ESU)","Kalama River - fall Chinook salmon",2015,2560.39572470474
"Lower Columbia Chinook","Salmon, Chinook (Lower Columbia River ESU)","Kalama River - fall Chinook salmon",2016,2375.03030020369
"Lower Columbia Chinook","Salmon, Chinook (Lower Columbia River ESU)","Kalama River - fall Chinook salmon",2017,1941.14638229837
"Lower Columbia Chinook","Salmon, Chinook (Lower Columbia River ESU)","Kalama River - fall Chinook salmon",2018,1504.4755396733
"Lower Columbia Chinook","Salmon, Chinook (Lower Columbia River ESU)","Kalama River - fall Chinook salmon",2019,1608.9680977817
"Lower Columbia Chinook","Salmon, Chinook (Lower Columbia River ESU)","Kalama River - fall Chinook salmon",2020,2390.94512068435
"Lower Columbia Chinook","Salmon, Chinook (Lower Columbia River ESU)","Kalama River - fall Chinook salmon",2021,2053.68729479949
"Lower Columbia Chinook","Salmon, Chinook (Lower Columbia River ESU)","Kalama River - fall Chinook salmon",2022,2244.12346995035
"Lower Columbia Chinook","Salmon, Chinook (Lower Columbia River ESU)","Kalama River - fall Chinook salmon",2023,2376.73865412614
"Lower Columbia Chinook","Salmon, Chinook (Lower Columbia River ESU)","Kalama River - fall Chinook salmon",2024,2778.87476812413
"Lower Columbia Chinook","Salmon, Chinook (Lower Columbia River ESU)","Kalama River - fall Chinook salmon",2025,2735.14613730534
"Lower Columbia Chinook","Salmon, Chinook (Lower Columbia River ESU)","Kalama River - fall Chinook salmon",2026,2913.26041140735
"Lower Columbia Chinook","Salmon, Chinook (Lower Columbia River ESU)","Kalama River - spring Chinook salmon",1999,40.0498490789905
"Lower Columbia Chinook","Salmon, Chinook (Lower Columbia River ESU)","Kalama River - spring Chinook salmon",2000,40.6237535852048
"Lower Columbia Chinook","Salmon, Chinook (Lower Columbia River ESU)","Kalama River - spring Chinook salmon",2001,41.3914167217357
"Lower Columbia Chinook","Salmon, Chinook (Lower Columbia River ESU)","Kalama River - spring Chinook salmon",2002,42.0419791013566
"Lower Columbia Chinook","Salmon, Chinook (Lower Columbia River ESU)","Kalama River - spring Chinook salmon",2003,42.963424818984
"Lower Columbia Chinook","Salmon, Chinook (Lower Columbia River ESU)","Kalama River - spring Chinook salmon",2004,43.8175083317325
"Lower Columbia Chinook","Salmon, Chinook (Lower Columbia River ESU)","Kalama River - spring Chinook salmon",2005,44.8449223929289
"Lower Columbia Chinook","Salmon, Chinook (Lower Columbia River ESU)","Kalama River - spring Chinook salmon",2006,43.9604613308806
"Lower Columbia Chinook","Salmon, Chinook (Lower Columbia River ESU)","Kalama River - spring Chinook salmon",2007,42.8425143802937
"Lower Columbia Chinook","Salmon, Chinook (Lower Columbia River ESU)","Kalama River - spring Chinook salmon",2008,57.0212742091429
"Lower Columbia Chinook","Salmon, Chinook (Lower Columbia River ESU)","Kalama River - spring Chinook salmon",2009,68.6707082706412
"Lower Columbia Chinook","Salmon, Chinook (Lower Columbia River ESU)","Kalama River - spring Chinook salmon",2010,63.6862686936347
"Lower Columbia Chinook","Salmon, Chinook (Lower Columbia River ESU)","Kalama River - spring Chinook salmon",2011,108.996067072345
"Lower Columbia Chinook","Salmon, Chinook (Lower Columbia River ESU)","Kalama River - spring Chinook salmon",2012,87.8594899467364
"Lower Columbia Chinook","Salmon, Chinook (Lower Columbia River ESU)","Kalama River - spring Chinook salmon",2013,73.3277859713761
"Lower Columbia Chinook","Salmon, Chinook (Lower Columbia River ESU)","Kalama River - spring Chinook salmon",2014,42.3044346000969
"Lower Columbia Chinook","Salmon, Chinook (Lower Columbia River ESU)","Kalama River - spring Chinook salmon",2015,32.1305666746211
"Lower Columbia Chinook","Salmon, Chinook (Lower Columbia River ESU)","Kalama River - spring Chinook salmon",2016,35.8433139810082
"Lower Columbia Chinook","Salmon, Chinook (Lower Columbia River ESU)","Kalama River - spring Chinook salmon",2017,50.8190405467962
"Lower Columbia Chinook","Salmon, Chinook (Lower Columbia River ESU)","Kalama River - spring Chinook salmon",2018,47.1384460420958
"Lower Columbia Chinook","Salmon, Chinook (Lower Columbia River ESU)","Kalama River - spring Chinook salmon",2019,47.2216470971616
"Lower Columbia Chinook","Salmon, Chinook (Lower Columbia River ESU)","Kalama River - spring Chinook salmon",2020,68.4507190745471
"Lower Columbia Chinook","Salmon, Chinook (Lower Columbia River ESU)","Kalama River - spring Chinook salmon",2021,79.2833944150534
"Lower Columbia Chinook","Salmon, Chinook (Lower Columbia River ESU)","Kalama River - spring Chinook salmon",2022,99.5863360805469
"Lower Columbia Chinook","Salmon, Chinook (Lower Columbia River ESU)","Kalama River - spring Chinook salmon",2023,66.120069895694
"Lower Columbia Chinook","Salmon, Chinook (Lower Columbia River ESU)","Kalama River - spring Chinook salmon",2024,51.3316823226587
"Lower Columbia Chinook","Salmon, Chinook (Lower Columbia River ESU)","Kalama River - spring Chinook salmon",2025,60.9350473971162
"Lower Columbia Chinook","Salmon, Chinook (Lower Columbia River ESU)","Kalama River - spring Chinook salmon",2026,62.4709678632691
"Lower Columbia Chinook","Salmon, Chinook (Lower Columbia River ESU)","Lewis River - fall Chinook salmon",1999,1679.83127143543
"Lower Columbia Chinook","Salmon, Chinook (Lower Columbia River ESU)","Lewis River - fall Chinook salmon",2000,1677.01391338669
"Lower Columbia Chinook","Salmon, Chinook (Lower Columbia River ESU)","Lewis River - fall Chinook salmon",2001,1724.4322028839
"Lower Columbia Chinook","Salmon, Chinook (Lower Columbia River ESU)","Lewis River - fall Chinook salmon",2002,1743.30166716686
"Lower Columbia Chinook","Salmon, Chinook (Lower Columbia River ESU)","Lewis River - fall Chinook salmon",2003,1726.77726766506
"Lower Columbia Chinook","Salmon, Chinook (Lower Columbia River ESU)","Lewis River - fall Chinook salmon",2004,1756.37970750597
"Lower Columbia Chinook","Salmon, Chinook (Lower Columbia River ESU)","Lewis River - fall Chinook salmon",2005,1755.83094700349
"Lower Columbia Chinook","Salmon, Chinook (Lower Columbia River ESU)","Lewis River - fall Chinook salmon",2006,1680.37531562065
"Lower Columbia Chinook","Salmon, Chinook (Lower Columbia River ESU)","Lewis River - fall Chinook salmon",2007,1649.46625712945
"Lower Columbia Chinook","Salmon, Chinook (Lower Columbia River ESU)","Lewis River - fall Chinook salmon",2008,1743.01089031746
"Lower Columbia Chinook","Salmon, Chinook (Lower Columbia River ESU)","Lewis River - fall Chinook salmon",2009,1748.61170743127
"Lower Columbia Chinook","Salmon, Chinook (Lower Columbia River ESU)","Lewis River - fall Chinook salmon",2010,1624.58893859997
"Lower Columbia Chinook","Salmon, Chinook (Lower Columbia River ESU)","Lewis River - fall Chinook salmon",2011,1640.20192365183
"Lower Columbia Chinook","Salmon, Chinook (Lower Columbia River ESU)","Lewis River - fall Chinook salmon",2012,1440.38504410321
"Lower Columbia Chinook","Salmon, Chinook (Lower Columbia River ESU)","Lewis River - fall Chinook salmon",2013,2417.46697995238
"Lower Columbia Chinook","Salmon, Chinook (Lower Columbia River ESU)","Lewis River - fall Chinook salmon",2014,2400.32812067305
"Lower Columbia Chinook","Salmon, Chinook (Lower Columbia River ESU)","Lewis River - fall Chinook salmon",2015,3104.15492823857
"Lower Columbia Chinook","Salmon, Chinook (Lower Columbia River ESU)","Lewis River - fall Chinook salmon",2016,2553.83899256894
"Lower Columbia Chinook","Salmon, Chinook (Lower Columbia River ESU)","Lewis River - fall Chinook salmon",2017,2204.43114929793
"Lower Columbia Chinook","Salmon, Chinook (Lower Columbia River ESU)","Lewis River - fall Chinook salmon",2018,1340.98619962588
"Lower Columbia Chinook","Salmon, Chinook (Lower Columbia River ESU)","Lewis River - fall Chinook salmon",2019,1799.63390844488
"Lower Columbia Chinook","Salmon, Chinook (Lower Columbia River ESU)","Lewis River - fall Chinook salmon",2020,3325.72704802818
"Lower Columbia Chinook","Salmon, Chinook (Lower Columbia River ESU)","Lewis River - fall Chinook salmon",2021,2520.26495798849
"Lower Columbia Chinook","Salmon, Chinook (Lower Columbia River ESU)","Lewis River - fall Chinook salmon",2022,2786.89629701787
"Lower Columbia Chinook","Salmon, Chinook (Lower Columbia River ESU)","Lewis River - fall Chinook salmon",2023,2348.60501465892
"Lower Columbia Chinook","Salmon, Chinook (Lower Columbia River ESU)","Lewis River - fall Chinook salmon",2024,1878.72681818738
"Lower Columbia Chinook","Salmon, Chinook (Lower Columbia River ESU)","Lewis River - fall Chinook salmon",2025,1980.70283909053
"Lower Columbia Chinook","Salmon, Chinook (Lower Columbia River ESU)","Lewis River - fall Chinook salmon",2026,1990.27706291299
"Lower Columbia Chinook","Salmon, Chinook (Lower Columbia River ESU)","Lewis River - late fall Chinook salmon",1999,17891.0642431997
"Lower Columbia Chinook","Salmon, Chinook (Lower Columbia River ESU)","Lewis River - late fall Chinook salmon",2000,18147.2615450047
"Lower Columbia Chinook","Salmon, Chinook (Lower Columbia River ESU)","Lewis River - late fall Chinook salmon",2001,17643.852069392
"Lower Columbia Chinook","Salmon, Chinook (Lower Columbia River ESU)","Lewis River - late fall Chinook salmon",2002,17526.950334396
"Lower Columbia Chinook","Salmon, Chinook (Lower Columbia River ESU)","Lewis River - late fall Chinook salmon",2003,17407.4643176133
"Lower Columbia Chinook","Salmon, Chinook (Lower Columbia River ESU)","Lewis River - late fall Chinook salmon",2004,17176.5437483708
"Lower Columbia Chinook","Salmon, Chinook (Lower Columbia River ESU)","Lewis River - late fall Chinook salmon",2005,16848.2218475929
"Lower Columbia Chinook","Salmon, Chinook (Lower Columbia River ESU)","Lewis River - late fall Chinook salmon",2006,15710.3676282751
"Lower Columbia Chinook","Salmon, Chinook (Lower Columbia River ESU)","Lewis River - late fall Chinook salmon",2007,15152.6927812256
"Lower Columbia Chinook","Salmon, Chinook (Lower Columbia River ESU)","Lewis River - late fall Chinook salmon",2008,15625.7378572028
"Lower Columbia Chinook","Salmon, Chinook (Lower Columbia River ESU)","Lewis River - late fall Chinook salmon",2009,15070.7295574509
"Lower Columbia Chinook","Salmon, Chinook (Lower Columbia River ESU)","Lewis River - late fall Chinook salmon",2010,14064.1194422645
"Lower Columbia Chinook","Salmon, Chinook (Lower Columbia River ESU)","Lewis River - late fall Chinook salmon",2011,13811.7644590398
"Lower Columbia Chinook","Salmon, Chinook (Lower Columbia River ESU)","Lewis River - late fall Chinook salmon",2012,11139.8214009033
"Lower Columbia Chinook","Salmon, Chinook (Lower Columbia River ESU)","Lewis River - late fall Chinook salmon",2013,17658.1479147048
"Lower Columbia Chinook","Salmon, Chinook (Lower Columbia River ESU)","Lewis River - late fall Chinook salmon",2014,17616.1660854838
"Lower Columbia Chinook","Salmon, Chinook (Lower Columbia River ESU)","Lewis River - late fall Chinook salmon",2015,17133.753953076
"Lower Columbia Chinook","Salmon, Chinook (Lower Columbia River ESU)","Lewis River - late fall Chinook salmon",2016,10329.4319659836
"Lower Columbia Chinook","Salmon, Chinook (Lower Columbia River ESU)","Lewis River - late fall Chinook salmon",2017,8094.26009325271
"Lower Columbia Chinook","Salmon, Chinook (Lower Columbia River ESU)","Lewis River - late fall Chinook salmon",2018,6109.43794134327
"Lower Columbia Chinook","Salmon, Chinook (Lower Columbia River ESU)","Lewis River - late fall Chinook salmon",2019,11206.2815224669
"Lower Columbia Chinook","Salmon, Chinook (Lower Columbia River ESU)","Lewis River - late fall Chinook salmon",2020,19334.2092559605
"Lower Columbia Chinook","Salmon, Chinook (Lower Columbia River ESU)","Lewis River - late fall Chinook salmon",2021,12563.0096759892
"Lower Columbia Chinook","Salmon, Chinook (Lower Columbia River ESU)","Lewis River - late fall Chinook salmon",2022,8684.72510579396
"Lower Columbia Chinook","Salmon, Chinook (Lower Columbia River ESU)","Lewis River - late fall Chinook salmon",2023,9485.00683476956
"Lower Columbia Chinook","Salmon, Chinook (Lower Columbia River ESU)","Lewis River - late fall Chinook salmon",2024,12888.9101641089
"Lower Columbia Chinook","Salmon, Chinook (Lower Columbia River ESU)","Lewis River - late fall Chinook salmon",2025,14439.5645348117
"Lower Columbia Chinook","Salmon, Chinook (Lower Columbia River ESU)","Lewis River - late fall Chinook salmon",2026,14088.8106642009
"Lower Columbia Chinook","Salmon, Chinook (Lower Columbia River ESU)","Lower Cowlitz River - fall Chinook salmon",1999,3461.52729236841
"Lower Columbia Chinook","Salmon, Chinook (Lower Columbia River ESU)","Lower Cowlitz River - fall Chinook salmon",2000,3674.07513897801
"Lower Columbia Chinook","Salmon, Chinook (Lower Columbia River ESU)","Lower Cowlitz River - fall Chinook salmon",2001,3906.0161860911
"Lower Columbia Chinook","Salmon, Chinook (Lower Columbia River ESU)","Lower Cowlitz River - fall Chinook salmon",2002,4216.77958271843
"Lower Columbia Chinook","Salmon, Chinook (Lower Columbia River ESU)","Lower Cowlitz River - fall Chinook salmon",2003,4485.42525269275
"Lower Columbia Chinook","Salmon, Chinook (Lower Columbia River ESU)","Lower Cowlitz River - fall Chinook salmon",2004,4777.32875610766
"Lower Columbia Chinook","Salmon, Chinook (Lower Columbia River ESU)","Lower Cowlitz River - fall Chinook salmon",2005,5168.903347847
"Lower Columbia Chinook","Salmon, Chinook (Lower Columbia River ESU)","Lower Cowlitz River - fall Chinook salmon",2006,5046.81334209676
"Lower Columbia Chinook","Salmon, Chinook (Lower Columbia River ESU)","Lower Cowlitz River - fall Chinook salmon",2007,5048.58461259909
"Lower Columbia Chinook","Salmon, Chinook (Lower Columbia River ESU)","Lower Cowlitz River - fall Chinook salmon",2008,5360.51429200108
"Lower Columbia Chinook","Salmon, Chinook (Lower Columbia River ESU)","Lower Cowlitz River - fall Chinook salmon",2009,5573.85268260079
"Lower Columbia Chinook","Salmon, Chinook (Lower Columbia River ESU)","Lower Cowlitz River - fall Chinook salmon",2010,5475.36219085461
"Lower Columbia Chinook","Salmon, Chinook (Lower Columbia River ESU)","Lower Cowlitz River - fall Chinook salmon",2011,5520.90566509576
"Lower Columbia Chinook","Salmon, Chinook (Lower Columbia River ESU)","Lower Cowlitz River - fall Chinook salmon",2012,4207.31224950488
"Lower Columbia Chinook","Salmon, Chinook (Lower Columbia River ESU)","Lower Cowlitz River - fall Chinook salmon",2013,6972.46341581444
"Lower Columbia Chinook","Salmon, Chinook (Lower Columbia River ESU)","Lower Cowlitz River - fall Chinook salmon",2014,6880.29991430455
"Lower Columbia Chinook","Salmon, Chinook (Lower Columbia River ESU)","Lower Cowlitz River - fall Chinook salmon",2015,8143.73638095039
"Lower Columbia Chinook","Salmon, Chinook (Lower Columbia River ESU)","Lower Cowlitz River - fall Chinook salmon",2016,6760.69509443008
"Lower Columbia Chinook","Salmon, Chinook (Lower Columbia River ESU)","Lower Cowlitz River - fall Chinook salmon",2017,6627.89388614832
"Lower Columbia Chinook","Salmon, Chinook (Lower Columbia River ESU)","Lower Cowlitz River - fall Chinook salmon",2018,6400.77013354585
"Lower Columbia Chinook","Salmon, Chinook (Lower Columbia River ESU)","Lower Cowlitz River - fall Chinook salmon",2019,8762.46285611943
"Lower Columbia Chinook","Salmon, Chinook (Lower Columbia River ESU)","Lower Cowlitz River - fall Chinook salmon",2020,9547.2099246561
"Lower Columbia Chinook","Salmon, Chinook (Lower Columbia River ESU)","Lower Cowlitz River - fall Chinook salmon",2021,8082.74690894987
"Lower Columbia Chinook","Salmon, Chinook (Lower Columbia River ESU)","Lower Cowlitz River - fall Chinook salmon",2022,10000.7061299276
"Lower Columbia Chinook","Salmon, Chinook (Lower Columbia River ESU)","Lower Cowlitz River - fall Chinook salmon",2023,13815.07842476
"Lower Columbia Chinook","Salmon, Chinook (Lower Columbia River ESU)","Lower Cowlitz River - fall Chinook salmon",2024,17464.4617276275
"Lower Columbia Chinook","Salmon, Chinook (Lower Columbia River ESU)","Lower Cowlitz River - fall Chinook salmon",2025,19821.6032078459
"Lower Columbia Chinook","Salmon, Chinook (Lower Columbia River ESU)","Lower Cowlitz River - fall Chinook salmon",2026,21142.3473664469
"Lower Columbia Chinook","Salmon, Chinook (Lower Columbia River ESU)","Mill, Abernathy, and Germany Creeks - fall Chinook salmon",1999,961.509652811131
"Lower Columbia Chinook","Salmon, Chinook (Lower Columbia River ESU)","Mill, Abernathy, and Germany Creeks - fall Chinook salmon",2000,907.513331180019
"Lower Columbia Chinook","Salmon, Chinook (Lower Columbia River ESU)","Mill, Abernathy, and Germany Creeks - fall Chinook salmon",2001,845.989524704439
"Lower Columbia Chinook","Salmon, Chinook (Lower Columbia River ESU)","Mill, Abernathy, and Germany Creeks - fall Chinook salmon",2002,782.848987061356
"Lower Columbia Chinook","Salmon, Chinook (Lower Columbia River ESU)","Mill, Abernathy, and Germany Creeks - fall Chinook salmon",2003,722.958477325289
"Lower Columbia Chinook","Salmon, Chinook (Lower Columbia River ESU)","Mill, Abernathy, and Germany Creeks - fall Chinook salmon",2004,673.757146398412
"Lower Columbia Chinook","Salmon, Chinook (Lower Columbia River ESU)","Mill, Abernathy, and Germany Creeks - fall Chinook salmon",2005,648.201507928507
"Lower Columbia Chinook","Salmon, Chinook (Lower Columbia River ESU)","Mill, Abernathy, and Germany Creeks - fall Chinook salmon",2006,280.260620919517
"Lower Columbia Chinook","Salmon, Chinook (Lower Columbia River ESU)","Mill, Abernathy, and Germany Creeks - fall Chinook salmon",2007,178.099039961493
"Lower Columbia Chinook","Salmon, Chinook (Lower Columbia River ESU)","Mill, Abernathy, and Germany Creeks - fall Chinook salmon",2008,268.947053939881
"Lower Columbia Chinook","Salmon, Chinook (Lower Columbia River ESU)","Mill, Abernathy, and Germany Creeks - fall Chinook salmon",2009,151.627335715449
"Lower Columbia Chinook","Salmon, Chinook (Lower Columbia River ESU)","Mill, Abernathy, and Germany Creeks - fall Chinook salmon",2010,149.357791799581
"Lower Columbia Chinook","Salmon, Chinook (Lower Columbia River ESU)","Mill, Abernathy, and Germany Creeks - fall Chinook salmon",2011,92.1432785914473
"Lower Columbia Chinook","Salmon, Chinook (Lower Columbia River ESU)","Mill, Abernathy, and Germany Creeks - fall Chinook salmon",2012,33.6888741947913
"Lower Columbia Chinook","Salmon, Chinook (Lower Columbia River ESU)","Mill, Abernathy, and Germany Creeks - fall Chinook salmon",2013,106.294134481177
"Lower Columbia Chinook","Salmon, Chinook (Lower Columbia River ESU)","Mill, Abernathy, and Germany Creeks - fall Chinook salmon",2014,65.5831130125308
"Lower Columbia Chinook","Salmon, Chinook (Lower Columbia River ESU)","Mill, Abernathy, and Germany Creeks - fall Chinook salmon",2015,86.7351829336378
"Lower Columbia Chinook","Salmon, Chinook (Lower Columbia River ESU)","Mill, Abernathy, and Germany Creeks - fall Chinook salmon",2016,52.071451802709
"Lower Columbia Chinook","Salmon, Chinook (Lower Columbia River ESU)","Mill, Abernathy, and Germany Creeks - fall Chinook salmon",2017,16.1155313541572
"Lower Columbia Chinook","Salmon, Chinook (Lower Columbia River ESU)","Mill, Abernathy, and Germany Creeks - fall Chinook salmon",2018,2.82109299961869
"Lower Columbia Chinook","Salmon, Chinook (Lower Columbia River ESU)","Mill, Abernathy, and Germany Creeks - fall Chinook salmon",2019,13.2135964436646
"Lower Columbia Chinook","Salmon, Chinook (Lower Columbia River ESU)","Mill, Abernathy, and Germany Creeks - fall Chinook salmon",2020,35.4649128996244
"Lower Columbia Chinook","Salmon, Chinook (Lower Columbia River ESU)","Mill, Abernathy, and Germany Creeks - fall Chinook salmon",2021,36.5976188123335
"Lower Columbia Chinook","Salmon, Chinook (Lower Columbia River ESU)","Mill, Abernathy, and Germany Creeks - fall Chinook salmon",2022,61.7570330158484
"Lower Columbia Chinook","Salmon, Chinook (Lower Columbia River ESU)","Mill, Abernathy, and Germany Creeks - fall Chinook salmon",2023,107.673741584832
"Lower Columbia Chinook","Salmon, Chinook (Lower Columbia River ESU)","Mill, Abernathy, and Germany Creeks - fall Chinook salmon",2024,119.694091321339
"Lower Columbia Chinook","Salmon, Chinook (Lower Columbia River ESU)","Mill, Abernathy, and Germany Creeks - fall Chinook salmon",2025,149.589622354007
"Lower Columbia Chinook","Salmon, Chinook (Lower Columbia River ESU)","Mill, Abernathy, and Germany Creeks - fall Chinook salmon",2026,139.597706249332
"Lower Columbia Chinook","Salmon, Chinook (Lower Columbia River ESU)","North Fork Lewis River - spring Chinook salmon",1999,6.33490255019131
"Lower Columbia Chinook","Salmon, Chinook (Lower Columbia River ESU)","North Fork Lewis River - spring Chinook salmon",2000,7.34554322884982
"Lower Columbia Chinook","Salmon, Chinook (Lower Columbia River ESU)","North Fork Lewis River - spring Chinook salmon",2001,7.83834524352809
"Lower Columbia Chinook","Salmon, Chinook (Lower Columbia River ESU)","North Fork Lewis River - spring Chinook salmon",2002,8.77082189050562
"Lower Columbia Chinook","Salmon, Chinook (Lower Columbia River ESU)","North Fork Lewis River - spring Chinook salmon",2003,9.84815251648807
"Lower Columbia Chinook","Salmon, Chinook (Lower Columbia River ESU)","North Fork Lewis River - spring Chinook salmon",2004,10.7516878427578
"Lower Columbia Chinook","Salmon, Chinook (Lower Columbia River ESU)","North Fork Lewis River - spring Chinook salmon",2005,12.7564384915069
"Lower Columbia Chinook","Salmon, Chinook (Lower Columbia River ESU)","North Fork Lewis River - spring Chinook salmon",2006,7.80528582500922
"Lower Columbia Chinook","Salmon, Chinook (Lower Columbia River ESU)","North Fork Lewis River - spring Chinook salmon",2007,5.37243414922171
"Lower Columbia Chinook","Salmon, Chinook (Lower Columbia River ESU)","North Fork Lewis River - spring Chinook salmon",2008,4.64512299165198
"Lower Columbia Chinook","Salmon, Chinook (Lower Columbia River ESU)","North Fork Lewis River - spring Chinook salmon",2009,3.16087197588495
"Lower Columbia Chinook","Salmon, Chinook (Lower Columbia River ESU)","North Fork Lewis River - spring Chinook salmon",2010,2.56535992548962
"Lower Columbia Chinook","Salmon, Chinook (Lower Columbia River ESU)","North Fork Lewis River - spring Chinook salmon",2011,2.19811838189728
"Lower Columbia Chinook","Salmon, Chinook (Lower Columbia River ESU)","North Fork Lewis River - spring Chinook salmon",2012,1.69804368512118
"Lower Columbia Chinook","Salmon, Chinook (Lower Columbia River ESU)","North Fork Lewis River - spring Chinook salmon",2013,1.93519442066159
"Lower Columbia Chinook","Salmon, Chinook (Lower Columbia River ESU)","North Fork Lewis River - spring Chinook salmon",2014,1.12110252601436
"Lower Columbia Chinook","Salmon, Chinook (Lower Columbia River ESU)","North Fork Lewis River - spring Chinook salmon",2015,1.05951654887701
"Lower Columbia Chinook","Salmon, Chinook (Lower Columbia River ESU)","North Fork Lewis River - spring Chinook salmon",2016,1.1587162320309
"Lower Columbia Chinook","Salmon, Chinook (Lower Columbia River ESU)","North Fork Lewis River - spring Chinook salmon",2017,1.34919160541723
"Lower Columbia Chinook","Salmon, Chinook (Lower Columbia River ESU)","North Fork Lewis River - spring Chinook salmon",2018,1.67756986201827
"Lower Columbia Chinook","Salmon, Chinook (Lower Columbia River ESU)","North Fork Lewis River - spring Chinook salmon",2019,19.5565653937664
"Lower Columbia Chinook","Salmon, Chinook (Lower Columbia River ESU)","North Fork Lewis River - spring Chinook salmon",2020,118.75854226612
"Lower Columbia Chinook","Salmon, Chinook (Lower Columbia River ESU)","North Fork Lewis River - spring Chinook salmon",2021,207.710716052594
"Lower Columbia Chinook","Salmon, Chinook (Lower Columbia River ESU)","North Fork Lewis River - spring Chinook salmon",2022,120.626956049624
"Lower Columbia Chinook","Salmon, Chinook (Lower Columbia River ESU)","North Fork Lewis River - spring Chinook salmon",2023,57.9914575657483
"Lower Columbia Chinook","Salmon, Chinook (Lower Columbia River ESU)","North Fork Lewis River - spring Chinook salmon",2024,29.2776136838789
"Lower Columbia Chinook","Salmon, Chinook (Lower Columbia River ESU)","North Fork Lewis River - spring Chinook salmon",2025,47.30546541413
"Lower Columbia Chinook","Salmon, Chinook (Lower Columbia River ESU)","North Fork Lewis River - spring Chinook salmon",2026,50.7921517632099
"Lower Columbia Chinook","Salmon, Chinook (Lower Columbia River ESU)","Toutle River - fall Chinook salmon",1999,355.365694329604
"Lower Columbia Chinook","Salmon, Chinook (Lower Columbia River ESU)","Toutle River - fall Chinook salmon",2000,360.375642807095
"Lower Columbia Chinook","Salmon, Chinook (Lower Columbia River ESU)","Toutle River - fall Chinook salmon",2001,363.764439392549
"Lower Columbia Chinook","Salmon, Chinook (Lower Columbia River ESU)","Toutle River - fall Chinook salmon",2002,371.440567734313
"Lower Columbia Chinook","Salmon, Chinook (Lower Columbia River ESU)","Toutle River - fall Chinook salmon",2003,378.743355178727
"Lower Columbia Chinook","Salmon, Chinook (Lower Columbia River ESU)","Toutle River - fall Chinook salmon",2004,385.968488334749
"Lower Columbia Chinook","Salmon, Chinook (Lower Columbia River ESU)","Toutle River - fall Chinook salmon",2005,389.546283516396
"Lower Columbia Chinook","Salmon, Chinook (Lower Columbia River ESU)","Toutle River - fall Chinook salmon",2006,364.305920408496
"Lower Columbia Chinook","Salmon, Chinook (Lower Columbia River ESU)","Toutle River - fall Chinook salmon",2007,348.668519840891
"Lower Columbia Chinook","Salmon, Chinook (Lower Columbia River ESU)","Toutle River - fall Chinook salmon",2008,367.959987829934
"Lower Columbia Chinook","Salmon, Chinook (Lower Columbia River ESU)","Toutle River - fall Chinook salmon",2009,370.163889841653
"Lower Columbia Chinook","Salmon, Chinook (Lower Columbia River ESU)","Toutle River - fall Chinook salmon",2010,332.079562017376
"Lower Columbia Chinook","Salmon, Chinook (Lower Columbia River ESU)","Toutle River - fall Chinook salmon",2011,264.362159838356
"Lower Columbia Chinook","Salmon, Chinook (Lower Columbia River ESU)","Toutle River - fall Chinook salmon",2012,292.978733573553
"Lower Columbia Chinook","Salmon, Chinook (Lower Columbia River ESU)","Toutle River - fall Chinook salmon",2013,681.636757436397
"Lower Columbia Chinook","Salmon, Chinook (Lower Columbia River ESU)","Toutle River - fall Chinook salmon",2014,435.309490051912
"Lower Columbia Chinook","Salmon, Chinook (Lower Columbia River ESU)","Toutle River - fall Chinook salmon",2015,445.429119929282
"Lower Columbia Chinook","Salmon, Chinook (Lower Columbia River ESU)","Toutle River - fall Chinook salmon",2016,398.227444775713
"Lower Columbia Chinook","Salmon, Chinook (Lower Columbia River ESU)","Toutle River - fall Chinook salmon",2017,347.981638334165
"Lower Columbia Chinook","Salmon, Chinook (Lower Columbia River ESU)","Toutle River - fall Chinook salmon",2018,194.97950189823
"Lower Columbia Chinook","Salmon, Chinook (Lower Columbia River ESU)","Toutle River - fall Chinook salmon",2019,223.386645969201
"Lower Columbia Chinook","Salmon, Chinook (Lower Columbia River ESU)","Toutle River - fall Chinook salmon",2020,462.478477151484
"Lower Columbia Chinook","Salmon, Chinook (Lower Columbia River ESU)","Toutle River - fall Chinook salmon",2021,581.48222372939
"Lower Columbia Chinook","Salmon, Chinook (Lower Columbia River ESU)","Toutle River - fall Chinook salmon",2022,558.332865288796
"Lower Columbia Chinook","Salmon, Chinook (Lower Columbia River ESU)","Toutle River - fall Chinook salmon",2023,593.192120128232
"Lower Columbia Chinook","Salmon, Chinook (Lower Columbia River ESU)","Toutle River - fall Chinook salmon",2024,575.540457242774
"Lower Columbia Chinook","Salmon, Chinook (Lower Columbia River ESU)","Toutle River - fall Chinook salmon",2025,503.391688344169
"Lower Columbia Chinook","Salmon, Chinook (Lower Columbia River ESU)","Toutle River - fall Chinook salmon",2026,512.682575396769
"Lower Columbia Chinook","Salmon, Chinook (Lower Columbia River ESU)","Upper Cowlitz River - fall Chinook salmon",1999,3208.01256018781
"Lower Columbia Chinook","Salmon, Chinook (Lower Columbia River ESU)","Upper Cowlitz River - fall Chinook salmon",2000,2982.00722495343
"Lower Columbia Chinook","Salmon, Chinook (Lower Columbia River ESU)","Upper Cowlitz River - fall Chinook salmon",2001,2873.41474749883
"Lower Columbia Chinook","Salmon, Chinook (Lower Columbia River ESU)","Upper Cowlitz River - fall Chinook salmon",2002,2681.91116560359
"Lower Columbia Chinook","Salmon, Chinook (Lower Columbia River ESU)","Upper Cowlitz River - fall Chinook salmon",2003,2546.15423572754
"Lower Columbia Chinook","Salmon, Chinook (Lower Columbia River ESU)","Upper Cowlitz River - fall Chinook salmon",2004,2395.82566212936
"Lower Columbia Chinook","Salmon, Chinook (Lower Columbia River ESU)","Upper Cowlitz River - fall Chinook salmon",2005,2258.20463009464
"Lower Columbia Chinook","Salmon, Chinook (Lower Columbia River ESU)","Upper Cowlitz River - fall Chinook salmon",2006,2205.84929322817
"Lower Columbia Chinook","Salmon, Chinook (Lower Columbia River ESU)","Upper Cowlitz River - fall Chinook salmon",2007,2202.96496048951
"Lower Columbia Chinook","Salmon, Chinook (Lower Columbia River ESU)","Upper Cowlitz River - fall Chinook salmon",2008,2418.32493921623
"Lower Columbia Chinook","Salmon, Chinook (Lower Columbia River ESU)","Upper Cowlitz River - fall Chinook salmon",2009,2463.6899344964
"Lower Columbia Chinook","Salmon, Chinook (Lower Columbia River ESU)","Upper Cowlitz River - fall Chinook salmon",2010,2416.03165883575
"Lower Columbia Chinook","Salmon, Chinook (Lower Columbia River ESU)","Upper Cowlitz River - fall Chinook salmon",2011,3144.04238949167
"Lower Columbia Chinook","Salmon, Chinook (Lower Columbia River ESU)","Upper Cowlitz River - fall Chinook salmon",2012,2152.40582621259
"Lower Columbia Chinook","Salmon, Chinook (Lower Columbia River ESU)","Upper Cowlitz River - fall Chinook salmon",2013,3180.75986545165
"Lower Columbia Chinook","Salmon, Chinook (Lower Columbia River ESU)","Upper Cowlitz River - fall Chinook salmon",2014,2542.19988016247
"Lower Columbia Chinook","Salmon, Chinook (Lower Columbia River ESU)","Upper Cowlitz River - fall Chinook salmon",2015,3122.77069052352
"Lower Columbia Chinook","Salmon, Chinook (Lower Columbia River ESU)","Upper Cowlitz River - fall Chinook salmon",2016,2416.23042599852
"Lower Columbia Chinook","Salmon, Chinook (Lower Columbia River ESU)","Upper Cowlitz River - fall Chinook salmon",2017,1463.87436508087
"Lower Columbia Chinook","Salmon, Chinook (Lower Columbia River ESU)","Upper Cowlitz River - fall Chinook salmon",2018,719.624660580255
"Lower Columbia Chinook","Salmon, Chinook (Lower Columbia River ESU)","Upper Cowlitz River - fall Chinook salmon",2019,717.071284778375
"Lower Columbia Chinook","Salmon, Chinook (Lower Columbia River ESU)","Upper Cowlitz River - fall Chinook salmon",2020,1326.85270161539
"Lower Columbia Chinook","Salmon, Chinook (Lower Columbia River ESU)","Upper Cowlitz River - fall Chinook salmon",2021,747.225492766287
"Lower Columbia Chinook","Salmon, Chinook (Lower Columbia River ESU)","Upper Cowlitz River - fall Chinook salmon",2022,612.800540831225
"Lower Columbia Chinook","Salmon, Chinook (Lower Columbia River ESU)","Upper Cowlitz River - fall Chinook salmon",2023,548.720961166834
"Lower Columbia Chinook","Salmon, Chinook (Lower Columbia River ESU)","Upper Cowlitz River - fall Chinook salmon",2024,739.33022928834
"Lower Columbia Chinook","Salmon, Chinook (Lower Columbia River ESU)","Upper Cowlitz River - fall Chinook salmon",2025,753.429655001584
"Lower Columbia Chinook","Salmon, Chinook (Lower Columbia River ESU)","Upper Cowlitz River - fall Chinook salmon",2026,714.835362580135
"Lower Columbia Chinook","Salmon, Chinook (Lower Columbia River ESU)","Upper Cowlitz River - spring Chinook salmon",1999,253.820686433805
"Lower Columbia Chinook","Salmon, Chinook (Lower Columbia River ESU)","Upper Cowlitz River - spring Chinook salmon",2000,259.155125323609
"Lower Columbia Chinook","Salmon, Chinook (Lower Columbia River ESU)","Upper Cowlitz River - spring Chinook salmon",2001,263.087555537337
"Lower Columbia Chinook","Salmon, Chinook (Lower Columbia River ESU)","Upper Cowlitz River - spring Chinook salmon",2002,272.584162106378
"Lower Columbia Chinook","Salmon, Chinook (Lower Columbia River ESU)","Upper Cowlitz River - spring Chinook salmon",2003,278.461090547648
"Lower Columbia Chinook","Salmon, Chinook (Lower Columbia River ESU)","Upper Cowlitz River - spring Chinook salmon",2004,282.611078816135
"Lower Columbia Chinook","Salmon, Chinook (Lower Columbia River ESU)","Upper Cowlitz River - spring Chinook salmon",2005,290.652072063507
"Lower Columbia Chinook","Salmon, Chinook (Lower Columbia River ESU)","Upper Cowlitz River - spring Chinook salmon",2006,280.979561324513
"Lower Columbia Chinook","Salmon, Chinook (Lower Columbia River ESU)","Upper Cowlitz River - spring Chinook salmon",2007,271.30856477962
"Lower Columbia Chinook","Salmon, Chinook (Lower Columbia River ESU)","Upper Cowlitz River - spring Chinook salmon",2008,289.10054312806
"Lower Columbia Chinook","Salmon, Chinook (Lower Columbia River ESU)","Upper Cowlitz River - spring Chinook salmon",2009,291.333166579271
"Lower Columbia Chinook","Salmon, Chinook (Lower Columbia River ESU)","Upper Cowlitz River - spring Chinook salmon",2010,271.073269496014
"Lower Columbia Chinook","Salmon, Chinook (Lower Columbia River ESU)","Upper Cowlitz River - spring Chinook salmon",2011,230.003894205425
"Lower Columbia Chinook","Salmon, Chinook (Lower Columbia River ESU)","Upper Cowlitz River - spring Chinook salmon",2012,279.313530774739
"Lower Columbia Chinook","Salmon, Chinook (Lower Columbia River ESU)","Upper Cowlitz River - spring Chinook salmon",2013,347.323822616232
"Lower Columbia Chinook","Salmon, Chinook (Lower Columbia River ESU)","Upper Cowlitz River - spring Chinook salmon",2014,234.676781586085
"Lower Columbia Chinook","Salmon, Chinook (Lower Columbia River ESU)","Upper Cowlitz River - spring Chinook salmon",2015,203.019479354958
"Lower Columbia Chinook","Salmon, Chinook (Lower Columbia River ESU)","Upper Cowlitz River - spring Chinook salmon",2016,193.109883489516
"Lower Columbia Chinook","Salmon, Chinook (Lower Columbia River ESU)","Upper Cowlitz River - spring Chinook salmon",2017,164.285220521253
"Lower Columbia Chinook","Salmon, Chinook (Lower Columbia River ESU)","Upper Cowlitz River - spring Chinook salmon",2018,127.082374097207
"Lower Columbia Chinook","Salmon, Chinook (Lower Columbia River ESU)","Upper Cowlitz River - spring Chinook salmon",2019,105.919350338653
"Lower Columbia Chinook","Salmon, Chinook (Lower Columbia River ESU)","Upper Cowlitz River - spring Chinook salmon",2020,301.909306165218
"Lower Columbia Chinook","Salmon, Chinook (Lower Columbia River ESU)","Upper Cowlitz River - spring Chinook salmon",2021,465.936656647167
"Lower Columbia Chinook","Salmon, Chinook (Lower Columbia River ESU)","Upper Cowlitz River - spring Chinook salmon",2022,489.741089488063
"Lower Columbia Chinook","Salmon, Chinook (Lower Columbia River ESU)","Upper Cowlitz River - spring Chinook salmon",2023,430.028840322392
"Lower Columbia Chinook","Salmon, Chinook (Lower Columbia River ESU)","Upper Cowlitz River - spring Chinook salmon",2024,407.155572124881
"Lower Columbia Chinook","Salmon, Chinook (Lower Columbia River ESU)","Upper Cowlitz River - spring Chinook salmon",2025,415.806922300624
"Lower Columbia Chinook","Salmon, Chinook (Lower Columbia River ESU)","Upper Cowlitz River - spring Chinook salmon",2026,422.256964342713
"Lower Columbia Chinook","Salmon, Chinook (Lower Columbia River ESU)","Upper Gorge Tributaries - fall Chinook salmon",1999,1462.7618369038
"Lower Columbia Chinook","Salmon, Chinook (Lower Columbia River ESU)","Upper Gorge Tributaries - fall Chinook salmon",2000,1386.19976796681
"Lower Columbia Chinook","Salmon, Chinook (Lower Columbia River ESU)","Upper Gorge Tributaries - fall Chinook salmon",2001,1319.71721726526
"Lower Columbia Chinook","Salmon, Chinook (Lower Columbia River ESU)","Upper Gorge Tributaries - fall Chinook salmon",2002,1264.57531649818
"Lower Columbia Chinook","Salmon, Chinook (Lower Columbia River ESU)","Upper Gorge Tributaries - fall Chinook salmon",2003,1212.75979966565
"Lower Columbia Chinook","Salmon, Chinook (Lower Columbia River ESU)","Upper Gorge Tributaries - fall Chinook salmon",2004,1139.56539584387
"Lower Columbia Chinook","Salmon, Chinook (Lower Columbia River ESU)","Upper Gorge Tributaries - fall Chinook salmon",2005,1077.83138588817
"Lower Columbia Chinook","Salmon, Chinook (Lower Columbia River ESU)","Upper Gorge Tributaries - fall Chinook salmon",2006,1002.68041996485
"Lower Columbia Chinook","Salmon, Chinook (Lower Columbia River ESU)","Upper Gorge Tributaries - fall Chinook salmon",2007,995.357249803999
"Lower Columbia Chinook","Salmon, Chinook (Lower Columbia River ESU)","Upper Gorge Tributaries - fall Chinook salmon",2008,1192.63527488828
"Lower Columbia Chinook","Salmon, Chinook (Lower Columbia River ESU)","Upper Gorge Tributaries - fall Chinook salmon",2009,1132.54109056376
"Lower Columbia Chinook","Salmon, Chinook (Lower Columbia River ESU)","Upper Gorge Tributaries - fall Chinook salmon",2010,1149.31607523499
"Lower Columbia Chinook","Salmon, Chinook (Lower Columbia River ESU)","Upper Gorge Tributaries - fall Chinook salmon",2011,719.482028661462
"Lower Columbia Chinook","Salmon, Chinook (Lower Columbia River ESU)","Upper Gorge Tributaries - fall Chinook salmon",2012,427.146084925861
"Lower Columbia Chinook","Salmon, Chinook (Lower Columbia River ESU)","Upper Gorge Tributaries - fall Chinook salmon",2013,853.621751399138
"Lower Columbia Chinook","Salmon, Chinook (Lower Columbia River ESU)","Upper Gorge Tributaries - fall Chinook salmon",2014,701.036837742952
"Lower Columbia Chinook","Salmon, Chinook (Lower Columbia River ESU)","Upper Gorge Tributaries - fall Chinook salmon",2015,757.327375407334
"Lower Columbia Chinook","Salmon, Chinook (Lower Columbia River ESU)","Upper Gorge Tributaries - fall Chinook salmon",2016,510.323228647664
"Lower Columbia Chinook","Salmon, Chinook (Lower Columbia River ESU)","Upper Gorge Tributaries - fall Chinook salmon",2017,331.892923488465
"Lower Columbia Chinook","Salmon, Chinook (Lower Columbia River ESU)","Upper Gorge Tributaries - fall Chinook salmon",2018,106.205930312501
"Lower Columbia Chinook","Salmon, Chinook (Lower Columbia River ESU)","Upper Gorge Tributaries - fall Chinook salmon",2019,226.187480421522
"Lower Columbia Chinook","Salmon, Chinook (Lower Columbia River ESU)","Upper Gorge Tributaries - fall Chinook salmon",2020,278.805951109381
"Lower Columbia Chinook","Salmon, Chinook (Lower Columbia River ESU)","Upper Gorge Tributaries - fall Chinook salmon",2021,274.855082502259
"Lower Columbia Chinook","Salmon, Chinook (Lower Columbia River ESU)","Upper Gorge Tributaries - fall Chinook salmon",2022,584.506192886133
"Lower Columbia Chinook","Salmon, Chinook (Lower Columbia River ESU)","Upper Gorge Tributaries - fall Chinook salmon",2023,384.639408446954
"Lower Columbia Chinook","Salmon, Chinook (Lower Columbia River ESU)","Upper Gorge Tributaries - fall Chinook salmon",2024,426.149868241109
"Lower Columbia Chinook","Salmon, Chinook (Lower Columbia River ESU)","Upper Gorge Tributaries - fall Chinook salmon",2025,474.841803705726
"Lower Columbia Chinook","Salmon, Chinook (Lower Columbia River ESU)","Upper Gorge Tributaries - fall Chinook salmon",2026,457.877165947483
"Lower Columbia Chinook","Salmon, Chinook (Lower Columbia River ESU)","Washougal River - fall Chinook salmon",1999,296.726046677787
"Lower Columbia Chinook","Salmon, Chinook (Lower Columbia River ESU)","Washougal River - fall Chinook salmon",2000,316.297057198087
"Lower Columbia Chinook","Salmon, Chinook (Lower Columbia River ESU)","Washougal River - fall Chinook salmon",2001,340.170420570759
"Lower Columbia Chinook","Salmon, Chinook (Lower Columbia River ESU)","Washougal River - fall Chinook salmon",2002,364.20819195783
"Lower Columbia Chinook","Salmon, Chinook (Lower Columbia River ESU)","Washougal River - fall Chinook salmon",2003,381.479061684072
"Lower Columbia Chinook","Salmon, Chinook (Lower Columbia River ESU)","Washougal River - fall Chinook salmon",2004,410.113422615419
"Lower Columbia Chinook","Salmon, Chinook (Lower Columbia River ESU)","Washougal River - fall Chinook salmon",2005,435.760827529852
"Lower Columbia Chinook","Salmon, Chinook (Lower Columbia River ESU)","Washougal River - fall Chinook salmon",2006,410.767045805021
"Lower Columbia Chinook","Salmon, Chinook (Lower Columbia River ESU)","Washougal River - fall Chinook salmon",2007,399.815758943908
"Lower Columbia Chinook","Salmon, Chinook (Lower Columbia River ESU)","Washougal River - fall Chinook salmon",2008,398.480776985312
"Lower Columbia Chinook","Salmon, Chinook (Lower Columbia River ESU)","Washougal River - fall Chinook salmon",2009,410.387131850797
"Lower Columbia Chinook","Salmon, Chinook (Lower Columbia River ESU)","Washougal River - fall Chinook salmon",2010,365.136264299447
"Lower Columbia Chinook","Salmon, Chinook (Lower Columbia River ESU)","Washougal River - fall Chinook salmon",2011,447.52961317313
"Lower Columbia Chinook","Salmon, Chinook (Lower Columbia River ESU)","Washougal River - fall Chinook salmon",2012,368.845514855133
"Lower Columbia Chinook","Salmon, Chinook (Lower Columbia River ESU)","Washougal River - fall Chinook salmon",2013,995.552488200105
"Lower Columbia Chinook","Salmon, Chinook (Lower Columbia River ESU)","Washougal River - fall Chinook salmon",2014,929.194720818915
"Lower Columbia Chinook","Salmon, Chinook (Lower Columbia River ESU)","Washougal River - fall Chinook salmon",2015,1123.63566229792
"Lower Columbia Chinook","Salmon, Chinook (Lower Columbia River ESU)","Washougal River - fall Chinook salmon",2016,794.988990745059
"Lower Columbia Chinook","Salmon, Chinook (Lower Columbia River ESU)","Washougal River - fall Chinook salmon",2017,778.53992169817
"Lower Columbia Chinook","Salmon, Chinook (Lower Columbia River ESU)","Washougal River - fall Chinook salmon",2018,796.269764004802
"Lower Columbia Chinook","Salmon, Chinook (Lower Columbia River ESU)","Washougal River - fall Chinook salmon",2019,1240.27073027421
"Lower Columbia Chinook","Salmon, Chinook (Lower Columbia River ESU)","Washougal River - fall Chinook salmon",2020,2107.61143851616
"Lower Columbia Chinook","Salmon, Chinook (Lower Columbia River ESU)","Washougal River - fall Chinook salmon",2021,1293.81275505174
"Lower Columbia Chinook","Salmon, Chinook (Lower Columbia River ESU)","Washougal River - fall Chinook salmon",2022,1027.62796623279
"Lower Columbia Chinook","Salmon, Chinook (Lower Columbia River ESU)","Washougal River - fall Chinook salmon",2023,1285.48603333785
"Lower Columbia Chinook","Salmon, Chinook (Lower Columbia River ESU)","Washougal River - fall Chinook salmon",2024,1368.71889735856
"Lower Columbia Chinook","Salmon, Chinook (Lower Columbia River ESU)","Washougal River - fall Chinook salmon",2025,1441.25348001834
"Lower Columbia Chinook","Salmon, Chinook (Lower Columbia River ESU)","Washougal River - fall Chinook salmon",2026,1528.87901885229
"Lower Columbia Chinook","Salmon, Chinook (Lower Columbia River ESU)","White Salmon River - fall Chinook salmon",1999,951.13307101278
"Lower Columbia Chinook","Salmon, Chinook (Lower Columbia River ESU)","White Salmon River - fall Chinook salmon",2000,974.700757111812
"Lower Columbia Chinook","Salmon, Chinook (Lower Columbia River ESU)","White Salmon River - fall Chinook salmon",2001,972.338479985977
"Lower Columbia Chinook","Salmon, Chinook (Lower Columbia River ESU)","White Salmon River - fall Chinook salmon",2002,976.265508705306
"Lower Columbia Chinook","Salmon, Chinook (Lower Columbia River ESU)","White Salmon River - fall Chinook salmon",2003,987.988071403056
"Lower Columbia Chinook","Salmon, Chinook (Lower Columbia River ESU)","White Salmon River - fall Chinook salmon",2004,982.053377980089
"Lower Columbia Chinook","Salmon, Chinook (Lower Columbia River ESU)","White Salmon River - fall Chinook salmon",2005,993.093857202924
"Lower Columbia Chinook","Salmon, Chinook (Lower Columbia River ESU)","White Salmon River - fall Chinook salmon",2006,899.988155874103
"Lower Columbia Chinook","Salmon, Chinook (Lower Columbia River ESU)","White Salmon River - fall Chinook salmon",2007,834.982068256831
"Lower Columbia Chinook","Salmon, Chinook (Lower Columbia River ESU)","White Salmon River - fall Chinook salmon",2008,916.009007361495
"Lower Columbia Chinook","Salmon, Chinook (Lower Columbia River ESU)","White Salmon River - fall Chinook salmon",2009,872.063199146342
"Lower Columbia Chinook","Salmon, Chinook (Lower Columbia River ESU)","White Salmon River - fall Chinook salmon",2010,841.526311777612
"Lower Columbia Chinook","Salmon, Chinook (Lower Columbia River ESU)","White Salmon River - fall Chinook salmon",2011,490.66954132519
"Lower Columbia Chinook","Salmon, Chinook (Lower Columbia River ESU)","White Salmon River - fall Chinook salmon",2012,290.498304003034
"Lower Columbia Chinook","Salmon, Chinook (Lower Columbia River ESU)","White Salmon River - fall Chinook salmon",2013,510.846416995043
"Lower Columbia Chinook","Salmon, Chinook (Lower Columbia River ESU)","White Salmon River - fall Chinook salmon",2014,462.816309556353
"Lower Columbia Chinook","Salmon, Chinook (Lower Columbia River ESU)","White Salmon River - fall Chinook salmon",2015,370.246211048087
"Lower Columbia Chinook","Salmon, Chinook (Lower Columbia River ESU)","White Salmon River - fall Chinook salmon",2016,323.84615357955
"Lower Columbia Chinook","Salmon, Chinook (Lower Columbia River ESU)","White Salmon River - fall Chinook salmon",2017,235.060527778069
"Lower Columbia Chinook","Salmon, Chinook (Lower Columbia River ESU)","White Salmon River - fall Chinook salmon",2018,116.779062545065
"Lower Columbia Chinook","Salmon, Chinook (Lower Columbia River ESU)","White Salmon River - fall Chinook salmon",2019,233.46984968583
"Lower Columbia Chinook","Salmon, Chinook (Lower Columbia River ESU)","White Salmon River - fall Chinook salmon",2020,400.947345576638
"Lower Columbia Chinook","Salmon, Chinook (Lower Columbia River ESU)","White Salmon River - fall Chinook salmon",2021,590.207958514682
"Lower Columbia Chinook","Salmon, Chinook (Lower Columbia River ESU)","White Salmon River - fall Chinook salmon",2022,862.994250674222
"Lower Columbia Chinook","Salmon, Chinook (Lower Columbia River ESU)","White Salmon River - fall Chinook salmon",2023,544.736488339314
"Lower Columbia Chinook","Salmon, Chinook (Lower Columbia River ESU)","White Salmon River - fall Chinook salmon",2024,1020.60111211076
"Lower Columbia Chinook","Salmon, Chinook (Lower Columbia River ESU)","White Salmon River - fall Chinook salmon",2025,1210.46752186726
"Lower Columbia Chinook","Salmon, Chinook (Lower Columbia River ESU)","White Salmon River - fall Chinook salmon",2026,1217.96655025437
"Lower Columbia Chinook","Salmon, Chinook (Lower Columbia River ESU)","White Salmon River - spring Chinook salmon",1999,88.3141418594006
"Lower Columbia Chinook","Salmon, Chinook (Lower Columbia River ESU)","White Salmon River - spring Chinook salmon",2000,74.1805364732249
"Lower Columbia Chinook","Salmon, Chinook (Lower Columbia River ESU)","White Salmon River - spring Chinook salmon",2001,61.5572536551955
"Lower Columbia Chinook","Salmon, Chinook (Lower Columbia River ESU)","White Salmon River - spring Chinook salmon",2002,52.5420350007466
"Lower Columbia Chinook","Salmon, Chinook (Lower Columbia River ESU)","White Salmon River - spring Chinook salmon",2003,44.044522546977
"Lower Columbia Chinook","Salmon, Chinook (Lower Columbia River ESU)","White Salmon River - spring Chinook salmon",2004,38.1768600396612
"Lower Columbia Chinook","Salmon, Chinook (Lower Columbia River ESU)","White Salmon River - spring Chinook salmon",2005,31.7883269711588
"Lower Columbia Chinook","Salmon, Chinook (Lower Columbia River ESU)","White Salmon River - spring Chinook salmon",2006,31.7242762793809
"Lower Columbia Chinook","Salmon, Chinook (Lower Columbia River ESU)","White Salmon River - spring Chinook salmon",2007,30.1178895475287
"Lower Columbia Chinook","Salmon, Chinook (Lower Columbia River ESU)","White Salmon River - spring Chinook salmon",2008,26.6292572065334
"Lower Columbia Chinook","Salmon, Chinook (Lower Columbia River ESU)","White Salmon River - spring Chinook salmon",2009,25.7912072371704
"Lower Columbia Chinook","Salmon, Chinook (Lower Columbia River ESU)","White Salmon River - spring Chinook salmon",2010,23.8301214292794
"Lower Columbia Chinook","Salmon, Chinook (Lower Columbia River ESU)","White Salmon River - spring Chinook salmon",2011,21.2102812076053
"Lower Columbia Chinook","Salmon, Chinook (Lower Columbia River ESU)","White Salmon River - spring Chinook salmon",2012,19.6783211204298
"Lower Columbia Chinook","Salmon, Chinook (Lower Columbia River ESU)","White Salmon River - spring Chinook salmon",2013,15.5029563427977
"Lower Columbia Chinook","Salmon, Chinook (Lower Columbia River ESU)","White Salmon River - spring Chinook salmon",2014,17.5640031087552
"Lower Columbia Chinook","Salmon, Chinook (Lower Columbia River ESU)","White Salmon River - spring Chinook salmon",2015,12.6447344625325
"Lower Columbia Chinook","Salmon, Chinook (Lower Columbia River ESU)","White Salmon River - spring Chinook salmon",2016,7.18303592422178
"Lower Columbia Chinook","Salmon, Chinook (Lower Columbia River ESU)","White Salmon River - spring Chinook salmon",2017,5.90339752964634
"Lower Columbia Chinook","Salmon, Chinook (Lower Columbia River ESU)","White Salmon River - spring Chinook salmon",2018,6.86932082772039
"Lower Columbia Chinook","Salmon, Chinook (Lower Columbia River ESU)","White Salmon River - spring Chinook salmon",2019,3.00871365372147
"Lower Columbia Chinook","Salmon, Chinook (Lower Columbia River ESU)","White Salmon River - spring Chinook salmon",2020,1.25264062772051
"Lower Columbia Chinook","Salmon, Chinook (Lower Columbia River ESU)","White Salmon River - spring Chinook salmon",2021,1.04841722987463
"Lower Columbia Chinook","Salmon, Chinook (Lower Columbia River ESU)","White Salmon River - spring Chinook salmon",2022,0.986804778780352
"Lower Columbia Chinook","Salmon, Chinook (Lower Columbia River ESU)","White Salmon River - spring Chinook salmon",2023,1.0178620221508
"Lower Columbia Chinook","Salmon, Chinook (Lower Columbia River ESU)","White Salmon River - spring Chinook salmon",2024,1.03073423989401
"Lower Columbia Chinook","Salmon, Chinook (Lower Columbia River ESU)","White Salmon River - spring Chinook salmon",2025,0.966644074774042
"Lower Columbia Chinook","Salmon, Chinook (Lower Columbia River ESU)","White Salmon River - spring Chinook salmon",2026,0.81862726769445
"Puget Sound Chinook","Salmon, Chinook (Puget Sound ESU)","Cascade River - spring Chinook salmon",1999,131.311143459278
"Puget Sound Chinook","Salmon, Chinook (Puget Sound ESU)","Cascade River - spring Chinook salmon",2000,261.723668317065
"Puget Sound Chinook","Salmon, Chinook (Puget Sound ESU)","Cascade River - spring Chinook salmon",2001,414.110223502679
"Puget Sound Chinook","Salmon, Chinook (Puget Sound ESU)","Cascade River - spring Chinook salmon",2002,367.938651503322
"Puget Sound Chinook","Salmon, Chinook (Puget Sound ESU)","Cascade River - spring Chinook salmon",2003,327.553115979926
"Puget Sound Chinook","Salmon, Chinook (Puget Sound ESU)","Cascade River - spring Chinook salmon",2004,382.738569793537
"Puget Sound Chinook","Salmon, Chinook (Puget Sound ESU)","Cascade River - spring Chinook salmon",2005,388.900145770289
"Puget Sound Chinook","Salmon, Chinook (Puget Sound ESU)","Cascade River - spring Chinook salmon",2006,410.1551091141
"Puget Sound Chinook","Salmon, Chinook (Puget Sound ESU)","Cascade River - spring Chinook salmon",2007,265.656507174996
"Puget Sound Chinook","Salmon, Chinook (Puget Sound ESU)","Cascade River - spring Chinook salmon",2008,317.648097120518
"Puget Sound Chinook","Salmon, Chinook (Puget Sound ESU)","Cascade River - spring Chinook salmon",2009,298.542955104441
"Puget Sound Chinook","Salmon, Chinook (Puget Sound ESU)","Cascade River - spring Chinook salmon",2010,297.799091611616
"Puget Sound Chinook","Salmon, Chinook (Puget Sound ESU)","Cascade River - spring Chinook salmon",2011,275.16444087222
"Puget Sound Chinook","Salmon, Chinook (Puget Sound ESU)","Cascade River - spring Chinook salmon",2012,390.822779559449
"Puget Sound Chinook","Salmon, Chinook (Puget Sound ESU)","Cascade River - spring Chinook salmon",2013,301.648410404173
"Puget Sound Chinook","Salmon, Chinook (Puget Sound ESU)","Cascade River - spring Chinook salmon",2014,226.861894510179
"Puget Sound Chinook","Salmon, Chinook (Puget Sound ESU)","Cascade River - spring Chinook salmon",2015,230.892603375481
"Puget Sound Chinook","Salmon, Chinook (Puget Sound ESU)","Cascade River - spring Chinook salmon",2016,290.159075368562
"Puget Sound Chinook","Salmon, Chinook (Puget Sound ESU)","Cascade River - spring Chinook salmon",2017,277.422496700151
"Puget Sound Chinook","Salmon, Chinook (Puget Sound ESU)","Cascade River - spring Chinook salmon",2018,167.407267368369
"Puget Sound Chinook","Salmon, Chinook (Puget Sound ESU)","Cascade River - spring Chinook salmon",2019,156.158481668894
"Puget Sound Chinook","Salmon, Chinook (Puget Sound ESU)","Cascade River - spring Chinook salmon",2020,144.224920548576
"Puget Sound Chinook","Salmon, Chinook (Puget Sound ESU)","Cascade River - spring Chinook salmon",2021,176.819924417228
"Puget Sound Chinook","Salmon, Chinook (Puget Sound ESU)","Cascade River - spring Chinook salmon",2022,316.870954464854
"Puget Sound Chinook","Salmon, Chinook (Puget Sound ESU)","Cascade River - spring Chinook salmon",2023,299.910099987823
"Puget Sound Chinook","Salmon, Chinook (Puget Sound ESU)","Cascade River - spring Chinook salmon",2024,289.172489464708
"Puget Sound Chinook","Salmon, Chinook (Puget Sound ESU)","Cascade River - spring Chinook salmon",2025,258.670138598513
"Puget Sound Chinook","Salmon, Chinook (Puget Sound ESU)","Cascade River - spring Chinook salmon",2026,265.946035511776
"Puget Sound Chinook","Salmon, Chinook (Puget Sound ESU)","Cedar River - fall Chinook salmon",1999,501.312824743944
"Puget Sound Chinook","Salmon, Chinook (Puget Sound ESU)","Cedar River - fall Chinook salmon",2000,641.480248790994
"Puget Sound Chinook","Salmon, Chinook (Puget Sound ESU)","Cedar River - fall Chinook salmon",2001,744.611479864551
"Puget Sound Chinook","Salmon, Chinook (Puget Sound ESU)","Cedar River - fall Chinook salmon",2002,777.872753412133
"Puget Sound Chinook","Salmon, Chinook (Puget Sound ESU)","Cedar River - fall Chinook salmon",2003,767.680918868229
"Puget Sound Chinook","Salmon, Chinook (Puget Sound ESU)","Cedar River - fall Chinook salmon",2004,840.155816168319
"Puget Sound Chinook","Salmon, Chinook (Puget Sound ESU)","Cedar River - fall Chinook salmon",2005,808.169659299176
"Puget Sound Chinook","Salmon, Chinook (Puget Sound ESU)","Cedar River - fall Chinook salmon",2006,1066.32830852458
"Puget Sound Chinook","Salmon, Chinook (Puget Sound ESU)","Cedar River - fall Chinook salmon",2007,1172.73182073523
"Puget Sound Chinook","Salmon, Chinook (Puget Sound ESU)","Cedar River - fall Chinook salmon",2008,1114.59451846909
"Puget Sound Chinook","Salmon, Chinook (Puget Sound ESU)","Cedar River - fall Chinook salmon",2009,718.352499429769
"Puget Sound Chinook","Salmon, Chinook (Puget Sound ESU)","Cedar River - fall Chinook salmon",2010,672.684491965715
"Puget Sound Chinook","Salmon, Chinook (Puget Sound ESU)","Cedar River - fall Chinook salmon",2011,690.002134678787
"Puget Sound Chinook","Salmon, Chinook (Puget Sound ESU)","Cedar River - fall Chinook salmon",2012,874.292747970789
"Puget Sound Chinook","Salmon, Chinook (Puget Sound ESU)","Cedar River - fall Chinook salmon",2013,893.269476586844
"Puget Sound Chinook","Salmon, Chinook (Puget Sound ESU)","Cedar River - fall Chinook salmon",2014,603.582872059412
"Puget Sound Chinook","Salmon, Chinook (Puget Sound ESU)","Cedar River - fall Chinook salmon",2015,823.696194866101
"Puget Sound Chinook","Salmon, Chinook (Puget Sound ESU)","Cedar River - fall Chinook salmon",2016,826.655136327877
"Puget Sound Chinook","Salmon, Chinook (Puget Sound ESU)","Cedar River - fall Chinook salmon",2017,949.918928330982
"Puget Sound Chinook","Salmon, Chinook (Puget Sound ESU)","Cedar River - fall Chinook salmon",2018,664.543561816615
"Puget Sound Chinook","Salmon, Chinook (Puget Sound ESU)","Cedar River - fall Chinook salmon",2019,531.51023773251
"Puget Sound Chinook","Salmon, Chinook (Puget Sound ESU)","Cedar River - fall Chinook salmon",2020,442.875884757588
"Puget Sound Chinook","Salmon, Chinook (Puget Sound ESU)","Cedar River - fall Chinook salmon",2021,523.072703829547
"Puget Sound Chinook","Salmon, Chinook (Puget Sound ESU)","Cedar River - fall Chinook salmon",2022,577.913924392013
"Puget Sound Chinook","Salmon, Chinook (Puget Sound ESU)","Cedar River - fall Chinook salmon",2023,470.348961547314
"Puget Sound Chinook","Salmon, Chinook (Puget Sound ESU)","Cedar River - fall Chinook salmon",2024,450.508974222243
"Puget Sound Chinook","Salmon, Chinook (Puget Sound ESU)","Cedar River - fall Chinook salmon",2025,482.845082145383
"Puget Sound Chinook","Salmon, Chinook (Puget Sound ESU)","Cedar River - fall Chinook salmon",2026,486.346244059749
"Puget Sound Chinook","Salmon, Chinook (Puget Sound ESU)","Dungeness River - summer Chinook salmon",1999,46.6991510847339
"Puget Sound Chinook","Salmon, Chinook (Puget Sound ESU)","Dungeness River - summer Chinook salmon",2000,47.5324122883274
"Puget Sound Chinook","Salmon, Chinook (Puget Sound ESU)","Dungeness River - summer Chinook salmon",2001,42.1773516220002
"Puget Sound Chinook","Salmon, Chinook (Puget Sound ESU)","Dungeness River - summer Chinook salmon",2002,86.8904640535527
"Puget Sound Chinook","Salmon, Chinook (Puget Sound ESU)","Dungeness River - summer Chinook salmon",2003,117.302029506999
"Puget Sound Chinook","Salmon, Chinook (Puget Sound ESU)","Dungeness River - summer Chinook salmon",2004,168.091160699718
"Puget Sound Chinook","Salmon, Chinook (Puget Sound ESU)","Dungeness River - summer Chinook salmon",2005,203.562443038513
"Puget Sound Chinook","Salmon, Chinook (Puget Sound ESU)","Dungeness River - summer Chinook salmon",2006,212.788640806712
"Puget Sound Chinook","Salmon, Chinook (Puget Sound ESU)","Dungeness River - summer Chinook salmon",2007,140.982739832919
"Puget Sound Chinook","Salmon, Chinook (Puget Sound ESU)","Dungeness River - summer Chinook salmon",2008,107.305262119394
"Puget Sound Chinook","Salmon, Chinook (Puget Sound ESU)","Dungeness River - summer Chinook salmon",2009,75.27458310875
"Puget Sound Chinook","Salmon, Chinook (Puget Sound ESU)","Dungeness River - summer Chinook salmon",2010,77.5654570200393
"Puget Sound Chinook","Salmon, Chinook (Puget Sound ESU)","Dungeness River - summer Chinook salmon",2011,85.1215555521968
"Puget Sound Chinook","Salmon, Chinook (Puget Sound ESU)","Dungeness River - summer Chinook salmon",2012,113.530338781552
"Puget Sound Chinook","Salmon, Chinook (Puget Sound ESU)","Dungeness River - summer Chinook salmon",2013,63.6437382242422
"Puget Sound Chinook","Salmon, Chinook (Puget Sound ESU)","Dungeness River - summer Chinook salmon",2014,44.3273193895924
"Puget Sound Chinook","Salmon, Chinook (Puget Sound ESU)","Dungeness River - summer Chinook salmon",2015,69.6984338547681
"Puget Sound Chinook","Salmon, Chinook (Puget Sound ESU)","Dungeness River - summer Chinook salmon",2016,117.935378310173
"Puget Sound Chinook","Salmon, Chinook (Puget Sound ESU)","Dungeness River - summer Chinook salmon",2017,137.520463615012
"Puget Sound Chinook","Salmon, Chinook (Puget Sound ESU)","Dungeness River - summer Chinook salmon",2018,136.192554197224
"Puget Sound Chinook","Salmon, Chinook (Puget Sound ESU)","Dungeness River - summer Chinook salmon",2019,170.633764794526
"Puget Sound Chinook","Salmon, Chinook (Puget Sound ESU)","Dungeness River - summer Chinook salmon",2020,236.155828470438
"Puget Sound Chinook","Salmon, Chinook (Puget Sound ESU)","Dungeness River - summer Chinook salmon",2021,271.792993377072
"Puget Sound Chinook","Salmon, Chinook (Puget Sound ESU)","Dungeness River - summer Chinook salmon",2022,293.370877990007
"Puget Sound Chinook","Salmon, Chinook (Puget Sound ESU)","Dungeness River - summer Chinook salmon",2023,267.828141806478
"Puget Sound Chinook","Salmon, Chinook (Puget Sound ESU)","Dungeness River - summer Chinook salmon",2024,301.402748954863
"Puget Sound Chinook","Salmon, Chinook (Puget Sound ESU)","Dungeness River - summer Chinook salmon",2025,169.326935157971
"Puget Sound Chinook","Salmon, Chinook (Puget Sound ESU)","Dungeness River - summer Chinook salmon",2026,179.544702469443
"Puget Sound Chinook","Salmon, Chinook (Puget Sound ESU)","Elwha River - fall Chinook salmon",1999,20.4908341873773
"Puget Sound Chinook","Salmon, Chinook (Puget Sound ESU)","Elwha River - fall Chinook salmon",2000,22.8718262970123
"Puget Sound Chinook","Salmon, Chinook (Puget Sound ESU)","Elwha River - fall Chinook salmon",2001,23.8596529648231
"Puget Sound Chinook","Salmon, Chinook (Puget Sound ESU)","Elwha River - fall Chinook salmon",2002,23.7647023785307
"Puget Sound Chinook","Salmon, Chinook (Puget Sound ESU)","Elwha River - fall Chinook salmon",2003,23.680251641219
"Puget Sound Chinook","Salmon, Chinook (Puget Sound ESU)","Elwha River - fall Chinook salmon",2004,27.006733854021
"Puget Sound Chinook","Salmon, Chinook (Puget Sound ESU)","Elwha River - fall Chinook salmon",2005,28.3454606775109
"Puget Sound Chinook","Salmon, Chinook (Puget Sound ESU)","Elwha River - fall Chinook salmon",2006,27.8920952491404
"Puget Sound Chinook","Salmon, Chinook (Puget Sound ESU)","Elwha River - fall Chinook salmon",2007,24.1722961097637
"Puget Sound Chinook","Salmon, Chinook (Puget Sound ESU)","Elwha River - fall Chinook salmon",2008,24.3969241609705
"Puget Sound Chinook","Salmon, Chinook (Puget Sound ESU)","Elwha River - fall Chinook salmon",2009,21.1967112086597
"Puget Sound Chinook","Salmon, Chinook (Puget Sound ESU)","Elwha River - fall Chinook salmon",2010,30.4422605876492
"Puget Sound Chinook","Salmon, Chinook (Puget Sound ESU)","Elwha River - fall Chinook salmon",2011,37.1837419016157
"Puget Sound Chinook","Salmon, Chinook (Puget Sound ESU)","Elwha River - fall Chinook salmon",2012,80.1217869847289
"Puget Sound Chinook","Salmon, Chinook (Puget Sound ESU)","Elwha River - fall Chinook salmon",2013,97.736240380268
"Puget Sound Chinook","Salmon, Chinook (Puget Sound ESU)","Elwha River - fall Chinook salmon",2014,112.528442490187
"Puget Sound Chinook","Salmon, Chinook (Puget Sound ESU)","Elwha River - fall Chinook salmon",2015,132.569456453859
"Puget Sound Chinook","Salmon, Chinook (Puget Sound ESU)","Elwha River - fall Chinook salmon",2016,139.765862852904
"Puget Sound Chinook","Salmon, Chinook (Puget Sound ESU)","Elwha River - fall Chinook salmon",2017,153.167727536578
"Puget Sound Chinook","Salmon, Chinook (Puget Sound ESU)","Elwha River - fall Chinook salmon",2018,198.464548371704
"Puget Sound Chinook","Salmon, Chinook (Puget Sound ESU)","Elwha River - fall Chinook salmon",2019,286.444913555355
"Puget Sound Chinook","Salmon, Chinook (Puget Sound ESU)","Elwha River - fall Chinook salmon",2020,319.306237792078
"Puget Sound Chinook","Salmon, Chinook (Puget Sound ESU)","Elwha River - fall Chinook salmon",2021,269.047489130796
"Puget Sound Chinook","Salmon, Chinook (Puget Sound ESU)","Elwha River - fall Chinook salmon",2022,387.387494542535
"Puget Sound Chinook","Salmon, Chinook (Puget Sound ESU)","Elwha River - fall Chinook salmon",2023,425.455354378749
"Puget Sound Chinook","Salmon, Chinook (Puget Sound ESU)","Elwha River - fall Chinook salmon",2024,468.50231328798
"Puget Sound Chinook","Salmon, Chinook (Puget Sound ESU)","Elwha River - fall Chinook salmon",2025,381.06437776063
"Puget Sound Chinook","Salmon, Chinook (Puget Sound ESU)","Elwha River - fall Chinook salmon",2026,436.047869451195
"Puget Sound Chinook","Salmon, Chinook (Puget Sound ESU)","Green River - fall Chinook salmon",1999,734.268517420812
"Puget Sound Chinook","Salmon, Chinook (Puget Sound ESU)","Green River - fall Chinook salmon",2000,1115.99404654698
"Puget Sound Chinook","Salmon, Chinook (Puget Sound ESU)","Green River - fall Chinook salmon",2001,1379.87703636045
"Puget Sound Chinook","Salmon, Chinook (Puget Sound ESU)","Green River - fall Chinook salmon",2002,1440.86303543428
"Puget Sound Chinook","Salmon, Chinook (Puget Sound ESU)","Green River - fall Chinook salmon",2003,1362.94912390944
"Puget Sound Chinook","Salmon, Chinook (Puget Sound ESU)","Green River - fall Chinook salmon",2004,1812.9727447829
"Puget Sound Chinook","Salmon, Chinook (Puget Sound ESU)","Green River - fall Chinook salmon",2005,1575.3408890038
"Puget Sound Chinook","Salmon, Chinook (Puget Sound ESU)","Green River - fall Chinook salmon",2006,2119.97832128874
"Puget Sound Chinook","Salmon, Chinook (Puget Sound ESU)","Green River - fall Chinook salmon",2007,1481.84986628339
"Puget Sound Chinook","Salmon, Chinook (Puget Sound ESU)","Green River - fall Chinook salmon",2008,1588.67447157601
"Puget Sound Chinook","Salmon, Chinook (Puget Sound ESU)","Green River - fall Chinook salmon",2009,527.345586422311
"Puget Sound Chinook","Salmon, Chinook (Puget Sound ESU)","Green River - fall Chinook salmon",2010,664.426415931636
"Puget Sound Chinook","Salmon, Chinook (Puget Sound ESU)","Green River - fall Chinook salmon",2011,616.375176813838
"Puget Sound Chinook","Salmon, Chinook (Puget Sound ESU)","Green River - fall Chinook salmon",2012,1141.93523976626
"Puget Sound Chinook","Salmon, Chinook (Puget Sound ESU)","Green River - fall Chinook salmon",2013,835.796094450561
"Puget Sound Chinook","Salmon, Chinook (Puget Sound ESU)","Green River - fall Chinook salmon",2014,760.594209953616
"Puget Sound Chinook","Salmon, Chinook (Puget Sound ESU)","Green River - fall Chinook salmon",2015,1051.6152463987
"Puget Sound Chinook","Salmon, Chinook (Puget Sound ESU)","Green River - fall Chinook salmon",2016,1855.55228558648
"Puget Sound Chinook","Salmon, Chinook (Puget Sound ESU)","Green River - fall Chinook salmon",2017,1989.01712984686
"Puget Sound Chinook","Salmon, Chinook (Puget Sound ESU)","Green River - fall Chinook salmon",2018,1677.70681856534
"Puget Sound Chinook","Salmon, Chinook (Puget Sound ESU)","Green River - fall Chinook salmon",2019,1351.6007871467
"Puget Sound Chinook","Salmon, Chinook (Puget Sound ESU)","Green River - fall Chinook salmon",2020,1619.09768207957
"Puget Sound Chinook","Salmon, Chinook (Puget Sound ESU)","Green River - fall Chinook salmon",2021,1399.83322012927
"Puget Sound Chinook","Salmon, Chinook (Puget Sound ESU)","Green River - fall Chinook salmon",2022,1721.23454862827
"Puget Sound Chinook","Salmon, Chinook (Puget Sound ESU)","Green River - fall Chinook salmon",2023,971.372956764997
"Puget Sound Chinook","Salmon, Chinook (Puget Sound ESU)","Green River - fall Chinook salmon",2024,1370.46013227986
"Puget Sound Chinook","Salmon, Chinook (Puget Sound ESU)","Green River - fall Chinook salmon",2025,820.993149802156
"Puget Sound Chinook","Salmon, Chinook (Puget Sound ESU)","Green River - fall Chinook salmon",2026,839.101811702422
"Puget Sound Chinook","Salmon, Chinook (Puget Sound ESU)","Lower Sauk River - summer Chinook salmon",1999,343.941136336618
"Puget Sound Chinook","Salmon, Chinook (Puget Sound ESU)","Lower Sauk River - summer Chinook salmon",2000,603.219149201302
"Puget Sound Chinook","Salmon, Chinook (Puget Sound ESU)","Lower Sauk River - summer Chinook salmon",2001,918.779527316821
"Puget Sound Chinook","Salmon, Chinook (Puget Sound ESU)","Lower Sauk River - summer Chinook salmon",2002,923.322738038891
"Puget Sound Chinook","Salmon, Chinook (Puget Sound ESU)","Lower Sauk River - summer Chinook salmon",2003,891.786778913366
"Puget Sound Chinook","Salmon, Chinook (Puget Sound ESU)","Lower Sauk River - summer Chinook salmon",2004,733.431158444489
"Puget Sound Chinook","Salmon, Chinook (Puget Sound ESU)","Lower Sauk River - summer Chinook salmon",2005,771.229569076411
"Puget Sound Chinook","Salmon, Chinook (Puget Sound ESU)","Lower Sauk River - summer Chinook salmon",2006,828.456836897648
"Puget Sound Chinook","Salmon, Chinook (Puget Sound ESU)","Lower Sauk River - summer Chinook salmon",2007,460.651078065161
"Puget Sound Chinook","Salmon, Chinook (Puget Sound ESU)","Lower Sauk River - summer Chinook salmon",2008,512.620571919079
"Puget Sound Chinook","Salmon, Chinook (Puget Sound ESU)","Lower Sauk River - summer Chinook salmon",2009,313.246983719888
"Puget Sound Chinook","Salmon, Chinook (Puget Sound ESU)","Lower Sauk River - summer Chinook salmon",2010,337.33226492406
"Puget Sound Chinook","Salmon, Chinook (Puget Sound ESU)","Lower Sauk River - summer Chinook salmon",2011,311.427913964069
"Puget Sound Chinook","Salmon, Chinook (Puget Sound ESU)","Lower Sauk River - summer Chinook salmon",2012,582.808717829445
"Puget Sound Chinook","Salmon, Chinook (Puget Sound ESU)","Lower Sauk River - summer Chinook salmon",2013,498.624889505214
"Puget Sound Chinook","Salmon, Chinook (Puget Sound ESU)","Lower Sauk River - summer Chinook salmon",2014,397.785871211964
"Puget Sound Chinook","Salmon, Chinook (Puget Sound ESU)","Lower Sauk River - summer Chinook salmon",2015,487.658275152183
"Puget Sound Chinook","Salmon, Chinook (Puget Sound ESU)","Lower Sauk River - summer Chinook salmon",2016,778.453834298689
"Puget Sound Chinook","Salmon, Chinook (Puget Sound ESU)","Lower Sauk River - summer Chinook salmon",2017,770.42415133897
"Puget Sound Chinook","Salmon, Chinook (Puget Sound ESU)","Lower Sauk River - summer Chinook salmon",2018,440.934684782983
"Puget Sound Chinook","Salmon, Chinook (Puget Sound ESU)","Lower Sauk River - summer Chinook salmon",2019,350.487561567074
"Puget Sound Chinook","Salmon, Chinook (Puget Sound ESU)","Lower Sauk River - summer Chinook salmon",2020,369.859987662466
"Puget Sound Chinook","Salmon, Chinook (Puget Sound ESU)","Lower Sauk River - summer Chinook salmon",2021,352.472787809236
"Puget Sound Chinook","Salmon, Chinook (Puget Sound ESU)","Lower Sauk River - summer Chinook salmon",2022,615.469829822274
"Puget Sound Chinook","Salmon, Chinook (Puget Sound ESU)","Lower Sauk River - summer Chinook salmon",2023,526.337073593122
"Puget Sound Chinook","Salmon, Chinook (Puget Sound ESU)","Lower Sauk River - summer Chinook salmon",2024,580.076548519478
"Puget Sound Chinook","Salmon, Chinook (Puget Sound ESU)","Lower Sauk River - summer Chinook salmon",2025,458.472559732759
"Puget Sound Chinook","Salmon, Chinook (Puget Sound ESU)","Lower Sauk River - summer Chinook salmon",2026,467.294255302675
"Puget Sound Chinook","Salmon, Chinook (Puget Sound ESU)","Lower Skagit River - fall Chinook salmon",1999,1284.14404620801
"Puget Sound Chinook","Salmon, Chinook (Puget Sound ESU)","Lower Skagit River - fall Chinook salmon",2000,2420.2008777955
"Puget Sound Chinook","Salmon, Chinook (Puget Sound ESU)","Lower Skagit River - fall Chinook salmon",2001,2938.7541842196
"Puget Sound Chinook","Salmon, Chinook (Puget Sound ESU)","Lower Skagit River - fall Chinook salmon",2002,3152.50604157027
"Puget Sound Chinook","Salmon, Chinook (Puget Sound ESU)","Lower Skagit River - fall Chinook salmon",2003,2071.99549629308
"Puget Sound Chinook","Salmon, Chinook (Puget Sound ESU)","Lower Skagit River - fall Chinook salmon",2004,2743.55740710824
"Puget Sound Chinook","Salmon, Chinook (Puget Sound ESU)","Lower Skagit River - fall Chinook salmon",2005,2803.39567273933
"Puget Sound Chinook","Salmon, Chinook (Puget Sound ESU)","Lower Skagit River - fall Chinook salmon",2006,2841.17878722835
"Puget Sound Chinook","Salmon, Chinook (Puget Sound ESU)","Lower Skagit River - fall Chinook salmon",2007,1565.95918511647
"Puget Sound Chinook","Salmon, Chinook (Puget Sound ESU)","Lower Skagit River - fall Chinook salmon",2008,2077.78851680357
"Puget Sound Chinook","Salmon, Chinook (Puget Sound ESU)","Lower Skagit River - fall Chinook salmon",2009,1363.48566952665
"Puget Sound Chinook","Salmon, Chinook (Puget Sound ESU)","Lower Skagit River - fall Chinook salmon",2010,1250.33733258113
"Puget Sound Chinook","Salmon, Chinook (Puget Sound ESU)","Lower Skagit River - fall Chinook salmon",2011,1160.53734959244
"Puget Sound Chinook","Salmon, Chinook (Puget Sound ESU)","Lower Skagit River - fall Chinook salmon",2012,2315.04474934875
"Puget Sound Chinook","Salmon, Chinook (Puget Sound ESU)","Lower Skagit River - fall Chinook salmon",2013,1897.89381088772
"Puget Sound Chinook","Salmon, Chinook (Puget Sound ESU)","Lower Skagit River - fall Chinook salmon",2014,1705.76389007942
"Puget Sound Chinook","Salmon, Chinook (Puget Sound ESU)","Lower Skagit River - fall Chinook salmon",2015,2139.38272915962
"Puget Sound Chinook","Salmon, Chinook (Puget Sound ESU)","Lower Skagit River - fall Chinook salmon",2016,2862.02646412339
"Puget Sound Chinook","Salmon, Chinook (Puget Sound ESU)","Lower Skagit River - fall Chinook salmon",2017,2899.12153482395
"Puget Sound Chinook","Salmon, Chinook (Puget Sound ESU)","Lower Skagit River - fall Chinook salmon",2018,1756.01728250803
"Puget Sound Chinook","Salmon, Chinook (Puget Sound ESU)","Lower Skagit River - fall Chinook salmon",2019,1302.81293025264
"Puget Sound Chinook","Salmon, Chinook (Puget Sound ESU)","Lower Skagit River - fall Chinook salmon",2020,1110.24571208374
"Puget Sound Chinook","Salmon, Chinook (Puget Sound ESU)","Lower Skagit River - fall Chinook salmon",2021,1212.93743599598
"Puget Sound Chinook","Salmon, Chinook (Puget Sound ESU)","Lower Skagit River - fall Chinook salmon",2022,2657.08960370993
"Puget Sound Chinook","Salmon, Chinook (Puget Sound ESU)","Lower Skagit River - fall Chinook salmon",2023,2230.91739939767
"Puget Sound Chinook","Salmon, Chinook (Puget Sound ESU)","Lower Skagit River - fall Chinook salmon",2024,2126.46016100963
"Puget Sound Chinook","Salmon, Chinook (Puget Sound ESU)","Lower Skagit River - fall Chinook salmon",2025,1928.92363663549
"Puget Sound Chinook","Salmon, Chinook (Puget Sound ESU)","Lower Skagit River - fall Chinook salmon",2026,1958.23668395767
"Puget Sound Chinook","Salmon, Chinook (Puget Sound ESU)","Nisqually River - fall Chinook salmon",1999,386.921234602918
"Puget Sound Chinook","Salmon, Chinook (Puget Sound ESU)","Nisqually River - fall Chinook salmon",2000,427.591052677136
"Puget Sound Chinook","Salmon, Chinook (Puget Sound ESU)","Nisqually River - fall Chinook salmon",2001,463.764231772804
"Puget Sound Chinook","Salmon, Chinook (Puget Sound ESU)","Nisqually River - fall Chinook salmon",2002,463.542009481719
"Puget Sound Chinook","Salmon, Chinook (Puget Sound ESU)","Nisqually River - fall Chinook salmon",2003,433.897779141429
"Puget Sound Chinook","Salmon, Chinook (Puget Sound ESU)","Nisqually River - fall Chinook salmon",2004,417.804537718335
"Puget Sound Chinook","Salmon, Chinook (Puget Sound ESU)","Nisqually River - fall Chinook salmon",2005,511.213080905405
"Puget Sound Chinook","Salmon, Chinook (Puget Sound ESU)","Nisqually River - fall Chinook salmon",2006,457.358911546054
"Puget Sound Chinook","Salmon, Chinook (Puget Sound ESU)","Nisqually River - fall Chinook salmon",2007,550.147696433064
"Puget Sound Chinook","Salmon, Chinook (Puget Sound ESU)","Nisqually River - fall Chinook salmon",2008,648.901860644351
"Puget Sound Chinook","Salmon, Chinook (Puget Sound ESU)","Nisqually River - fall Chinook salmon",2009,377.740133483054
"Puget Sound Chinook","Salmon, Chinook (Puget Sound ESU)","Nisqually River - fall Chinook salmon",2010,428.157458529926
"Puget Sound Chinook","Salmon, Chinook (Puget Sound ESU)","Nisqually River - fall Chinook salmon",2011,403.171687137123
"Puget Sound Chinook","Salmon, Chinook (Puget Sound ESU)","Nisqually River - fall Chinook salmon",2012,572.792029892547
"Puget Sound Chinook","Salmon, Chinook (Puget Sound ESU)","Nisqually River - fall Chinook salmon",2013,609.225874259756
"Puget Sound Chinook","Salmon, Chinook (Puget Sound ESU)","Nisqually River - fall Chinook salmon",2014,570.704869567428
"Puget Sound Chinook","Salmon, Chinook (Puget Sound ESU)","Nisqually River - fall Chinook salmon",2015,679.836112393535
"Puget Sound Chinook","Salmon, Chinook (Puget Sound ESU)","Nisqually River - fall Chinook salmon",2016,768.344507060918
"Puget Sound Chinook","Salmon, Chinook (Puget Sound ESU)","Nisqually River - fall Chinook salmon",2017,832.965431334279
"Puget Sound Chinook","Salmon, Chinook (Puget Sound ESU)","Nisqually River - fall Chinook salmon",2018,546.1112369551
"Puget Sound Chinook","Salmon, Chinook (Puget Sound ESU)","Nisqually River - fall Chinook salmon",2019,436.986378030212
"Puget Sound Chinook","Salmon, Chinook (Puget Sound ESU)","Nisqually River - fall Chinook salmon",2020,478.564768894783
"Puget Sound Chinook","Salmon, Chinook (Puget Sound ESU)","Nisqually River - fall Chinook salmon",2021,532.824502191096
"Puget Sound Chinook","Salmon, Chinook (Puget Sound ESU)","Nisqually River - fall Chinook salmon",2022,658.216887924365
"Puget Sound Chinook","Salmon, Chinook (Puget Sound ESU)","Nisqually River - fall Chinook salmon",2023,747.430108024923
"Puget Sound Chinook","Salmon, Chinook (Puget Sound ESU)","Nisqually River - fall Chinook salmon",2024,797.760086262782
"Puget Sound Chinook","Salmon, Chinook (Puget Sound ESU)","Nisqually River - fall Chinook salmon",2025,767.467000935845
"Puget Sound Chinook","Salmon, Chinook (Puget Sound ESU)","Nisqually River - fall Chinook salmon",2026,786.195248587759
"Puget Sound Chinook","Salmon, Chinook (Puget Sound ESU)","North Fork Nooksack River (including Middle Fork Nooksack River) - spring Chinook salmon",1999,98.8889562929238
"Puget Sound Chinook","Salmon, Chinook (Puget Sound ESU)","North Fork Nooksack River (including Middle Fork Nooksack River) - spring Chinook salmon",2000,160.259234526767
"Puget Sound Chinook","Salmon, Chinook (Puget Sound ESU)","North Fork Nooksack River (including Middle Fork Nooksack River) - spring Chinook salmon",2001,219.864335833658
"Puget Sound Chinook","Salmon, Chinook (Puget Sound ESU)","North Fork Nooksack River (including Middle Fork Nooksack River) - spring Chinook salmon",2002,235.12637794911
"Puget Sound Chinook","Salmon, Chinook (Puget Sound ESU)","North Fork Nooksack River (including Middle Fork Nooksack River) - spring Chinook salmon",2003,223.454554986856
"Puget Sound Chinook","Salmon, Chinook (Puget Sound ESU)","North Fork Nooksack River (including Middle Fork Nooksack River) - spring Chinook salmon",2004,261.51502266192
"Puget Sound Chinook","Salmon, Chinook (Puget Sound ESU)","North Fork Nooksack River (including Middle Fork Nooksack River) - spring Chinook salmon",2005,244.449064175261
"Puget Sound Chinook","Salmon, Chinook (Puget Sound ESU)","North Fork Nooksack River (including Middle Fork Nooksack River) - spring Chinook salmon",2006,276.576340267131
"Puget Sound Chinook","Salmon, Chinook (Puget Sound ESU)","North Fork Nooksack River (including Middle Fork Nooksack River) - spring Chinook salmon",2007,270.509848168576
"Puget Sound Chinook","Salmon, Chinook (Puget Sound ESU)","North Fork Nooksack River (including Middle Fork Nooksack River) - spring Chinook salmon",2008,287.568172152165
"Puget Sound Chinook","Salmon, Chinook (Puget Sound ESU)","North Fork Nooksack River (including Middle Fork Nooksack River) - spring Chinook salmon",2009,230.618803363537
"Puget Sound Chinook","Salmon, Chinook (Puget Sound ESU)","North Fork Nooksack River (including Middle Fork Nooksack River) - spring Chinook salmon",2010,191.572748619156
"Puget Sound Chinook","Salmon, Chinook (Puget Sound ESU)","North Fork Nooksack River (including Middle Fork Nooksack River) - spring Chinook salmon",2011,143.59362579168
"Puget Sound Chinook","Salmon, Chinook (Puget Sound ESU)","North Fork Nooksack River (including Middle Fork Nooksack River) - spring Chinook salmon",2012,190.894096115752
"Puget Sound Chinook","Salmon, Chinook (Puget Sound ESU)","North Fork Nooksack River (including Middle Fork Nooksack River) - spring Chinook salmon",2013,136.794203735525
"Puget Sound Chinook","Salmon, Chinook (Puget Sound ESU)","North Fork Nooksack River (including Middle Fork Nooksack River) - spring Chinook salmon",2014,123.170613996933
"Puget Sound Chinook","Salmon, Chinook (Puget Sound ESU)","North Fork Nooksack River (including Middle Fork Nooksack River) - spring Chinook salmon",2015,190.314458798361
"Puget Sound Chinook","Salmon, Chinook (Puget Sound ESU)","North Fork Nooksack River (including Middle Fork Nooksack River) - spring Chinook salmon",2016,155.595295537365
"Puget Sound Chinook","Salmon, Chinook (Puget Sound ESU)","North Fork Nooksack River (including Middle Fork Nooksack River) - spring Chinook salmon",2017,102.456611207222
"Puget Sound Chinook","Salmon, Chinook (Puget Sound ESU)","North Fork Nooksack River (including Middle Fork Nooksack River) - spring Chinook salmon",2018,60.3668491005586
"Puget Sound Chinook","Salmon, Chinook (Puget Sound ESU)","North Fork Nooksack River (including Middle Fork Nooksack River) - spring Chinook salmon",2019,43.3356243153588
"Puget Sound Chinook","Salmon, Chinook (Puget Sound ESU)","North Fork Nooksack River (including Middle Fork Nooksack River) - spring Chinook salmon",2020,42.9917339194433
"Puget Sound Chinook","Salmon, Chinook (Puget Sound ESU)","North Fork Nooksack River (including Middle Fork Nooksack River) - spring Chinook salmon",2021,51.6768934108413
"Puget Sound Chinook","Salmon, Chinook (Puget Sound ESU)","North Fork Nooksack River (including Middle Fork Nooksack River) - spring Chinook salmon",2022,64.872784424743
"Puget Sound Chinook","Salmon, Chinook (Puget Sound ESU)","North Fork Nooksack River (including Middle Fork Nooksack River) - spring Chinook salmon",2023,89.9907167972915
"Puget Sound Chinook","Salmon, Chinook (Puget Sound ESU)","North Fork Nooksack River (including Middle Fork Nooksack River) - spring Chinook salmon",2024,99.1751914461423
"Puget Sound Chinook","Salmon, Chinook (Puget Sound ESU)","North Fork Nooksack River (including Middle Fork Nooksack River) - spring Chinook salmon",2025,108.419900131405
"Puget Sound Chinook","Salmon, Chinook (Puget Sound ESU)","North Fork Nooksack River (including Middle Fork Nooksack River) - spring Chinook salmon",2026,107.932674011177
"Puget Sound Chinook","Salmon, Chinook (Puget Sound ESU)","North Fork Stillaguamish River - summer Chinook salmon",1999,488.279545732366
"Puget Sound Chinook","Salmon, Chinook (Puget Sound ESU)","North Fork Stillaguamish River - summer Chinook salmon",2000,930.532505783096
"Puget Sound Chinook","Salmon, Chinook (Puget Sound ESU)","North Fork Stillaguamish River - summer Chinook salmon",2001,1036.2166013568
"Puget Sound Chinook","Salmon, Chinook (Puget Sound ESU)","North Fork Stillaguamish River - summer Chinook salmon",2002,958.530755543297
"Puget Sound Chinook","Salmon, Chinook (Puget Sound ESU)","North Fork Stillaguamish River - summer Chinook salmon",2003,749.00607811229
"Puget Sound Chinook","Salmon, Chinook (Puget Sound ESU)","North Fork Stillaguamish River - summer Chinook salmon",2004,880.138426789046
"Puget Sound Chinook","Salmon, Chinook (Puget Sound ESU)","North Fork Stillaguamish River - summer Chinook salmon",2005,602.778008993925
"Puget Sound Chinook","Salmon, Chinook (Puget Sound ESU)","North Fork Stillaguamish River - summer Chinook salmon",2006,598.437316192021
"Puget Sound Chinook","Salmon, Chinook (Puget Sound ESU)","North Fork Stillaguamish River - summer Chinook salmon",2007,341.508111127769
"Puget Sound Chinook","Salmon, Chinook (Puget Sound ESU)","North Fork Stillaguamish River - summer Chinook salmon",2008,523.543684784778
"Puget Sound Chinook","Salmon, Chinook (Puget Sound ESU)","North Fork Stillaguamish River - summer Chinook salmon",2009,389.194125339264
"Puget Sound Chinook","Salmon, Chinook (Puget Sound ESU)","North Fork Stillaguamish River - summer Chinook salmon",2010,347.59123276456
"Puget Sound Chinook","Salmon, Chinook (Puget Sound ESU)","North Fork Stillaguamish River - summer Chinook salmon",2011,440.431291457561
"Puget Sound Chinook","Salmon, Chinook (Puget Sound ESU)","North Fork Stillaguamish River - summer Chinook salmon",2012,644.415769255432
"Puget Sound Chinook","Salmon, Chinook (Puget Sound ESU)","North Fork Stillaguamish River - summer Chinook salmon",2013,450.780071663271
"Puget Sound Chinook","Salmon, Chinook (Puget Sound ESU)","North Fork Stillaguamish River - summer Chinook salmon",2014,237.503829354375
"Puget Sound Chinook","Salmon, Chinook (Puget Sound ESU)","North Fork Stillaguamish River - summer Chinook salmon",2015,362.823821096236
"Puget Sound Chinook","Salmon, Chinook (Puget Sound ESU)","North Fork Stillaguamish River - summer Chinook salmon",2016,509.925310000023
"Puget Sound Chinook","Salmon, Chinook (Puget Sound ESU)","North Fork Stillaguamish River - summer Chinook salmon",2017,438.639976379332
"Puget Sound Chinook","Salmon, Chinook (Puget Sound ESU)","North Fork Stillaguamish River - summer Chinook salmon",2018,246.088683710696
"Puget Sound Chinook","Salmon, Chinook (Puget Sound ESU)","North Fork Stillaguamish River - summer Chinook salmon",2019,225.988585186433
"Puget Sound Chinook","Salmon, Chinook (Puget Sound ESU)","North Fork Stillaguamish River - summer Chinook salmon",2020,309.004612023875
"Puget Sound Chinook","Salmon, Chinook (Puget Sound ESU)","North Fork Stillaguamish River - summer Chinook salmon",2021,459.058556481772
"Puget Sound Chinook","Salmon, Chinook (Puget Sound ESU)","North Fork Stillaguamish River - summer Chinook salmon",2022,605.79650794743
"Puget Sound Chinook","Salmon, Chinook (Puget Sound ESU)","North Fork Stillaguamish River - summer Chinook salmon",2023,434.705829940364
"Puget Sound Chinook","Salmon, Chinook (Puget Sound ESU)","North Fork Stillaguamish River - summer Chinook salmon",2024,566.307746080172
"Puget Sound Chinook","Salmon, Chinook (Puget Sound ESU)","North Fork Stillaguamish River - summer Chinook salmon",2025,574.392841520648
"Puget Sound Chinook","Salmon, Chinook (Puget Sound ESU)","North Fork Stillaguamish River - summer Chinook salmon",2026,580.900907287893
"Puget Sound Chinook","Salmon, Chinook (Puget Sound ESU)","Skokomish River - fall Chinook salmon",1999,256.584022602457
"Puget Sound Chinook","Salmon, Chinook (Puget Sound ESU)","Skokomish River - fall Chinook salmon",2000,277.267852335166
"Puget Sound Chinook","Salmon, Chinook (Puget Sound ESU)","Skokomish River - fall Chinook salmon",2001,290.247287085309
"Puget Sound Chinook","Salmon, Chinook (Puget Sound ESU)","Skokomish River - fall Chinook salmon",2002,617.349163336803
"Puget Sound Chinook","Salmon, Chinook (Puget Sound ESU)","Skokomish River - fall Chinook salmon",2003,621.963030162558
"Puget Sound Chinook","Salmon, Chinook (Puget Sound ESU)","Skokomish River - fall Chinook salmon",2004,587.906489244755
"Puget Sound Chinook","Salmon, Chinook (Puget Sound ESU)","Skokomish River - fall Chinook salmon",2005,515.215245141295
"Puget Sound Chinook","Salmon, Chinook (Puget Sound ESU)","Skokomish River - fall Chinook salmon",2006,477.674513715341
"Puget Sound Chinook","Salmon, Chinook (Puget Sound ESU)","Skokomish River - fall Chinook salmon",2007,368.481456407184
"Puget Sound Chinook","Salmon, Chinook (Puget Sound ESU)","Skokomish River - fall Chinook salmon",2008,320.832013844362
"Puget Sound Chinook","Salmon, Chinook (Puget Sound ESU)","Skokomish River - fall Chinook salmon",2009,242.807703782051
"Puget Sound Chinook","Salmon, Chinook (Puget Sound ESU)","Skokomish River - fall Chinook salmon",2010,243.008081620002
"Puget Sound Chinook","Salmon, Chinook (Puget Sound ESU)","Skokomish River - fall Chinook salmon",2011,208.066034760007
"Puget Sound Chinook","Salmon, Chinook (Puget Sound ESU)","Skokomish River - fall Chinook salmon",2012,248.714203290323
"Puget Sound Chinook","Salmon, Chinook (Puget Sound ESU)","Skokomish River - fall Chinook salmon",2013,217.841483285348
"Puget Sound Chinook","Salmon, Chinook (Puget Sound ESU)","Skokomish River - fall Chinook salmon",2014,177.744746265829
"Puget Sound Chinook","Salmon, Chinook (Puget Sound ESU)","Skokomish River - fall Chinook salmon",2015,177.821446641081
"Puget Sound Chinook","Salmon, Chinook (Puget Sound ESU)","Skokomish River - fall Chinook salmon",2016,226.654354643581
"Puget Sound Chinook","Salmon, Chinook (Puget Sound ESU)","Skokomish River - fall Chinook salmon",2017,247.33266412082
"Puget Sound Chinook","Salmon, Chinook (Puget Sound ESU)","Skokomish River - fall Chinook salmon",2018,120.723027566592
"Puget Sound Chinook","Salmon, Chinook (Puget Sound ESU)","Skokomish River - fall Chinook salmon",2019,133.133301871672
"Puget Sound Chinook","Salmon, Chinook (Puget Sound ESU)","Skokomish River - fall Chinook salmon",2020,95.0631893225184
"Puget Sound Chinook","Salmon, Chinook (Puget Sound ESU)","Skokomish River - fall Chinook salmon",2021,191.218090480903
"Puget Sound Chinook","Salmon, Chinook (Puget Sound ESU)","Skokomish River - fall Chinook salmon",2022,427.064058565472
"Puget Sound Chinook","Salmon, Chinook (Puget Sound ESU)","Skokomish River - fall Chinook salmon",2023,472.656804413096
"Puget Sound Chinook","Salmon, Chinook (Puget Sound ESU)","Skokomish River - fall Chinook salmon",2024,366.384380295672
"Puget Sound Chinook","Salmon, Chinook (Puget Sound ESU)","Skokomish River - fall Chinook salmon",2025,296.584946032242
"Puget Sound Chinook","Salmon, Chinook (Puget Sound ESU)","Skokomish River - fall Chinook salmon",2026,299.298052086843
"Puget Sound Chinook","Salmon, Chinook (Puget Sound ESU)","Skykomish River - summer Chinook salmon",1999,1338.44133306354
"Puget Sound Chinook","Salmon, Chinook (Puget Sound ESU)","Skykomish River - summer Chinook salmon",2000,2004.73845681577
"Puget Sound Chinook","Salmon, Chinook (Puget Sound ESU)","Skykomish River - summer Chinook salmon",2001,2757.96224671399
"Puget Sound Chinook","Salmon, Chinook (Puget Sound ESU)","Skykomish River - summer Chinook salmon",2002,2723.22784794569
"Puget Sound Chinook","Salmon, Chinook (Puget Sound ESU)","Skykomish River - summer Chinook salmon",2003,2552.27350032632
"Puget Sound Chinook","Salmon, Chinook (Puget Sound ESU)","Skykomish River - summer Chinook salmon",2004,3018.55920732585
"Puget Sound Chinook","Salmon, Chinook (Puget Sound ESU)","Skykomish River - summer Chinook salmon",2005,2955.95215608775
"Puget Sound Chinook","Salmon, Chinook (Puget Sound ESU)","Skykomish River - summer Chinook salmon",2006,3489.92124446273
"Puget Sound Chinook","Salmon, Chinook (Puget Sound ESU)","Skykomish River - summer Chinook salmon",2007,2138.02338436022
"Puget Sound Chinook","Salmon, Chinook (Puget Sound ESU)","Skykomish River - summer Chinook salmon",2008,2839.59327387076
"Puget Sound Chinook","Salmon, Chinook (Puget Sound ESU)","Skykomish River - summer Chinook salmon",2009,1510.62078295531
"Puget Sound Chinook","Salmon, Chinook (Puget Sound ESU)","Skykomish River - summer Chinook salmon",2010,1584.4488224685
"Puget Sound Chinook","Salmon, Chinook (Puget Sound ESU)","Skykomish River - summer Chinook salmon",2011,1284.85593689247
"Puget Sound Chinook","Salmon, Chinook (Puget Sound ESU)","Skykomish River - summer Chinook salmon",2012,2148.23226555986
"Puget Sound Chinook","Salmon, Chinook (Puget Sound ESU)","Skykomish River - summer Chinook salmon",2013,1840.1633563569
"Puget Sound Chinook","Salmon, Chinook (Puget Sound ESU)","Skykomish River - summer Chinook salmon",2014,1537.84829362025
"Puget Sound Chinook","Salmon, Chinook (Puget Sound ESU)","Skykomish River - summer Chinook salmon",2015,1775.20676014303
"Puget Sound Chinook","Salmon, Chinook (Puget Sound ESU)","Skykomish River - summer Chinook salmon",2016,2367.39172091016
"Puget Sound Chinook","Salmon, Chinook (Puget Sound ESU)","Skykomish River - summer Chinook salmon",2017,2429.42523824832
"Puget Sound Chinook","Salmon, Chinook (Puget Sound ESU)","Skykomish River - summer Chinook salmon",2018,1723.19436139979
"Puget Sound Chinook","Salmon, Chinook (Puget Sound ESU)","Skykomish River - summer Chinook salmon",2019,1114.98697593849
"Puget Sound Chinook","Salmon, Chinook (Puget Sound ESU)","Skykomish River - summer Chinook salmon",2020,1499.89121073738
"Puget Sound Chinook","Salmon, Chinook (Puget Sound ESU)","Skykomish River - summer Chinook salmon",2021,1548.10624866532
"Puget Sound Chinook","Salmon, Chinook (Puget Sound ESU)","Skykomish River - summer Chinook salmon",2022,2184.13444757783
"Puget Sound Chinook","Salmon, Chinook (Puget Sound ESU)","Skykomish River - summer Chinook salmon",2023,1573.00993650945
"Puget Sound Chinook","Salmon, Chinook (Puget Sound ESU)","Skykomish River - summer Chinook salmon",2024,2103.59248891405
"Puget Sound Chinook","Salmon, Chinook (Puget Sound ESU)","Skykomish River - summer Chinook salmon",2025,1504.94995488414
"Puget Sound Chinook","Salmon, Chinook (Puget Sound ESU)","Skykomish River - summer Chinook salmon",2026,1534.81003733966
"Puget Sound Chinook","Salmon, Chinook (Puget Sound ESU)","Snoqualmie River - fall Chinook salmon",1999,972.235311727489
"Puget Sound Chinook","Salmon, Chinook (Puget Sound ESU)","Snoqualmie River - fall Chinook salmon",2000,1434.66710180533
"Puget Sound Chinook","Salmon, Chinook (Puget Sound ESU)","Snoqualmie River - fall Chinook salmon",2001,2096.62940059868
"Puget Sound Chinook","Salmon, Chinook (Puget Sound ESU)","Snoqualmie River - fall Chinook salmon",2002,1795.51838723966
"Puget Sound Chinook","Salmon, Chinook (Puget Sound ESU)","Snoqualmie River - fall Chinook salmon",2003,1521.41303854562
"Puget Sound Chinook","Salmon, Chinook (Puget Sound ESU)","Snoqualmie River - fall Chinook salmon",2004,1522.06596423067
"Puget Sound Chinook","Salmon, Chinook (Puget Sound ESU)","Snoqualmie River - fall Chinook salmon",2005,1332.03385979884
"Puget Sound Chinook","Salmon, Chinook (Puget Sound ESU)","Snoqualmie River - fall Chinook salmon",2006,1682.77013798281
"Puget Sound Chinook","Salmon, Chinook (Puget Sound ESU)","Snoqualmie River - fall Chinook salmon",2007,1259.28832291461
"Puget Sound Chinook","Salmon, Chinook (Puget Sound ESU)","Snoqualmie River - fall Chinook salmon",2008,1521.55116518511
"Puget Sound Chinook","Salmon, Chinook (Puget Sound ESU)","Snoqualmie River - fall Chinook salmon",2009,899.349585129706
"Puget Sound Chinook","Salmon, Chinook (Puget Sound ESU)","Snoqualmie River - fall Chinook salmon",2010,987.462377095682
"Puget Sound Chinook","Salmon, Chinook (Puget Sound ESU)","Snoqualmie River - fall Chinook salmon",2011,705.957718528796
"Puget Sound Chinook","Salmon, Chinook (Puget Sound ESU)","Snoqualmie River - fall Chinook salmon",2012,935.60718119499
"Puget Sound Chinook","Salmon, Chinook (Puget Sound ESU)","Snoqualmie River - fall Chinook salmon",2013,802.688771815446
"Puget Sound Chinook","Salmon, Chinook (Puget Sound ESU)","Snoqualmie River - fall Chinook salmon",2014,708.613247052519
"Puget Sound Chinook","Salmon, Chinook (Puget Sound ESU)","Snoqualmie River - fall Chinook salmon",2015,785.810840419212
"Puget Sound Chinook","Salmon, Chinook (Puget Sound ESU)","Snoqualmie River - fall Chinook salmon",2016,1032.29202633865
"Puget Sound Chinook","Salmon, Chinook (Puget Sound ESU)","Snoqualmie River - fall Chinook salmon",2017,1092.44093343035
"Puget Sound Chinook","Salmon, Chinook (Puget Sound ESU)","Snoqualmie River - fall Chinook salmon",2018,782.48406016159
"Puget Sound Chinook","Salmon, Chinook (Puget Sound ESU)","Snoqualmie River - fall Chinook salmon",2019,582.819306824655
"Puget Sound Chinook","Salmon, Chinook (Puget Sound ESU)","Snoqualmie River - fall Chinook salmon",2020,674.452859427739
"Puget Sound Chinook","Salmon, Chinook (Puget Sound ESU)","Snoqualmie River - fall Chinook salmon",2021,653.568188775062
"Puget Sound Chinook","Salmon, Chinook (Puget Sound ESU)","Snoqualmie River - fall Chinook salmon",2022,800.774712216224
"Puget Sound Chinook","Salmon, Chinook (Puget Sound ESU)","Snoqualmie River - fall Chinook salmon",2023,621.399747251915
"Puget Sound Chinook","Salmon, Chinook (Puget Sound ESU)","Snoqualmie River - fall Chinook salmon",2024,859.664781251545
"Puget Sound Chinook","Salmon, Chinook (Puget Sound ESU)","Snoqualmie River - fall Chinook salmon",2025,644.660240163265
"Puget Sound Chinook","Salmon, Chinook (Puget Sound ESU)","Snoqualmie River - fall Chinook salmon",2026,646.910175491229
"Puget Sound Chinook","Salmon, Chinook (Puget Sound ESU)","South Fork Nooksack River - spring Chinook salmon",1999,42.8239955121766
"Puget Sound Chinook","Salmon, Chinook (Puget Sound ESU)","South Fork Nooksack River - spring Chinook salmon",2000,81.4702418339826
"Puget Sound Chinook","Salmon, Chinook (Puget Sound ESU)","South Fork Nooksack River - spring Chinook salmon",2001,107.315288971197
"Puget Sound Chinook","Salmon, Chinook (Puget Sound ESU)","South Fork Nooksack River - spring Chinook salmon",2002,94.2394584926218
"Puget Sound Chinook","Salmon, Chinook (Puget Sound ESU)","South Fork Nooksack River - spring Chinook salmon",2003,61.1392800452185
"Puget Sound Chinook","Salmon, Chinook (Puget Sound ESU)","South Fork Nooksack River - spring Chinook salmon",2004,44.1175618805375
"Puget Sound Chinook","Salmon, Chinook (Puget Sound ESU)","South Fork Nooksack River - spring Chinook salmon",2005,35.2084981562066
"Puget Sound Chinook","Salmon, Chinook (Puget Sound ESU)","South Fork Nooksack River - spring Chinook salmon",2006,49.0898316675798
"Puget Sound Chinook","Salmon, Chinook (Puget Sound ESU)","South Fork Nooksack River - spring Chinook salmon",2007,34.8844050330413
"Puget Sound Chinook","Salmon, Chinook (Puget Sound ESU)","South Fork Nooksack River - spring Chinook salmon",2008,53.5663460576143
"Puget Sound Chinook","Salmon, Chinook (Puget Sound ESU)","South Fork Nooksack River - spring Chinook salmon",2009,38.8385685831625
"Puget Sound Chinook","Salmon, Chinook (Puget Sound ESU)","South Fork Nooksack River - spring Chinook salmon",2010,34.7503300222368
"Puget Sound Chinook","Salmon, Chinook (Puget Sound ESU)","South Fork Nooksack River - spring Chinook salmon",2011,49.0781493500141
"Puget Sound Chinook","Salmon, Chinook (Puget Sound ESU)","South Fork Nooksack River - spring Chinook salmon",2012,58.1473075367036
"Puget Sound Chinook","Salmon, Chinook (Puget Sound ESU)","South Fork Nooksack River - spring Chinook salmon",2013,27.5029832892686
"Puget Sound Chinook","Salmon, Chinook (Puget Sound ESU)","South Fork Nooksack River - spring Chinook salmon",2014,22.5942109386031
"Puget Sound Chinook","Salmon, Chinook (Puget Sound ESU)","South Fork Nooksack River - spring Chinook salmon",2015,26.1947649194064
"Puget Sound Chinook","Salmon, Chinook (Puget Sound ESU)","South Fork Nooksack River - spring Chinook salmon",2016,79.4018436834212
"Puget Sound Chinook","Salmon, Chinook (Puget Sound ESU)","South Fork Nooksack River - spring Chinook salmon",2017,68.0826557238409
"Puget Sound Chinook","Salmon, Chinook (Puget Sound ESU)","South Fork Nooksack River - spring Chinook salmon",2018,46.802205691286
"Puget Sound Chinook","Salmon, Chinook (Puget Sound ESU)","South Fork Nooksack River - spring Chinook salmon",2019,42.6600820585645
"Puget Sound Chinook","Salmon, Chinook (Puget Sound ESU)","South Fork Nooksack River - spring Chinook salmon",2020,50.9981184062168
"Puget Sound Chinook","Salmon, Chinook (Puget Sound ESU)","South Fork Nooksack River - spring Chinook salmon",2021,57.2064510715799
"Puget Sound Chinook","Salmon, Chinook (Puget Sound ESU)","South Fork Nooksack River - spring Chinook salmon",2022,73.0155981912444
"Puget Sound Chinook","Salmon, Chinook (Puget Sound ESU)","South Fork Nooksack River - spring Chinook salmon",2023,57.7142121289913
"Puget Sound Chinook","Salmon, Chinook (Puget Sound ESU)","South Fork Nooksack River - spring Chinook salmon",2024,68.2628080066737
"Puget Sound Chinook","Salmon, Chinook (Puget Sound ESU)","South Fork Nooksack River - spring Chinook salmon",2025,62.1339486697332
"Puget Sound Chinook","Salmon, Chinook (Puget Sound ESU)","South Fork Nooksack River - spring Chinook salmon",2026,64.0513693170617
"Puget Sound Chinook","Salmon, Chinook (Puget Sound ESU)","South Fork Stillaguamish River - fall Chinook salmon",1999,98.1489447347301
"Puget Sound Chinook","Salmon, Chinook (Puget Sound ESU)","South Fork Stillaguamish River - fall Chinook salmon",2000,196.444011564548
"Puget Sound Chinook","Salmon, Chinook (Puget Sound ESU)","South Fork Stillaguamish River - fall Chinook salmon",2001,240.429985861516
"Puget Sound Chinook","Salmon, Chinook (Puget Sound ESU)","South Fork Stillaguamish River - fall Chinook salmon",2002,200.329513784141
"Puget Sound Chinook","Salmon, Chinook (Puget Sound ESU)","South Fork Stillaguamish River - fall Chinook salmon",2003,112.87796038555
"Puget Sound Chinook","Salmon, Chinook (Puget Sound ESU)","South Fork Stillaguamish River - fall Chinook salmon",2004,123.810666954746
"Puget Sound Chinook","Salmon, Chinook (Puget Sound ESU)","South Fork Stillaguamish River - fall Chinook salmon",2005,72.8401276002353
"Puget Sound Chinook","Salmon, Chinook (Puget Sound ESU)","South Fork Stillaguamish River - fall Chinook salmon",2006,82.6485812041075
"Puget Sound Chinook","Salmon, Chinook (Puget Sound ESU)","South Fork Stillaguamish River - fall Chinook salmon",2007,32.62138828633
"Puget Sound Chinook","Salmon, Chinook (Puget Sound ESU)","South Fork Stillaguamish River - fall Chinook salmon",2008,59.6330776588367
"Puget Sound Chinook","Salmon, Chinook (Puget Sound ESU)","South Fork Stillaguamish River - fall Chinook salmon",2009,24.5357980274293
"Puget Sound Chinook","Salmon, Chinook (Puget Sound ESU)","South Fork Stillaguamish River - fall Chinook salmon",2010,20.2072698365975
"Puget Sound Chinook","Salmon, Chinook (Puget Sound ESU)","South Fork Stillaguamish River - fall Chinook salmon",2011,36.027950275516
"Puget Sound Chinook","Salmon, Chinook (Puget Sound ESU)","South Fork Stillaguamish River - fall Chinook salmon",2012,73.9347590331964
"Puget Sound Chinook","Salmon, Chinook (Puget Sound ESU)","South Fork Stillaguamish River - fall Chinook salmon",2013,44.3450023733686
"Puget Sound Chinook","Salmon, Chinook (Puget Sound ESU)","South Fork Stillaguamish River - fall Chinook salmon",2014,17.7110360238292
"Puget Sound Chinook","Salmon, Chinook (Puget Sound ESU)","South Fork Stillaguamish River - fall Chinook salmon",2015,45.110703674397
"Puget Sound Chinook","Salmon, Chinook (Puget Sound ESU)","South Fork Stillaguamish River - fall Chinook salmon",2016,71.4246365056326
"Puget Sound Chinook","Salmon, Chinook (Puget Sound ESU)","South Fork Stillaguamish River - fall Chinook salmon",2017,53.736167173403
"Puget Sound Chinook","Salmon, Chinook (Puget Sound ESU)","South Fork Stillaguamish River - fall Chinook salmon",2018,22.8100271127594
"Puget Sound Chinook","Salmon, Chinook (Puget Sound ESU)","South Fork Stillaguamish River - fall Chinook salmon",2019,22.0864784208901
"Puget Sound Chinook","Salmon, Chinook (Puget Sound ESU)","South Fork Stillaguamish River - fall Chinook salmon",2020,33.8272417861002
"Puget Sound Chinook","Salmon, Chinook (Puget Sound ESU)","South Fork Stillaguamish River - fall Chinook salmon",2021,56.4909115489305
"Puget Sound Chinook","Salmon, Chinook (Puget Sound ESU)","South Fork Stillaguamish River - fall Chinook salmon",2022,97.8888244313144
"Puget Sound Chinook","Salmon, Chinook (Puget Sound ESU)","South Fork Stillaguamish River - fall Chinook salmon",2023,56.3691003042512
"Puget Sound Chinook","Salmon, Chinook (Puget Sound ESU)","South Fork Stillaguamish River - fall Chinook salmon",2024,110.93282820996
"Puget Sound Chinook","Salmon, Chinook (Puget Sound ESU)","South Fork Stillaguamish River - fall Chinook salmon",2025,111.823027986397
"Puget Sound Chinook","Salmon, Chinook (Puget Sound ESU)","South Fork Stillaguamish River - fall Chinook salmon",2026,113.465452672282
"Puget Sound Chinook","Salmon, Chinook (Puget Sound ESU)","Suiattle River - spring Chinook salmon",1999,241.358711438463
"Puget Sound Chinook","Salmon, Chinook (Puget Sound ESU)","Suiattle River - spring Chinook salmon",2000,365.151629580748
"Puget Sound Chinook","Salmon, Chinook (Puget Sound ESU)","Suiattle River - spring Chinook salmon",2001,479.498115928314
"Puget Sound Chinook","Salmon, Chinook (Puget Sound ESU)","Suiattle River - spring Chinook salmon",2002,356.555413754627
"Puget Sound Chinook","Salmon, Chinook (Puget Sound ESU)","Suiattle River - spring Chinook salmon",2003,351.438090955952
"Puget Sound Chinook","Salmon, Chinook (Puget Sound ESU)","Suiattle River - spring Chinook salmon",2004,424.598532196967
"Puget Sound Chinook","Salmon, Chinook (Puget Sound ESU)","Suiattle River - spring Chinook salmon",2005,406.750720517679
"Puget Sound Chinook","Salmon, Chinook (Puget Sound ESU)","Suiattle River - spring Chinook salmon",2006,341.841583251731
"Puget Sound Chinook","Salmon, Chinook (Puget Sound ESU)","Suiattle River - spring Chinook salmon",2007,185.271715116275
"Puget Sound Chinook","Salmon, Chinook (Puget Sound ESU)","Suiattle River - spring Chinook salmon",2008,235.357701285065
"Puget Sound Chinook","Salmon, Chinook (Puget Sound ESU)","Suiattle River - spring Chinook salmon",2009,238.209631406208
"Puget Sound Chinook","Salmon, Chinook (Puget Sound ESU)","Suiattle River - spring Chinook salmon",2010,260.605157188658
"Puget Sound Chinook","Salmon, Chinook (Puget Sound ESU)","Suiattle River - spring Chinook salmon",2011,262.042700845626
"Puget Sound Chinook","Salmon, Chinook (Puget Sound ESU)","Suiattle River - spring Chinook salmon",2012,442.505982404035
"Puget Sound Chinook","Salmon, Chinook (Puget Sound ESU)","Suiattle River - spring Chinook salmon",2013,504.23662790118
"Puget Sound Chinook","Salmon, Chinook (Puget Sound ESU)","Suiattle River - spring Chinook salmon",2014,457.959889592335
"Puget Sound Chinook","Salmon, Chinook (Puget Sound ESU)","Suiattle River - spring Chinook salmon",2015,497.647973671836
"Puget Sound Chinook","Salmon, Chinook (Puget Sound ESU)","Suiattle River - spring Chinook salmon",2016,643.0215613914
"Puget Sound Chinook","Salmon, Chinook (Puget Sound ESU)","Suiattle River - spring Chinook salmon",2017,708.168531125531
"Puget Sound Chinook","Salmon, Chinook (Puget Sound ESU)","Suiattle River - spring Chinook salmon",2018,562.4644352083
"Puget Sound Chinook","Salmon, Chinook (Puget Sound ESU)","Suiattle River - spring Chinook salmon",2019,436.274845912305
"Puget Sound Chinook","Salmon, Chinook (Puget Sound ESU)","Suiattle River - spring Chinook salmon",2020,433.837967068475
"Puget Sound Chinook","Salmon, Chinook (Puget Sound ESU)","Suiattle River - spring Chinook salmon",2021,428.69142939677
"Puget Sound Chinook","Salmon, Chinook (Puget Sound ESU)","Suiattle River - spring Chinook salmon",2022,528.723001260963
"Puget Sound Chinook","Salmon, Chinook (Puget Sound ESU)","Suiattle River - spring Chinook salmon",2023,425.286781106228
"Puget Sound Chinook","Salmon, Chinook (Puget Sound ESU)","Suiattle River - spring Chinook salmon",2024,510.867713658762
"Puget Sound Chinook","Salmon, Chinook (Puget Sound ESU)","Suiattle River - spring Chinook salmon",2025,400.208644599642
"Puget Sound Chinook","Salmon, Chinook (Puget Sound ESU)","Suiattle River - spring Chinook salmon",2026,410.239873149402
"Puget Sound Chinook","Salmon, Chinook (Puget Sound ESU)","Upper Sauk River - spring Chinook salmon",1999,241.000570544698
"Puget Sound Chinook","Salmon, Chinook (Puget Sound ESU)","Upper Sauk River - spring Chinook salmon",2000,374.789763775881
"Puget Sound Chinook","Salmon, Chinook (Puget Sound ESU)","Upper Sauk River - spring Chinook salmon",2001,489.476461242091
"Puget Sound Chinook","Salmon, Chinook (Puget Sound ESU)","Upper Sauk River - spring Chinook salmon",2002,424.171978570773
"Puget Sound Chinook","Salmon, Chinook (Puget Sound ESU)","Upper Sauk River - spring Chinook salmon",2003,335.566718151444
"Puget Sound Chinook","Salmon, Chinook (Puget Sound ESU)","Upper Sauk River - spring Chinook salmon",2004,502.617954862111
"Puget Sound Chinook","Salmon, Chinook (Puget Sound ESU)","Upper Sauk River - spring Chinook salmon",2005,465.598074284191
"Puget Sound Chinook","Salmon, Chinook (Puget Sound ESU)","Upper Sauk River - spring Chinook salmon",2006,664.525234175356
"Puget Sound Chinook","Salmon, Chinook (Puget Sound ESU)","Upper Sauk River - spring Chinook salmon",2007,438.311917307296
"Puget Sound Chinook","Salmon, Chinook (Puget Sound ESU)","Upper Sauk River - spring Chinook salmon",2008,681.46341674805
"Puget Sound Chinook","Salmon, Chinook (Puget Sound ESU)","Upper Sauk River - spring Chinook salmon",2009,465.143084765274
"Puget Sound Chinook","Salmon, Chinook (Puget Sound ESU)","Upper Sauk River - spring Chinook salmon",2010,578.930257785596
"Puget Sound Chinook","Salmon, Chinook (Puget Sound ESU)","Upper Sauk River - spring Chinook salmon",2011,546.126975071596
"Puget Sound Chinook","Salmon, Chinook (Puget Sound ESU)","Upper Sauk River - spring Chinook salmon",2012,1107.6432231496
"Puget Sound Chinook","Salmon, Chinook (Puget Sound ESU)","Upper Sauk River - spring Chinook salmon",2013,1005.1946914281
"Puget Sound Chinook","Salmon, Chinook (Puget Sound ESU)","Upper Sauk River - spring Chinook salmon",2014,854.116023011502
"Puget Sound Chinook","Salmon, Chinook (Puget Sound ESU)","Upper Sauk River - spring Chinook salmon",2015,936.36542707306
"Puget Sound Chinook","Salmon, Chinook (Puget Sound ESU)","Upper Sauk River - spring Chinook salmon",2016,1342.91126785547
"Puget Sound Chinook","Salmon, Chinook (Puget Sound ESU)","Upper Sauk River - spring Chinook salmon",2017,1477.64883854511
"Puget Sound Chinook","Salmon, Chinook (Puget Sound ESU)","Upper Sauk River - spring Chinook salmon",2018,1176.53613586846
"Puget Sound Chinook","Salmon, Chinook (Puget Sound ESU)","Upper Sauk River - spring Chinook salmon",2019,809.578302330163
"Puget Sound Chinook","Salmon, Chinook (Puget Sound ESU)","Upper Sauk River - spring Chinook salmon",2020,954.863749451641
"Puget Sound Chinook","Salmon, Chinook (Puget Sound ESU)","Upper Sauk River - spring Chinook salmon",2021,1022.01331342307
"Puget Sound Chinook","Salmon, Chinook (Puget Sound ESU)","Upper Sauk River - spring Chinook salmon",2022,1423.47720733777
"Puget Sound Chinook","Salmon, Chinook (Puget Sound ESU)","Upper Sauk River - spring Chinook salmon",2023,813.881964429601
"Puget Sound Chinook","Salmon, Chinook (Puget Sound ESU)","Upper Sauk River - spring Chinook salmon",2024,1042.8155482137
"Puget Sound Chinook","Salmon, Chinook (Puget Sound ESU)","Upper Sauk River - spring Chinook salmon",2025,738.781194434906
"Puget Sound Chinook","Salmon, Chinook (Puget Sound ESU)","Upper Sauk River - spring Chinook salmon",2026,787.830624889936
"Puget Sound Chinook","Salmon, Chinook (Puget Sound ESU)","Upper Skagit River - summer Chinook salmon",1999,5246.17035539782
"Puget Sound Chinook","Salmon, Chinook (Puget Sound ESU)","Upper Skagit River - summer Chinook salmon",2000,9382.93176535978
"Puget Sound Chinook","Salmon, Chinook (Puget Sound ESU)","Upper Skagit River - summer Chinook salmon",2001,10823.6400840908
"Puget Sound Chinook","Salmon, Chinook (Puget Sound ESU)","Upper Skagit River - summer Chinook salmon",2002,11592.7641059713
"Puget Sound Chinook","Salmon, Chinook (Puget Sound ESU)","Upper Skagit River - summer Chinook salmon",2003,10145.6073717554
"Puget Sound Chinook","Salmon, Chinook (Puget Sound ESU)","Upper Skagit River - summer Chinook salmon",2004,14798.8843577586
"Puget Sound Chinook","Salmon, Chinook (Puget Sound ESU)","Upper Skagit River - summer Chinook salmon",2005,14587.4160183678
"Puget Sound Chinook","Salmon, Chinook (Puget Sound ESU)","Upper Skagit River - summer Chinook salmon",2006,14350.1783731556
"Puget Sound Chinook","Salmon, Chinook (Puget Sound ESU)","Upper Skagit River - summer Chinook salmon",2007,9574.22926084873
"Puget Sound Chinook","Salmon, Chinook (Puget Sound ESU)","Upper Skagit River - summer Chinook salmon",2008,8898.494060726
"Puget Sound Chinook","Salmon, Chinook (Puget Sound ESU)","Upper Skagit River - summer Chinook salmon",2009,6208.32242231684
"Puget Sound Chinook","Salmon, Chinook (Puget Sound ESU)","Upper Skagit River - summer Chinook salmon",2010,6381.67875717386
"Puget Sound Chinook","Salmon, Chinook (Puget Sound ESU)","Upper Skagit River - summer Chinook salmon",2011,5825.56882247345
"Puget Sound Chinook","Salmon, Chinook (Puget Sound ESU)","Upper Skagit River - summer Chinook salmon",2012,9261.32141673623
"Puget Sound Chinook","Salmon, Chinook (Puget Sound ESU)","Upper Skagit River - summer Chinook salmon",2013,8732.870348458
"Puget Sound Chinook","Salmon, Chinook (Puget Sound ESU)","Upper Skagit River - summer Chinook salmon",2014,8156.24571106616
"Puget Sound Chinook","Salmon, Chinook (Puget Sound ESU)","Upper Skagit River - summer Chinook salmon",2015,10001.2843810791
"Puget Sound Chinook","Salmon, Chinook (Puget Sound ESU)","Upper Skagit River - summer Chinook salmon",2016,12091.8486130544
"Puget Sound Chinook","Salmon, Chinook (Puget Sound ESU)","Upper Skagit River - summer Chinook salmon",2017,10197.3046393188
"Puget Sound Chinook","Salmon, Chinook (Puget Sound ESU)","Upper Skagit River - summer Chinook salmon",2018,8864.74045330368
"Puget Sound Chinook","Salmon, Chinook (Puget Sound ESU)","Upper Skagit River - summer Chinook salmon",2019,8695.89259515737
"Puget Sound Chinook","Salmon, Chinook (Puget Sound ESU)","Upper Skagit River - summer Chinook salmon",2020,8774.8328696221
"Puget Sound Chinook","Salmon, Chinook (Puget Sound ESU)","Upper Skagit River - summer Chinook salmon",2021,7900.08692214126
"Puget Sound Chinook","Salmon, Chinook (Puget Sound ESU)","Upper Skagit River - summer Chinook salmon",2022,10684.0858195251
"Puget Sound Chinook","Salmon, Chinook (Puget Sound ESU)","Upper Skagit River - summer Chinook salmon",2023,8939.87012394364
"Puget Sound Chinook","Salmon, Chinook (Puget Sound ESU)","Upper Skagit River - summer Chinook salmon",2024,9492.7388219942
"Puget Sound Chinook","Salmon, Chinook (Puget Sound ESU)","Upper Skagit River - summer Chinook salmon",2025,8003.22494631461
"Puget Sound Chinook","Salmon, Chinook (Puget Sound ESU)","Upper Skagit River - summer Chinook salmon",2026,8159.75527593188
"Puget Sound Chinook","Salmon, Chinook (Puget Sound ESU)","White River - spring Chinook salmon",1999,597.68689149801
"Puget Sound Chinook","Salmon, Chinook (Puget Sound ESU)","White River - spring Chinook salmon",2000,799.367920538175
"Puget Sound Chinook","Salmon, Chinook (Puget Sound ESU)","White River - spring Chinook salmon",2001,945.271613383944
"Puget Sound Chinook","Salmon, Chinook (Puget Sound ESU)","White River - spring Chinook salmon",2002,717.529020041559
"Puget Sound Chinook","Salmon, Chinook (Puget Sound ESU)","White River - spring Chinook salmon",2003,817.749336728957
"Puget Sound Chinook","Salmon, Chinook (Puget Sound ESU)","White River - spring Chinook salmon",2004,1030.94300342123
"Puget Sound Chinook","Salmon, Chinook (Puget Sound ESU)","White River - spring Chinook salmon",2005,916.439582250706
"Puget Sound Chinook","Salmon, Chinook (Puget Sound ESU)","White River - spring Chinook salmon",2006,1029.80519181223
"Puget Sound Chinook","Salmon, Chinook (Puget Sound ESU)","White River - spring Chinook salmon",2007,724.308444555045
"Puget Sound Chinook","Salmon, Chinook (Puget Sound ESU)","White River - spring Chinook salmon",2008,651.392356740487
"Puget Sound Chinook","Salmon, Chinook (Puget Sound ESU)","White River - spring Chinook salmon",2009,387.1498178822
"Puget Sound Chinook","Salmon, Chinook (Puget Sound ESU)","White River - spring Chinook salmon",2010,378.885948981049
"Puget Sound Chinook","Salmon, Chinook (Puget Sound ESU)","White River - spring Chinook salmon",2011,532.742505080692
"Puget Sound Chinook","Salmon, Chinook (Puget Sound ESU)","White River - spring Chinook salmon",2012,765.226479223541
"Puget Sound Chinook","Salmon, Chinook (Puget Sound ESU)","White River - spring Chinook salmon",2013,680.06501435128
"Puget Sound Chinook","Salmon, Chinook (Puget Sound ESU)","White River - spring Chinook salmon",2014,429.787752392327
"Puget Sound Chinook","Salmon, Chinook (Puget Sound ESU)","White River - spring Chinook salmon",2015,573.704211195187
"Puget Sound Chinook","Salmon, Chinook (Puget Sound ESU)","White River - spring Chinook salmon",2016,832.530025277575
"Puget Sound Chinook","Salmon, Chinook (Puget Sound ESU)","White River - spring Chinook salmon",2017,886.57751742511
"Puget Sound Chinook","Salmon, Chinook (Puget Sound ESU)","White River - spring Chinook salmon",2018,752.06480667769
"Puget Sound Chinook","Salmon, Chinook (Puget Sound ESU)","White River - spring Chinook salmon",2019,897.961911250426
"Puget Sound Chinook","Salmon, Chinook (Puget Sound ESU)","White River - spring Chinook salmon",2020,1386.36692075937
"Puget Sound Chinook","Salmon, Chinook (Puget Sound ESU)","White River - spring Chinook salmon",2021,1689.92191944845
"Puget Sound Chinook","Salmon, Chinook (Puget Sound ESU)","White River - spring Chinook salmon",2022,1780.81823175879
"Puget Sound Chinook","Salmon, Chinook (Puget Sound ESU)","White River - spring Chinook salmon",2023,1081.00344205114
"Puget Sound Chinook","Salmon, Chinook (Puget Sound ESU)","White River - spring Chinook salmon",2024,999.184632811684
"Puget Sound Chinook","Salmon, Chinook (Puget Sound ESU)","White River - spring Chinook salmon",2025,795.801041278532
"Puget Sound Chinook","Salmon, Chinook (Puget Sound ESU)","White River - spring Chinook salmon",2026,815.440990005177
"Snake River fall Chinook","Salmon, Chinook (Snake River fall-run ESU)","Snake River - fall Chinook salmon",1992,631.275897603547
"Snake River fall Chinook","Salmon, Chinook (Snake River fall-run ESU)","Snake River - fall Chinook salmon",1993,740.425588593754
"Snake River fall Chinook","Salmon, Chinook (Snake River fall-run ESU)","Snake River - fall Chinook salmon",1994,491.659018375176
"Snake River fall Chinook","Salmon, Chinook (Snake River fall-run ESU)","Snake River - fall Chinook salmon",1995,412.111277786875
"Snake River fall Chinook","Salmon, Chinook (Snake River fall-run ESU)","Snake River - fall Chinook salmon",1996,797.783587755926
"Snake River fall Chinook","Salmon, Chinook (Snake River fall-run ESU)","Snake River - fall Chinook salmon",1997,810.938037908462
"Snake River fall Chinook","Salmon, Chinook (Snake River fall-run ESU)","Snake River - fall Chinook salmon",1998,699.057063095925
"Snake River fall Chinook","Salmon, Chinook (Snake River fall-run ESU)","Snake River - fall Chinook salmon",1999,1683.21815461989
"Snake River fall Chinook","Salmon, Chinook (Snake River fall-run ESU)","Snake River - fall Chinook salmon",2000,3310.89786886559
"Snake River fall Chinook","Salmon, Chinook (Snake River fall-run ESU)","Snake River - fall Chinook salmon",2001,5256.78816957093
"Snake River fall Chinook","Salmon, Chinook (Snake River fall-run ESU)","Snake River - fall Chinook salmon",2002,3971.79643544355
"Snake River fall Chinook","Salmon, Chinook (Snake River fall-run ESU)","Snake River - fall Chinook salmon",2003,6479.88306720327
"Snake River fall Chinook","Salmon, Chinook (Snake River fall-run ESU)","Snake River - fall Chinook salmon",2004,7721.19460122374
"Snake River fall Chinook","Salmon, Chinook (Snake River fall-run ESU)","Snake River - fall Chinook salmon",2005,6134.43764628708
"Snake River fall Chinook","Salmon, Chinook (Snake River fall-run ESU)","Snake River - fall Chinook salmon",2006,5745.94735529219
"Snake River fall Chinook","Salmon, Chinook (Snake River fall-run ESU)","Snake River - fall Chinook salmon",2007,4526.61381929346
"Snake River fall Chinook","Salmon, Chinook (Snake River fall-run ESU)","Snake River - fall Chinook salmon",2008,4681.20892905847
"Snake River fall Chinook","Salmon, Chinook (Snake River fall-run ESU)","Snake River - fall Chinook salmon",2009,5785.83412635266
"Snake River fall Chinook","Salmon, Chinook (Snake River fall-run ESU)","Snake River - fall Chinook salmon",2010,8500.14477848873
"Snake River fall Chinook","Salmon, Chinook (Snake River fall-run ESU)","Snake River - fall Chinook salmon",2011,12678.3385145112
"Snake River fall Chinook","Salmon, Chinook (Snake River fall-run ESU)","Snake River - fall Chinook salmon",2012,16479.9554378327
"Snake River fall Chinook","Salmon, Chinook (Snake River fall-run ESU)","Snake River - fall Chinook salmon",2013,25041.3084722523
"Snake River fall Chinook","Salmon, Chinook (Snake River fall-run ESU)","Snake River - fall Chinook salmon",2014,17620.7978773456
"Snake River fall Chinook","Salmon, Chinook (Snake River fall-run ESU)","Snake River - fall Chinook salmon",2015,16665.2863893864
"Snake River fall Chinook","Salmon, Chinook (Snake River fall-run ESU)","Snake River - fall Chinook salmon",2016,11027.4292081548
"Snake River fall Chinook","Salmon, Chinook (Snake River fall-run ESU)","Snake River - fall Chinook salmon",2017,7674.26780055055
"Snake River fall Chinook","Salmon, Chinook (Snake River fall-run ESU)","Snake River - fall Chinook salmon",2018,6647.63343480281
"Snake River fall Chinook","Salmon, Chinook (Snake River fall-run ESU)","Snake River - fall Chinook salmon",2019,7444.59647882421
"Snake River fall Chinook","Salmon, Chinook (Snake River fall-run ESU)","Snake River - fall Chinook salmon",2020,8588.89567567822
"Snake River fall Chinook","Salmon, Chinook (Snake River fall-run ESU)","Snake River - fall Chinook salmon",2021,7954.75984451105
"Snake River fall Chinook","Salmon, Chinook (Snake River fall-run ESU)","Snake River - fall Chinook salmon",2022,7008.26546528203
"Snake River fall Chinook","Salmon, Chinook (Snake River fall-run ESU)","Snake River - fall Chinook salmon",2023,8217.99919105645
"Snake River fall Chinook","Salmon, Chinook (Snake River fall-run ESU)","Snake River - fall Chinook salmon",2024,7025.98205136789
"Snake River fall Chinook","Salmon, Chinook (Snake River fall-run ESU)","Snake River - fall Chinook salmon",2025,4961.22826290614
"Snake River fall Chinook","Salmon, Chinook (Snake River fall-run ESU)","Snake River - fall Chinook salmon",2026,5434.82921100635
"Snake River spring and summer Chinook","Salmon, Chinook (Snake River spring/summer-run ESU)","Asotin Creek - spring Chinook salmon",1992,1.51214224042073
"Snake River spring and summer Chinook","Salmon, Chinook (Snake River spring/summer-run ESU)","Asotin Creek - spring Chinook salmon",1993,2.15299612286932
"Snake River spring and summer Chinook","Salmon, Chinook (Snake River spring/summer-run ESU)","Asotin Creek - spring Chinook salmon",1994,1.2794358448474
"Snake River spring and summer Chinook","Salmon, Chinook (Snake River spring/summer-run ESU)","Asotin Creek - spring Chinook salmon",1995,1.03271065342987
"Snake River spring and summer Chinook","Salmon, Chinook (Snake River spring/summer-run ESU)","Asotin Creek - spring Chinook salmon",1996,1.2660858612238
"Snake River spring and summer Chinook","Salmon, Chinook (Snake River spring/summer-run ESU)","Asotin Creek - spring Chinook salmon",1997,1.51433343146932
"Snake River spring and summer Chinook","Salmon, Chinook (Snake River spring/summer-run ESU)","Asotin Creek - spring Chinook salmon",1998,1.20660219711475
"Snake River spring and summer Chinook","Salmon, Chinook (Snake River spring/summer-run ESU)","Asotin Creek - spring Chinook salmon",1999,1.03074572009572
"Snake River spring and summer Chinook","Salmon, Chinook (Snake River spring/summer-run ESU)","Asotin Creek - spring Chinook salmon",2000,2.31668546985669
"Snake River spring and summer Chinook","Salmon, Chinook (Snake River spring/summer-run ESU)","Asotin Creek - spring Chinook salmon",2001,6.37878803873316
"Snake River spring and summer Chinook","Salmon, Chinook (Snake River spring/summer-run ESU)","Asotin Creek - spring Chinook salmon",2002,6.5959580430306
"Snake River spring and summer Chinook","Salmon, Chinook (Snake River spring/summer-run ESU)","Asotin Creek - spring Chinook salmon",2003,5.06228072646009
"Snake River spring and summer Chinook","Salmon, Chinook (Snake River spring/summer-run ESU)","Asotin Creek - spring Chinook salmon",2004,11.0186821436408
"Snake River spring and summer Chinook","Salmon, Chinook (Snake River spring/summer-run ESU)","Asotin Creek - spring Chinook salmon",2005,7.52154406391183
"Snake River spring and summer Chinook","Salmon, Chinook (Snake River spring/summer-run ESU)","Asotin Creek - spring Chinook salmon",2006,11.5615713545419
"Snake River spring and summer Chinook","Salmon, Chinook (Snake River spring/summer-run ESU)","Asotin Creek - spring Chinook salmon",2007,9.14139652404419
"Snake River spring and summer Chinook","Salmon, Chinook (Snake River spring/summer-run ESU)","Asotin Creek - spring Chinook salmon",2008,12.3739240179651
"Snake River spring and summer Chinook","Salmon, Chinook (Snake River spring/summer-run ESU)","Asotin Creek - spring Chinook salmon",2009,13.4893558676334
"Snake River spring and summer Chinook","Salmon, Chinook (Snake River spring/summer-run ESU)","Asotin Creek - spring Chinook salmon",2010,13.8765743048718
"Snake River spring and summer Chinook","Salmon, Chinook (Snake River spring/summer-run ESU)","Asotin Creek - spring Chinook salmon",2011,18.5733555254608
"Snake River spring and summer Chinook","Salmon, Chinook (Snake River spring/summer-run ESU)","Asotin Creek - spring Chinook salmon",2012,11.1537424214791
"Snake River spring and summer Chinook","Salmon, Chinook (Snake River spring/summer-run ESU)","Asotin Creek - spring Chinook salmon",2013,4.64080158627055
"Snake River spring and summer Chinook","Salmon, Chinook (Snake River spring/summer-run ESU)","Asotin Creek - spring Chinook salmon",2014,2.83864685082618
"Snake River spring and summer Chinook","Salmon, Chinook (Snake River spring/summer-run ESU)","Asotin Creek - spring Chinook salmon",2015,2.02792697956726
"Snake River spring and summer Chinook","Salmon, Chinook (Snake River spring/summer-run ESU)","Asotin Creek - spring Chinook salmon",2016,2.58628061564651
"Snake River spring and summer Chinook","Salmon, Chinook (Snake River spring/summer-run ESU)","Asotin Creek - spring Chinook salmon",2017,1.74682883913459
"Snake River spring and summer Chinook","Salmon, Chinook (Snake River spring/summer-run ESU)","Asotin Creek - spring Chinook salmon",2018,1.21998755143097
"Snake River spring and summer Chinook","Salmon, Chinook (Snake River spring/summer-run ESU)","Asotin Creek - spring Chinook salmon",2019,0.837818779496591
"Snake River spring and summer Chinook","Salmon, Chinook (Snake River spring/summer-run ESU)","Asotin Creek - spring Chinook salmon",2020,0.874275849310443
"Snake River spring and summer Chinook","Salmon, Chinook (Snake River spring/summer-run ESU)","Asotin Creek - spring Chinook salmon",2021,0.931572266293942
"Snake River spring and summer Chinook","Salmon, Chinook (Snake River spring/summer-run ESU)","Asotin Creek - spring Chinook salmon",2022,0.955941439793587
"Snake River spring and summer Chinook","Salmon, Chinook (Snake River spring/summer-run ESU)","Asotin Creek - spring Chinook salmon",2023,0.747003204719041
"Snake River spring and summer Chinook","Salmon, Chinook (Snake River spring/summer-run ESU)","Asotin Creek - spring Chinook salmon",2024,1.00479786422466
"Snake River spring and summer Chinook","Salmon, Chinook (Snake River spring/summer-run ESU)","Asotin Creek - spring Chinook salmon",2025,0.964352875020554
"Snake River spring and summer Chinook","Salmon, Chinook (Snake River spring/summer-run ESU)","Asotin Creek - spring Chinook salmon",2026,0.969959885380733
"Snake River spring and summer Chinook","Salmon, Chinook (Snake River spring/summer-run ESU)","Tucannon River - spring Chinook salmon",1992,224.882869723138
"Snake River spring and summer Chinook","Salmon, Chinook (Snake River spring/summer-run ESU)","Tucannon River - spring Chinook salmon",1993,200.926846999309
"Snake River spring and summer Chinook","Salmon, Chinook (Snake River spring/summer-run ESU)","Tucannon River - spring Chinook salmon",1994,96.6112118171622
"Snake River spring and summer Chinook","Salmon, Chinook (Snake River spring/summer-run ESU)","Tucannon River - spring Chinook salmon",1995,53.289810543003
"Snake River spring and summer Chinook","Salmon, Chinook (Snake River spring/summer-run ESU)","Tucannon River - spring Chinook salmon",1996,74.3314745039319
"Snake River spring and summer Chinook","Salmon, Chinook (Snake River spring/summer-run ESU)","Tucannon River - spring Chinook salmon",1997,61.4532352021175
"Snake River spring and summer Chinook","Salmon, Chinook (Snake River spring/summer-run ESU)","Tucannon River - spring Chinook salmon",1998,37.699865147681
"Snake River spring and summer Chinook","Salmon, Chinook (Snake River spring/summer-run ESU)","Tucannon River - spring Chinook salmon",1999,18.5106715286733
"Snake River spring and summer Chinook","Salmon, Chinook (Snake River spring/summer-run ESU)","Tucannon River - spring Chinook salmon",2000,64.5956462079006
"Snake River spring and summer Chinook","Salmon, Chinook (Snake River spring/summer-run ESU)","Tucannon River - spring Chinook salmon",2001,244.078831561779
"Snake River spring and summer Chinook","Salmon, Chinook (Snake River spring/summer-run ESU)","Tucannon River - spring Chinook salmon",2002,233.339189692686
"Snake River spring and summer Chinook","Salmon, Chinook (Snake River spring/summer-run ESU)","Tucannon River - spring Chinook salmon",2003,206.614824373807
"Snake River spring and summer Chinook","Salmon, Chinook (Snake River spring/summer-run ESU)","Tucannon River - spring Chinook salmon",2004,279.8397188549
"Snake River spring and summer Chinook","Salmon, Chinook (Snake River spring/summer-run ESU)","Tucannon River - spring Chinook salmon",2005,201.947929398011
"Snake River spring and summer Chinook","Salmon, Chinook (Snake River spring/summer-run ESU)","Tucannon River - spring Chinook salmon",2006,213.658793641596
"Snake River spring and summer Chinook","Salmon, Chinook (Snake River spring/summer-run ESU)","Tucannon River - spring Chinook salmon",2007,219.240642867221
"Snake River spring and summer Chinook","Salmon, Chinook (Snake River spring/summer-run ESU)","Tucannon River - spring Chinook salmon",2008,385.630578084557
"Snake River spring and summer Chinook","Salmon, Chinook (Snake River spring/summer-run ESU)","Tucannon River - spring Chinook salmon",2009,482.272414493486
"Snake River spring and summer Chinook","Salmon, Chinook (Snake River spring/summer-run ESU)","Tucannon River - spring Chinook salmon",2010,478.809707291647
"Snake River spring and summer Chinook","Salmon, Chinook (Snake River spring/summer-run ESU)","Tucannon River - spring Chinook salmon",2011,500.483908526623
"Snake River spring and summer Chinook","Salmon, Chinook (Snake River spring/summer-run ESU)","Tucannon River - spring Chinook salmon",2012,286.065897132384
"Snake River spring and summer Chinook","Salmon, Chinook (Snake River spring/summer-run ESU)","Tucannon River - spring Chinook salmon",2013,161.717201694149
"Snake River spring and summer Chinook","Salmon, Chinook (Snake River spring/summer-run ESU)","Tucannon River - spring Chinook salmon",2014,156.233382012349
"Snake River spring and summer Chinook","Salmon, Chinook (Snake River spring/summer-run ESU)","Tucannon River - spring Chinook salmon",2015,123.841751167995
"Snake River spring and summer Chinook","Salmon, Chinook (Snake River spring/summer-run ESU)","Tucannon River - spring Chinook salmon",2016,100.508242844648
"Snake River spring and summer Chinook","Salmon, Chinook (Snake River spring/summer-run ESU)","Tucannon River - spring Chinook salmon",2017,51.6812732003214
"Snake River spring and summer Chinook","Salmon, Chinook (Snake River spring/summer-run ESU)","Tucannon River - spring Chinook salmon",2018,28.9970475189733
"Snake River spring and summer Chinook","Salmon, Chinook (Snake River spring/summer-run ESU)","Tucannon River - spring Chinook salmon",2019,15.0902271385277
"Snake River spring and summer Chinook","Salmon, Chinook (Snake River spring/summer-run ESU)","Tucannon River - spring Chinook salmon",2020,18.6704652402709
"Snake River spring and summer Chinook","Salmon, Chinook (Snake River spring/summer-run ESU)","Tucannon River - spring Chinook salmon",2021,24.1193931682782
"Snake River spring and summer Chinook","Salmon, Chinook (Snake River spring/summer-run ESU)","Tucannon River - spring Chinook salmon",2022,29.8466233053516
"Snake River spring and summer Chinook","Salmon, Chinook (Snake River spring/summer-run ESU)","Tucannon River - spring Chinook salmon",2023,19.9088153002793
"Snake River spring and summer Chinook","Salmon, Chinook (Snake River spring/summer-run ESU)","Tucannon River - spring Chinook salmon",2024,41.9738752990227
"Snake River spring and summer Chinook","Salmon, Chinook (Snake River spring/summer-run ESU)","Tucannon River - spring Chinook salmon",2025,46.0395149427147
"Snake River spring and summer Chinook","Salmon, Chinook (Snake River spring/summer-run ESU)","Tucannon River - spring Chinook salmon",2026,42.8565068923535
"Upper Columbia spring Chinook","Salmon, Chinook (Upper Columbia River spring-run ESU)","Entiat River - spring Chinook salmon",1999,33.5137413896192
"Upper Columbia spring Chinook","Salmon, Chinook (Upper Columbia River spring-run ESU)","Entiat River - spring Chinook salmon",2000,81.6831044371589
"Upper Columbia spring Chinook","Salmon, Chinook (Upper Columbia River spring-run ESU)","Entiat River - spring Chinook salmon",2001,192.757614379922
"Upper Columbia spring Chinook","Salmon, Chinook (Upper Columbia River spring-run ESU)","Entiat River - spring Chinook salmon",2002,163.650131675774
"Upper Columbia spring Chinook","Salmon, Chinook (Upper Columbia River spring-run ESU)","Entiat River - spring Chinook salmon",2003,146.642073485562
"Upper Columbia spring Chinook","Salmon, Chinook (Upper Columbia River spring-run ESU)","Entiat River - spring Chinook salmon",2004,131.121254884557
"Upper Columbia spring Chinook","Salmon, Chinook (Upper Columbia River spring-run ESU)","Entiat River - spring Chinook salmon",2005,96.8875918017377
"Upper Columbia spring Chinook","Salmon, Chinook (Upper Columbia River spring-run ESU)","Entiat River - spring Chinook salmon",2006,75.5676366499567
"Upper Columbia spring Chinook","Salmon, Chinook (Upper Columbia River spring-run ESU)","Entiat River - spring Chinook salmon",2007,88.0649231915234
"Upper Columbia spring Chinook","Salmon, Chinook (Upper Columbia River spring-run ESU)","Entiat River - spring Chinook salmon",2008,99.0441064791713
"Upper Columbia spring Chinook","Salmon, Chinook (Upper Columbia River spring-run ESU)","Entiat River - spring Chinook salmon",2009,120.895222676067
"Upper Columbia spring Chinook","Salmon, Chinook (Upper Columbia River spring-run ESU)","Entiat River - spring Chinook salmon",2010,197.022834777311
"Upper Columbia spring Chinook","Salmon, Chinook (Upper Columbia River spring-run ESU)","Entiat River - spring Chinook salmon",2011,265.033919482783
"Upper Columbia spring Chinook","Salmon, Chinook (Upper Columbia River spring-run ESU)","Entiat River - spring Chinook salmon",2012,224.170115826859
"Upper Columbia spring Chinook","Salmon, Chinook (Upper Columbia River spring-run ESU)","Entiat River - spring Chinook salmon",2013,166.940346835973
"Upper Columbia spring Chinook","Salmon, Chinook (Upper Columbia River spring-run ESU)","Entiat River - spring Chinook salmon",2014,202.549305770047
"Upper Columbia spring Chinook","Salmon, Chinook (Upper Columbia River spring-run ESU)","Entiat River - spring Chinook salmon",2015,254.022527903423
"Upper Columbia spring Chinook","Salmon, Chinook (Upper Columbia River spring-run ESU)","Entiat River - spring Chinook salmon",2016,212.23983580751
"Upper Columbia spring Chinook","Salmon, Chinook (Upper Columbia River spring-run ESU)","Entiat River - spring Chinook salmon",2017,81.9927865979927
"Upper Columbia spring Chinook","Salmon, Chinook (Upper Columbia River spring-run ESU)","Entiat River - spring Chinook salmon",2018,60.1205703806646
"Upper Columbia spring Chinook","Salmon, Chinook (Upper Columbia River spring-run ESU)","Entiat River - spring Chinook salmon",2019,70.7033875678144
"Upper Columbia spring Chinook","Salmon, Chinook (Upper Columbia River spring-run ESU)","Entiat River - spring Chinook salmon",2020,104.609378837191
"Upper Columbia spring Chinook","Salmon, Chinook (Upper Columbia River spring-run ESU)","Entiat River - spring Chinook salmon",2021,141.74742796573
"Upper Columbia spring Chinook","Salmon, Chinook (Upper Columbia River spring-run ESU)","Entiat River - spring Chinook salmon",2022,168.985291571036
"Upper Columbia spring Chinook","Salmon, Chinook (Upper Columbia River spring-run ESU)","Entiat River - spring Chinook salmon",2023,139.944760436749
"Upper Columbia spring Chinook","Salmon, Chinook (Upper Columbia River spring-run ESU)","Entiat River - spring Chinook salmon",2024,129.920356350941
"Upper Columbia spring Chinook","Salmon, Chinook (Upper Columbia River spring-run ESU)","Entiat River - spring Chinook salmon",2025,154.490396756412
"Upper Columbia spring Chinook","Salmon, Chinook (Upper Columbia River spring-run ESU)","Entiat River - spring Chinook salmon",2026,160.601456079112
"Upper Columbia spring Chinook","Salmon, Chinook (Upper Columbia River spring-run ESU)","Methow River - spring Chinook salmon",1999,53.6671436518223
"Upper Columbia spring Chinook","Salmon, Chinook (Upper Columbia River spring-run ESU)","Methow River - spring Chinook salmon",2000,169.495176271871
"Upper Columbia spring Chinook","Salmon, Chinook (Upper Columbia River spring-run ESU)","Methow River - spring Chinook salmon",2001,742.071003413459
"Upper Columbia spring Chinook","Salmon, Chinook (Upper Columbia River spring-run ESU)","Methow River - spring Chinook salmon",2002,353.076304263592
"Upper Columbia spring Chinook","Salmon, Chinook (Upper Columbia River spring-run ESU)","Methow River - spring Chinook salmon",2003,153.044506451244
"Upper Columbia spring Chinook","Salmon, Chinook (Upper Columbia River spring-run ESU)","Methow River - spring Chinook salmon",2004,398.59448701857
"Upper Columbia spring Chinook","Salmon, Chinook (Upper Columbia River spring-run ESU)","Methow River - spring Chinook salmon",2005,360.558104212666
"Upper Columbia spring Chinook","Salmon, Chinook (Upper Columbia River spring-run ESU)","Methow River - spring Chinook salmon",2006,291.703495693882
"Upper Columbia spring Chinook","Salmon, Chinook (Upper Columbia River spring-run ESU)","Methow River - spring Chinook salmon",2007,296.163495649335
"Upper Columbia spring Chinook","Salmon, Chinook (Upper Columbia River spring-run ESU)","Methow River - spring Chinook salmon",2008,317.756052840452
"Upper Columbia spring Chinook","Salmon, Chinook (Upper Columbia River spring-run ESU)","Methow River - spring Chinook salmon",2009,476.315173303846
"Upper Columbia spring Chinook","Salmon, Chinook (Upper Columbia River spring-run ESU)","Methow River - spring Chinook salmon",2010,547.928577607812
"Upper Columbia spring Chinook","Salmon, Chinook (Upper Columbia River spring-run ESU)","Methow River - spring Chinook salmon",2011,742.032641657037
"Upper Columbia spring Chinook","Salmon, Chinook (Upper Columbia River spring-run ESU)","Methow River - spring Chinook salmon",2012,378.373950984102
"Upper Columbia spring Chinook","Salmon, Chinook (Upper Columbia River spring-run ESU)","Methow River - spring Chinook salmon",2013,294.321060697175
"Upper Columbia spring Chinook","Salmon, Chinook (Upper Columbia River spring-run ESU)","Methow River - spring Chinook salmon",2014,438.041906541822
"Upper Columbia spring Chinook","Salmon, Chinook (Upper Columbia River spring-run ESU)","Methow River - spring Chinook salmon",2015,405.173796665937
"Upper Columbia spring Chinook","Salmon, Chinook (Upper Columbia River spring-run ESU)","Methow River - spring Chinook salmon",2016,344.775720796243
"Upper Columbia spring Chinook","Salmon, Chinook (Upper Columbia River spring-run ESU)","Methow River - spring Chinook salmon",2017,191.853768410946
"Upper Columbia spring Chinook","Salmon, Chinook (Upper Columbia River spring-run ESU)","Methow River - spring Chinook salmon",2018,188.633911173217
"Upper Columbia spring Chinook","Salmon, Chinook (Upper Columbia River spring-run ESU)","Methow River - spring Chinook salmon",2019,141.681675688433
"Upper Columbia spring Chinook","Salmon, Chinook (Upper Columbia River spring-run ESU)","Methow River - spring Chinook salmon",2020,196.774360514503
"Upper Columbia spring Chinook","Salmon, Chinook (Upper Columbia River spring-run ESU)","Methow River - spring Chinook salmon",2021,390.17244821072
"Upper Columbia spring Chinook","Salmon, Chinook (Upper Columbia River spring-run ESU)","Methow River - spring Chinook salmon",2022,531.228570368393
"Upper Columbia spring Chinook","Salmon, Chinook (Upper Columbia River spring-run ESU)","Methow River - spring Chinook salmon",2023,307.36862542926
"Upper Columbia spring Chinook","Salmon, Chinook (Upper Columbia River spring-run ESU)","Methow River - spring Chinook salmon",2024,193.522344991386
"Upper Columbia spring Chinook","Salmon, Chinook (Upper Columbia River spring-run ESU)","Methow River - spring Chinook salmon",2025,218.799188644927
"Upper Columbia spring Chinook","Salmon, Chinook (Upper Columbia River spring-run ESU)","Methow River - spring Chinook salmon",2026,228.425302308848
"Upper Columbia spring Chinook","Salmon, Chinook (Upper Columbia River spring-run ESU)","Wenatchee River - spring Chinook salmon",1999,147.568618996801
"Upper Columbia spring Chinook","Salmon, Chinook (Upper Columbia River spring-run ESU)","Wenatchee River - spring Chinook salmon",2000,442.269113022304
"Upper Columbia spring Chinook","Salmon, Chinook (Upper Columbia River spring-run ESU)","Wenatchee River - spring Chinook salmon",2001,1093.84072116116
"Upper Columbia spring Chinook","Salmon, Chinook (Upper Columbia River spring-run ESU)","Wenatchee River - spring Chinook salmon",2002,825.090793858169
"Upper Columbia spring Chinook","Salmon, Chinook (Upper Columbia River spring-run ESU)","Wenatchee River - spring Chinook salmon",2003,552.663415141714
"Upper Columbia spring Chinook","Salmon, Chinook (Upper Columbia River spring-run ESU)","Wenatchee River - spring Chinook salmon",2004,709.253046529867
"Upper Columbia spring Chinook","Salmon, Chinook (Upper Columbia River spring-run ESU)","Wenatchee River - spring Chinook salmon",2005,416.486503398986
"Upper Columbia spring Chinook","Salmon, Chinook (Upper Columbia River spring-run ESU)","Wenatchee River - spring Chinook salmon",2006,340.228599020316
"Upper Columbia spring Chinook","Salmon, Chinook (Upper Columbia River spring-run ESU)","Wenatchee River - spring Chinook salmon",2007,399.518898445433
"Upper Columbia spring Chinook","Salmon, Chinook (Upper Columbia River spring-run ESU)","Wenatchee River - spring Chinook salmon",2008,411.808678845559
"Upper Columbia spring Chinook","Salmon, Chinook (Upper Columbia River spring-run ESU)","Wenatchee River - spring Chinook salmon",2009,554.639102180254
"Upper Columbia spring Chinook","Salmon, Chinook (Upper Columbia River spring-run ESU)","Wenatchee River - spring Chinook salmon",2010,706.093756167724
"Upper Columbia spring Chinook","Salmon, Chinook (Upper Columbia River spring-run ESU)","Wenatchee River - spring Chinook salmon",2011,1099.94131911812
"Upper Columbia spring Chinook","Salmon, Chinook (Upper Columbia River spring-run ESU)","Wenatchee River - spring Chinook salmon",2012,867.688675926633
"Upper Columbia spring Chinook","Salmon, Chinook (Upper Columbia River spring-run ESU)","Wenatchee River - spring Chinook salmon",2013,660.008248141564
"Upper Columbia spring Chinook","Salmon, Chinook (Upper Columbia River spring-run ESU)","Wenatchee River - spring Chinook salmon",2014,837.59719497917
"Upper Columbia spring Chinook","Salmon, Chinook (Upper Columbia River spring-run ESU)","Wenatchee River - spring Chinook salmon",2015,821.850226525393
"Upper Columbia spring Chinook","Salmon, Chinook (Upper Columbia River spring-run ESU)","Wenatchee River - spring Chinook salmon",2016,705.274713225032
"Upper Columbia spring Chinook","Salmon, Chinook (Upper Columbia River spring-run ESU)","Wenatchee River - spring Chinook salmon",2017,339.081302672673
"Upper Columbia spring Chinook","Salmon, Chinook (Upper Columbia River spring-run ESU)","Wenatchee River - spring Chinook salmon",2018,268.136986155405
"Upper Columbia spring Chinook","Salmon, Chinook (Upper Columbia River spring-run ESU)","Wenatchee River - spring Chinook salmon",2019,261.355928224014
"Upper Columbia spring Chinook","Salmon, Chinook (Upper Columbia River spring-run ESU)","Wenatchee River - spring Chinook salmon",2020,361.33750355864
"Upper Columbia spring Chinook","Salmon, Chinook (Upper Columbia River spring-run ESU)","Wenatchee River - spring Chinook salmon",2021,572.712384426364
"Upper Columbia spring Chinook","Salmon, Chinook (Upper Columbia River spring-run ESU)","Wenatchee River - spring Chinook salmon",2022,725.818027670191
"Upper Columbia spring Chinook","Salmon, Chinook (Upper Columbia River spring-run ESU)","Wenatchee River - spring Chinook salmon",2023,587.766739278387
"Upper Columbia spring Chinook","Salmon, Chinook (Upper Columbia River spring-run ESU)","Wenatchee River - spring Chinook salmon",2024,439.836820756772
"Upper Columbia spring Chinook","Salmon, Chinook (Upper Columbia River spring-run ESU)","Wenatchee River - spring Chinook salmon",2025,456.211675683786
"Upper Columbia spring Chinook","Salmon, Chinook (Upper Columbia River spring-run ESU)","Wenatchee River - spring Chinook salmon",2026,475.79849805694
"Lower Columbia chum","Salmon, chum (Columbia River ESU)","Elochoman River - fall Chum salmon",1999,43.9550734620969
"Lower Columbia chum","Salmon, chum (Columbia River ESU)","Elochoman River - fall Chum salmon",2000,47.9434963448906
"Lower Columbia chum","Salmon, chum (Columbia River ESU)","Elochoman River - fall Chum salmon",2001,54.155386249813
"Lower Columbia chum","Salmon, chum (Columbia River ESU)","Elochoman River - fall Chum salmon",2002,80.0600005660521
"Lower Columbia chum","Salmon, chum (Columbia River ESU)","Elochoman River - fall Chum salmon",2003,76.7959566349097
"Lower Columbia chum","Salmon, chum (Columbia River ESU)","Elochoman River - fall Chum salmon",2004,67.3957567501368
"Lower Columbia chum","Salmon, chum (Columbia River ESU)","Elochoman River - fall Chum salmon",2005,45.3844156073662
"Lower Columbia chum","Salmon, chum (Columbia River ESU)","Elochoman River - fall Chum salmon",2006,48.1174860405355
"Lower Columbia chum","Salmon, chum (Columbia River ESU)","Elochoman River - fall Chum salmon",2007,36.5342857078598
"Lower Columbia chum","Salmon, chum (Columbia River ESU)","Elochoman River - fall Chum salmon",2008,32.8666048682047
"Lower Columbia chum","Salmon, chum (Columbia River ESU)","Elochoman River - fall Chum salmon",2009,36.8611787776449
"Lower Columbia chum","Salmon, chum (Columbia River ESU)","Elochoman River - fall Chum salmon",2010,56.2290510401361
"Lower Columbia chum","Salmon, chum (Columbia River ESU)","Elochoman River - fall Chum salmon",2011,69.3215624911105
"Lower Columbia chum","Salmon, chum (Columbia River ESU)","Elochoman River - fall Chum salmon",2012,55.370842615757
"Lower Columbia chum","Salmon, chum (Columbia River ESU)","Elochoman River - fall Chum salmon",2013,76.5478178923104
"Lower Columbia chum","Salmon, chum (Columbia River ESU)","Elochoman River - fall Chum salmon",2014,208.68292751961
"Lower Columbia chum","Salmon, chum (Columbia River ESU)","Elochoman River - fall Chum salmon",2015,591.369017748778
"Lower Columbia chum","Salmon, chum (Columbia River ESU)","Elochoman River - fall Chum salmon",2016,1154.06008276754
"Lower Columbia chum","Salmon, chum (Columbia River ESU)","Elochoman River - fall Chum salmon",2017,379.721209783912
"Lower Columbia chum","Salmon, chum (Columbia River ESU)","Elochoman River - fall Chum salmon",2018,389.73009743454
"Lower Columbia chum","Salmon, chum (Columbia River ESU)","Elochoman River - fall Chum salmon",2019,599.337402224988
"Lower Columbia chum","Salmon, chum (Columbia River ESU)","Elochoman River - fall Chum salmon",2020,767.016900778176
"Lower Columbia chum","Salmon, chum (Columbia River ESU)","Elochoman River - fall Chum salmon",2021,869.882488361922
"Lower Columbia chum","Salmon, chum (Columbia River ESU)","Elochoman River - fall Chum salmon",2022,825.821953391072
"Lower Columbia chum","Salmon, chum (Columbia River ESU)","Elochoman River - fall Chum salmon",2023,469.858654119471
"Lower Columbia chum","Salmon, chum (Columbia River ESU)","Elochoman River - fall Chum salmon",2024,421.265101501673
"Lower Columbia chum","Salmon, chum (Columbia River ESU)","Elochoman River - fall Chum salmon",2025,475.322687958115
"Lower Columbia chum","Salmon, chum (Columbia River ESU)","Elochoman River - fall Chum salmon",2026,543.382574895892
"Lower Columbia chum","Salmon, chum (Columbia River ESU)","Grays and Chinook Rivers - fall Chum salmon",1999,3080.49252165881
"Lower Columbia chum","Salmon, chum (Columbia River ESU)","Grays and Chinook Rivers - fall Chum salmon",2000,3822.8352175774
"Lower Columbia chum","Salmon, chum (Columbia River ESU)","Grays and Chinook Rivers - fall Chum salmon",2001,4949.85362804178
"Lower Columbia chum","Salmon, chum (Columbia River ESU)","Grays and Chinook Rivers - fall Chum salmon",2002,10446.6016556482
"Lower Columbia chum","Salmon, chum (Columbia River ESU)","Grays and Chinook Rivers - fall Chum salmon",2003,12834.2172333166
"Lower Columbia chum","Salmon, chum (Columbia River ESU)","Grays and Chinook Rivers - fall Chum salmon",2004,10659.6737244959
"Lower Columbia chum","Salmon, chum (Columbia River ESU)","Grays and Chinook Rivers - fall Chum salmon",2005,4699.00796101209
"Lower Columbia chum","Salmon, chum (Columbia River ESU)","Grays and Chinook Rivers - fall Chum salmon",2006,5405.1729557138
"Lower Columbia chum","Salmon, chum (Columbia River ESU)","Grays and Chinook Rivers - fall Chum salmon",2007,3523.03018218849
"Lower Columbia chum","Salmon, chum (Columbia River ESU)","Grays and Chinook Rivers - fall Chum salmon",2008,2688.94528005127
"Lower Columbia chum","Salmon, chum (Columbia River ESU)","Grays and Chinook Rivers - fall Chum salmon",2009,3113.75415957933
"Lower Columbia chum","Salmon, chum (Columbia River ESU)","Grays and Chinook Rivers - fall Chum salmon",2010,6021.12437851016
"Lower Columbia chum","Salmon, chum (Columbia River ESU)","Grays and Chinook Rivers - fall Chum salmon",2011,9175.89523599654
"Lower Columbia chum","Salmon, chum (Columbia River ESU)","Grays and Chinook Rivers - fall Chum salmon",2012,6900.66357423212
"Lower Columbia chum","Salmon, chum (Columbia River ESU)","Grays and Chinook Rivers - fall Chum salmon",2013,4968.85109272525
"Lower Columbia chum","Salmon, chum (Columbia River ESU)","Grays and Chinook Rivers - fall Chum salmon",2014,5357.65797332039
"Lower Columbia chum","Salmon, chum (Columbia River ESU)","Grays and Chinook Rivers - fall Chum salmon",2015,11625.2966688334
"Lower Columbia chum","Salmon, chum (Columbia River ESU)","Grays and Chinook Rivers - fall Chum salmon",2016,20794.1929963424
"Lower Columbia chum","Salmon, chum (Columbia River ESU)","Grays and Chinook Rivers - fall Chum salmon",2017,7083.02971730689
"Lower Columbia chum","Salmon, chum (Columbia River ESU)","Grays and Chinook Rivers - fall Chum salmon",2018,7378.1104731642
"Lower Columbia chum","Salmon, chum (Columbia River ESU)","Grays and Chinook Rivers - fall Chum salmon",2019,7825.51942125554
"Lower Columbia chum","Salmon, chum (Columbia River ESU)","Grays and Chinook Rivers - fall Chum salmon",2020,10930.7033465039
"Lower Columbia chum","Salmon, chum (Columbia River ESU)","Grays and Chinook Rivers - fall Chum salmon",2021,14141.6571400231
"Lower Columbia chum","Salmon, chum (Columbia River ESU)","Grays and Chinook Rivers - fall Chum salmon",2022,11782.0931492373
"Lower Columbia chum","Salmon, chum (Columbia River ESU)","Grays and Chinook Rivers - fall Chum salmon",2023,8393.84454529406
"Lower Columbia chum","Salmon, chum (Columbia River ESU)","Grays and Chinook Rivers - fall Chum salmon",2024,11046.1571228284
"Lower Columbia chum","Salmon, chum (Columbia River ESU)","Grays and Chinook Rivers - fall Chum salmon",2025,11747.9331343733
"Lower Columbia chum","Salmon, chum (Columbia River ESU)","Grays and Chinook Rivers - fall Chum salmon",2026,12387.8239474794
"Lower Columbia chum","Salmon, chum (Columbia River ESU)","Kalama River - fall Chum salmon",1999,0.220498792455048
"Lower Columbia chum","Salmon, chum (Columbia River ESU)","Kalama River - fall Chum salmon",2000,0.256569818550478
"Lower Columbia chum","Salmon, chum (Columbia River ESU)","Kalama River - fall Chum salmon",2001,0.315283059812108
"Lower Columbia chum","Salmon, chum (Columbia River ESU)","Kalama River - fall Chum salmon",2002,0.419862146056088
"Lower Columbia chum","Salmon, chum (Columbia River ESU)","Kalama River - fall Chum salmon",2003,0.456461137084772
"Lower Columbia chum","Salmon, chum (Columbia River ESU)","Kalama River - fall Chum salmon",2004,0.474664518260792
"Lower Columbia chum","Salmon, chum (Columbia River ESU)","Kalama River - fall Chum salmon",2005,0.469749867931071
"Lower Columbia chum","Salmon, chum (Columbia River ESU)","Kalama River - fall Chum salmon",2006,0.546331220797956
"Lower Columbia chum","Salmon, chum (Columbia River ESU)","Kalama River - fall Chum salmon",2007,0.550405539228554
"Lower Columbia chum","Salmon, chum (Columbia River ESU)","Kalama River - fall Chum salmon",2008,0.572835666801029
"Lower Columbia chum","Salmon, chum (Columbia River ESU)","Kalama River - fall Chum salmon",2009,0.621475047728156
"Lower Columbia chum","Salmon, chum (Columbia River ESU)","Kalama River - fall Chum salmon",2010,0.785232535226614
"Lower Columbia chum","Salmon, chum (Columbia River ESU)","Kalama River - fall Chum salmon",2011,0.873115353305034
"Lower Columbia chum","Salmon, chum (Columbia River ESU)","Kalama River - fall Chum salmon",2012,0.942619774703027
"Lower Columbia chum","Salmon, chum (Columbia River ESU)","Kalama River - fall Chum salmon",2013,0.966818475832524
"Lower Columbia chum","Salmon, chum (Columbia River ESU)","Kalama River - fall Chum salmon",2014,1.06529189835243
"Lower Columbia chum","Salmon, chum (Columbia River ESU)","Kalama River - fall Chum salmon",2015,1.22744151688828
"Lower Columbia chum","Salmon, chum (Columbia River ESU)","Kalama River - fall Chum salmon",2016,2.09180943028248
"Lower Columbia chum","Salmon, chum (Columbia River ESU)","Kalama River - fall Chum salmon",2017,1.3340395518922
"Lower Columbia chum","Salmon, chum (Columbia River ESU)","Kalama River - fall Chum salmon",2018,1.71937286566653
"Lower Columbia chum","Salmon, chum (Columbia River ESU)","Kalama River - fall Chum salmon",2019,2.07208660626169
"Lower Columbia chum","Salmon, chum (Columbia River ESU)","Kalama River - fall Chum salmon",2020,1.19996702017501
"Lower Columbia chum","Salmon, chum (Columbia River ESU)","Kalama River - fall Chum salmon",2021,1.12307869322019
"Lower Columbia chum","Salmon, chum (Columbia River ESU)","Kalama River - fall Chum salmon",2022,1.04955041409964
"Lower Columbia chum","Salmon, chum (Columbia River ESU)","Kalama River - fall Chum salmon",2023,1.02130869376885
"Lower Columbia chum","Salmon, chum (Columbia River ESU)","Kalama River - fall Chum salmon",2024,1.08028954765786
"Lower Columbia chum","Salmon, chum (Columbia River ESU)","Kalama River - fall Chum salmon",2025,1.16463137712741
"Lower Columbia chum","Salmon, chum (Columbia River ESU)","Kalama River - fall Chum salmon",2026,1.23985011696716
"Lower Columbia chum","Salmon, chum (Columbia River ESU)","Lewis River - fall Chum salmon",1999,8.47000473925954
"Lower Columbia chum","Salmon, chum (Columbia River ESU)","Lewis River - fall Chum salmon",2000,6.58905531958428
"Lower Columbia chum","Salmon, chum (Columbia River ESU)","Lewis River - fall Chum salmon",2001,6.80643023166752
"Lower Columbia chum","Salmon, chum (Columbia River ESU)","Lewis River - fall Chum salmon",2002,8.08711700623773
"Lower Columbia chum","Salmon, chum (Columbia River ESU)","Lewis River - fall Chum salmon",2003,9.06008055964472
"Lower Columbia chum","Salmon, chum (Columbia River ESU)","Lewis River - fall Chum salmon",2004,7.04372774822274
"Lower Columbia chum","Salmon, chum (Columbia River ESU)","Lewis River - fall Chum salmon",2005,7.66318185790545
"Lower Columbia chum","Salmon, chum (Columbia River ESU)","Lewis River - fall Chum salmon",2006,7.96002563579766
"Lower Columbia chum","Salmon, chum (Columbia River ESU)","Lewis River - fall Chum salmon",2007,7.72046716882151
"Lower Columbia chum","Salmon, chum (Columbia River ESU)","Lewis River - fall Chum salmon",2008,7.34587599655718
"Lower Columbia chum","Salmon, chum (Columbia River ESU)","Lewis River - fall Chum salmon",2009,7.64527595746968
"Lower Columbia chum","Salmon, chum (Columbia River ESU)","Lewis River - fall Chum salmon",2010,7.55821374724829
"Lower Columbia chum","Salmon, chum (Columbia River ESU)","Lewis River - fall Chum salmon",2011,6.7060342474878
"Lower Columbia chum","Salmon, chum (Columbia River ESU)","Lewis River - fall Chum salmon",2012,6.88623421234058
"Lower Columbia chum","Salmon, chum (Columbia River ESU)","Lewis River - fall Chum salmon",2013,9.53001678987819
"Lower Columbia chum","Salmon, chum (Columbia River ESU)","Lewis River - fall Chum salmon",2014,5.21590264701246
"Lower Columbia chum","Salmon, chum (Columbia River ESU)","Lewis River - fall Chum salmon",2015,6.26056216197364
"Lower Columbia chum","Salmon, chum (Columbia River ESU)","Lewis River - fall Chum salmon",2016,4.1108988838019
"Lower Columbia chum","Salmon, chum (Columbia River ESU)","Lewis River - fall Chum salmon",2017,5.55200912273361
"Lower Columbia chum","Salmon, chum (Columbia River ESU)","Lewis River - fall Chum salmon",2018,20.9048136363581
"Lower Columbia chum","Salmon, chum (Columbia River ESU)","Lewis River - fall Chum salmon",2019,21.1882334892916
"Lower Columbia chum","Salmon, chum (Columbia River ESU)","Lewis River - fall Chum salmon",2020,52.1600393664471
"Lower Columbia chum","Salmon, chum (Columbia River ESU)","Lewis River - fall Chum salmon",2021,58.1246447286487
"Lower Columbia chum","Salmon, chum (Columbia River ESU)","Lewis River - fall Chum salmon",2022,95.1007971531895
"Lower Columbia chum","Salmon, chum (Columbia River ESU)","Lewis River - fall Chum salmon",2023,100.066265648645
"Lower Columbia chum","Salmon, chum (Columbia River ESU)","Lewis River - fall Chum salmon",2024,92.2876017975562
"Lower Columbia chum","Salmon, chum (Columbia River ESU)","Lewis River - fall Chum salmon",2025,101.385916156738
"Lower Columbia chum","Salmon, chum (Columbia River ESU)","Lewis River - fall Chum salmon",2026,113.452845497495
"Lower Columbia chum","Salmon, chum (Columbia River ESU)","Lower Gorge Tributaries - fall Chum salmon",1999,1360.33369739632
"Lower Columbia chum","Salmon, chum (Columbia River ESU)","Lower Gorge Tributaries - fall Chum salmon",2000,1395.61352378105
"Lower Columbia chum","Salmon, chum (Columbia River ESU)","Lower Gorge Tributaries - fall Chum salmon",2001,2108.2294341441
"Lower Columbia chum","Salmon, chum (Columbia River ESU)","Lower Gorge Tributaries - fall Chum salmon",2002,5082.1605470399
"Lower Columbia chum","Salmon, chum (Columbia River ESU)","Lower Gorge Tributaries - fall Chum salmon",2003,3724.66042584107
"Lower Columbia chum","Salmon, chum (Columbia River ESU)","Lower Gorge Tributaries - fall Chum salmon",2004,2139.3367722253
"Lower Columbia chum","Salmon, chum (Columbia River ESU)","Lower Gorge Tributaries - fall Chum salmon",2005,1075.94512769616
"Lower Columbia chum","Salmon, chum (Columbia River ESU)","Lower Gorge Tributaries - fall Chum salmon",2006,1251.2739985948
"Lower Columbia chum","Salmon, chum (Columbia River ESU)","Lower Gorge Tributaries - fall Chum salmon",2007,642.494827636551
"Lower Columbia chum","Salmon, chum (Columbia River ESU)","Lower Gorge Tributaries - fall Chum salmon",2008,602.098392279461
"Lower Columbia chum","Salmon, chum (Columbia River ESU)","Lower Gorge Tributaries - fall Chum salmon",2009,767.625778042203
"Lower Columbia chum","Salmon, chum (Columbia River ESU)","Lower Gorge Tributaries - fall Chum salmon",2010,2083.99838106062
"Lower Columbia chum","Salmon, chum (Columbia River ESU)","Lower Gorge Tributaries - fall Chum salmon",2011,2881.60630449108
"Lower Columbia chum","Salmon, chum (Columbia River ESU)","Lower Gorge Tributaries - fall Chum salmon",2012,1992.45943469726
"Lower Columbia chum","Salmon, chum (Columbia River ESU)","Lower Gorge Tributaries - fall Chum salmon",2013,1758.47314830704
"Lower Columbia chum","Salmon, chum (Columbia River ESU)","Lower Gorge Tributaries - fall Chum salmon",2014,2276.46401377238
"Lower Columbia chum","Salmon, chum (Columbia River ESU)","Lower Gorge Tributaries - fall Chum salmon",2015,4894.99575382309
"Lower Columbia chum","Salmon, chum (Columbia River ESU)","Lower Gorge Tributaries - fall Chum salmon",2016,5707.21908004907
"Lower Columbia chum","Salmon, chum (Columbia River ESU)","Lower Gorge Tributaries - fall Chum salmon",2017,2052.28906027594
"Lower Columbia chum","Salmon, chum (Columbia River ESU)","Lower Gorge Tributaries - fall Chum salmon",2018,4104.29899369536
"Lower Columbia chum","Salmon, chum (Columbia River ESU)","Lower Gorge Tributaries - fall Chum salmon",2019,4561.43855884524
"Lower Columbia chum","Salmon, chum (Columbia River ESU)","Lower Gorge Tributaries - fall Chum salmon",2020,4472.05191110366
"Lower Columbia chum","Salmon, chum (Columbia River ESU)","Lower Gorge Tributaries - fall Chum salmon",2021,7479.94081940183
"Lower Columbia chum","Salmon, chum (Columbia River ESU)","Lower Gorge Tributaries - fall Chum salmon",2022,7647.48110324622
"Lower Columbia chum","Salmon, chum (Columbia River ESU)","Lower Gorge Tributaries - fall Chum salmon",2023,8161.72569588441
"Lower Columbia chum","Salmon, chum (Columbia River ESU)","Lower Gorge Tributaries - fall Chum salmon",2024,8925.80318375246
"Lower Columbia chum","Salmon, chum (Columbia River ESU)","Lower Gorge Tributaries - fall Chum salmon",2025,9733.36593505978
"Lower Columbia chum","Salmon, chum (Columbia River ESU)","Lower Gorge Tributaries - fall Chum salmon",2026,10549.9188761946
"Lower Columbia chum","Salmon, chum (Columbia River ESU)","Mill, Abernathy, and Germany Creeks - fall Chum salmon",1999,19.7772702444984
"Lower Columbia chum","Salmon, chum (Columbia River ESU)","Mill, Abernathy, and Germany Creeks - fall Chum salmon",2000,19.8810869453437
"Lower Columbia chum","Salmon, chum (Columbia River ESU)","Mill, Abernathy, and Germany Creeks - fall Chum salmon",2001,21.6446944410829
"Lower Columbia chum","Salmon, chum (Columbia River ESU)","Mill, Abernathy, and Germany Creeks - fall Chum salmon",2002,25.8210552737647
"Lower Columbia chum","Salmon, chum (Columbia River ESU)","Mill, Abernathy, and Germany Creeks - fall Chum salmon",2003,26.5841544072691
"Lower Columbia chum","Salmon, chum (Columbia River ESU)","Mill, Abernathy, and Germany Creeks - fall Chum salmon",2004,23.7811953180725
"Lower Columbia chum","Salmon, chum (Columbia River ESU)","Mill, Abernathy, and Germany Creeks - fall Chum salmon",2005,20.6899407645593
"Lower Columbia chum","Salmon, chum (Columbia River ESU)","Mill, Abernathy, and Germany Creeks - fall Chum salmon",2006,21.427592480297
"Lower Columbia chum","Salmon, chum (Columbia River ESU)","Mill, Abernathy, and Germany Creeks - fall Chum salmon",2007,19.2819908629253
"Lower Columbia chum","Salmon, chum (Columbia River ESU)","Mill, Abernathy, and Germany Creeks - fall Chum salmon",2008,19.9739895091586
"Lower Columbia chum","Salmon, chum (Columbia River ESU)","Mill, Abernathy, and Germany Creeks - fall Chum salmon",2009,23.4332779231589
"Lower Columbia chum","Salmon, chum (Columbia River ESU)","Mill, Abernathy, and Germany Creeks - fall Chum salmon",2010,29.6386912421794
"Lower Columbia chum","Salmon, chum (Columbia River ESU)","Mill, Abernathy, and Germany Creeks - fall Chum salmon",2011,33.2112971555188
"Lower Columbia chum","Salmon, chum (Columbia River ESU)","Mill, Abernathy, and Germany Creeks - fall Chum salmon",2012,31.0959275690608
"Lower Columbia chum","Salmon, chum (Columbia River ESU)","Mill, Abernathy, and Germany Creeks - fall Chum salmon",2013,30.7456560536999
"Lower Columbia chum","Salmon, chum (Columbia River ESU)","Mill, Abernathy, and Germany Creeks - fall Chum salmon",2014,32.5260351734413
"Lower Columbia chum","Salmon, chum (Columbia River ESU)","Mill, Abernathy, and Germany Creeks - fall Chum salmon",2015,42.1595590886008
"Lower Columbia chum","Salmon, chum (Columbia River ESU)","Mill, Abernathy, and Germany Creeks - fall Chum salmon",2016,49.5277061229595
"Lower Columbia chum","Salmon, chum (Columbia River ESU)","Mill, Abernathy, and Germany Creeks - fall Chum salmon",2017,25.5788420625201
"Lower Columbia chum","Salmon, chum (Columbia River ESU)","Mill, Abernathy, and Germany Creeks - fall Chum salmon",2018,33.6057052987678
"Lower Columbia chum","Salmon, chum (Columbia River ESU)","Mill, Abernathy, and Germany Creeks - fall Chum salmon",2019,40.939515772228
"Lower Columbia chum","Salmon, chum (Columbia River ESU)","Mill, Abernathy, and Germany Creeks - fall Chum salmon",2020,41.2812506774377
"Lower Columbia chum","Salmon, chum (Columbia River ESU)","Mill, Abernathy, and Germany Creeks - fall Chum salmon",2021,38.089914153902
"Lower Columbia chum","Salmon, chum (Columbia River ESU)","Mill, Abernathy, and Germany Creeks - fall Chum salmon",2022,94.4039074846107
"Lower Columbia chum","Salmon, chum (Columbia River ESU)","Mill, Abernathy, and Germany Creeks - fall Chum salmon",2023,101.459275322687
"Lower Columbia chum","Salmon, chum (Columbia River ESU)","Mill, Abernathy, and Germany Creeks - fall Chum salmon",2024,148.849995174611
"Lower Columbia chum","Salmon, chum (Columbia River ESU)","Mill, Abernathy, and Germany Creeks - fall Chum salmon",2025,160.968864077136
"Lower Columbia chum","Salmon, chum (Columbia River ESU)","Mill, Abernathy, and Germany Creeks - fall Chum salmon",2026,173.502215368724
"Lower Columbia chum","Salmon, chum (Columbia River ESU)","Upper Gorge Tributaries - fall Chum salmon",1999,39.9590308689265
"Lower Columbia chum","Salmon, chum (Columbia River ESU)","Upper Gorge Tributaries - fall Chum salmon",2000,26.2392338281817
"Lower Columbia chum","Salmon, chum (Columbia River ESU)","Upper Gorge Tributaries - fall Chum salmon",2001,39.3049524034906
"Lower Columbia chum","Salmon, chum (Columbia River ESU)","Upper Gorge Tributaries - fall Chum salmon",2002,95.6281704709909
"Lower Columbia chum","Salmon, chum (Columbia River ESU)","Upper Gorge Tributaries - fall Chum salmon",2003,175.081543296727
"Lower Columbia chum","Salmon, chum (Columbia River ESU)","Upper Gorge Tributaries - fall Chum salmon",2004,77.4098780718188
"Lower Columbia chum","Salmon, chum (Columbia River ESU)","Upper Gorge Tributaries - fall Chum salmon",2005,116.98963050907
"Lower Columbia chum","Salmon, chum (Columbia River ESU)","Upper Gorge Tributaries - fall Chum salmon",2006,143.266861432721
"Lower Columbia chum","Salmon, chum (Columbia River ESU)","Upper Gorge Tributaries - fall Chum salmon",2007,122.536400067444
"Lower Columbia chum","Salmon, chum (Columbia River ESU)","Upper Gorge Tributaries - fall Chum salmon",2008,91.6495840465795
"Lower Columbia chum","Salmon, chum (Columbia River ESU)","Upper Gorge Tributaries - fall Chum salmon",2009,97.5360685784418
"Lower Columbia chum","Salmon, chum (Columbia River ESU)","Upper Gorge Tributaries - fall Chum salmon",2010,105.71955951701
"Lower Columbia chum","Salmon, chum (Columbia River ESU)","Upper Gorge Tributaries - fall Chum salmon",2011,69.7546836656556
"Lower Columbia chum","Salmon, chum (Columbia River ESU)","Upper Gorge Tributaries - fall Chum salmon",2012,78.5166361566831
"Lower Columbia chum","Salmon, chum (Columbia River ESU)","Upper Gorge Tributaries - fall Chum salmon",2013,127.514867881444
"Lower Columbia chum","Salmon, chum (Columbia River ESU)","Upper Gorge Tributaries - fall Chum salmon",2014,114.38885853646
"Lower Columbia chum","Salmon, chum (Columbia River ESU)","Upper Gorge Tributaries - fall Chum salmon",2015,119.137872003136
"Lower Columbia chum","Salmon, chum (Columbia River ESU)","Upper Gorge Tributaries - fall Chum salmon",2016,61.069871077913
"Lower Columbia chum","Salmon, chum (Columbia River ESU)","Upper Gorge Tributaries - fall Chum salmon",2017,45.3452883171666
"Lower Columbia chum","Salmon, chum (Columbia River ESU)","Upper Gorge Tributaries - fall Chum salmon",2018,148.926160777513
"Lower Columbia chum","Salmon, chum (Columbia River ESU)","Upper Gorge Tributaries - fall Chum salmon",2019,228.55338268608
"Lower Columbia chum","Salmon, chum (Columbia River ESU)","Upper Gorge Tributaries - fall Chum salmon",2020,224.896189020586
"Lower Columbia chum","Salmon, chum (Columbia River ESU)","Upper Gorge Tributaries - fall Chum salmon",2021,298.049654750252
"Lower Columbia chum","Salmon, chum (Columbia River ESU)","Upper Gorge Tributaries - fall Chum salmon",2022,342.627132386625
"Lower Columbia chum","Salmon, chum (Columbia River ESU)","Upper Gorge Tributaries - fall Chum salmon",2023,460.432699495991
"Lower Columbia chum","Salmon, chum (Columbia River ESU)","Upper Gorge Tributaries - fall Chum salmon",2024,378.047683925366
"Lower Columbia chum","Salmon, chum (Columbia River ESU)","Upper Gorge Tributaries - fall Chum salmon",2025,420.618563755908
"Lower Columbia chum","Salmon, chum (Columbia River ESU)","Upper Gorge Tributaries - fall Chum salmon",2026,463.323923065033
"Lower Columbia chum","Salmon, chum (Columbia River ESU)","Washougal River - fall Chum salmon",1999,1373.74430608798
"Lower Columbia chum","Salmon, chum (Columbia River ESU)","Washougal River - fall Chum salmon",2000,1588.76666737265
"Lower Columbia chum","Salmon, chum (Columbia River ESU)","Washougal River - fall Chum salmon",2001,1934.07939188968
"Lower Columbia chum","Salmon, chum (Columbia River ESU)","Washougal River - fall Chum salmon",2002,3123.91147462106
"Lower Columbia chum","Salmon, chum (Columbia River ESU)","Washougal River - fall Chum salmon",2003,2755.18930615393
"Lower Columbia chum","Salmon, chum (Columbia River ESU)","Washougal River - fall Chum salmon",2004,2149.35626710166
"Lower Columbia chum","Salmon, chum (Columbia River ESU)","Washougal River - fall Chum salmon",2005,965.649070335964
"Lower Columbia chum","Salmon, chum (Columbia River ESU)","Washougal River - fall Chum salmon",2006,936.120988180585
"Lower Columbia chum","Salmon, chum (Columbia River ESU)","Washougal River - fall Chum salmon",2007,638.183511780566
"Lower Columbia chum","Salmon, chum (Columbia River ESU)","Washougal River - fall Chum salmon",2008,694.396870802383
"Lower Columbia chum","Salmon, chum (Columbia River ESU)","Washougal River - fall Chum salmon",2009,1053.42545705124
"Lower Columbia chum","Salmon, chum (Columbia River ESU)","Washougal River - fall Chum salmon",2010,2181.7402875088
"Lower Columbia chum","Salmon, chum (Columbia River ESU)","Washougal River - fall Chum salmon",2011,3779.61365789308
"Lower Columbia chum","Salmon, chum (Columbia River ESU)","Washougal River - fall Chum salmon",2012,2413.99078542898
"Lower Columbia chum","Salmon, chum (Columbia River ESU)","Washougal River - fall Chum salmon",2013,1538.04545803507
"Lower Columbia chum","Salmon, chum (Columbia River ESU)","Washougal River - fall Chum salmon",2014,1666.82917757203
"Lower Columbia chum","Salmon, chum (Columbia River ESU)","Washougal River - fall Chum salmon",2015,3787.42477746734
"Lower Columbia chum","Salmon, chum (Columbia River ESU)","Washougal River - fall Chum salmon",2016,4498.20212635852
"Lower Columbia chum","Salmon, chum (Columbia River ESU)","Washougal River - fall Chum salmon",2017,1800.22867907401
"Lower Columbia chum","Salmon, chum (Columbia River ESU)","Washougal River - fall Chum salmon",2018,2212.26175214891
"Lower Columbia chum","Salmon, chum (Columbia River ESU)","Washougal River - fall Chum salmon",2019,1714.72561951639
"Lower Columbia chum","Salmon, chum (Columbia River ESU)","Washougal River - fall Chum salmon",2020,2329.70072033412
"Lower Columbia chum","Salmon, chum (Columbia River ESU)","Washougal River - fall Chum salmon",2021,3518.88103986703
"Lower Columbia chum","Salmon, chum (Columbia River ESU)","Washougal River - fall Chum salmon",2022,4343.82769582819
"Lower Columbia chum","Salmon, chum (Columbia River ESU)","Washougal River - fall Chum salmon",2023,5376.97134866771
"Lower Columbia chum","Salmon, chum (Columbia River ESU)","Washougal River - fall Chum salmon",2024,6690.90032623456
"Lower Columbia chum","Salmon, chum (Columbia River ESU)","Washougal River - fall Chum salmon",2025,7111.92785593082
"Lower Columbia chum","Salmon, chum (Columbia River ESU)","Washougal River - fall Chum salmon",2026,7575.94348159501
"Hood Canal summer chum","Salmon, chum (Hood Canal summer-run ESU)","Hood Canal - summer chum salmon",1999,2718.7952681165
"Hood Canal summer chum","Salmon, chum (Hood Canal summer-run ESU)","Hood Canal - summer chum salmon",2000,6136.91783053335
"Hood Canal summer chum","Salmon, chum (Hood Canal summer-run ESU)","Hood Canal - summer chum salmon",2001,7615.67474797603
"Hood Canal summer chum","Salmon, chum (Hood Canal summer-run ESU)","Hood Canal - summer chum salmon",2002,10001.0122842649
"Hood Canal summer chum","Salmon, chum (Hood Canal summer-run ESU)","Hood Canal - summer chum salmon",2003,22632.4282567606
"Hood Canal summer chum","Salmon, chum (Hood Canal summer-run ESU)","Hood Canal - summer chum salmon",2004,34640.1425639877
"Hood Canal summer chum","Salmon, chum (Hood Canal summer-run ESU)","Hood Canal - summer chum salmon",2005,16400.8008351999
"Hood Canal summer chum","Salmon, chum (Hood Canal summer-run ESU)","Hood Canal - summer chum salmon",2006,18217.5781569252
"Hood Canal summer chum","Salmon, chum (Hood Canal summer-run ESU)","Hood Canal - summer chum salmon",2007,11097.4984984112
"Hood Canal summer chum","Salmon, chum (Hood Canal summer-run ESU)","Hood Canal - summer chum salmon",2008,11511.0262568593
"Hood Canal summer chum","Salmon, chum (Hood Canal summer-run ESU)","Hood Canal - summer chum salmon",2009,8165.00165340838
"Hood Canal summer chum","Salmon, chum (Hood Canal summer-run ESU)","Hood Canal - summer chum salmon",2010,10838.8773350459
"Hood Canal summer chum","Salmon, chum (Hood Canal summer-run ESU)","Hood Canal - summer chum salmon",2011,9417.81361569394
"Hood Canal summer chum","Salmon, chum (Hood Canal summer-run ESU)","Hood Canal - summer chum salmon",2012,19456.9364151059
"Hood Canal summer chum","Salmon, chum (Hood Canal summer-run ESU)","Hood Canal - summer chum salmon",2013,22321.8396059585
"Hood Canal summer chum","Salmon, chum (Hood Canal summer-run ESU)","Hood Canal - summer chum salmon",2014,26348.1200580141
"Hood Canal summer chum","Salmon, chum (Hood Canal summer-run ESU)","Hood Canal - summer chum salmon",2015,34228.4118548584
"Hood Canal summer chum","Salmon, chum (Hood Canal summer-run ESU)","Hood Canal - summer chum salmon",2016,41379.5214420405
"Hood Canal summer chum","Salmon, chum (Hood Canal summer-run ESU)","Hood Canal - summer chum salmon",2017,32506.2587851352
"Hood Canal summer chum","Salmon, chum (Hood Canal summer-run ESU)","Hood Canal - summer chum salmon",2018,13486.638289777
"Hood Canal summer chum","Salmon, chum (Hood Canal summer-run ESU)","Hood Canal - summer chum salmon",2019,10154.116784734
"Hood Canal summer chum","Salmon, chum (Hood Canal summer-run ESU)","Hood Canal - summer chum salmon",2020,10561.3067146262
"Hood Canal summer chum","Salmon, chum (Hood Canal summer-run ESU)","Hood Canal - summer chum salmon",2021,16386.2708817751
"Hood Canal summer chum","Salmon, chum (Hood Canal summer-run ESU)","Hood Canal - summer chum salmon",2022,26728.8566614345
"Hood Canal summer chum","Salmon, chum (Hood Canal summer-run ESU)","Hood Canal - summer chum salmon",2023,22064.2554043656
"Hood Canal summer chum","Salmon, chum (Hood Canal summer-run ESU)","Hood Canal - summer chum salmon",2024,34815.6564741006
"Hood Canal summer chum","Salmon, chum (Hood Canal summer-run ESU)","Hood Canal - summer chum salmon",2025,30782.5664261332
"Hood Canal summer chum","Salmon, chum (Hood Canal summer-run ESU)","Hood Canal - summer chum salmon",2026,33919.3010784785
"Hood Canal summer chum","Salmon, chum (Hood Canal summer-run ESU)","Strait of Juan de Fuca - summer chum salmon",1999,212.614923418963
"Hood Canal summer chum","Salmon, chum (Hood Canal summer-run ESU)","Strait of Juan de Fuca - summer chum salmon",2000,562.457379876446
"Hood Canal summer chum","Salmon, chum (Hood Canal summer-run ESU)","Strait of Juan de Fuca - summer chum salmon",2001,1388.31525234926
"Hood Canal summer chum","Salmon, chum (Hood Canal summer-run ESU)","Strait of Juan de Fuca - summer chum salmon",2002,3095.86551671184
"Hood Canal summer chum","Salmon, chum (Hood Canal summer-run ESU)","Strait of Juan de Fuca - summer chum salmon",2003,4376.64831615435
"Hood Canal summer chum","Salmon, chum (Hood Canal summer-run ESU)","Strait of Juan de Fuca - summer chum salmon",2004,5859.98547055299
"Hood Canal summer chum","Salmon, chum (Hood Canal summer-run ESU)","Strait of Juan de Fuca - summer chum salmon",2005,5413.65007730846
"Hood Canal summer chum","Salmon, chum (Hood Canal summer-run ESU)","Strait of Juan de Fuca - summer chum salmon",2006,5544.37776431524
"Hood Canal summer chum","Salmon, chum (Hood Canal summer-run ESU)","Strait of Juan de Fuca - summer chum salmon",2007,3342.51606595533
"Hood Canal summer chum","Salmon, chum (Hood Canal summer-run ESU)","Strait of Juan de Fuca - summer chum salmon",2008,3192.76673709744
"Hood Canal summer chum","Salmon, chum (Hood Canal summer-run ESU)","Strait of Juan de Fuca - summer chum salmon",2009,2978.75553160041
"Hood Canal summer chum","Salmon, chum (Hood Canal summer-run ESU)","Strait of Juan de Fuca - summer chum salmon",2010,4846.24477416346
"Hood Canal summer chum","Salmon, chum (Hood Canal summer-run ESU)","Strait of Juan de Fuca - summer chum salmon",2011,4227.57352517181
"Hood Canal summer chum","Salmon, chum (Hood Canal summer-run ESU)","Strait of Juan de Fuca - summer chum salmon",2012,5755.90872495598
"Hood Canal summer chum","Salmon, chum (Hood Canal summer-run ESU)","Strait of Juan de Fuca - summer chum salmon",2013,9299.15848873159
"Hood Canal summer chum","Salmon, chum (Hood Canal summer-run ESU)","Strait of Juan de Fuca - summer chum salmon",2014,8198.44958041662
"Hood Canal summer chum","Salmon, chum (Hood Canal summer-run ESU)","Strait of Juan de Fuca - summer chum salmon",2015,11472.8129739632
"Hood Canal summer chum","Salmon, chum (Hood Canal summer-run ESU)","Strait of Juan de Fuca - summer chum salmon",2016,7870.05878538138
"Hood Canal summer chum","Salmon, chum (Hood Canal summer-run ESU)","Strait of Juan de Fuca - summer chum salmon",2017,3109.8249941255
"Hood Canal summer chum","Salmon, chum (Hood Canal summer-run ESU)","Strait of Juan de Fuca - summer chum salmon",2018,2153.85838153071
"Hood Canal summer chum","Salmon, chum (Hood Canal summer-run ESU)","Strait of Juan de Fuca - summer chum salmon",2019,3708.15636861317
"Hood Canal summer chum","Salmon, chum (Hood Canal summer-run ESU)","Strait of Juan de Fuca - summer chum salmon",2020,3827.66315819701
"Hood Canal summer chum","Salmon, chum (Hood Canal summer-run ESU)","Strait of Juan de Fuca - summer chum salmon",2021,4445.61574906042
"Hood Canal summer chum","Salmon, chum (Hood Canal summer-run ESU)","Strait of Juan de Fuca - summer chum salmon",2022,8301.85690641914
"Hood Canal summer chum","Salmon, chum (Hood Canal summer-run ESU)","Strait of Juan de Fuca - summer chum salmon",2023,5914.19596267479
"Hood Canal summer chum","Salmon, chum (Hood Canal summer-run ESU)","Strait of Juan de Fuca - summer chum salmon",2024,8847.05672723528
"Hood Canal summer chum","Salmon, chum (Hood Canal summer-run ESU)","Strait of Juan de Fuca - summer chum salmon",2025,6684.27936388833
"Hood Canal summer chum","Salmon, chum (Hood Canal summer-run ESU)","Strait of Juan de Fuca - summer chum salmon",2026,7759.06249457574
"Lower Columbia coho","Salmon, coho (Lower Columbia River ESU)","Coweeman River - late Coho salmon",2005,2360.04259705075
"Lower Columbia coho","Salmon, coho (Lower Columbia River ESU)","Coweeman River - late Coho salmon",2006,2553.42924629027
"Lower Columbia coho","Salmon, coho (Lower Columbia River ESU)","Coweeman River - late Coho salmon",2007,2867.33797353022
"Lower Columbia coho","Salmon, coho (Lower Columbia River ESU)","Coweeman River - late Coho salmon",2008,3244.50279222311
"Lower Columbia coho","Salmon, coho (Lower Columbia River ESU)","Coweeman River - late Coho salmon",2009,3733.19015848586
"Lower Columbia coho","Salmon, coho (Lower Columbia River ESU)","Coweeman River - late Coho salmon",2010,3949.44515239497
"Lower Columbia coho","Salmon, coho (Lower Columbia River ESU)","Coweeman River - late Coho salmon",2011,3841.22204108145
"Lower Columbia coho","Salmon, coho (Lower Columbia River ESU)","Coweeman River - late Coho salmon",2012,3697.08183289399
"Lower Columbia coho","Salmon, coho (Lower Columbia River ESU)","Coweeman River - late Coho salmon",2013,4139.42771484001
"Lower Columbia coho","Salmon, coho (Lower Columbia River ESU)","Coweeman River - late Coho salmon",2014,7401.12177983788
"Lower Columbia coho","Salmon, coho (Lower Columbia River ESU)","Coweeman River - late Coho salmon",2015,1331.38053783592
"Lower Columbia coho","Salmon, coho (Lower Columbia River ESU)","Coweeman River - late Coho salmon",2016,3256.12698087987
"Lower Columbia coho","Salmon, coho (Lower Columbia River ESU)","Coweeman River - late Coho salmon",2017,2731.96538024032
"Lower Columbia coho","Salmon, coho (Lower Columbia River ESU)","Coweeman River - late Coho salmon",2018,2887.27081848878
"Lower Columbia coho","Salmon, coho (Lower Columbia River ESU)","Coweeman River - late Coho salmon",2019,3442.85391705547
"Lower Columbia coho","Salmon, coho (Lower Columbia River ESU)","Coweeman River - late Coho salmon",2020,4688.83286768343
"Lower Columbia coho","Salmon, coho (Lower Columbia River ESU)","Coweeman River - late Coho salmon",2021,4772.88113804223
"Lower Columbia coho","Salmon, coho (Lower Columbia River ESU)","Coweeman River - late Coho salmon",2022,4081.33569138348
"Lower Columbia coho","Salmon, coho (Lower Columbia River ESU)","Coweeman River - late Coho salmon",2023,2817.07243575023
"Lower Columbia coho","Salmon, coho (Lower Columbia River ESU)","Coweeman River - late Coho salmon",2024,2408.74982047417
"Lower Columbia coho","Salmon, coho (Lower Columbia River ESU)","Coweeman River - late Coho salmon",2025,2483.56281077756
"Lower Columbia coho","Salmon, coho (Lower Columbia River ESU)","Coweeman River - late Coho salmon",2026,2439.84992510573
"Lower Columbia coho","Salmon, coho (Lower Columbia River ESU)","East Fork Lewis River - early and late Coho salmon",2005,2126.51470891386
"Lower Columbia coho","Salmon, coho (Lower Columbia River ESU)","East Fork Lewis River - early and late Coho salmon",2006,1859.12116173348
"Lower Columbia coho","Salmon, coho (Lower Columbia River ESU)","East Fork Lewis River - early and late Coho salmon",2007,1737.86678711068
"Lower Columbia coho","Salmon, coho (Lower Columbia River ESU)","East Fork Lewis River - early and late Coho salmon",2008,1674.6803122064
"Lower Columbia coho","Salmon, coho (Lower Columbia River ESU)","East Fork Lewis River - early and late Coho salmon",2009,1629.41489708512
"Lower Columbia coho","Salmon, coho (Lower Columbia River ESU)","East Fork Lewis River - early and late Coho salmon",2010,1482.43638722823
"Lower Columbia coho","Salmon, coho (Lower Columbia River ESU)","East Fork Lewis River - early and late Coho salmon",2011,1435.11910485136
"Lower Columbia coho","Salmon, coho (Lower Columbia River ESU)","East Fork Lewis River - early and late Coho salmon",2012,3006.92060584356
"Lower Columbia coho","Salmon, coho (Lower Columbia River ESU)","East Fork Lewis River - early and late Coho salmon",2013,2814.22291910006
"Lower Columbia coho","Salmon, coho (Lower Columbia River ESU)","East Fork Lewis River - early and late Coho salmon",2014,4833.9914057403
"Lower Columbia coho","Salmon, coho (Lower Columbia River ESU)","East Fork Lewis River - early and late Coho salmon",2015,586.481746258641
"Lower Columbia coho","Salmon, coho (Lower Columbia River ESU)","East Fork Lewis River - early and late Coho salmon",2016,1263.62208896316
"Lower Columbia coho","Salmon, coho (Lower Columbia River ESU)","East Fork Lewis River - early and late Coho salmon",2017,1528.37319659903
"Lower Columbia coho","Salmon, coho (Lower Columbia River ESU)","East Fork Lewis River - early and late Coho salmon",2018,1628.61923581136
"Lower Columbia coho","Salmon, coho (Lower Columbia River ESU)","East Fork Lewis River - early and late Coho salmon",2019,2293.9959442624
"Lower Columbia coho","Salmon, coho (Lower Columbia River ESU)","East Fork Lewis River - early and late Coho salmon",2020,2405.27045999124
"Lower Columbia coho","Salmon, coho (Lower Columbia River ESU)","East Fork Lewis River - early and late Coho salmon",2021,4339.71951602703
"Lower Columbia coho","Salmon, coho (Lower Columbia River ESU)","East Fork Lewis River - early and late Coho salmon",2022,3234.10288115786
"Lower Columbia coho","Salmon, coho (Lower Columbia River ESU)","East Fork Lewis River - early and late Coho salmon",2023,1908.53034650441
"Lower Columbia coho","Salmon, coho (Lower Columbia River ESU)","East Fork Lewis River - early and late Coho salmon",2024,4028.03063463921
"Lower Columbia coho","Salmon, coho (Lower Columbia River ESU)","East Fork Lewis River - early and late Coho salmon",2025,4122.65553771338
"Lower Columbia coho","Salmon, coho (Lower Columbia River ESU)","East Fork Lewis River - early and late Coho salmon",2026,4330.8345929353
"Lower Columbia coho","Salmon, coho (Lower Columbia River ESU)","Elochoman River - late Coho salmon",2005,1141.86040170291
"Lower Columbia coho","Salmon, coho (Lower Columbia River ESU)","Elochoman River - late Coho salmon",2006,1083.52656449229
"Lower Columbia coho","Salmon, coho (Lower Columbia River ESU)","Elochoman River - late Coho salmon",2007,1044.78927576879
"Lower Columbia coho","Salmon, coho (Lower Columbia River ESU)","Elochoman River - late Coho salmon",2008,1018.43894513316
"Lower Columbia coho","Salmon, coho (Lower Columbia River ESU)","Elochoman River - late Coho salmon",2009,1016.49570238599
"Lower Columbia coho","Salmon, coho (Lower Columbia River ESU)","Elochoman River - late Coho salmon",2010,967.748811075976
"Lower Columbia coho","Salmon, coho (Lower Columbia River ESU)","Elochoman River - late Coho salmon",2011,655.878291882759
"Lower Columbia coho","Salmon, coho (Lower Columbia River ESU)","Elochoman River - late Coho salmon",2012,609.055195039513
"Lower Columbia coho","Salmon, coho (Lower Columbia River ESU)","Elochoman River - late Coho salmon",2013,893.257839626241
"Lower Columbia coho","Salmon, coho (Lower Columbia River ESU)","Elochoman River - late Coho salmon",2014,3576.74342519652
"Lower Columbia coho","Salmon, coho (Lower Columbia River ESU)","Elochoman River - late Coho salmon",2015,419.919538747237
"Lower Columbia coho","Salmon, coho (Lower Columbia River ESU)","Elochoman River - late Coho salmon",2016,931.043280492404
"Lower Columbia coho","Salmon, coho (Lower Columbia River ESU)","Elochoman River - late Coho salmon",2017,992.844841995197
"Lower Columbia coho","Salmon, coho (Lower Columbia River ESU)","Elochoman River - late Coho salmon",2018,1186.1559566517
"Lower Columbia coho","Salmon, coho (Lower Columbia River ESU)","Elochoman River - late Coho salmon",2019,1814.06705003265
"Lower Columbia coho","Salmon, coho (Lower Columbia River ESU)","Elochoman River - late Coho salmon",2020,1987.79162518557
"Lower Columbia coho","Salmon, coho (Lower Columbia River ESU)","Elochoman River - late Coho salmon",2021,1720.5425879358
"Lower Columbia coho","Salmon, coho (Lower Columbia River ESU)","Elochoman River - late Coho salmon",2022,1120.91856134548
"Lower Columbia coho","Salmon, coho (Lower Columbia River ESU)","Elochoman River - late Coho salmon",2023,1519.74323399354
"Lower Columbia coho","Salmon, coho (Lower Columbia River ESU)","Elochoman River - late Coho salmon",2024,1975.8645464203
"Lower Columbia coho","Salmon, coho (Lower Columbia River ESU)","Elochoman River - late Coho salmon",2025,2030.91074973664
"Lower Columbia coho","Salmon, coho (Lower Columbia River ESU)","Elochoman River - late Coho salmon",2026,2084.14112318051
"Lower Columbia coho","Salmon, coho (Lower Columbia River ESU)","Grays and Chinook Rivers - late Coho salmon",2005,610.644929014616
"Lower Columbia coho","Salmon, coho (Lower Columbia River ESU)","Grays and Chinook Rivers - late Coho salmon",2006,555.126910362834
"Lower Columbia coho","Salmon, coho (Lower Columbia River ESU)","Grays and Chinook Rivers - late Coho salmon",2007,539.352908413472
"Lower Columbia coho","Salmon, coho (Lower Columbia River ESU)","Grays and Chinook Rivers - late Coho salmon",2008,526.559551402687
"Lower Columbia coho","Salmon, coho (Lower Columbia River ESU)","Grays and Chinook Rivers - late Coho salmon",2009,533.465235289385
"Lower Columbia coho","Salmon, coho (Lower Columbia River ESU)","Grays and Chinook Rivers - late Coho salmon",2010,497.02776814892
"Lower Columbia coho","Salmon, coho (Lower Columbia River ESU)","Grays and Chinook Rivers - late Coho salmon",2011,342.089970452006
"Lower Columbia coho","Salmon, coho (Lower Columbia River ESU)","Grays and Chinook Rivers - late Coho salmon",2012,471.420912286452
"Lower Columbia coho","Salmon, coho (Lower Columbia River ESU)","Grays and Chinook Rivers - late Coho salmon",2013,791.902781770841
"Lower Columbia coho","Salmon, coho (Lower Columbia River ESU)","Grays and Chinook Rivers - late Coho salmon",2014,2658.97432304685
"Lower Columbia coho","Salmon, coho (Lower Columbia River ESU)","Grays and Chinook Rivers - late Coho salmon",2015,342.785463680913
"Lower Columbia coho","Salmon, coho (Lower Columbia River ESU)","Grays and Chinook Rivers - late Coho salmon",2016,676.886157054512
"Lower Columbia coho","Salmon, coho (Lower Columbia River ESU)","Grays and Chinook Rivers - late Coho salmon",2017,460.61416687239
"Lower Columbia coho","Salmon, coho (Lower Columbia River ESU)","Grays and Chinook Rivers - late Coho salmon",2018,470.096651015513
"Lower Columbia coho","Salmon, coho (Lower Columbia River ESU)","Grays and Chinook Rivers - late Coho salmon",2019,799.733635146162
"Lower Columbia coho","Salmon, coho (Lower Columbia River ESU)","Grays and Chinook Rivers - late Coho salmon",2020,1002.28665319585
"Lower Columbia coho","Salmon, coho (Lower Columbia River ESU)","Grays and Chinook Rivers - late Coho salmon",2021,1136.02053040695
"Lower Columbia coho","Salmon, coho (Lower Columbia River ESU)","Grays and Chinook Rivers - late Coho salmon",2022,995.529776491664
"Lower Columbia coho","Salmon, coho (Lower Columbia River ESU)","Grays and Chinook Rivers - late Coho salmon",2023,916.349071729774
"Lower Columbia coho","Salmon, coho (Lower Columbia River ESU)","Grays and Chinook Rivers - late Coho salmon",2024,1170.39304169239
"Lower Columbia coho","Salmon, coho (Lower Columbia River ESU)","Grays and Chinook Rivers - late Coho salmon",2025,1213.7755751412
"Lower Columbia coho","Salmon, coho (Lower Columbia River ESU)","Grays and Chinook Rivers - late Coho salmon",2026,1270.06509008966
"Lower Columbia coho","Salmon, coho (Lower Columbia River ESU)","Kalama River - late Coho salmon",2005,92.8329013934844
"Lower Columbia coho","Salmon, coho (Lower Columbia River ESU)","Kalama River - late Coho salmon",2006,85.8595595852572
"Lower Columbia coho","Salmon, coho (Lower Columbia River ESU)","Kalama River - late Coho salmon",2007,80.3625700469518
"Lower Columbia coho","Salmon, coho (Lower Columbia River ESU)","Kalama River - late Coho salmon",2008,77.7000059779093
"Lower Columbia coho","Salmon, coho (Lower Columbia River ESU)","Kalama River - late Coho salmon",2009,75.5893801403624
"Lower Columbia coho","Salmon, coho (Lower Columbia River ESU)","Kalama River - late Coho salmon",2010,70.8783823312587
"Lower Columbia coho","Salmon, coho (Lower Columbia River ESU)","Kalama River - late Coho salmon",2011,39.6218605318995
"Lower Columbia coho","Salmon, coho (Lower Columbia River ESU)","Kalama River - late Coho salmon",2012,40.1370900445863
"Lower Columbia coho","Salmon, coho (Lower Columbia River ESU)","Kalama River - late Coho salmon",2013,50.1741192969786
"Lower Columbia coho","Salmon, coho (Lower Columbia River ESU)","Kalama River - late Coho salmon",2014,138.420024649115
"Lower Columbia coho","Salmon, coho (Lower Columbia River ESU)","Kalama River - late Coho salmon",2015,27.2813544304202
"Lower Columbia coho","Salmon, coho (Lower Columbia River ESU)","Kalama River - late Coho salmon",2016,63.6654985506905
"Lower Columbia coho","Salmon, coho (Lower Columbia River ESU)","Kalama River - late Coho salmon",2017,57.5998924214803
"Lower Columbia coho","Salmon, coho (Lower Columbia River ESU)","Kalama River - late Coho salmon",2018,73.7750683340375
"Lower Columbia coho","Salmon, coho (Lower Columbia River ESU)","Kalama River - late Coho salmon",2019,125.966257845404
"Lower Columbia coho","Salmon, coho (Lower Columbia River ESU)","Kalama River - late Coho salmon",2020,223.272095577078
"Lower Columbia coho","Salmon, coho (Lower Columbia River ESU)","Kalama River - late Coho salmon",2021,205.091005978349
"Lower Columbia coho","Salmon, coho (Lower Columbia River ESU)","Kalama River - late Coho salmon",2022,209.111747191903
"Lower Columbia coho","Salmon, coho (Lower Columbia River ESU)","Kalama River - late Coho salmon",2023,196.651468862181
"Lower Columbia coho","Salmon, coho (Lower Columbia River ESU)","Kalama River - late Coho salmon",2024,187.664465165286
"Lower Columbia coho","Salmon, coho (Lower Columbia River ESU)","Kalama River - late Coho salmon",2025,196.146453486564
"Lower Columbia coho","Salmon, coho (Lower Columbia River ESU)","Kalama River - late Coho salmon",2026,204.25969328614
"Lower Columbia coho","Salmon, coho (Lower Columbia River ESU)","Lower Cowlitz River - late Coho salmon",2005,7240.67641076782
"Lower Columbia coho","Salmon, coho (Lower Columbia River ESU)","Lower Cowlitz River - late Coho salmon",2006,7007.32417640329
"Lower Columbia coho","Salmon, coho (Lower Columbia River ESU)","Lower Cowlitz River - late Coho salmon",2007,6945.31057972042
"Lower Columbia coho","Salmon, coho (Lower Columbia River ESU)","Lower Cowlitz River - late Coho salmon",2008,7104.50824990562
"Lower Columbia coho","Salmon, coho (Lower Columbia River ESU)","Lower Cowlitz River - late Coho salmon",2009,7163.89267212515
"Lower Columbia coho","Salmon, coho (Lower Columbia River ESU)","Lower Cowlitz River - late Coho salmon",2010,7000.32991051942
"Lower Columbia coho","Salmon, coho (Lower Columbia River ESU)","Lower Cowlitz River - late Coho salmon",2011,5158.53828985976
"Lower Columbia coho","Salmon, coho (Lower Columbia River ESU)","Lower Cowlitz River - late Coho salmon",2012,4932.73361996803
"Lower Columbia coho","Salmon, coho (Lower Columbia River ESU)","Lower Cowlitz River - late Coho salmon",2013,6246.91420945747
"Lower Columbia coho","Salmon, coho (Lower Columbia River ESU)","Lower Cowlitz River - late Coho salmon",2014,25055.8407756279
"Lower Columbia coho","Salmon, coho (Lower Columbia River ESU)","Lower Cowlitz River - late Coho salmon",2015,2651.10411744685
"Lower Columbia coho","Salmon, coho (Lower Columbia River ESU)","Lower Cowlitz River - late Coho salmon",2016,4606.33703800919
"Lower Columbia coho","Salmon, coho (Lower Columbia River ESU)","Lower Cowlitz River - late Coho salmon",2017,2984.01393576904
"Lower Columbia coho","Salmon, coho (Lower Columbia River ESU)","Lower Cowlitz River - late Coho salmon",2018,2865.4976639222
"Lower Columbia coho","Salmon, coho (Lower Columbia River ESU)","Lower Cowlitz River - late Coho salmon",2019,3461.06008221932
"Lower Columbia coho","Salmon, coho (Lower Columbia River ESU)","Lower Cowlitz River - late Coho salmon",2020,4908.71921266504
"Lower Columbia coho","Salmon, coho (Lower Columbia River ESU)","Lower Cowlitz River - late Coho salmon",2021,5891.46556738722
"Lower Columbia coho","Salmon, coho (Lower Columbia River ESU)","Lower Cowlitz River - late Coho salmon",2022,4810.45159365671
"Lower Columbia coho","Salmon, coho (Lower Columbia River ESU)","Lower Cowlitz River - late Coho salmon",2023,6162.97734010015
"Lower Columbia coho","Salmon, coho (Lower Columbia River ESU)","Lower Cowlitz River - late Coho salmon",2024,11107.0086693651
"Lower Columbia coho","Salmon, coho (Lower Columbia River ESU)","Lower Cowlitz River - late Coho salmon",2025,11388.9975423602
"Lower Columbia coho","Salmon, coho (Lower Columbia River ESU)","Lower Cowlitz River - late Coho salmon",2026,11520.2685565198
"Lower Columbia coho","Salmon, coho (Lower Columbia River ESU)","Lower Gorge Tributaries - late Coho salmon",2005,724.244059204464
"Lower Columbia coho","Salmon, coho (Lower Columbia River ESU)","Lower Gorge Tributaries - late Coho salmon",2006,673.883025149263
"Lower Columbia coho","Salmon, coho (Lower Columbia River ESU)","Lower Gorge Tributaries - late Coho salmon",2007,659.911838368387
"Lower Columbia coho","Salmon, coho (Lower Columbia River ESU)","Lower Gorge Tributaries - late Coho salmon",2008,648.440526258489
"Lower Columbia coho","Salmon, coho (Lower Columbia River ESU)","Lower Gorge Tributaries - late Coho salmon",2009,649.091193779369
"Lower Columbia coho","Salmon, coho (Lower Columbia River ESU)","Lower Gorge Tributaries - late Coho salmon",2010,609.26612783778
"Lower Columbia coho","Salmon, coho (Lower Columbia River ESU)","Lower Gorge Tributaries - late Coho salmon",2011,474.380624387176
"Lower Columbia coho","Salmon, coho (Lower Columbia River ESU)","Lower Gorge Tributaries - late Coho salmon",2012,548.887740797193
"Lower Columbia coho","Salmon, coho (Lower Columbia River ESU)","Lower Gorge Tributaries - late Coho salmon",2013,716.703210184366
"Lower Columbia coho","Salmon, coho (Lower Columbia River ESU)","Lower Gorge Tributaries - late Coho salmon",2014,1972.26151269314
"Lower Columbia coho","Salmon, coho (Lower Columbia River ESU)","Lower Gorge Tributaries - late Coho salmon",2015,388.231778997936
"Lower Columbia coho","Salmon, coho (Lower Columbia River ESU)","Lower Gorge Tributaries - late Coho salmon",2016,777.498260761309
"Lower Columbia coho","Salmon, coho (Lower Columbia River ESU)","Lower Gorge Tributaries - late Coho salmon",2017,576.029662152158
"Lower Columbia coho","Salmon, coho (Lower Columbia River ESU)","Lower Gorge Tributaries - late Coho salmon",2018,617.853003905372
"Lower Columbia coho","Salmon, coho (Lower Columbia River ESU)","Lower Gorge Tributaries - late Coho salmon",2019,1127.50138025777
"Lower Columbia coho","Salmon, coho (Lower Columbia River ESU)","Lower Gorge Tributaries - late Coho salmon",2020,1184.1173250204
"Lower Columbia coho","Salmon, coho (Lower Columbia River ESU)","Lower Gorge Tributaries - late Coho salmon",2021,1335.3389110903
"Lower Columbia coho","Salmon, coho (Lower Columbia River ESU)","Lower Gorge Tributaries - late Coho salmon",2022,1279.91669042468
"Lower Columbia coho","Salmon, coho (Lower Columbia River ESU)","Lower Gorge Tributaries - late Coho salmon",2023,999.443191178852
"Lower Columbia coho","Salmon, coho (Lower Columbia River ESU)","Lower Gorge Tributaries - late Coho salmon",2024,1416.09654949738
"Lower Columbia coho","Salmon, coho (Lower Columbia River ESU)","Lower Gorge Tributaries - late Coho salmon",2025,1459.37195917257
"Lower Columbia coho","Salmon, coho (Lower Columbia River ESU)","Lower Gorge Tributaries - late Coho salmon",2026,1511.56395185075
"Lower Columbia coho","Salmon, coho (Lower Columbia River ESU)","Mill, Abernathy, and Germany Creeks - late Coho salmon",2005,1682.29975711328
"Lower Columbia coho","Salmon, coho (Lower Columbia River ESU)","Mill, Abernathy, and Germany Creeks - late Coho salmon",2006,1511.46333123499
"Lower Columbia coho","Salmon, coho (Lower Columbia River ESU)","Mill, Abernathy, and Germany Creeks - late Coho salmon",2007,1378.52744908197
"Lower Columbia coho","Salmon, coho (Lower Columbia River ESU)","Mill, Abernathy, and Germany Creeks - late Coho salmon",2008,1283.68688799103
"Lower Columbia coho","Salmon, coho (Lower Columbia River ESU)","Mill, Abernathy, and Germany Creeks - late Coho salmon",2009,1195.78333641948
"Lower Columbia coho","Salmon, coho (Lower Columbia River ESU)","Mill, Abernathy, and Germany Creeks - late Coho salmon",2010,1088.1802000218
"Lower Columbia coho","Salmon, coho (Lower Columbia River ESU)","Mill, Abernathy, and Germany Creeks - late Coho salmon",2011,651.394357427632
"Lower Columbia coho","Salmon, coho (Lower Columbia River ESU)","Mill, Abernathy, and Germany Creeks - late Coho salmon",2012,717.816588407363
"Lower Columbia coho","Salmon, coho (Lower Columbia River ESU)","Mill, Abernathy, and Germany Creeks - late Coho salmon",2013,944.767075653387
"Lower Columbia coho","Salmon, coho (Lower Columbia River ESU)","Mill, Abernathy, and Germany Creeks - late Coho salmon",2014,3223.55311138722
"Lower Columbia coho","Salmon, coho (Lower Columbia River ESU)","Mill, Abernathy, and Germany Creeks - late Coho salmon",2015,787.704872443883
"Lower Columbia coho","Salmon, coho (Lower Columbia River ESU)","Mill, Abernathy, and Germany Creeks - late Coho salmon",2016,1370.57965836151
"Lower Columbia coho","Salmon, coho (Lower Columbia River ESU)","Mill, Abernathy, and Germany Creeks - late Coho salmon",2017,1043.73535137425
"Lower Columbia coho","Salmon, coho (Lower Columbia River ESU)","Mill, Abernathy, and Germany Creeks - late Coho salmon",2018,1148.75121998613
"Lower Columbia coho","Salmon, coho (Lower Columbia River ESU)","Mill, Abernathy, and Germany Creeks - late Coho salmon",2019,1780.76888823373
"Lower Columbia coho","Salmon, coho (Lower Columbia River ESU)","Mill, Abernathy, and Germany Creeks - late Coho salmon",2020,1866.48272005125
"Lower Columbia coho","Salmon, coho (Lower Columbia River ESU)","Mill, Abernathy, and Germany Creeks - late Coho salmon",2021,1828.57587632986
"Lower Columbia coho","Salmon, coho (Lower Columbia River ESU)","Mill, Abernathy, and Germany Creeks - late Coho salmon",2022,2387.57736650376
"Lower Columbia coho","Salmon, coho (Lower Columbia River ESU)","Mill, Abernathy, and Germany Creeks - late Coho salmon",2023,2808.60143012524
"Lower Columbia coho","Salmon, coho (Lower Columbia River ESU)","Mill, Abernathy, and Germany Creeks - late Coho salmon",2024,4016.45536162288
"Lower Columbia coho","Salmon, coho (Lower Columbia River ESU)","Mill, Abernathy, and Germany Creeks - late Coho salmon",2025,4236.84788955392
"Lower Columbia coho","Salmon, coho (Lower Columbia River ESU)","Mill, Abernathy, and Germany Creeks - late Coho salmon",2026,4432.6481381742
"Lower Columbia coho","Salmon, coho (Lower Columbia River ESU)","North Fork Lewis River - early and late Coho salmon",2005,2299.02371482293
"Lower Columbia coho","Salmon, coho (Lower Columbia River ESU)","North Fork Lewis River - early and late Coho salmon",2006,2162.63992222968
"Lower Columbia coho","Salmon, coho (Lower Columbia River ESU)","North Fork Lewis River - early and late Coho salmon",2007,2148.6427650227
"Lower Columbia coho","Salmon, coho (Lower Columbia River ESU)","North Fork Lewis River - early and late Coho salmon",2008,2191.10708392912
"Lower Columbia coho","Salmon, coho (Lower Columbia River ESU)","North Fork Lewis River - early and late Coho salmon",2009,2361.15491523879
"Lower Columbia coho","Salmon, coho (Lower Columbia River ESU)","North Fork Lewis River - early and late Coho salmon",2010,2207.61431017187
"Lower Columbia coho","Salmon, coho (Lower Columbia River ESU)","North Fork Lewis River - early and late Coho salmon",2011,1452.78651010834
"Lower Columbia coho","Salmon, coho (Lower Columbia River ESU)","North Fork Lewis River - early and late Coho salmon",2012,1516.85914911698
"Lower Columbia coho","Salmon, coho (Lower Columbia River ESU)","North Fork Lewis River - early and late Coho salmon",2013,1445.77355393819
"Lower Columbia coho","Salmon, coho (Lower Columbia River ESU)","North Fork Lewis River - early and late Coho salmon",2014,10192.5050921159
"Lower Columbia coho","Salmon, coho (Lower Columbia River ESU)","North Fork Lewis River - early and late Coho salmon",2015,1091.94560879864
"Lower Columbia coho","Salmon, coho (Lower Columbia River ESU)","North Fork Lewis River - early and late Coho salmon",2016,3633.74624729487
"Lower Columbia coho","Salmon, coho (Lower Columbia River ESU)","North Fork Lewis River - early and late Coho salmon",2017,4532.91005641319
"Lower Columbia coho","Salmon, coho (Lower Columbia River ESU)","North Fork Lewis River - early and late Coho salmon",2018,3636.60252045951
"Lower Columbia coho","Salmon, coho (Lower Columbia River ESU)","North Fork Lewis River - early and late Coho salmon",2019,4593.4965364465
"Lower Columbia coho","Salmon, coho (Lower Columbia River ESU)","North Fork Lewis River - early and late Coho salmon",2020,7270.34735949864
"Lower Columbia coho","Salmon, coho (Lower Columbia River ESU)","North Fork Lewis River - early and late Coho salmon",2021,5536.65047132924
"Lower Columbia coho","Salmon, coho (Lower Columbia River ESU)","North Fork Lewis River - early and late Coho salmon",2022,5717.47371220343
"Lower Columbia coho","Salmon, coho (Lower Columbia River ESU)","North Fork Lewis River - early and late Coho salmon",2023,4424.78676036605
"Lower Columbia coho","Salmon, coho (Lower Columbia River ESU)","North Fork Lewis River - early and late Coho salmon",2024,3563.73157771226
"Lower Columbia coho","Salmon, coho (Lower Columbia River ESU)","North Fork Lewis River - early and late Coho salmon",2025,3663.8192804071
"Lower Columbia coho","Salmon, coho (Lower Columbia River ESU)","North Fork Lewis River - early and late Coho salmon",2026,3784.27089971472
"Lower Columbia coho","Salmon, coho (Lower Columbia River ESU)","North Fork Toutle River - early and late Coho salmon",2005,1742.71587007647
"Lower Columbia coho","Salmon, coho (Lower Columbia River ESU)","North Fork Toutle River - early and late Coho salmon",2006,1692.17868984834
"Lower Columbia coho","Salmon, coho (Lower Columbia River ESU)","North Fork Toutle River - early and late Coho salmon",2007,1710.69198233854
"Lower Columbia coho","Salmon, coho (Lower Columbia River ESU)","North Fork Toutle River - early and late Coho salmon",2008,1719.59869341182
"Lower Columbia coho","Salmon, coho (Lower Columbia River ESU)","North Fork Toutle River - early and late Coho salmon",2009,1742.86545575841
"Lower Columbia coho","Salmon, coho (Lower Columbia River ESU)","North Fork Toutle River - early and late Coho salmon",2010,1735.34941437951
"Lower Columbia coho","Salmon, coho (Lower Columbia River ESU)","North Fork Toutle River - early and late Coho salmon",2011,1027.69560125065
"Lower Columbia coho","Salmon, coho (Lower Columbia River ESU)","North Fork Toutle River - early and late Coho salmon",2012,1437.97761763914
"Lower Columbia coho","Salmon, coho (Lower Columbia River ESU)","North Fork Toutle River - early and late Coho salmon",2013,2393.51222490059
"Lower Columbia coho","Salmon, coho (Lower Columbia River ESU)","North Fork Toutle River - early and late Coho salmon",2014,5501.2897361545
"Lower Columbia coho","Salmon, coho (Lower Columbia River ESU)","North Fork Toutle River - early and late Coho salmon",2015,926.346983667575
"Lower Columbia coho","Salmon, coho (Lower Columbia River ESU)","North Fork Toutle River - early and late Coho salmon",2016,1903.31829031431
"Lower Columbia coho","Salmon, coho (Lower Columbia River ESU)","North Fork Toutle River - early and late Coho salmon",2017,1001.68177830338
"Lower Columbia coho","Salmon, coho (Lower Columbia River ESU)","North Fork Toutle River - early and late Coho salmon",2018,1050.81992263009
"Lower Columbia coho","Salmon, coho (Lower Columbia River ESU)","North Fork Toutle River - early and late Coho salmon",2019,2143.26948242657
"Lower Columbia coho","Salmon, coho (Lower Columbia River ESU)","North Fork Toutle River - early and late Coho salmon",2020,2163.44835727664
"Lower Columbia coho","Salmon, coho (Lower Columbia River ESU)","North Fork Toutle River - early and late Coho salmon",2021,2328.0457773973
"Lower Columbia coho","Salmon, coho (Lower Columbia River ESU)","North Fork Toutle River - early and late Coho salmon",2022,2471.42155653475
"Lower Columbia coho","Salmon, coho (Lower Columbia River ESU)","North Fork Toutle River - early and late Coho salmon",2023,2051.65655580995
"Lower Columbia coho","Salmon, coho (Lower Columbia River ESU)","North Fork Toutle River - early and late Coho salmon",2024,2542.22568839437
"Lower Columbia coho","Salmon, coho (Lower Columbia River ESU)","North Fork Toutle River - early and late Coho salmon",2025,2628.402901747
"Lower Columbia coho","Salmon, coho (Lower Columbia River ESU)","North Fork Toutle River - early and late Coho salmon",2026,2652.96924434016
"Lower Columbia coho","Salmon, coho (Lower Columbia River ESU)","Salmon Creek - late Coho salmon",2005,1210.6456333258
"Lower Columbia coho","Salmon, coho (Lower Columbia River ESU)","Salmon Creek - late Coho salmon",2006,1190.92802150123
"Lower Columbia coho","Salmon, coho (Lower Columbia River ESU)","Salmon Creek - late Coho salmon",2007,1219.20321870746
"Lower Columbia coho","Salmon, coho (Lower Columbia River ESU)","Salmon Creek - late Coho salmon",2008,1238.75277374708
"Lower Columbia coho","Salmon, coho (Lower Columbia River ESU)","Salmon Creek - late Coho salmon",2009,1290.18556541753
"Lower Columbia coho","Salmon, coho (Lower Columbia River ESU)","Salmon Creek - late Coho salmon",2010,1291.37603894645
"Lower Columbia coho","Salmon, coho (Lower Columbia River ESU)","Salmon Creek - late Coho salmon",2011,849.173614085693
"Lower Columbia coho","Salmon, coho (Lower Columbia River ESU)","Salmon Creek - late Coho salmon",2012,926.97969061356
"Lower Columbia coho","Salmon, coho (Lower Columbia River ESU)","Salmon Creek - late Coho salmon",2013,1212.06568107425
"Lower Columbia coho","Salmon, coho (Lower Columbia River ESU)","Salmon Creek - late Coho salmon",2014,3541.91424387344
"Lower Columbia coho","Salmon, coho (Lower Columbia River ESU)","Salmon Creek - late Coho salmon",2015,684.804940353527
"Lower Columbia coho","Salmon, coho (Lower Columbia River ESU)","Salmon Creek - late Coho salmon",2016,1437.79634480211
"Lower Columbia coho","Salmon, coho (Lower Columbia River ESU)","Salmon Creek - late Coho salmon",2017,1238.11082748443
"Lower Columbia coho","Salmon, coho (Lower Columbia River ESU)","Salmon Creek - late Coho salmon",2018,1266.61180936893
"Lower Columbia coho","Salmon, coho (Lower Columbia River ESU)","Salmon Creek - late Coho salmon",2019,1709.51214501139
"Lower Columbia coho","Salmon, coho (Lower Columbia River ESU)","Salmon Creek - late Coho salmon",2020,1749.6606388167
"Lower Columbia coho","Salmon, coho (Lower Columbia River ESU)","Salmon Creek - late Coho salmon",2021,1624.3773235344
"Lower Columbia coho","Salmon, coho (Lower Columbia River ESU)","Salmon Creek - late Coho salmon",2022,1367.9349723783
"Lower Columbia coho","Salmon, coho (Lower Columbia River ESU)","Salmon Creek - late Coho salmon",2023,1132.95365191987
"Lower Columbia coho","Salmon, coho (Lower Columbia River ESU)","Salmon Creek - late Coho salmon",2024,1625.69038783207
"Lower Columbia coho","Salmon, coho (Lower Columbia River ESU)","Salmon Creek - late Coho salmon",2025,1652.56743755678
"Lower Columbia coho","Salmon, coho (Lower Columbia River ESU)","Salmon Creek - late Coho salmon",2026,1681.46401773252
"Lower Columbia coho","Salmon, coho (Lower Columbia River ESU)","South Fork Toutle River - early and late Coho salmon",2005,1815.75355571307
"Lower Columbia coho","Salmon, coho (Lower Columbia River ESU)","South Fork Toutle River - early and late Coho salmon",2006,1806.81243882571
"Lower Columbia coho","Salmon, coho (Lower Columbia River ESU)","South Fork Toutle River - early and late Coho salmon",2007,1831.07144902158
"Lower Columbia coho","Salmon, coho (Lower Columbia River ESU)","South Fork Toutle River - early and late Coho salmon",2008,1847.53979819216
"Lower Columbia coho","Salmon, coho (Lower Columbia River ESU)","South Fork Toutle River - early and late Coho salmon",2009,1908.04897443832
"Lower Columbia coho","Salmon, coho (Lower Columbia River ESU)","South Fork Toutle River - early and late Coho salmon",2010,1889.92776733223
"Lower Columbia coho","Salmon, coho (Lower Columbia River ESU)","South Fork Toutle River - early and late Coho salmon",2011,1314.63908788007
"Lower Columbia coho","Salmon, coho (Lower Columbia River ESU)","South Fork Toutle River - early and late Coho salmon",2012,2010.41290424732
"Lower Columbia coho","Salmon, coho (Lower Columbia River ESU)","South Fork Toutle River - early and late Coho salmon",2013,3002.76481464115
"Lower Columbia coho","Salmon, coho (Lower Columbia River ESU)","South Fork Toutle River - early and late Coho salmon",2014,9945.58026876745
"Lower Columbia coho","Salmon, coho (Lower Columbia River ESU)","South Fork Toutle River - early and late Coho salmon",2015,1640.97311837215
"Lower Columbia coho","Salmon, coho (Lower Columbia River ESU)","South Fork Toutle River - early and late Coho salmon",2016,2688.35886926964
"Lower Columbia coho","Salmon, coho (Lower Columbia River ESU)","South Fork Toutle River - early and late Coho salmon",2017,1340.1836338429
"Lower Columbia coho","Salmon, coho (Lower Columbia River ESU)","South Fork Toutle River - early and late Coho salmon",2018,1256.83780885023
"Lower Columbia coho","Salmon, coho (Lower Columbia River ESU)","South Fork Toutle River - early and late Coho salmon",2019,2317.68572804952
"Lower Columbia coho","Salmon, coho (Lower Columbia River ESU)","South Fork Toutle River - early and late Coho salmon",2020,2487.61835979326
"Lower Columbia coho","Salmon, coho (Lower Columbia River ESU)","South Fork Toutle River - early and late Coho salmon",2021,2614.98561984512
"Lower Columbia coho","Salmon, coho (Lower Columbia River ESU)","South Fork Toutle River - early and late Coho salmon",2022,2019.1471463551
"Lower Columbia coho","Salmon, coho (Lower Columbia River ESU)","South Fork Toutle River - early and late Coho salmon",2023,1937.69111936373
"Lower Columbia coho","Salmon, coho (Lower Columbia River ESU)","South Fork Toutle River - early and late Coho salmon",2024,2644.31316054649
"Lower Columbia coho","Salmon, coho (Lower Columbia River ESU)","South Fork Toutle River - early and late Coho salmon",2025,2709.05201136169
"Lower Columbia coho","Salmon, coho (Lower Columbia River ESU)","South Fork Toutle River - early and late Coho salmon",2026,2749.98292337502
"Lower Columbia coho","Salmon, coho (Lower Columbia River ESU)","Tilton River - early and late Coho salmon",2005,1232.10059352981
"Lower Columbia coho","Salmon, coho (Lower Columbia River ESU)","Tilton River - early and late Coho salmon",2006,753.163961910482
"Lower Columbia coho","Salmon, coho (Lower Columbia River ESU)","Tilton River - early and late Coho salmon",2007,827.976196153871
"Lower Columbia coho","Salmon, coho (Lower Columbia River ESU)","Tilton River - early and late Coho salmon",2008,923.324853810281
"Lower Columbia coho","Salmon, coho (Lower Columbia River ESU)","Tilton River - early and late Coho salmon",2009,1282.29868387777
"Lower Columbia coho","Salmon, coho (Lower Columbia River ESU)","Tilton River - early and late Coho salmon",2010,936.632279306746
"Lower Columbia coho","Salmon, coho (Lower Columbia River ESU)","Tilton River - early and late Coho salmon",2011,1856.72390883519
"Lower Columbia coho","Salmon, coho (Lower Columbia River ESU)","Tilton River - early and late Coho salmon",2012,1379.83104757849
"Lower Columbia coho","Salmon, coho (Lower Columbia River ESU)","Tilton River - early and late Coho salmon",2013,2554.57240909999
"Lower Columbia coho","Salmon, coho (Lower Columbia River ESU)","Tilton River - early and late Coho salmon",2014,8555.88613955272
"Lower Columbia coho","Salmon, coho (Lower Columbia River ESU)","Tilton River - early and late Coho salmon",2015,1376.01090429812
"Lower Columbia coho","Salmon, coho (Lower Columbia River ESU)","Tilton River - early and late Coho salmon",2016,2720.48150631247
"Lower Columbia coho","Salmon, coho (Lower Columbia River ESU)","Tilton River - early and late Coho salmon",2017,4734.79405281532
"Lower Columbia coho","Salmon, coho (Lower Columbia River ESU)","Tilton River - early and late Coho salmon",2018,1385.62021817391
"Lower Columbia coho","Salmon, coho (Lower Columbia River ESU)","Tilton River - early and late Coho salmon",2019,1606.10559690806
"Lower Columbia coho","Salmon, coho (Lower Columbia River ESU)","Tilton River - early and late Coho salmon",2020,2487.34282789228
"Lower Columbia coho","Salmon, coho (Lower Columbia River ESU)","Tilton River - early and late Coho salmon",2021,6124.33994820447
"Lower Columbia coho","Salmon, coho (Lower Columbia River ESU)","Tilton River - early and late Coho salmon",2022,6686.49121955864
"Lower Columbia coho","Salmon, coho (Lower Columbia River ESU)","Tilton River - early and late Coho salmon",2023,1406.81024783211
"Lower Columbia coho","Salmon, coho (Lower Columbia River ESU)","Tilton River - early and late Coho salmon",2024,939.187713596048
"Lower Columbia coho","Salmon, coho (Lower Columbia River ESU)","Tilton River - early and late Coho salmon",2025,981.037797618336
"Lower Columbia coho","Salmon, coho (Lower Columbia River ESU)","Tilton River - early and late Coho salmon",2026,968.225174750557
"Lower Columbia coho","Salmon, coho (Lower Columbia River ESU)","Upper Cowlitz River - early and late Coho salmon",2005,6182.61869210922
"Lower Columbia coho","Salmon, coho (Lower Columbia River ESU)","Upper Cowlitz River - early and late Coho salmon",2006,5418.92541569888
"Lower Columbia coho","Salmon, coho (Lower Columbia River ESU)","Upper Cowlitz River - early and late Coho salmon",2007,4000.95390397433
"Lower Columbia coho","Salmon, coho (Lower Columbia River ESU)","Upper Cowlitz River - early and late Coho salmon",2008,4731.3183924973
"Lower Columbia coho","Salmon, coho (Lower Columbia River ESU)","Upper Cowlitz River - early and late Coho salmon",2009,5586.20384680899
"Lower Columbia coho","Salmon, coho (Lower Columbia River ESU)","Upper Cowlitz River - early and late Coho salmon",2010,2960.00187731637
"Lower Columbia coho","Salmon, coho (Lower Columbia River ESU)","Upper Cowlitz River - early and late Coho salmon",2011,6502.80705636635
"Lower Columbia coho","Salmon, coho (Lower Columbia River ESU)","Upper Cowlitz River - early and late Coho salmon",2012,1352.22007111417
"Lower Columbia coho","Salmon, coho (Lower Columbia River ESU)","Upper Cowlitz River - early and late Coho salmon",2013,19.869301280749
"Lower Columbia coho","Salmon, coho (Lower Columbia River ESU)","Upper Cowlitz River - early and late Coho salmon",2014,5909.22082151334
"Lower Columbia coho","Salmon, coho (Lower Columbia River ESU)","Upper Cowlitz River - early and late Coho salmon",2015,365.08797411355
"Lower Columbia coho","Salmon, coho (Lower Columbia River ESU)","Upper Cowlitz River - early and late Coho salmon",2016,959.30724566636
"Lower Columbia coho","Salmon, coho (Lower Columbia River ESU)","Upper Cowlitz River - early and late Coho salmon",2017,4354.87059076935
"Lower Columbia coho","Salmon, coho (Lower Columbia River ESU)","Upper Cowlitz River - early and late Coho salmon",2018,231.90482842721
"Lower Columbia coho","Salmon, coho (Lower Columbia River ESU)","Upper Cowlitz River - early and late Coho salmon",2019,3145.4433819015
"Lower Columbia coho","Salmon, coho (Lower Columbia River ESU)","Upper Cowlitz River - early and late Coho salmon",2020,8752.65034271257
"Lower Columbia coho","Salmon, coho (Lower Columbia River ESU)","Upper Cowlitz River - early and late Coho salmon",2021,9432.4343907082
"Lower Columbia coho","Salmon, coho (Lower Columbia River ESU)","Upper Cowlitz River - early and late Coho salmon",2022,11479.2504177334
"Lower Columbia coho","Salmon, coho (Lower Columbia River ESU)","Upper Cowlitz River - early and late Coho salmon",2023,6434.25220501994
"Lower Columbia coho","Salmon, coho (Lower Columbia River ESU)","Upper Cowlitz River - early and late Coho salmon",2024,11054.0604052616
"Lower Columbia coho","Salmon, coho (Lower Columbia River ESU)","Upper Cowlitz River - early and late Coho salmon",2025,10950.3063192426
"Lower Columbia coho","Salmon, coho (Lower Columbia River ESU)","Upper Cowlitz River - early and late Coho salmon",2026,11911.0783573637
"Lower Columbia coho","Salmon, coho (Lower Columbia River ESU)","Washougal River - late Coho salmon",2005,697.631953254102
"Lower Columbia coho","Salmon, coho (Lower Columbia River ESU)","Washougal River - late Coho salmon",2006,682.145089808666
"Lower Columbia coho","Salmon, coho (Lower Columbia River ESU)","Washougal River - late Coho salmon",2007,681.301078853441
"Lower Columbia coho","Salmon, coho (Lower Columbia River ESU)","Washougal River - late Coho salmon",2008,691.328622674595
"Lower Columbia coho","Salmon, coho (Lower Columbia River ESU)","Washougal River - late Coho salmon",2009,699.978517564834
"Lower Columbia coho","Salmon, coho (Lower Columbia River ESU)","Washougal River - late Coho salmon",2010,684.596835535464
"Lower Columbia coho","Salmon, coho (Lower Columbia River ESU)","Washougal River - late Coho salmon",2011,444.287547618036
"Lower Columbia coho","Salmon, coho (Lower Columbia River ESU)","Washougal River - late Coho salmon",2012,425.202192894207
"Lower Columbia coho","Salmon, coho (Lower Columbia River ESU)","Washougal River - late Coho salmon",2013,472.388317139919
"Lower Columbia coho","Salmon, coho (Lower Columbia River ESU)","Washougal River - late Coho salmon",2014,977.434105206031
"Lower Columbia coho","Salmon, coho (Lower Columbia River ESU)","Washougal River - late Coho salmon",2015,156.526862996306
"Lower Columbia coho","Salmon, coho (Lower Columbia River ESU)","Washougal River - late Coho salmon",2016,326.353150246989
"Lower Columbia coho","Salmon, coho (Lower Columbia River ESU)","Washougal River - late Coho salmon",2017,281.983416714016
"Lower Columbia coho","Salmon, coho (Lower Columbia River ESU)","Washougal River - late Coho salmon",2018,314.115064361807
"Lower Columbia coho","Salmon, coho (Lower Columbia River ESU)","Washougal River - late Coho salmon",2019,580.860566764036
"Lower Columbia coho","Salmon, coho (Lower Columbia River ESU)","Washougal River - late Coho salmon",2020,855.226401194914
"Lower Columbia coho","Salmon, coho (Lower Columbia River ESU)","Washougal River - late Coho salmon",2021,800.54324117279
"Lower Columbia coho","Salmon, coho (Lower Columbia River ESU)","Washougal River - late Coho salmon",2022,823.338690538775
"Lower Columbia coho","Salmon, coho (Lower Columbia River ESU)","Washougal River - late Coho salmon",2023,660.190168494114
"Lower Columbia coho","Salmon, coho (Lower Columbia River ESU)","Washougal River - late Coho salmon",2024,1059.40843190298
"Lower Columbia coho","Salmon, coho (Lower Columbia River ESU)","Washougal River - late Coho salmon",2025,1077.91715600979
"Lower Columbia coho","Salmon, coho (Lower Columbia River ESU)","Washougal River - late Coho salmon",2026,1106.45879634882
"Ozette Lake sockeye","Salmon, sockeye (Ozette Lake ESU)","Ozette Lake - sockeye salmon",1999,2933.160796177
"Ozette Lake sockeye","Salmon, sockeye (Ozette Lake ESU)","Ozette Lake - sockeye salmon",2000,4172.31107870098
"Ozette Lake sockeye","Salmon, sockeye (Ozette Lake ESU)","Ozette Lake - sockeye salmon",2001,3947.23439244954
"Ozette Lake sockeye","Salmon, sockeye (Ozette Lake ESU)","Ozette Lake - sockeye salmon",2002,3754.03935005831
"Ozette Lake sockeye","Salmon, sockeye (Ozette Lake ESU)","Ozette Lake - sockeye salmon",2003,3790.72497077395
"Ozette Lake sockeye","Salmon, sockeye (Ozette Lake ESU)","Ozette Lake - sockeye salmon",2004,2109.93271043496
"Ozette Lake sockeye","Salmon, sockeye (Ozette Lake ESU)","Ozette Lake - sockeye salmon",2005,1859.78056781217
"Ozette Lake sockeye","Salmon, sockeye (Ozette Lake ESU)","Ozette Lake - sockeye salmon",2006,1884.33853463364
"Ozette Lake sockeye","Salmon, sockeye (Ozette Lake ESU)","Ozette Lake - sockeye salmon",2007,1211.05941738653
"Ozette Lake sockeye","Salmon, sockeye (Ozette Lake ESU)","Ozette Lake - sockeye salmon",2008,2136.17418858444
"Ozette Lake sockeye","Salmon, sockeye (Ozette Lake ESU)","Ozette Lake - sockeye salmon",2009,3496.57222308598
"Ozette Lake sockeye","Salmon, sockeye (Ozette Lake ESU)","Ozette Lake - sockeye salmon",2010,3004.20624473651
"Ozette Lake sockeye","Salmon, sockeye (Ozette Lake ESU)","Ozette Lake - sockeye salmon",2011,2668.23925522813
"Ozette Lake sockeye","Salmon, sockeye (Ozette Lake ESU)","Ozette Lake - sockeye salmon",2012,3110.6082515142
"Ozette Lake sockeye","Salmon, sockeye (Ozette Lake ESU)","Ozette Lake - sockeye salmon",2013,3127.42430992223
"Ozette Lake sockeye","Salmon, sockeye (Ozette Lake ESU)","Ozette Lake - sockeye salmon",2014,4850.95297716634
"Ozette Lake sockeye","Salmon, sockeye (Ozette Lake ESU)","Ozette Lake - sockeye salmon",2015,6396.29547763735
"Ozette Lake sockeye","Salmon, sockeye (Ozette Lake ESU)","Ozette Lake - sockeye salmon",2016,8641.81515469249
"Ozette Lake sockeye","Salmon, sockeye (Ozette Lake ESU)","Ozette Lake - sockeye salmon",2017,5360.99319811558
"Ozette Lake sockeye","Salmon, sockeye (Ozette Lake ESU)","Ozette Lake - sockeye salmon",2018,3647.20614781916
"Ozette Lake sockeye","Salmon, sockeye (Ozette Lake ESU)","Ozette Lake - sockeye salmon",2019,3151.99435127198
"Ozette Lake sockeye","Salmon, sockeye (Ozette Lake ESU)","Ozette Lake - sockeye salmon",2020,3312.11803711906
"Ozette Lake sockeye","Salmon, sockeye (Ozette Lake ESU)","Ozette Lake - sockeye salmon",2021,3315.54299707848
"Ozette Lake sockeye","Salmon, sockeye (Ozette Lake ESU)","Ozette Lake - sockeye salmon",2022,3364.23436354552
"Ozette Lake sockeye","Salmon, sockeye (Ozette Lake ESU)","Ozette Lake - sockeye salmon",2023,3361.81570693603
"Ozette Lake sockeye","Salmon, sockeye (Ozette Lake ESU)","Ozette Lake - sockeye salmon",2024,3471.07697579089
"Ozette Lake sockeye","Salmon, sockeye (Ozette Lake ESU)","Ozette Lake - sockeye salmon",2025,3471.43015251977
"Ozette Lake sockeye","Salmon, sockeye (Ozette Lake ESU)","Ozette Lake - sockeye salmon",2026,3486.36463546539
"Lower Columbia steelhead","Steelhead (Lower Columbia River DPS)","Coweeman River - winter Steelhead",1998,389.301593373949
"Lower Columbia steelhead","Steelhead (Lower Columbia River DPS)","Coweeman River - winter Steelhead",1999,293.100695497231
"Lower Columbia steelhead","Steelhead (Lower Columbia River DPS)","Coweeman River - winter Steelhead",2000,409.971386817403
"Lower Columbia steelhead","Steelhead (Lower Columbia River DPS)","Coweeman River - winter Steelhead",2001,372.363955573306
"Lower Columbia steelhead","Steelhead (Lower Columbia River DPS)","Coweeman River - winter Steelhead",2002,347.127382046845
"Lower Columbia steelhead","Steelhead (Lower Columbia River DPS)","Coweeman River - winter Steelhead",2003,487.441991172773
"Lower Columbia steelhead","Steelhead (Lower Columbia River DPS)","Coweeman River - winter Steelhead",2004,594.933627913626
"Lower Columbia steelhead","Steelhead (Lower Columbia River DPS)","Coweeman River - winter Steelhead",2005,388.931609073173
"Lower Columbia steelhead","Steelhead (Lower Columbia River DPS)","Coweeman River - winter Steelhead",2006,409.630398535848
"Lower Columbia steelhead","Steelhead (Lower Columbia River DPS)","Coweeman River - winter Steelhead",2007,437.839766444544
"Lower Columbia steelhead","Steelhead (Lower Columbia River DPS)","Coweeman River - winter Steelhead",2008,594.231988111714
"Lower Columbia steelhead","Steelhead (Lower Columbia River DPS)","Coweeman River - winter Steelhead",2009,569.809827022816
"Lower Columbia steelhead","Steelhead (Lower Columbia River DPS)","Coweeman River - winter Steelhead",2010,476.639872573666
"Lower Columbia steelhead","Steelhead (Lower Columbia River DPS)","Coweeman River - winter Steelhead",2011,391.397847019955
"Lower Columbia steelhead","Steelhead (Lower Columbia River DPS)","Coweeman River - winter Steelhead",2012,333.033378565815
"Lower Columbia steelhead","Steelhead (Lower Columbia River DPS)","Coweeman River - winter Steelhead",2013,530.98248099866
"Lower Columbia steelhead","Steelhead (Lower Columbia River DPS)","Coweeman River - winter Steelhead",2014,568.120430785926
"Lower Columbia steelhead","Steelhead (Lower Columbia River DPS)","Coweeman River - winter Steelhead",2015,806.836783598028
"Lower Columbia steelhead","Steelhead (Lower Columbia River DPS)","Coweeman River - winter Steelhead",2016,754.090030138133
"Lower Columbia steelhead","Steelhead (Lower Columbia River DPS)","Coweeman River - winter Steelhead",2017,390.465441173859
"Lower Columbia steelhead","Steelhead (Lower Columbia River DPS)","Coweeman River - winter Steelhead",2018,437.981444695957
"Lower Columbia steelhead","Steelhead (Lower Columbia River DPS)","Coweeman River - winter Steelhead",2019,364.358831079272
"Lower Columbia steelhead","Steelhead (Lower Columbia River DPS)","Coweeman River - winter Steelhead",2020,359.229277216553
"Lower Columbia steelhead","Steelhead (Lower Columbia River DPS)","Coweeman River - winter Steelhead",2021,482.791936625801
"Lower Columbia steelhead","Steelhead (Lower Columbia River DPS)","Coweeman River - winter Steelhead",2022,319.716276287074
"Lower Columbia steelhead","Steelhead (Lower Columbia River DPS)","Coweeman River - winter Steelhead",2023,484.104010975836
"Lower Columbia steelhead","Steelhead (Lower Columbia River DPS)","Coweeman River - winter Steelhead",2024,561.997228793619
"Lower Columbia steelhead","Steelhead (Lower Columbia River DPS)","Coweeman River - winter Steelhead",2025,731.044775339741
"Lower Columbia steelhead","Steelhead (Lower Columbia River DPS)","Coweeman River - winter Steelhead",2026,738.362682467616
"Lower Columbia steelhead","Steelhead (Lower Columbia River DPS)","East Fork Lewis River - summer Steelhead",1998,143.681712550011
"Lower Columbia steelhead","Steelhead (Lower Columbia River DPS)","East Fork Lewis River - summer Steelhead",1999,158.060025409232
"Lower Columbia steelhead","Steelhead (Lower Columbia River DPS)","East Fork Lewis River - summer Steelhead",2000,218.124928136309
"Lower Columbia steelhead","Steelhead (Lower Columbia River DPS)","East Fork Lewis River - summer Steelhead",2001,289.715741475056
"Lower Columbia steelhead","Steelhead (Lower Columbia River DPS)","East Fork Lewis River - summer Steelhead",2002,463.044672208868
"Lower Columbia steelhead","Steelhead (Lower Columbia River DPS)","East Fork Lewis River - summer Steelhead",2003,721.108015667562
"Lower Columbia steelhead","Steelhead (Lower Columbia River DPS)","East Fork Lewis River - summer Steelhead",2004,516.546180970183
"Lower Columbia steelhead","Steelhead (Lower Columbia River DPS)","East Fork Lewis River - summer Steelhead",2005,588.918392309967
"Lower Columbia steelhead","Steelhead (Lower Columbia River DPS)","East Fork Lewis River - summer Steelhead",2006,547.012651864984
"Lower Columbia steelhead","Steelhead (Lower Columbia River DPS)","East Fork Lewis River - summer Steelhead",2007,459.189254642754
"Lower Columbia steelhead","Steelhead (Lower Columbia River DPS)","East Fork Lewis River - summer Steelhead",2008,425.835645395486
"Lower Columbia steelhead","Steelhead (Lower Columbia River DPS)","East Fork Lewis River - summer Steelhead",2009,661.208412906837
"Lower Columbia steelhead","Steelhead (Lower Columbia River DPS)","East Fork Lewis River - summer Steelhead",2010,676.621529947384
"Lower Columbia steelhead","Steelhead (Lower Columbia River DPS)","East Fork Lewis River - summer Steelhead",2011,914.141068059759
"Lower Columbia steelhead","Steelhead (Lower Columbia River DPS)","East Fork Lewis River - summer Steelhead",2012,1024.70471338698
"Lower Columbia steelhead","Steelhead (Lower Columbia River DPS)","East Fork Lewis River - summer Steelhead",2013,985.273843231995
"Lower Columbia steelhead","Steelhead (Lower Columbia River DPS)","East Fork Lewis River - summer Steelhead",2014,659.396014670125
"Lower Columbia steelhead","Steelhead (Lower Columbia River DPS)","East Fork Lewis River - summer Steelhead",2015,845.098499454069
"Lower Columbia steelhead","Steelhead (Lower Columbia River DPS)","East Fork Lewis River - summer Steelhead",2016,832.067168743437
"Lower Columbia steelhead","Steelhead (Lower Columbia River DPS)","East Fork Lewis River - summer Steelhead",2017,698.353215802809
"Lower Columbia steelhead","Steelhead (Lower Columbia River DPS)","East Fork Lewis River - summer Steelhead",2018,599.269245205226
"Lower Columbia steelhead","Steelhead (Lower Columbia River DPS)","East Fork Lewis River - summer Steelhead",2019,394.326241083195
"Lower Columbia steelhead","Steelhead (Lower Columbia River DPS)","East Fork Lewis River - summer Steelhead",2020,395.940272526347
"Lower Columbia steelhead","Steelhead (Lower Columbia River DPS)","East Fork Lewis River - summer Steelhead",2021,410.166911509938
"Lower Columbia steelhead","Steelhead (Lower Columbia River DPS)","East Fork Lewis River - summer Steelhead",2022,704.803075985304
"Lower Columbia steelhead","Steelhead (Lower Columbia River DPS)","East Fork Lewis River - summer Steelhead",2023,673.526773318727
"Lower Columbia steelhead","Steelhead (Lower Columbia River DPS)","East Fork Lewis River - summer Steelhead",2024,708.460292338819
"Lower Columbia steelhead","Steelhead (Lower Columbia River DPS)","East Fork Lewis River - summer Steelhead",2025,577.698475842404
"Lower Columbia steelhead","Steelhead (Lower Columbia River DPS)","East Fork Lewis River - summer Steelhead",2026,606.005165401825
"Lower Columbia steelhead","Steelhead (Lower Columbia River DPS)","East Fork Lewis River - winter Steelhead",1998,160.28979662608
"Lower Columbia steelhead","Steelhead (Lower Columbia River DPS)","East Fork Lewis River - winter Steelhead",1999,163.533602141363
"Lower Columbia steelhead","Steelhead (Lower Columbia River DPS)","East Fork Lewis River - winter Steelhead",2000,162.380365766799
"Lower Columbia steelhead","Steelhead (Lower Columbia River DPS)","East Fork Lewis River - winter Steelhead",2001,164.139986098279
"Lower Columbia steelhead","Steelhead (Lower Columbia River DPS)","East Fork Lewis River - winter Steelhead",2002,166.126206201622
"Lower Columbia steelhead","Steelhead (Lower Columbia River DPS)","East Fork Lewis River - winter Steelhead",2003,175.335960572876
"Lower Columbia steelhead","Steelhead (Lower Columbia River DPS)","East Fork Lewis River - winter Steelhead",2004,186.440142903558
"Lower Columbia steelhead","Steelhead (Lower Columbia River DPS)","East Fork Lewis River - winter Steelhead",2005,186.922295245415
"Lower Columbia steelhead","Steelhead (Lower Columbia River DPS)","East Fork Lewis River - winter Steelhead",2006,196.516654815575
"Lower Columbia steelhead","Steelhead (Lower Columbia River DPS)","East Fork Lewis River - winter Steelhead",2007,203.507852606109
"Lower Columbia steelhead","Steelhead (Lower Columbia River DPS)","East Fork Lewis River - winter Steelhead",2008,211.477332750586
"Lower Columbia steelhead","Steelhead (Lower Columbia River DPS)","East Fork Lewis River - winter Steelhead",2009,213.809053612544
"Lower Columbia steelhead","Steelhead (Lower Columbia River DPS)","East Fork Lewis River - winter Steelhead",2010,211.332401797648
"Lower Columbia steelhead","Steelhead (Lower Columbia River DPS)","East Fork Lewis River - winter Steelhead",2011,221.118141431861
"Lower Columbia steelhead","Steelhead (Lower Columbia River DPS)","East Fork Lewis River - winter Steelhead",2012,228.718250178971
"Lower Columbia steelhead","Steelhead (Lower Columbia River DPS)","East Fork Lewis River - winter Steelhead",2013,246.946718759036
"Lower Columbia steelhead","Steelhead (Lower Columbia River DPS)","East Fork Lewis River - winter Steelhead",2014,254.900447594245
"Lower Columbia steelhead","Steelhead (Lower Columbia River DPS)","East Fork Lewis River - winter Steelhead",2015,266.723214151595
"Lower Columbia steelhead","Steelhead (Lower Columbia River DPS)","East Fork Lewis River - winter Steelhead",2016,274.810461989389
"Lower Columbia steelhead","Steelhead (Lower Columbia River DPS)","East Fork Lewis River - winter Steelhead",2017,281.377425428969
"Lower Columbia steelhead","Steelhead (Lower Columbia River DPS)","East Fork Lewis River - winter Steelhead",2018,289.153134171169
"Lower Columbia steelhead","Steelhead (Lower Columbia River DPS)","East Fork Lewis River - winter Steelhead",2019,297.767147091514
"Lower Columbia steelhead","Steelhead (Lower Columbia River DPS)","East Fork Lewis River - winter Steelhead",2020,299.903105398575
"Lower Columbia steelhead","Steelhead (Lower Columbia River DPS)","East Fork Lewis River - winter Steelhead",2021,325.993131323858
"Lower Columbia steelhead","Steelhead (Lower Columbia River DPS)","East Fork Lewis River - winter Steelhead",2022,317.086599426499
"Lower Columbia steelhead","Steelhead (Lower Columbia River DPS)","East Fork Lewis River - winter Steelhead",2023,332.459715256446
"Lower Columbia steelhead","Steelhead (Lower Columbia River DPS)","East Fork Lewis River - winter Steelhead",2024,332.304846886972
"Lower Columbia steelhead","Steelhead (Lower Columbia River DPS)","East Fork Lewis River - winter Steelhead",2025,406.610508132423
"Lower Columbia steelhead","Steelhead (Lower Columbia River DPS)","East Fork Lewis River - winter Steelhead",2026,417.535337085332
"Lower Columbia steelhead","Steelhead (Lower Columbia River DPS)","Kalama River - summer Steelhead",1998,182.874529575108
"Lower Columbia steelhead","Steelhead (Lower Columbia River DPS)","Kalama River - summer Steelhead",1999,179.251387187112
"Lower Columbia steelhead","Steelhead (Lower Columbia River DPS)","Kalama River - summer Steelhead",2000,152.827118693265
"Lower Columbia steelhead","Steelhead (Lower Columbia River DPS)","Kalama River - summer Steelhead",2001,247.148188475182
"Lower Columbia steelhead","Steelhead (Lower Columbia River DPS)","Kalama River - summer Steelhead",2002,410.203176321914
"Lower Columbia steelhead","Steelhead (Lower Columbia River DPS)","Kalama River - summer Steelhead",2003,702.744765021779
"Lower Columbia steelhead","Steelhead (Lower Columbia River DPS)","Kalama River - summer Steelhead",2004,595.500271510993
"Lower Columbia steelhead","Steelhead (Lower Columbia River DPS)","Kalama River - summer Steelhead",2005,477.759092389135
"Lower Columbia steelhead","Steelhead (Lower Columbia River DPS)","Kalama River - summer Steelhead",2006,406.002532387941
"Lower Columbia steelhead","Steelhead (Lower Columbia River DPS)","Kalama River - summer Steelhead",2007,362.017927542775
"Lower Columbia steelhead","Steelhead (Lower Columbia River DPS)","Kalama River - summer Steelhead",2008,277.808087423332
"Lower Columbia steelhead","Steelhead (Lower Columbia River DPS)","Kalama River - summer Steelhead",2009,321.873429861727
"Lower Columbia steelhead","Steelhead (Lower Columbia River DPS)","Kalama River - summer Steelhead",2010,398.919360635319
"Lower Columbia steelhead","Steelhead (Lower Columbia River DPS)","Kalama River - summer Steelhead",2011,561.982327787036
"Lower Columbia steelhead","Steelhead (Lower Columbia River DPS)","Kalama River - summer Steelhead",2012,627.005775355703
"Lower Columbia steelhead","Steelhead (Lower Columbia River DPS)","Kalama River - summer Steelhead",2013,717.375752203709
"Lower Columbia steelhead","Steelhead (Lower Columbia River DPS)","Kalama River - summer Steelhead",2014,470.704648405212
"Lower Columbia steelhead","Steelhead (Lower Columbia River DPS)","Kalama River - summer Steelhead",2015,728.327287799305
"Lower Columbia steelhead","Steelhead (Lower Columbia River DPS)","Kalama River - summer Steelhead",2016,828.267416427046
"Lower Columbia steelhead","Steelhead (Lower Columbia River DPS)","Kalama River - summer Steelhead",2017,603.1137304173
"Lower Columbia steelhead","Steelhead (Lower Columbia River DPS)","Kalama River - summer Steelhead",2018,367.702518862591
"Lower Columbia steelhead","Steelhead (Lower Columbia River DPS)","Kalama River - summer Steelhead",2019,368.157415821491
"Lower Columbia steelhead","Steelhead (Lower Columbia River DPS)","Kalama River - summer Steelhead",2020,301.949625979507
"Lower Columbia steelhead","Steelhead (Lower Columbia River DPS)","Kalama River - summer Steelhead",2021,238.968304510535
"Lower Columbia steelhead","Steelhead (Lower Columbia River DPS)","Kalama River - summer Steelhead",2022,194.047244283572
"Lower Columbia steelhead","Steelhead (Lower Columbia River DPS)","Kalama River - summer Steelhead",2023,388.832946999783
"Lower Columbia steelhead","Steelhead (Lower Columbia River DPS)","Kalama River - summer Steelhead",2024,416.73545583694
"Lower Columbia steelhead","Steelhead (Lower Columbia River DPS)","Kalama River - summer Steelhead",2025,534.284697250538
"Lower Columbia steelhead","Steelhead (Lower Columbia River DPS)","Kalama River - summer Steelhead",2026,551.026331078893
"Lower Columbia steelhead","Steelhead (Lower Columbia River DPS)","Kalama River - winter Steelhead",1998,326.815314754644
"Lower Columbia steelhead","Steelhead (Lower Columbia River DPS)","Kalama River - winter Steelhead",1999,429.289292004103
"Lower Columbia steelhead","Steelhead (Lower Columbia River DPS)","Kalama River - winter Steelhead",2000,582.033800043464
"Lower Columbia steelhead","Steelhead (Lower Columbia River DPS)","Kalama River - winter Steelhead",2001,713.292670070129
"Lower Columbia steelhead","Steelhead (Lower Columbia River DPS)","Kalama River - winter Steelhead",2002,940.645507606865
"Lower Columbia steelhead","Steelhead (Lower Columbia River DPS)","Kalama River - winter Steelhead",2003,1217.49940127111
"Lower Columbia steelhead","Steelhead (Lower Columbia River DPS)","Kalama River - winter Steelhead",2004,1075.49667879145
"Lower Columbia steelhead","Steelhead (Lower Columbia River DPS)","Kalama River - winter Steelhead",2005,907.577183493515
"Lower Columbia steelhead","Steelhead (Lower Columbia River DPS)","Kalama River - winter Steelhead",2006,984.842833445575
"Lower Columbia steelhead","Steelhead (Lower Columbia River DPS)","Kalama River - winter Steelhead",2007,919.563672177185
"Lower Columbia steelhead","Steelhead (Lower Columbia River DPS)","Kalama River - winter Steelhead",2008,791.999526427701
"Lower Columbia steelhead","Steelhead (Lower Columbia River DPS)","Kalama River - winter Steelhead",2009,960.186355810917
"Lower Columbia steelhead","Steelhead (Lower Columbia River DPS)","Kalama River - winter Steelhead",2010,854.023164665353
"Lower Columbia steelhead","Steelhead (Lower Columbia River DPS)","Kalama River - winter Steelhead",2011,711.126469815111
"Lower Columbia steelhead","Steelhead (Lower Columbia River DPS)","Kalama River - winter Steelhead",2012,900.091673440367
"Lower Columbia steelhead","Steelhead (Lower Columbia River DPS)","Kalama River - winter Steelhead",2013,889.407696836179
"Lower Columbia steelhead","Steelhead (Lower Columbia River DPS)","Kalama River - winter Steelhead",2014,847.594707722445
"Lower Columbia steelhead","Steelhead (Lower Columbia River DPS)","Kalama River - winter Steelhead",2015,1111.83823907041
"Lower Columbia steelhead","Steelhead (Lower Columbia River DPS)","Kalama River - winter Steelhead",2016,1030.21078775168
"Lower Columbia steelhead","Steelhead (Lower Columbia River DPS)","Kalama River - winter Steelhead",2017,642.740017075308
"Lower Columbia steelhead","Steelhead (Lower Columbia River DPS)","Kalama River - winter Steelhead",2018,559.960896203234
"Lower Columbia steelhead","Steelhead (Lower Columbia River DPS)","Kalama River - winter Steelhead",2019,268.842345190908
"Lower Columbia steelhead","Steelhead (Lower Columbia River DPS)","Kalama River - winter Steelhead",2020,391.651163890847
"Lower Columbia steelhead","Steelhead (Lower Columbia River DPS)","Kalama River - winter Steelhead",2021,341.954792699741
"Lower Columbia steelhead","Steelhead (Lower Columbia River DPS)","Kalama River - winter Steelhead",2022,658.377953916476
"Lower Columbia steelhead","Steelhead (Lower Columbia River DPS)","Kalama River - winter Steelhead",2023,584.728022251767
"Lower Columbia steelhead","Steelhead (Lower Columbia River DPS)","Kalama River - winter Steelhead",2024,722.233830425467
"Lower Columbia steelhead","Steelhead (Lower Columbia River DPS)","Kalama River - winter Steelhead",2025,533.107334674494
"Lower Columbia steelhead","Steelhead (Lower Columbia River DPS)","Kalama River - winter Steelhead",2026,550.59704956263
"Lower Columbia steelhead","Steelhead (Lower Columbia River DPS)","Lower Cowlitz River - winter Steelhead",1998,201.92582814585
"Lower Columbia steelhead","Steelhead (Lower Columbia River DPS)","Lower Cowlitz River - winter Steelhead",1999,213.734165805524
"Lower Columbia steelhead","Steelhead (Lower Columbia River DPS)","Lower Cowlitz River - winter Steelhead",2000,259.137030235209
"Lower Columbia steelhead","Steelhead (Lower Columbia River DPS)","Lower Cowlitz River - winter Steelhead",2001,318.228662545579
"Lower Columbia steelhead","Steelhead (Lower Columbia River DPS)","Lower Cowlitz River - winter Steelhead",2002,392.254312683239
"Lower Columbia steelhead","Steelhead (Lower Columbia River DPS)","Lower Cowlitz River - winter Steelhead",2003,470.96443941602
"Lower Columbia steelhead","Steelhead (Lower Columbia River DPS)","Lower Cowlitz River - winter Steelhead",2004,450.426408545546
"Lower Columbia steelhead","Steelhead (Lower Columbia River DPS)","Lower Cowlitz River - winter Steelhead",2005,403.847887062623
"Lower Columbia steelhead","Steelhead (Lower Columbia River DPS)","Lower Cowlitz River - winter Steelhead",2006,383.416934422057
"Lower Columbia steelhead","Steelhead (Lower Columbia River DPS)","Lower Cowlitz River - winter Steelhead",2007,353.177698876314
"Lower Columbia steelhead","Steelhead (Lower Columbia River DPS)","Lower Cowlitz River - winter Steelhead",2008,334.933731113255
"Lower Columbia steelhead","Steelhead (Lower Columbia River DPS)","Lower Cowlitz River - winter Steelhead",2009,392.785314207193
"Lower Columbia steelhead","Steelhead (Lower Columbia River DPS)","Lower Cowlitz River - winter Steelhead",2010,405.07730387474
"Lower Columbia steelhead","Steelhead (Lower Columbia River DPS)","Lower Cowlitz River - winter Steelhead",2011,393.992678664413
"Lower Columbia steelhead","Steelhead (Lower Columbia River DPS)","Lower Cowlitz River - winter Steelhead",2012,444.93298062629
"Lower Columbia steelhead","Steelhead (Lower Columbia River DPS)","Lower Cowlitz River - winter Steelhead",2013,525.294996578433
"Lower Columbia steelhead","Steelhead (Lower Columbia River DPS)","Lower Cowlitz River - winter Steelhead",2014,541.069935846433
"Lower Columbia steelhead","Steelhead (Lower Columbia River DPS)","Lower Cowlitz River - winter Steelhead",2015,691.438577013999
"Lower Columbia steelhead","Steelhead (Lower Columbia River DPS)","Lower Cowlitz River - winter Steelhead",2016,629.92923848058
"Lower Columbia steelhead","Steelhead (Lower Columbia River DPS)","Lower Cowlitz River - winter Steelhead",2017,338.438751979476
"Lower Columbia steelhead","Steelhead (Lower Columbia River DPS)","Lower Cowlitz River - winter Steelhead",2018,354.873756476186
"Lower Columbia steelhead","Steelhead (Lower Columbia River DPS)","Lower Cowlitz River - winter Steelhead",2019,246.875765456396
"Lower Columbia steelhead","Steelhead (Lower Columbia River DPS)","Lower Cowlitz River - winter Steelhead",2020,245.296634054172
"Lower Columbia steelhead","Steelhead (Lower Columbia River DPS)","Lower Cowlitz River - winter Steelhead",2021,161.421725803908
"Lower Columbia steelhead","Steelhead (Lower Columbia River DPS)","Lower Cowlitz River - winter Steelhead",2022,300.498177872754
"Lower Columbia steelhead","Steelhead (Lower Columbia River DPS)","Lower Cowlitz River - winter Steelhead",2023,370.439132950678
"Lower Columbia steelhead","Steelhead (Lower Columbia River DPS)","Lower Cowlitz River - winter Steelhead",2024,468.084834155769
"Lower Columbia steelhead","Steelhead (Lower Columbia River DPS)","Lower Cowlitz River - winter Steelhead",2025,443.893675043728
"Lower Columbia steelhead","Steelhead (Lower Columbia River DPS)","Lower Cowlitz River - winter Steelhead",2026,453.369008548332
"Lower Columbia steelhead","Steelhead (Lower Columbia River DPS)","Lower Gorge Tributaries - winter Steelhead",1998,43.3002353237029
"Lower Columbia steelhead","Steelhead (Lower Columbia River DPS)","Lower Gorge Tributaries - winter Steelhead",1999,44.61306693621
"Lower Columbia steelhead","Steelhead (Lower Columbia River DPS)","Lower Gorge Tributaries - winter Steelhead",2000,46.5260497962949
"Lower Columbia steelhead","Steelhead (Lower Columbia River DPS)","Lower Gorge Tributaries - winter Steelhead",2001,46.7783904591448
"Lower Columbia steelhead","Steelhead (Lower Columbia River DPS)","Lower Gorge Tributaries - winter Steelhead",2002,48.3246394169432
"Lower Columbia steelhead","Steelhead (Lower Columbia River DPS)","Lower Gorge Tributaries - winter Steelhead",2003,50.4391964290796
"Lower Columbia steelhead","Steelhead (Lower Columbia River DPS)","Lower Gorge Tributaries - winter Steelhead",2004,52.474658018865
"Lower Columbia steelhead","Steelhead (Lower Columbia River DPS)","Lower Gorge Tributaries - winter Steelhead",2005,54.4846221608675
"Lower Columbia steelhead","Steelhead (Lower Columbia River DPS)","Lower Gorge Tributaries - winter Steelhead",2006,55.8399695543008
"Lower Columbia steelhead","Steelhead (Lower Columbia River DPS)","Lower Gorge Tributaries - winter Steelhead",2007,58.3548113657962
"Lower Columbia steelhead","Steelhead (Lower Columbia River DPS)","Lower Gorge Tributaries - winter Steelhead",2008,59.7402069587128
"Lower Columbia steelhead","Steelhead (Lower Columbia River DPS)","Lower Gorge Tributaries - winter Steelhead",2009,61.0402686540847
"Lower Columbia steelhead","Steelhead (Lower Columbia River DPS)","Lower Gorge Tributaries - winter Steelhead",2010,62.736222876909
"Lower Columbia steelhead","Steelhead (Lower Columbia River DPS)","Lower Gorge Tributaries - winter Steelhead",2011,64.8162132768046
"Lower Columbia steelhead","Steelhead (Lower Columbia River DPS)","Lower Gorge Tributaries - winter Steelhead",2012,66.8784395961127
"Lower Columbia steelhead","Steelhead (Lower Columbia River DPS)","Lower Gorge Tributaries - winter Steelhead",2013,69.1949672678328
"Lower Columbia steelhead","Steelhead (Lower Columbia River DPS)","Lower Gorge Tributaries - winter Steelhead",2014,71.993556725425
"Lower Columbia steelhead","Steelhead (Lower Columbia River DPS)","Lower Gorge Tributaries - winter Steelhead",2015,74.776619163194
"Lower Columbia steelhead","Steelhead (Lower Columbia River DPS)","Lower Gorge Tributaries - winter Steelhead",2016,76.7647244645782
"Lower Columbia steelhead","Steelhead (Lower Columbia River DPS)","Lower Gorge Tributaries - winter Steelhead",2017,78.7842455452453
"Lower Columbia steelhead","Steelhead (Lower Columbia River DPS)","Lower Gorge Tributaries - winter Steelhead",2018,82.169825998217
"Lower Columbia steelhead","Steelhead (Lower Columbia River DPS)","Lower Gorge Tributaries - winter Steelhead",2019,85.3338578102493
"Lower Columbia steelhead","Steelhead (Lower Columbia River DPS)","Lower Gorge Tributaries - winter Steelhead",2020,87.9990014574944
"Lower Columbia steelhead","Steelhead (Lower Columbia River DPS)","Lower Gorge Tributaries - winter Steelhead",2021,91.8968080538592
"Lower Columbia steelhead","Steelhead (Lower Columbia River DPS)","Lower Gorge Tributaries - winter Steelhead",2022,94.880084350752
"Lower Columbia steelhead","Steelhead (Lower Columbia River DPS)","Lower Gorge Tributaries - winter Steelhead",2023,96.3056009659523
"Lower Columbia steelhead","Steelhead (Lower Columbia River DPS)","Lower Gorge Tributaries - winter Steelhead",2024,98.7169176266715
"Lower Columbia steelhead","Steelhead (Lower Columbia River DPS)","Lower Gorge Tributaries - winter Steelhead",2025,106.443685100695
"Lower Columbia steelhead","Steelhead (Lower Columbia River DPS)","Lower Gorge Tributaries - winter Steelhead",2026,110.626745972284
"Lower Columbia steelhead","Steelhead (Lower Columbia River DPS)","North Fork Toutle River - winter Steelhead",1998,264.234419467449
"Lower Columbia steelhead","Steelhead (Lower Columbia River DPS)","North Fork Toutle River - winter Steelhead",1999,328.568054380929
"Lower Columbia steelhead","Steelhead (Lower Columbia River DPS)","North Fork Toutle River - winter Steelhead",2000,525.024766446264
"Lower Columbia steelhead","Steelhead (Lower Columbia River DPS)","North Fork Toutle River - winter Steelhead",2001,641.768400334298
"Lower Columbia steelhead","Steelhead (Lower Columbia River DPS)","North Fork Toutle River - winter Steelhead",2002,806.591481827479
"Lower Columbia steelhead","Steelhead (Lower Columbia River DPS)","North Fork Toutle River - winter Steelhead",2003,1227.73156658842
"Lower Columbia steelhead","Steelhead (Lower Columbia River DPS)","North Fork Toutle River - winter Steelhead",2004,900.429924174776
"Lower Columbia steelhead","Steelhead (Lower Columbia River DPS)","North Fork Toutle River - winter Steelhead",2005,514.591798309979
"Lower Columbia steelhead","Steelhead (Lower Columbia River DPS)","North Fork Toutle River - winter Steelhead",2006,745.147492166049
"Lower Columbia steelhead","Steelhead (Lower Columbia River DPS)","North Fork Toutle River - winter Steelhead",2007,617.104258215456
"Lower Columbia steelhead","Steelhead (Lower Columbia River DPS)","North Fork Toutle River - winter Steelhead",2008,643.011185652325
"Lower Columbia steelhead","Steelhead (Lower Columbia River DPS)","North Fork Toutle River - winter Steelhead",2009,781.021111118082
"Lower Columbia steelhead","Steelhead (Lower Columbia River DPS)","North Fork Toutle River - winter Steelhead",2010,537.787722242685
"Lower Columbia steelhead","Steelhead (Lower Columbia River DPS)","North Fork Toutle River - winter Steelhead",2011,433.434897266027
"Lower Columbia steelhead","Steelhead (Lower Columbia River DPS)","North Fork Toutle River - winter Steelhead",2012,435.238007222145
"Lower Columbia steelhead","Steelhead (Lower Columbia River DPS)","North Fork Toutle River - winter Steelhead",2013,565.02715265581
"Lower Columbia steelhead","Steelhead (Lower Columbia River DPS)","North Fork Toutle River - winter Steelhead",2014,603.812893741554
"Lower Columbia steelhead","Steelhead (Lower Columbia River DPS)","North Fork Toutle River - winter Steelhead",2015,1184.75314425799
"Lower Columbia steelhead","Steelhead (Lower Columbia River DPS)","North Fork Toutle River - winter Steelhead",2016,1015.22847610371
"Lower Columbia steelhead","Steelhead (Lower Columbia River DPS)","North Fork Toutle River - winter Steelhead",2017,456.148899618166
"Lower Columbia steelhead","Steelhead (Lower Columbia River DPS)","North Fork Toutle River - winter Steelhead",2018,549.109318703349
"Lower Columbia steelhead","Steelhead (Lower Columbia River DPS)","North Fork Toutle River - winter Steelhead",2019,254.460969079294
"Lower Columbia steelhead","Steelhead (Lower Columbia River DPS)","North Fork Toutle River - winter Steelhead",2020,312.325237270445
"Lower Columbia steelhead","Steelhead (Lower Columbia River DPS)","North Fork Toutle River - winter Steelhead",2021,373.948912318873
"Lower Columbia steelhead","Steelhead (Lower Columbia River DPS)","North Fork Toutle River - winter Steelhead",2022,526.621718870379
"Lower Columbia steelhead","Steelhead (Lower Columbia River DPS)","North Fork Toutle River - winter Steelhead",2023,585.497927665264
"Lower Columbia steelhead","Steelhead (Lower Columbia River DPS)","North Fork Toutle River - winter Steelhead",2024,748.277532094669
"Lower Columbia steelhead","Steelhead (Lower Columbia River DPS)","North Fork Toutle River - winter Steelhead",2025,680.11647215719
"Lower Columbia steelhead","Steelhead (Lower Columbia River DPS)","North Fork Toutle River - winter Steelhead",2026,700.396385977073
"Lower Columbia steelhead","Steelhead (Lower Columbia River DPS)","South Fork Toutle River - winter Steelhead",1998,384.49009208272
"Lower Columbia steelhead","Steelhead (Lower Columbia River DPS)","South Fork Toutle River - winter Steelhead",1999,465.891952580672
"Lower Columbia steelhead","Steelhead (Lower Columbia River DPS)","South Fork Toutle River - winter Steelhead",2000,476.76701171404
"Lower Columbia steelhead","Steelhead (Lower Columbia River DPS)","South Fork Toutle River - winter Steelhead",2001,425.23546036648
"Lower Columbia steelhead","Steelhead (Lower Columbia River DPS)","South Fork Toutle River - winter Steelhead",2002,629.500735507227
"Lower Columbia steelhead","Steelhead (Lower Columbia River DPS)","South Fork Toutle River - winter Steelhead",2003,1263.6059455879
"Lower Columbia steelhead","Steelhead (Lower Columbia River DPS)","South Fork Toutle River - winter Steelhead",2004,1134.6477847284
"Lower Columbia steelhead","Steelhead (Lower Columbia River DPS)","South Fork Toutle River - winter Steelhead",2005,582.968568636182
"Lower Columbia steelhead","Steelhead (Lower Columbia River DPS)","South Fork Toutle River - winter Steelhead",2006,613.321595225881
"Lower Columbia steelhead","Steelhead (Lower Columbia River DPS)","South Fork Toutle River - winter Steelhead",2007,524.576834079648
"Lower Columbia steelhead","Steelhead (Lower Columbia River DPS)","South Fork Toutle River - winter Steelhead",2008,454.99287264505
"Lower Columbia steelhead","Steelhead (Lower Columbia River DPS)","South Fork Toutle River - winter Steelhead",2009,456.956936408999
"Lower Columbia steelhead","Steelhead (Lower Columbia River DPS)","South Fork Toutle River - winter Steelhead",2010,298.722698545979
"Lower Columbia steelhead","Steelhead (Lower Columbia River DPS)","South Fork Toutle River - winter Steelhead",2011,266.403400000297
"Lower Columbia steelhead","Steelhead (Lower Columbia River DPS)","South Fork Toutle River - winter Steelhead",2012,386.537798056742
"Lower Columbia steelhead","Steelhead (Lower Columbia River DPS)","South Fork Toutle River - winter Steelhead",2013,770.091197279841
"Lower Columbia steelhead","Steelhead (Lower Columbia River DPS)","South Fork Toutle River - winter Steelhead",2014,784.799757888475
"Lower Columbia steelhead","Steelhead (Lower Columbia River DPS)","South Fork Toutle River - winter Steelhead",2015,1252.80046083409
"Lower Columbia steelhead","Steelhead (Lower Columbia River DPS)","South Fork Toutle River - winter Steelhead",2016,1198.65112408694
"Lower Columbia steelhead","Steelhead (Lower Columbia River DPS)","South Fork Toutle River - winter Steelhead",2017,481.243726832517
"Lower Columbia steelhead","Steelhead (Lower Columbia River DPS)","South Fork Toutle River - winter Steelhead",2018,504.553931397509
"Lower Columbia steelhead","Steelhead (Lower Columbia River DPS)","South Fork Toutle River - winter Steelhead",2019,275.257402555235
"Lower Columbia steelhead","Steelhead (Lower Columbia River DPS)","South Fork Toutle River - winter Steelhead",2020,234.165111947873
"Lower Columbia steelhead","Steelhead (Lower Columbia River DPS)","South Fork Toutle River - winter Steelhead",2021,460.041102729167
"Lower Columbia steelhead","Steelhead (Lower Columbia River DPS)","South Fork Toutle River - winter Steelhead",2022,321.40651716235
"Lower Columbia steelhead","Steelhead (Lower Columbia River DPS)","South Fork Toutle River - winter Steelhead",2023,389.111642524569
"Lower Columbia steelhead","Steelhead (Lower Columbia River DPS)","South Fork Toutle River - winter Steelhead",2024,525.729593326805
"Lower Columbia steelhead","Steelhead (Lower Columbia River DPS)","South Fork Toutle River - winter Steelhead",2025,653.163881121826
"Lower Columbia steelhead","Steelhead (Lower Columbia River DPS)","South Fork Toutle River - winter Steelhead",2026,663.521382211457
"Lower Columbia steelhead","Steelhead (Lower Columbia River DPS)","Tilton River - winter Steelhead",1998,91.5528578673274
"Lower Columbia steelhead","Steelhead (Lower Columbia River DPS)","Tilton River - winter Steelhead",1999,98.9169031891712
"Lower Columbia steelhead","Steelhead (Lower Columbia River DPS)","Tilton River - winter Steelhead",2000,133.574833437492
"Lower Columbia steelhead","Steelhead (Lower Columbia River DPS)","Tilton River - winter Steelhead",2001,192.14311730031
"Lower Columbia steelhead","Steelhead (Lower Columbia River DPS)","Tilton River - winter Steelhead",2002,285.672712797078
"Lower Columbia steelhead","Steelhead (Lower Columbia River DPS)","Tilton River - winter Steelhead",2003,324.952709510556
"Lower Columbia steelhead","Steelhead (Lower Columbia River DPS)","Tilton River - winter Steelhead",2004,301.28449988937
"Lower Columbia steelhead","Steelhead (Lower Columbia River DPS)","Tilton River - winter Steelhead",2005,286.025186882359
"Lower Columbia steelhead","Steelhead (Lower Columbia River DPS)","Tilton River - winter Steelhead",2006,135.345755119589
"Lower Columbia steelhead","Steelhead (Lower Columbia River DPS)","Tilton River - winter Steelhead",2007,111.911998506656
"Lower Columbia steelhead","Steelhead (Lower Columbia River DPS)","Tilton River - winter Steelhead",2008,88.197005651809
"Lower Columbia steelhead","Steelhead (Lower Columbia River DPS)","Tilton River - winter Steelhead",2009,136.095228609289
"Lower Columbia steelhead","Steelhead (Lower Columbia River DPS)","Tilton River - winter Steelhead",2010,179.071091089939
"Lower Columbia steelhead","Steelhead (Lower Columbia River DPS)","Tilton River - winter Steelhead",2011,216.616137519203
"Lower Columbia steelhead","Steelhead (Lower Columbia River DPS)","Tilton River - winter Steelhead",2012,288.065156576206
"Lower Columbia steelhead","Steelhead (Lower Columbia River DPS)","Tilton River - winter Steelhead",2013,376.023751331186
"Lower Columbia steelhead","Steelhead (Lower Columbia River DPS)","Tilton River - winter Steelhead",2014,296.195257925016
"Lower Columbia steelhead","Steelhead (Lower Columbia River DPS)","Tilton River - winter Steelhead",2015,350.282364597399
"Lower Columbia steelhead","Steelhead (Lower Columbia River DPS)","Tilton River - winter Steelhead",2016,322.967917736146
"Lower Columbia steelhead","Steelhead (Lower Columbia River DPS)","Tilton River - winter Steelhead",2017,181.974798583248
"Lower Columbia steelhead","Steelhead (Lower Columbia River DPS)","Tilton River - winter Steelhead",2018,180.943383586486
"Lower Columbia steelhead","Steelhead (Lower Columbia River DPS)","Tilton River - winter Steelhead",2019,173.386959328382
"Lower Columbia steelhead","Steelhead (Lower Columbia River DPS)","Tilton River - winter Steelhead",2020,147.163151670819
"Lower Columbia steelhead","Steelhead (Lower Columbia River DPS)","Tilton River - winter Steelhead",2021,72.3675090468415
"Lower Columbia steelhead","Steelhead (Lower Columbia River DPS)","Tilton River - winter Steelhead",2022,120.29657162793
"Lower Columbia steelhead","Steelhead (Lower Columbia River DPS)","Tilton River - winter Steelhead",2023,132.720779851121
"Lower Columbia steelhead","Steelhead (Lower Columbia River DPS)","Tilton River - winter Steelhead",2024,245.224492779789
"Lower Columbia steelhead","Steelhead (Lower Columbia River DPS)","Tilton River - winter Steelhead",2025,166.320030598532
"Lower Columbia steelhead","Steelhead (Lower Columbia River DPS)","Tilton River - winter Steelhead",2026,172.239537511097
"Lower Columbia steelhead","Steelhead (Lower Columbia River DPS)","Upper Cowlitz River - winter Steelhead",1998,20.2291614011868
"Lower Columbia steelhead","Steelhead (Lower Columbia River DPS)","Upper Cowlitz River - winter Steelhead",1999,54.5611915675939
"Lower Columbia steelhead","Steelhead (Lower Columbia River DPS)","Upper Cowlitz River - winter Steelhead",2000,158.71850363808
"Lower Columbia steelhead","Steelhead (Lower Columbia River DPS)","Upper Cowlitz River - winter Steelhead",2001,315.160484037283
"Lower Columbia steelhead","Steelhead (Lower Columbia River DPS)","Upper Cowlitz River - winter Steelhead",2002,571.912681283545
"Lower Columbia steelhead","Steelhead (Lower Columbia River DPS)","Upper Cowlitz River - winter Steelhead",2003,486.689193589185
"Lower Columbia steelhead","Steelhead (Lower Columbia River DPS)","Upper Cowlitz River - winter Steelhead",2004,326.041622887159
"Lower Columbia steelhead","Steelhead (Lower Columbia River DPS)","Upper Cowlitz River - winter Steelhead",2005,323.81696561348
"Lower Columbia steelhead","Steelhead (Lower Columbia River DPS)","Upper Cowlitz River - winter Steelhead",2006,523.675145379427
"Lower Columbia steelhead","Steelhead (Lower Columbia River DPS)","Upper Cowlitz River - winter Steelhead",2007,544.09673369735
"Lower Columbia steelhead","Steelhead (Lower Columbia River DPS)","Upper Cowlitz River - winter Steelhead",2008,502.122262318415
"Lower Columbia steelhead","Steelhead (Lower Columbia River DPS)","Upper Cowlitz River - winter Steelhead",2009,543.520792085824
"Lower Columbia steelhead","Steelhead (Lower Columbia River DPS)","Upper Cowlitz River - winter Steelhead",2010,599.268460338725
"Lower Columbia steelhead","Steelhead (Lower Columbia River DPS)","Upper Cowlitz River - winter Steelhead",2011,566.474047998712
"Lower Columbia steelhead","Steelhead (Lower Columbia River DPS)","Upper Cowlitz River - winter Steelhead",2012,482.894066623666
"Lower Columbia steelhead","Steelhead (Lower Columbia River DPS)","Upper Cowlitz River - winter Steelhead",2013,258.55049193334
"Lower Columbia steelhead","Steelhead (Lower Columbia River DPS)","Upper Cowlitz River - winter Steelhead",2014,58.0746655236981
"Lower Columbia steelhead","Steelhead (Lower Columbia River DPS)","Upper Cowlitz River - winter Steelhead",2015,124.499009962378
"Lower Columbia steelhead","Steelhead (Lower Columbia River DPS)","Upper Cowlitz River - winter Steelhead",2016,137.879276478293
"Lower Columbia steelhead","Steelhead (Lower Columbia River DPS)","Upper Cowlitz River - winter Steelhead",2017,217.693994950793
"Lower Columbia steelhead","Steelhead (Lower Columbia River DPS)","Upper Cowlitz River - winter Steelhead",2018,306.798999612845
"Lower Columbia steelhead","Steelhead (Lower Columbia River DPS)","Upper Cowlitz River - winter Steelhead",2019,170.808234525234
"Lower Columbia steelhead","Steelhead (Lower Columbia River DPS)","Upper Cowlitz River - winter Steelhead",2020,337.278790747918
"Lower Columbia steelhead","Steelhead (Lower Columbia River DPS)","Upper Cowlitz River - winter Steelhead",2021,230.102326934721
"Lower Columbia steelhead","Steelhead (Lower Columbia River DPS)","Upper Cowlitz River - winter Steelhead",2022,490.65199408893
"Lower Columbia steelhead","Steelhead (Lower Columbia River DPS)","Upper Cowlitz River - winter Steelhead",2023,336.892890986248
"Lower Columbia steelhead","Steelhead (Lower Columbia River DPS)","Upper Cowlitz River - winter Steelhead",2024,332.373802032339
"Lower Columbia steelhead","Steelhead (Lower Columbia River DPS)","Upper Cowlitz River - winter Steelhead",2025,223.681881297008
"Lower Columbia steelhead","Steelhead (Lower Columbia River DPS)","Upper Cowlitz River - winter Steelhead",2026,248.175606253636
"Lower Columbia steelhead","Steelhead (Lower Columbia River DPS)","Upper Gorge Tributaries - winter Steelhead",1998,11.5149277574336
"Lower Columbia steelhead","Steelhead (Lower Columbia River DPS)","Upper Gorge Tributaries - winter Steelhead",1999,15.2831473771443
"Lower Columbia steelhead","Steelhead (Lower Columbia River DPS)","Upper Gorge Tributaries - winter Steelhead",2000,22.8806615031622
"Lower Columbia steelhead","Steelhead (Lower Columbia River DPS)","Upper Gorge Tributaries - winter Steelhead",2001,42.9799003236857
"Lower Columbia steelhead","Steelhead (Lower Columbia River DPS)","Upper Gorge Tributaries - winter Steelhead",2002,46.0162850172086
"Lower Columbia steelhead","Steelhead (Lower Columbia River DPS)","Upper Gorge Tributaries - winter Steelhead",2003,32.1239268701512
"Lower Columbia steelhead","Steelhead (Lower Columbia River DPS)","Upper Gorge Tributaries - winter Steelhead",2004,27.3076204049989
"Lower Columbia steelhead","Steelhead (Lower Columbia River DPS)","Upper Gorge Tributaries - winter Steelhead",2005,25.0596327385797
"Lower Columbia steelhead","Steelhead (Lower Columbia River DPS)","Upper Gorge Tributaries - winter Steelhead",2006,31.1788915618379
"Lower Columbia steelhead","Steelhead (Lower Columbia River DPS)","Upper Gorge Tributaries - winter Steelhead",2007,23.6926756807324
"Lower Columbia steelhead","Steelhead (Lower Columbia River DPS)","Upper Gorge Tributaries - winter Steelhead",2008,23.0996031282246
"Lower Columbia steelhead","Steelhead (Lower Columbia River DPS)","Upper Gorge Tributaries - winter Steelhead",2009,27.8921551796931
"Lower Columbia steelhead","Steelhead (Lower Columbia River DPS)","Upper Gorge Tributaries - winter Steelhead",2010,30.2909085666153
"Lower Columbia steelhead","Steelhead (Lower Columbia River DPS)","Upper Gorge Tributaries - winter Steelhead",2011,21.9855910144208
"Lower Columbia steelhead","Steelhead (Lower Columbia River DPS)","Upper Gorge Tributaries - winter Steelhead",2012,21.2042503565502
"Lower Columbia steelhead","Steelhead (Lower Columbia River DPS)","Upper Gorge Tributaries - winter Steelhead",2013,19.2815288411954
"Lower Columbia steelhead","Steelhead (Lower Columbia River DPS)","Upper Gorge Tributaries - winter Steelhead",2014,9.67653557817994
"Lower Columbia steelhead","Steelhead (Lower Columbia River DPS)","Upper Gorge Tributaries - winter Steelhead",2015,13.0348724518016
"Lower Columbia steelhead","Steelhead (Lower Columbia River DPS)","Upper Gorge Tributaries - winter Steelhead",2016,12.1968231332094
"Lower Columbia steelhead","Steelhead (Lower Columbia River DPS)","Upper Gorge Tributaries - winter Steelhead",2017,10.7588876496734
"Lower Columbia steelhead","Steelhead (Lower Columbia River DPS)","Upper Gorge Tributaries - winter Steelhead",2018,14.7984521173156
"Lower Columbia steelhead","Steelhead (Lower Columbia River DPS)","Upper Gorge Tributaries - winter Steelhead",2019,9.65144572753672
"Lower Columbia steelhead","Steelhead (Lower Columbia River DPS)","Upper Gorge Tributaries - winter Steelhead",2020,8.62429420103042
"Lower Columbia steelhead","Steelhead (Lower Columbia River DPS)","Upper Gorge Tributaries - winter Steelhead",2021,5.21799787118953
"Lower Columbia steelhead","Steelhead (Lower Columbia River DPS)","Upper Gorge Tributaries - winter Steelhead",2022,11.2107311467852
"Lower Columbia steelhead","Steelhead (Lower Columbia River DPS)","Upper Gorge Tributaries - winter Steelhead",2023,12.7387083909199
"Lower Columbia steelhead","Steelhead (Lower Columbia River DPS)","Upper Gorge Tributaries - winter Steelhead",2024,17.1685120581535
"Lower Columbia steelhead","Steelhead (Lower Columbia River DPS)","Upper Gorge Tributaries - winter Steelhead",2025,15.0635964594887
"Lower Columbia steelhead","Steelhead (Lower Columbia River DPS)","Upper Gorge Tributaries - winter Steelhead",2026,15.2653177815885
"Lower Columbia steelhead","Steelhead (Lower Columbia River DPS)","Washougal River - summer Steelhead",1998,125.767369475215
"Lower Columbia steelhead","Steelhead (Lower Columbia River DPS)","Washougal River - summer Steelhead",1999,136.595189357314
"Lower Columbia steelhead","Steelhead (Lower Columbia River DPS)","Washougal River - summer Steelhead",2000,151.850915506833
"Lower Columbia steelhead","Steelhead (Lower Columbia River DPS)","Washougal River - summer Steelhead",2001,216.79258289133
"Lower Columbia steelhead","Steelhead (Lower Columbia River DPS)","Washougal River - summer Steelhead",2002,390.377894541576
"Lower Columbia steelhead","Steelhead (Lower Columbia River DPS)","Washougal River - summer Steelhead",2003,566.914929621748
"Lower Columbia steelhead","Steelhead (Lower Columbia River DPS)","Washougal River - summer Steelhead",2004,581.121035279811
"Lower Columbia steelhead","Steelhead (Lower Columbia River DPS)","Washougal River - summer Steelhead",2005,602.62118189625
"Lower Columbia steelhead","Steelhead (Lower Columbia River DPS)","Washougal River - summer Steelhead",2006,632.280830456868
"Lower Columbia steelhead","Steelhead (Lower Columbia River DPS)","Washougal River - summer Steelhead",2007,647.34504797601
"Lower Columbia steelhead","Steelhead (Lower Columbia River DPS)","Washougal River - summer Steelhead",2008,631.915948067508
"Lower Columbia steelhead","Steelhead (Lower Columbia River DPS)","Washougal River - summer Steelhead",2009,551.672526440584
"Lower Columbia steelhead","Steelhead (Lower Columbia River DPS)","Washougal River - summer Steelhead",2010,724.922916484764
"Lower Columbia steelhead","Steelhead (Lower Columbia River DPS)","Washougal River - summer Steelhead",2011,779.107723797603
"Lower Columbia steelhead","Steelhead (Lower Columbia River DPS)","Washougal River - summer Steelhead",2012,899.565844229777
"Lower Columbia steelhead","Steelhead (Lower Columbia River DPS)","Washougal River - summer Steelhead",2013,1143.55821606132
"Lower Columbia steelhead","Steelhead (Lower Columbia River DPS)","Washougal River - summer Steelhead",2014,611.278803425362
"Lower Columbia steelhead","Steelhead (Lower Columbia River DPS)","Washougal River - summer Steelhead",2015,752.289195675162
"Lower Columbia steelhead","Steelhead (Lower Columbia River DPS)","Washougal River - summer Steelhead",2016,683.664494465482
"Lower Columbia steelhead","Steelhead (Lower Columbia River DPS)","Washougal River - summer Steelhead",2017,611.384627115817
"Lower Columbia steelhead","Steelhead (Lower Columbia River DPS)","Washougal River - summer Steelhead",2018,697.461331587505
"Lower Columbia steelhead","Steelhead (Lower Columbia River DPS)","Washougal River - summer Steelhead",2019,447.143349934657
"Lower Columbia steelhead","Steelhead (Lower Columbia River DPS)","Washougal River - summer Steelhead",2020,375.245547934062
"Lower Columbia steelhead","Steelhead (Lower Columbia River DPS)","Washougal River - summer Steelhead",2021,209.975079837239
"Lower Columbia steelhead","Steelhead (Lower Columbia River DPS)","Washougal River - summer Steelhead",2022,421.054133375792
"Lower Columbia steelhead","Steelhead (Lower Columbia River DPS)","Washougal River - summer Steelhead",2023,493.428514766359
"Lower Columbia steelhead","Steelhead (Lower Columbia River DPS)","Washougal River - summer Steelhead",2024,589.092607788226
"Lower Columbia steelhead","Steelhead (Lower Columbia River DPS)","Washougal River - summer Steelhead",2025,617.258710058468
"Lower Columbia steelhead","Steelhead (Lower Columbia River DPS)","Washougal River - summer Steelhead",2026,653.027067400384
"Lower Columbia steelhead","Steelhead (Lower Columbia River DPS)","Washougal River - winter Steelhead",1998,201.413759086649
"Lower Columbia steelhead","Steelhead (Lower Columbia River DPS)","Washougal River - winter Steelhead",1999,262.521926891789
"Lower Columbia steelhead","Steelhead (Lower Columbia River DPS)","Washougal River - winter Steelhead",2000,261.415815658816
"Lower Columbia steelhead","Steelhead (Lower Columbia River DPS)","Washougal River - winter Steelhead",2001,237.055691154121
"Lower Columbia steelhead","Steelhead (Lower Columbia River DPS)","Washougal River - winter Steelhead",2002,329.263309933916
"Lower Columbia steelhead","Steelhead (Lower Columbia River DPS)","Washougal River - winter Steelhead",2003,699.43907612792
"Lower Columbia steelhead","Steelhead (Lower Columbia River DPS)","Washougal River - winter Steelhead",2004,794.436899558475
"Lower Columbia steelhead","Steelhead (Lower Columbia River DPS)","Washougal River - winter Steelhead",2005,402.706856667784
"Lower Columbia steelhead","Steelhead (Lower Columbia River DPS)","Washougal River - winter Steelhead",2006,539.827128478585
"Lower Columbia steelhead","Steelhead (Lower Columbia River DPS)","Washougal River - winter Steelhead",2007,600.859575670536
"Lower Columbia steelhead","Steelhead (Lower Columbia River DPS)","Washougal River - winter Steelhead",2008,609.691955047476
"Lower Columbia steelhead","Steelhead (Lower Columbia River DPS)","Washougal River - winter Steelhead",2009,423.232262204874
"Lower Columbia steelhead","Steelhead (Lower Columbia River DPS)","Washougal River - winter Steelhead",2010,269.511390005925
"Lower Columbia steelhead","Steelhead (Lower Columbia River DPS)","Washougal River - winter Steelhead",2011,240.880581114797
"Lower Columbia steelhead","Steelhead (Lower Columbia River DPS)","Washougal River - winter Steelhead",2012,322.019979973285
"Lower Columbia steelhead","Steelhead (Lower Columbia River DPS)","Washougal River - winter Steelhead",2013,529.420045040639
"Lower Columbia steelhead","Steelhead (Lower Columbia River DPS)","Washougal River - winter Steelhead",2014,432.89317434669
"Lower Columbia steelhead","Steelhead (Lower Columbia River DPS)","Washougal River - winter Steelhead",2015,637.539094307373
"Lower Columbia steelhead","Steelhead (Lower Columbia River DPS)","Washougal River - winter Steelhead",2016,650.297529290476
"Lower Columbia steelhead","Steelhead (Lower Columbia River DPS)","Washougal River - winter Steelhead",2017,497.160641463987
"Lower Columbia steelhead","Steelhead (Lower Columbia River DPS)","Washougal River - winter Steelhead",2018,398.117300871473
"Lower Columbia steelhead","Steelhead (Lower Columbia River DPS)","Washougal River - winter Steelhead",2019,184.045862512548
"Lower Columbia steelhead","Steelhead (Lower Columbia River DPS)","Washougal River - winter Steelhead",2020,246.075880561169
"Lower Columbia steelhead","Steelhead (Lower Columbia River DPS)","Washougal River - winter Steelhead",2021,392.058462652112
"Lower Columbia steelhead","Steelhead (Lower Columbia River DPS)","Washougal River - winter Steelhead",2022,338.892489775573
"Lower Columbia steelhead","Steelhead (Lower Columbia River DPS)","Washougal River - winter Steelhead",2023,337.562788774087
"Lower Columbia steelhead","Steelhead (Lower Columbia River DPS)","Washougal River - winter Steelhead",2024,246.961046177119
"Lower Columbia steelhead","Steelhead (Lower Columbia River DPS)","Washougal River - winter Steelhead",2025,396.113186006297
"Lower Columbia steelhead","Steelhead (Lower Columbia River DPS)","Washougal River - winter Steelhead",2026,402.056659345942
"Lower Columbia steelhead","Steelhead (Lower Columbia River DPS)","Wind River - summer Steelhead",1998,312.228048451205
"Lower Columbia steelhead","Steelhead (Lower Columbia River DPS)","Wind River - summer Steelhead",1999,309.27686057948
"Lower Columbia steelhead","Steelhead (Lower Columbia River DPS)","Wind River - summer Steelhead",2000,270.334328882931
"Lower Columbia steelhead","Steelhead (Lower Columbia River DPS)","Wind River - summer Steelhead",2001,460.993694023371
"Lower Columbia steelhead","Steelhead (Lower Columbia River DPS)","Wind River - summer Steelhead",2002,679.512156134827
"Lower Columbia steelhead","Steelhead (Lower Columbia River DPS)","Wind River - summer Steelhead",2003,1004.65395349055
"Lower Columbia steelhead","Steelhead (Lower Columbia River DPS)","Wind River - summer Steelhead",2004,849.003078175947
"Lower Columbia steelhead","Steelhead (Lower Columbia River DPS)","Wind River - summer Steelhead",2005,667.204764048836
"Lower Columbia steelhead","Steelhead (Lower Columbia River DPS)","Wind River - summer Steelhead",2006,689.356311761393
"Lower Columbia steelhead","Steelhead (Lower Columbia River DPS)","Wind River - summer Steelhead",2007,720.694911225995
"Lower Columbia steelhead","Steelhead (Lower Columbia River DPS)","Wind River - summer Steelhead",2008,634.058692768802
"Lower Columbia steelhead","Steelhead (Lower Columbia River DPS)","Wind River - summer Steelhead",2009,651.180177508887
"Lower Columbia steelhead","Steelhead (Lower Columbia River DPS)","Wind River - summer Steelhead",2010,789.308908574604
"Lower Columbia steelhead","Steelhead (Lower Columbia River DPS)","Wind River - summer Steelhead",2011,1143.54041780424
"Lower Columbia steelhead","Steelhead (Lower Columbia River DPS)","Wind River - summer Steelhead",2012,858.744222540742
"Lower Columbia steelhead","Steelhead (Lower Columbia River DPS)","Wind River - summer Steelhead",2013,722.980576268377
"Lower Columbia steelhead","Steelhead (Lower Columbia River DPS)","Wind River - summer Steelhead",2014,381.124758052624
"Lower Columbia steelhead","Steelhead (Lower Columbia River DPS)","Wind River - summer Steelhead",2015,607.978422362705
"Lower Columbia steelhead","Steelhead (Lower Columbia River DPS)","Wind River - summer Steelhead",2016,849.039880633374
"Lower Columbia steelhead","Steelhead (Lower Columbia River DPS)","Wind River - summer Steelhead",2017,789.874916271363
"Lower Columbia steelhead","Steelhead (Lower Columbia River DPS)","Wind River - summer Steelhead",2018,368.081591366872
"Lower Columbia steelhead","Steelhead (Lower Columbia River DPS)","Wind River - summer Steelhead",2019,446.431069690873
"Lower Columbia steelhead","Steelhead (Lower Columbia River DPS)","Wind River - summer Steelhead",2020,418.113728974233
"Lower Columbia steelhead","Steelhead (Lower Columbia River DPS)","Wind River - summer Steelhead",2021,432.523409706994
"Lower Columbia steelhead","Steelhead (Lower Columbia River DPS)","Wind River - summer Steelhead",2022,300.207202911078
"Lower Columbia steelhead","Steelhead (Lower Columbia River DPS)","Wind River - summer Steelhead",2023,698.670575029238
"Lower Columbia steelhead","Steelhead (Lower Columbia River DPS)","Wind River - summer Steelhead",2024,626.33745380508
"Lower Columbia steelhead","Steelhead (Lower Columbia River DPS)","Wind River - summer Steelhead",2025,746.549057124002
"Lower Columbia steelhead","Steelhead (Lower Columbia River DPS)","Wind River - summer Steelhead",2026,782.93986036245
"Mid-Columbia steelhead","Steelhead (Middle Columbia River DPS)","Klickitat River - summer and winter Steelhead",1999,944.962365682673
"Mid-Columbia steelhead","Steelhead (Middle Columbia River DPS)","Klickitat River - summer and winter Steelhead",2000,1088.25181107156
"Mid-Columbia steelhead","Steelhead (Middle Columbia River DPS)","Klickitat River - summer and winter Steelhead",2001,1556.39595385267
"Mid-Columbia steelhead","Steelhead (Middle Columbia River DPS)","Klickitat River - summer and winter Steelhead",2002,2036.00003106162
"Mid-Columbia steelhead","Steelhead (Middle Columbia River DPS)","Klickitat River - summer and winter Steelhead",2003,1723.55019820942
"Mid-Columbia steelhead","Steelhead (Middle Columbia River DPS)","Klickitat River - summer and winter Steelhead",2004,1809.99206152328
"Mid-Columbia steelhead","Steelhead (Middle Columbia River DPS)","Klickitat River - summer and winter Steelhead",2005,2027.20146366653
"Mid-Columbia steelhead","Steelhead (Middle Columbia River DPS)","Klickitat River - summer and winter Steelhead",2006,1570.64613339469
"Mid-Columbia steelhead","Steelhead (Middle Columbia River DPS)","Klickitat River - summer and winter Steelhead",2007,1524.10796895838
"Mid-Columbia steelhead","Steelhead (Middle Columbia River DPS)","Klickitat River - summer and winter Steelhead",2008,1543.8629499588
"Mid-Columbia steelhead","Steelhead (Middle Columbia River DPS)","Klickitat River - summer and winter Steelhead",2009,1308.92093859461
"Mid-Columbia steelhead","Steelhead (Middle Columbia River DPS)","Klickitat River - summer and winter Steelhead",2010,1395.61636506414
"Mid-Columbia steelhead","Steelhead (Middle Columbia River DPS)","Klickitat River - summer and winter Steelhead",2011,1282.0272548991
"Mid-Columbia steelhead","Steelhead (Middle Columbia River DPS)","Klickitat River - summer and winter Steelhead",2012,2007.42380782389
"Mid-Columbia steelhead","Steelhead (Middle Columbia River DPS)","Klickitat River - summer and winter Steelhead",2013,1221.68633296485
"Mid-Columbia steelhead","Steelhead (Middle Columbia River DPS)","Klickitat River - summer and winter Steelhead",2014,1326.18500085135
"Mid-Columbia steelhead","Steelhead (Middle Columbia River DPS)","Klickitat River - summer and winter Steelhead",2015,2608.81493089594
"Mid-Columbia steelhead","Steelhead (Middle Columbia River DPS)","Klickitat River - summer and winter Steelhead",2016,2758.47581386829
"Mid-Columbia steelhead","Steelhead (Middle Columbia River DPS)","Klickitat River - summer and winter Steelhead",2017,787.811253482776
"Mid-Columbia steelhead","Steelhead (Middle Columbia River DPS)","Klickitat River - summer and winter Steelhead",2018,1424.44837141084
"Mid-Columbia steelhead","Steelhead (Middle Columbia River DPS)","Klickitat River - summer and winter Steelhead",2019,1064.33339822352
"Mid-Columbia steelhead","Steelhead (Middle Columbia River DPS)","Klickitat River - summer and winter Steelhead",2020,1110.2374066549
"Mid-Columbia steelhead","Steelhead (Middle Columbia River DPS)","Klickitat River - summer and winter Steelhead",2021,2292.7929277953
"Mid-Columbia steelhead","Steelhead (Middle Columbia River DPS)","Klickitat River - summer and winter Steelhead",2022,834.290424657134
"Mid-Columbia steelhead","Steelhead (Middle Columbia River DPS)","Klickitat River - summer and winter Steelhead",2023,790.692742718853
"Mid-Columbia steelhead","Steelhead (Middle Columbia River DPS)","Klickitat River - summer and winter Steelhead",2024,547.330297411059
"Mid-Columbia steelhead","Steelhead (Middle Columbia River DPS)","Klickitat River - summer and winter Steelhead",2025,734.419989026419
"Mid-Columbia steelhead","Steelhead (Middle Columbia River DPS)","Klickitat River - summer and winter Steelhead",2026,742.721520630714
"Mid-Columbia steelhead","Steelhead (Middle Columbia River DPS)","Naches River - summer Steelhead",1999,335.781586653758
"Mid-Columbia steelhead","Steelhead (Middle Columbia River DPS)","Naches River - summer Steelhead",2000,498.40589841385
"Mid-Columbia steelhead","Steelhead (Middle Columbia River DPS)","Naches River - summer Steelhead",2001,960.241198025617
"Mid-Columbia steelhead","Steelhead (Middle Columbia River DPS)","Naches River - summer Steelhead",2002,1434.52608951737
"Mid-Columbia steelhead","Steelhead (Middle Columbia River DPS)","Naches River - summer Steelhead",2003,741.055155306187
"Mid-Columbia steelhead","Steelhead (Middle Columbia River DPS)","Naches River - summer Steelhead",2004,870.571852014215
"Mid-Columbia steelhead","Steelhead (Middle Columbia River DPS)","Naches River - summer Steelhead",2005,1086.41873451436
"Mid-Columbia steelhead","Steelhead (Middle Columbia River DPS)","Naches River - summer Steelhead",2006,651.475695957229
"Mid-Columbia steelhead","Steelhead (Middle Columbia River DPS)","Naches River - summer Steelhead",2007,501.49573213635
"Mid-Columbia steelhead","Steelhead (Middle Columbia River DPS)","Naches River - summer Steelhead",2008,967.435705226741
"Mid-Columbia steelhead","Steelhead (Middle Columbia River DPS)","Naches River - summer Steelhead",2009,1125.47920049221
"Mid-Columbia steelhead","Steelhead (Middle Columbia River DPS)","Naches River - summer Steelhead",2010,2147.84005694373
"Mid-Columbia steelhead","Steelhead (Middle Columbia River DPS)","Naches River - summer Steelhead",2011,2030.2699362172
"Mid-Columbia steelhead","Steelhead (Middle Columbia River DPS)","Naches River - summer Steelhead",2012,2152.35021361764
"Mid-Columbia steelhead","Steelhead (Middle Columbia River DPS)","Naches River - summer Steelhead",2013,1619.1676338757
"Mid-Columbia steelhead","Steelhead (Middle Columbia River DPS)","Naches River - summer Steelhead",2014,1470.45416026922
"Mid-Columbia steelhead","Steelhead (Middle Columbia River DPS)","Naches River - summer Steelhead",2015,1768.93122552816
"Mid-Columbia steelhead","Steelhead (Middle Columbia River DPS)","Naches River - summer Steelhead",2016,1429.66443144211
"Mid-Columbia steelhead","Steelhead (Middle Columbia River DPS)","Naches River - summer Steelhead",2017,585.45380616929
"Mid-Columbia steelhead","Steelhead (Middle Columbia River DPS)","Naches River - summer Steelhead",2018,468.691559978004
"Mid-Columbia steelhead","Steelhead (Middle Columbia River DPS)","Naches River - summer Steelhead",2019,339.09455935144
"Mid-Columbia steelhead","Steelhead (Middle Columbia River DPS)","Naches River - summer Steelhead",2020,526.178034958772
"Mid-Columbia steelhead","Steelhead (Middle Columbia River DPS)","Naches River - summer Steelhead",2021,518.765799991656
"Mid-Columbia steelhead","Steelhead (Middle Columbia River DPS)","Naches River - summer Steelhead",2022,204.244056578901
"Mid-Columbia steelhead","Steelhead (Middle Columbia River DPS)","Naches River - summer Steelhead",2023,200.991064526905
"Mid-Columbia steelhead","Steelhead (Middle Columbia River DPS)","Naches River - summer Steelhead",2024,246.044117443759
"Mid-Columbia steelhead","Steelhead (Middle Columbia River DPS)","Naches River - summer Steelhead",2025,278.609395983558
"Mid-Columbia steelhead","Steelhead (Middle Columbia River DPS)","Naches River - summer Steelhead",2026,275.033655282112
"Mid-Columbia steelhead","Steelhead (Middle Columbia River DPS)","Rock Creek - summer Steelhead",1999,198.785683503772
"Mid-Columbia steelhead","Steelhead (Middle Columbia River DPS)","Rock Creek - summer Steelhead",2000,242.273008755659
"Mid-Columbia steelhead","Steelhead (Middle Columbia River DPS)","Rock Creek - summer Steelhead",2001,353.123777914637
"Mid-Columbia steelhead","Steelhead (Middle Columbia River DPS)","Rock Creek - summer Steelhead",2002,512.896566313153
"Mid-Columbia steelhead","Steelhead (Middle Columbia River DPS)","Rock Creek - summer Steelhead",2003,359.566203398909
"Mid-Columbia steelhead","Steelhead (Middle Columbia River DPS)","Rock Creek - summer Steelhead",2004,355.297531786441
"Mid-Columbia steelhead","Steelhead (Middle Columbia River DPS)","Rock Creek - summer Steelhead",2005,457.0819000869
"Mid-Columbia steelhead","Steelhead (Middle Columbia River DPS)","Rock Creek - summer Steelhead",2006,373.987653725674
"Mid-Columbia steelhead","Steelhead (Middle Columbia River DPS)","Rock Creek - summer Steelhead",2007,330.29147659571
"Mid-Columbia steelhead","Steelhead (Middle Columbia River DPS)","Rock Creek - summer Steelhead",2008,459.954277054797
"Mid-Columbia steelhead","Steelhead (Middle Columbia River DPS)","Rock Creek - summer Steelhead",2009,481.32784547164
"Mid-Columbia steelhead","Steelhead (Middle Columbia River DPS)","Rock Creek - summer Steelhead",2010,769.466551434696
"Mid-Columbia steelhead","Steelhead (Middle Columbia River DPS)","Rock Creek - summer Steelhead",2011,702.371765645129
"Mid-Columbia steelhead","Steelhead (Middle Columbia River DPS)","Rock Creek - summer Steelhead",2012,615.406922131731
"Mid-Columbia steelhead","Steelhead (Middle Columbia River DPS)","Rock Creek - summer Steelhead",2013,281.914088535306
"Mid-Columbia steelhead","Steelhead (Middle Columbia River DPS)","Rock Creek - summer Steelhead",2014,261.046529237714
"Mid-Columbia steelhead","Steelhead (Middle Columbia River DPS)","Rock Creek - summer Steelhead",2015,408.175872965514
"Mid-Columbia steelhead","Steelhead (Middle Columbia River DPS)","Rock Creek - summer Steelhead",2016,553.917463673739
"Mid-Columbia steelhead","Steelhead (Middle Columbia River DPS)","Rock Creek - summer Steelhead",2017,137.783948325555
"Mid-Columbia steelhead","Steelhead (Middle Columbia River DPS)","Rock Creek - summer Steelhead",2018,154.690561642685
"Mid-Columbia steelhead","Steelhead (Middle Columbia River DPS)","Rock Creek - summer Steelhead",2019,159.01339126232
"Mid-Columbia steelhead","Steelhead (Middle Columbia River DPS)","Rock Creek - summer Steelhead",2020,178.246941913068
"Mid-Columbia steelhead","Steelhead (Middle Columbia River DPS)","Rock Creek - summer Steelhead",2021,152.867581797392
"Mid-Columbia steelhead","Steelhead (Middle Columbia River DPS)","Rock Creek - summer Steelhead",2022,86.2487277957457
"Mid-Columbia steelhead","Steelhead (Middle Columbia River DPS)","Rock Creek - summer Steelhead",2023,77.8143739631268
"Mid-Columbia steelhead","Steelhead (Middle Columbia River DPS)","Rock Creek - summer Steelhead",2024,98.5764127674887
"Mid-Columbia steelhead","Steelhead (Middle Columbia River DPS)","Rock Creek - summer Steelhead",2025,127.98852560317
"Mid-Columbia steelhead","Steelhead (Middle Columbia River DPS)","Rock Creek - summer Steelhead",2026,125.50847087806
"Mid-Columbia steelhead","Steelhead (Middle Columbia River DPS)","Satus Creek - summer Steelhead",1999,328.842472332779
"Mid-Columbia steelhead","Steelhead (Middle Columbia River DPS)","Satus Creek - summer Steelhead",2000,402.373142405723
"Mid-Columbia steelhead","Steelhead (Middle Columbia River DPS)","Satus Creek - summer Steelhead",2001,661.004864340648
"Mid-Columbia steelhead","Steelhead (Middle Columbia River DPS)","Satus Creek - summer Steelhead",2002,1113.37462447527
"Mid-Columbia steelhead","Steelhead (Middle Columbia River DPS)","Satus Creek - summer Steelhead",2003,640.754058369831
"Mid-Columbia steelhead","Steelhead (Middle Columbia River DPS)","Satus Creek - summer Steelhead",2004,599.215396378927
"Mid-Columbia steelhead","Steelhead (Middle Columbia River DPS)","Satus Creek - summer Steelhead",2005,890.008471381806
"Mid-Columbia steelhead","Steelhead (Middle Columbia River DPS)","Satus Creek - summer Steelhead",2006,707.969337234271
"Mid-Columbia steelhead","Steelhead (Middle Columbia River DPS)","Satus Creek - summer Steelhead",2007,537.077121518138
"Mid-Columbia steelhead","Steelhead (Middle Columbia River DPS)","Satus Creek - summer Steelhead",2008,939.506571713574
"Mid-Columbia steelhead","Steelhead (Middle Columbia River DPS)","Satus Creek - summer Steelhead",2009,1080.48812277935
"Mid-Columbia steelhead","Steelhead (Middle Columbia River DPS)","Satus Creek - summer Steelhead",2010,2579.59411726345
"Mid-Columbia steelhead","Steelhead (Middle Columbia River DPS)","Satus Creek - summer Steelhead",2011,2190.4877595716
"Mid-Columbia steelhead","Steelhead (Middle Columbia River DPS)","Satus Creek - summer Steelhead",2012,1779.07714228047
"Mid-Columbia steelhead","Steelhead (Middle Columbia River DPS)","Satus Creek - summer Steelhead",2013,1004.724901251
"Mid-Columbia steelhead","Steelhead (Middle Columbia River DPS)","Satus Creek - summer Steelhead",2014,909.438457489821
"Mid-Columbia steelhead","Steelhead (Middle Columbia River DPS)","Satus Creek - summer Steelhead",2015,1138.92577280127
"Mid-Columbia steelhead","Steelhead (Middle Columbia River DPS)","Satus Creek - summer Steelhead",2016,1183.04903470242
"Mid-Columbia steelhead","Steelhead (Middle Columbia River DPS)","Satus Creek - summer Steelhead",2017,402.281197334313
"Mid-Columbia steelhead","Steelhead (Middle Columbia River DPS)","Satus Creek - summer Steelhead",2018,343.897149334302
"Mid-Columbia steelhead","Steelhead (Middle Columbia River DPS)","Satus Creek - summer Steelhead",2019,270.374176389231
"Mid-Columbia steelhead","Steelhead (Middle Columbia River DPS)","Satus Creek - summer Steelhead",2020,454.889572605045
"Mid-Columbia steelhead","Steelhead (Middle Columbia River DPS)","Satus Creek - summer Steelhead",2021,377.402392271271
"Mid-Columbia steelhead","Steelhead (Middle Columbia River DPS)","Satus Creek - summer Steelhead",2022,177.330386730522
"Mid-Columbia steelhead","Steelhead (Middle Columbia River DPS)","Satus Creek - summer Steelhead",2023,141.839141038588
"Mid-Columbia steelhead","Steelhead (Middle Columbia River DPS)","Satus Creek - summer Steelhead",2024,202.861424952588
"Mid-Columbia steelhead","Steelhead (Middle Columbia River DPS)","Satus Creek - summer Steelhead",2025,241.057526600225
"Mid-Columbia steelhead","Steelhead (Middle Columbia River DPS)","Satus Creek - summer Steelhead",2026,233.85403647234
"Mid-Columbia steelhead","Steelhead (Middle Columbia River DPS)","Toppenish Creek - summer Steelhead",1999,208.658680963185
"Mid-Columbia steelhead","Steelhead (Middle Columbia River DPS)","Toppenish Creek - summer Steelhead",2000,421.192682073846
"Mid-Columbia steelhead","Steelhead (Middle Columbia River DPS)","Toppenish Creek - summer Steelhead",2001,868.560754370688
"Mid-Columbia steelhead","Steelhead (Middle Columbia River DPS)","Toppenish Creek - summer Steelhead",2002,1076.00150232561
"Mid-Columbia steelhead","Steelhead (Middle Columbia River DPS)","Toppenish Creek - summer Steelhead",2003,498.643902365528
"Mid-Columbia steelhead","Steelhead (Middle Columbia River DPS)","Toppenish Creek - summer Steelhead",2004,746.865074869101
"Mid-Columbia steelhead","Steelhead (Middle Columbia River DPS)","Toppenish Creek - summer Steelhead",2005,742.735877142214
"Mid-Columbia steelhead","Steelhead (Middle Columbia River DPS)","Toppenish Creek - summer Steelhead",2006,294.486096300878
"Mid-Columbia steelhead","Steelhead (Middle Columbia River DPS)","Toppenish Creek - summer Steelhead",2007,269.068295547912
"Mid-Columbia steelhead","Steelhead (Middle Columbia River DPS)","Toppenish Creek - summer Steelhead",2008,562.910277960538
"Mid-Columbia steelhead","Steelhead (Middle Columbia River DPS)","Toppenish Creek - summer Steelhead",2009,651.6062295794
"Mid-Columbia steelhead","Steelhead (Middle Columbia River DPS)","Toppenish Creek - summer Steelhead",2010,662.104679972859
"Mid-Columbia steelhead","Steelhead (Middle Columbia River DPS)","Toppenish Creek - summer Steelhead",2011,754.32608704375
"Mid-Columbia steelhead","Steelhead (Middle Columbia River DPS)","Toppenish Creek - summer Steelhead",2012,682.412048757363
"Mid-Columbia steelhead","Steelhead (Middle Columbia River DPS)","Toppenish Creek - summer Steelhead",2013,490.24096779046
"Mid-Columbia steelhead","Steelhead (Middle Columbia River DPS)","Toppenish Creek - summer Steelhead",2014,380.254680365315
"Mid-Columbia steelhead","Steelhead (Middle Columbia River DPS)","Toppenish Creek - summer Steelhead",2015,466.327768192059
"Mid-Columbia steelhead","Steelhead (Middle Columbia River DPS)","Toppenish Creek - summer Steelhead",2016,311.440028650683
"Mid-Columbia steelhead","Steelhead (Middle Columbia River DPS)","Toppenish Creek - summer Steelhead",2017,162.022403657213
"Mid-Columbia steelhead","Steelhead (Middle Columbia River DPS)","Toppenish Creek - summer Steelhead",2018,145.939338003589
"Mid-Columbia steelhead","Steelhead (Middle Columbia River DPS)","Toppenish Creek - summer Steelhead",2019,237.324537494191
"Mid-Columbia steelhead","Steelhead (Middle Columbia River DPS)","Toppenish Creek - summer Steelhead",2020,200.455568918467
"Mid-Columbia steelhead","Steelhead (Middle Columbia River DPS)","Toppenish Creek - summer Steelhead",2021,160.277147679562
"Mid-Columbia steelhead","Steelhead (Middle Columbia River DPS)","Toppenish Creek - summer Steelhead",2022,58.4865591146795
"Mid-Columbia steelhead","Steelhead (Middle Columbia River DPS)","Toppenish Creek - summer Steelhead",2023,72.5082362705704
"Mid-Columbia steelhead","Steelhead (Middle Columbia River DPS)","Toppenish Creek - summer Steelhead",2024,86.9399387272212
"Mid-Columbia steelhead","Steelhead (Middle Columbia River DPS)","Toppenish Creek - summer Steelhead",2025,118.637529514394
"Mid-Columbia steelhead","Steelhead (Middle Columbia River DPS)","Toppenish Creek - summer Steelhead",2026,113.952242023968
"Mid-Columbia steelhead","Steelhead (Middle Columbia River DPS)","Touchet River - summer Steelhead",1999,368.85903239817
"Mid-Columbia steelhead","Steelhead (Middle Columbia River DPS)","Touchet River - summer Steelhead",2000,307.715959626957
"Mid-Columbia steelhead","Steelhead (Middle Columbia River DPS)","Touchet River - summer Steelhead",2001,314.539827938059
"Mid-Columbia steelhead","Steelhead (Middle Columbia River DPS)","Touchet River - summer Steelhead",2002,489.222247406833
"Mid-Columbia steelhead","Steelhead (Middle Columbia River DPS)","Touchet River - summer Steelhead",2003,443.940737447102
"Mid-Columbia steelhead","Steelhead (Middle Columbia River DPS)","Touchet River - summer Steelhead",2004,290.570236121331
"Mid-Columbia steelhead","Steelhead (Middle Columbia River DPS)","Touchet River - summer Steelhead",2005,424.968061653768
"Mid-Columbia steelhead","Steelhead (Middle Columbia River DPS)","Touchet River - summer Steelhead",2006,315.923476087722
"Mid-Columbia steelhead","Steelhead (Middle Columbia River DPS)","Touchet River - summer Steelhead",2007,350.506822873577
"Mid-Columbia steelhead","Steelhead (Middle Columbia River DPS)","Touchet River - summer Steelhead",2008,321.199350476704
"Mid-Columbia steelhead","Steelhead (Middle Columbia River DPS)","Touchet River - summer Steelhead",2009,299.755660979299
"Mid-Columbia steelhead","Steelhead (Middle Columbia River DPS)","Touchet River - summer Steelhead",2010,672.193031295146
"Mid-Columbia steelhead","Steelhead (Middle Columbia River DPS)","Touchet River - summer Steelhead",2011,462.0583849653
"Mid-Columbia steelhead","Steelhead (Middle Columbia River DPS)","Touchet River - summer Steelhead",2012,345.591779499345
"Mid-Columbia steelhead","Steelhead (Middle Columbia River DPS)","Touchet River - summer Steelhead",2013,402.622056607856
"Mid-Columbia steelhead","Steelhead (Middle Columbia River DPS)","Touchet River - summer Steelhead",2014,225.187596942118
"Mid-Columbia steelhead","Steelhead (Middle Columbia River DPS)","Touchet River - summer Steelhead",2015,391.761705746873
"Mid-Columbia steelhead","Steelhead (Middle Columbia River DPS)","Touchet River - summer Steelhead",2016,288.623514929983
"Mid-Columbia steelhead","Steelhead (Middle Columbia River DPS)","Touchet River - summer Steelhead",2017,90.9068903345326
"Mid-Columbia steelhead","Steelhead (Middle Columbia River DPS)","Touchet River - summer Steelhead",2018,120.299617658964
"Mid-Columbia steelhead","Steelhead (Middle Columbia River DPS)","Touchet River - summer Steelhead",2019,96.1547456669532
"Mid-Columbia steelhead","Steelhead (Middle Columbia River DPS)","Touchet River - summer Steelhead",2020,233.328478977629
"Mid-Columbia steelhead","Steelhead (Middle Columbia River DPS)","Touchet River - summer Steelhead",2021,340.400307861996
"Mid-Columbia steelhead","Steelhead (Middle Columbia River DPS)","Touchet River - summer Steelhead",2022,296.107122835484
"Mid-Columbia steelhead","Steelhead (Middle Columbia River DPS)","Touchet River - summer Steelhead",2023,222.424070361524
"Mid-Columbia steelhead","Steelhead (Middle Columbia River DPS)","Touchet River - summer Steelhead",2024,472.333156988321
"Mid-Columbia steelhead","Steelhead (Middle Columbia River DPS)","Touchet River - summer Steelhead",2025,462.226392739303
"Mid-Columbia steelhead","Steelhead (Middle Columbia River DPS)","Touchet River - summer Steelhead",2026,461.761549650189
"Mid-Columbia steelhead","Steelhead (Middle Columbia River DPS)","Yakima River Upper Mainstem - summer Steelhead",1999,41.8789137552971
"Mid-Columbia steelhead","Steelhead (Middle Columbia River DPS)","Yakima River Upper Mainstem - summer Steelhead",2000,63.6865706845706
"Mid-Columbia steelhead","Steelhead (Middle Columbia River DPS)","Yakima River Upper Mainstem - summer Steelhead",2001,158.248965074182
"Mid-Columbia steelhead","Steelhead (Middle Columbia River DPS)","Yakima River Upper Mainstem - summer Steelhead",2002,249.165496630113
"Mid-Columbia steelhead","Steelhead (Middle Columbia River DPS)","Yakima River Upper Mainstem - summer Steelhead",2003,134.431458441937
"Mid-Columbia steelhead","Steelhead (Middle Columbia River DPS)","Yakima River Upper Mainstem - summer Steelhead",2004,189.96516937074
"Mid-Columbia steelhead","Steelhead (Middle Columbia River DPS)","Yakima River Upper Mainstem - summer Steelhead",2005,216.804429168012
"Mid-Columbia steelhead","Steelhead (Middle Columbia River DPS)","Yakima River Upper Mainstem - summer Steelhead",2006,122.794545470625
"Mid-Columbia steelhead","Steelhead (Middle Columbia River DPS)","Yakima River Upper Mainstem - summer Steelhead",2007,85.4194023168876
"Mid-Columbia steelhead","Steelhead (Middle Columbia River DPS)","Yakima River Upper Mainstem - summer Steelhead",2008,186.257564143149
"Mid-Columbia steelhead","Steelhead (Middle Columbia River DPS)","Yakima River Upper Mainstem - summer Steelhead",2009,218.62468089725
"Mid-Columbia steelhead","Steelhead (Middle Columbia River DPS)","Yakima River Upper Mainstem - summer Steelhead",2010,356.796642258181
"Mid-Columbia steelhead","Steelhead (Middle Columbia River DPS)","Yakima River Upper Mainstem - summer Steelhead",2011,370.397305044429
"Mid-Columbia steelhead","Steelhead (Middle Columbia River DPS)","Yakima River Upper Mainstem - summer Steelhead",2012,479.998708936509
"Mid-Columbia steelhead","Steelhead (Middle Columbia River DPS)","Yakima River Upper Mainstem - summer Steelhead",2013,344.762320798359
"Mid-Columbia steelhead","Steelhead (Middle Columbia River DPS)","Yakima River Upper Mainstem - summer Steelhead",2014,419.38822162767
"Mid-Columbia steelhead","Steelhead (Middle Columbia River DPS)","Yakima River Upper Mainstem - summer Steelhead",2015,543.409086838836
"Mid-Columbia steelhead","Steelhead (Middle Columbia River DPS)","Yakima River Upper Mainstem - summer Steelhead",2016,513.696148468488
"Mid-Columbia steelhead","Steelhead (Middle Columbia River DPS)","Yakima River Upper Mainstem - summer Steelhead",2017,247.497305209795
"Mid-Columbia steelhead","Steelhead (Middle Columbia River DPS)","Yakima River Upper Mainstem - summer Steelhead",2018,168.464773149139
"Mid-Columbia steelhead","Steelhead (Middle Columbia River DPS)","Yakima River Upper Mainstem - summer Steelhead",2019,119.756596223532
"Mid-Columbia steelhead","Steelhead (Middle Columbia River DPS)","Yakima River Upper Mainstem - summer Steelhead",2020,118.641299524925
"Mid-Columbia steelhead","Steelhead (Middle Columbia River DPS)","Yakima River Upper Mainstem - summer Steelhead",2021,182.483214880717
"Mid-Columbia steelhead","Steelhead (Middle Columbia River DPS)","Yakima River Upper Mainstem - summer Steelhead",2022,47.8865660975894
"Mid-Columbia steelhead","Steelhead (Middle Columbia River DPS)","Yakima River Upper Mainstem - summer Steelhead",2023,55.8519972525213
"Mid-Columbia steelhead","Steelhead (Middle Columbia River DPS)","Yakima River Upper Mainstem - summer Steelhead",2024,46.7199148631773
"Mid-Columbia steelhead","Steelhead (Middle Columbia River DPS)","Yakima River Upper Mainstem - summer Steelhead",2025,49.8047761734493
"Mid-Columbia steelhead","Steelhead (Middle Columbia River DPS)","Yakima River Upper Mainstem - summer Steelhead",2026,50.4665328906023
"Puget Sound steelhead","Steelhead (Puget Sound DPS)","Dungeness River - summer and winter Steelhead",2007,613.211860575292
"Puget Sound steelhead","Steelhead (Puget Sound DPS)","Dungeness River - summer and winter Steelhead",2008,576.560393862609
"Puget Sound steelhead","Steelhead (Puget Sound DPS)","Dungeness River - summer and winter Steelhead",2009,514.330246502131
"Puget Sound steelhead","Steelhead (Puget Sound DPS)","Dungeness River - summer and winter Steelhead",2010,505.173406042644
"Puget Sound steelhead","Steelhead (Puget Sound DPS)","Dungeness River - summer and winter Steelhead",2011,487.099315203235
"Puget Sound steelhead","Steelhead (Puget Sound DPS)","Dungeness River - summer and winter Steelhead",2012,548.426442577755
"Puget Sound steelhead","Steelhead (Puget Sound DPS)","Dungeness River - summer and winter Steelhead",2013,583.621754084008
"Puget Sound steelhead","Steelhead (Puget Sound DPS)","Dungeness River - summer and winter Steelhead",2014,568.42400575476
"Puget Sound steelhead","Steelhead (Puget Sound DPS)","Dungeness River - summer and winter Steelhead",2015,546.736775461407
"Puget Sound steelhead","Steelhead (Puget Sound DPS)","Dungeness River - summer and winter Steelhead",2016,460.935480195306
"Puget Sound steelhead","Steelhead (Puget Sound DPS)","Dungeness River - summer and winter Steelhead",2017,374.478285261261
"Puget Sound steelhead","Steelhead (Puget Sound DPS)","Dungeness River - summer and winter Steelhead",2018,407.452152344042
"Puget Sound steelhead","Steelhead (Puget Sound DPS)","Dungeness River - summer and winter Steelhead",2019,432.695468236734
"Puget Sound steelhead","Steelhead (Puget Sound DPS)","Dungeness River - summer and winter Steelhead",2020,399.136485519348
"Puget Sound steelhead","Steelhead (Puget Sound DPS)","Dungeness River - summer and winter Steelhead",2021,360.41780816185
"Puget Sound steelhead","Steelhead (Puget Sound DPS)","Dungeness River - summer and winter Steelhead",2022,369.611551922288
"Puget Sound steelhead","Steelhead (Puget Sound DPS)","Dungeness River - summer and winter Steelhead",2023,346.020729165666
"Puget Sound steelhead","Steelhead (Puget Sound DPS)","Dungeness River - summer and winter Steelhead",2024,410.283125146146
"Puget Sound steelhead","Steelhead (Puget Sound DPS)","Dungeness River - summer and winter Steelhead",2025,474.732652980509
"Puget Sound steelhead","Steelhead (Puget Sound DPS)","Dungeness River - summer and winter Steelhead",2026,463.437466975214
"Puget Sound steelhead","Steelhead (Puget Sound DPS)","Elwha River - winter Steelhead",2007,1523.59723706521
"Puget Sound steelhead","Steelhead (Puget Sound DPS)","Elwha River - winter Steelhead",2008,1496.47479367726
"Puget Sound steelhead","Steelhead (Puget Sound DPS)","Elwha River - winter Steelhead",2009,1451.25158864528
"Puget Sound steelhead","Steelhead (Puget Sound DPS)","Elwha River - winter Steelhead",2010,1376.95078432224
"Puget Sound steelhead","Steelhead (Puget Sound DPS)","Elwha River - winter Steelhead",2011,1413.33402466715
"Puget Sound steelhead","Steelhead (Puget Sound DPS)","Elwha River - winter Steelhead",2012,1370.15729248186
"Puget Sound steelhead","Steelhead (Puget Sound DPS)","Elwha River - winter Steelhead",2013,1336.69588152347
"Puget Sound steelhead","Steelhead (Puget Sound DPS)","Elwha River - winter Steelhead",2014,1351.74759578854
"Puget Sound steelhead","Steelhead (Puget Sound DPS)","Elwha River - winter Steelhead",2015,1376.81080673945
"Puget Sound steelhead","Steelhead (Puget Sound DPS)","Elwha River - winter Steelhead",2016,1364.69060460209
"Puget Sound steelhead","Steelhead (Puget Sound DPS)","Elwha River - winter Steelhead",2017,1240.50440065689
"Puget Sound steelhead","Steelhead (Puget Sound DPS)","Elwha River - winter Steelhead",2018,1068.03618926439
"Puget Sound steelhead","Steelhead (Puget Sound DPS)","Elwha River - winter Steelhead",2019,966.717823784111
"Puget Sound steelhead","Steelhead (Puget Sound DPS)","Elwha River - winter Steelhead",2020,1293.20770833873
"Puget Sound steelhead","Steelhead (Puget Sound DPS)","Elwha River - winter Steelhead",2021,1334.62586431221
"Puget Sound steelhead","Steelhead (Puget Sound DPS)","Elwha River - winter Steelhead",2022,1560.15194222853
"Puget Sound steelhead","Steelhead (Puget Sound DPS)","Elwha River - winter Steelhead",2023,1259.05396342932
"Puget Sound steelhead","Steelhead (Puget Sound DPS)","Elwha River - winter Steelhead",2024,1212.66672830477
"Puget Sound steelhead","Steelhead (Puget Sound DPS)","Elwha River - winter Steelhead",2025,1082.22068201641
"Puget Sound steelhead","Steelhead (Puget Sound DPS)","Elwha River - winter Steelhead",2026,1064.2361487493
"Puget Sound steelhead","Steelhead (Puget Sound DPS)","Nisqually River - winter Steelhead",2007,557.706952945737
"Puget Sound steelhead","Steelhead (Puget Sound DPS)","Nisqually River - winter Steelhead",2008,581.336338833425
"Puget Sound steelhead","Steelhead (Puget Sound DPS)","Nisqually River - winter Steelhead",2009,402.098101944889
"Puget Sound steelhead","Steelhead (Puget Sound DPS)","Nisqually River - winter Steelhead",2010,519.992563093737
"Puget Sound steelhead","Steelhead (Puget Sound DPS)","Nisqually River - winter Steelhead",2011,394.023284062701
"Puget Sound steelhead","Steelhead (Puget Sound DPS)","Nisqually River - winter Steelhead",2012,396.743716803268
"Puget Sound steelhead","Steelhead (Puget Sound DPS)","Nisqually River - winter Steelhead",2013,592.792554699492
"Puget Sound steelhead","Steelhead (Puget Sound DPS)","Nisqually River - winter Steelhead",2014,634.882459867579
"Puget Sound steelhead","Steelhead (Puget Sound DPS)","Nisqually River - winter Steelhead",2015,1028.69107060485
"Puget Sound steelhead","Steelhead (Puget Sound DPS)","Nisqually River - winter Steelhead",2016,1365.05323328304
"Puget Sound steelhead","Steelhead (Puget Sound DPS)","Nisqually River - winter Steelhead",2017,916.236124909575
"Puget Sound steelhead","Steelhead (Puget Sound DPS)","Nisqually River - winter Steelhead",2018,1571.850879053
"Puget Sound steelhead","Steelhead (Puget Sound DPS)","Nisqually River - winter Steelhead",2019,1582.11636019901
"Puget Sound steelhead","Steelhead (Puget Sound DPS)","Nisqually River - winter Steelhead",2020,1350.77530819536
"Puget Sound steelhead","Steelhead (Puget Sound DPS)","Nisqually River - winter Steelhead",2021,1073.47646779672
"Puget Sound steelhead","Steelhead (Puget Sound DPS)","Nisqually River - winter Steelhead",2022,787.437512291584
"Puget Sound steelhead","Steelhead (Puget Sound DPS)","Nisqually River - winter Steelhead",2023,784.966774970109
"Puget Sound steelhead","Steelhead (Puget Sound DPS)","Nisqually River - winter Steelhead",2024,1059.54619433772
"Puget Sound steelhead","Steelhead (Puget Sound DPS)","Nisqually River - winter Steelhead",2025,864.043126068081
"Puget Sound steelhead","Steelhead (Puget Sound DPS)","Nisqually River - winter Steelhead",2026,887.959622368882
"Puget Sound steelhead","Steelhead (Puget Sound DPS)","Nooksack River - winter Steelhead",2007,1905.5426595671
"Puget Sound steelhead","Steelhead (Puget Sound DPS)","Nooksack River - winter Steelhead",2008,1873.60613325838
"Puget Sound steelhead","Steelhead (Puget Sound DPS)","Nooksack River - winter Steelhead",2009,1795.54976258016
"Puget Sound steelhead","Steelhead (Puget Sound DPS)","Nooksack River - winter Steelhead",2010,1868.69762797969
"Puget Sound steelhead","Steelhead (Puget Sound DPS)","Nooksack River - winter Steelhead",2011,1805.57036665179
"Puget Sound steelhead","Steelhead (Puget Sound DPS)","Nooksack River - winter Steelhead",2012,1744.84622681022
"Puget Sound steelhead","Steelhead (Puget Sound DPS)","Nooksack River - winter Steelhead",2013,1773.53769925729
"Puget Sound steelhead","Steelhead (Puget Sound DPS)","Nooksack River - winter Steelhead",2014,1667.99435552804
"Puget Sound steelhead","Steelhead (Puget Sound DPS)","Nooksack River - winter Steelhead",2015,1913.03709668278
"Puget Sound steelhead","Steelhead (Puget Sound DPS)","Nooksack River - winter Steelhead",2016,1853.68930290128
"Puget Sound steelhead","Steelhead (Puget Sound DPS)","Nooksack River - winter Steelhead",2017,1750.39205453735
"Puget Sound steelhead","Steelhead (Puget Sound DPS)","Nooksack River - winter Steelhead",2018,1873.51755987407
"Puget Sound steelhead","Steelhead (Puget Sound DPS)","Nooksack River - winter Steelhead",2019,1645.60315207565
"Puget Sound steelhead","Steelhead (Puget Sound DPS)","Nooksack River - winter Steelhead",2020,1506.73148647567
"Puget Sound steelhead","Steelhead (Puget Sound DPS)","Nooksack River - winter Steelhead",2021,1376.74480707653
"Puget Sound steelhead","Steelhead (Puget Sound DPS)","Nooksack River - winter Steelhead",2022,1326.81765801567
"Puget Sound steelhead","Steelhead (Puget Sound DPS)","Nooksack River - winter Steelhead",2023,1335.41835705525
"Puget Sound steelhead","Steelhead (Puget Sound DPS)","Nooksack River - winter Steelhead",2024,1195.04164176326
"Puget Sound steelhead","Steelhead (Puget Sound DPS)","Nooksack River - winter Steelhead",2025,991.678021106903
"Puget Sound steelhead","Steelhead (Puget Sound DPS)","Nooksack River - winter Steelhead",2026,963.039117044474
"Puget Sound steelhead","Steelhead (Puget Sound DPS)","Pilchuck River - winter Steelhead",2007,771.651177443945
"Puget Sound steelhead","Steelhead (Puget Sound DPS)","Pilchuck River - winter Steelhead",2008,609.340533678112
"Puget Sound steelhead","Steelhead (Puget Sound DPS)","Pilchuck River - winter Steelhead",2009,398.50047529126
"Puget Sound steelhead","Steelhead (Puget Sound DPS)","Pilchuck River - winter Steelhead",2010,404.951440281449
"Puget Sound steelhead","Steelhead (Puget Sound DPS)","Pilchuck River - winter Steelhead",2011,564.747247105574
"Puget Sound steelhead","Steelhead (Puget Sound DPS)","Pilchuck River - winter Steelhead",2012,735.862806863524
"Puget Sound steelhead","Steelhead (Puget Sound DPS)","Pilchuck River - winter Steelhead",2013,861.999838232112
"Puget Sound steelhead","Steelhead (Puget Sound DPS)","Pilchuck River - winter Steelhead",2014,758.142992093032
"Puget Sound steelhead","Steelhead (Puget Sound DPS)","Pilchuck River - winter Steelhead",2015,875.748147159359
"Puget Sound steelhead","Steelhead (Puget Sound DPS)","Pilchuck River - winter Steelhead",2016,825.077693096568
"Puget Sound steelhead","Steelhead (Puget Sound DPS)","Pilchuck River - winter Steelhead",2017,615.171452839578
"Puget Sound steelhead","Steelhead (Puget Sound DPS)","Pilchuck River - winter Steelhead",2018,570.856355540014
"Puget Sound steelhead","Steelhead (Puget Sound DPS)","Pilchuck River - winter Steelhead",2019,419.829474629728
"Puget Sound steelhead","Steelhead (Puget Sound DPS)","Pilchuck River - winter Steelhead",2020,455.867668798413
"Puget Sound steelhead","Steelhead (Puget Sound DPS)","Pilchuck River - winter Steelhead",2021,320.20809935599
"Puget Sound steelhead","Steelhead (Puget Sound DPS)","Pilchuck River - winter Steelhead",2022,270.036428000078
"Puget Sound steelhead","Steelhead (Puget Sound DPS)","Pilchuck River - winter Steelhead",2023,183.575598076338
"Puget Sound steelhead","Steelhead (Puget Sound DPS)","Pilchuck River - winter Steelhead",2024,216.283577990502
"Puget Sound steelhead","Steelhead (Puget Sound DPS)","Pilchuck River - winter Steelhead",2025,197.977159735096
"Puget Sound steelhead","Steelhead (Puget Sound DPS)","Pilchuck River - winter Steelhead",2026,185.211528766693
"Puget Sound steelhead","Steelhead (Puget Sound DPS)","Samish River and Bellingham Bay Tributaries - winter Steelhead",2007,485.452140760612
"Puget Sound steelhead","Steelhead (Puget Sound DPS)","Samish River and Bellingham Bay Tributaries - winter Steelhead",2008,478.834806889313
"Puget Sound steelhead","Steelhead (Puget Sound DPS)","Samish River and Bellingham Bay Tributaries - winter Steelhead",2009,474.967580390032
"Puget Sound steelhead","Steelhead (Puget Sound DPS)","Samish River and Bellingham Bay Tributaries - winter Steelhead",2010,642.956066535257
"Puget Sound steelhead","Steelhead (Puget Sound DPS)","Samish River and Bellingham Bay Tributaries - winter Steelhead",2011,796.149631923479
"Puget Sound steelhead","Steelhead (Puget Sound DPS)","Samish River and Bellingham Bay Tributaries - winter Steelhead",2012,667.855731981055
"Puget Sound steelhead","Steelhead (Puget Sound DPS)","Samish River and Bellingham Bay Tributaries - winter Steelhead",2013,833.903347493592
"Puget Sound steelhead","Steelhead (Puget Sound DPS)","Samish River and Bellingham Bay Tributaries - winter Steelhead",2014,854.276132149435
"Puget Sound steelhead","Steelhead (Puget Sound DPS)","Samish River and Bellingham Bay Tributaries - winter Steelhead",2015,1348.55449900568
"Puget Sound steelhead","Steelhead (Puget Sound DPS)","Samish River and Bellingham Bay Tributaries - winter Steelhead",2016,1341.25748073321
"Puget Sound steelhead","Steelhead (Puget Sound DPS)","Samish River and Bellingham Bay Tributaries - winter Steelhead",2017,982.850394688671
"Puget Sound steelhead","Steelhead (Puget Sound DPS)","Samish River and Bellingham Bay Tributaries - winter Steelhead",2018,941.537733713245
"Puget Sound steelhead","Steelhead (Puget Sound DPS)","Samish River and Bellingham Bay Tributaries - winter Steelhead",2019,557.20661940439
"Puget Sound steelhead","Steelhead (Puget Sound DPS)","Samish River and Bellingham Bay Tributaries - winter Steelhead",2020,624.296787396085
"Puget Sound steelhead","Steelhead (Puget Sound DPS)","Samish River and Bellingham Bay Tributaries - winter Steelhead",2021,686.21449683287
"Puget Sound steelhead","Steelhead (Puget Sound DPS)","Samish River and Bellingham Bay Tributaries - winter Steelhead",2022,723.533233650371
"Puget Sound steelhead","Steelhead (Puget Sound DPS)","Samish River and Bellingham Bay Tributaries - winter Steelhead",2023,675.801870039317
"Puget Sound steelhead","Steelhead (Puget Sound DPS)","Samish River and Bellingham Bay Tributaries - winter Steelhead",2024,462.32043316217
"Puget Sound steelhead","Steelhead (Puget Sound DPS)","Samish River and Bellingham Bay Tributaries - winter Steelhead",2025,269.290748531024
"Puget Sound steelhead","Steelhead (Puget Sound DPS)","Samish River and Bellingham Bay Tributaries - winter Steelhead",2026,263.916304848908
"Puget Sound steelhead","Steelhead (Puget Sound DPS)","Skagit River - summer and winter Steelhead",2007,4387.63147775224
"Puget Sound steelhead","Steelhead (Puget Sound DPS)","Skagit River - summer and winter Steelhead",2008,4233.02891015277
"Puget Sound steelhead","Steelhead (Puget Sound DPS)","Skagit River - summer and winter Steelhead",2009,3221.39133486258
"Puget Sound steelhead","Steelhead (Puget Sound DPS)","Skagit River - summer and winter Steelhead",2010,4110.65615407797
"Puget Sound steelhead","Steelhead (Puget Sound DPS)","Skagit River - summer and winter Steelhead",2011,5393.24847133785
"Puget Sound steelhead","Steelhead (Puget Sound DPS)","Skagit River - summer and winter Steelhead",2012,6300.21451689118
"Puget Sound steelhead","Steelhead (Puget Sound DPS)","Skagit River - summer and winter Steelhead",2013,7928.03688064345
"Puget Sound steelhead","Steelhead (Puget Sound DPS)","Skagit River - summer and winter Steelhead",2014,8338.39611894507
"Puget Sound steelhead","Steelhead (Puget Sound DPS)","Skagit River - summer and winter Steelhead",2015,8389.59782953262
"Puget Sound steelhead","Steelhead (Puget Sound DPS)","Skagit River - summer and winter Steelhead",2016,7773.01255700841
"Puget Sound steelhead","Steelhead (Puget Sound DPS)","Skagit River - summer and winter Steelhead",2017,6384.0669114084
"Puget Sound steelhead","Steelhead (Puget Sound DPS)","Skagit River - summer and winter Steelhead",2018,5615.88134046962
"Puget Sound steelhead","Steelhead (Puget Sound DPS)","Skagit River - summer and winter Steelhead",2019,4267.56867962925
"Puget Sound steelhead","Steelhead (Puget Sound DPS)","Skagit River - summer and winter Steelhead",2020,3702.46503691302
"Puget Sound steelhead","Steelhead (Puget Sound DPS)","Skagit River - summer and winter Steelhead",2021,3764.97874437917
"Puget Sound steelhead","Steelhead (Puget Sound DPS)","Skagit River - summer and winter Steelhead",2022,4793.54313983215
"Puget Sound steelhead","Steelhead (Puget Sound DPS)","Skagit River - summer and winter Steelhead",2023,4437.72439458001
"Puget Sound steelhead","Steelhead (Puget Sound DPS)","Skagit River - summer and winter Steelhead",2024,4432.02187357007
"Puget Sound steelhead","Steelhead (Puget Sound DPS)","Skagit River - summer and winter Steelhead",2025,3699.33912505008
"Puget Sound steelhead","Steelhead (Puget Sound DPS)","Skagit River - summer and winter Steelhead",2026,3662.60849556888
"Puget Sound steelhead","Steelhead (Puget Sound DPS)","Snohomish/Skykomish Rivers - winter Steelhead",2007,913.235879543777
"Puget Sound steelhead","Steelhead (Puget Sound DPS)","Snohomish/Skykomish Rivers - winter Steelhead",2008,876.255948851651
"Puget Sound steelhead","Steelhead (Puget Sound DPS)","Snohomish/Skykomish Rivers - winter Steelhead",2009,845.38033167512
"Puget Sound steelhead","Steelhead (Puget Sound DPS)","Snohomish/Skykomish Rivers - winter Steelhead",2010,816.499842707539
"Puget Sound steelhead","Steelhead (Puget Sound DPS)","Snohomish/Skykomish Rivers - winter Steelhead",2011,999.35845697894
"Puget Sound steelhead","Steelhead (Puget Sound DPS)","Snohomish/Skykomish Rivers - winter Steelhead",2012,945.263334762533
"Puget Sound steelhead","Steelhead (Puget Sound DPS)","Snohomish/Skykomish Rivers - winter Steelhead",2013,1003.22628012547
"Puget Sound steelhead","Steelhead (Puget Sound DPS)","Snohomish/Skykomish Rivers - winter Steelhead",2014,1101.96590994574
"Puget Sound steelhead","Steelhead (Puget Sound DPS)","Snohomish/Skykomish Rivers - winter Steelhead",2015,1026.92204007053
"Puget Sound steelhead","Steelhead (Puget Sound DPS)","Snohomish/Skykomish Rivers - winter Steelhead",2016,1062.3593452287
"Puget Sound steelhead","Steelhead (Puget Sound DPS)","Snohomish/Skykomish Rivers - winter Steelhead",2017,793.999015512361
"Puget Sound steelhead","Steelhead (Puget Sound DPS)","Snohomish/Skykomish Rivers - winter Steelhead",2018,471.95548264664
"Puget Sound steelhead","Steelhead (Puget Sound DPS)","Snohomish/Skykomish Rivers - winter Steelhead",2019,426.939807172884
"Puget Sound steelhead","Steelhead (Puget Sound DPS)","Snohomish/Skykomish Rivers - winter Steelhead",2020,520.855123898766
"Puget Sound steelhead","Steelhead (Puget Sound DPS)","Snohomish/Skykomish Rivers - winter Steelhead",2021,594.014114836478
"Puget Sound steelhead","Steelhead (Puget Sound DPS)","Snohomish/Skykomish Rivers - winter Steelhead",2022,757.408788968114
"Puget Sound steelhead","Steelhead (Puget Sound DPS)","Snohomish/Skykomish Rivers - winter Steelhead",2023,781.923063362555
"Puget Sound steelhead","Steelhead (Puget Sound DPS)","Snohomish/Skykomish Rivers - winter Steelhead",2024,893.228221729973
"Puget Sound steelhead","Steelhead (Puget Sound DPS)","Snohomish/Skykomish Rivers - winter Steelhead",2025,667.872752457471
"Puget Sound steelhead","Steelhead (Puget Sound DPS)","Snohomish/Skykomish Rivers - winter Steelhead",2026,661.103747460913
"Puget Sound steelhead","Steelhead (Puget Sound DPS)","Snoqualmie River - winter Steelhead",2007,928.894036927194
"Puget Sound steelhead","Steelhead (Puget Sound DPS)","Snoqualmie River - winter Steelhead",2008,867.383442336625
"Puget Sound steelhead","Steelhead (Puget Sound DPS)","Snoqualmie River - winter Steelhead",2009,774.344462128836
"Puget Sound steelhead","Steelhead (Puget Sound DPS)","Snoqualmie River - winter Steelhead",2010,670.329528720275
"Puget Sound steelhead","Steelhead (Puget Sound DPS)","Snoqualmie River - winter Steelhead",2011,708.070912051278
"Puget Sound steelhead","Steelhead (Puget Sound DPS)","Snoqualmie River - winter Steelhead",2012,724.23599649877
"Puget Sound steelhead","Steelhead (Puget Sound DPS)","Snoqualmie River - winter Steelhead",2013,695.921068444155
"Puget Sound steelhead","Steelhead (Puget Sound DPS)","Snoqualmie River - winter Steelhead",2014,797.202975766859
"Puget Sound steelhead","Steelhead (Puget Sound DPS)","Snoqualmie River - winter Steelhead",2015,864.947525924506
"Puget Sound steelhead","Steelhead (Puget Sound DPS)","Snoqualmie River - winter Steelhead",2016,805.801225610698
"Puget Sound steelhead","Steelhead (Puget Sound DPS)","Snoqualmie River - winter Steelhead",2017,512.300970177406
"Puget Sound steelhead","Steelhead (Puget Sound DPS)","Snoqualmie River - winter Steelhead",2018,337.587243736869
"Puget Sound steelhead","Steelhead (Puget Sound DPS)","Snoqualmie River - winter Steelhead",2019,303.419822132286
"Puget Sound steelhead","Steelhead (Puget Sound DPS)","Snoqualmie River - winter Steelhead",2020,428.71402520277
"Puget Sound steelhead","Steelhead (Puget Sound DPS)","Snoqualmie River - winter Steelhead",2021,560.012983133211
"Puget Sound steelhead","Steelhead (Puget Sound DPS)","Snoqualmie River - winter Steelhead",2022,706.064814152762
"Puget Sound steelhead","Steelhead (Puget Sound DPS)","Snoqualmie River - winter Steelhead",2023,615.94151811304
"Puget Sound steelhead","Steelhead (Puget Sound DPS)","Snoqualmie River - winter Steelhead",2024,652.376046232243
"Puget Sound steelhead","Steelhead (Puget Sound DPS)","Snoqualmie River - winter Steelhead",2025,530.921410670813
"Puget Sound steelhead","Steelhead (Puget Sound DPS)","Snoqualmie River - winter Steelhead",2026,519.208188977373
"Puget Sound steelhead","Steelhead (Puget Sound DPS)","South Hood Canal Tributaries - winter Steelhead",2007,153.662404327444
"Puget Sound steelhead","Steelhead (Puget Sound DPS)","South Hood Canal Tributaries - winter Steelhead",2008,132.766163632974
"Puget Sound steelhead","Steelhead (Puget Sound DPS)","South Hood Canal Tributaries - winter Steelhead",2009,86.3840294353574
"Puget Sound steelhead","Steelhead (Puget Sound DPS)","South Hood Canal Tributaries - winter Steelhead",2010,86.4388278781187
"Puget Sound steelhead","Steelhead (Puget Sound DPS)","South Hood Canal Tributaries - winter Steelhead",2011,69.3424546857047
"Puget Sound steelhead","Steelhead (Puget Sound DPS)","South Hood Canal Tributaries - winter Steelhead",2012,76.9050348381762
"Puget Sound steelhead","Steelhead (Puget Sound DPS)","South Hood Canal Tributaries - winter Steelhead",2013,72.0232898726311
"Puget Sound steelhead","Steelhead (Puget Sound DPS)","South Hood Canal Tributaries - winter Steelhead",2014,57.8060186143799
"Puget Sound steelhead","Steelhead (Puget Sound DPS)","South Hood Canal Tributaries - winter Steelhead",2015,74.7838575267876
"Puget Sound steelhead","Steelhead (Puget Sound DPS)","South Hood Canal Tributaries - winter Steelhead",2016,71.1104390209263
"Puget Sound steelhead","Steelhead (Puget Sound DPS)","South Hood Canal Tributaries - winter Steelhead",2017,52.3111375717084
"Puget Sound steelhead","Steelhead (Puget Sound DPS)","South Hood Canal Tributaries - winter Steelhead",2018,96.9928287970341
"Puget Sound steelhead","Steelhead (Puget Sound DPS)","South Hood Canal Tributaries - winter Steelhead",2019,101.0734005529
"Puget Sound steelhead","Steelhead (Puget Sound DPS)","South Hood Canal Tributaries - winter Steelhead",2020,87.7515950842149
"Puget Sound steelhead","Steelhead (Puget Sound DPS)","South Hood Canal Tributaries - winter Steelhead",2021,72.5255812898238
"Puget Sound steelhead","Steelhead (Puget Sound DPS)","South Hood Canal Tributaries - winter Steelhead",2022,55.0057405560977
"Puget Sound steelhead","Steelhead (Puget Sound DPS)","South Hood Canal Tributaries - winter Steelhead",2023,56.1630350492161
"Puget Sound steelhead","Steelhead (Puget Sound DPS)","South Hood Canal Tributaries - winter Steelhead",2024,64.4634679599303
"Puget Sound steelhead","Steelhead (Puget Sound DPS)","South Hood Canal Tributaries - winter Steelhead",2025,54.5298031922053
"Puget Sound steelhead","Steelhead (Puget Sound DPS)","South Hood Canal Tributaries - winter Steelhead",2026,52.1022224600584
"Puget Sound steelhead","Steelhead (Puget Sound DPS)","Tolt River - summer Steelhead",2007,60.2865730643138
"Puget Sound steelhead","Steelhead (Puget Sound DPS)","Tolt River - summer Steelhead",2008,60.690545587906
"Puget Sound steelhead","Steelhead (Puget Sound DPS)","Tolt River - summer Steelhead",2009,83.1452967958279
"Puget Sound steelhead","Steelhead (Puget Sound DPS)","Tolt River - summer Steelhead",2010,95.3415945244386
"Puget Sound steelhead","Steelhead (Puget Sound DPS)","Tolt River - summer Steelhead",2011,86.803212847813
"Puget Sound steelhead","Steelhead (Puget Sound DPS)","Tolt River - summer Steelhead",2012,105.36232416228
"Puget Sound steelhead","Steelhead (Puget Sound DPS)","Tolt River - summer Steelhead",2013,103.370642075448
"Puget Sound steelhead","Steelhead (Puget Sound DPS)","Tolt River - summer Steelhead",2014,94.2017721456109
"Puget Sound steelhead","Steelhead (Puget Sound DPS)","Tolt River - summer Steelhead",2015,52.7290845983233
"Puget Sound steelhead","Steelhead (Puget Sound DPS)","Tolt River - summer Steelhead",2016,31.319690214139
"Puget Sound steelhead","Steelhead (Puget Sound DPS)","Tolt River - summer Steelhead",2017,47.8902224826499
"Puget Sound steelhead","Steelhead (Puget Sound DPS)","Tolt River - summer Steelhead",2018,38.0205539611194
"Puget Sound steelhead","Steelhead (Puget Sound DPS)","Tolt River - summer Steelhead",2019,47.7635130275226
"Puget Sound steelhead","Steelhead (Puget Sound DPS)","Tolt River - summer Steelhead",2020,41.0578186532914
"Puget Sound steelhead","Steelhead (Puget Sound DPS)","Tolt River - summer Steelhead",2021,44.0024269416348
"Puget Sound steelhead","Steelhead (Puget Sound DPS)","Tolt River - summer Steelhead",2022,53.0789260700474
"Puget Sound steelhead","Steelhead (Puget Sound DPS)","Tolt River - summer Steelhead",2023,77.3496679284181
"Puget Sound steelhead","Steelhead (Puget Sound DPS)","Tolt River - summer Steelhead",2024,79.6109786148342
"Puget Sound steelhead","Steelhead (Puget Sound DPS)","Tolt River - summer Steelhead",2025,66.982404552941
"Puget Sound steelhead","Steelhead (Puget Sound DPS)","Tolt River - summer Steelhead",2026,67.1752074455706
"Puget Sound steelhead","Steelhead (Puget Sound DPS)","White River - winter Steelhead",2007,264.760772551547
"Puget Sound steelhead","Steelhead (Puget Sound DPS)","White River - winter Steelhead",2008,221.327004499497
"Puget Sound steelhead","Steelhead (Puget Sound DPS)","White River - winter Steelhead",2009,205.117099594204
"Puget Sound steelhead","Steelhead (Puget Sound DPS)","White River - winter Steelhead",2010,381.065391791692
"Puget Sound steelhead","Steelhead (Puget Sound DPS)","White River - winter Steelhead",2011,451.448138855886
"Puget Sound steelhead","Steelhead (Puget Sound DPS)","White River - winter Steelhead",2012,493.989931814254
"Puget Sound steelhead","Steelhead (Puget Sound DPS)","White River - winter Steelhead",2013,523.048877923005
"Puget Sound steelhead","Steelhead (Puget Sound DPS)","White River - winter Steelhead",2014,439.721641262918
"Puget Sound steelhead","Steelhead (Puget Sound DPS)","White River - winter Steelhead",2015,383.493575999395
"Puget Sound steelhead","Steelhead (Puget Sound DPS)","White River - winter Steelhead",2016,441.457824887472
"Puget Sound steelhead","Steelhead (Puget Sound DPS)","White River - winter Steelhead",2017,418.40699855852
"Puget Sound steelhead","Steelhead (Puget Sound DPS)","White River - winter Steelhead",2018,580.555775049519
"Puget Sound steelhead","Steelhead (Puget Sound DPS)","White River - winter Steelhead",2019,467.194322140239
"Puget Sound steelhead","Steelhead (Puget Sound DPS)","White River - winter Steelhead",2020,329.879777825243
"Puget Sound steelhead","Steelhead (Puget Sound DPS)","White River - winter Steelhead",2021,196.562046907193
"Puget Sound steelhead","Steelhead (Puget Sound DPS)","White River - winter Steelhead",2022,189.727475045688
"Puget Sound steelhead","Steelhead (Puget Sound DPS)","White River - winter Steelhead",2023,164.268846822966
"Puget Sound steelhead","Steelhead (Puget Sound DPS)","White River - winter Steelhead",2024,220.346050707719
"Puget Sound steelhead","Steelhead (Puget Sound DPS)","White River - winter Steelhead",2025,188.832426830728
"Puget Sound steelhead","Steelhead (Puget Sound DPS)","White River - winter Steelhead",2026,186.263326931099
"Snake River steelhead","Steelhead (Snake River Basin DPS)","Joseph Creek - summer Steelhead",1997,9204.68311441375
"Snake River steelhead","Steelhead (Snake River Basin DPS)","Joseph Creek - summer Steelhead",1998,8252.0216366505
"Snake River steelhead","Steelhead (Snake River Basin DPS)","Joseph Creek - summer Steelhead",1999,7578.81562497683
"Snake River steelhead","Steelhead (Snake River Basin DPS)","Joseph Creek - summer Steelhead",2000,6782.52111837649
"Snake River steelhead","Steelhead (Snake River Basin DPS)","Joseph Creek - summer Steelhead",2001,6005.10387839121
"Snake River steelhead","Steelhead (Snake River Basin DPS)","Joseph Creek - summer Steelhead",2002,5381.36849270949
"Snake River steelhead","Steelhead (Snake River Basin DPS)","Joseph Creek - summer Steelhead",2003,4823.46749778462
"Snake River steelhead","Steelhead (Snake River Basin DPS)","Joseph Creek - summer Steelhead",2004,4248.5810629337
"Snake River steelhead","Steelhead (Snake River Basin DPS)","Joseph Creek - summer Steelhead",2005,3722.22367314716
"Snake River steelhead","Steelhead (Snake River Basin DPS)","Joseph Creek - summer Steelhead",2006,3327.53322551441
"Snake River steelhead","Steelhead (Snake River Basin DPS)","Joseph Creek - summer Steelhead",2007,2955.90871704143
"Snake River steelhead","Steelhead (Snake River Basin DPS)","Joseph Creek - summer Steelhead",2008,2655.08127715776
"Snake River steelhead","Steelhead (Snake River Basin DPS)","Joseph Creek - summer Steelhead",2009,2386.77158074967
"Snake River steelhead","Steelhead (Snake River Basin DPS)","Joseph Creek - summer Steelhead",2010,2078.60209059635
"Snake River steelhead","Steelhead (Snake River Basin DPS)","Joseph Creek - summer Steelhead",2011,1816.45580544266
"Snake River steelhead","Steelhead (Snake River Basin DPS)","Joseph Creek - summer Steelhead",2012,1953.70422004174
"Snake River steelhead","Steelhead (Snake River Basin DPS)","Joseph Creek - summer Steelhead",2013,1756.04610217441
"Snake River steelhead","Steelhead (Snake River Basin DPS)","Joseph Creek - summer Steelhead",2014,2002.06287447636
"Snake River steelhead","Steelhead (Snake River Basin DPS)","Joseph Creek - summer Steelhead",2015,2715.85837388606
"Snake River steelhead","Steelhead (Snake River Basin DPS)","Joseph Creek - summer Steelhead",2016,1745.86887337436
"Snake River steelhead","Steelhead (Snake River Basin DPS)","Joseph Creek - summer Steelhead",2017,718.65317248323
"Snake River steelhead","Steelhead (Snake River Basin DPS)","Joseph Creek - summer Steelhead",2018,745.90199396813
"Snake River steelhead","Steelhead (Snake River Basin DPS)","Joseph Creek - summer Steelhead",2019,507.60293927848
"Snake River steelhead","Steelhead (Snake River Basin DPS)","Joseph Creek - summer Steelhead",2020,536.195538726979
"Snake River steelhead","Steelhead (Snake River Basin DPS)","Joseph Creek - summer Steelhead",2021,600.814673764087
"Snake River steelhead","Steelhead (Snake River Basin DPS)","Joseph Creek - summer Steelhead",2022,320.925749142994
"Snake River steelhead","Steelhead (Snake River Basin DPS)","Joseph Creek - summer Steelhead",2023,349.395780994299
"Snake River steelhead","Steelhead (Snake River Basin DPS)","Joseph Creek - summer Steelhead",2024,381.86902014975
"Snake River steelhead","Steelhead (Snake River Basin DPS)","Joseph Creek - summer Steelhead",2025,380.641146641907
"Snake River steelhead","Steelhead (Snake River Basin DPS)","Joseph Creek - summer Steelhead",2026,333.036598546322
"Snake River steelhead","Steelhead (Snake River Basin DPS)","Tucannon River - summer Steelhead",1997,2905.20223942841
"Snake River steelhead","Steelhead (Snake River Basin DPS)","Tucannon River - summer Steelhead",1998,2721.57432725216
"Snake River steelhead","Steelhead (Snake River Basin DPS)","Tucannon River - summer Steelhead",1999,2554.81279898147
"Snake River steelhead","Steelhead (Snake River Basin DPS)","Tucannon River - summer Steelhead",2000,2432.41234334662
"Snake River steelhead","Steelhead (Snake River Basin DPS)","Tucannon River - summer Steelhead",2001,2288.16600505115
"Snake River steelhead","Steelhead (Snake River Basin DPS)","Tucannon River - summer Steelhead",2002,2165.19062547129
"Snake River steelhead","Steelhead (Snake River Basin DPS)","Tucannon River - summer Steelhead",2003,2019.89454628679
"Snake River steelhead","Steelhead (Snake River Basin DPS)","Tucannon River - summer Steelhead",2004,1900.00617405284
"Snake River steelhead","Steelhead (Snake River Basin DPS)","Tucannon River - summer Steelhead",2005,1762.09856137907
"Snake River steelhead","Steelhead (Snake River Basin DPS)","Tucannon River - summer Steelhead",2006,1665.1445504823
"Snake River steelhead","Steelhead (Snake River Basin DPS)","Tucannon River - summer Steelhead",2007,1576.01748110758
"Snake River steelhead","Steelhead (Snake River Basin DPS)","Tucannon River - summer Steelhead",2008,1474.04588253582
"Snake River steelhead","Steelhead (Snake River Basin DPS)","Tucannon River - summer Steelhead",2009,1385.11414890557
"Snake River steelhead","Steelhead (Snake River Basin DPS)","Tucannon River - summer Steelhead",2010,1323.86226464356
"Snake River steelhead","Steelhead (Snake River Basin DPS)","Tucannon River - summer Steelhead",2011,1093.0393639618
"Snake River steelhead","Steelhead (Snake River Basin DPS)","Tucannon River - summer Steelhead",2012,1085.00964626296
"Snake River steelhead","Steelhead (Snake River Basin DPS)","Tucannon River - summer Steelhead",2013,724.953210497721
"Snake River steelhead","Steelhead (Snake River Basin DPS)","Tucannon River - summer Steelhead",2014,780.038359156031
"Snake River steelhead","Steelhead (Snake River Basin DPS)","Tucannon River - summer Steelhead",2015,1066.0221357554
"Snake River steelhead","Steelhead (Snake River Basin DPS)","Tucannon River - summer Steelhead",2016,826.959886523989
"Snake River steelhead","Steelhead (Snake River Basin DPS)","Tucannon River - summer Steelhead",2017,434.613447852482
"Snake River steelhead","Steelhead (Snake River Basin DPS)","Tucannon River - summer Steelhead",2018,532.746011122043
"Snake River steelhead","Steelhead (Snake River Basin DPS)","Tucannon River - summer Steelhead",2019,372.990046816058
"Snake River steelhead","Steelhead (Snake River Basin DPS)","Tucannon River - summer Steelhead",2020,420.928632010652
"Snake River steelhead","Steelhead (Snake River Basin DPS)","Tucannon River - summer Steelhead",2021,431.165132774473
"Snake River steelhead","Steelhead (Snake River Basin DPS)","Tucannon River - summer Steelhead",2022,342.57054069837
"Snake River steelhead","Steelhead (Snake River Basin DPS)","Tucannon River - summer Steelhead",2023,451.752049227009
"Snake River steelhead","Steelhead (Snake River Basin DPS)","Tucannon River - summer Steelhead",2024,531.356263142466
"Snake River steelhead","Steelhead (Snake River Basin DPS)","Tucannon River - summer Steelhead",2025,529.99461260704
"Snake River steelhead","Steelhead (Snake River Basin DPS)","Tucannon River - summer Steelhead",2026,492.88879262291
"Upper Columbia steelhead","Steelhead (Upper Columbia River DPS)","Entiat River - summer Steelhead",1997,33.5976281136558
"Upper Columbia steelhead","Steelhead (Upper Columbia River DPS)","Entiat River - summer Steelhead",1998,34.9605997600493
"Upper Columbia steelhead","Steelhead (Upper Columbia River DPS)","Entiat River - summer Steelhead",1999,38.7128450447496
"Upper Columbia steelhead","Steelhead (Upper Columbia River DPS)","Entiat River - summer Steelhead",2000,53.0473260688863
"Upper Columbia steelhead","Steelhead (Upper Columbia River DPS)","Entiat River - summer Steelhead",2001,99.3512113471147
"Upper Columbia steelhead","Steelhead (Upper Columbia River DPS)","Entiat River - summer Steelhead",2002,216.910339131385
"Upper Columbia steelhead","Steelhead (Upper Columbia River DPS)","Entiat River - summer Steelhead",2003,117.510443078501
"Upper Columbia steelhead","Steelhead (Upper Columbia River DPS)","Entiat River - summer Steelhead",2004,109.856048088363
"Upper Columbia steelhead","Steelhead (Upper Columbia River DPS)","Entiat River - summer Steelhead",2005,121.123329103192
"Upper Columbia steelhead","Steelhead (Upper Columbia River DPS)","Entiat River - summer Steelhead",2006,119.701210955118
"Upper Columbia steelhead","Steelhead (Upper Columbia River DPS)","Entiat River - summer Steelhead",2007,62.8661789673053
"Upper Columbia steelhead","Steelhead (Upper Columbia River DPS)","Entiat River - summer Steelhead",2008,114.467518049321
"Upper Columbia steelhead","Steelhead (Upper Columbia River DPS)","Entiat River - summer Steelhead",2009,115.228649033909
"Upper Columbia steelhead","Steelhead (Upper Columbia River DPS)","Entiat River - summer Steelhead",2010,325.810357970097
"Upper Columbia steelhead","Steelhead (Upper Columbia River DPS)","Entiat River - summer Steelhead",2011,554.557254561036
"Upper Columbia steelhead","Steelhead (Upper Columbia River DPS)","Entiat River - summer Steelhead",2012,480.609696045271
"Upper Columbia steelhead","Steelhead (Upper Columbia River DPS)","Entiat River - summer Steelhead",2013,284.529853730907
"Upper Columbia steelhead","Steelhead (Upper Columbia River DPS)","Entiat River - summer Steelhead",2014,425.066943778382
"Upper Columbia steelhead","Steelhead (Upper Columbia River DPS)","Entiat River - summer Steelhead",2015,558.775148464905
"Upper Columbia steelhead","Steelhead (Upper Columbia River DPS)","Entiat River - summer Steelhead",2016,528.648166735531
"Upper Columbia steelhead","Steelhead (Upper Columbia River DPS)","Entiat River - summer Steelhead",2017,217.176312746755
"Upper Columbia steelhead","Steelhead (Upper Columbia River DPS)","Entiat River - summer Steelhead",2018,132.762657933936
"Upper Columbia steelhead","Steelhead (Upper Columbia River DPS)","Entiat River - summer Steelhead",2019,152.713604803668
"Upper Columbia steelhead","Steelhead (Upper Columbia River DPS)","Entiat River - summer Steelhead",2020,292.008107507385
"Upper Columbia steelhead","Steelhead (Upper Columbia River DPS)","Entiat River - summer Steelhead",2021,367.607338199808
"Upper Columbia steelhead","Steelhead (Upper Columbia River DPS)","Entiat River - summer Steelhead",2022,226.604598026905
"Upper Columbia steelhead","Steelhead (Upper Columbia River DPS)","Entiat River - summer Steelhead",2023,228.224753654612
"Upper Columbia steelhead","Steelhead (Upper Columbia River DPS)","Entiat River - summer Steelhead",2024,261.669725974672
"Upper Columbia steelhead","Steelhead (Upper Columbia River DPS)","Entiat River - summer Steelhead",2025,273.476908278357
"Upper Columbia steelhead","Steelhead (Upper Columbia River DPS)","Entiat River - summer Steelhead",2026,292.971459232345
"Upper Columbia steelhead","Steelhead (Upper Columbia River DPS)","Methow River - summer Steelhead",1997,144.065193496903
"Upper Columbia steelhead","Steelhead (Upper Columbia River DPS)","Methow River - summer Steelhead",1998,83.1064860144344
"Upper Columbia steelhead","Steelhead (Upper Columbia River DPS)","Methow River - summer Steelhead",1999,137.991262421916
"Upper Columbia steelhead","Steelhead (Upper Columbia River DPS)","Methow River - summer Steelhead",2000,230.558222059596
"Upper Columbia steelhead","Steelhead (Upper Columbia River DPS)","Methow River - summer Steelhead",2001,339.869640574563
"Upper Columbia steelhead","Steelhead (Upper Columbia River DPS)","Methow River - summer Steelhead",2002,545.686596820273
"Upper Columbia steelhead","Steelhead (Upper Columbia River DPS)","Methow River - summer Steelhead",2003,488.35867001934
"Upper Columbia steelhead","Steelhead (Upper Columbia River DPS)","Methow River - summer Steelhead",2004,614.918416756204
"Upper Columbia steelhead","Steelhead (Upper Columbia River DPS)","Methow River - summer Steelhead",2005,498.661205535678
"Upper Columbia steelhead","Steelhead (Upper Columbia River DPS)","Methow River - summer Steelhead",2006,456.320927484982
"Upper Columbia steelhead","Steelhead (Upper Columbia River DPS)","Methow River - summer Steelhead",2007,384.9957837513
"Upper Columbia steelhead","Steelhead (Upper Columbia River DPS)","Methow River - summer Steelhead",2008,665.896495276656
"Upper Columbia steelhead","Steelhead (Upper Columbia River DPS)","Methow River - summer Steelhead",2009,652.396595140119
"Upper Columbia steelhead","Steelhead (Upper Columbia River DPS)","Methow River - summer Steelhead",2010,1159.20954895532
"Upper Columbia steelhead","Steelhead (Upper Columbia River DPS)","Methow River - summer Steelhead",2011,1055.07101403461
"Upper Columbia steelhead","Steelhead (Upper Columbia River DPS)","Methow River - summer Steelhead",2012,912.879572419766
"Upper Columbia steelhead","Steelhead (Upper Columbia River DPS)","Methow River - summer Steelhead",2013,553.508869126254
"Upper Columbia steelhead","Steelhead (Upper Columbia River DPS)","Methow River - summer Steelhead",2014,691.751130747056
"Upper Columbia steelhead","Steelhead (Upper Columbia River DPS)","Methow River - summer Steelhead",2015,799.059887096724
"Upper Columbia steelhead","Steelhead (Upper Columbia River DPS)","Methow River - summer Steelhead",2016,806.752319724264
"Upper Columbia steelhead","Steelhead (Upper Columbia River DPS)","Methow River - summer Steelhead",2017,405.753174730092
"Upper Columbia steelhead","Steelhead (Upper Columbia River DPS)","Methow River - summer Steelhead",2018,433.895382175131
"Upper Columbia steelhead","Steelhead (Upper Columbia River DPS)","Methow River - summer Steelhead",2019,447.561116215742
"Upper Columbia steelhead","Steelhead (Upper Columbia River DPS)","Methow River - summer Steelhead",2020,543.699735313635
"Upper Columbia steelhead","Steelhead (Upper Columbia River DPS)","Methow River - summer Steelhead",2021,411.190149611186
"Upper Columbia steelhead","Steelhead (Upper Columbia River DPS)","Methow River - summer Steelhead",2022,412.080738461393
"Upper Columbia steelhead","Steelhead (Upper Columbia River DPS)","Methow River - summer Steelhead",2023,480.20530161642
"Upper Columbia steelhead","Steelhead (Upper Columbia River DPS)","Methow River - summer Steelhead",2024,743.775348210299
"Upper Columbia steelhead","Steelhead (Upper Columbia River DPS)","Methow River - summer Steelhead",2025,659.454763123758
"Upper Columbia steelhead","Steelhead (Upper Columbia River DPS)","Methow River - summer Steelhead",2026,697.361960561687
"Upper Columbia steelhead","Steelhead (Upper Columbia River DPS)","Okanogan River - summer Steelhead",1997,28.1054603585269
"Upper Columbia steelhead","Steelhead (Upper Columbia River DPS)","Okanogan River - summer Steelhead",1998,21.1258813359054
"Upper Columbia steelhead","Steelhead (Upper Columbia River DPS)","Okanogan River - summer Steelhead",1999,37.9180713065594
"Upper Columbia steelhead","Steelhead (Upper Columbia River DPS)","Okanogan River - summer Steelhead",2000,62.6800475703223
"Upper Columbia steelhead","Steelhead (Upper Columbia River DPS)","Okanogan River - summer Steelhead",2001,97.9857147531118
"Upper Columbia steelhead","Steelhead (Upper Columbia River DPS)","Okanogan River - summer Steelhead",2002,161.817691172174
"Upper Columbia steelhead","Steelhead (Upper Columbia River DPS)","Okanogan River - summer Steelhead",2003,142.786063389967
"Upper Columbia steelhead","Steelhead (Upper Columbia River DPS)","Okanogan River - summer Steelhead",2004,184.221577378864
"Upper Columbia steelhead","Steelhead (Upper Columbia River DPS)","Okanogan River - summer Steelhead",2005,159.794877285424
"Upper Columbia steelhead","Steelhead (Upper Columbia River DPS)","Okanogan River - summer Steelhead",2006,184.715110877566
"Upper Columbia steelhead","Steelhead (Upper Columbia River DPS)","Okanogan River - summer Steelhead",2007,145.227121763747
"Upper Columbia steelhead","Steelhead (Upper Columbia River DPS)","Okanogan River - summer Steelhead",2008,227.844070561949
"Upper Columbia steelhead","Steelhead (Upper Columbia River DPS)","Okanogan River - summer Steelhead",2009,231.100970533865
"Upper Columbia steelhead","Steelhead (Upper Columbia River DPS)","Okanogan River - summer Steelhead",2010,577.489974979448
"Upper Columbia steelhead","Steelhead (Upper Columbia River DPS)","Okanogan River - summer Steelhead",2011,385.5126753727
"Upper Columbia steelhead","Steelhead (Upper Columbia River DPS)","Okanogan River - summer Steelhead",2012,347.668390666157
"Upper Columbia steelhead","Steelhead (Upper Columbia River DPS)","Okanogan River - summer Steelhead",2013,262.690086475788
"Upper Columbia steelhead","Steelhead (Upper Columbia River DPS)","Okanogan River - summer Steelhead",2014,439.538211143142
"Upper Columbia steelhead","Steelhead (Upper Columbia River DPS)","Okanogan River - summer Steelhead",2015,439.713475675399
"Upper Columbia steelhead","Steelhead (Upper Columbia River DPS)","Okanogan River - summer Steelhead",2016,367.392075067122
"Upper Columbia steelhead","Steelhead (Upper Columbia River DPS)","Okanogan River - summer Steelhead",2017,131.781318713096
"Upper Columbia steelhead","Steelhead (Upper Columbia River DPS)","Okanogan River - summer Steelhead",2018,128.230794309629
"Upper Columbia steelhead","Steelhead (Upper Columbia River DPS)","Okanogan River - summer Steelhead",2019,159.016360835409
"Upper Columbia steelhead","Steelhead (Upper Columbia River DPS)","Okanogan River - summer Steelhead",2020,227.379014180775
"Upper Columbia steelhead","Steelhead (Upper Columbia River DPS)","Okanogan River - summer Steelhead",2021,146.298983545338
"Upper Columbia steelhead","Steelhead (Upper Columbia River DPS)","Okanogan River - summer Steelhead",2022,117.042495414817
"Upper Columbia steelhead","Steelhead (Upper Columbia River DPS)","Okanogan River - summer Steelhead",2023,140.743834447059
"Upper Columbia steelhead","Steelhead (Upper Columbia River DPS)","Okanogan River - summer Steelhead",2024,173.61489198978
"Upper Columbia steelhead","Steelhead (Upper Columbia River DPS)","Okanogan River - summer Steelhead",2025,133.33882201479
"Upper Columbia steelhead","Steelhead (Upper Columbia River DPS)","Okanogan River - summer Steelhead",2026,143.900767110284
"Upper Columbia steelhead","Steelhead (Upper Columbia River DPS)","Wenatchee River - summer Steelhead",1997,265.940751808165
"Upper Columbia steelhead","Steelhead (Upper Columbia River DPS)","Wenatchee River - summer Steelhead",1998,237.463270043127
"Upper Columbia steelhead","Steelhead (Upper Columbia River DPS)","Wenatchee River - summer Steelhead",1999,221.159120190976
"Upper Columbia steelhead","Steelhead (Upper Columbia River DPS)","Wenatchee River - summer Steelhead",2000,284.353972523292
"Upper Columbia steelhead","Steelhead (Upper Columbia River DPS)","Wenatchee River - summer Steelhead",2001,541.699895964692
"Upper Columbia steelhead","Steelhead (Upper Columbia River DPS)","Wenatchee River - summer Steelhead",2002,1121.40955421802
"Upper Columbia steelhead","Steelhead (Upper Columbia River DPS)","Wenatchee River - summer Steelhead",2003,716.40443660682
"Upper Columbia steelhead","Steelhead (Upper Columbia River DPS)","Wenatchee River - summer Steelhead",2004,1107.38497898767
"Upper Columbia steelhead","Steelhead (Upper Columbia River DPS)","Wenatchee River - summer Steelhead",2005,1093.19399737453
"Upper Columbia steelhead","Steelhead (Upper Columbia River DPS)","Wenatchee River - summer Steelhead",2006,670.240736172984
"Upper Columbia steelhead","Steelhead (Upper Columbia River DPS)","Wenatchee River - summer Steelhead",2007,229.484840623259
"Upper Columbia steelhead","Steelhead (Upper Columbia River DPS)","Wenatchee River - summer Steelhead",2008,382.600916665647
"Upper Columbia steelhead","Steelhead (Upper Columbia River DPS)","Wenatchee River - summer Steelhead",2009,456.868376672834
"Upper Columbia steelhead","Steelhead (Upper Columbia River DPS)","Wenatchee River - summer Steelhead",2010,1253.66188834048
"Upper Columbia steelhead","Steelhead (Upper Columbia River DPS)","Wenatchee River - summer Steelhead",2011,1170.5988516707
"Upper Columbia steelhead","Steelhead (Upper Columbia River DPS)","Wenatchee River - summer Steelhead",2012,1071.76269434145
"Upper Columbia steelhead","Steelhead (Upper Columbia River DPS)","Wenatchee River - summer Steelhead",2013,845.999899519158
"Upper Columbia steelhead","Steelhead (Upper Columbia River DPS)","Wenatchee River - summer Steelhead",2014,900.125778595562
"Upper Columbia steelhead","Steelhead (Upper Columbia River DPS)","Wenatchee River - summer Steelhead",2015,943.912267991913
"Upper Columbia steelhead","Steelhead (Upper Columbia River DPS)","Wenatchee River - summer Steelhead",2016,722.947083377632
"Upper Columbia steelhead","Steelhead (Upper Columbia River DPS)","Wenatchee River - summer Steelhead",2017,290.803094540164
"Upper Columbia steelhead","Steelhead (Upper Columbia River DPS)","Wenatchee River - summer Steelhead",2018,286.266361385858
"Upper Columbia steelhead","Steelhead (Upper Columbia River DPS)","Wenatchee River - summer Steelhead",2019,256.800443365472
"Upper Columbia steelhead","Steelhead (Upper Columbia River DPS)","Wenatchee River - summer Steelhead",2020,514.818920396164
"Upper Columbia steelhead","Steelhead (Upper Columbia River DPS)","Wenatchee River - summer Steelhead",2021,631.6661965555
"Upper Columbia steelhead","Steelhead (Upper Columbia River DPS)","Wenatchee River - summer Steelhead",2022,352.983504639072
"Upper Columbia steelhead","Steelhead (Upper Columbia River DPS)","Wenatchee River - summer Steelhead",2023,351.58535005485
"Upper Columbia steelhead","Steelhead (Upper Columbia River DPS)","Wenatchee River - summer Steelhead",2024,560.834183526149
"Upper Columbia steelhead","Steelhead (Upper Columbia River DPS)","Wenatchee River - summer Steelhead",2025,570.786378485459
"Upper Columbia steelhead","Steelhead (Upper Columbia River DPS)","Wenatchee River - summer Steelhead",2026,590.301613206239
