"","mean","se_mean","sd","2.5%","25%","50%","75%","97.5%","n_eff","Rhat"
"eps2[1,1]",-0.124043185280689,0.0107506444146038,0.52599105134198,-1.23163216256336,-0.4606821357092,-0.0952734712844101,0.220740679513445,0.850443524590268,2393.79919278196,1.00102236212729
"eps2[1,2]",-1.65472909978203,0.0157579081798587,0.652089172605096,-2.87227116647984,-2.09076980462291,-1.67341645399876,-1.24848676061812,-0.295920861812833,1712.44584951643,1.00241731021745
"eps2[1,3]",0.305137728278452,0.00968016527561658,0.743681834014399,-1.15801297770481,-0.188124273701091,0.309963511211358,0.795190917994177,1.76138158228345,5902.1304131272,1.00031029221466
"eps2[1,4]",0.0853431012038948,0.00986048772612328,0.758629792036799,-1.43903658237219,-0.415099915460153,0.0842316493512229,0.590024327218283,1.58979178695224,5919.19972244917,1.00128661632874
"eps2[2,1]",0.0890565908894568,0.0070582487740068,0.486593655511198,-0.847931927172907,-0.225483346418481,0.0633614729030987,0.392522978475422,1.10490885306575,4752.68423849036,1.00091338594335
"eps2[2,2]",1.28637716621725,0.0077204760017107,0.583487594346859,0.100813451158831,0.918994032372622,1.30264831653423,1.67279931906065,2.40945876281483,5711.82770974726,1.00034126609312
"eps2[2,3]",0.742700883411361,0.00835970652679406,0.728048973880031,-0.717769866298867,0.269254487605565,0.753939238884641,1.22353154550985,2.15743010443127,7584.71253130786,1.00002396921669
"eps2[2,4]",-0.734420194674004,0.01126228640177,0.74982075261867,-2.14115013788085,-1.23107399401981,-0.757256055334593,-0.252446718387086,0.838812321591846,4432.63302278847,1.0002066828414
"eps2[3,1]",0.54767208393747,0.00630429467425861,0.483205697509665,-0.378042113329306,0.238781229367482,0.533683904335907,0.851711160202955,1.55004922042819,5874.77290946558,1.00217144754118
"eps2[3,2]",1.13328769398291,0.00709189693752425,0.566206685832785,-0.00280075412226232,0.779022077699833,1.12590119753834,1.49786211951932,2.25764179854021,6374.19221063784,0.999787291776611
"eps2[3,3]",0.290672828394077,0.00812162520291467,0.712568791587792,-1.13850299510653,-0.162323751698127,0.282233964405374,0.747376477901479,1.69054358573355,7697.81922026508,1.00001280971974
"eps2[3,4]",-0.136140783311041,0.00764816719713873,0.724274678875819,-1.58751449060818,-0.610189909880759,-0.121535206653396,0.332471162424614,1.28993991382487,8967.92272686162,1.00013504314786
"eps2[4,1]",1.22044317096891,0.00620307867839522,0.486839547901302,0.276942821372524,0.899994982376437,1.20368507555317,1.527098050394,2.22332687189006,6159.66540116558,1.00106313630884
"eps2[4,2]",0.468101786698507,0.00860957143210515,0.5872941683201,-0.701900146780831,0.0879461666875969,0.471690103773074,0.841724514740495,1.64798719473171,4653.16346564279,1.00013058476123
"eps2[4,3]",0.18656530806862,0.00855122478298983,0.718488851699387,-1.23771841537547,-0.290719937847595,0.205262471515829,0.664975102633394,1.61089790972233,7059.65409554369,1.0002987308897
"eps2[4,4]",0.580568963496394,0.007666856103507,0.732452414061946,-0.910203682902999,0.126694327943957,0.584543321116265,1.06098478783015,1.98770998308272,9126.91918398056,0.999949992408539
"eps2[5,1]",1.53925218669315,0.00669631936470096,0.501493123867201,0.517568331384139,1.20553698995833,1.55161572740821,1.86860131156368,2.50838619125522,5608.64108623393,1.00019595659674
"eps2[5,2]",0.564121404031352,0.00841726025711081,0.594532995369076,-0.634726874687804,0.182109261908881,0.560884624428008,0.947334896735082,1.73044140919192,4988.96449379012,1.00091430319942
"eps2[5,3]",0.0773356821624048,0.00893564598663111,0.722539318360286,-1.34711408320045,-0.403504146711338,0.0630377256717418,0.544689231012152,1.56409173989523,6538.39360328975,1.0010768898869
"eps2[5,4]",0.559218172709343,0.010894828690496,0.74605314187072,-0.916208407616477,0.0691820940638816,0.563702450248679,1.06469280203834,2.00807995261942,4689.19956134794,1.0007527013043
"eps2[6,1]",-1.48391591835621,0.00776222792246373,0.513112090310019,-2.44997273344267,-1.82889382652018,-1.51447694450675,-1.15552952774142,-0.416160806977693,4369.70093170748,1.000484901302
"eps2[6,2]",0.21142706278143,0.00866298259045644,0.59358694933539,-0.913508928104876,-0.191345877968353,0.197192009650928,0.596759842721443,1.42757455400725,4694.9806275973,1.00061233808223
"eps2[6,3]",0.251180144654206,0.0110208030016588,0.734948233401012,-1.19727071866189,-0.232779906437504,0.244467630674827,0.73764741430863,1.68893542131675,4447.20369501759,1.00188379542235
"eps2[6,4]",-0.0423317687943726,0.0102715755956167,0.746339136456645,-1.49316669795741,-0.53680031556289,-0.0668539284437598,0.412284000871841,1.51280079676295,5279.56690563251,1.0009567814343
"eps2[7,1]",-0.284058755534054,0.00836816633005645,0.49774622618397,-1.23190353624212,-0.611204090340848,-0.308039202340948,0.0370379858533237,0.747232720001187,3537.97976101343,1.00258783881573
"eps2[7,2]",0.641791976219205,0.00737056120068683,0.562979422129663,-0.479581961090809,0.28223537788701,0.634460709622052,1.00149777435002,1.767490117526,5834.23513746999,1.00104821664843
"eps2[7,3]",0.37629363300058,0.00875999004680069,0.73912643752121,-1.13419682526036,-0.0948672274354487,0.385828739189758,0.847845984964584,1.8294303420452,7119.18449476985,1.00002403428973
"eps2[7,4]",1.18140008623973,0.0233525098744908,0.768639053960175,-0.415178274017129,0.676276718063235,1.21960231024367,1.71451998348059,2.58912839206615,1083.37239408893,1.00345990177068
"eps2[8,1]",0.0202997892679361,0.00873848465639184,0.493036785578196,-0.994665657021201,-0.295348653995646,0.0430352211677655,0.357362447360771,0.960937044666267,3183.36465922682,1.0005234511254
"eps2[8,2]",-0.753296673327276,0.00704894906502879,0.559212687760206,-1.83615437991254,-1.11414004496149,-0.76651434934644,-0.398039125515988,0.388880173661921,6293.68913512963,1.00015883079646
"eps2[8,3]",0.00837521128980846,0.00905367274691941,0.713605275398921,-1.33004874333322,-0.466996801288124,-0.0128413950735103,0.456979997628931,1.48119138707553,6212.50167634171,1.00079730934739
"eps2[8,4]",0.0517469051417696,0.00729851427491079,0.711823029907297,-1.36357513515365,-0.412007945725761,0.0452091250410873,0.516660222445631,1.45133442572879,9512.07237471359,1.00010770734442
"eps2[9,1]",-0.217342264216917,0.00763916398026595,0.485134756363242,-1.23074847659445,-0.525271705748677,-0.193003392166181,0.112296940925354,0.672963532558105,4033.04543244972,1.00040020804038
"eps2[9,2]",-0.316654569418777,0.00690666833249035,0.554471624696346,-1.38661645271521,-0.680958193032741,-0.325613069826672,0.0294905045759493,0.818086659354651,6444.97815284984,0.999914130491041
"eps2[9,3]",0.74408585444064,0.00922616796203948,0.727019419374578,-0.735453263729299,0.266237868747998,0.771600774850901,1.22525953795252,2.16874819308806,6209.39531338262,1.00003450642878
"eps2[9,4]",-1.35845779994653,0.0101849001680842,0.749073318067886,-2.80501717458688,-1.86150260939939,-1.37393795924083,-0.884233341201383,0.165365527650537,5409.22570019261,1.00014069506909
"eps2[10,1]",-1.56156277644284,0.00633558894317456,0.511817124486466,-2.56060679900211,-1.89652638113096,-1.56160805283419,-1.22732693585339,-0.551523742241252,6526.12879719743,1.00127780623352
"eps2[10,2]",0.058066046115372,0.00943609337599237,0.626655335573512,-1.14848731563474,-0.344853606272872,0.0392129064799555,0.463731742861754,1.34403447019934,4410.34967417299,1.00087938528074
"eps2[10,3]",0.0635052015430026,0.0122430883163446,0.788063341221633,-1.45178941138257,-0.453151179875592,0.0485502785535036,0.547651449617078,1.6857066781222,4143.24186847532,1.00045538607381
"eps2[10,4]",-1.87494263713258,0.0122250876676663,0.78015939804812,-3.29629679415051,-2.4018630780803,-1.9272588039663,-1.38033230836362,-0.202402170254292,4072.51530061552,1.00096255475057
"eps2[11,1]",1.12740757158253,0.00642229732501583,0.494149912295051,0.115743585740446,0.819552961518623,1.13524252937066,1.45083439849079,2.0805471323127,5920.20342554409,1.00037702571521
"eps2[11,2]",0.925866579567643,0.00894474895845176,0.585440739539259,-0.287814468701096,0.549504505654633,0.956281230651051,1.31523438015296,2.01563019431606,4283.80377289908,0.999842473882691
"eps2[11,3]",-0.12113973835832,0.0094449401053718,0.72408555407367,-1.54109060238278,-0.604773004667532,-0.126669160537813,0.341717729867714,1.32080344443145,5877.34723735611,1.00072271610856
"eps2[11,4]",0.125524041748721,0.0107262041722558,0.751741175524554,-1.42888731146069,-0.358813871224018,0.150326195278694,0.644336794168656,1.50441103353081,4911.84392529191,1.0006643904502
"eps2[12,1]",-0.0941241190269186,0.0127262169149409,0.508794473506205,-1.01922698345104,-0.445883987111201,-0.13420922697423,0.230819453821552,0.984746731372829,1598.40241842446,1.00428068642053
"eps2[12,2]",-0.149564771738756,0.00646246484610463,0.546520123704497,-1.22611953454832,-0.500771597528563,-0.159837464120045,0.20425692865194,0.943244184828304,7151.80934806696,1.0007807387508
"eps2[12,3]",0.0621474597766995,0.00774952204022554,0.692558413637953,-1.33319403725538,-0.375479066474731,0.0810240624643869,0.507971653531917,1.4057974913571,7986.61931086885,0.999846406843027
"eps2[12,4]",0.516970773740936,0.0134238702967722,0.731577231118221,-1.03216114800049,0.0558861612794336,0.551693444720259,1.01154344600019,1.88413879783677,2970.05756188872,1.00255123396468
"eps2[13,1]",2.14796568766166,0.00833359514286195,0.536111322934781,1.14325674983315,1.78708723967469,2.11899757775841,2.50208502366073,3.2523380930434,4138.5210032351,1.00012626171597
"eps2[13,2]",0.568494550285119,0.0120105002142115,0.694013914188045,-0.87914929262454,0.1248261489916,0.596568527121311,1.02782668747939,1.89337692342069,3338.98266771198,1.00065017683249
"eps2[13,3]",0.950314647696025,0.0244007668251417,0.879939885549838,-0.876252511311171,0.37894670401715,1.00940316508261,1.56760240724467,2.56362122393264,1300.46616599258,1.0016599928932
"eps2[13,4]",0.667686838072935,0.0102407778868287,0.771515749956305,-0.954721134836597,0.175940769931568,0.705334267358339,1.18440861458846,2.10797273805656,5675.75576626983,1.00043571428348
"eps2[14,1]",0.950853080238679,0.0138864024573221,0.57374552430131,-0.238450382364231,0.580292564228008,0.977304981628855,1.34946249847232,2.00113303931112,1707.10064187729,1.00069971843103
"eps2[14,2]",-0.908122417237161,0.0116595736252917,0.645624867294236,-2.26311231305816,-1.31477373491919,-0.879166749147184,-0.472956167894687,0.286143574306651,3066.16245114569,1.00190670640564
"eps2[14,3]",-1.42842512448238,0.0293691568453475,0.875657842983033,-3.00367146516068,-2.05640059952111,-1.46153671670217,-0.848149549245499,0.367514188308274,888.967587477237,1.00454666968527
"eps2[14,4]",-0.631812184592064,0.0266531736992117,0.813025647179986,-2.29402404813054,-1.16926191883959,-0.630158336595784,-0.0998979535621334,0.999128853011618,930.487690839291,1.00508169395577
"eps2[15,1]",-0.470745526487601,0.00679539108938441,0.485134291272358,-1.38380148198889,-0.786368740112073,-0.484534488490842,-0.167584346031642,0.526205968888241,5096.7699801315,1.00116486967878
"eps2[15,2]",-0.410943157453619,0.00836999744353757,0.561239395354007,-1.61181893510816,-0.756460964414123,-0.384596730222966,-0.0462170591888098,0.653064681365153,4496.20025026809,1.0001826005706
"eps2[15,3]",0.0621585063047348,0.0073371006164226,0.689367737640182,-1.31334575697339,-0.377989492648161,0.0663372476695802,0.51154483026638,1.40329953440132,8827.80964142,1.00090346921538
"eps2[15,4]",0.13400776168118,0.00872013097653842,0.712551917694767,-1.3381052628029,-0.327561141830113,0.149439365019091,0.607997255633307,1.52485245152849,6677.08662056056,1.00063797535007
"eps2[16,1]",-1.26748848769937,0.00964907355394659,0.523539136083665,-2.23848159231698,-1.61431167214972,-1.29468930803831,-0.935005956844103,-0.179417435072692,2943.92722603904,1.00162663954247
"eps2[16,2]",-1.04107210483317,0.00808370430897892,0.595134749320832,-2.1769110106772,-1.43820996650864,-1.06627811378643,-0.651985418239383,0.171863110609204,5420.13095505442,1.00002903897268
"eps2[16,3]",0.564787479151334,0.0167767248628768,0.7486851520437,-0.905640267903891,0.0670188085248558,0.563656002625022,1.06108703685716,1.99502954246863,1991.51726672661,1.00176482828486
"eps2[16,4]",0.482955685849,0.0214347624403469,0.788224753634546,-1.10297529543474,-0.0285440463142918,0.506499008367018,1.00802070418327,1.93461511620937,1352.26805797704,1.00501440593056
"eps2[17,1]",0.701901093776265,0.00644961493367667,0.486839137184738,-0.286437829038924,0.392237193359353,0.714986223808825,1.02464590521314,1.644025688123,5697.75007272413,1.00042861733693
"eps2[17,2]",0.179294893497176,0.00776661517419751,0.57660410435268,-1.00745728280636,-0.166468092876732,0.199139627549113,0.541623286858929,1.28656939845098,5511.78013158508,1.00067338353898
"eps2[17,3]",0.944353866145855,0.0120307345123534,0.710417830910331,-0.518442041896103,0.482275021073047,0.972199337646906,1.42803813244161,2.29484547303387,3486.93153690661,1.00031159560411
"eps2[17,4]",-0.64435982780038,0.012330438023358,0.748387598364791,-2.07365196464533,-1.13612746680858,-0.673819155545185,-0.174010184758857,0.900869564210592,3683.80094527304,1.00033581550624
"eps2[18,1]",0.412878406329326,0.00694704198468547,0.492181499086919,-0.591515613403476,0.0959360054417276,0.42873867247928,0.733824079571223,1.3793923424543,5019.38747129383,0.999662990773999
"eps2[18,2]",0.0575840513441893,0.00748022600195044,0.551843096368144,-1.05653784793684,-0.295274593576955,0.0729476825609614,0.416958722670549,1.11639457437202,5442.54199354442,1.00015970708567
"eps2[18,3]",-0.503317934825822,0.011320190496113,0.702740207628057,-1.8360097720739,-0.974272269253674,-0.527763135546818,-0.0483049231760037,0.937886253906805,3853.73755099525,1.00092184793163
"eps2[18,4]",-0.323395330918074,0.00751121355220361,0.716891231265425,-1.78584590164168,-0.779795788740882,-0.31132798072444,0.148125144656425,1.11017039251469,9109.32752405804,0.999855389324923
"eps2[19,1]",-0.30883291334185,0.00742959201027967,0.493396347345276,-1.33554653108656,-0.619140020134513,-0.292195885502605,0.0162315683614201,0.627025610471919,4410.23700620057,1.00042180182555
"eps2[19,2]",-0.0056162687588202,0.00656761538402436,0.565417078259771,-1.16887581504768,-0.35125755997877,0.001337572620925,0.361378829852437,1.09995875842778,7411.77831572783,1.00080577392715
"eps2[19,3]",-0.635165369731478,0.0082839500845351,0.696093366993868,-2.02843250928816,-1.08835386221069,-0.639664921821871,-0.178127522845622,0.771298767743862,7060.89972844839,1.00053800505529
"eps2[19,4]",-0.526346403928783,0.00804810819476719,0.726553644515738,-1.96286744830105,-0.995848596730373,-0.534557097866328,-0.0564424100949502,0.943157135824841,8149.81515813752,1.00018941582386
"eps2[20,1]",-2.14869086456069,0.00823038736045857,0.540327187221925,-3.27102645703493,-2.49089811919112,-2.13260705634933,-1.78811567586932,-1.13051086662656,4309.95850629384,1.0008082426649
"eps2[20,2]",-1.20633739279181,0.0112638422194505,0.690480077245193,-2.52374294826375,-1.66502329683177,-1.23297175863462,-0.771214282475121,0.223217643903285,3757.76128427753,1.0001963732577
"eps2[20,3]",-1.25829721564963,0.0140828736612787,0.811407741509534,-2.75711043018141,-1.8195637714806,-1.27723713736651,-0.728253547943468,0.434624258764595,3319.67621973291,1.00124516919745
"eps2[20,4]",-0.378416226940499,0.00858012439465743,0.789549012562267,-1.90835520698697,-0.8917095558684,-0.391778488854217,0.143493378657057,1.21914028973973,8467.80836361124,1.00000907598946
"eps2[21,1]",-1.20063864982096,0.0101407292135911,0.533178699756468,-2.20198947106037,-1.55130824744095,-1.22569647050548,-0.86373081028864,-0.0888791475061197,2764.44026832252,1.00179020143512
"eps2[21,2]",0.556419401383153,0.00831950621391029,0.595646954550632,-0.635195802597177,0.174053821441929,0.55797492904856,0.945759540412404,1.71253303013831,5126.04896554073,1.00067742993185
"eps2[21,3]",0.037018312489699,0.00999187362723608,0.732233228417982,-1.47259722972801,-0.436350996271461,0.0582063380143665,0.530121702837875,1.43810810971239,5370.37980313914,1.00136571488554
"eps2[21,4]",0.6972090736864,0.01899774397196,0.771493595522832,-0.877424462759905,0.189761920007664,0.725181006393496,1.22412479700738,2.15834093553168,1649.15163370521,1.00194324941374
"eps2[22,1]",0.125603302525052,0.00636583581724675,0.485770061019756,-0.85565822047215,-0.181961269593086,0.141393528280471,0.443223742229485,1.05342623096835,5823.05138924146,1.00019348685771
"eps2[22,2]",-0.102523572710344,0.00691778176017448,0.565083020707017,-1.21367299710869,-0.457334423112093,-0.11858201342494,0.257582944851073,1.04050671868892,6672.53410542641,1.00008364796669
"eps2[22,3]",0.531457055033469,0.00861460048885909,0.710924628695753,-0.940208482666863,0.0854522119031298,0.561113040338467,1.00193635676982,1.88380982536182,6810.46612158737,1.00021529409599
"eps2[22,4]",-0.414202603819155,0.021424815113407,0.756666112655835,-1.78309982773633,-0.941558374056218,-0.45977530651051,0.0736711825784573,1.16030008008643,1247.30999740146,1.00262696050749
"eps2[23,1]",1.26297461462642,0.00628458711023039,0.499138141566433,0.287542089249421,0.939167052036671,1.26003228791431,1.5851965706071,2.24594447223109,6307.94669502815,1.00008628156841
"eps2[23,2]",-0.167476000346364,0.00962869953165883,0.607973570101281,-1.4081466992274,-0.556910023575676,-0.159995720593157,0.253549709426762,0.973717389768524,3986.88887471311,1.00098213148937
"eps2[23,3]",0.263952772406146,0.0148653777143635,0.746976638377998,-1.30115311298194,-0.209287091218424,0.295672228317333,0.757831812426093,1.64263771401878,2525.0044141705,0.999997356543448
"eps2[23,4]",0.839177221130245,0.00877144100751144,0.727260232724953,-0.659641255238554,0.370015605216494,0.866701844909571,1.31580860564976,2.25394823333886,6874.44730733748,0.999725348244255
"eps2[24,1]",0.304185721653323,0.00838936115930193,0.50809277521185,-0.749756486368167,-0.00677317367755346,0.32437601984655,0.636179015623431,1.27288853089881,3667.99096291078,0.999884440734479
"eps2[24,2]",-1.10752660674655,0.00743315666489379,0.576191550847559,-2.24617186000194,-1.47556301839729,-1.10655661581709,-0.748327426805843,0.0377546394339412,6008.79238469479,1.00047121952966
"eps2[24,3]",-1.01008928623495,0.00935742323753744,0.735032593577328,-2.42564419418969,-1.4891466741528,-1.03656039155946,-0.54951461714408,0.525888755492838,6170.21999316329,1.00119562886493
"eps2[24,4]",0.634921723426429,0.00881181851129539,0.751500422696575,-0.888337238128552,0.158379354656452,0.651805984058471,1.12810932395496,2.07856922720253,7273.23082671213,1.00022771738263
"eps2[25,1]",-1.20142836500901,0.00642580366991486,0.506372324604661,-2.18458906611049,-1.52986547112996,-1.21491144558747,-0.886127966967898,-0.162997340994599,6209.90589248112,1.00093676996854
"eps2[25,2]",0.358487071608076,0.00899472626577278,0.610227672939313,-0.874339184152551,-0.0347872887129446,0.363040309910999,0.759011328584525,1.55170467060084,4602.64940129744,0.999897539525537
"eps2[25,3]",-0.465414259891566,0.00905959700295589,0.729241209087171,-1.90359214190877,-0.939181211258583,-0.452649530234072,0.00291396387581148,0.956490792120376,6479.24863721487,1.00029181757473
"eps2[25,4]",-0.677563217784274,0.013315298953942,0.765220287738731,-2.06740133730535,-1.20827488781278,-0.729768294951107,-0.199565529082183,0.923891364613674,3302.71506958894,1.00122210736966
"eps2[26,1]",-0.161698848074513,0.00612681489088947,0.477922516228124,-1.11053868962719,-0.475521174134361,-0.14251007046787,0.135992933841925,0.786656158976652,6084.78819023,1.00087039912208
"eps2[26,2]",0.427266802974647,0.00883601698094666,0.562184178459091,-0.632871522755616,0.0492945110510772,0.402941844544426,0.781661299221507,1.60381059360974,4048.03402805682,1.00149390093101
"eps2[26,3]",0.157841340233006,0.0156863299106686,0.73013578273749,-1.37298391445402,-0.315489724859417,0.199002441767222,0.673893719429552,1.49655789906676,2166.52934874909,1.00315924995386
"eps2[26,4]",-0.0446801464334788,0.00740441444930733,0.710166397399402,-1.4501453159459,-0.4997531537293,-0.0592641973123947,0.396526712459564,1.42049636571543,9198.96145300099,1.0002703535235
"eps2[27,1]",0.169620415995007,0.00757173793398234,0.494613038867348,-0.766128276715181,-0.157463029148449,0.146819538665196,0.484603708918899,1.18956758825145,4267.17027997547,1.00274217180389
"eps2[27,2]",1.02894704331533,0.00744360132455845,0.572235830186101,-0.172139763066069,0.672009986772415,1.05230244864283,1.40561972415365,2.13203654572053,5909.95107740702,1.00098639395084
"eps2[27,3]",-0.449771857759656,0.00867234610768478,0.728652074750005,-1.90552890328586,-0.930978875703451,-0.443315800168227,0.0247069777342283,0.977876358302167,7059.39052632318,0.99967812402952
"eps2[27,4]",0.876899026619079,0.0109241750818886,0.750946622881295,-0.671425247759814,0.411442048482441,0.902594042875659,1.36473939699774,2.30065942233201,4725.42454895153,1.00007572329553
"eps2[28,1]",-0.105217138232843,0.00831272054400708,0.499906732764807,-1.12961454236175,-0.426573998681166,-0.0907986618123754,0.224788376432892,0.859137615225717,3616.52615583433,1.00067375888763
"eps2[28,2]",-0.44505270315863,0.00715286935964864,0.558960178231116,-1.55531628096536,-0.806518460974113,-0.450481352802429,-0.0923212174911888,0.693964852906698,6106.62359138627,1.00011100038323
"eps2[28,3]",-0.649546384554166,0.00775431233120362,0.711110831630798,-2.05724464045245,-1.11620626325886,-0.662328794668337,-0.193525669754024,0.786052389451108,8409.8453257196,1.00024039732305
"eps2[28,4]",0.311396161819564,0.00889388248712448,0.740926420195181,-1.11324935916146,-0.184974040271201,0.292532503145469,0.782016229977599,1.83454573440521,6940.12653446911,1.00174187007833
"eps_slope[1]",0.980286337740206,0.0184198300696626,0.960507198485711,-0.483131175117061,0.361641895915574,0.843241538269326,1.42437149933503,3.22226097651699,2719.13023732319,0.999831190094011
"eps_slope[2]",0.0318995070590054,0.0109267569363457,0.666724350407847,-1.29444736048193,-0.387072600901873,0.0263220127134938,0.458216078345644,1.34041867974298,3723.14601730221,1.00002299573286
"eps_slope[3]",0.0948901246543342,0.0116247568535488,0.686210954302131,-1.20656081290073,-0.342258356145994,0.0815926633281604,0.506595526877625,1.49210112940614,3484.55671518031,1.00006491667789
"eps_slope[4]",-1.27908584372062,0.0191402698890807,1.10189746051828,-4.05805051762024,-1.7709973942096,-1.11194900645036,-0.541696506732806,0.316881847148041,3314.25751539704,0.999625772082376
"slope_mu",0.0536897372984189,0.000402691230570054,0.0197003858629075,0.0134164294116958,0.0441913789506638,0.0539015195186007,0.0636530515215644,0.0927256971326664,2393.34397775216,1.00069886435117
"sigma_slope",0.0293183069318036,0.000372559536405968,0.0215554886359869,0.00635338333339194,0.0151474949347431,0.0232835743520424,0.0365499556492679,0.0877969555045559,3347.52921094572,1.00027695237387
"log_N_0[1]",3.52587237477666,0.00242781735138199,0.171990922337105,3.1990462450581,3.41455021738446,3.51445547262192,3.63089189983077,3.89944990848581,5018.55894032984,1.00030336228315
"log_N_0[2]",4.96144040597229,0.00416700269653624,0.142167397578055,4.66465737265464,4.87246961382652,4.9702659297383,5.06170116723973,5.21365243546435,1163.99861664892,1.00315799547703
"log_N_0[3]",3.34050808532449,0.00187727105845689,0.149953108220829,3.04613468861675,3.24475176665423,3.33596387247165,3.43352547077136,3.64606468453976,6380.53323131464,1.00017936688084
"log_N_0[4]",5.57207900875418,0.00222175722345259,0.172968956989635,5.204413981124,5.46556676600989,5.58327354619112,5.68198101192698,5.90026906472504,6060.98391629694,0.999940330479732
"mu_log_sigma_total",-0.779724526045147,0.00326433887056925,0.148086038252167,-1.09489383986036,-0.861916121085378,-0.778287140280343,-0.694529428409355,-0.485277974918942,2057.96391881596,1.00231788861888
"sd_log_sigma_total",0.193857559392517,0.00308342335626914,0.154070736073314,0.0108442353297984,0.086425096677765,0.158705179753635,0.25796239031681,0.595606446965968,2496.74391037449,1.00121410731896
"z_log_sigma_total[1]",0.379548329460528,0.0100295566385346,0.743215502559999,-1.14113064159006,-0.076305311504353,0.39608688579868,0.84129914988449,1.87114727813614,5491.18466966533,0.999695937484974
"z_log_sigma_total[2]",-0.696540699430647,0.0213057824177974,0.805839442399161,-2.27416644597543,-1.22135171686235,-0.715580853730542,-0.198754046690367,0.978204988507769,1430.54678541811,1.00200469256985
"z_log_sigma_total[3]",-0.0332487856784444,0.0255200444816698,0.768579997689114,-1.52952565225431,-0.529288512912503,-0.0499800446330367,0.446819780624151,1.64299235567493,907.016737756866,1.00608017538442
"z_log_sigma_total[4]",0.499556353398952,0.011255272241421,0.751024166119621,-0.985943140452773,0.01128323864618,0.494042447492126,1.00092956573422,1.98194720405947,4452.41682540011,1.00053778320079
"mu_logit_prop_proc",1.84712346183534,0.076543275783915,0.764519971083959,0.615436049518214,1.35408995295365,1.74911071457011,2.21965676344275,3.79891975042004,99.7616400678279,1.03325271033225
"sd_logit_prop_proc",0.352507313277476,0.00546125797544076,0.271806114226904,0.0153370715357948,0.135837604020481,0.295230490812232,0.512646981191548,1.00478699669599,2477.04022870831,1.00211648458017
"z_logit_prop_proc[1]",-0.000354794330206725,0.0136089999467003,0.979437452821849,-1.93430619788085,-0.643943747114746,-0.0071559197877952,0.661765632717323,1.9035070031176,5179.65685528743,1.00077741818374
"z_logit_prop_proc[2]",0.137861220744266,0.0132984558648726,0.968057642285136,-1.75807280112342,-0.515861783393638,0.140062322674774,0.799432516256842,2.04042734289023,5299.07422859926,1.00198470286653
"z_logit_prop_proc[3]",0.138369603786888,0.0155290436650908,0.98056436444489,-1.79280422995174,-0.502424627246776,0.14256697053317,0.80667090155143,2.02509676192564,3987.15197839961,1.00121512596528
"z_logit_prop_proc[4]",0.0255981430916887,0.012138729743189,0.966341074378368,-1.8754701941072,-0.615975272791017,0.0337877280904037,0.675558248302809,1.91136111865269,6337.44779010363,0.999844910129986
"L[1,1]",1,NA,0,1,1,1,1,1,NA,NA
"L[1,2]",0,NA,0,0,0,0,0,0,NA,NA
"L[1,3]",0,NA,0,0,0,0,0,0,NA,NA
"L[1,4]",0,NA,0,0,0,0,0,0,NA,NA
"L[2,1]",0.413431381448753,0.00673725225799634,0.190255185685089,0.0121053828749604,0.288604616249837,0.430678553952113,0.55073447200963,0.744158855737262,797.457209386221,1.0057707311193
"L[2,2]",0.885877148482596,0.00220409610587769,0.0900259554972642,0.668002670504188,0.834680500399558,0.902505388261346,0.957448365027406,0.999166123016983,1668.30105499379,1.00294121012634
"L[2,3]",0,NA,0,0,0,0,0,0,NA,NA
"L[2,4]",0,NA,0,0,0,0,0,0,NA,NA
"L[3,1]",0.474693784686309,0.00473422495937789,0.176596130627854,0.104642032170394,0.362739972412663,0.484291684124223,0.602006659919448,0.784549783798424,1391.44032589305,1.00184183498784
"L[3,2]",0.546247444375993,0.00332580165684952,0.179820185383957,0.141143727982507,0.436609600158775,0.565070341957038,0.677761269366574,0.841991431742013,2923.37273017266,1.00069895351217
"L[3,3]",0.626696395283289,0.00321471002574846,0.141492468735817,0.336883153569317,0.532581189212018,0.635426787146242,0.7252776748802,0.886770722456117,1937.23826576175,1.00155875173157
"L[3,4]",0,NA,0,0,0,0,0,0,NA,NA
"L[4,1]",0.633671501959122,0.00359584741185928,0.150597061871887,0.297516768098018,0.543485057000894,0.646189098576894,0.741953975741083,0.88502813750927,1754.00363520261,1.00219323005329
"L[4,2]",0.193117765551263,0.00394911508582199,0.204646024757078,-0.227680927270445,0.0546672309808254,0.200233855171564,0.34029162671873,0.575541938950401,2685.3880093325,1.00139991630463
"L[4,3]",0.0664732899429247,0.00496942724397185,0.226754460725319,-0.386425261710229,-0.0851360278779518,0.0721135281632501,0.225903834795124,0.487838574045218,2082.08763674841,1.00197302015785
"L[4,4]",0.650269845333481,0.00405790968049309,0.133925611426684,0.352699810058243,0.566555162658819,0.662802496048551,0.747230693131713,0.876160534045349,1089.23734449379,1.00259109922673
"slope[1]",0.0742608885871942,0.000135948416914412,0.00870820855682876,0.0556525959071432,0.0687262908163147,0.0748435253120883,0.0800174502263307,0.0906353068749085,4103.07385038479,1.00011708202827
"slope[2]",0.0545268429985831,0.000105911535342729,0.00669001104245615,0.041719320802382,0.0502163822774058,0.0541650989058595,0.0587237690241997,0.0683633333151323,3989.94713561081,1.0014859913598
"slope[3]",0.0557800240257826,8.18298441386016e-05,0.00743072797713979,0.0410603253139349,0.0510499427692053,0.0556740664403954,0.0604063109145464,0.0710851459882205,8245.92305725649,1.00031873685695
"slope[4]",0.0277741212371671,0.000112496670539733,0.00895688799282665,0.0107287133969377,0.0220993008957112,0.0273365623466904,0.0333347972659422,0.0467473788292269,6339.20721595606,1.00027763050994
"eps[1,1]",-0.123697681854285,0.00947865032972705,0.489265158795142,-1.15362335414512,-0.434028551623093,-0.0851672592060062,0.199001440183292,0.770789565177618,2664.37638509067,1.00161824382961
"eps[1,2]",-1.66175117805767,0.0157913569522849,0.626276673352254,-2.85373372347464,-2.08130390896412,-1.68198584025997,-1.27136834269603,-0.345542652882957,1572.87268691066,1.00295307460151
"eps[1,3]",0.301612130314447,0.0091806625054956,0.720779024153352,-1.11968675937443,-0.174468886739652,0.311408085413813,0.772813280745182,1.7036950807584,6163.90922321264,0.999998131986226
"eps[1,4]",0.0868446579720955,0.0096495161409171,0.733904971803187,-1.34794748239757,-0.392056435737193,0.0859097073542488,0.580991295098384,1.52958450474202,5784.53676679433,1.00110940153071
"eps[2,1]",0.0894020943158599,0.00643889772238869,0.451763145826369,-0.773708715727342,-0.20160257129912,0.068423428311494,0.373265397911189,1.04318616203951,4922.64530673657,1.00067494351576
"eps[2,2]",1.2793550879416,0.00703554415420971,0.548057375222615,0.153185429565308,0.938930223615184,1.29700595507659,1.64329918661614,2.32614657199841,6068.15501998305,1.00005343004282
"eps[2,3]",0.739175285447356,0.00803191994938949,0.702818446175526,-0.676894561865696,0.286625531361712,0.751991254761888,1.19114272473283,2.11389991503721,7656.80452947283,0.999817680175236
"eps[2,4]",-0.732918637905803,0.0110268549198334,0.726344730485403,-2.09659139320494,-1.20809747504829,-0.771671083430228,-0.271974519349844,0.774182609658786,4338.92615716935,1.00028004227335
"eps[3,1]",0.548017587363874,0.00545733051519541,0.443859133899364,-0.29871122807522,0.267285246696265,0.529079895821815,0.822410244389956,1.46178826698456,6614.99939484053,1.00149240891265
"eps[3,2]",1.12626561570727,0.00637972123780294,0.537540036531594,0.0323077515617846,0.791979078086914,1.11899202804921,1.46077728760252,2.18095165177045,7099.34411831986,0.999906467837404
"eps[3,3]",0.287147230430072,0.00811932552654133,0.690244242261192,-1.06258490641215,-0.14460557524358,0.279706041237744,0.727554381508895,1.66798108339245,7227.12685111501,1.0001544729655
"eps[3,4]",-0.13463922654284,0.00738736024056398,0.701890627377989,-1.54737682544524,-0.595389170656809,-0.114573763559386,0.317807595562634,1.28135694007838,9027.35104151272,1.00023575209157
"eps[4,1]",1.22078867439531,0.00494896757197724,0.452418399466057,0.351848700272453,0.922697346805758,1.2065188100515,1.50134067819074,2.18183602972172,8357.01731065468,1.00055756772052
"eps[4,2]",0.461079708422862,0.0076896665405205,0.556873811757642,-0.661305884309495,0.105722800835836,0.466600766646377,0.811634227231074,1.58321160467571,5244.43340489354,0.999984292460356
"eps[4,3]",0.183039710104615,0.0087924637800991,0.692448894513001,-1.19903840989793,-0.288993374090565,0.198157829817548,0.639037489494338,1.53726595523888,6202.32153269178,1.0005177156585
"eps[4,4]",0.582070520264595,0.00760394742273724,0.708505449836322,-0.882700370113403,0.144840353545589,0.595424835006633,1.04587646949023,1.95004594088748,8681.76807332185,1.00011038790707
"eps[5,1]",1.53959769011955,0.00572936486857375,0.46376114242793,0.604650004788137,1.23876838417995,1.54940947658737,1.84309742326348,2.44116850517246,6552.02812469179,1.00047759851271
"eps[5,2]",0.557099325755707,0.00770384480398533,0.562562570018036,-0.576130636988643,0.193310461601944,0.563112116034938,0.922746842194259,1.67061822327904,5332.44783641796,1.00054727924317
"eps[5,3]",0.0738100841983994,0.0101196913558227,0.701978191605862,-1.27651306200866,-0.395415150409689,0.0582956641232022,0.526579067063942,1.52660218416286,4811.85693125887,1.00168638342309
"eps[5,4]",0.560719729477544,0.0102096563030548,0.723007408196753,-0.883322535211439,0.0868715384104488,0.569663057319572,1.03409157696477,1.97034817597962,5014.91123070238,1.00095722645084
"eps[6,1]",-1.48357041492981,0.00732660992817506,0.476798155767561,-2.36734234837475,-1.79744597301292,-1.51111741888171,-1.18087286141193,-0.476286864644637,4235.09340897931,1.00020371215145
"eps[6,2]",0.204404984505785,0.00904016775456058,0.562359464624669,-0.87300651538789,-0.175255293571814,0.189311208763503,0.564827013022511,1.35573964138373,3869.6798716067,1.00109120560965
"eps[6,3]",0.247654546690201,0.00918640622537403,0.704803067901071,-1.13882799888159,-0.218490292446207,0.242484741720528,0.721511333378026,1.63640400716482,5886.3255746224,1.00144013688861
"eps[6,4]",-0.0408302120261719,0.0102775023162108,0.724207940095327,-1.41845304273989,-0.527377779568846,-0.0709269875485845,0.398433658281835,1.49157712630749,4965.36750133795,1.00081227846443
"eps[7,1]",-0.283713252107651,0.00805338456900843,0.462645526334015,-1.15298400191568,-0.588350207474659,-0.315407224864302,0.0189442096185573,0.678613450037321,3300.19694223217,1.00166630301887
"eps[7,2]",0.63476989794356,0.00668312256456489,0.533494903711279,-0.442105425187425,0.295651137824657,0.627373076431182,0.974523550772196,1.71620592568743,6372.3804772589,1.00094625002208
"eps[7,3]",0.372768035036575,0.00852094921108339,0.709082954431829,-1.0662153027503,-0.0686281321262851,0.374027736641738,0.825049196749818,1.77958796679519,6924.97384837507,1.00041765487978
"eps[7,4]",1.18290164300793,0.023112420251719,0.744502338635593,-0.357264911090125,0.712859056685034,1.21003514968455,1.69065061226019,2.51153808048486,1037.627041384,1.00382459888395
"eps[8,1]",0.0206452926943391,0.00754701116042785,0.455502958738467,-0.933942453309077,-0.262463482786581,0.0475683396944318,0.331564094359097,0.851309505158541,3642.77561025619,1.00109696169875
"eps[8,2]",-0.76031875160292,0.00655092670383592,0.52870650982685,-1.77160535050519,-1.0984785692104,-0.778814675593954,-0.436464164100115,0.335245487004973,6513.6412448136,0.99991652117728
"eps[8,3]",0.00484961332580306,0.00868787602178272,0.691975600112626,-1.27381700262496,-0.451507455559932,-0.0282739921495843,0.444083333354719,1.48106398272616,6343.8708418991,1.00093537054114
"eps[8,4]",0.0532484619099703,0.00690177029283595,0.684881326197889,-1.32922578461464,-0.391936500572322,0.0493382517347741,0.497510620310098,1.424635923857,9847.12947565922,1.00003584228868
"eps[9,1]",-0.216996760790514,0.00666649316789601,0.448155405454801,-1.17832643462071,-0.492642201593728,-0.192316345522964,0.0794355415041445,0.612498912865099,4519.20873745031,1.00116578783051
"eps[9,2]",-0.323676647694422,0.00634970066198756,0.52007619416071,-1.34126787566927,-0.656274943957033,-0.345541355022506,-0.00820250568700255,0.754877591467356,6708.53122289778,0.99983898865387
"eps[9,3]",0.740560256476635,0.00876248412067532,0.707636776113334,-0.687929578496539,0.293752862490074,0.764197241124616,1.20107683187025,2.14974492598425,6521.78237256122,0.999842143173547
"eps[9,4]",-1.35695624317833,0.00989266703309851,0.722276225228247,-2.74974609726305,-1.83735139610645,-1.3694813922618,-0.907284455362191,0.128080003732045,5330.64615891108,1.00010001228877
"eps[10,1]",-1.56121727301644,0.00547429800200409,0.476350529370285,-2.49382054961315,-1.86858590376402,-1.56628170991732,-1.2559317689245,-0.598855810949212,7571.75292396314,1.00055983427694
"eps[10,2]",0.0510439678397272,0.00915523549546785,0.595162124650766,-1.1068737744373,-0.325645681209718,0.0362097126673323,0.428020900618241,1.28447140525535,4226.01983518246,1.00131824813278
"eps[10,3]",0.0599796035789972,0.0120300814132008,0.761030182464272,-1.37867027707598,-0.437634346687881,0.0392780043292853,0.531311660589001,1.64201911874514,4001.90366187426,1.00033696134125
"eps[10,4]",-1.87344108036438,0.012480742688227,0.759329055357152,-3.26384478283509,-2.37939450729295,-1.93692150788965,-1.39947602209958,-0.24655302533685,3701.51213411691,1.00100775900726
"eps[11,1]",1.12775307500893,0.00528125383341431,0.452708369602672,0.188898762873918,0.845792285146754,1.13801910686671,1.41847501374025,2.01449500982573,7347.89538454616,1.00075609074406
"eps[11,2]",0.918844501291999,0.0084401493799286,0.554006590556751,-0.230700506271874,0.574664438974834,0.945192800755158,1.29325817995327,1.94765027671672,4308.53471073875,0.99973697546774
"eps[11,3]",-0.124665336322325,0.0100913528323616,0.700106198815035,-1.48340356810526,-0.600144581635549,-0.139863952317846,0.33152017368713,1.27535773513062,4813.14631311406,1.00114341300928
"eps[11,4]",0.127025598516922,0.0108538591740599,0.727743039800097,-1.38706454930709,-0.323723010294131,0.152381555366801,0.618343413835,1.47061355153497,4495.60096896798,1.00082398375775
"eps[12,1]",-0.0937786156005155,0.0130012752564875,0.476687456706577,-0.949772933902529,-0.425441002597976,-0.133152443577627,0.207768385563161,0.941315306748343,1344.29796895163,1.00369603043181
"eps[12,2]",-0.156586850014401,0.00559598463204477,0.515803292549549,-1.17088049243785,-0.476800214437848,-0.172103226521638,0.164231741226389,0.886344828861598,8496.01350032506,1.00038509659688
"eps[12,3]",0.0586218618126941,0.00737102152254374,0.668706676221297,-1.29990951391535,-0.359262905252715,0.0741026411716512,0.495740827078059,1.3728659759681,8230.30556842232,0.999736730225741
"eps[12,4]",0.518472330509137,0.0135102043889173,0.705142362983208,-0.980039045992336,0.073066274497692,0.561667441614368,0.996895552143777,1.81294265738372,2724.1422048487,1.00272064679729
"eps[13,1]",2.14831119108806,0.00837772809036859,0.503851851017155,1.2071378448593,1.81273260635712,2.1164033290738,2.47033224304445,3.21780233435093,3617.0390326164,0.99989197607397
"eps[13,2]",0.561472472009474,0.011280935843951,0.667125427115846,-0.828459101834846,0.140925937891726,0.583766450697797,1.01072167550047,1.8366059214818,3497.23429872184,1.00052489846729
"eps[13,3]",0.94678904973202,0.0237258968102039,0.855520625506553,-0.826621572339313,0.396666744872958,0.999191574125765,1.55172952803229,2.51131069775633,1300.21656323885,1.00139149201592
"eps[13,4]",0.669188394841136,0.00980079132869665,0.750504283655373,-0.92914578224102,0.187551523945149,0.708839917621267,1.17638556168323,2.06581200989075,5863.86638168033,1.00058616334062
"eps[14,1]",0.951198583665082,0.0132041973672149,0.541802962845707,-0.204904794261357,0.609156239127331,0.981185327493117,1.32873125864031,1.92434087139029,1683.67683553072,1.00120379401342
"eps[14,2]",-0.915144495512805,0.0112719310789776,0.61266721202615,-2.20374538368715,-1.30091869857173,-0.889635375008235,-0.497450893851666,0.202480114677934,2954.2866264669,1.00151064888851
"eps[14,3]",-1.43195072244639,0.0331024205416265,0.859080307138504,-2.96441904060548,-2.04781444045615,-1.462424856215,-0.868185632908942,0.354798225814648,673.516165454765,1.0054115751696
"eps[14,4]",-0.630310627823863,0.0264239321243224,0.786484266786251,-2.23508547351751,-1.14612776985691,-0.641086175433244,-0.112073355800006,0.963407414785342,885.900992440884,1.00545831664936
"eps[15,1]",-0.470400023061198,0.0067668290973393,0.448108232328169,-1.32610052832843,-0.763802765333073,-0.487600949554471,-0.192944221994292,0.472649153050982,4385.26082078154,1.00057058910396
"eps[15,2]",-0.417965235729264,0.007168343362093,0.530560667367855,-1.55315951942543,-0.740832775831101,-0.387968386377019,-0.0761528806605064,0.589400449649297,5478.13211832183,0.999941516224441
"eps[15,3]",0.0586329083407294,0.00684220647837931,0.662280826954061,-1.26650818983569,-0.358817597437597,0.0635276348978895,0.486677225898555,1.37507859768102,9368.97355578374,1.00044540682236
"eps[15,4]",0.135509318449381,0.00899450906677896,0.68903776060494,-1.2898100350871,-0.313406671320896,0.147849882450071,0.599593915421264,1.48620013448831,5868.55416917738,1.00049431763721
"eps[16,1]",-1.26714298427296,0.00909686495532473,0.487455459926722,-2.1589728667592,-1.59980811338848,-1.29805140111894,-0.953776085362288,-0.238666237754235,2871.35165121492,1.0011997927059
"eps[16,2]",-1.04809418310882,0.00786493874625522,0.56562682075404,-2.12203160401414,-1.41548832821114,-1.06976644211771,-0.684488368853659,0.0926049817348785,5172.12842420495,1.00003005042098
"eps[16,3]",0.561261881187329,0.0142996863305583,0.723199984492818,-0.877637806988688,0.0843505545634055,0.564568512599475,1.03135455415637,1.93740389169117,2557.78357404842,1.00119411491247
"eps[16,4]",0.484457242617201,0.0219167048696948,0.766115728310351,-1.06880060558156,-0.017476325533521,0.505232140123928,0.992473251479895,1.91772403006603,1221.90723982937,1.00525050258407
"eps[17,1]",0.702246597202668,0.0054702611222865,0.451908595496832,-0.215636044023439,0.413344286344634,0.719991017328149,0.994138183783698,1.5745845962935,6824.72392812859,1.00068365557553
"eps[17,2]",0.172272815221531,0.00682674288773365,0.544080622935837,-0.953006083503996,-0.150489097504532,0.191802064607156,0.515213585911666,1.22877124054189,6351.83817471451,1.00043571413419
"eps[17,3]",0.94082826818185,0.0119850844560185,0.683266348720982,-0.472607496078636,0.509130007371364,0.968854350482125,1.41135369587956,2.21444243052879,3250.10855222891,1.00045641282469
"eps[17,4]",-0.642858271032179,0.0123812071363582,0.721644848525716,-2.00484572475062,-1.11196363567513,-0.669070220580738,-0.193990406874899,0.858674534880534,3397.19951005709,1.00039878040741
"eps[18,1]",0.413223909755729,0.00563229990359185,0.453493877896099,-0.51049304470064,0.134251829988972,0.433366098216085,0.696355751410955,1.2939292938713,6482.92972249801,0.999873903016654
"eps[18,2]",0.0505619730685446,0.00664763780428284,0.517302631345362,-1.00189659701725,-0.27491114615389,0.0620437143502158,0.384346583553047,1.04618611311316,6055.56509752169,0.999973478027835
"eps[18,3]",-0.506843532789827,0.0122327956116343,0.678675726394247,-1.79788637660794,-0.958149397079565,-0.532113834663031,-0.0755876528662858,0.885336761739728,3078.03244871532,1.00168793217215
"eps[18,4]",-0.321893774149873,0.00721657251046282,0.694197320019925,-1.73627010740793,-0.762255290044777,-0.305102341834291,0.119967203466571,1.04193844105121,9253.45476131984,0.999733919468991
"eps[19,1]",-0.308487409915447,0.0063419841334652,0.458304914185994,-1.2651379350353,-0.597840413920052,-0.282972921252267,-0.00606318280821898,0.549501407011976,5222.26283169143,1.00025364570684
"eps[19,2]",-0.0126383470344649,0.00610665836945955,0.533086018411661,-1.10744618939652,-0.346290506072016,-0.00758429284176681,0.327151255347373,1.04810067646324,7620.56786855764,1.00063913132186
"eps[19,3]",-0.638690967695483,0.00776390690963231,0.673301595036594,-1.98299587992844,-1.08396633735671,-0.635876096444722,-0.200560495162793,0.695392452643617,7520.70662482183,1.0001622388031
"eps[19,4]",-0.524844847160582,0.00769034481951671,0.696307536341375,-1.91104768662219,-0.971150671535089,-0.538008488205154,-0.0795562103334443,0.880450813959115,8198.05004513516,1.00012873163868
"eps[20,1]",-2.14834536113429,0.00705521814388074,0.506377059892747,-3.23406001613017,-2.46082000330676,-2.12673877654834,-1.81459421109822,-1.20113095772152,5151.42228969108,1.00076766523066
"eps[20,2]",-1.21335947106745,0.0113038471732716,0.665288264208127,-2.44838252840724,-1.66107046033982,-1.23719395794324,-0.803554811004295,0.206264585721356,3463.91455327912,1.0004501075121
"eps[20,3]",-1.26182281361364,0.013331144638526,0.784541096661584,-2.72856258439075,-1.80354528045065,-1.28576307297418,-0.763205470817619,0.382172347286847,3463.35105892281,1.00089287454299
"eps[20,4]",-0.376914670172298,0.00835325973988764,0.766574325497565,-1.8534793868812,-0.887954558176018,-0.386944186708617,0.123691248782339,1.1772747091378,8421.63796182246,0.999918592283709
"eps[21,1]",-1.20029314639456,0.00987238492091439,0.499470596299053,-2.14621165288543,-1.53557169328353,-1.22153483583146,-0.884522284590803,-0.159369442175887,2559.6211673329,1.00134886910745
"eps[21,2]",0.549397323107509,0.00765433856405181,0.559555037027387,-0.574808268110544,0.191029086001075,0.541601901069221,0.916704944542285,1.64277285453453,5344.04717602896,1.00035453512021
"eps[21,3]",0.0334927145256936,0.00935816886181797,0.704154045004152,-1.41353215786839,-0.413731633323181,0.0670915896254848,0.487002568254907,1.39291915428706,5661.78797772826,1.00108509580654
"eps[21,4]",0.6987106304546,0.0190065589663609,0.746224353548562,-0.827901791712244,0.215185184510144,0.728945191274984,1.21110714046854,2.09909614898809,1541.45851878573,1.002140447775
"eps[22,1]",0.125948805951455,0.0053789849234052,0.447233922950975,-0.792907354594961,-0.154622604070216,0.147133392611111,0.419834888953943,0.980323479189003,6913.0360430463,1.00058554551272
"eps[22,2]",-0.109545650985989,0.00629204383584423,0.537337939949727,-1.18437533897898,-0.440029384381334,-0.121360816476741,0.225853065803812,0.965008670467962,7293.08932357555,1.00035307415802
"eps[22,3]",0.527931457069463,0.00833075446923662,0.682897756150622,-0.884628960770516,0.0998568152778796,0.54406271727871,0.979604082412679,1.82116444274147,6719.5888671537,1.0001529647491
"eps[22,4]",-0.412701047050954,0.0218758104179497,0.736319796233097,-1.71544909256122,-0.932336935335227,-0.462535636937646,0.0575399524529844,1.15276165414656,1132.93410745405,1.00263619590636
"eps[23,1]",1.26332011805283,0.00510613175382417,0.462249789090536,0.369291324949277,0.970090912626355,1.25648467359103,1.55824656612676,2.18281374934729,8195.38593128618,0.999707980705896
"eps[23,2]",-0.174498078622009,0.00883973527804051,0.575689527177191,-1.37177760857373,-0.546629842597299,-0.155200010948381,0.22401057260413,0.915439959030255,4241.29166395582,1.00061182366305
"eps[23,3]",0.260427174442141,0.0147388095809849,0.727316368917144,-1.27134189540031,-0.189238682878723,0.277396590851967,0.745574846149208,1.60257680975717,2435.12863564924,0.999942305923529
"eps[23,4]",0.840678777898446,0.00848104315724068,0.704305484973189,-0.628958802879778,0.391009304370142,0.868792478599702,1.29952905467076,2.18670101441209,6896.41828710917,0.999821557891191
"eps[24,1]",0.304531225079726,0.00743961335154455,0.473067336885458,-0.710096436684333,0.0169749557839068,0.333493186507718,0.606093806143113,1.19339294674619,4043.38593249649,1.00025953126509
"eps[24,2]",-1.1145486850222,0.00660362942724618,0.541611497191725,-2.18801111134594,-1.46362529829289,-1.11098907576754,-0.778311373014087,-0.0261907743104893,6726.828590861,1.00020063364625
"eps[24,3]",-1.01361488419896,0.0100042826435086,0.711154715389242,-2.3686604531671,-1.47948022985535,-1.04217521460171,-0.564372958151378,0.473294951537884,5053.08125628793,1.00146750834917
"eps[24,4]",0.63642328019463,0.00852644274330402,0.728143763425065,-0.842422368716813,0.178130147477267,0.653583840285459,1.10634768550866,2.04574969849642,7292.87060639175,1.00005239055849
"eps[25,1]",-1.2010828615826,0.00536205384982805,0.470559750614978,-2.11090950530119,-1.50086141331845,-1.21460547540226,-0.91305962462682,-0.233762889495211,7701.35621699585,1.00050856852934
"eps[25,2]",0.351464993332432,0.00895298828999243,0.582340261471819,-0.841153838686519,-0.0168794190432007,0.350279651909918,0.727931313131209,1.48750510734518,4230.75232053546,0.999860994467943
"eps[25,3]",-0.468939857855571,0.00882922809566044,0.703879590335992,-1.86978374644425,-0.925522932927986,-0.455503603567104,-0.015870168140455,0.908028062875037,6355.52266754211,1.00033805304125
"eps[25,4]",-0.676061661016073,0.013489711582352,0.740672835394196,-2.02348675748772,-1.18024696651612,-0.724526547956725,-0.219667719412794,0.897653065299823,3014.72363152118,1.00147562761633
"eps[26,1]",-0.16135334464811,0.00500717463113007,0.437162448437054,-1.06798048506996,-0.4388755286804,-0.151217915677736,0.110860949920289,0.709300099350484,7622.54896716558,1.00125392301524
"eps[26,2]",0.420244724699002,0.00864879374928498,0.529887223613005,-0.568045616884566,0.0671019477235271,0.381443019487672,0.750460463047009,1.55538954171274,3753.66763123832,1.00196579564059
"eps[26,3]",0.154315742269,0.0133234397346402,0.69914478082198,-1.31017039162762,-0.283040998809841,0.196020130425712,0.636087606874019,1.42959490196278,2753.60420522548,1.00266716811362
"eps[26,4]",-0.0431785896652781,0.00706567764408443,0.681475045397034,-1.36731841412519,-0.473527645545051,-0.0683384420846839,0.371668296367783,1.36491440199871,9302.34141222201,1.00014436932104
"eps[27,1]",0.16996591942141,0.00717038302047544,0.457855986050866,-0.68819124677874,-0.140770856659223,0.146963160024197,0.456573815281167,1.12812169344649,4077.30390491198,1.00218133686348
"eps[27,2]",1.02192496503969,0.00701681981695613,0.540450201821436,-0.111907209629369,0.686944434384981,1.04448524496768,1.37388507707145,2.07762728880366,5932.40398056797,1.00063207673744
"eps[27,3]",-0.453297455723662,0.00821661980601068,0.702334703472738,-1.87581024909353,-0.913938411437273,-0.445458770950121,0.000833718674736745,0.914846273896687,7306.37354507506,0.999784013059736
"eps[27,4]",0.87840058338728,0.0104539117423349,0.728301917825094,-0.633457968200137,0.42773359395013,0.910349325810368,1.34728570273189,2.2758726868166,4853.61415718809,1.00005557272155
"eps[28,1]",-0.10487163480644,0.00714934199126461,0.462777483367656,-1.06016147129527,-0.396488522782002,-0.0812821883929933,0.199358909627696,0.791366003642768,4189.9833351368,1.00097937780687
"eps[28,2]",-0.452074781434275,0.00645720727160358,0.523389571495226,-1.47777714448069,-0.781823631012953,-0.470526293869435,-0.133687482127555,0.646674071268603,6569.92899436312,1.00057901214045
"eps[28,3]",-0.653071982518171,0.00747047134631473,0.685732842904198,-1.99686670485345,-1.0915247171193,-0.672266647376338,-0.217693542075947,0.748376048150217,8425.85327175541,1.00026802955463
"eps[28,4]",0.312897718587765,0.00982644343550838,0.718626326109609,-1.06149936192532,-0.165192405871589,0.29619184015529,0.762283513375309,1.7954883463828,5348.27252662492,1.00195320751585
"mean_eps[1]",-0.00034550342640308,0.00347801005011597,0.187374271852557,-0.364264885715906,-0.12887230777238,0.00341984369686037,0.127652285250224,0.362307235385409,2902.40658763177,1.00144278874452
"mean_eps[2]",0.00702207827564473,0.00291804760641865,0.189212307920203,-0.36239297938031,-0.121776852065366,0.00884695809003849,0.133436258395491,0.375695602911548,4204.49674225228,1.00094544317307
"mean_eps[3]",0.0035255979640054,0.00242502562419235,0.189708650495377,-0.371023084495069,-0.12530771107741,0.00247592928930109,0.135110180678124,0.372991090594263,6119.86166583875,1.00085498490284
"mean_eps[4]",-0.0015015567682007,0.00219710422216514,0.188460554078965,-0.370479630158176,-0.129335987318997,-0.0046426859179794,0.124015021215315,0.369139066354697,7357.65821852672,1.00014011147718
"N[1,1]",34.4972371697226,0.093509507313347,6.1221422783881,24.5091433590229,30.403271514739,33.5976281136558,37.7464676847278,49.3752813988844,4286.42569041655,1.00025224487565
"N[1,2]",144.227208938649,0.578972398253163,20.1513088350598,106.129217059663,130.643157055762,144.065193496903,157.858832307528,183.764020216838,1211.40900693683,1.00312845724442
"N[1,3]",28.5555074732494,0.0579535048015317,4.37500202315958,21.0338846058511,25.6553407586543,28.1054603585269,30.985689559292,38.3235536356354,5698.979638687,1.0001748122168
"N[1,4]",266.894496143703,0.556030038026326,45.7755067198878,182.07414262784,236.409806205107,265.940751808165,293.530341451805,365.135699807185,6777.50448090532,0.999862259468181
"N[2,1]",35.2136506358125,0.0779974881117963,5.76715240590253,24.6717004793243,31.32821699737,34.9605997600493,38.7109585817041,47.6703713893761,5467.15798310266,1.00084572058355
"N[2,2]",85.0675575218028,0.41947257094454,13.2840828137938,64.9026175814535,75.3678143576216,83.1064860144344,92.8033320957193,115.986907412963,1002.89626295203,1.00335180953458
"N[2,3]",21.5457033588895,0.0632062031015859,3.36110396845001,16.1312509869403,19.3115035560331,21.1258813359054,23.3917884452454,29.4567132057465,2827.77264271954,1.0006398691136
"N[2,4]",238.651415379305,0.584656019838282,40.2065428527136,163.60599836547,212.064907204886,237.463270043127,263.314731411757,324.343660735708,4729.25370400102,1.00057863379302
"N[3,1]",39.2645823154693,0.0660245907359583,6.05527185518036,28.8457941412686,35.2508096882395,38.7128450447496,42.75229153339,52.5693248630233,8411.1592569219,1.00063454205465
"N[3,2]",139.293809066139,0.179177689148132,17.4192362181312,108.734037655177,127.865682635585,137.991262421916,149.25644128675,177.829231590341,9451.27401807334,0.999964886814111
"N[3,3]",38.1436261648049,0.0624412532244748,5.25499489239265,28.4238711323236,34.646027097911,37.9180713065594,41.3977050704246,49.3948734932607,7082.74122273833,1.00073686654068
"N[3,4]",225.488196686803,0.525460469948616,36.7241976251351,164.491165264836,200.321533810014,221.159120190976,246.428107069758,308.718005073041,4884.5496880373,1.00061656706183
"N[4,1]",53.9856412425316,0.112037537892713,8.50711873432438,39.5868096983348,48.2820389987494,53.0473260688863,58.7755449728463,73.4852974937144,5765.51194180145,1.00026324393362
"N[4,2]",231.881589989735,0.341686939060184,29.0010183955457,178.318725601553,213.114856238642,230.558222059596,249.807546139553,292.870726945782,7203.93426110535,0.999981859267335
"N[4,3]",62.8617494543625,0.0899845976219585,8.57336769737678,47.0371832326047,57.1794108958799,62.6800475703223,68.0589355731164,81.1339661908841,9077.50595716717,1.00068067826714
"N[4,4]",291.71853302903,0.753206534094919,49.4242146759442,211.601978458196,258.453315856797,284.353972523292,318.657267999249,407.40098594335,4305.77564503334,1.00026098924354
"N[5,1]",100.408520279789,0.15381519255797,15.4853045124136,72.8161621274953,90.0374283476069,99.3512113471147,109.357176086191,134.988165728068,10135.4032656767,1.00025084154651
"N[5,2]",342.003785001066,0.425924720563147,41.4879164108375,267.023914231426,315.131789255565,339.869640574563,365.800806188342,432.926726392516,9488.06288700558,0.999977634417556
"N[5,3]",98.9133183515557,0.131531020247821,13.6072670772155,74.4874351327971,89.9563283841477,97.9857147531118,106.848307755173,128.965639175623,10702.5050236917,0.999845408201652
"N[5,4]",548.195686558994,0.870008944210935,87.28906315524,394.563197111779,489.819377381206,541.699895964692,597.162494662027,742.395579184675,10066.3547149826,1.00078904169663
"N[6,1]",217.855442862972,1.30592407365421,39.0693941133972,145.394393336272,190.063767035838,216.910339131385,244.769533355713,294.412388986121,895.029803073114,1.00398610587951
"N[6,2]",549.07904408294,0.754409515888444,69.6021107404428,420.910044258356,502.567940645123,545.686596820273,590.314243561375,699.235262162907,8511.97823846573,0.999922114525986
"N[6,3]",163.980739696707,0.252081655395921,23.5135185597185,123.030503076575,148.44075370499,161.817691172174,177.452669343534,216.980669849743,8700.67124654937,1.000447438753
"N[6,4]",1126.40264456742,2.04565697016834,184.604423568265,790.378891045179,1003.37051013838,1121.40955421802,1234.25267599996,1519.59802119019,8143.64037980174,0.999750067217243
"N[7,1]",119.155133979086,0.191093687089285,18.3193514247125,87.0506056469575,107.108448217741,117.510443078501,129.7383472311,160.612881187874,9190.25385405602,0.999714013413837
"N[7,2]",491.824257691706,0.630832167390051,60.4675807290275,381.283879461044,451.09443532882,488.35867001934,527.713137396539,624.974441302035,9187.92676074,0.999992736631718
"N[7,3]",144.231617504037,0.200649034068006,20.31805643628,109.013056442459,130.214811307357,142.786063389967,155.826057841234,189.864259636822,10253.9259753752,0.999824748204611
"N[7,4]",732.309516433563,2.55280870474607,122.266534138207,535.877045474644,647.870154744012,716.40443660682,801.123192098097,1020.18645636789,2293.92206534198,1.00242434234334
"N[8,1]",113.074771877427,0.606638177482796,20.7275455520179,81.7326869902679,97.9066077249933,109.856048088363,124.501986525894,161.137017255392,1167.44459823374,1.00346471188161
"N[8,2]",616.093169311434,1.15145977301331,79.3522279784561,466.721682665859,563.266428900902,614.918416756204,665.224194363342,783.957074694537,4749.20273838163,1.00117638851923
"N[8,3]",185.274667347524,0.282279852196817,25.5684797007728,137.336304883887,168.282375964309,184.221577378864,200.380243214724,240.460849396345,8204.46088133953,1.0006875152993
"N[8,4]",1109.98056367951,5.26333797993137,194.119201298621,748.243769578963,978.469250967471,1107.38497898767,1237.29775832768,1501.5094811818,1360.23665587666,1.00264923081463
"N[9,1]",123.127698118158,0.256029203210837,19.9862489509328,88.6624543588609,110.088393850895,121.123329103192,134.276546954729,168.399842777776,6093.73517052729,1.00017921643286
"N[9,2]",504.115175654012,0.789684565588719,64.3672811055035,390.196925283029,462.057948501436,498.661205535678,541.172908363476,646.295512909526,6643.8991261359,0.999635522966025
"N[9,3]",162.303411191453,0.350415787950456,24.185219554888,121.323990212561,145.689106606555,159.794877285424,175.779330546715,216.767612822724,4763.57205135961,1.00037514020103
"N[9,4]",1096.35329124428,6.48299785345343,199.22493514149,715.200681868298,958.297150498971,1093.19399737453,1236.03261279597,1490.02078174654,944.355757851437,1.0042894151072
"N[10,1]",120.674830292505,0.2072295971169,18.7318254972166,86.277956833292,108.287680755528,119.701210955118,131.982637426229,160.749351248795,8170.65063833796,1.00050961951524
"N[10,2]",461.952552905967,1.09516998537251,60.2563400618758,358.642544771202,420.97073636799,456.320927484982,496.213781664249,600.961062335593,3027.20918844435,1.00002531377366
"N[10,3]",185.347226442265,0.315775757326084,25.7620477972682,137.916867127379,167.747636166682,184.715110877566,201.353426194708,240.104294296704,6655.84489141372,1.00024111219031
"N[10,4]",674.252564883955,1.38517739937767,108.234420490687,475.138059732054,601.534545279701,670.240736172984,738.732022281146,906.257085428057,6105.48260782466,1.00024954631458
"N[11,1]",64.4779832660415,0.190882508821097,11.1809250673498,46.3905699096413,56.9247792029784,62.8661789673053,70.4151876195096,90.8938492600506,3431.01964734502,1.00134670457082
"N[11,2]",390.468095862983,0.629250283681928,51.5868483768448,302.97486916862,356.439951408026,384.9957837513,419.184218902206,507.025617263823,6720.95754679812,0.999885435084301
"N[11,3]",145.854966471828,0.229620126821973,20.6375352815709,107.861812072078,132.399709730529,145.227121763747,158.124943462141,189.230835614177,8077.84940765768,0.999891657183253
"N[11,4]",236.895462602092,1.72695515841602,49.266300063377,165.765312241946,201.462978581605,229.484840623259,263.406268641186,355.542556496565,813.837642408956,1.00565440340451
"N[12,1]",115.334627420363,0.216840984275528,18.0620831090261,82.4873518872962,103.113920377919,114.467518049321,126.142429012049,154.298470356012,6938.29774085948,1.00094635745474
"N[12,2]",666.58951626334,1.58263327391862,83.9103099286375,504.559265516891,610.703169577912,665.896495276656,720.0124394342,836.218885749837,2811.05967922989,1.0003455978325
"N[12,3]",230.167734750843,0.336816186579086,31.9645361477989,172.526337758855,209.42785455364,227.844070561949,248.846140983503,299.80116966157,9006.39321566529,0.999893412836385
"N[12,4]",391.52955960742,0.98323684774103,66.8597395741541,281.284495631386,347.469597502101,382.600916665647,427.583728452078,545.626482065046,4623.94936551869,1.00059799605428
"N[13,1]",118.444558144877,0.475573021783763,20.8099479606843,86.2973351835835,104.073903430463,115.228649033909,129.715894707369,168.048349972152,1914.73011613924,1.00273014324111
"N[13,2]",657.231537155926,0.814586494667009,81.9690978365106,507.647519904733,603.33094202388,652.396595140119,703.091724157493,836.782023504333,10125.7196619667,0.999660970911504
"N[13,3]",234.458425646966,0.539025769664163,34.3482536330374,175.598144509027,210.470567128056,231.100970533865,254.381648880953,310.707596659972,4060.60051661327,1.00079400424054
"N[13,4]",464.653182380312,0.876410121614568,78.324084771298,331.766817499321,413.45375536655,456.868376672834,506.074793471761,644.184536012668,7986.85662735396,1.00016184348889
"N[14,1]",333.837206812142,0.855742395872921,55.751526908615,242.849954462239,295.74163343907,325.810357970097,364.885476402378,464.458981260091,4244.50876833137,1.00000820890843
"N[14,2]",1171.04708930622,1.68904004882391,153.524716002156,898.956908029031,1070.65462753204,1159.20954895532,1258.84240489152,1508.80318822245,8261.83868245329,0.999919699471266
"N[14,3]",579.53932251783,3.49954955143214,94.5190270411563,402.647166632213,511.438243353558,577.489974979448,645.685780566435,761.68478521561,729.481345435389,1.00559797371323
"N[14,4]",1256.28001063673,4.322283488837,211.321183578499,859.854734057061,1110.13432839275,1253.66188834048,1393.86402876841,1683.91946623267,2390.33941708756,1.00222609783102
"N[15,1]",556.480311134865,3.59831125790237,100.89153137681,366.751060457581,483.815316296942,554.557254561036,626.878850472383,753.962042604994,786.161864114025,1.00545703251233
"N[15,2]",1060.37984122231,1.75336048445718,137.373704411686,804.160643698307,969.547944729841,1055.07101403461,1142.94312507174,1351.8130250962,6138.53575614561,1.00005633878221
"N[15,3]",394.398738548744,1.47443645400265,61.3397904087482,296.665692567149,350.929697967568,385.5126753727,431.226219124039,534.612698556493,1730.74248967091,1.00234427824333
"N[15,4]",1194.3927227061,2.90747154858194,203.122559021949,862.616312176431,1054.24454119419,1170.5988516707,1309.53042261798,1662.68995120881,4880.73660988809,1.00109190932963
"N[16,1]",482.067546343739,1.24990145332568,78.2369454359251,338.842275679548,428.783428980075,480.609696045271,530.045345456443,644.406596654048,3918.07032005973,1.00083644192644
"N[16,2]",914.80241285514,1.69592799432821,114.708910340373,695.441709831623,835.642959199883,912.879572419766,989.363767932656,1154.47568744475,4574.87771960199,1.00028467832103
"N[16,3]",352.985884928748,0.883856868058235,51.3357973312766,267.522165496358,317.166811996568,347.668390666157,382.505184584417,471.352071737984,3373.46913892459,1.00072337680119
"N[16,4]",1090.0834455915,1.83385887106587,177.26517181707,788.348709993404,970.050913189278,1071.76269434145,1191.37317334919,1476.888779531,9343.61663029044,1.00038162380623
"N[17,1]",292.456195542939,1.26969478935868,50.6578297254688,214.728229364459,256.028345992675,284.529853730907,320.363555318677,412.576997744389,1591.82193585174,1.00212891624417
"N[17,2]",562.531793510623,1.57061806245237,76.7218338462929,436.626677248492,509.76155081439,553.508869126254,605.510811470444,741.592905362427,2386.14469057936,1.00076858764722
"N[17,3]",265.927656104497,0.433339274041243,37.6554631594017,200.514169580357,240.87410786446,262.690086475788,286.96121371222,349.418213921988,7550.92027124926,1.0000014011705
"N[17,4]",850.468382445265,2.03245391986871,141.489604944171,593.655415175875,753.817275201744,845.999899519158,939.262678603415,1147.5741211665,4846.27051003803,1.00143672698835
"N[18,1]",432.388808018451,0.859166021951637,69.7159079280504,315.350932555764,385.559595115042,425.066943778382,472.286402700247,594.262594961464,6584.29967051584,0.999619716487577
"N[18,2]",703.101140054752,1.68186608810556,94.0561925011456,543.482347517173,638.013828881322,691.751130747056,757.478880620477,919.782879825299,3127.46141538422,1.00099578928892
"N[18,3]",440.050208694388,1.8377632907924,67.3660427434003,312.258331459454,393.12379107809,439.538211143142,486.535532199887,572.688465635166,1343.70189141892,1.00315748306226
"N[18,4]",913.188573609523,1.63059956580708,148.446203680881,651.850826063245,818.407068702138,900.125778595562,998.470948604489,1240.99441454908,8287.8817578628,1.00019123466095
"N[19,1]",562.282128361639,1.07532078933979,88.9859476087128,397.633547419922,502.985413079643,558.775148464905,614.144883502289,751.390808645202,6848.04766998928,1.00094317147039
"N[19,2]",806.583346630847,1.07256998588093,101.305385672617,627.581865374556,739.380004009812,799.059887096724,865.340146786535,1031.08754951963,8921.00512719553,0.999802828809064
"N[19,3]",441.956413450629,0.659242754404325,61.5173265941757,326.4012108252,400.718887184776,439.713475675399,480.175611494197,572.465503616302,8707.7144113387,0.999877573962289
"N[19,4]",952.492183040761,1.78046655863728,154.533670698226,676.478013929364,850.261678931772,943.912267991913,1044.38128845948,1287.51423473908,7533.184416878,1.00002248516863
"N[20,1]",530.0313856874,1.7594876047307,86.9123681699535,365.138384906843,471.320554214328,528.648166735531,585.153157997093,708.819667704331,2440.00515562909,1.00272482013918
"N[20,2]",811.494395362457,1.36035195566746,103.184916473807,622.563808671844,742.094659199191,806.752319724264,874.029777213866,1035.91124855473,5753.47013751024,1.00055204482594
"N[20,3]",369.387301704422,0.641387518010399,52.0856806113831,274.113137826181,334.895489656525,367.392075067122,399.973700585998,480.821278329802,6594.70964894652,1.00079063017222
"N[20,4]",735.03254999518,1.21604315572019,119.907724062022,528.392806847173,656.442469968172,722.947083377632,803.071377901092,1007.22199825347,9722.91175650561,0.999870723332614
"N[21,1]",217.941726140315,0.487313255029541,35.4290823943672,153.428627639727,194.061559556346,217.176312746755,239.140621744351,293.004216319901,5285.71033919911,1.00026221098527
"N[21,2]",409.882712806975,0.648585157069511,52.403909227012,317.415708199707,374.691697609448,405.753174730092,440.507763300491,524.787096380357,6528.19863347477,1.00049052811533
"N[21,3]",134.673910484488,0.588854803628957,20.8417947856466,101.400396379773,120.078755512225,131.781318713096,146.623949501676,182.563653318514,1252.71935182677,1.00191187275197
"N[21,4]",298.147667805583,1.17892651733266,52.4999059350192,214.76096459151,261.0155948983,290.803094540164,327.465521691109,420.437592689785,1983.09526669916,1.0015099229568
"N[22,1]",136.662134164214,0.721346261550805,24.6128542047264,99.4342516896405,119.147560076288,132.762657933936,150.331633490789,194.876571665438,1164.22357033694,1.00401173859545
"N[22,2]",435.554969340863,0.930860989799989,55.6355467202276,330.104804960402,399.511801262714,433.895382175131,469.732319080856,550.779750530949,3572.19418712872,1.00156382653558
"N[22,3]",130.071330751403,0.205790970175971,18.705660481792,98.023136380207,117.430166629222,128.230794309629,140.536212756683,171.760285423919,8262.15742366069,1.00025171365966
"N[22,4]",287.677315683629,0.567726701522173,46.9666061086565,201.768772267807,255.466487850013,286.266361385858,315.869683498854,386.423019601128,6843.83791812421,1.00167193170307
"N[23,1]",155.825106036139,0.38394543793126,25.8583433958712,113.351148158142,138.543834226612,152.713604803668,169.923040055227,215.669687953622,4535.88853655521,1.00060180659935
"N[23,2]",451.279335421039,0.588795497555771,57.2894825219806,347.004609598446,414.126188481324,447.561116215742,484.812066803247,576.430308158613,9467.1844401594,0.999674481387933
"N[23,3]",159.712595647079,0.237729419100364,22.2070181842884,117.270359903554,144.992878934042,159.016360835409,172.88006872058,207.330210318012,8725.98853588796,1.00002543709814
"N[23,4]",263.454730495639,1.06913987088568,46.8533122397247,189.724864060706,230.323776329926,256.800443365472,289.099339550304,373.074329786826,1920.48776603911,1.001530310394
"N[24,1]",296.019418221753,0.487843403389606,46.2936897660291,214.032902923307,265.343177206912,292.008107507385,323.594893203606,398.12834447673,9004.9793275765,0.999717451606194
"N[24,2]",548.383741234438,0.779823668061314,68.9229679061578,424.770618330345,503.738337492106,543.699735313635,587.969819889006,697.507831365266,7811.51222205325,0.999821033769373
"N[24,3]",228.009093740131,0.928605984847442,33.9842746829434,164.367708145558,204.842444753485,227.379014180775,250.134231758597,296.502754663474,1339.3468294407,1.00262592619986
"N[24,4]",520.361191605818,0.816136925413138,83.5615225421262,373.132251102469,465.303112668887,514.818920396164,567.792724788098,705.007837506424,10483.0252972755,1.00012559461049
"N[25,1]",367.733637485473,1.19566085268193,61.1464559214592,252.306346127927,326.29687930044,367.607338199808,406.989799670207,492.724111664589,2615.33038820025,1.00134667599265
"N[25,2]",418.846130401872,1.25598238477905,58.058654034541,325.065192163821,378.256577213272,411.190149611186,452.635003247987,550.123282460865,2136.81453892373,1.000261552119
"N[25,3]",149.00424416391,0.33382244646219,22.1624213452996,111.763816905676,134.110174797348,146.298983545338,161.473620776379,198.546033753827,4407.61186403923,1.0013306756863
"N[25,4]",632.136303133207,2.6194855834751,107.758811913123,429.05216194807,557.887549466608,631.6661965555,703.393722251447,850.375712066074,1692.28522871877,1.00158358810005
"N[26,1]",229.801240862726,0.358999823050567,35.9147372969048,165.529367598337,206.316028345418,226.604598026905,250.706062877333,309.903957175982,10008.2217444532,1.00019530150546
"N[26,2]",414.445616509215,0.518231868361167,51.720425097352,321.081052915307,379.944034697198,412.080738461393,444.573495785381,524.923502119098,9960.38072516265,1.00020395438565
"N[26,3]",118.79592441841,0.248541710931897,17.329755740284,89.4953167778904,106.879868035863,117.042495414817,128.618566284316,157.919488434185,4861.67939348021,1.00097628684563
"N[26,4]",360.601827742904,0.862805206956889,58.9870494797787,264.989906718086,321.237969258359,352.983504639072,392.689339975743,499.203045992123,4673.99057211077,1.00070927177869
"N[27,1]",230.480606471841,0.372570568225885,36.1150567305581,165.738934413605,206.381939702925,228.224753654612,251.631039595248,310.299398335126,9396.35712330819,1.00054238737713
"N[27,2]",487.478107668885,0.87443913105398,62.0272199669056,381.758614790239,445.540333823294,480.20530161642,522.707677554492,628.923167356454,5031.59254992041,1.00062940193251
"N[27,3]",141.44898373592,0.215497934446601,19.6058842307731,105.629624110234,128.519670045308,140.743834447059,153.296265611479,182.147774837271,8277.26089536057,1.00092156275928
"N[27,4]",360.157293032312,1.09265597275275,61.2061019960805,261.346689408253,319.020868516258,351.58535005485,393.970233618184,499.567388295531,3137.78046755532,1.00072583724984
"N[28,1]",267.625599546893,0.635516227239839,44.1356823720331,195.147052834289,237.72790579334,261.669725974672,291.938581387996,372.006771953041,4823.10150990503,1.00105405312296
"N[28,2]",744.794516124956,1.81945707285587,94.747395638868,561.824250754168,681.418626977766,743.775348210299,805.202646372322,940.773293253,2711.7580321953,1.00131026784092
"N[28,3]",174.924747901449,0.265903524168374,24.9597497549712,130.157193286913,158.355306729585,173.61489198978,189.383687236596,229.09207954006,8811.14335191044,0.999698472940699
"N[28,4]",564.592352432563,0.980967183252742,91.6818204520061,400.881277796774,504.110371613172,560.834183526149,617.444818373207,762.874679928339,8734.8911694171,1.00003767817239
"N[29,1]",275.856605370577,0.491820246456234,47.5027787576198,191.568542402154,244.082765624298,273.476908278357,304.093196595767,380.653336656049,9328.78800999049,0.999754692091451
"N[29,2]",663.241919667423,0.9452692266948,88.8819211710735,498.925724082098,604.831294797071,659.454763123758,715.915561818755,854.170570171883,8841.29389424496,1.00013928960889
"N[29,3]",136.242521252351,0.323554979529318,21.6396423204369,100.717900215182,121.8660137899,133.33882201479,148.083215196264,186.79024457018,4473.05234155444,1.00116070087419
"N[29,4]",581.369643352605,1.12443712209993,104.29521386322,406.487123526154,513.350374122191,570.786378485459,639.969046355541,828.560368753901,8603.16808587744,1.00007916470561
"sigma_total[1]",0.496125809801671,0.00114463365594911,0.0592048024648058,0.398296444840849,0.45492760724941,0.490644920104375,0.529864553912807,0.631671349101401,2675.3515019147,1.00190151751239
"sigma_total[2]",0.407496896144659,0.00239275141678218,0.0588259986233339,0.305673502457226,0.364261694612979,0.403747427430908,0.446236910848964,0.530634181394433,604.426438525923,1.00449935230863
"sigma_total[3]",0.457586193817609,0.00177974952221279,0.0543522586259842,0.363256585649673,0.418475242130213,0.453537411072375,0.491215126902662,0.571153253413543,932.64726728348,1.00511545444776
"sigma_total[4]",0.505453025089982,0.000968417325912722,0.0618440200612517,0.403844968368203,0.462312919235756,0.499290848361944,0.540353653307236,0.649328850297186,4078.21692975216,1.00088546342219
"prop_proc[1]",0.840040800906678,0.0051262222682318,0.0921416677535116,0.625236951654243,0.789054722516399,0.852752617710635,0.905928766736474,0.982401941845087,323.085354330602,1.00985508880023
"prop_proc[2]",0.848958000210363,0.00480009396711051,0.0884621390695097,0.640781298540954,0.801846717409808,0.861318078735417,0.912236354629866,0.981686588810838,339.637311817748,1.00806980677764
"prop_proc[3]",0.847672214383487,0.00475764425826303,0.087191348098088,0.64637300574432,0.799659027382124,0.858404884574491,0.910126278787141,0.9815172220915,335.863534400021,1.00912694197365
"prop_proc[4]",0.840991161844402,0.00502472080466322,0.0922415280964614,0.622317044103962,0.789792192809167,0.853521632675679,0.907081146775307,0.980947912419658,336.999383987488,1.00942969130723
"sigma_rn[1]",0.454902893726051,0.00240002605602055,0.0665199932757346,0.33489802863412,0.409889511798307,0.450621401763392,0.496269259557834,0.599606927954468,768.19677558291,1.00495291943401
"sigma_rn[2]",0.375927425696962,0.0033782188697539,0.0641735109920404,0.263245557350519,0.329811715172142,0.371729991126015,0.416759240995102,0.520326904337318,360.857747844979,1.00692594138029
"sigma_rn[3]",0.421660269146027,0.00289342696375161,0.0617483659428099,0.312751050302872,0.377847498423208,0.418068456721239,0.460117417030772,0.547863012717134,455.434462017829,1.00848794843485
"sigma_rn[4]",0.46370664388433,0.00227503101243445,0.0689193355389154,0.339477811481116,0.415785245590174,0.459262367181661,0.507172136807442,0.611560868101413,917.714346521067,1.00370532128631
"sigma_wn[1]",0.187463163876433,0.00424740810497603,0.0560584117752194,0.0674482835032328,0.152910429902168,0.188151671393963,0.222830118250135,0.302520453564397,174.194161986532,1.01761986701709
"sigma_wn[2]",0.148593751087349,0.00303807250155992,0.0446629407912596,0.0577930960351804,0.119627919120599,0.147684146514004,0.177194476376269,0.239197436770031,216.121694131479,1.0128178120998
"sigma_wn[3]",0.168274141203352,0.00343316784236745,0.0491250640220872,0.0664871305077645,0.137505225023345,0.168833475028395,0.200022918348502,0.264874479888485,204.746358724397,1.01659317053248
"sigma_wn[4]",0.190318355026961,0.00422788927518054,0.0575601470767963,0.0714002059706646,0.153970829824377,0.189954951333203,0.226350874657261,0.30908268968392,185.351702709288,1.0171188226432
"Omega[1,1]",1,NA,0,1,1,1,1,1,NA,NA
"Omega[1,2]",0.413431381448753,0.00673725225799634,0.190255185685089,0.0121053828749604,0.288604616249837,0.430678553952113,0.55073447200963,0.744158855737262,797.457209386221,1.0057707311193
"Omega[1,3]",0.474693784686309,0.00473422495937789,0.176596130627854,0.104642032170394,0.362739972412663,0.484291684124223,0.602006659919448,0.784549783798424,1391.44032589305,1.00184183498784
"Omega[1,4]",0.633671501959122,0.00359584741185928,0.150597061871887,0.297516768098018,0.543485057000894,0.646189098576894,0.741953975741083,0.88502813750927,1754.00363520261,1.00219323005329
"Omega[2,1]",0.413431381448753,0.00673725225799634,0.190255185685089,0.0121053828749604,0.288604616249837,0.430678553952113,0.55073447200963,0.744158855737262,797.457209386221,1.0057707311193
"Omega[2,2]",1,9.64684327272277e-19,8.37516762721222e-17,1,1,1,1,1,7537.31334868913,0.999499874937461
"Omega[2,3]",0.70147897512165,0.00259066195831364,0.146657515557639,0.355151290270553,0.616537341850575,0.723515749602793,0.809610130018069,0.920209163435016,3204.69831010671,1.00055896602337
"Omega[2,4]",0.443697327800055,0.00346460822276775,0.186452640064273,0.03933368695061,0.324701512955018,0.454205174637698,0.576710193754685,0.771047622411426,2896.20174343804,1.00017584110153
"Omega[3,1]",0.474693784686309,0.00473422495937789,0.176596130627854,0.104642032170394,0.362739972412663,0.484291684124223,0.602006659919448,0.784549783798424,1391.44032589305,1.00184183498784
"Omega[3,2]",0.70147897512165,0.00259066195831364,0.146657515557639,0.355151290270553,0.616537341850575,0.723515749602793,0.809610130018069,0.920209163435016,3204.69831010671,1.00055896602337
"Omega[3,3]",1,4.84265460501495e-19,3.73642681549995e-17,1,1,1,1,1,5953.13828678319,0.999499874937461
"Omega[3,4]",0.469807731789469,0.00264177608543628,0.168264614014011,0.107013227865396,0.363150208270916,0.477756890281165,0.591731870627386,0.76032998758382,4056.89323319,1.00105026749873
"Omega[4,1]",0.633671501959122,0.00359584741185928,0.150597061871887,0.297516768098018,0.543485057000894,0.646189098576894,0.741953975741083,0.88502813750927,1754.00363520261,1.00219323005329
"Omega[4,2]",0.443697327800055,0.00346460822276775,0.186452640064273,0.03933368695061,0.324701512955018,0.454205174637698,0.576710193754685,0.771047622411426,2896.20174343804,1.00017584110153
"Omega[4,3]",0.469807731789469,0.00264177608543628,0.168264614014011,0.107013227865396,0.363150208270916,0.477756890281165,0.591731870627386,0.76032998758382,4056.89323319,1.00105026749873
"Omega[4,4]",1,1.80979742241712e-18,6.06228812050908e-17,1,1,1,1,1,1122.05259770623,0.999499874937461
"Sigma[1,1]",0.21136099911205,0.00223954213899604,0.0628998695924603,0.112156695385498,0.168009412162382,0.203059647770795,0.246283177985002,0.359528468301678,788.825630213506,1.00474277962313
"Sigma[1,2]",0.0704694053097431,0.000907757207304745,0.0384255293247708,0.00222094716312425,0.0449462345252631,0.0677641904187418,0.0930207779420149,0.153955476181873,1791.84445063595,1.00359138395614
"Sigma[1,3]",0.0909182060080474,0.000680186259270612,0.0404294019605203,0.0195044183391144,0.063538307538444,0.0878878941403878,0.115761783510111,0.179078741003921,3532.96167081116,1.0013533289231
"Sigma[1,4]",0.134791957370675,0.000910075701821267,0.0476698765676379,0.0553013262649998,0.101632947778842,0.130263690988099,0.162836045754681,0.244547776174338,2743.67721262129,1.00061607655352
"Sigma[2,1]",0.0704694053097431,0.000907757207304745,0.0384255293247708,0.00222094716312425,0.0449462345252631,0.0677641904187418,0.0930207779420149,0.153955476181873,1791.84445063595,1.00359138395614
"Sigma[2,2]",0.145439154124251,0.00285638337170931,0.0500578229328346,0.0692982235475215,0.108775767473342,0.138183186302613,0.173688265040697,0.270740087459438,307.121997081806,1.0082473108781
"Sigma[2,3]",0.113265090150203,0.00140463579964836,0.0416869331077246,0.0448517246588721,0.0838998653864336,0.108228680306173,0.138852749815373,0.205917267971479,880.790100590966,1.00349284742646
"Sigma[2,4]",0.0771374766925996,0.000587588935263055,0.0384592019554281,0.00702167680442561,0.0514658647790805,0.0744205004237433,0.100601717363417,0.161035969648343,4284.03803713652,1.00062400420837
"Sigma[3,1]",0.0909182060080474,0.000680186259270612,0.0404294019605203,0.0195044183391144,0.063538307538444,0.0878878941403878,0.115761783510111,0.179078741003921,3532.96167081116,1.0013533289231
"Sigma[3,2]",0.113265090150203,0.00140463579964836,0.0416869331077246,0.0448517246588721,0.0838998653864336,0.108228680306173,0.138852749815373,0.205917267971479,880.790100590966,1.00349284742646
"Sigma[3,3]",0.18160976666532,0.00268138168622731,0.0537723850218019,0.0978132203447232,0.142768732099092,0.174781234581037,0.211708037466111,0.300153880703495,402.162268114166,1.00976500333467
"Sigma[3,4]",0.0925231063952678,0.000725274443838253,0.0414783299920476,0.0201384909346938,0.064580432429196,0.0890570981049804,0.117474608866545,0.183450074234972,3270.67789272107,1.00106336632588
"Sigma[4,1]",0.134791957370675,0.000910075701821267,0.0476698765676379,0.0553013262649998,0.101632947778842,0.130263690988099,0.162836045754681,0.244547776174338,2743.67721262129,1.00061607655352
"Sigma[4,2]",0.0771374766925996,0.000587588935263055,0.0384592019554281,0.00702167680442561,0.0514658647790805,0.0744205004237433,0.100601717363417,0.161035969648343,4284.03803713652,1.00062400420837
"Sigma[4,3]",0.0925231063952678,0.000725274443838253,0.0414783299920476,0.0201384909346938,0.064580432429196,0.0890570981049804,0.117474608866545,0.183450074234972,3270.67789272107,1.00106336632588
"Sigma[4,4]",0.219773132659243,0.0021379744876216,0.0665621921362931,0.115245184647303,0.172877370451632,0.210921922427745,0.257223576985609,0.374006697682262,969.282107379514,1.00366268330223
"N_sim[1]",0,NA,0,0,0,0,0,0,NA,NA
"N_sim[2]",0,NA,0,0,0,0,0,0,NA,NA
"N_sim[3]",0,NA,0,0,0,0,0,0,NA,NA
"N_sim[4]",0,NA,0,0,0,0,0,0,NA,NA
"N_sim[5]",0,NA,0,0,0,0,0,0,NA,NA
"N_sim[6]",0,NA,0,0,0,0,0,0,NA,NA
"N_sim[7]",0,NA,0,0,0,0,0,0,NA,NA
"N_sim[8]",0,NA,0,0,0,0,0,0,NA,NA
"N_sim[9]",0,NA,0,0,0,0,0,0,NA,NA
"N_sim[10]",0,NA,0,0,0,0,0,0,NA,NA
"N_sim[11]",0,NA,0,0,0,0,0,0,NA,NA
"N_sim[12]",0,NA,0,0,0,0,0,0,NA,NA
"N_sim[13]",0,NA,0,0,0,0,0,0,NA,NA
"N_sim[14]",0,NA,0,0,0,0,0,0,NA,NA
"N_sim[15]",0,NA,0,0,0,0,0,0,NA,NA
"N_sim[16]",0,NA,0,0,0,0,0,0,NA,NA
"N_sim[17]",0,NA,0,0,0,0,0,0,NA,NA
"N_sim[18]",0,NA,0,0,0,0,0,0,NA,NA
"N_sim[19]",0,NA,0,0,0,0,0,0,NA,NA
"N_sim[20]",0,NA,0,0,0,0,0,0,NA,NA
"N_sim[21]",0,NA,0,0,0,0,0,0,NA,NA
"N_sim[22]",0,NA,0,0,0,0,0,0,NA,NA
"N_sim[23]",0,NA,0,0,0,0,0,0,NA,NA
"N_sim[24]",0,NA,0,0,0,0,0,0,NA,NA
"N_sim[25]",0,NA,0,0,0,0,0,0,NA,NA
"N_sim[26]",0,NA,0,0,0,0,0,0,NA,NA
"N_sim[27]",0,NA,0,0,0,0,0,0,NA,NA
"N_sim[28]",0,NA,0,0,0,0,0,0,NA,NA
"N_sim[29]",0,NA,0,0,0,0,0,0,NA,NA
"N_sim[30]",0,NA,0,0,0,0,0,0,NA,NA
"N_sim[31]",0,NA,0,0,0,0,0,0,NA,NA
"N_sim[32]",0,NA,0,0,0,0,0,0,NA,NA
"N_sim[33]",0,NA,0,0,0,0,0,0,NA,NA
"N_sim[34]",0,NA,0,0,0,0,0,0,NA,NA
"N_sim[35]",0,NA,0,0,0,0,0,0,NA,NA
"N_sim[36]",0,NA,0,0,0,0,0,0,NA,NA
"N_sim[37]",0,NA,0,0,0,0,0,0,NA,NA
"N_sim[38]",0,NA,0,0,0,0,0,0,NA,NA
"N_sim[39]",0,NA,0,0,0,0,0,0,NA,NA
"N_sim[40]",0,NA,0,0,0,0,0,0,NA,NA
"N_sim[41]",0,NA,0,0,0,0,0,0,NA,NA
"N_sim[42]",0,NA,0,0,0,0,0,0,NA,NA
"N_sim[43]",0,NA,0,0,0,0,0,0,NA,NA
"N_sim[44]",0,NA,0,0,0,0,0,0,NA,NA
"N_sim[45]",0,NA,0,0,0,0,0,0,NA,NA
"N_sim[46]",0,NA,0,0,0,0,0,0,NA,NA
"N_sim[47]",0,NA,0,0,0,0,0,0,NA,NA
"N_sim[48]",0,NA,0,0,0,0,0,0,NA,NA
"N_sim[49]",0,NA,0,0,0,0,0,0,NA,NA
"N_sim[50]",0,NA,0,0,0,0,0,0,NA,NA
"N_sim[51]",0,NA,0,0,0,0,0,0,NA,NA
"N_sim[52]",0,NA,0,0,0,0,0,0,NA,NA
"N_sim[53]",0,NA,0,0,0,0,0,0,NA,NA
"N_sim[54]",0,NA,0,0,0,0,0,0,NA,NA
"N_sim[55]",0,NA,0,0,0,0,0,0,NA,NA
"N_sim[56]",0,NA,0,0,0,0,0,0,NA,NA
"N_sim[57]",0,NA,0,0,0,0,0,0,NA,NA
"N_sim[58]",0,NA,0,0,0,0,0,0,NA,NA
"N_sim[59]",0,NA,0,0,0,0,0,0,NA,NA
"N_sim[60]",0,NA,0,0,0,0,0,0,NA,NA
"N_sim[61]",0,NA,0,0,0,0,0,0,NA,NA
"N_sim[62]",0,NA,0,0,0,0,0,0,NA,NA
"N_sim[63]",0,NA,0,0,0,0,0,0,NA,NA
"N_sim[64]",0,NA,0,0,0,0,0,0,NA,NA
"N_sim[65]",0,NA,0,0,0,0,0,0,NA,NA
"N_sim[66]",0,NA,0,0,0,0,0,0,NA,NA
"N_sim[67]",0,NA,0,0,0,0,0,0,NA,NA
"N_sim[68]",0,NA,0,0,0,0,0,0,NA,NA
"N_sim[69]",0,NA,0,0,0,0,0,0,NA,NA
"N_sim[70]",0,NA,0,0,0,0,0,0,NA,NA
"N_sim[71]",0,NA,0,0,0,0,0,0,NA,NA
"N_sim[72]",0,NA,0,0,0,0,0,0,NA,NA
"N_sim[73]",0,NA,0,0,0,0,0,0,NA,NA
"N_sim[74]",0,NA,0,0,0,0,0,0,NA,NA
"N_sim[75]",0,NA,0,0,0,0,0,0,NA,NA
"N_sim[76]",0,NA,0,0,0,0,0,0,NA,NA
"N_sim[77]",0,NA,0,0,0,0,0,0,NA,NA
"N_sim[78]",0,NA,0,0,0,0,0,0,NA,NA
"N_sim[79]",0,NA,0,0,0,0,0,0,NA,NA
"N_sim[80]",0,NA,0,0,0,0,0,0,NA,NA
"N_sim[81]",0,NA,0,0,0,0,0,0,NA,NA
"N_sim[82]",0,NA,0,0,0,0,0,0,NA,NA
"N_sim[83]",0,NA,0,0,0,0,0,0,NA,NA
"N_sim[84]",0,NA,0,0,0,0,0,0,NA,NA
"N_sim[85]",0,NA,0,0,0,0,0,0,NA,NA
"N_sim[86]",0,NA,0,0,0,0,0,0,NA,NA
"N_sim[87]",0,NA,0,0,0,0,0,0,NA,NA
"N_sim[88]",0,NA,0,0,0,0,0,0,NA,NA
"N_sim[89]",0,NA,0,0,0,0,0,0,NA,NA
"N_sim[90]",0,NA,0,0,0,0,0,0,NA,NA
"N_sim[91]",0,NA,0,0,0,0,0,0,NA,NA
"N_sim[92]",0,NA,0,0,0,0,0,0,NA,NA
"N_sim[93]",0,NA,0,0,0,0,0,0,NA,NA
"N_sim[94]",0,NA,0,0,0,0,0,0,NA,NA
"N_sim[95]",0,NA,0,0,0,0,0,0,NA,NA
"N_sim[96]",0,NA,0,0,0,0,0,0,NA,NA
"N_sim[97]",0,NA,0,0,0,0,0,0,NA,NA
"N_sim[98]",0,NA,0,0,0,0,0,0,NA,NA
"N_sim[99]",0,NA,0,0,0,0,0,0,NA,NA
"N_sim[100]",0,NA,0,0,0,0,0,0,NA,NA
"N_sim[101]",0,NA,0,0,0,0,0,0,NA,NA
"N_sim[102]",0,NA,0,0,0,0,0,0,NA,NA
"N_sim[103]",0,NA,0,0,0,0,0,0,NA,NA
"N_sim[104]",0,NA,0,0,0,0,0,0,NA,NA
"N_sim[105]",0,NA,0,0,0,0,0,0,NA,NA
"N_sim[106]",0,NA,0,0,0,0,0,0,NA,NA
"N_sim[107]",0,NA,0,0,0,0,0,0,NA,NA
"N_sim[108]",0,NA,0,0,0,0,0,0,NA,NA
"N_sim[109]",0,NA,0,0,0,0,0,0,NA,NA
"N_sim[110]",0,NA,0,0,0,0,0,0,NA,NA
"N_sim[111]",0,NA,0,0,0,0,0,0,NA,NA
"N_sim[112]",0,NA,0,0,0,0,0,0,NA,NA
"N_sim[113]",0,NA,0,0,0,0,0,0,NA,NA
"N_sim[114]",0,NA,0,0,0,0,0,0,NA,NA
"N_sim[115]",0,NA,0,0,0,0,0,0,NA,NA
"N_sim[116]",0,NA,0,0,0,0,0,0,NA,NA
"N_all[1,1]",34.4972371697226,0.093509507313347,6.1221422783881,24.5091433590229,30.403271514739,33.5976281136558,37.7464676847278,49.3752813988844,4286.42569041655,1.00025224487565
"N_all[1,2]",144.227208938649,0.578972398253163,20.1513088350598,106.129217059663,130.643157055762,144.065193496903,157.858832307528,183.764020216838,1211.40900693683,1.00312845724442
"N_all[1,3]",28.5555074732494,0.0579535048015317,4.37500202315958,21.0338846058511,25.6553407586543,28.1054603585269,30.985689559292,38.3235536356354,5698.979638687,1.0001748122168
"N_all[1,4]",266.894496143703,0.556030038026326,45.7755067198878,182.07414262784,236.409806205107,265.940751808165,293.530341451805,365.135699807185,6777.50448090532,0.999862259468181
"N_all[2,1]",35.2136506358125,0.0779974881117963,5.76715240590253,24.6717004793243,31.32821699737,34.9605997600493,38.7109585817041,47.6703713893761,5467.15798310266,1.00084572058355
"N_all[2,2]",85.0675575218028,0.41947257094454,13.2840828137938,64.9026175814535,75.3678143576216,83.1064860144344,92.8033320957193,115.986907412963,1002.89626295203,1.00335180953458
"N_all[2,3]",21.5457033588895,0.0632062031015859,3.36110396845001,16.1312509869403,19.3115035560331,21.1258813359054,23.3917884452454,29.4567132057465,2827.77264271954,1.0006398691136
"N_all[2,4]",238.651415379305,0.584656019838282,40.2065428527136,163.60599836547,212.064907204886,237.463270043127,263.314731411757,324.343660735708,4729.25370400102,1.00057863379302
"N_all[3,1]",39.2645823154693,0.0660245907359583,6.05527185518036,28.8457941412686,35.2508096882395,38.7128450447496,42.75229153339,52.5693248630233,8411.1592569219,1.00063454205465
"N_all[3,2]",139.293809066139,0.179177689148132,17.4192362181312,108.734037655177,127.865682635585,137.991262421916,149.25644128675,177.829231590341,9451.27401807334,0.999964886814111
"N_all[3,3]",38.1436261648049,0.0624412532244748,5.25499489239265,28.4238711323236,34.646027097911,37.9180713065594,41.3977050704246,49.3948734932607,7082.74122273833,1.00073686654068
"N_all[3,4]",225.488196686803,0.525460469948616,36.7241976251351,164.491165264836,200.321533810014,221.159120190976,246.428107069758,308.718005073041,4884.5496880373,1.00061656706183
"N_all[4,1]",53.9856412425316,0.112037537892713,8.50711873432438,39.5868096983348,48.2820389987494,53.0473260688863,58.7755449728463,73.4852974937144,5765.51194180145,1.00026324393362
"N_all[4,2]",231.881589989735,0.341686939060184,29.0010183955457,178.318725601553,213.114856238642,230.558222059596,249.807546139553,292.870726945782,7203.93426110535,0.999981859267335
"N_all[4,3]",62.8617494543625,0.0899845976219585,8.57336769737678,47.0371832326047,57.1794108958799,62.6800475703223,68.0589355731164,81.1339661908841,9077.50595716717,1.00068067826714
"N_all[4,4]",291.71853302903,0.753206534094919,49.4242146759442,211.601978458196,258.453315856797,284.353972523292,318.657267999249,407.40098594335,4305.77564503334,1.00026098924354
"N_all[5,1]",100.408520279789,0.15381519255797,15.4853045124136,72.8161621274953,90.0374283476069,99.3512113471147,109.357176086191,134.988165728068,10135.4032656767,1.00025084154651
"N_all[5,2]",342.003785001066,0.425924720563147,41.4879164108375,267.023914231426,315.131789255565,339.869640574563,365.800806188342,432.926726392516,9488.06288700558,0.999977634417556
"N_all[5,3]",98.9133183515557,0.131531020247821,13.6072670772155,74.4874351327971,89.9563283841477,97.9857147531118,106.848307755173,128.965639175623,10702.5050236917,0.999845408201652
"N_all[5,4]",548.195686558994,0.870008944210935,87.28906315524,394.563197111779,489.819377381206,541.699895964692,597.162494662027,742.395579184675,10066.3547149826,1.00078904169663
"N_all[6,1]",217.855442862972,1.30592407365421,39.0693941133972,145.394393336272,190.063767035838,216.910339131385,244.769533355713,294.412388986121,895.029803073114,1.00398610587951
"N_all[6,2]",549.07904408294,0.754409515888444,69.6021107404428,420.910044258356,502.567940645123,545.686596820273,590.314243561375,699.235262162907,8511.97823846573,0.999922114525986
"N_all[6,3]",163.980739696707,0.252081655395921,23.5135185597185,123.030503076575,148.44075370499,161.817691172174,177.452669343534,216.980669849743,8700.67124654937,1.000447438753
"N_all[6,4]",1126.40264456742,2.04565697016834,184.604423568265,790.378891045179,1003.37051013838,1121.40955421802,1234.25267599996,1519.59802119019,8143.64037980174,0.999750067217243
"N_all[7,1]",119.155133979086,0.191093687089285,18.3193514247125,87.0506056469575,107.108448217741,117.510443078501,129.7383472311,160.612881187874,9190.25385405602,0.999714013413837
"N_all[7,2]",491.824257691706,0.630832167390051,60.4675807290275,381.283879461044,451.09443532882,488.35867001934,527.713137396539,624.974441302035,9187.92676074,0.999992736631718
"N_all[7,3]",144.231617504037,0.200649034068006,20.31805643628,109.013056442459,130.214811307357,142.786063389967,155.826057841234,189.864259636822,10253.9259753752,0.999824748204611
"N_all[7,4]",732.309516433563,2.55280870474607,122.266534138207,535.877045474644,647.870154744012,716.40443660682,801.123192098097,1020.18645636789,2293.92206534198,1.00242434234334
"N_all[8,1]",113.074771877427,0.606638177482796,20.7275455520179,81.7326869902679,97.9066077249933,109.856048088363,124.501986525894,161.137017255392,1167.44459823374,1.00346471188161
"N_all[8,2]",616.093169311434,1.15145977301331,79.3522279784561,466.721682665859,563.266428900902,614.918416756204,665.224194363342,783.957074694537,4749.20273838163,1.00117638851923
"N_all[8,3]",185.274667347524,0.282279852196817,25.5684797007728,137.336304883887,168.282375964309,184.221577378864,200.380243214724,240.460849396345,8204.46088133953,1.0006875152993
"N_all[8,4]",1109.98056367951,5.26333797993137,194.119201298621,748.243769578963,978.469250967471,1107.38497898767,1237.29775832768,1501.5094811818,1360.23665587666,1.00264923081463
"N_all[9,1]",123.127698118158,0.256029203210837,19.9862489509328,88.6624543588609,110.088393850895,121.123329103192,134.276546954729,168.399842777776,6093.73517052729,1.00017921643286
"N_all[9,2]",504.115175654012,0.789684565588719,64.3672811055035,390.196925283029,462.057948501436,498.661205535678,541.172908363476,646.295512909526,6643.8991261359,0.999635522966025
"N_all[9,3]",162.303411191453,0.350415787950456,24.185219554888,121.323990212561,145.689106606555,159.794877285424,175.779330546715,216.767612822724,4763.57205135961,1.00037514020103
"N_all[9,4]",1096.35329124428,6.48299785345343,199.22493514149,715.200681868298,958.297150498971,1093.19399737453,1236.03261279597,1490.02078174654,944.355757851437,1.0042894151072
"N_all[10,1]",120.674830292505,0.2072295971169,18.7318254972166,86.277956833292,108.287680755528,119.701210955118,131.982637426229,160.749351248795,8170.65063833796,1.00050961951524
"N_all[10,2]",461.952552905967,1.09516998537251,60.2563400618758,358.642544771202,420.97073636799,456.320927484982,496.213781664249,600.961062335593,3027.20918844435,1.00002531377366
"N_all[10,3]",185.347226442265,0.315775757326084,25.7620477972682,137.916867127379,167.747636166682,184.715110877566,201.353426194708,240.104294296704,6655.84489141372,1.00024111219031
"N_all[10,4]",674.252564883955,1.38517739937767,108.234420490687,475.138059732054,601.534545279701,670.240736172984,738.732022281146,906.257085428057,6105.48260782466,1.00024954631458
"N_all[11,1]",64.4779832660415,0.190882508821097,11.1809250673498,46.3905699096413,56.9247792029784,62.8661789673053,70.4151876195096,90.8938492600506,3431.01964734502,1.00134670457082
"N_all[11,2]",390.468095862983,0.629250283681928,51.5868483768448,302.97486916862,356.439951408026,384.9957837513,419.184218902206,507.025617263823,6720.95754679812,0.999885435084301
"N_all[11,3]",145.854966471828,0.229620126821973,20.6375352815709,107.861812072078,132.399709730529,145.227121763747,158.124943462141,189.230835614177,8077.84940765768,0.999891657183253
"N_all[11,4]",236.895462602092,1.72695515841602,49.266300063377,165.765312241946,201.462978581605,229.484840623259,263.406268641186,355.542556496565,813.837642408956,1.00565440340451
"N_all[12,1]",115.334627420363,0.216840984275528,18.0620831090261,82.4873518872962,103.113920377919,114.467518049321,126.142429012049,154.298470356012,6938.29774085948,1.00094635745474
"N_all[12,2]",666.58951626334,1.58263327391862,83.9103099286375,504.559265516891,610.703169577912,665.896495276656,720.0124394342,836.218885749837,2811.05967922989,1.0003455978325
"N_all[12,3]",230.167734750843,0.336816186579086,31.9645361477989,172.526337758855,209.42785455364,227.844070561949,248.846140983503,299.80116966157,9006.39321566529,0.999893412836385
"N_all[12,4]",391.52955960742,0.98323684774103,66.8597395741541,281.284495631386,347.469597502101,382.600916665647,427.583728452078,545.626482065046,4623.94936551869,1.00059799605428
"N_all[13,1]",118.444558144877,0.475573021783763,20.8099479606843,86.2973351835835,104.073903430463,115.228649033909,129.715894707369,168.048349972152,1914.73011613924,1.00273014324111
"N_all[13,2]",657.231537155926,0.814586494667009,81.9690978365106,507.647519904733,603.33094202388,652.396595140119,703.091724157493,836.782023504333,10125.7196619667,0.999660970911504
"N_all[13,3]",234.458425646966,0.539025769664163,34.3482536330374,175.598144509027,210.470567128056,231.100970533865,254.381648880953,310.707596659972,4060.60051661327,1.00079400424054
"N_all[13,4]",464.653182380312,0.876410121614568,78.324084771298,331.766817499321,413.45375536655,456.868376672834,506.074793471761,644.184536012668,7986.85662735396,1.00016184348889
"N_all[14,1]",333.837206812142,0.855742395872921,55.751526908615,242.849954462239,295.74163343907,325.810357970097,364.885476402378,464.458981260091,4244.50876833137,1.00000820890843
"N_all[14,2]",1171.04708930622,1.68904004882391,153.524716002156,898.956908029031,1070.65462753204,1159.20954895532,1258.84240489152,1508.80318822245,8261.83868245329,0.999919699471266
"N_all[14,3]",579.53932251783,3.49954955143214,94.5190270411563,402.647166632213,511.438243353558,577.489974979448,645.685780566435,761.68478521561,729.481345435389,1.00559797371323
"N_all[14,4]",1256.28001063673,4.322283488837,211.321183578499,859.854734057061,1110.13432839275,1253.66188834048,1393.86402876841,1683.91946623267,2390.33941708756,1.00222609783102
"N_all[15,1]",556.480311134865,3.59831125790237,100.89153137681,366.751060457581,483.815316296942,554.557254561036,626.878850472383,753.962042604994,786.161864114025,1.00545703251233
"N_all[15,2]",1060.37984122231,1.75336048445718,137.373704411686,804.160643698307,969.547944729841,1055.07101403461,1142.94312507174,1351.8130250962,6138.53575614561,1.00005633878221
"N_all[15,3]",394.398738548744,1.47443645400265,61.3397904087482,296.665692567149,350.929697967568,385.5126753727,431.226219124039,534.612698556493,1730.74248967091,1.00234427824333
"N_all[15,4]",1194.3927227061,2.90747154858194,203.122559021949,862.616312176431,1054.24454119419,1170.5988516707,1309.53042261798,1662.68995120881,4880.73660988809,1.00109190932963
"N_all[16,1]",482.067546343739,1.24990145332568,78.2369454359251,338.842275679548,428.783428980075,480.609696045271,530.045345456443,644.406596654048,3918.07032005973,1.00083644192644
"N_all[16,2]",914.80241285514,1.69592799432821,114.708910340373,695.441709831623,835.642959199883,912.879572419766,989.363767932656,1154.47568744475,4574.87771960199,1.00028467832103
"N_all[16,3]",352.985884928748,0.883856868058235,51.3357973312766,267.522165496358,317.166811996568,347.668390666157,382.505184584417,471.352071737984,3373.46913892459,1.00072337680119
"N_all[16,4]",1090.0834455915,1.83385887106587,177.26517181707,788.348709993404,970.050913189278,1071.76269434145,1191.37317334919,1476.888779531,9343.61663029044,1.00038162380623
"N_all[17,1]",292.456195542939,1.26969478935868,50.6578297254688,214.728229364459,256.028345992675,284.529853730907,320.363555318677,412.576997744389,1591.82193585174,1.00212891624417
"N_all[17,2]",562.531793510623,1.57061806245237,76.7218338462929,436.626677248492,509.76155081439,553.508869126254,605.510811470444,741.592905362427,2386.14469057936,1.00076858764722
"N_all[17,3]",265.927656104497,0.433339274041243,37.6554631594017,200.514169580357,240.87410786446,262.690086475788,286.96121371222,349.418213921988,7550.92027124926,1.0000014011705
"N_all[17,4]",850.468382445265,2.03245391986871,141.489604944171,593.655415175875,753.817275201744,845.999899519158,939.262678603415,1147.5741211665,4846.27051003803,1.00143672698835
"N_all[18,1]",432.388808018451,0.859166021951637,69.7159079280504,315.350932555764,385.559595115042,425.066943778382,472.286402700247,594.262594961464,6584.29967051584,0.999619716487577
"N_all[18,2]",703.101140054752,1.68186608810556,94.0561925011456,543.482347517173,638.013828881322,691.751130747056,757.478880620477,919.782879825299,3127.46141538422,1.00099578928892
"N_all[18,3]",440.050208694388,1.8377632907924,67.3660427434003,312.258331459454,393.12379107809,439.538211143142,486.535532199887,572.688465635166,1343.70189141892,1.00315748306226
"N_all[18,4]",913.188573609523,1.63059956580708,148.446203680881,651.850826063245,818.407068702138,900.125778595562,998.470948604489,1240.99441454908,8287.8817578628,1.00019123466095
"N_all[19,1]",562.282128361639,1.07532078933979,88.9859476087128,397.633547419922,502.985413079643,558.775148464905,614.144883502289,751.390808645202,6848.04766998928,1.00094317147039
"N_all[19,2]",806.583346630847,1.07256998588093,101.305385672617,627.581865374556,739.380004009812,799.059887096724,865.340146786535,1031.08754951963,8921.00512719553,0.999802828809064
"N_all[19,3]",441.956413450629,0.659242754404325,61.5173265941757,326.4012108252,400.718887184776,439.713475675399,480.175611494197,572.465503616302,8707.7144113387,0.999877573962289
"N_all[19,4]",952.492183040761,1.78046655863728,154.533670698226,676.478013929364,850.261678931772,943.912267991913,1044.38128845948,1287.51423473908,7533.184416878,1.00002248516863
"N_all[20,1]",530.0313856874,1.7594876047307,86.9123681699535,365.138384906843,471.320554214328,528.648166735531,585.153157997093,708.819667704331,2440.00515562909,1.00272482013918
"N_all[20,2]",811.494395362457,1.36035195566746,103.184916473807,622.563808671844,742.094659199191,806.752319724264,874.029777213866,1035.91124855473,5753.47013751024,1.00055204482594
"N_all[20,3]",369.387301704422,0.641387518010399,52.0856806113831,274.113137826181,334.895489656525,367.392075067122,399.973700585998,480.821278329802,6594.70964894652,1.00079063017222
"N_all[20,4]",735.03254999518,1.21604315572019,119.907724062022,528.392806847173,656.442469968172,722.947083377632,803.071377901092,1007.22199825347,9722.91175650561,0.999870723332614
"N_all[21,1]",217.941726140315,0.487313255029541,35.4290823943672,153.428627639727,194.061559556346,217.176312746755,239.140621744351,293.004216319901,5285.71033919911,1.00026221098527
"N_all[21,2]",409.882712806975,0.648585157069511,52.403909227012,317.415708199707,374.691697609448,405.753174730092,440.507763300491,524.787096380357,6528.19863347477,1.00049052811533
"N_all[21,3]",134.673910484488,0.588854803628957,20.8417947856466,101.400396379773,120.078755512225,131.781318713096,146.623949501676,182.563653318514,1252.71935182677,1.00191187275197
"N_all[21,4]",298.147667805583,1.17892651733266,52.4999059350192,214.76096459151,261.0155948983,290.803094540164,327.465521691109,420.437592689785,1983.09526669916,1.0015099229568
"N_all[22,1]",136.662134164214,0.721346261550805,24.6128542047264,99.4342516896405,119.147560076288,132.762657933936,150.331633490789,194.876571665438,1164.22357033694,1.00401173859545
"N_all[22,2]",435.554969340863,0.930860989799989,55.6355467202276,330.104804960402,399.511801262714,433.895382175131,469.732319080856,550.779750530949,3572.19418712872,1.00156382653558
"N_all[22,3]",130.071330751403,0.205790970175971,18.705660481792,98.023136380207,117.430166629222,128.230794309629,140.536212756683,171.760285423919,8262.15742366069,1.00025171365966
"N_all[22,4]",287.677315683629,0.567726701522173,46.9666061086565,201.768772267807,255.466487850013,286.266361385858,315.869683498854,386.423019601128,6843.83791812421,1.00167193170307
"N_all[23,1]",155.825106036139,0.38394543793126,25.8583433958712,113.351148158142,138.543834226612,152.713604803668,169.923040055227,215.669687953622,4535.88853655521,1.00060180659935
"N_all[23,2]",451.279335421039,0.588795497555771,57.2894825219806,347.004609598446,414.126188481324,447.561116215742,484.812066803247,576.430308158613,9467.1844401594,0.999674481387933
"N_all[23,3]",159.712595647079,0.237729419100364,22.2070181842884,117.270359903554,144.992878934042,159.016360835409,172.88006872058,207.330210318012,8725.98853588796,1.00002543709814
"N_all[23,4]",263.454730495639,1.06913987088568,46.8533122397247,189.724864060706,230.323776329926,256.800443365472,289.099339550304,373.074329786826,1920.48776603911,1.001530310394
"N_all[24,1]",296.019418221753,0.487843403389606,46.2936897660291,214.032902923307,265.343177206912,292.008107507385,323.594893203606,398.12834447673,9004.9793275765,0.999717451606194
"N_all[24,2]",548.383741234438,0.779823668061314,68.9229679061578,424.770618330345,503.738337492106,543.699735313635,587.969819889006,697.507831365266,7811.51222205325,0.999821033769373
"N_all[24,3]",228.009093740131,0.928605984847442,33.9842746829434,164.367708145558,204.842444753485,227.379014180775,250.134231758597,296.502754663474,1339.3468294407,1.00262592619986
"N_all[24,4]",520.361191605818,0.816136925413138,83.5615225421262,373.132251102469,465.303112668887,514.818920396164,567.792724788098,705.007837506424,10483.0252972755,1.00012559461049
"N_all[25,1]",367.733637485473,1.19566085268193,61.1464559214592,252.306346127927,326.29687930044,367.607338199808,406.989799670207,492.724111664589,2615.33038820025,1.00134667599265
"N_all[25,2]",418.846130401872,1.25598238477905,58.058654034541,325.065192163821,378.256577213272,411.190149611186,452.635003247987,550.123282460865,2136.81453892373,1.000261552119
"N_all[25,3]",149.00424416391,0.33382244646219,22.1624213452996,111.763816905676,134.110174797348,146.298983545338,161.473620776379,198.546033753827,4407.61186403923,1.0013306756863
"N_all[25,4]",632.136303133207,2.6194855834751,107.758811913123,429.05216194807,557.887549466608,631.6661965555,703.393722251447,850.375712066074,1692.28522871877,1.00158358810005
"N_all[26,1]",229.801240862726,0.358999823050567,35.9147372969048,165.529367598337,206.316028345418,226.604598026905,250.706062877333,309.903957175982,10008.2217444532,1.00019530150546
"N_all[26,2]",414.445616509215,0.518231868361167,51.720425097352,321.081052915307,379.944034697198,412.080738461393,444.573495785381,524.923502119098,9960.38072516265,1.00020395438565
"N_all[26,3]",118.79592441841,0.248541710931897,17.329755740284,89.4953167778904,106.879868035863,117.042495414817,128.618566284316,157.919488434185,4861.67939348021,1.00097628684563
"N_all[26,4]",360.601827742904,0.862805206956889,58.9870494797787,264.989906718086,321.237969258359,352.983504639072,392.689339975743,499.203045992123,4673.99057211077,1.00070927177869
"N_all[27,1]",230.480606471841,0.372570568225885,36.1150567305581,165.738934413605,206.381939702925,228.224753654612,251.631039595248,310.299398335126,9396.35712330819,1.00054238737713
"N_all[27,2]",487.478107668885,0.87443913105398,62.0272199669056,381.758614790239,445.540333823294,480.20530161642,522.707677554492,628.923167356454,5031.59254992041,1.00062940193251
"N_all[27,3]",141.44898373592,0.215497934446601,19.6058842307731,105.629624110234,128.519670045308,140.743834447059,153.296265611479,182.147774837271,8277.26089536057,1.00092156275928
"N_all[27,4]",360.157293032312,1.09265597275275,61.2061019960805,261.346689408253,319.020868516258,351.58535005485,393.970233618184,499.567388295531,3137.78046755532,1.00072583724984
"N_all[28,1]",267.625599546893,0.635516227239839,44.1356823720331,195.147052834289,237.72790579334,261.669725974672,291.938581387996,372.006771953041,4823.10150990503,1.00105405312296
"N_all[28,2]",744.794516124956,1.81945707285587,94.747395638868,561.824250754168,681.418626977766,743.775348210299,805.202646372322,940.773293253,2711.7580321953,1.00131026784092
"N_all[28,3]",174.924747901449,0.265903524168374,24.9597497549712,130.157193286913,158.355306729585,173.61489198978,189.383687236596,229.09207954006,8811.14335191044,0.999698472940699
"N_all[28,4]",564.592352432563,0.980967183252742,91.6818204520061,400.881277796774,504.110371613172,560.834183526149,617.444818373207,762.874679928339,8734.8911694171,1.00003767817239
"N_all[29,1]",275.856605370577,0.491820246456234,47.5027787576198,191.568542402154,244.082765624298,273.476908278357,304.093196595767,380.653336656049,9328.78800999049,0.999754692091451
"N_all[29,2]",663.241919667423,0.9452692266948,88.8819211710735,498.925724082098,604.831294797071,659.454763123758,715.915561818755,854.170570171883,8841.29389424496,1.00013928960889
"N_all[29,3]",136.242521252351,0.323554979529318,21.6396423204369,100.717900215182,121.8660137899,133.33882201479,148.083215196264,186.79024457018,4473.05234155444,1.00116070087419
"N_all[29,4]",581.369643352605,1.12443712209993,104.29521386322,406.487123526154,513.350374122191,570.786378485459,639.969046355541,828.560368753901,8603.16808587744,1.00007916470561
"N_all[30,1]",330.696252047122,1.93007912225025,177.600759912504,110.590882816715,210.815030770298,292.971459232345,403.572009644299,764.858788446235,8467.1921091521,1.0002040773314
"N_all[30,2]",761.927171931897,3.69162612339176,327.303729076349,312.872232619993,534.405203849362,697.361960561687,921.055170487652,1570.85256052467,7860.79527345497,1.0006884133221
"N_all[30,3]",159.05044538197,0.859874255568541,75.926902257627,57.3340303727942,106.46465700989,143.900767110284,194.54127321415,342.177534087053,7796.89112771997,1.00120643520977
"N_all[30,4]",668.672660315787,3.98820364581902,366.338595723901,216.580772696064,421.2081800909,590.301613206239,816.882189308052,1551.2675531046,8437.44005398274,0.999818879993905
"eps_all[1,1]",0,NA,0,0,0,0,0,0,NA,NA
"eps_all[1,2]",0,NA,0,0,0,0,0,0,NA,NA
"eps_all[1,3]",0,NA,0,0,0,0,0,0,NA,NA
"eps_all[1,4]",0,NA,0,0,0,0,0,0,NA,NA
"eps_all[2,1]",-0.123697681854285,0.00947865032972705,0.489265158795142,-1.15362335414512,-0.434028551623093,-0.0851672592060062,0.199001440183292,0.770789565177618,2664.37638509067,1.00161824382961
"eps_all[2,2]",-1.66175117805767,0.0157913569522849,0.626276673352254,-2.85373372347464,-2.08130390896412,-1.68198584025997,-1.27136834269603,-0.345542652882957,1572.87268691066,1.00295307460151
"eps_all[2,3]",0.301612130314447,0.0091806625054956,0.720779024153352,-1.11968675937443,-0.174468886739652,0.311408085413813,0.772813280745182,1.7036950807584,6163.90922321264,0.999998131986226
"eps_all[2,4]",0.0868446579720955,0.0096495161409171,0.733904971803187,-1.34794748239757,-0.392056435737193,0.0859097073542488,0.580991295098384,1.52958450474202,5784.53676679433,1.00110940153071
"eps_all[3,1]",0.0894020943158599,0.00643889772238869,0.451763145826369,-0.773708715727342,-0.20160257129912,0.068423428311494,0.373265397911189,1.04318616203951,4922.64530673657,1.00067494351576
"eps_all[3,2]",1.2793550879416,0.00703554415420971,0.548057375222615,0.153185429565308,0.938930223615184,1.29700595507659,1.64329918661614,2.32614657199841,6068.15501998305,1.00005343004282
"eps_all[3,3]",0.739175285447356,0.00803191994938949,0.702818446175526,-0.676894561865696,0.286625531361712,0.751991254761888,1.19114272473283,2.11389991503721,7656.80452947283,0.999817680175236
"eps_all[3,4]",-0.732918637905803,0.0110268549198334,0.726344730485403,-2.09659139320494,-1.20809747504829,-0.771671083430228,-0.271974519349844,0.774182609658786,4338.92615716935,1.00028004227335
"eps_all[4,1]",0.548017587363874,0.00545733051519541,0.443859133899364,-0.29871122807522,0.267285246696265,0.529079895821815,0.822410244389956,1.46178826698456,6614.99939484053,1.00149240891265
"eps_all[4,2]",1.12626561570727,0.00637972123780294,0.537540036531594,0.0323077515617846,0.791979078086914,1.11899202804921,1.46077728760252,2.18095165177045,7099.34411831986,0.999906467837404
"eps_all[4,3]",0.287147230430072,0.00811932552654133,0.690244242261192,-1.06258490641215,-0.14460557524358,0.279706041237744,0.727554381508895,1.66798108339245,7227.12685111501,1.0001544729655
"eps_all[4,4]",-0.13463922654284,0.00738736024056398,0.701890627377989,-1.54737682544524,-0.595389170656809,-0.114573763559386,0.317807595562634,1.28135694007838,9027.35104151272,1.00023575209157
"eps_all[5,1]",1.22078867439531,0.00494896757197724,0.452418399466057,0.351848700272453,0.922697346805758,1.2065188100515,1.50134067819074,2.18183602972172,8357.01731065468,1.00055756772052
"eps_all[5,2]",0.461079708422862,0.0076896665405205,0.556873811757642,-0.661305884309495,0.105722800835836,0.466600766646377,0.811634227231074,1.58321160467571,5244.43340489354,0.999984292460356
"eps_all[5,3]",0.183039710104615,0.0087924637800991,0.692448894513001,-1.19903840989793,-0.288993374090565,0.198157829817548,0.639037489494338,1.53726595523888,6202.32153269178,1.0005177156585
"eps_all[5,4]",0.582070520264595,0.00760394742273724,0.708505449836322,-0.882700370113403,0.144840353545589,0.595424835006633,1.04587646949023,1.95004594088748,8681.76807332185,1.00011038790707
"eps_all[6,1]",1.53959769011955,0.00572936486857375,0.46376114242793,0.604650004788137,1.23876838417995,1.54940947658737,1.84309742326348,2.44116850517246,6552.02812469179,1.00047759851271
"eps_all[6,2]",0.557099325755707,0.00770384480398533,0.562562570018036,-0.576130636988643,0.193310461601944,0.563112116034938,0.922746842194259,1.67061822327904,5332.44783641796,1.00054727924317
"eps_all[6,3]",0.0738100841983994,0.0101196913558227,0.701978191605862,-1.27651306200866,-0.395415150409689,0.0582956641232022,0.526579067063942,1.52660218416286,4811.85693125887,1.00168638342309
"eps_all[6,4]",0.560719729477544,0.0102096563030548,0.723007408196753,-0.883322535211439,0.0868715384104488,0.569663057319572,1.03409157696477,1.97034817597962,5014.91123070238,1.00095722645084
"eps_all[7,1]",-1.48357041492981,0.00732660992817506,0.476798155767561,-2.36734234837475,-1.79744597301292,-1.51111741888171,-1.18087286141193,-0.476286864644637,4235.09340897931,1.00020371215145
"eps_all[7,2]",0.204404984505785,0.00904016775456058,0.562359464624669,-0.87300651538789,-0.175255293571814,0.189311208763503,0.564827013022511,1.35573964138373,3869.6798716067,1.00109120560965
"eps_all[7,3]",0.247654546690201,0.00918640622537403,0.704803067901071,-1.13882799888159,-0.218490292446207,0.242484741720528,0.721511333378026,1.63640400716482,5886.3255746224,1.00144013688861
"eps_all[7,4]",-0.0408302120261719,0.0102775023162108,0.724207940095327,-1.41845304273989,-0.527377779568846,-0.0709269875485845,0.398433658281835,1.49157712630749,4965.36750133795,1.00081227846443
"eps_all[8,1]",-0.283713252107651,0.00805338456900843,0.462645526334015,-1.15298400191568,-0.588350207474659,-0.315407224864302,0.0189442096185573,0.678613450037321,3300.19694223217,1.00166630301887
"eps_all[8,2]",0.63476989794356,0.00668312256456489,0.533494903711279,-0.442105425187425,0.295651137824657,0.627373076431182,0.974523550772196,1.71620592568743,6372.3804772589,1.00094625002208
"eps_all[8,3]",0.372768035036575,0.00852094921108339,0.709082954431829,-1.0662153027503,-0.0686281321262851,0.374027736641738,0.825049196749818,1.77958796679519,6924.97384837507,1.00041765487978
"eps_all[8,4]",1.18290164300793,0.023112420251719,0.744502338635593,-0.357264911090125,0.712859056685034,1.21003514968455,1.69065061226019,2.51153808048486,1037.627041384,1.00382459888395
"eps_all[9,1]",0.0206452926943391,0.00754701116042785,0.455502958738467,-0.933942453309077,-0.262463482786581,0.0475683396944318,0.331564094359097,0.851309505158541,3642.77561025619,1.00109696169875
"eps_all[9,2]",-0.76031875160292,0.00655092670383592,0.52870650982685,-1.77160535050519,-1.0984785692104,-0.778814675593954,-0.436464164100115,0.335245487004973,6513.6412448136,0.99991652117728
"eps_all[9,3]",0.00484961332580306,0.00868787602178272,0.691975600112626,-1.27381700262496,-0.451507455559932,-0.0282739921495843,0.444083333354719,1.48106398272616,6343.8708418991,1.00093537054114
"eps_all[9,4]",0.0532484619099703,0.00690177029283595,0.684881326197889,-1.32922578461464,-0.391936500572322,0.0493382517347741,0.497510620310098,1.424635923857,9847.12947565922,1.00003584228868
"eps_all[10,1]",-0.216996760790514,0.00666649316789601,0.448155405454801,-1.17832643462071,-0.492642201593728,-0.192316345522964,0.0794355415041445,0.612498912865099,4519.20873745031,1.00116578783051
"eps_all[10,2]",-0.323676647694422,0.00634970066198756,0.52007619416071,-1.34126787566927,-0.656274943957033,-0.345541355022506,-0.00820250568700255,0.754877591467356,6708.53122289778,0.99983898865387
"eps_all[10,3]",0.740560256476635,0.00876248412067532,0.707636776113334,-0.687929578496539,0.293752862490074,0.764197241124616,1.20107683187025,2.14974492598425,6521.78237256122,0.999842143173547
"eps_all[10,4]",-1.35695624317833,0.00989266703309851,0.722276225228247,-2.74974609726305,-1.83735139610645,-1.3694813922618,-0.907284455362191,0.128080003732045,5330.64615891108,1.00010001228877
"eps_all[11,1]",-1.56121727301644,0.00547429800200409,0.476350529370285,-2.49382054961315,-1.86858590376402,-1.56628170991732,-1.2559317689245,-0.598855810949212,7571.75292396314,1.00055983427694
"eps_all[11,2]",0.0510439678397272,0.00915523549546785,0.595162124650766,-1.1068737744373,-0.325645681209718,0.0362097126673323,0.428020900618241,1.28447140525535,4226.01983518246,1.00131824813278
"eps_all[11,3]",0.0599796035789972,0.0120300814132008,0.761030182464272,-1.37867027707598,-0.437634346687881,0.0392780043292853,0.531311660589001,1.64201911874514,4001.90366187426,1.00033696134125
"eps_all[11,4]",-1.87344108036438,0.012480742688227,0.759329055357152,-3.26384478283509,-2.37939450729295,-1.93692150788965,-1.39947602209958,-0.24655302533685,3701.51213411691,1.00100775900726
"eps_all[12,1]",1.12775307500893,0.00528125383341431,0.452708369602672,0.188898762873918,0.845792285146754,1.13801910686671,1.41847501374025,2.01449500982573,7347.89538454616,1.00075609074406
"eps_all[12,2]",0.918844501291999,0.0084401493799286,0.554006590556751,-0.230700506271874,0.574664438974834,0.945192800755158,1.29325817995327,1.94765027671672,4308.53471073875,0.99973697546774
"eps_all[12,3]",-0.124665336322325,0.0100913528323616,0.700106198815035,-1.48340356810526,-0.600144581635549,-0.139863952317846,0.33152017368713,1.27535773513062,4813.14631311406,1.00114341300928
"eps_all[12,4]",0.127025598516922,0.0108538591740599,0.727743039800097,-1.38706454930709,-0.323723010294131,0.152381555366801,0.618343413835,1.47061355153497,4495.60096896798,1.00082398375775
"eps_all[13,1]",-0.0937786156005155,0.0130012752564875,0.476687456706577,-0.949772933902529,-0.425441002597976,-0.133152443577627,0.207768385563161,0.941315306748343,1344.29796895163,1.00369603043181
"eps_all[13,2]",-0.156586850014401,0.00559598463204477,0.515803292549549,-1.17088049243785,-0.476800214437848,-0.172103226521638,0.164231741226389,0.886344828861598,8496.01350032506,1.00038509659688
"eps_all[13,3]",0.0586218618126941,0.00737102152254374,0.668706676221297,-1.29990951391535,-0.359262905252715,0.0741026411716512,0.495740827078059,1.3728659759681,8230.30556842232,0.999736730225741
"eps_all[13,4]",0.518472330509137,0.0135102043889173,0.705142362983208,-0.980039045992336,0.073066274497692,0.561667441614368,0.996895552143777,1.81294265738372,2724.1422048487,1.00272064679729
"eps_all[14,1]",2.14831119108806,0.00837772809036859,0.503851851017155,1.2071378448593,1.81273260635712,2.1164033290738,2.47033224304445,3.21780233435093,3617.0390326164,0.99989197607397
"eps_all[14,2]",0.561472472009474,0.011280935843951,0.667125427115846,-0.828459101834846,0.140925937891726,0.583766450697797,1.01072167550047,1.8366059214818,3497.23429872184,1.00052489846729
"eps_all[14,3]",0.94678904973202,0.0237258968102039,0.855520625506553,-0.826621572339313,0.396666744872958,0.999191574125765,1.55172952803229,2.51131069775633,1300.21656323885,1.00139149201592
"eps_all[14,4]",0.669188394841136,0.00980079132869665,0.750504283655373,-0.92914578224102,0.187551523945149,0.708839917621267,1.17638556168323,2.06581200989075,5863.86638168033,1.00058616334062
"eps_all[15,1]",0.951198583665082,0.0132041973672149,0.541802962845707,-0.204904794261357,0.609156239127331,0.981185327493117,1.32873125864031,1.92434087139029,1683.67683553072,1.00120379401342
"eps_all[15,2]",-0.915144495512805,0.0112719310789776,0.61266721202615,-2.20374538368715,-1.30091869857173,-0.889635375008235,-0.497450893851666,0.202480114677934,2954.2866264669,1.00151064888851
"eps_all[15,3]",-1.43195072244639,0.0331024205416265,0.859080307138504,-2.96441904060548,-2.04781444045615,-1.462424856215,-0.868185632908942,0.354798225814648,673.516165454765,1.0054115751696
"eps_all[15,4]",-0.630310627823863,0.0264239321243224,0.786484266786251,-2.23508547351751,-1.14612776985691,-0.641086175433244,-0.112073355800006,0.963407414785342,885.900992440884,1.00545831664936
"eps_all[16,1]",-0.470400023061198,0.0067668290973393,0.448108232328169,-1.32610052832843,-0.763802765333073,-0.487600949554471,-0.192944221994292,0.472649153050982,4385.26082078154,1.00057058910396
"eps_all[16,2]",-0.417965235729264,0.007168343362093,0.530560667367855,-1.55315951942543,-0.740832775831101,-0.387968386377019,-0.0761528806605064,0.589400449649297,5478.13211832183,0.999941516224441
"eps_all[16,3]",0.0586329083407294,0.00684220647837931,0.662280826954061,-1.26650818983569,-0.358817597437597,0.0635276348978895,0.486677225898555,1.37507859768102,9368.97355578374,1.00044540682236
"eps_all[16,4]",0.135509318449381,0.00899450906677896,0.68903776060494,-1.2898100350871,-0.313406671320896,0.147849882450071,0.599593915421264,1.48620013448831,5868.55416917738,1.00049431763721
"eps_all[17,1]",-1.26714298427296,0.00909686495532473,0.487455459926722,-2.1589728667592,-1.59980811338848,-1.29805140111894,-0.953776085362288,-0.238666237754235,2871.35165121492,1.0011997927059
"eps_all[17,2]",-1.04809418310882,0.00786493874625522,0.56562682075404,-2.12203160401414,-1.41548832821114,-1.06976644211771,-0.684488368853659,0.0926049817348785,5172.12842420495,1.00003005042098
"eps_all[17,3]",0.561261881187329,0.0142996863305583,0.723199984492818,-0.877637806988688,0.0843505545634055,0.564568512599475,1.03135455415637,1.93740389169117,2557.78357404842,1.00119411491247
"eps_all[17,4]",0.484457242617201,0.0219167048696948,0.766115728310351,-1.06880060558156,-0.017476325533521,0.505232140123928,0.992473251479895,1.91772403006603,1221.90723982937,1.00525050258407
"eps_all[18,1]",0.702246597202668,0.0054702611222865,0.451908595496832,-0.215636044023439,0.413344286344634,0.719991017328149,0.994138183783698,1.5745845962935,6824.72392812859,1.00068365557553
"eps_all[18,2]",0.172272815221531,0.00682674288773365,0.544080622935837,-0.953006083503996,-0.150489097504532,0.191802064607156,0.515213585911666,1.22877124054189,6351.83817471451,1.00043571413419
"eps_all[18,3]",0.94082826818185,0.0119850844560185,0.683266348720982,-0.472607496078636,0.509130007371364,0.968854350482125,1.41135369587956,2.21444243052879,3250.10855222891,1.00045641282469
"eps_all[18,4]",-0.642858271032179,0.0123812071363582,0.721644848525716,-2.00484572475062,-1.11196363567513,-0.669070220580738,-0.193990406874899,0.858674534880534,3397.19951005709,1.00039878040741
"eps_all[19,1]",0.413223909755729,0.00563229990359185,0.453493877896099,-0.51049304470064,0.134251829988972,0.433366098216085,0.696355751410955,1.2939292938713,6482.92972249801,0.999873903016654
"eps_all[19,2]",0.0505619730685446,0.00664763780428284,0.517302631345362,-1.00189659701725,-0.27491114615389,0.0620437143502158,0.384346583553047,1.04618611311316,6055.56509752169,0.999973478027835
"eps_all[19,3]",-0.506843532789827,0.0122327956116343,0.678675726394247,-1.79788637660794,-0.958149397079565,-0.532113834663031,-0.0755876528662858,0.885336761739728,3078.03244871532,1.00168793217215
"eps_all[19,4]",-0.321893774149873,0.00721657251046282,0.694197320019925,-1.73627010740793,-0.762255290044777,-0.305102341834291,0.119967203466571,1.04193844105121,9253.45476131984,0.999733919468991
"eps_all[20,1]",-0.308487409915447,0.0063419841334652,0.458304914185994,-1.2651379350353,-0.597840413920052,-0.282972921252267,-0.00606318280821898,0.549501407011976,5222.26283169143,1.00025364570684
"eps_all[20,2]",-0.0126383470344649,0.00610665836945955,0.533086018411661,-1.10744618939652,-0.346290506072016,-0.00758429284176681,0.327151255347373,1.04810067646324,7620.56786855764,1.00063913132186
"eps_all[20,3]",-0.638690967695483,0.00776390690963231,0.673301595036594,-1.98299587992844,-1.08396633735671,-0.635876096444722,-0.200560495162793,0.695392452643617,7520.70662482183,1.0001622388031
"eps_all[20,4]",-0.524844847160582,0.00769034481951671,0.696307536341375,-1.91104768662219,-0.971150671535089,-0.538008488205154,-0.0795562103334443,0.880450813959115,8198.05004513516,1.00012873163868
"eps_all[21,1]",-2.14834536113429,0.00705521814388074,0.506377059892747,-3.23406001613017,-2.46082000330676,-2.12673877654834,-1.81459421109822,-1.20113095772152,5151.42228969108,1.00076766523066
"eps_all[21,2]",-1.21335947106745,0.0113038471732716,0.665288264208127,-2.44838252840724,-1.66107046033982,-1.23719395794324,-0.803554811004295,0.206264585721356,3463.91455327912,1.0004501075121
"eps_all[21,3]",-1.26182281361364,0.013331144638526,0.784541096661584,-2.72856258439075,-1.80354528045065,-1.28576307297418,-0.763205470817619,0.382172347286847,3463.35105892281,1.00089287454299
"eps_all[21,4]",-0.376914670172298,0.00835325973988764,0.766574325497565,-1.8534793868812,-0.887954558176018,-0.386944186708617,0.123691248782339,1.1772747091378,8421.63796182246,0.999918592283709
"eps_all[22,1]",-1.20029314639456,0.00987238492091439,0.499470596299053,-2.14621165288543,-1.53557169328353,-1.22153483583146,-0.884522284590803,-0.159369442175887,2559.6211673329,1.00134886910745
"eps_all[22,2]",0.549397323107509,0.00765433856405181,0.559555037027387,-0.574808268110544,0.191029086001075,0.541601901069221,0.916704944542285,1.64277285453453,5344.04717602896,1.00035453512021
"eps_all[22,3]",0.0334927145256936,0.00935816886181797,0.704154045004152,-1.41353215786839,-0.413731633323181,0.0670915896254848,0.487002568254907,1.39291915428706,5661.78797772826,1.00108509580654
"eps_all[22,4]",0.6987106304546,0.0190065589663609,0.746224353548562,-0.827901791712244,0.215185184510144,0.728945191274984,1.21110714046854,2.09909614898809,1541.45851878573,1.002140447775
"eps_all[23,1]",0.125948805951455,0.0053789849234052,0.447233922950975,-0.792907354594961,-0.154622604070216,0.147133392611111,0.419834888953943,0.980323479189003,6913.0360430463,1.00058554551272
"eps_all[23,2]",-0.109545650985989,0.00629204383584423,0.537337939949727,-1.18437533897898,-0.440029384381334,-0.121360816476741,0.225853065803812,0.965008670467962,7293.08932357555,1.00035307415802
"eps_all[23,3]",0.527931457069463,0.00833075446923662,0.682897756150622,-0.884628960770516,0.0998568152778796,0.54406271727871,0.979604082412679,1.82116444274147,6719.5888671537,1.0001529647491
"eps_all[23,4]",-0.412701047050954,0.0218758104179497,0.736319796233097,-1.71544909256122,-0.932336935335227,-0.462535636937646,0.0575399524529844,1.15276165414656,1132.93410745405,1.00263619590636
"eps_all[24,1]",1.26332011805283,0.00510613175382417,0.462249789090536,0.369291324949277,0.970090912626355,1.25648467359103,1.55824656612676,2.18281374934729,8195.38593128618,0.999707980705896
"eps_all[24,2]",-0.174498078622009,0.00883973527804051,0.575689527177191,-1.37177760857373,-0.546629842597299,-0.155200010948381,0.22401057260413,0.915439959030255,4241.29166395582,1.00061182366305
"eps_all[24,3]",0.260427174442141,0.0147388095809849,0.727316368917144,-1.27134189540031,-0.189238682878723,0.277396590851967,0.745574846149208,1.60257680975717,2435.12863564924,0.999942305923529
"eps_all[24,4]",0.840678777898446,0.00848104315724068,0.704305484973189,-0.628958802879778,0.391009304370142,0.868792478599702,1.29952905467076,2.18670101441209,6896.41828710917,0.999821557891191
"eps_all[25,1]",0.304531225079726,0.00743961335154455,0.473067336885458,-0.710096436684333,0.0169749557839068,0.333493186507718,0.606093806143113,1.19339294674619,4043.38593249649,1.00025953126509
"eps_all[25,2]",-1.1145486850222,0.00660362942724618,0.541611497191725,-2.18801111134594,-1.46362529829289,-1.11098907576754,-0.778311373014087,-0.0261907743104893,6726.828590861,1.00020063364625
"eps_all[25,3]",-1.01361488419896,0.0100042826435086,0.711154715389242,-2.3686604531671,-1.47948022985535,-1.04217521460171,-0.564372958151378,0.473294951537884,5053.08125628793,1.00146750834917
"eps_all[25,4]",0.63642328019463,0.00852644274330402,0.728143763425065,-0.842422368716813,0.178130147477267,0.653583840285459,1.10634768550866,2.04574969849642,7292.87060639175,1.00005239055849
"eps_all[26,1]",-1.2010828615826,0.00536205384982805,0.470559750614978,-2.11090950530119,-1.50086141331845,-1.21460547540226,-0.91305962462682,-0.233762889495211,7701.35621699585,1.00050856852934
"eps_all[26,2]",0.351464993332432,0.00895298828999243,0.582340261471819,-0.841153838686519,-0.0168794190432007,0.350279651909918,0.727931313131209,1.48750510734518,4230.75232053546,0.999860994467943
"eps_all[26,3]",-0.468939857855571,0.00882922809566044,0.703879590335992,-1.86978374644425,-0.925522932927986,-0.455503603567104,-0.015870168140455,0.908028062875037,6355.52266754211,1.00033805304125
"eps_all[26,4]",-0.676061661016073,0.013489711582352,0.740672835394196,-2.02348675748772,-1.18024696651612,-0.724526547956725,-0.219667719412794,0.897653065299823,3014.72363152118,1.00147562761633
"eps_all[27,1]",-0.16135334464811,0.00500717463113007,0.437162448437054,-1.06798048506996,-0.4388755286804,-0.151217915677736,0.110860949920289,0.709300099350484,7622.54896716558,1.00125392301524
"eps_all[27,2]",0.420244724699002,0.00864879374928498,0.529887223613005,-0.568045616884566,0.0671019477235271,0.381443019487672,0.750460463047009,1.55538954171274,3753.66763123832,1.00196579564059
"eps_all[27,3]",0.154315742269,0.0133234397346402,0.69914478082198,-1.31017039162762,-0.283040998809841,0.196020130425712,0.636087606874019,1.42959490196278,2753.60420522548,1.00266716811362
"eps_all[27,4]",-0.0431785896652781,0.00706567764408443,0.681475045397034,-1.36731841412519,-0.473527645545051,-0.0683384420846839,0.371668296367783,1.36491440199871,9302.34141222201,1.00014436932104
"eps_all[28,1]",0.16996591942141,0.00717038302047544,0.457855986050866,-0.68819124677874,-0.140770856659223,0.146963160024197,0.456573815281167,1.12812169344649,4077.30390491198,1.00218133686348
"eps_all[28,2]",1.02192496503969,0.00701681981695613,0.540450201821436,-0.111907209629369,0.686944434384981,1.04448524496768,1.37388507707145,2.07762728880366,5932.40398056797,1.00063207673744
"eps_all[28,3]",-0.453297455723662,0.00821661980601068,0.702334703472738,-1.87581024909353,-0.913938411437273,-0.445458770950121,0.000833718674736745,0.914846273896687,7306.37354507506,0.999784013059736
"eps_all[28,4]",0.87840058338728,0.0104539117423349,0.728301917825094,-0.633457968200137,0.42773359395013,0.910349325810368,1.34728570273189,2.2758726868166,4853.61415718809,1.00005557272155
"eps_all[29,1]",-0.10487163480644,0.00714934199126461,0.462777483367656,-1.06016147129527,-0.396488522782002,-0.0812821883929933,0.199358909627696,0.791366003642768,4189.9833351368,1.00097937780687
"eps_all[29,2]",-0.452074781434275,0.00645720727160358,0.523389571495226,-1.47777714448069,-0.781823631012953,-0.470526293869435,-0.133687482127555,0.646674071268603,6569.92899436312,1.00057901214045
"eps_all[29,3]",-0.653071982518171,0.00747047134631473,0.685732842904198,-1.99686670485345,-1.0915247171193,-0.672266647376338,-0.217693542075947,0.748376048150217,8425.85327175541,1.00026802955463
"eps_all[29,4]",0.312897718587765,0.00982644343550838,0.718626326109609,-1.06149936192532,-0.165192405871589,0.29619184015529,0.762283513375309,1.7954883463828,5348.27252662492,1.00195320751585
"eps_all[30,1]",-0.000440827866674815,0.0110962297432686,1.00038236200476,-1.9644425809295,-0.679307331210778,-0.000630099642682424,0.673072808055326,1.96295634278739,8127.95277881118,1.00018043369431
"eps_all[30,2]",0.0218603701941059,0.0118718324664547,1.00678663105704,-1.91746734857728,-0.652619660083791,0.0204184517021739,0.702211828688865,2.01242945896826,7191.82914566606,1.00022600478741
"eps_all[30,3]",0.0152612105488239,0.0112141453092687,1.00902382216771,-1.97996928131793,-0.666766792678808,0.0268331818914514,0.706476547907699,2.00248041481965,8095.9996523545,1.00024920004228
"eps_all[30,4]",0.000835750013530407,0.011022973540535,0.983962255304394,-1.9451119544955,-0.668312966702423,0.0132433859256753,0.672006213120681,1.9052802986266,7968.18389818302,0.999958440492655
"lp__",-32.0924752611521,3.83837242407763,34.9651580093873,-82.0616082506348,-55.031686105675,-38.0188924150621,-16.9363569634777,64.8429206781248,82.9806379380841,1.04026054047219
