"ESU_DPS","ESU_DPS_COMMONNAME","MAJORPOPGROUP","COMMONPOPNAME2","COMMONNAME","RUN","WATERBODY","SPAWNINGYEAR","final_abundance","final_abundance_data_type","METHODNUMBER","dsid"
"Salmon, Chinook (Lower Columbia River ESU)","Lower Columbia Chinook","Cascade","Coweeman River - fall Chinook salmon","Chinook salmon","Fall","Coweeman River",2010,432,"NOSAEJ",1,"f8b2489f-ea1a-49dd-a9b6-533244f41749"
"Salmon, Chinook (Lower Columbia River ESU)","Lower Columbia Chinook","Cascade","Coweeman River - fall Chinook salmon","Chinook salmon","Fall","Coweeman River",2011,590,"NOSAEJ",1,"f8b2489f-ea1a-49dd-a9b6-533244f41749"
"Salmon, Chinook (Lower Columbia River ESU)","Lower Columbia Chinook","Cascade","Coweeman River - fall Chinook salmon","Chinook salmon","Fall","Coweeman River",2012,440,"NOSAEJ",1,"f8b2489f-ea1a-49dd-a9b6-533244f41749"
"Salmon, Chinook (Lower Columbia River ESU)","Lower Columbia Chinook","Cascade","Coweeman River - fall Chinook salmon","Chinook salmon","Fall","Coweeman River",2013,1609,"NOSAEJ",1,"f8b2489f-ea1a-49dd-a9b6-533244f41749"
"Salmon, Chinook (Lower Columbia River ESU)","Lower Columbia Chinook","Cascade","Coweeman River - fall Chinook salmon","Chinook salmon","Fall","Coweeman River",2014,796,"NOSAEJ",1,"f8b2489f-ea1a-49dd-a9b6-533244f41749"
"Salmon, Chinook (Lower Columbia River ESU)","Lower Columbia Chinook","Cascade","Coweeman River - fall Chinook salmon","Chinook salmon","Fall","Coweeman River",2015,1344,"NOSAEJ",1,"f8b2489f-ea1a-49dd-a9b6-533244f41749"
"Salmon, Chinook (Lower Columbia River ESU)","Lower Columbia Chinook","Cascade","Coweeman River - fall Chinook salmon","Chinook salmon","Fall","Coweeman River",2016,377,"NOSAEJ",1,"f8b2489f-ea1a-49dd-a9b6-533244f41749"
"Salmon, Chinook (Lower Columbia River ESU)","Lower Columbia Chinook","Cascade","Coweeman River - fall Chinook salmon","Chinook salmon","Fall","Coweeman River",2017,764,"NOSAEJ",1,"f8b2489f-ea1a-49dd-a9b6-533244f41749"
"Salmon, Chinook (Lower Columbia River ESU)","Lower Columbia Chinook","Cascade","Coweeman River - fall Chinook salmon","Chinook salmon","Fall","Coweeman River",2018,227,"NOSAEJ",1,"7c99a493-5bde-4b93-8f3e-9a44a4dddbb3"
"Salmon, Chinook (Lower Columbia River ESU)","Lower Columbia Chinook","Cascade","Coweeman River - fall Chinook salmon","Chinook salmon","Fall","Coweeman River",2019,320,"NOSAEJ",1,"7c99a493-5bde-4b93-8f3e-9a44a4dddbb3"
"Salmon, Chinook (Lower Columbia River ESU)","Lower Columbia Chinook","Cascade","Coweeman River - fall Chinook salmon","Chinook salmon","Fall","Coweeman River",2020,812,"NOSAEJ",1,"7c99a493-5bde-4b93-8f3e-9a44a4dddbb3"
"Salmon, Chinook (Lower Columbia River ESU)","Lower Columbia Chinook","Cascade","Coweeman River - fall Chinook salmon","Chinook salmon","Fall","Coweeman River",2021,623,"NOSAEJ",1,"7c99a493-5bde-4b93-8f3e-9a44a4dddbb3"
"Salmon, Chinook (Lower Columbia River ESU)","Lower Columbia Chinook","Cascade","Coweeman River - fall Chinook salmon","Chinook salmon","Fall","Coweeman River",2022,447,"NOSAEJ",1,"7c99a493-5bde-4b93-8f3e-9a44a4dddbb3"
"Salmon, Chinook (Lower Columbia River ESU)","Lower Columbia Chinook","Cascade","Coweeman River - fall Chinook salmon","Chinook salmon","Fall","Coweeman River",2023,470,"NOSAEJ",1,"7c99a493-5bde-4b93-8f3e-9a44a4dddbb3"
"Salmon, Chinook (Lower Columbia River ESU)","Lower Columbia Chinook","Cascade","Coweeman River - fall Chinook salmon","Chinook salmon","Fall","Coweeman River",2024,396,"NOSAEJ",1,"7c99a493-5bde-4b93-8f3e-9a44a4dddbb3"
"Salmon, Chinook (Lower Columbia River ESU)","Lower Columbia Chinook","Cascade","Coweeman River - fall Chinook salmon","Chinook salmon","Fall","Coweeman River",2025,439,"NOSAEJ",1,"7c99a493-5bde-4b93-8f3e-9a44a4dddbb3"
"Salmon, Chinook (Lower Columbia River ESU)","Lower Columbia Chinook","Coastal","Elochoman River - fall Chinook salmon","Chinook salmon","Fall","Elochoman River\Skamokawa Creek",2009,252,"NOSAEJ",1,"b2caabf4-5a11-4492-9f16-bd15012dfc56"
"Salmon, Chinook (Lower Columbia River ESU)","Lower Columbia Chinook","Coastal","Elochoman River - fall Chinook salmon","Chinook salmon","Fall","Elochoman River\Skamokawa Creek",2010,116,"NOSAEJ",1,"9766aa81-890c-4fac-b1fb-f577424cb6c6"
"Salmon, Chinook (Lower Columbia River ESU)","Lower Columbia Chinook","Coastal","Elochoman River - fall Chinook salmon","Chinook salmon","Fall","Elochoman River\Skamokawa Creek",2011,58,"NOSAEJ",1,"9766aa81-890c-4fac-b1fb-f577424cb6c6"
"Salmon, Chinook (Lower Columbia River ESU)","Lower Columbia Chinook","Coastal","Elochoman River - fall Chinook salmon","Chinook salmon","Fall","Elochoman River\Skamokawa Creek",2012,36,"NOSAEJ",1,"9766aa81-890c-4fac-b1fb-f577424cb6c6"
"Salmon, Chinook (Lower Columbia River ESU)","Lower Columbia Chinook","Coastal","Elochoman River - fall Chinook salmon","Chinook salmon","Fall","Elochoman River\Skamokawa Creek",2013,87,"NOSAEJ",1,"9766aa81-890c-4fac-b1fb-f577424cb6c6"
"Salmon, Chinook (Lower Columbia River ESU)","Lower Columbia Chinook","Coastal","Elochoman River - fall Chinook salmon","Chinook salmon","Fall","Elochoman River\Skamokawa Creek",2014,139,"NOSAEJ",1,"9766aa81-890c-4fac-b1fb-f577424cb6c6"
"Salmon, Chinook (Lower Columbia River ESU)","Lower Columbia Chinook","Coastal","Elochoman River - fall Chinook salmon","Chinook salmon","Fall","Elochoman River\Skamokawa Creek",2015,200,"NOSAEJ",1,"9766aa81-890c-4fac-b1fb-f577424cb6c6"
"Salmon, Chinook (Lower Columbia River ESU)","Lower Columbia Chinook","Coastal","Elochoman River - fall Chinook salmon","Chinook salmon","Fall","Elochoman River\Skamokawa Creek",2016,75,"NOSAEJ",1,"9766aa81-890c-4fac-b1fb-f577424cb6c6"
"Salmon, Chinook (Lower Columbia River ESU)","Lower Columbia Chinook","Coastal","Elochoman River - fall Chinook salmon","Chinook salmon","Fall","Elochoman River\Skamokawa Creek",2017,67,"NOSAEJ",1,"9766aa81-890c-4fac-b1fb-f577424cb6c6"
"Salmon, Chinook (Lower Columbia River ESU)","Lower Columbia Chinook","Coastal","Elochoman River - fall Chinook salmon","Chinook salmon","Fall","Elochoman River\Skamokawa Creek",2018,30,"NOSAEJ",1,"b2caabf4-5a11-4492-9f16-bd15012dfc56"
"Salmon, Chinook (Lower Columbia River ESU)","Lower Columbia Chinook","Coastal","Elochoman River - fall Chinook salmon","Chinook salmon","Fall","Elochoman River\Skamokawa Creek",2019,37,"NOSAEJ",1,"b2caabf4-5a11-4492-9f16-bd15012dfc56"
"Salmon, Chinook (Lower Columbia River ESU)","Lower Columbia Chinook","Coastal","Elochoman River - fall Chinook salmon","Chinook salmon","Fall","Elochoman River\Skamokawa Creek",2020,85,"NOSAEJ",1,"b2caabf4-5a11-4492-9f16-bd15012dfc56"
"Salmon, Chinook (Lower Columbia River ESU)","Lower Columbia Chinook","Coastal","Elochoman River - fall Chinook salmon","Chinook salmon","Fall","Elochoman River\Skamokawa Creek",2021,108,"NOSAEJ",1,"b2caabf4-5a11-4492-9f16-bd15012dfc56"
"Salmon, Chinook (Lower Columbia River ESU)","Lower Columbia Chinook","Coastal","Elochoman River - fall Chinook salmon","Chinook salmon","Fall","Elochoman River\Skamokawa Creek",2022,86,"NOSAEJ",1,"b2caabf4-5a11-4492-9f16-bd15012dfc56"
"Salmon, Chinook (Lower Columbia River ESU)","Lower Columbia Chinook","Coastal","Elochoman River - fall Chinook salmon","Chinook salmon","Fall","Elochoman River\Skamokawa Creek",2023,213,"NOSAEJ",1,"b2caabf4-5a11-4492-9f16-bd15012dfc56"
"Salmon, Chinook (Lower Columbia River ESU)","Lower Columbia Chinook","Coastal","Elochoman River - fall Chinook salmon","Chinook salmon","Fall","Elochoman River\Skamokawa Creek",2024,121,"NOSAEJ",1,"b2caabf4-5a11-4492-9f16-bd15012dfc56"
"Salmon, Chinook (Lower Columbia River ESU)","Lower Columbia Chinook","Coastal","Elochoman River - fall Chinook salmon","Chinook salmon","Fall","Elochoman River\Skamokawa Creek",2025,148,"NOSAEJ",1,"b2caabf4-5a11-4492-9f16-bd15012dfc56"
"Salmon, Chinook (Lower Columbia River ESU)","Lower Columbia Chinook","Coastal","Grays and Chinook Rivers - fall Chinook salmon","Chinook salmon","Fall","Grays River",2008,68,"NOSAEJ",1,"a97d9b61-72a3-44ec-90bd-f302c4fda825"
"Salmon, Chinook (Lower Columbia River ESU)","Lower Columbia Chinook","Coastal","Grays and Chinook Rivers - fall Chinook salmon","Chinook salmon","Fall","Grays River",2009,225,"NOSAEJ",1,"a97d9b61-72a3-44ec-90bd-f302c4fda825"
"Salmon, Chinook (Lower Columbia River ESU)","Lower Columbia Chinook","Coastal","Grays and Chinook Rivers - fall Chinook salmon","Chinook salmon","Fall","Grays River",2010,75,"NOSAEJ",1,"919531ba-c858-4f68-b71b-171bf4513e5b"
"Salmon, Chinook (Lower Columbia River ESU)","Lower Columbia Chinook","Coastal","Grays and Chinook Rivers - fall Chinook salmon","Chinook salmon","Fall","Grays River",2011,78,"NOSAEJ",1,"919531ba-c858-4f68-b71b-171bf4513e5b"
"Salmon, Chinook (Lower Columbia River ESU)","Lower Columbia Chinook","Coastal","Grays and Chinook Rivers - fall Chinook salmon","Chinook salmon","Fall","Grays River",2012,33,"NOSAEJ",1,"919531ba-c858-4f68-b71b-171bf4513e5b"
"Salmon, Chinook (Lower Columbia River ESU)","Lower Columbia Chinook","Coastal","Grays and Chinook Rivers - fall Chinook salmon","Chinook salmon","Fall","Grays River",2013,241,"NOSAEJ",1,"919531ba-c858-4f68-b71b-171bf4513e5b"
"Salmon, Chinook (Lower Columbia River ESU)","Lower Columbia Chinook","Coastal","Grays and Chinook Rivers - fall Chinook salmon","Chinook salmon","Fall","Grays River",2014,229,"NOSAEJ",1,"919531ba-c858-4f68-b71b-171bf4513e5b"
"Salmon, Chinook (Lower Columbia River ESU)","Lower Columbia Chinook","Coastal","Grays and Chinook Rivers - fall Chinook salmon","Chinook salmon","Fall","Grays River",2015,138,"NOSAEJ",1,"919531ba-c858-4f68-b71b-171bf4513e5b"
"Salmon, Chinook (Lower Columbia River ESU)","Lower Columbia Chinook","Coastal","Grays and Chinook Rivers - fall Chinook salmon","Chinook salmon","Fall","Grays River",2016,87,"NOSAEJ",1,"919531ba-c858-4f68-b71b-171bf4513e5b"
"Salmon, Chinook (Lower Columbia River ESU)","Lower Columbia Chinook","Coastal","Grays and Chinook Rivers - fall Chinook salmon","Chinook salmon","Fall","Grays River",2017,254,"NOSAEJ",1,"919531ba-c858-4f68-b71b-171bf4513e5b"
"Salmon, Chinook (Lower Columbia River ESU)","Lower Columbia Chinook","Coastal","Grays and Chinook Rivers - fall Chinook salmon","Chinook salmon","Fall","Grays River",2018,140,"NOSAEJ",1,"69242dcd-c729-4d68-ac69-d35724fda234"
"Salmon, Chinook (Lower Columbia River ESU)","Lower Columbia Chinook","Coastal","Grays and Chinook Rivers - fall Chinook salmon","Chinook salmon","Fall","Grays River",2019,99,"NOSAEJ",1,"69242dcd-c729-4d68-ac69-d35724fda234"
"Salmon, Chinook (Lower Columbia River ESU)","Lower Columbia Chinook","Coastal","Grays and Chinook Rivers - fall Chinook salmon","Chinook salmon","Fall","Grays River",2020,153,"NOSAEJ",1,"69242dcd-c729-4d68-ac69-d35724fda234"
"Salmon, Chinook (Lower Columbia River ESU)","Lower Columbia Chinook","Coastal","Grays and Chinook Rivers - fall Chinook salmon","Chinook salmon","Fall","Grays River",2021,118,"NOSAEJ",1,"69242dcd-c729-4d68-ac69-d35724fda234"
"Salmon, Chinook (Lower Columbia River ESU)","Lower Columbia Chinook","Coastal","Grays and Chinook Rivers - fall Chinook salmon","Chinook salmon","Fall","Grays River",2022,71,"NOSAEJ",1,"69242dcd-c729-4d68-ac69-d35724fda234"
"Salmon, Chinook (Lower Columbia River ESU)","Lower Columbia Chinook","Coastal","Grays and Chinook Rivers - fall Chinook salmon","Chinook salmon","Fall","Grays River",2023,218,"NOSAEJ",1,"69242dcd-c729-4d68-ac69-d35724fda234"
"Salmon, Chinook (Lower Columbia River ESU)","Lower Columbia Chinook","Coastal","Grays and Chinook Rivers - fall Chinook salmon","Chinook salmon","Fall","Grays River",2024,205,"NOSAEJ",1,"69242dcd-c729-4d68-ac69-d35724fda234"
"Salmon, Chinook (Lower Columbia River ESU)","Lower Columbia Chinook","Coastal","Grays and Chinook Rivers - fall Chinook salmon","Chinook salmon","Fall","Grays River",2025,197,"NOSAEJ",1,"69242dcd-c729-4d68-ac69-d35724fda234"
"Salmon, Chinook (Lower Columbia River ESU)","Lower Columbia Chinook","Cascade","Kalama River - fall Chinook salmon","Chinook salmon","Fall","Kalama River",2010,820,"NOSAEJ",1,"95057fdc-2711-4002-b60b-cf1bdda7e464"
"Salmon, Chinook (Lower Columbia River ESU)","Lower Columbia Chinook","Cascade","Kalama River - fall Chinook salmon","Chinook salmon","Fall","Kalama River",2011,674,"NOSAEJ",1,"95057fdc-2711-4002-b60b-cf1bdda7e464"
"Salmon, Chinook (Lower Columbia River ESU)","Lower Columbia Chinook","Cascade","Kalama River - fall Chinook salmon","Chinook salmon","Fall","Kalama River",2012,649,"NOSAEJ",1,"95057fdc-2711-4002-b60b-cf1bdda7e464"
"Salmon, Chinook (Lower Columbia River ESU)","Lower Columbia Chinook","Cascade","Kalama River - fall Chinook salmon","Chinook salmon","Fall","Kalama River",2013,1522,"NOSAEJ",1,"95057fdc-2711-4002-b60b-cf1bdda7e464"
"Salmon, Chinook (Lower Columbia River ESU)","Lower Columbia Chinook","Cascade","Kalama River - fall Chinook salmon","Chinook salmon","Fall","Kalama River",2014,1320,"NOSAEJ",1,"95057fdc-2711-4002-b60b-cf1bdda7e464"
"Salmon, Chinook (Lower Columbia River ESU)","Lower Columbia Chinook","Cascade","Kalama River - fall Chinook salmon","Chinook salmon","Fall","Kalama River",2015,3117,"NOSAEJ",1,"95057fdc-2711-4002-b60b-cf1bdda7e464"
"Salmon, Chinook (Lower Columbia River ESU)","Lower Columbia Chinook","Cascade","Kalama River - fall Chinook salmon","Chinook salmon","Fall","Kalama River",2016,2661,"NOSAEJ",1,"95057fdc-2711-4002-b60b-cf1bdda7e464"
"Salmon, Chinook (Lower Columbia River ESU)","Lower Columbia Chinook","Cascade","Kalama River - fall Chinook salmon","Chinook salmon","Fall","Kalama River",2017,1892,"NOSAEJ",1,"95057fdc-2711-4002-b60b-cf1bdda7e464"
"Salmon, Chinook (Lower Columbia River ESU)","Lower Columbia Chinook","Cascade","Kalama River - fall Chinook salmon","Chinook salmon","Fall","Kalama River",2018,1523,"NOSAEJ",1,"e7f330d8-63b3-45ce-ab1f-77be337963ca"
"Salmon, Chinook (Lower Columbia River ESU)","Lower Columbia Chinook","Cascade","Kalama River - fall Chinook salmon","Chinook salmon","Fall","Kalama River",2019,1431,"NOSAEJ",1,"e7f330d8-63b3-45ce-ab1f-77be337963ca"
"Salmon, Chinook (Lower Columbia River ESU)","Lower Columbia Chinook","Cascade","Kalama River - fall Chinook salmon","Chinook salmon","Fall","Kalama River",2020,2665,"NOSAEJ",1,"e7f330d8-63b3-45ce-ab1f-77be337963ca"
"Salmon, Chinook (Lower Columbia River ESU)","Lower Columbia Chinook","Cascade","Kalama River - fall Chinook salmon","Chinook salmon","Fall","Kalama River",2021,1942,"NOSAEJ",1,"e7f330d8-63b3-45ce-ab1f-77be337963ca"
"Salmon, Chinook (Lower Columbia River ESU)","Lower Columbia Chinook","Cascade","Kalama River - fall Chinook salmon","Chinook salmon","Fall","Kalama River",2022,2374,"NOSAEJ",1,"e7f330d8-63b3-45ce-ab1f-77be337963ca"
"Salmon, Chinook (Lower Columbia River ESU)","Lower Columbia Chinook","Cascade","Kalama River - fall Chinook salmon","Chinook salmon","Fall","Kalama River",2023,2205,"NOSAEJ",1,"e7f330d8-63b3-45ce-ab1f-77be337963ca"
"Salmon, Chinook (Lower Columbia River ESU)","Lower Columbia Chinook","Cascade","Kalama River - fall Chinook salmon","Chinook salmon","Fall","Kalama River",2024,2939,"NOSAEJ",1,"e7f330d8-63b3-45ce-ab1f-77be337963ca"
"Salmon, Chinook (Lower Columbia River ESU)","Lower Columbia Chinook","Cascade","Kalama River - fall Chinook salmon","Chinook salmon","Fall","Kalama River",2025,2698,"NOSAEJ",1,"e7f330d8-63b3-45ce-ab1f-77be337963ca"
"Salmon, Chinook (Lower Columbia River ESU)","Lower Columbia Chinook","Cascade","Kalama River - spring Chinook salmon","Chinook salmon","Spring","Kalama River",2007,37,"NOSAEJ",2,"e84feb8d-94be-4154-836d-f697317489e0"
"Salmon, Chinook (Lower Columbia River ESU)","Lower Columbia Chinook","Cascade","Kalama River - spring Chinook salmon","Chinook salmon","Spring","Kalama River",2008,59,"NOSAEJ",2,"e84feb8d-94be-4154-836d-f697317489e0"
"Salmon, Chinook (Lower Columbia River ESU)","Lower Columbia Chinook","Cascade","Kalama River - spring Chinook salmon","Chinook salmon","Spring","Kalama River",2009,80,"NOSAEJ",2,"e84feb8d-94be-4154-836d-f697317489e0"
"Salmon, Chinook (Lower Columbia River ESU)","Lower Columbia Chinook","Cascade","Kalama River - spring Chinook salmon","Chinook salmon","Spring","Kalama River",2010,46,"NOSAEJ",2,"e84feb8d-94be-4154-836d-f697317489e0"
"Salmon, Chinook (Lower Columbia River ESU)","Lower Columbia Chinook","Cascade","Kalama River - spring Chinook salmon","Chinook salmon","Spring","Kalama River",2011,172,"NOSAEJ",2,"e84feb8d-94be-4154-836d-f697317489e0"
"Salmon, Chinook (Lower Columbia River ESU)","Lower Columbia Chinook","Cascade","Kalama River - spring Chinook salmon","Chinook salmon","Spring","Kalama River",2012,83,"NOSAEJ",2,"e84feb8d-94be-4154-836d-f697317489e0"
"Salmon, Chinook (Lower Columbia River ESU)","Lower Columbia Chinook","Cascade","Kalama River - spring Chinook salmon","Chinook salmon","Spring","Kalama River",2013,91,"NOSAEJ",2,"e84feb8d-94be-4154-836d-f697317489e0"
"Salmon, Chinook (Lower Columbia River ESU)","Lower Columbia Chinook","Cascade","Kalama River - spring Chinook salmon","Chinook salmon","Spring","Kalama River",2014,36,"NOSAEJ",2,"e84feb8d-94be-4154-836d-f697317489e0"
"Salmon, Chinook (Lower Columbia River ESU)","Lower Columbia Chinook","Cascade","Kalama River - spring Chinook salmon","Chinook salmon","Spring","Kalama River",2015,27,"NOSAEJ",2,"e84feb8d-94be-4154-836d-f697317489e0"
"Salmon, Chinook (Lower Columbia River ESU)","Lower Columbia Chinook","Cascade","Kalama River - spring Chinook salmon","Chinook salmon","Spring","Kalama River",2016,30,"NOSAEJ",2,"e84feb8d-94be-4154-836d-f697317489e0"
"Salmon, Chinook (Lower Columbia River ESU)","Lower Columbia Chinook","Cascade","Kalama River - spring Chinook salmon","Chinook salmon","Spring","Kalama River",2017,62,"NOSAEJ",2,"e84feb8d-94be-4154-836d-f697317489e0"
"Salmon, Chinook (Lower Columbia River ESU)","Lower Columbia Chinook","Cascade","Kalama River - spring Chinook salmon","Chinook salmon","Spring","Kalama River",2018,48,"NOSAEJ",2,"e84feb8d-94be-4154-836d-f697317489e0"
"Salmon, Chinook (Lower Columbia River ESU)","Lower Columbia Chinook","Cascade","Kalama River - spring Chinook salmon","Chinook salmon","Spring","Kalama River",2019,39,"NOSAEJ",2,"e84feb8d-94be-4154-836d-f697317489e0"
"Salmon, Chinook (Lower Columbia River ESU)","Lower Columbia Chinook","Cascade","Kalama River - spring Chinook salmon","Chinook salmon","Spring","Kalama River",2020,75,"NOSAEJ",2,"e84feb8d-94be-4154-836d-f697317489e0"
"Salmon, Chinook (Lower Columbia River ESU)","Lower Columbia Chinook","Cascade","Kalama River - spring Chinook salmon","Chinook salmon","Spring","Kalama River",2021,72,"NOSAEJ",2,"e84feb8d-94be-4154-836d-f697317489e0"
"Salmon, Chinook (Lower Columbia River ESU)","Lower Columbia Chinook","Cascade","Kalama River - spring Chinook salmon","Chinook salmon","Spring","Kalama River",2022,138,"NOSAEJ",2,"e84feb8d-94be-4154-836d-f697317489e0"
"Salmon, Chinook (Lower Columbia River ESU)","Lower Columbia Chinook","Cascade","Kalama River - spring Chinook salmon","Chinook salmon","Spring","Kalama River",2023,64,"NOSAEJ",2,"e84feb8d-94be-4154-836d-f697317489e0"
"Salmon, Chinook (Lower Columbia River ESU)","Lower Columbia Chinook","Cascade","Kalama River - spring Chinook salmon","Chinook salmon","Spring","Kalama River",2024,41,"NOSAEJ",2,"e84feb8d-94be-4154-836d-f697317489e0"
"Salmon, Chinook (Lower Columbia River ESU)","Lower Columbia Chinook","Cascade","Kalama River - spring Chinook salmon","Chinook salmon","Spring","Kalama River",2025,68,"NOSAEJ",2,"e84feb8d-94be-4154-836d-f697317489e0"
"Salmon, Chinook (Lower Columbia River ESU)","Lower Columbia Chinook","Cascade","Lewis River - fall Chinook salmon","Chinook salmon","Fall","Lewis River",2010,1583,"NOSAEJ",1,"6432333c-b8ef-45c6-a1f3-302263555283"
"Salmon, Chinook (Lower Columbia River ESU)","Lower Columbia Chinook","Cascade","Lewis River - fall Chinook salmon","Chinook salmon","Fall","Lewis River",2011,1672,"NOSAEJ",1,"6432333c-b8ef-45c6-a1f3-302263555283"
"Salmon, Chinook (Lower Columbia River ESU)","Lower Columbia Chinook","Cascade","Lewis River - fall Chinook salmon","Chinook salmon","Fall","Lewis River",2012,1320,"NOSAEJ",1,"6432333c-b8ef-45c6-a1f3-302263555283"
"Salmon, Chinook (Lower Columbia River ESU)","Lower Columbia Chinook","Cascade","Lewis River - fall Chinook salmon","Chinook salmon","Fall","Lewis River",2015,3476,"NOSAEJ",1,"8b845e6d-5843-4c25-a37b-90b2ddc1e313"
"Salmon, Chinook (Lower Columbia River ESU)","Lower Columbia Chinook","Cascade","Lewis River - fall Chinook salmon","Chinook salmon","Fall","Lewis River",2016,2568,"NOSAEJ",1,"8b845e6d-5843-4c25-a37b-90b2ddc1e313"
"Salmon, Chinook (Lower Columbia River ESU)","Lower Columbia Chinook","Cascade","Lewis River - fall Chinook salmon","Chinook salmon","Fall","Lewis River",2017,2419,"NOSAEJ",1,"8b845e6d-5843-4c25-a37b-90b2ddc1e313"
"Salmon, Chinook (Lower Columbia River ESU)","Lower Columbia Chinook","Cascade","Lewis River - fall Chinook salmon","Chinook salmon","Fall","Lewis River",2018,1150,"NOSAEJ",1,"8b845e6d-5843-4c25-a37b-90b2ddc1e313"
"Salmon, Chinook (Lower Columbia River ESU)","Lower Columbia Chinook","Cascade","Lewis River - fall Chinook salmon","Chinook salmon","Fall","Lewis River",2019,1657,"NOSAEJ",1,"8b845e6d-5843-4c25-a37b-90b2ddc1e313"
"Salmon, Chinook (Lower Columbia River ESU)","Lower Columbia Chinook","Cascade","Lewis River - fall Chinook salmon","Chinook salmon","Fall","Lewis River",2020,4220,"NOSAEJ",1,"8b845e6d-5843-4c25-a37b-90b2ddc1e313"
"Salmon, Chinook (Lower Columbia River ESU)","Lower Columbia Chinook","Cascade","Lewis River - fall Chinook salmon","Chinook salmon","Fall","Lewis River",2021,2164,"NOSAEJ",1,"8b845e6d-5843-4c25-a37b-90b2ddc1e313"
"Salmon, Chinook (Lower Columbia River ESU)","Lower Columbia Chinook","Cascade","Lewis River - fall Chinook salmon","Chinook salmon","Fall","Lewis River",2022,3328,"NOSAEJ",1,"8b845e6d-5843-4c25-a37b-90b2ddc1e313"
"Salmon, Chinook (Lower Columbia River ESU)","Lower Columbia Chinook","Cascade","Lewis River - fall Chinook salmon","Chinook salmon","Fall","Lewis River",2023,2440,"NOSAEJ",1,"8b845e6d-5843-4c25-a37b-90b2ddc1e313"
"Salmon, Chinook (Lower Columbia River ESU)","Lower Columbia Chinook","Cascade","Lewis River - fall Chinook salmon","Chinook salmon","Fall","Lewis River",2024,1594,"NOSAEJ",1,"8b845e6d-5843-4c25-a37b-90b2ddc1e313"
"Salmon, Chinook (Lower Columbia River ESU)","Lower Columbia Chinook","Cascade","Lewis River - late fall Chinook salmon","Chinook salmon","Fall","Lewis River",2013,17478,"NOSAIJ",1,"a4048108-ccc0-4c7a-83e3-2b31af1c8d15"
"Salmon, Chinook (Lower Columbia River ESU)","Lower Columbia Chinook","Cascade","Lewis River - late fall Chinook salmon","Chinook salmon","Fall","Lewis River",2014,19928,"NOSAIJ",1,"a4048108-ccc0-4c7a-83e3-2b31af1c8d15"
"Salmon, Chinook (Lower Columbia River ESU)","Lower Columbia Chinook","Cascade","Lewis River - late fall Chinook salmon","Chinook salmon","Fall","Lewis River",2015,18835,"NOSAIJ",1,"a4048108-ccc0-4c7a-83e3-2b31af1c8d15"
"Salmon, Chinook (Lower Columbia River ESU)","Lower Columbia Chinook","Cascade","Lewis River - late fall Chinook salmon","Chinook salmon","Fall","Lewis River",2016,9236,"NOSAIJ",1,"a4048108-ccc0-4c7a-83e3-2b31af1c8d15"
"Salmon, Chinook (Lower Columbia River ESU)","Lower Columbia Chinook","Cascade","Lewis River - late fall Chinook salmon","Chinook salmon","Fall","Lewis River",2017,7415,"NOSAIJ",1,"a4048108-ccc0-4c7a-83e3-2b31af1c8d15"
"Salmon, Chinook (Lower Columbia River ESU)","Lower Columbia Chinook","Cascade","Lewis River - late fall Chinook salmon","Chinook salmon","Fall","Lewis River",2018,5034,"NOSAIJ",1,"a4048108-ccc0-4c7a-83e3-2b31af1c8d15"
"Salmon, Chinook (Lower Columbia River ESU)","Lower Columbia Chinook","Cascade","Lewis River - late fall Chinook salmon","Chinook salmon","Fall","Lewis River",2019,12070,"NOSAIJ",1,"a4048108-ccc0-4c7a-83e3-2b31af1c8d15"
"Salmon, Chinook (Lower Columbia River ESU)","Lower Columbia Chinook","Cascade","Lewis River - late fall Chinook salmon","Chinook salmon","Fall","Lewis River",2020,25987,"NOSAIJ",1,"a4048108-ccc0-4c7a-83e3-2b31af1c8d15"
"Salmon, Chinook (Lower Columbia River ESU)","Lower Columbia Chinook","Cascade","Lewis River - late fall Chinook salmon","Chinook salmon","Fall","Lewis River",2021,12809,"NOSAIJ",1,"a4048108-ccc0-4c7a-83e3-2b31af1c8d15"
"Salmon, Chinook (Lower Columbia River ESU)","Lower Columbia Chinook","Cascade","Lewis River - late fall Chinook salmon","Chinook salmon","Fall","Lewis River",2022,7013,"NOSAIJ",1,"a4048108-ccc0-4c7a-83e3-2b31af1c8d15"
"Salmon, Chinook (Lower Columbia River ESU)","Lower Columbia Chinook","Cascade","Lewis River - late fall Chinook salmon","Chinook salmon","Fall","Lewis River",2023,8215,"NOSAIJ",1,"a4048108-ccc0-4c7a-83e3-2b31af1c8d15"
"Salmon, Chinook (Lower Columbia River ESU)","Lower Columbia Chinook","Cascade","Lewis River - late fall Chinook salmon","Chinook salmon","Fall","Lewis River",2024,14357,"NOSAIJ",1,"a4048108-ccc0-4c7a-83e3-2b31af1c8d15"
"Salmon, Chinook (Lower Columbia River ESU)","Lower Columbia Chinook","Cascade","Lewis River - late fall Chinook salmon","Chinook salmon","Fall","Lewis River",2025,15239,"NOSAIJ",1,"a4048108-ccc0-4c7a-83e3-2b31af1c8d15"
"Salmon, Chinook (Lower Columbia River ESU)","Lower Columbia Chinook","Cascade fall","Lower Cowlitz River - fall Chinook salmon","Chinook salmon","Fall","Lower Cowlitz River",2010,5476,"NOSAIJ",2,"f384182b-97d3-4ba7-956c-47490adee887"
"Salmon, Chinook (Lower Columbia River ESU)","Lower Columbia Chinook","Cascade fall","Lower Cowlitz River - fall Chinook salmon","Chinook salmon","Fall","Lower Cowlitz River",2011,6075,"NOSAIJ",2,"f384182b-97d3-4ba7-956c-47490adee887"
"Salmon, Chinook (Lower Columbia River ESU)","Lower Columbia Chinook","Cascade fall","Lower Cowlitz River - fall Chinook salmon","Chinook salmon","Fall","Lower Cowlitz River",2012,3458,"NOSAIJ",2,"f384182b-97d3-4ba7-956c-47490adee887"
"Salmon, Chinook (Lower Columbia River ESU)","Lower Columbia Chinook","Cascade fall","Lower Cowlitz River - fall Chinook salmon","Chinook salmon","Fall","Lower Cowlitz River",2013,8002,"NOSAIJ",2,"f384182b-97d3-4ba7-956c-47490adee887"
"Salmon, Chinook (Lower Columbia River ESU)","Lower Columbia Chinook","Cascade fall","Lower Cowlitz River - fall Chinook salmon","Chinook salmon","Fall","Lower Cowlitz River",2014,6317,"NOSAIJ",2,"f384182b-97d3-4ba7-956c-47490adee887"
"Salmon, Chinook (Lower Columbia River ESU)","Lower Columbia Chinook","Cascade fall","Lower Cowlitz River - fall Chinook salmon","Chinook salmon","Fall","Lower Cowlitz River",2015,8881,"NOSAIJ",2,"f384182b-97d3-4ba7-956c-47490adee887"
"Salmon, Chinook (Lower Columbia River ESU)","Lower Columbia Chinook","Cascade fall","Lower Cowlitz River - fall Chinook salmon","Chinook salmon","Fall","Lower Cowlitz River",2016,6322,"NOSAIJ",2,"f384182b-97d3-4ba7-956c-47490adee887"
"Salmon, Chinook (Lower Columbia River ESU)","Lower Columbia Chinook","Cascade fall","Lower Cowlitz River - fall Chinook salmon","Chinook salmon","Fall","Lower Cowlitz River",2017,6322,"NOSAIJ",2,"f384182b-97d3-4ba7-956c-47490adee887"
"Salmon, Chinook (Lower Columbia River ESU)","Lower Columbia Chinook","Cascade fall","Lower Cowlitz River - fall Chinook salmon","Chinook salmon","Fall","Lower Cowlitz River",2018,6377,"NOSAIJ",2,"f384182b-97d3-4ba7-956c-47490adee887"
"Salmon, Chinook (Lower Columbia River ESU)","Lower Columbia Chinook","Cascade fall","Lower Cowlitz River - fall Chinook salmon","Chinook salmon","Fall","Lower Cowlitz River",2019,9595,"NOSAIJ",2,"f384182b-97d3-4ba7-956c-47490adee887"
"Salmon, Chinook (Lower Columbia River ESU)","Lower Columbia Chinook","Cascade fall","Lower Cowlitz River - fall Chinook salmon","Chinook salmon","Fall","Lower Cowlitz River",2020,9939,"NOSAIJ",2,"f384182b-97d3-4ba7-956c-47490adee887"
"Salmon, Chinook (Lower Columbia River ESU)","Lower Columbia Chinook","Cascade fall","Lower Cowlitz River - fall Chinook salmon","Chinook salmon","Fall","Lower Cowlitz River",2021,6832,"NOSAIJ",3,"74879d3e-77b8-43fc-b1a2-7b667c75e916"
"Salmon, Chinook (Lower Columbia River ESU)","Lower Columbia Chinook","Cascade fall","Lower Cowlitz River - fall Chinook salmon","Chinook salmon","Fall","Lower Cowlitz River",2022,9647,"NOSAIJ",3,"74879d3e-77b8-43fc-b1a2-7b667c75e916"
"Salmon, Chinook (Lower Columbia River ESU)","Lower Columbia Chinook","Cascade fall","Lower Cowlitz River - fall Chinook salmon","Chinook salmon","Fall","Lower Cowlitz River",2023,14330,"NOSAIJ",3,"74879d3e-77b8-43fc-b1a2-7b667c75e916"
"Salmon, Chinook (Lower Columbia River ESU)","Lower Columbia Chinook","Cascade fall","Lower Cowlitz River - fall Chinook salmon","Chinook salmon","Fall","Lower Cowlitz River",2024,18395,"NOSAIJ",3,"74879d3e-77b8-43fc-b1a2-7b667c75e916"
"Salmon, Chinook (Lower Columbia River ESU)","Lower Columbia Chinook","Cascade fall","Lower Cowlitz River - fall Chinook salmon","Chinook salmon","Fall","Lower Cowlitz River",2025,21173,"NOSAIJ",3,"74879d3e-77b8-43fc-b1a2-7b667c75e916"
"Salmon, Chinook (Lower Columbia River ESU)","Lower Columbia Chinook","Coastal","Mill, Abernathy, and Germany Creeks - fall Chinook salmon","Chinook salmon","Fall","Mill\Abernathy\Germany Creek",2005,1056,"NOSAEJ",1,"aa3b6093-4e4c-4d89-af5c-f7f2fdba0454"
"Salmon, Chinook (Lower Columbia River ESU)","Lower Columbia Chinook","Coastal","Mill, Abernathy, and Germany Creeks - fall Chinook salmon","Chinook salmon","Fall","Mill\Abernathy\Germany Creek",2006,243,"NOSAEJ",1,"aa3b6093-4e4c-4d89-af5c-f7f2fdba0454"
"Salmon, Chinook (Lower Columbia River ESU)","Lower Columbia Chinook","Coastal","Mill, Abernathy, and Germany Creeks - fall Chinook salmon","Chinook salmon","Fall","Mill\Abernathy\Germany Creek",2007,124,"NOSAEJ",1,"aa3b6093-4e4c-4d89-af5c-f7f2fdba0454"
"Salmon, Chinook (Lower Columbia River ESU)","Lower Columbia Chinook","Coastal","Mill, Abernathy, and Germany Creeks - fall Chinook salmon","Chinook salmon","Fall","Mill\Abernathy\Germany Creek",2008,402,"NOSAEJ",1,"aa3b6093-4e4c-4d89-af5c-f7f2fdba0454"
"Salmon, Chinook (Lower Columbia River ESU)","Lower Columbia Chinook","Coastal","Mill, Abernathy, and Germany Creeks - fall Chinook salmon","Chinook salmon","Fall","Mill\Abernathy\Germany Creek",2009,109,"NOSAEJ",1,"aa3b6093-4e4c-4d89-af5c-f7f2fdba0454"
"Salmon, Chinook (Lower Columbia River ESU)","Lower Columbia Chinook","Coastal","Mill, Abernathy, and Germany Creeks - fall Chinook salmon","Chinook salmon","Fall","Mill\Abernathy\Germany Creek",2010,172,"NOSAEJ",1,"aa3b6093-4e4c-4d89-af5c-f7f2fdba0454"
"Salmon, Chinook (Lower Columbia River ESU)","Lower Columbia Chinook","Coastal","Mill, Abernathy, and Germany Creeks - fall Chinook salmon","Chinook salmon","Fall","Mill\Abernathy\Germany Creek",2011,120,"NOSAEJ",1,"aa3b6093-4e4c-4d89-af5c-f7f2fdba0454"
"Salmon, Chinook (Lower Columbia River ESU)","Lower Columbia Chinook","Coastal","Mill, Abernathy, and Germany Creeks - fall Chinook salmon","Chinook salmon","Fall","Mill\Abernathy\Germany Creek",2012,24,"NOSAEJ",1,"aa3b6093-4e4c-4d89-af5c-f7f2fdba0454"
"Salmon, Chinook (Lower Columbia River ESU)","Lower Columbia Chinook","Coastal","Mill, Abernathy, and Germany Creeks - fall Chinook salmon","Chinook salmon","Fall","Mill\Abernathy\Germany Creek",2013,136,"NOSAEJ",1,"aa3b6093-4e4c-4d89-af5c-f7f2fdba0454"
"Salmon, Chinook (Lower Columbia River ESU)","Lower Columbia Chinook","Coastal","Mill, Abernathy, and Germany Creeks - fall Chinook salmon","Chinook salmon","Fall","Mill\Abernathy\Germany Creek",2014,53,"NOSAEJ",1,"aa3b6093-4e4c-4d89-af5c-f7f2fdba0454"
"Salmon, Chinook (Lower Columbia River ESU)","Lower Columbia Chinook","Coastal","Mill, Abernathy, and Germany Creeks - fall Chinook salmon","Chinook salmon","Fall","Mill\Abernathy\Germany Creek",2015,93,"NOSAEJ",1,"aa3b6093-4e4c-4d89-af5c-f7f2fdba0454"
"Salmon, Chinook (Lower Columbia River ESU)","Lower Columbia Chinook","Coastal","Mill, Abernathy, and Germany Creeks - fall Chinook salmon","Chinook salmon","Fall","Mill\Abernathy\Germany Creek",2016,83,"NOSAEJ",1,"aa3b6093-4e4c-4d89-af5c-f7f2fdba0454"
"Salmon, Chinook (Lower Columbia River ESU)","Lower Columbia Chinook","Coastal","Mill, Abernathy, and Germany Creeks - fall Chinook salmon","Chinook salmon","Fall","Mill\Abernathy\Germany Creek",2017,16,"NOSAEJ",1,"aa3b6093-4e4c-4d89-af5c-f7f2fdba0454"
"Salmon, Chinook (Lower Columbia River ESU)","Lower Columbia Chinook","Coastal","Mill, Abernathy, and Germany Creeks - fall Chinook salmon","Chinook salmon","Fall","Mill\Abernathy\Germany Creek",2018,1,"NOSAEJ",1,"aa3b6093-4e4c-4d89-af5c-f7f2fdba0454"
"Salmon, Chinook (Lower Columbia River ESU)","Lower Columbia Chinook","Coastal","Mill, Abernathy, and Germany Creeks - fall Chinook salmon","Chinook salmon","Fall","Mill\Abernathy\Germany Creek",2019,18,"NOSAEJ",1,"aa3b6093-4e4c-4d89-af5c-f7f2fdba0454"
"Salmon, Chinook (Lower Columbia River ESU)","Lower Columbia Chinook","Coastal","Mill, Abernathy, and Germany Creeks - fall Chinook salmon","Chinook salmon","Fall","Mill\Abernathy\Germany Creek",2020,34,"NOSAEJ",1,"aa3b6093-4e4c-4d89-af5c-f7f2fdba0454"
"Salmon, Chinook (Lower Columbia River ESU)","Lower Columbia Chinook","Coastal","Mill, Abernathy, and Germany Creeks - fall Chinook salmon","Chinook salmon","Fall","Mill\Abernathy\Germany Creek",2021,31,"NOSAEJ",1,"aa3b6093-4e4c-4d89-af5c-f7f2fdba0454"
"Salmon, Chinook (Lower Columbia River ESU)","Lower Columbia Chinook","Coastal","Mill, Abernathy, and Germany Creeks - fall Chinook salmon","Chinook salmon","Fall","Mill\Abernathy\Germany Creek",2022,51,"NOSAEJ",1,"aa3b6093-4e4c-4d89-af5c-f7f2fdba0454"
"Salmon, Chinook (Lower Columbia River ESU)","Lower Columbia Chinook","Coastal","Mill, Abernathy, and Germany Creeks - fall Chinook salmon","Chinook salmon","Fall","Mill\Abernathy\Germany Creek",2023,173,"NOSAEJ",1,"aa3b6093-4e4c-4d89-af5c-f7f2fdba0454"
"Salmon, Chinook (Lower Columbia River ESU)","Lower Columbia Chinook","Coastal","Mill, Abernathy, and Germany Creeks - fall Chinook salmon","Chinook salmon","Fall","Mill\Abernathy\Germany Creek",2024,114,"NOSAEJ",1,"aa3b6093-4e4c-4d89-af5c-f7f2fdba0454"
"Salmon, Chinook (Lower Columbia River ESU)","Lower Columbia Chinook","Coastal","Mill, Abernathy, and Germany Creeks - fall Chinook salmon","Chinook salmon","Fall","Mill\Abernathy\Germany Creek",2025,130,"NOSAEJ",1,"aa3b6093-4e4c-4d89-af5c-f7f2fdba0454"
"Salmon, Chinook (Lower Columbia River ESU)","Lower Columbia Chinook","Cascade","North Fork Lewis River - spring Chinook salmon","Chinook salmon","Spring","North Fork Lewis River",2013,2,"NOSAEJ",1,"6030c24d-6c84-45ce-bcf4-d4192b41910a"
"Salmon, Chinook (Lower Columbia River ESU)","Lower Columbia Chinook","Cascade","North Fork Lewis River - spring Chinook salmon","Chinook salmon","Spring","North Fork Lewis River",2014,0,"NOSAEJ",1,"6030c24d-6c84-45ce-bcf4-d4192b41910a"
"Salmon, Chinook (Lower Columbia River ESU)","Lower Columbia Chinook","Cascade","North Fork Lewis River - spring Chinook salmon","Chinook salmon","Spring","North Fork Lewis River",2015,0,"NOSAEJ",1,"6030c24d-6c84-45ce-bcf4-d4192b41910a"
"Salmon, Chinook (Lower Columbia River ESU)","Lower Columbia Chinook","Cascade","North Fork Lewis River - spring Chinook salmon","Chinook salmon","Spring","North Fork Lewis River",2016,0,"NOSAEJ",1,"6030c24d-6c84-45ce-bcf4-d4192b41910a"
"Salmon, Chinook (Lower Columbia River ESU)","Lower Columbia Chinook","Cascade","North Fork Lewis River - spring Chinook salmon","Chinook salmon","Spring","North Fork Lewis River",2017,0,"NOSAEJ",1,"6030c24d-6c84-45ce-bcf4-d4192b41910a"
"Salmon, Chinook (Lower Columbia River ESU)","Lower Columbia Chinook","Cascade","North Fork Lewis River - spring Chinook salmon","Chinook salmon","Spring","North Fork Lewis River",2018,0,"NOSAEJ",1,"6030c24d-6c84-45ce-bcf4-d4192b41910a"
"Salmon, Chinook (Lower Columbia River ESU)","Lower Columbia Chinook","Cascade","North Fork Lewis River - spring Chinook salmon","Chinook salmon","Spring","North Fork Lewis River",2019,29,"NOSAEJ",1,"6030c24d-6c84-45ce-bcf4-d4192b41910a"
"Salmon, Chinook (Lower Columbia River ESU)","Lower Columbia Chinook","Cascade","North Fork Lewis River - spring Chinook salmon","Chinook salmon","Spring","North Fork Lewis River",2020,165,"NOSAEJ",1,"6030c24d-6c84-45ce-bcf4-d4192b41910a"
"Salmon, Chinook (Lower Columbia River ESU)","Lower Columbia Chinook","Cascade","North Fork Lewis River - spring Chinook salmon","Chinook salmon","Spring","North Fork Lewis River",2021,380,"NOSAEJ",1,"6030c24d-6c84-45ce-bcf4-d4192b41910a"
"Salmon, Chinook (Lower Columbia River ESU)","Lower Columbia Chinook","Cascade","North Fork Lewis River - spring Chinook salmon","Chinook salmon","Spring","North Fork Lewis River",2022,125,"NOSAEJ",1,"6030c24d-6c84-45ce-bcf4-d4192b41910a"
"Salmon, Chinook (Lower Columbia River ESU)","Lower Columbia Chinook","Cascade","North Fork Lewis River - spring Chinook salmon","Chinook salmon","Spring","North Fork Lewis River",2024,18,"NOSAEJ",1,"6030c24d-6c84-45ce-bcf4-d4192b41910a"
"Salmon, Chinook (Lower Columbia River ESU)","Lower Columbia Chinook","Cascade","North Fork Lewis River - spring Chinook salmon","Chinook salmon","Spring","North Fork Lewis River",2025,65,"NOSAEJ",1,"6030c24d-6c84-45ce-bcf4-d4192b41910a"
"Salmon, Chinook (Lower Columbia River ESU)","Lower Columbia Chinook","Cascade","Toutle River - fall Chinook salmon","Chinook salmon","Fall","Toutle River",2010,352,"NOSAEJ",1,"e227cf41-cde0-43ef-8642-27ec458d51c9"
"Salmon, Chinook (Lower Columbia River ESU)","Lower Columbia Chinook","Cascade","Toutle River - fall Chinook salmon","Chinook salmon","Fall","Toutle River",2011,212,"NOSAEJ",1,"e227cf41-cde0-43ef-8642-27ec458d51c9"
"Salmon, Chinook (Lower Columbia River ESU)","Lower Columbia Chinook","Cascade","Toutle River - fall Chinook salmon","Chinook salmon","Fall","Toutle River",2012,270,"NOSAEJ",1,"e227cf41-cde0-43ef-8642-27ec458d51c9"
"Salmon, Chinook (Lower Columbia River ESU)","Lower Columbia Chinook","Cascade","Toutle River - fall Chinook salmon","Chinook salmon","Fall","Toutle River",2013,1062,"NOSAEJ",1,"e227cf41-cde0-43ef-8642-27ec458d51c9"
"Salmon, Chinook (Lower Columbia River ESU)","Lower Columbia Chinook","Cascade","Toutle River - fall Chinook salmon","Chinook salmon","Fall","Toutle River",2014,379,"NOSAEJ",1,"e227cf41-cde0-43ef-8642-27ec458d51c9"
"Salmon, Chinook (Lower Columbia River ESU)","Lower Columbia Chinook","Cascade","Toutle River - fall Chinook salmon","Chinook salmon","Fall","Toutle River",2015,413,"NOSAEJ",1,"e227cf41-cde0-43ef-8642-27ec458d51c9"
"Salmon, Chinook (Lower Columbia River ESU)","Lower Columbia Chinook","Cascade","Toutle River - fall Chinook salmon","Chinook salmon","Fall","Toutle River",2016,424,"NOSAEJ",1,"e227cf41-cde0-43ef-8642-27ec458d51c9"
"Salmon, Chinook (Lower Columbia River ESU)","Lower Columbia Chinook","Cascade","Toutle River - fall Chinook salmon","Chinook salmon","Fall","Toutle River",2017,385,"NOSAEJ",1,"e227cf41-cde0-43ef-8642-27ec458d51c9"
"Salmon, Chinook (Lower Columbia River ESU)","Lower Columbia Chinook","Cascade","Toutle River - fall Chinook salmon","Chinook salmon","Fall","Toutle River",2018,175,"NOSAEJ",1,"7a32c794-d1fe-4390-bda8-b15e85df752c"
"Salmon, Chinook (Lower Columbia River ESU)","Lower Columbia Chinook","Cascade","Toutle River - fall Chinook salmon","Chinook salmon","Fall","Toutle River",2019,187,"NOSAEJ",1,"7a32c794-d1fe-4390-bda8-b15e85df752c"
"Salmon, Chinook (Lower Columbia River ESU)","Lower Columbia Chinook","Cascade","Toutle River - fall Chinook salmon","Chinook salmon","Fall","Toutle River",2020,458,"NOSAEJ",1,"7a32c794-d1fe-4390-bda8-b15e85df752c"
"Salmon, Chinook (Lower Columbia River ESU)","Lower Columbia Chinook","Cascade","Toutle River - fall Chinook salmon","Chinook salmon","Fall","Toutle River",2021,690,"NOSAEJ",1,"7a32c794-d1fe-4390-bda8-b15e85df752c"
"Salmon, Chinook (Lower Columbia River ESU)","Lower Columbia Chinook","Cascade","Toutle River - fall Chinook salmon","Chinook salmon","Fall","Toutle River",2022,530,"NOSAEJ",1,"7a32c794-d1fe-4390-bda8-b15e85df752c"
"Salmon, Chinook (Lower Columbia River ESU)","Lower Columbia Chinook","Cascade","Toutle River - fall Chinook salmon","Chinook salmon","Fall","Toutle River",2023,633,"NOSAEJ",1,"7a32c794-d1fe-4390-bda8-b15e85df752c"
"Salmon, Chinook (Lower Columbia River ESU)","Lower Columbia Chinook","Cascade","Toutle River - fall Chinook salmon","Chinook salmon","Fall","Toutle River",2024,629,"NOSAEJ",1,"7a32c794-d1fe-4390-bda8-b15e85df752c"
"Salmon, Chinook (Lower Columbia River ESU)","Lower Columbia Chinook","Cascade","Toutle River - fall Chinook salmon","Chinook salmon","Fall","Toutle River",2025,450,"NOSAEJ",1,"7a32c794-d1fe-4390-bda8-b15e85df752c"
"Salmon, Chinook (Lower Columbia River ESU)","Lower Columbia Chinook","Cascade fall","Upper Cowlitz River - fall Chinook salmon","Chinook salmon","Fall","Upper Cowlitz River",2010,2104,"NOSAEJ",1,"917d3a34-b42e-4f2e-b959-dd8b703c8b3e"
"Salmon, Chinook (Lower Columbia River ESU)","Lower Columbia Chinook","Cascade fall","Upper Cowlitz River - fall Chinook salmon","Chinook salmon","Fall","Upper Cowlitz River",2011,4264,"NOSAEJ",1,"917d3a34-b42e-4f2e-b959-dd8b703c8b3e"
"Salmon, Chinook (Lower Columbia River ESU)","Lower Columbia Chinook","Cascade fall","Upper Cowlitz River - fall Chinook salmon","Chinook salmon","Fall","Upper Cowlitz River",2012,1948,"NOSAEJ",1,"917d3a34-b42e-4f2e-b959-dd8b703c8b3e"
"Salmon, Chinook (Lower Columbia River ESU)","Lower Columbia Chinook","Cascade fall","Upper Cowlitz River - fall Chinook salmon","Chinook salmon","Fall","Upper Cowlitz River",2013,3273,"NOSAEJ",1,"917d3a34-b42e-4f2e-b959-dd8b703c8b3e"
"Salmon, Chinook (Lower Columbia River ESU)","Lower Columbia Chinook","Cascade fall","Upper Cowlitz River - fall Chinook salmon","Chinook salmon","Fall","Upper Cowlitz River",2014,2259,"NOSAEJ",1,"917d3a34-b42e-4f2e-b959-dd8b703c8b3e"
"Salmon, Chinook (Lower Columbia River ESU)","Lower Columbia Chinook","Cascade fall","Upper Cowlitz River - fall Chinook salmon","Chinook salmon","Fall","Upper Cowlitz River",2015,3375,"NOSAEJ",1,"917d3a34-b42e-4f2e-b959-dd8b703c8b3e"
"Salmon, Chinook (Lower Columbia River ESU)","Lower Columbia Chinook","Cascade fall","Upper Cowlitz River - fall Chinook salmon","Chinook salmon","Fall","Upper Cowlitz River",2016,3064,"NOSAEJ",1,"917d3a34-b42e-4f2e-b959-dd8b703c8b3e"
"Salmon, Chinook (Lower Columbia River ESU)","Lower Columbia Chinook","Cascade fall","Upper Cowlitz River - fall Chinook salmon","Chinook salmon","Fall","Upper Cowlitz River",2017,1494,"NOSAEJ",1,"917d3a34-b42e-4f2e-b959-dd8b703c8b3e"
"Salmon, Chinook (Lower Columbia River ESU)","Lower Columbia Chinook","Cascade fall","Upper Cowlitz River - fall Chinook salmon","Chinook salmon","Fall","Upper Cowlitz River",2018,622,"NOSAEJ",1,"ae0bf2c7-a62d-47e0-9a50-e96cdb594539"
"Salmon, Chinook (Lower Columbia River ESU)","Lower Columbia Chinook","Cascade fall","Upper Cowlitz River - fall Chinook salmon","Chinook salmon","Fall","Upper Cowlitz River",2019,543,"NOSAEJ",1,"ae0bf2c7-a62d-47e0-9a50-e96cdb594539"
"Salmon, Chinook (Lower Columbia River ESU)","Lower Columbia Chinook","Cascade fall","Upper Cowlitz River - fall Chinook salmon","Chinook salmon","Fall","Upper Cowlitz River",2020,1983,"NOSAEJ",1,"ae0bf2c7-a62d-47e0-9a50-e96cdb594539"
"Salmon, Chinook (Lower Columbia River ESU)","Lower Columbia Chinook","Cascade fall","Upper Cowlitz River - fall Chinook salmon","Chinook salmon","Fall","Upper Cowlitz River",2021,682,"NOSAEJ",1,"ae0bf2c7-a62d-47e0-9a50-e96cdb594539"
"Salmon, Chinook (Lower Columbia River ESU)","Lower Columbia Chinook","Cascade fall","Upper Cowlitz River - fall Chinook salmon","Chinook salmon","Fall","Upper Cowlitz River",2022,554,"NOSAEJ",1,"ae0bf2c7-a62d-47e0-9a50-e96cdb594539"
"Salmon, Chinook (Lower Columbia River ESU)","Lower Columbia Chinook","Cascade fall","Upper Cowlitz River - fall Chinook salmon","Chinook salmon","Fall","Upper Cowlitz River",2023,433,"NOSAEJ",1,"ae0bf2c7-a62d-47e0-9a50-e96cdb594539"
"Salmon, Chinook (Lower Columbia River ESU)","Lower Columbia Chinook","Cascade fall","Upper Cowlitz River - fall Chinook salmon","Chinook salmon","Fall","Upper Cowlitz River",2024,837,"NOSAEJ",1,"ae0bf2c7-a62d-47e0-9a50-e96cdb594539"
"Salmon, Chinook (Lower Columbia River ESU)","Lower Columbia Chinook","Cascade fall","Upper Cowlitz River - fall Chinook salmon","Chinook salmon","Fall","Upper Cowlitz River",2025,754,"NOSAEJ",1,"ae0bf2c7-a62d-47e0-9a50-e96cdb594539"
"Salmon, Chinook (Lower Columbia River ESU)","Lower Columbia Chinook","Cascade","Upper Cowlitz River - spring Chinook salmon","Chinook salmon","Spring","Upper Cowlitz River",2010,286,"NOSAEJ",1,"b06f8525-4f9b-4b86-a9c3-f8f50b3353ec"
"Salmon, Chinook (Lower Columbia River ESU)","Lower Columbia Chinook","Cascade","Upper Cowlitz River - spring Chinook salmon","Chinook salmon","Spring","Upper Cowlitz River",2011,191,"NOSAEJ",1,"b06f8525-4f9b-4b86-a9c3-f8f50b3353ec"
"Salmon, Chinook (Lower Columbia River ESU)","Lower Columbia Chinook","Cascade","Upper Cowlitz River - spring Chinook salmon","Chinook salmon","Spring","Upper Cowlitz River",2012,321,"NOSAEJ",1,"b06f8525-4f9b-4b86-a9c3-f8f50b3353ec"
"Salmon, Chinook (Lower Columbia River ESU)","Lower Columbia Chinook","Cascade","Upper Cowlitz River - spring Chinook salmon","Chinook salmon","Spring","Upper Cowlitz River",2013,409,"NOSAEJ",1,"b06f8525-4f9b-4b86-a9c3-f8f50b3353ec"
"Salmon, Chinook (Lower Columbia River ESU)","Lower Columbia Chinook","Cascade","Upper Cowlitz River - spring Chinook salmon","Chinook salmon","Spring","Upper Cowlitz River",2014,227,"NOSAEJ",1,"404bef6b-4c57-4414-a566-702e92ae342a"
"Salmon, Chinook (Lower Columbia River ESU)","Lower Columbia Chinook","Cascade","Upper Cowlitz River - spring Chinook salmon","Chinook salmon","Spring","Upper Cowlitz River",2015,187,"NOSAEJ",1,"9403bd46-f44f-4eb0-bea4-0e6a6094fbcf"
"Salmon, Chinook (Lower Columbia River ESU)","Lower Columbia Chinook","Cascade","Upper Cowlitz River - spring Chinook salmon","Chinook salmon","Spring","Upper Cowlitz River",2016,200,"NOSAEJ",1,"9403bd46-f44f-4eb0-bea4-0e6a6094fbcf"
"Salmon, Chinook (Lower Columbia River ESU)","Lower Columbia Chinook","Cascade","Upper Cowlitz River - spring Chinook salmon","Chinook salmon","Spring","Upper Cowlitz River",2017,149,"NOSAEJ",1,"9403bd46-f44f-4eb0-bea4-0e6a6094fbcf"
"Salmon, Chinook (Lower Columbia River ESU)","Lower Columbia Chinook","Cascade","Upper Cowlitz River - spring Chinook salmon","Chinook salmon","Spring","Upper Cowlitz River",2018,154,"NOSAEJ",1,"3bbe9f91-7d29-46df-a6d9-6280ca97e2ff"
"Salmon, Chinook (Lower Columbia River ESU)","Lower Columbia Chinook","Cascade","Upper Cowlitz River - spring Chinook salmon","Chinook salmon","Spring","Upper Cowlitz River",2019,55,"NOSAEJ",1,"3bbe9f91-7d29-46df-a6d9-6280ca97e2ff"
"Salmon, Chinook (Lower Columbia River ESU)","Lower Columbia Chinook","Cascade","Upper Cowlitz River - spring Chinook salmon","Chinook salmon","Spring","Upper Cowlitz River",2020,370,"NOSAEJ",1,"3bbe9f91-7d29-46df-a6d9-6280ca97e2ff"
"Salmon, Chinook (Lower Columbia River ESU)","Lower Columbia Chinook","Cascade","Upper Cowlitz River - spring Chinook salmon","Chinook salmon","Spring","Upper Cowlitz River",2021,549,"NOSAEJ",1,"3bbe9f91-7d29-46df-a6d9-6280ca97e2ff"
"Salmon, Chinook (Lower Columbia River ESU)","Lower Columbia Chinook","Cascade","Upper Cowlitz River - spring Chinook salmon","Chinook salmon","Spring","Upper Cowlitz River",2022,538,"NOSAEJ",1,"3bbe9f91-7d29-46df-a6d9-6280ca97e2ff"
"Salmon, Chinook (Lower Columbia River ESU)","Lower Columbia Chinook","Cascade","Upper Cowlitz River - spring Chinook salmon","Chinook salmon","Spring","Upper Cowlitz River",2023,425,"NOSAEJ",1,"9403bd46-f44f-4eb0-bea4-0e6a6094fbcf"
"Salmon, Chinook (Lower Columbia River ESU)","Lower Columbia Chinook","Cascade","Upper Cowlitz River - spring Chinook salmon","Chinook salmon","Spring","Upper Cowlitz River",2024,406,"NOSAEJ",1,"3bbe9f91-7d29-46df-a6d9-6280ca97e2ff"
"Salmon, Chinook (Lower Columbia River ESU)","Lower Columbia Chinook","Cascade","Upper Cowlitz River - spring Chinook salmon","Chinook salmon","Spring","Upper Cowlitz River",2025,426,"NOSAEJ",1,"3bbe9f91-7d29-46df-a6d9-6280ca97e2ff"
"Salmon, Chinook (Lower Columbia River ESU)","Lower Columbia Chinook","Gorge","Upper Gorge Tributaries - fall Chinook salmon","Chinook salmon","Fall","Upper Gorge Tributaries",2010,1465,"NOSAEJ",1,"e92ea2d1-4673-4d01-babe-27b52d62e918"
"Salmon, Chinook (Lower Columbia River ESU)","Lower Columbia Chinook","Gorge","Upper Gorge Tributaries - fall Chinook salmon","Chinook salmon","Fall","Upper Gorge Tributaries",2011,681,"NOSAEJ",1,"e92ea2d1-4673-4d01-babe-27b52d62e918"
"Salmon, Chinook (Lower Columbia River ESU)","Lower Columbia Chinook","Gorge","Upper Gorge Tributaries - fall Chinook salmon","Chinook salmon","Fall","Upper Gorge Tributaries",2012,325,"NOSAEJ",1,"e92ea2d1-4673-4d01-babe-27b52d62e918"
"Salmon, Chinook (Lower Columbia River ESU)","Lower Columbia Chinook","Gorge","Upper Gorge Tributaries - fall Chinook salmon","Chinook salmon","Fall","Upper Gorge Tributaries",2013,1026,"NOSAEJ",1,"e92ea2d1-4673-4d01-babe-27b52d62e918"
"Salmon, Chinook (Lower Columbia River ESU)","Lower Columbia Chinook","Gorge","Upper Gorge Tributaries - fall Chinook salmon","Chinook salmon","Fall","Upper Gorge Tributaries",2014,701,"NOSAEJ",1,"e92ea2d1-4673-4d01-babe-27b52d62e918"
"Salmon, Chinook (Lower Columbia River ESU)","Lower Columbia Chinook","Gorge","Upper Gorge Tributaries - fall Chinook salmon","Chinook salmon","Fall","Upper Gorge Tributaries",2015,859,"NOSAEJ",1,"e92ea2d1-4673-4d01-babe-27b52d62e918"
"Salmon, Chinook (Lower Columbia River ESU)","Lower Columbia Chinook","Gorge","Upper Gorge Tributaries - fall Chinook salmon","Chinook salmon","Fall","Upper Gorge Tributaries",2016,510,"NOSAEJ",1,"e92ea2d1-4673-4d01-babe-27b52d62e918"
"Salmon, Chinook (Lower Columbia River ESU)","Lower Columbia Chinook","Gorge","Upper Gorge Tributaries - fall Chinook salmon","Chinook salmon","Fall","Upper Gorge Tributaries",2017,422,"NOSAEJ",1,"e92ea2d1-4673-4d01-babe-27b52d62e918"
"Salmon, Chinook (Lower Columbia River ESU)","Lower Columbia Chinook","Gorge","Upper Gorge Tributaries - fall Chinook salmon","Chinook salmon","Fall","Upper Gorge Tributaries",2018,56,"NOSAEJ",1,"8284157e-e4aa-4f90-bb62-6141d3d66bb4"
"Salmon, Chinook (Lower Columbia River ESU)","Lower Columbia Chinook","Gorge","Upper Gorge Tributaries - fall Chinook salmon","Chinook salmon","Fall","Upper Gorge Tributaries",2019,325,"NOSAEJ",1,"8284157e-e4aa-4f90-bb62-6141d3d66bb4"
"Salmon, Chinook (Lower Columbia River ESU)","Lower Columbia Chinook","Gorge","Upper Gorge Tributaries - fall Chinook salmon","Chinook salmon","Fall","Upper Gorge Tributaries",2020,237,"NOSAEJ",1,"8284157e-e4aa-4f90-bb62-6141d3d66bb4"
"Salmon, Chinook (Lower Columbia River ESU)","Lower Columbia Chinook","Gorge","Upper Gorge Tributaries - fall Chinook salmon","Chinook salmon","Fall","Upper Gorge Tributaries",2021,179,"NOSAEJ",1,"8284157e-e4aa-4f90-bb62-6141d3d66bb4"
"Salmon, Chinook (Lower Columbia River ESU)","Lower Columbia Chinook","Gorge","Upper Gorge Tributaries - fall Chinook salmon","Chinook salmon","Fall","Upper Gorge Tributaries",2022,1208,"NOSAEJ",1,"8284157e-e4aa-4f90-bb62-6141d3d66bb4"
"Salmon, Chinook (Lower Columbia River ESU)","Lower Columbia Chinook","Gorge","Upper Gorge Tributaries - fall Chinook salmon","Chinook salmon","Fall","Upper Gorge Tributaries",2023,302,"NOSAEJ",1,"8284157e-e4aa-4f90-bb62-6141d3d66bb4"
"Salmon, Chinook (Lower Columbia River ESU)","Lower Columbia Chinook","Gorge","Upper Gorge Tributaries - fall Chinook salmon","Chinook salmon","Fall","Upper Gorge Tributaries",2024,396,"NOSAEJ",1,"8284157e-e4aa-4f90-bb62-6141d3d66bb4"
"Salmon, Chinook (Lower Columbia River ESU)","Lower Columbia Chinook","Gorge","Upper Gorge Tributaries - fall Chinook salmon","Chinook salmon","Fall","Upper Gorge Tributaries",2025,445,"NOSAEJ",1,"8284157e-e4aa-4f90-bb62-6141d3d66bb4"
"Salmon, Chinook (Lower Columbia River ESU)","Lower Columbia Chinook","Cascade","Washougal River - fall Chinook salmon","Chinook salmon","Fall","Washougal River",2010,322,"NOSAEJ",1,"461da4fc-f5cf-4990-9d3e-1e2994c674bf"
"Salmon, Chinook (Lower Columbia River ESU)","Lower Columbia Chinook","Cascade","Washougal River - fall Chinook salmon","Chinook salmon","Fall","Washougal River",2011,501,"NOSAEJ",1,"461da4fc-f5cf-4990-9d3e-1e2994c674bf"
"Salmon, Chinook (Lower Columbia River ESU)","Lower Columbia Chinook","Cascade","Washougal River - fall Chinook salmon","Chinook salmon","Fall","Washougal River",2012,268,"NOSAEJ",1,"461da4fc-f5cf-4990-9d3e-1e2994c674bf"
"Salmon, Chinook (Lower Columbia River ESU)","Lower Columbia Chinook","Cascade","Washougal River - fall Chinook salmon","Chinook salmon","Fall","Washougal River",2013,1360,"NOSAEJ",1,"461da4fc-f5cf-4990-9d3e-1e2994c674bf"
"Salmon, Chinook (Lower Columbia River ESU)","Lower Columbia Chinook","Cascade","Washougal River - fall Chinook salmon","Chinook salmon","Fall","Washougal River",2014,926,"NOSAEJ",1,"461da4fc-f5cf-4990-9d3e-1e2994c674bf"
"Salmon, Chinook (Lower Columbia River ESU)","Lower Columbia Chinook","Cascade","Washougal River - fall Chinook salmon","Chinook salmon","Fall","Washougal River",2015,1238,"NOSAEJ",1,"461da4fc-f5cf-4990-9d3e-1e2994c674bf"
"Salmon, Chinook (Lower Columbia River ESU)","Lower Columbia Chinook","Cascade","Washougal River - fall Chinook salmon","Chinook salmon","Fall","Washougal River",2016,723,"NOSAEJ",1,"461da4fc-f5cf-4990-9d3e-1e2994c674bf"
"Salmon, Chinook (Lower Columbia River ESU)","Lower Columbia Chinook","Cascade","Washougal River - fall Chinook salmon","Chinook salmon","Fall","Washougal River",2017,659,"NOSAEJ",1,"461da4fc-f5cf-4990-9d3e-1e2994c674bf"
"Salmon, Chinook (Lower Columbia River ESU)","Lower Columbia Chinook","Cascade","Washougal River - fall Chinook salmon","Chinook salmon","Fall","Washougal River",2018,831,"NOSAEJ",1,"df1ca7ff-3e04-416a-ae24-a8d31408ea3e"
"Salmon, Chinook (Lower Columbia River ESU)","Lower Columbia Chinook","Cascade","Washougal River - fall Chinook salmon","Chinook salmon","Fall","Washougal River",2019,1306,"NOSAEJ",1,"df1ca7ff-3e04-416a-ae24-a8d31408ea3e"
"Salmon, Chinook (Lower Columbia River ESU)","Lower Columbia Chinook","Cascade","Washougal River - fall Chinook salmon","Chinook salmon","Fall","Washougal River",2020,2807,"NOSAEJ",1,"df1ca7ff-3e04-416a-ae24-a8d31408ea3e"
"Salmon, Chinook (Lower Columbia River ESU)","Lower Columbia Chinook","Cascade","Washougal River - fall Chinook salmon","Chinook salmon","Fall","Washougal River",2021,1188,"NOSAEJ",1,"df1ca7ff-3e04-416a-ae24-a8d31408ea3e"
"Salmon, Chinook (Lower Columbia River ESU)","Lower Columbia Chinook","Cascade","Washougal River - fall Chinook salmon","Chinook salmon","Fall","Washougal River",2022,898,"NOSAEJ",1,"df1ca7ff-3e04-416a-ae24-a8d31408ea3e"
"Salmon, Chinook (Lower Columbia River ESU)","Lower Columbia Chinook","Cascade","Washougal River - fall Chinook salmon","Chinook salmon","Fall","Washougal River",2023,1326,"NOSAEJ",1,"df1ca7ff-3e04-416a-ae24-a8d31408ea3e"
"Salmon, Chinook (Lower Columbia River ESU)","Lower Columbia Chinook","Cascade","Washougal River - fall Chinook salmon","Chinook salmon","Fall","Washougal River",2024,1369,"NOSAEJ",1,"df1ca7ff-3e04-416a-ae24-a8d31408ea3e"
"Salmon, Chinook (Lower Columbia River ESU)","Lower Columbia Chinook","Cascade","Washougal River - fall Chinook salmon","Chinook salmon","Fall","Washougal River",2025,1488,"NOSAEJ",1,"df1ca7ff-3e04-416a-ae24-a8d31408ea3e"
"Salmon, Chinook (Lower Columbia River ESU)","Lower Columbia Chinook","Gorge","White Salmon River - fall Chinook salmon","Chinook salmon","Fall","White Salmon River",2010,1108,"NOSAEJ",1,"1a85e497-6080-4a1b-9a5e-0f581f7347cf"
"Salmon, Chinook (Lower Columbia River ESU)","Lower Columbia Chinook","Gorge","White Salmon River - fall Chinook salmon","Chinook salmon","Fall","White Salmon River",2011,483,"NOSAEJ",1,"1a85e497-6080-4a1b-9a5e-0f581f7347cf"
"Salmon, Chinook (Lower Columbia River ESU)","Lower Columbia Chinook","Gorge","White Salmon River - fall Chinook salmon","Chinook salmon","Fall","White Salmon River",2012,205,"NOSAEJ",1,"1a85e497-6080-4a1b-9a5e-0f581f7347cf"
"Salmon, Chinook (Lower Columbia River ESU)","Lower Columbia Chinook","Gorge","White Salmon River - fall Chinook salmon","Chinook salmon","Fall","White Salmon River",2013,546,"NOSAEJ",1,"1a85e497-6080-4a1b-9a5e-0f581f7347cf"
"Salmon, Chinook (Lower Columbia River ESU)","Lower Columbia Chinook","Gorge","White Salmon River - fall Chinook salmon","Chinook salmon","Fall","White Salmon River",2014,577,"NOSAEJ",1,"1a85e497-6080-4a1b-9a5e-0f581f7347cf"
"Salmon, Chinook (Lower Columbia River ESU)","Lower Columbia Chinook","Gorge","White Salmon River - fall Chinook salmon","Chinook salmon","Fall","White Salmon River",2015,307,"NOSAEJ",1,"1a85e497-6080-4a1b-9a5e-0f581f7347cf"
"Salmon, Chinook (Lower Columbia River ESU)","Lower Columbia Chinook","Gorge","White Salmon River - fall Chinook salmon","Chinook salmon","Fall","White Salmon River",2016,339,"NOSAEJ",1,"1a85e497-6080-4a1b-9a5e-0f581f7347cf"
"Salmon, Chinook (Lower Columbia River ESU)","Lower Columbia Chinook","Gorge","White Salmon River - fall Chinook salmon","Chinook salmon","Fall","White Salmon River",2017,253,"NOSAEJ",1,"1a85e497-6080-4a1b-9a5e-0f581f7347cf"
"Salmon, Chinook (Lower Columbia River ESU)","Lower Columbia Chinook","Gorge","White Salmon River - fall Chinook salmon","Chinook salmon","Fall","White Salmon River",2018,85,"NOSAEJ",1,"0d79047b-38b7-4d52-b2fd-b04c5d7806eb"
"Salmon, Chinook (Lower Columbia River ESU)","Lower Columbia Chinook","Gorge","White Salmon River - fall Chinook salmon","Chinook salmon","Fall","White Salmon River",2019,245,"NOSAEJ",1,"0d79047b-38b7-4d52-b2fd-b04c5d7806eb"
"Salmon, Chinook (Lower Columbia River ESU)","Lower Columbia Chinook","Gorge","White Salmon River - fall Chinook salmon","Chinook salmon","Fall","White Salmon River",2020,343,"NOSAEJ",1,"0d79047b-38b7-4d52-b2fd-b04c5d7806eb"
"Salmon, Chinook (Lower Columbia River ESU)","Lower Columbia Chinook","Gorge","White Salmon River - fall Chinook salmon","Chinook salmon","Fall","White Salmon River",2021,658,"NOSAEJ",1,"0d79047b-38b7-4d52-b2fd-b04c5d7806eb"
"Salmon, Chinook (Lower Columbia River ESU)","Lower Columbia Chinook","Gorge","White Salmon River - fall Chinook salmon","Chinook salmon","Fall","White Salmon River",2022,1320,"NOSAEJ",1,"0d79047b-38b7-4d52-b2fd-b04c5d7806eb"
"Salmon, Chinook (Lower Columbia River ESU)","Lower Columbia Chinook","Gorge","White Salmon River - fall Chinook salmon","Chinook salmon","Fall","White Salmon River",2023,263,"NOSAEJ",1,"0d79047b-38b7-4d52-b2fd-b04c5d7806eb"
"Salmon, Chinook (Lower Columbia River ESU)","Lower Columbia Chinook","Gorge","White Salmon River - fall Chinook salmon","Chinook salmon","Fall","White Salmon River",2024,1432,"NOSAEJ",1,"0d79047b-38b7-4d52-b2fd-b04c5d7806eb"
"Salmon, Chinook (Lower Columbia River ESU)","Lower Columbia Chinook","Gorge","White Salmon River - fall Chinook salmon","Chinook salmon","Fall","White Salmon River",2025,1340,"NOSAEJ",1,"0d79047b-38b7-4d52-b2fd-b04c5d7806eb"
"Salmon, Chinook (Lower Columbia River ESU)","Lower Columbia Chinook","Gorge","White Salmon River - spring Chinook salmon","Chinook salmon","Spring","White Salmon River",2013,15,"NOSAEJ",1,"68bcfed8-47d1-44ce-9b41-c65d793ea395"
"Salmon, Chinook (Lower Columbia River ESU)","Lower Columbia Chinook","Gorge","White Salmon River - spring Chinook salmon","Chinook salmon","Spring","White Salmon River",2014,21,"NOSAEJ",1,"68bcfed8-47d1-44ce-9b41-c65d793ea395"
"Salmon, Chinook (Lower Columbia River ESU)","Lower Columbia Chinook","Gorge","White Salmon River - spring Chinook salmon","Chinook salmon","Spring","White Salmon River",2015,15,"NOSAEJ",1,"09c28cfc-7dd1-49e9-a115-1a0c220dd037"
"Salmon, Chinook (Lower Columbia River ESU)","Lower Columbia Chinook","Gorge","White Salmon River - spring Chinook salmon","Chinook salmon","Spring","White Salmon River",2016,6,"NOSAEJ",1,"09c28cfc-7dd1-49e9-a115-1a0c220dd037"
"Salmon, Chinook (Lower Columbia River ESU)","Lower Columbia Chinook","Gorge","White Salmon River - spring Chinook salmon","Chinook salmon","Spring","White Salmon River",2017,5,"NOSAEJ",1,"09c28cfc-7dd1-49e9-a115-1a0c220dd037"
"Salmon, Chinook (Lower Columbia River ESU)","Lower Columbia Chinook","Gorge","White Salmon River - spring Chinook salmon","Chinook salmon","Spring","White Salmon River",2018,9,"NOSAEJ",1,"09c28cfc-7dd1-49e9-a115-1a0c220dd037"
"Salmon, Chinook (Lower Columbia River ESU)","Lower Columbia Chinook","Gorge","White Salmon River - spring Chinook salmon","Chinook salmon","Spring","White Salmon River",2019,3,"NOSAEJ",1,"09c28cfc-7dd1-49e9-a115-1a0c220dd037"
"Salmon, Chinook (Lower Columbia River ESU)","Lower Columbia Chinook","Gorge","White Salmon River - spring Chinook salmon","Chinook salmon","Spring","White Salmon River",2020,0,"NOSAEJ",1,"09c28cfc-7dd1-49e9-a115-1a0c220dd037"
"Salmon, Chinook (Lower Columbia River ESU)","Lower Columbia Chinook","Gorge","White Salmon River - spring Chinook salmon","Chinook salmon","Spring","White Salmon River",2021,0,"NOSAEJ",1,"09c28cfc-7dd1-49e9-a115-1a0c220dd037"
"Salmon, Chinook (Lower Columbia River ESU)","Lower Columbia Chinook","Gorge","White Salmon River - spring Chinook salmon","Chinook salmon","Spring","White Salmon River",2022,0,"NOSAEJ",1,"68bcfed8-47d1-44ce-9b41-c65d793ea395"
"Salmon, Chinook (Lower Columbia River ESU)","Lower Columbia Chinook","Gorge","White Salmon River - spring Chinook salmon","Chinook salmon","Spring","White Salmon River",2023,0,"NOSAEJ",1,"68bcfed8-47d1-44ce-9b41-c65d793ea395"
"Salmon, Chinook (Lower Columbia River ESU)","Lower Columbia Chinook","Gorge","White Salmon River - spring Chinook salmon","Chinook salmon","Spring","White Salmon River",2024,0,"NOSAEJ",1,"68bcfed8-47d1-44ce-9b41-c65d793ea395"
"Salmon, Chinook (Lower Columbia River ESU)","Lower Columbia Chinook","Gorge","White Salmon River - spring Chinook salmon","Chinook salmon","Spring","White Salmon River",2025,0,"NOSAEJ",1,"68bcfed8-47d1-44ce-9b41-c65d793ea395"
"Salmon, Chinook (Puget Sound ESU)","Puget Sound Chinook","Puget Sound Central East","Cascade River - spring Chinook salmon","Chinook salmon","Spring","Cascade River",1999,83,"TSAIJ",2,"101cfdbc-2632-43eb-a01d-4e1907e04b1c"
"Salmon, Chinook (Puget Sound ESU)","Puget Sound Chinook","Puget Sound Central East","Cascade River - spring Chinook salmon","Chinook salmon","Spring","Cascade River",2000,273,"TSAIJ",2,"101cfdbc-2632-43eb-a01d-4e1907e04b1c"
"Salmon, Chinook (Puget Sound ESU)","Puget Sound Chinook","Puget Sound Central East","Cascade River - spring Chinook salmon","Chinook salmon","Spring","Cascade River",2001,625,"TSAIJ",2,"101cfdbc-2632-43eb-a01d-4e1907e04b1c"
"Salmon, Chinook (Puget Sound ESU)","Puget Sound Chinook","Puget Sound Central East","Cascade River - spring Chinook salmon","Chinook salmon","Spring","Cascade River",2002,340,"TSAIJ",2,"101cfdbc-2632-43eb-a01d-4e1907e04b1c"
"Salmon, Chinook (Puget Sound ESU)","Puget Sound Chinook","Puget Sound Central East","Cascade River - spring Chinook salmon","Chinook salmon","Spring","Cascade River",2003,298,"TSAIJ",2,"101cfdbc-2632-43eb-a01d-4e1907e04b1c"
"Salmon, Chinook (Puget Sound ESU)","Puget Sound Chinook","Puget Sound Central East","Cascade River - spring Chinook salmon","Chinook salmon","Spring","Cascade River",2004,380,"TSAIJ",2,"101cfdbc-2632-43eb-a01d-4e1907e04b1c"
"Salmon, Chinook (Puget Sound ESU)","Puget Sound Chinook","Puget Sound Central East","Cascade River - spring Chinook salmon","Chinook salmon","Spring","Cascade River",2005,420,"TSAIJ",2,"101cfdbc-2632-43eb-a01d-4e1907e04b1c"
"Salmon, Chinook (Puget Sound ESU)","Puget Sound Chinook","Puget Sound Central East","Cascade River - spring Chinook salmon","Chinook salmon","Spring","Cascade River",2006,478,"TSAIJ",2,"28e24066-374a-4adc-828f-8d07509bf42b"
"Salmon, Chinook (Puget Sound ESU)","Puget Sound Chinook","Puget Sound Central East","Cascade River - spring Chinook salmon","Chinook salmon","Spring","Cascade River",2007,223,"TSAIJ",2,"28e24066-374a-4adc-828f-8d07509bf42b"
"Salmon, Chinook (Puget Sound ESU)","Puget Sound Chinook","Puget Sound Central East","Cascade River - spring Chinook salmon","Chinook salmon","Spring","Cascade River",2008,284,"TSAIJ",2,"28e24066-374a-4adc-828f-8d07509bf42b"
"Salmon, Chinook (Puget Sound ESU)","Puget Sound Chinook","Puget Sound Central East","Cascade River - spring Chinook salmon","Chinook salmon","Spring","Cascade River",2009,338,"TSAIJ",2,"28e24066-374a-4adc-828f-8d07509bf42b"
"Salmon, Chinook (Puget Sound ESU)","Puget Sound Chinook","Puget Sound Central East","Cascade River - spring Chinook salmon","Chinook salmon","Spring","Cascade River",2010,330,"TSAIJ",2,"28e24066-374a-4adc-828f-8d07509bf42b"
"Salmon, Chinook (Puget Sound ESU)","Puget Sound Chinook","Puget Sound Central East","Cascade River - spring Chinook salmon","Chinook salmon","Spring","Cascade River",2011,265,"TSAIJ",2,"28e24066-374a-4adc-828f-8d07509bf42b"
"Salmon, Chinook (Puget Sound ESU)","Puget Sound Chinook","Puget Sound Central East","Cascade River - spring Chinook salmon","Chinook salmon","Spring","Cascade River",2012,488,"TSAIJ",2,"28e24066-374a-4adc-828f-8d07509bf42b"
"Salmon, Chinook (Puget Sound ESU)","Puget Sound Chinook","Puget Sound Central East","Cascade River - spring Chinook salmon","Chinook salmon","Spring","Cascade River",2013,310,"TSAIJ",2,"28e24066-374a-4adc-828f-8d07509bf42b"
"Salmon, Chinook (Puget Sound ESU)","Puget Sound Chinook","Puget Sound Central East","Cascade River - spring Chinook salmon","Chinook salmon","Spring","Cascade River",2014,225,"TSAIJ",2,"28e24066-374a-4adc-828f-8d07509bf42b"
"Salmon, Chinook (Puget Sound ESU)","Puget Sound Chinook","Puget Sound Central East","Cascade River - spring Chinook salmon","Chinook salmon","Spring","Cascade River",2015,188,"TSAIJ",2,"28e24066-374a-4adc-828f-8d07509bf42b"
"Salmon, Chinook (Puget Sound ESU)","Puget Sound Chinook","Puget Sound Central East","Cascade River - spring Chinook salmon","Chinook salmon","Spring","Cascade River",2016,295,"TSAIJ",2,"28e24066-374a-4adc-828f-8d07509bf42b"
"Salmon, Chinook (Puget Sound ESU)","Puget Sound Chinook","Puget Sound Central East","Cascade River - spring Chinook salmon","Chinook salmon","Spring","Cascade River",2017,323,"TSAIJ",2,"28e24066-374a-4adc-828f-8d07509bf42b"
"Salmon, Chinook (Puget Sound ESU)","Puget Sound Chinook","Puget Sound Central East","Cascade River - spring Chinook salmon","Chinook salmon","Spring","Cascade River",2018,128,"TSAIJ",2,"28e24066-374a-4adc-828f-8d07509bf42b"
"Salmon, Chinook (Puget Sound ESU)","Puget Sound Chinook","Puget Sound Central East","Cascade River - spring Chinook salmon","Chinook salmon","Spring","Cascade River",2019,180,"TSAIJ",2,"28e24066-374a-4adc-828f-8d07509bf42b"
"Salmon, Chinook (Puget Sound ESU)","Puget Sound Chinook","Puget Sound Central East","Cascade River - spring Chinook salmon","Chinook salmon","Spring","Cascade River",2020,115,"TSAIJ",2,"28e24066-374a-4adc-828f-8d07509bf42b"
"Salmon, Chinook (Puget Sound ESU)","Puget Sound Chinook","Puget Sound Central East","Cascade River - spring Chinook salmon","Chinook salmon","Spring","Cascade River",2021,145,"TSAIJ",2,"28e24066-374a-4adc-828f-8d07509bf42b"
"Salmon, Chinook (Puget Sound ESU)","Puget Sound Chinook","Puget Sound Central East","Cascade River - spring Chinook salmon","Chinook salmon","Spring","Cascade River",2022,410,"TSAIJ",2,"28e24066-374a-4adc-828f-8d07509bf42b"
"Salmon, Chinook (Puget Sound ESU)","Puget Sound Chinook","Puget Sound Central East","Cascade River - spring Chinook salmon","Chinook salmon","Spring","Cascade River",2023,353,"TSAIJ",2,"101cfdbc-2632-43eb-a01d-4e1907e04b1c"
"Salmon, Chinook (Puget Sound ESU)","Puget Sound Chinook","Puget Sound Central East","Cascade River - spring Chinook salmon","Chinook salmon","Spring","Cascade River",2024,278,"TSAIJ",1,"cba2a2a9-01ab-46b5-828e-eb64c50782b5"
"Salmon, Chinook (Puget Sound ESU)","Puget Sound Chinook","Puget Sound Central East","Cascade River - spring Chinook salmon","Chinook salmon","Spring","Cascade River",2025,274,"TSAIJ",1,"cba2a2a9-01ab-46b5-828e-eb64c50782b5"
"Salmon, Chinook (Puget Sound ESU)","Puget Sound Chinook","Puget Sound South","Cedar River - fall Chinook salmon","Chinook salmon","Summer Fall","Cedar River",2004,842,"NOSAEJ",3,"5fb9cd45-fab3-40e6-851f-adf9e57f9904"
"Salmon, Chinook (Puget Sound ESU)","Puget Sound Chinook","Puget Sound South","Cedar River - fall Chinook salmon","Chinook salmon","Summer Fall","Cedar River",2005,582,"NOSAEJ",3,"5fb9cd45-fab3-40e6-851f-adf9e57f9904"
"Salmon, Chinook (Puget Sound ESU)","Puget Sound Chinook","Puget Sound South","Cedar River - fall Chinook salmon","Chinook salmon","Summer Fall","Cedar River",2006,1164,"NOSAEJ",3,"5fb9cd45-fab3-40e6-851f-adf9e57f9904"
"Salmon, Chinook (Puget Sound ESU)","Puget Sound Chinook","Puget Sound South","Cedar River - fall Chinook salmon","Chinook salmon","Summer Fall","Cedar River",2007,1893,"NOSAEJ",3,"5fb9cd45-fab3-40e6-851f-adf9e57f9904"
"Salmon, Chinook (Puget Sound ESU)","Puget Sound Chinook","Puget Sound South","Cedar River - fall Chinook salmon","Chinook salmon","Summer Fall","Cedar River",2008,1346,"NOSAEJ",3,"5fb9cd45-fab3-40e6-851f-adf9e57f9904"
"Salmon, Chinook (Puget Sound ESU)","Puget Sound Chinook","Puget Sound South","Cedar River - fall Chinook salmon","Chinook salmon","Summer Fall","Cedar River",2009,577,"NOSAEJ",3,"5fb9cd45-fab3-40e6-851f-adf9e57f9904"
"Salmon, Chinook (Puget Sound ESU)","Puget Sound Chinook","Puget Sound South","Cedar River - fall Chinook salmon","Chinook salmon","Summer Fall","Cedar River",2010,548,"NOSAEJ",3,"5fb9cd45-fab3-40e6-851f-adf9e57f9904"
"Salmon, Chinook (Puget Sound ESU)","Puget Sound Chinook","Puget Sound South","Cedar River - fall Chinook salmon","Chinook salmon","Summer Fall","Cedar River",2011,646,"NOSAEJ",3,"5fb9cd45-fab3-40e6-851f-adf9e57f9904"
"Salmon, Chinook (Puget Sound ESU)","Puget Sound Chinook","Puget Sound South","Cedar River - fall Chinook salmon","Chinook salmon","Summer Fall","Cedar River",2012,881,"NOSAEJ",3,"5fb9cd45-fab3-40e6-851f-adf9e57f9904"
"Salmon, Chinook (Puget Sound ESU)","Puget Sound Chinook","Puget Sound South","Cedar River - fall Chinook salmon","Chinook salmon","Summer Fall","Cedar River",2013,1570,"NOSAEJ",3,"5fb9cd45-fab3-40e6-851f-adf9e57f9904"
"Salmon, Chinook (Puget Sound ESU)","Puget Sound Chinook","Puget Sound South","Cedar River - fall Chinook salmon","Chinook salmon","Summer Fall","Cedar River",2014,306,"NOSAEJ",3,"5fb9cd45-fab3-40e6-851f-adf9e57f9904"
"Salmon, Chinook (Puget Sound ESU)","Puget Sound Chinook","Puget Sound South","Cedar River - fall Chinook salmon","Chinook salmon","Summer Fall","Cedar River",2015,1192,"NOSAEJ",3,"5fb9cd45-fab3-40e6-851f-adf9e57f9904"
"Salmon, Chinook (Puget Sound ESU)","Puget Sound Chinook","Puget Sound South","Cedar River - fall Chinook salmon","Chinook salmon","Summer Fall","Cedar River",2016,615,"NOSAEJ",3,"5fb9cd45-fab3-40e6-851f-adf9e57f9904"
"Salmon, Chinook (Puget Sound ESU)","Puget Sound Chinook","Puget Sound South","Cedar River - fall Chinook salmon","Chinook salmon","Summer Fall","Cedar River",2017,1564,"NOSAEJ",3,"5fb9cd45-fab3-40e6-851f-adf9e57f9904"
"Salmon, Chinook (Puget Sound ESU)","Puget Sound Chinook","Puget Sound South","Cedar River - fall Chinook salmon","Chinook salmon","Summer Fall","Cedar River",2018,666,"NOSAEJ",3,"5fb9cd45-fab3-40e6-851f-adf9e57f9904"
"Salmon, Chinook (Puget Sound ESU)","Puget Sound Chinook","Puget Sound South","Cedar River - fall Chinook salmon","Chinook salmon","Summer Fall","Cedar River",2019,606,"NOSAEJ",3,"5fb9cd45-fab3-40e6-851f-adf9e57f9904"
"Salmon, Chinook (Puget Sound ESU)","Puget Sound Chinook","Puget Sound South","Cedar River - fall Chinook salmon","Chinook salmon","Summer Fall","Cedar River",2020,278,"NOSAEJ",3,"5fb9cd45-fab3-40e6-851f-adf9e57f9904"
"Salmon, Chinook (Puget Sound ESU)","Puget Sound Chinook","Puget Sound South","Cedar River - fall Chinook salmon","Chinook salmon","Summer Fall","Cedar River",2021,596,"NOSAEJ",3,"5fb9cd45-fab3-40e6-851f-adf9e57f9904"
"Salmon, Chinook (Puget Sound ESU)","Puget Sound Chinook","Puget Sound South","Cedar River - fall Chinook salmon","Chinook salmon","Summer Fall","Cedar River",2022,659,"NOSAEJ",3,"5fb9cd45-fab3-40e6-851f-adf9e57f9904"
"Salmon, Chinook (Puget Sound ESU)","Puget Sound Chinook","Puget Sound South","Cedar River - fall Chinook salmon","Chinook salmon","Summer Fall","Cedar River",2023,421,"NOSAEJ",3,"5fb9cd45-fab3-40e6-851f-adf9e57f9904"
"Salmon, Chinook (Puget Sound ESU)","Puget Sound Chinook","Puget Sound South","Cedar River - fall Chinook salmon","Chinook salmon","Summer Fall","Cedar River",2024,335,"NOSAEJ",3,"5fb9cd45-fab3-40e6-851f-adf9e57f9904"
"Salmon, Chinook (Puget Sound ESU)","Puget Sound Chinook","Puget Sound South","Cedar River - fall Chinook salmon","Chinook salmon","Summer Fall","Cedar River",2025,473,"NOSAEJ",3,"5fb9cd45-fab3-40e6-851f-adf9e57f9904"
"Salmon, Chinook (Puget Sound ESU)","Puget Sound Chinook","Puget Sound North West","Dungeness River - summer Chinook salmon","Chinook salmon","Spring Summer","Dungeness River",2001,17,"NOSAEJ",1,"85ce6504-6f66-4994-9d94-f25f28d204f5"
"Salmon, Chinook (Puget Sound ESU)","Puget Sound Chinook","Puget Sound North West","Dungeness River - summer Chinook salmon","Chinook salmon","Spring Summer","Dungeness River",2002,115,"NOSAEJ",1,"85ce6504-6f66-4994-9d94-f25f28d204f5"
"Salmon, Chinook (Puget Sound ESU)","Puget Sound Chinook","Puget Sound North West","Dungeness River - summer Chinook salmon","Chinook salmon","Spring Summer","Dungeness River",2003,123,"NOSAEJ",1,"85ce6504-6f66-4994-9d94-f25f28d204f5"
"Salmon, Chinook (Puget Sound ESU)","Puget Sound Chinook","Puget Sound North West","Dungeness River - summer Chinook salmon","Chinook salmon","Spring Summer","Dungeness River",2004,182,"NOSAEJ",1,"85ce6504-6f66-4994-9d94-f25f28d204f5"
"Salmon, Chinook (Puget Sound ESU)","Puget Sound Chinook","Puget Sound North West","Dungeness River - summer Chinook salmon","Chinook salmon","Spring Summer","Dungeness River",2005,304,"NOSAEJ",1,"85ce6504-6f66-4994-9d94-f25f28d204f5"
"Salmon, Chinook (Puget Sound ESU)","Puget Sound Chinook","Puget Sound North West","Dungeness River - summer Chinook salmon","Chinook salmon","Spring Summer","Dungeness River",2006,293,"NOSAEJ",1,"85ce6504-6f66-4994-9d94-f25f28d204f5"
"Salmon, Chinook (Puget Sound ESU)","Puget Sound Chinook","Puget Sound North West","Dungeness River - summer Chinook salmon","Chinook salmon","Spring Summer","Dungeness River",2007,146,"NOSAEJ",1,"85ce6504-6f66-4994-9d94-f25f28d204f5"
"Salmon, Chinook (Puget Sound ESU)","Puget Sound Chinook","Puget Sound North West","Dungeness River - summer Chinook salmon","Chinook salmon","Spring Summer","Dungeness River",2008,86,"NOSAEJ",1,"85ce6504-6f66-4994-9d94-f25f28d204f5"
"Salmon, Chinook (Puget Sound ESU)","Puget Sound Chinook","Puget Sound North West","Dungeness River - summer Chinook salmon","Chinook salmon","Spring Summer","Dungeness River",2009,71,"NOSAEJ",1,"85ce6504-6f66-4994-9d94-f25f28d204f5"
"Salmon, Chinook (Puget Sound ESU)","Puget Sound Chinook","Puget Sound North West","Dungeness River - summer Chinook salmon","Chinook salmon","Spring Summer","Dungeness River",2010,76,"NOSAEJ",1,"85ce6504-6f66-4994-9d94-f25f28d204f5"
"Salmon, Chinook (Puget Sound ESU)","Puget Sound Chinook","Puget Sound North West","Dungeness River - summer Chinook salmon","Chinook salmon","Spring Summer","Dungeness River",2011,83,"NOSAEJ",1,"85ce6504-6f66-4994-9d94-f25f28d204f5"
"Salmon, Chinook (Puget Sound ESU)","Puget Sound Chinook","Puget Sound North West","Dungeness River - summer Chinook salmon","Chinook salmon","Spring Summer","Dungeness River",2012,212,"NOSAEJ",1,"85ce6504-6f66-4994-9d94-f25f28d204f5"
"Salmon, Chinook (Puget Sound ESU)","Puget Sound Chinook","Puget Sound North West","Dungeness River - summer Chinook salmon","Chinook salmon","Spring Summer","Dungeness River",2013,46,"NOSAEJ",1,"85ce6504-6f66-4994-9d94-f25f28d204f5"
"Salmon, Chinook (Puget Sound ESU)","Puget Sound Chinook","Puget Sound North West","Dungeness River - summer Chinook salmon","Chinook salmon","Spring Summer","Dungeness River",2014,21,"NOSAEJ",1,"85ce6504-6f66-4994-9d94-f25f28d204f5"
"Salmon, Chinook (Puget Sound ESU)","Puget Sound Chinook","Puget Sound North West","Dungeness River - summer Chinook salmon","Chinook salmon","Spring Summer","Dungeness River",2015,65,"NOSAEJ",1,"85ce6504-6f66-4994-9d94-f25f28d204f5"
"Salmon, Chinook (Puget Sound ESU)","Puget Sound Chinook","Puget Sound North West","Dungeness River - summer Chinook salmon","Chinook salmon","Spring Summer","Dungeness River",2016,135,"NOSAEJ",1,"85ce6504-6f66-4994-9d94-f25f28d204f5"
"Salmon, Chinook (Puget Sound ESU)","Puget Sound Chinook","Puget Sound North West","Dungeness River - summer Chinook salmon","Chinook salmon","Spring Summer","Dungeness River",2017,149,"NOSAEJ",1,"85ce6504-6f66-4994-9d94-f25f28d204f5"
"Salmon, Chinook (Puget Sound ESU)","Puget Sound Chinook","Puget Sound North West","Dungeness River - summer Chinook salmon","Chinook salmon","Spring Summer","Dungeness River",2018,127,"NOSAEJ",1,"85ce6504-6f66-4994-9d94-f25f28d204f5"
"Salmon, Chinook (Puget Sound ESU)","Puget Sound Chinook","Puget Sound North West","Dungeness River - summer Chinook salmon","Chinook salmon","Spring Summer","Dungeness River",2019,173,"NOSAEJ",1,"85ce6504-6f66-4994-9d94-f25f28d204f5"
"Salmon, Chinook (Puget Sound ESU)","Puget Sound Chinook","Puget Sound North West","Dungeness River - summer Chinook salmon","Chinook salmon","Spring Summer","Dungeness River",2020,294,"NOSAEJ",1,"85ce6504-6f66-4994-9d94-f25f28d204f5"
"Salmon, Chinook (Puget Sound ESU)","Puget Sound Chinook","Puget Sound North West","Dungeness River - summer Chinook salmon","Chinook salmon","Spring Summer","Dungeness River",2021,312,"NOSAEJ",1,"85ce6504-6f66-4994-9d94-f25f28d204f5"
"Salmon, Chinook (Puget Sound ESU)","Puget Sound Chinook","Puget Sound North West","Dungeness River - summer Chinook salmon","Chinook salmon","Spring Summer","Dungeness River",2022,256,"NOSAEJ",1,"85ce6504-6f66-4994-9d94-f25f28d204f5"
"Salmon, Chinook (Puget Sound ESU)","Puget Sound Chinook","Puget Sound North West","Dungeness River - summer Chinook salmon","Chinook salmon","Spring Summer","Dungeness River",2023,282,"NOSAEJ",1,"85ce6504-6f66-4994-9d94-f25f28d204f5"
"Salmon, Chinook (Puget Sound ESU)","Puget Sound Chinook","Puget Sound North West","Dungeness River - summer Chinook salmon","Chinook salmon","Spring Summer","Dungeness River",2024,526,"NOSAEJ",1,"85ce6504-6f66-4994-9d94-f25f28d204f5"
"Salmon, Chinook (Puget Sound ESU)","Puget Sound Chinook","Puget Sound North West","Dungeness River - summer Chinook salmon","Chinook salmon","Spring Summer","Dungeness River",2025,147,"NOSAEJ",1,"85ce6504-6f66-4994-9d94-f25f28d204f5"
"Salmon, Chinook (Puget Sound ESU)","Puget Sound Chinook","Puget Sound North West","Elwha River - fall Chinook salmon","Chinook salmon","Summer Fall","Elwha River",2009,14,"NOSAEJ",2,"b37e3ad4-00a6-4882-a49f-f3eb0692772e"
"Salmon, Chinook (Puget Sound ESU)","Puget Sound Chinook","Puget Sound North West","Elwha River - fall Chinook salmon","Chinook salmon","Summer Fall","Elwha River",2010,32,"NOSAEJ",2,"b37e3ad4-00a6-4882-a49f-f3eb0692772e"
"Salmon, Chinook (Puget Sound ESU)","Puget Sound Chinook","Puget Sound North West","Elwha River - fall Chinook salmon","Chinook salmon","Summer Fall","Elwha River",2011,24,"NOSAEJ",2,"b37e3ad4-00a6-4882-a49f-f3eb0692772e"
"Salmon, Chinook (Puget Sound ESU)","Puget Sound Chinook","Puget Sound North West","Elwha River - fall Chinook salmon","Chinook salmon","Summer Fall","Elwha River",2012,132,"NOSAEJ",3,"98ba919a-a099-4070-aa3a-194e6376a810"
"Salmon, Chinook (Puget Sound ESU)","Puget Sound Chinook","Puget Sound North West","Elwha River - fall Chinook salmon","Chinook salmon","Summer Fall","Elwha River",2013,107,"NOSAEJ",3,"98ba919a-a099-4070-aa3a-194e6376a810"
"Salmon, Chinook (Puget Sound ESU)","Puget Sound Chinook","Puget Sound North West","Elwha River - fall Chinook salmon","Chinook salmon","Summer Fall","Elwha River",2014,121,"NOSAEJ",3,"98ba919a-a099-4070-aa3a-194e6376a810"
"Salmon, Chinook (Puget Sound ESU)","Puget Sound Chinook","Puget Sound North West","Elwha River - fall Chinook salmon","Chinook salmon","Summer Fall","Elwha River",2015,159,"NOSAEJ",3,"98ba919a-a099-4070-aa3a-194e6376a810"
"Salmon, Chinook (Puget Sound ESU)","Puget Sound Chinook","Puget Sound North West","Elwha River - fall Chinook salmon","Chinook salmon","Summer Fall","Elwha River",2016,125,"NOSAEJ",3,"98ba919a-a099-4070-aa3a-194e6376a810"
"Salmon, Chinook (Puget Sound ESU)","Puget Sound Chinook","Puget Sound North West","Elwha River - fall Chinook salmon","Chinook salmon","Summer Fall","Elwha River",2017,121,"NOSAEJ",3,"98ba919a-a099-4070-aa3a-194e6376a810"
"Salmon, Chinook (Puget Sound ESU)","Puget Sound Chinook","Puget Sound North West","Elwha River - fall Chinook salmon","Chinook salmon","Summer Fall","Elwha River",2018,176,"NOSAEJ",3,"98ba919a-a099-4070-aa3a-194e6376a810"
"Salmon, Chinook (Puget Sound ESU)","Puget Sound Chinook","Puget Sound North West","Elwha River - fall Chinook salmon","Chinook salmon","Summer Fall","Elwha River",2019,398,"NOSAEJ",3,"98ba919a-a099-4070-aa3a-194e6376a810"
"Salmon, Chinook (Puget Sound ESU)","Puget Sound Chinook","Puget Sound North West","Elwha River - fall Chinook salmon","Chinook salmon","Summer Fall","Elwha River",2020,400,"NOSAEJ",3,"98ba919a-a099-4070-aa3a-194e6376a810"
"Salmon, Chinook (Puget Sound ESU)","Puget Sound Chinook","Puget Sound North West","Elwha River - fall Chinook salmon","Chinook salmon","Summer Fall","Elwha River",2021,176,"NOSAEJ",3,"98ba919a-a099-4070-aa3a-194e6376a810"
"Salmon, Chinook (Puget Sound ESU)","Puget Sound Chinook","Puget Sound North West","Elwha River - fall Chinook salmon","Chinook salmon","Summer Fall","Elwha River",2022,413,"NOSAEJ",3,"98ba919a-a099-4070-aa3a-194e6376a810"
"Salmon, Chinook (Puget Sound ESU)","Puget Sound Chinook","Puget Sound North West","Elwha River - fall Chinook salmon","Chinook salmon","Summer Fall","Elwha River",2023,501,"NOSAEJ",3,"98ba919a-a099-4070-aa3a-194e6376a810"
"Salmon, Chinook (Puget Sound ESU)","Puget Sound Chinook","Puget Sound North West","Elwha River - fall Chinook salmon","Chinook salmon","Summer Fall","Elwha River",2024,573,"NOSAEJ",2,"b37e3ad4-00a6-4882-a49f-f3eb0692772e"
"Salmon, Chinook (Puget Sound ESU)","Puget Sound Chinook","Puget Sound North West","Elwha River - fall Chinook salmon","Chinook salmon","Summer Fall","Elwha River",2025,371,"NOSAEJ",2,"b37e3ad4-00a6-4882-a49f-f3eb0692772e"
"Salmon, Chinook (Puget Sound ESU)","Puget Sound Chinook","Puget Sound South","Green River - fall Chinook salmon","Chinook salmon","Summer Fall","Green River",2003,1228,"NOSAEJ",1,"f0adf674-6427-48d6-b13d-fafdb78a425f"
"Salmon, Chinook (Puget Sound ESU)","Puget Sound Chinook","Puget Sound South","Green River - fall Chinook salmon","Chinook salmon","Summer Fall","Green River",2004,2555,"NOSAEJ",1,"f0adf674-6427-48d6-b13d-fafdb78a425f"
"Salmon, Chinook (Puget Sound ESU)","Puget Sound Chinook","Puget Sound South","Green River - fall Chinook salmon","Chinook salmon","Summer Fall","Green River",2005,1108,"NOSAEJ",1,"f0adf674-6427-48d6-b13d-fafdb78a425f"
"Salmon, Chinook (Puget Sound ESU)","Puget Sound Chinook","Puget Sound South","Green River - fall Chinook salmon","Chinook salmon","Summer Fall","Green River",2006,2586,"NOSAEJ",1,"f0adf674-6427-48d6-b13d-fafdb78a425f"
"Salmon, Chinook (Puget Sound ESU)","Puget Sound Chinook","Puget Sound South","Green River - fall Chinook salmon","Chinook salmon","Summer Fall","Green River",2007,1762,"NOSAEJ",1,"f0adf674-6427-48d6-b13d-fafdb78a425f"
"Salmon, Chinook (Puget Sound ESU)","Puget Sound Chinook","Puget Sound South","Green River - fall Chinook salmon","Chinook salmon","Summer Fall","Green River",2008,3792,"NOSAEJ",1,"f0adf674-6427-48d6-b13d-fafdb78a425f"
"Salmon, Chinook (Puget Sound ESU)","Puget Sound Chinook","Puget Sound South","Green River - fall Chinook salmon","Chinook salmon","Summer Fall","Green River",2009,165,"NOSAEJ",1,"f0adf674-6427-48d6-b13d-fafdb78a425f"
"Salmon, Chinook (Puget Sound ESU)","Puget Sound Chinook","Puget Sound South","Green River - fall Chinook salmon","Chinook salmon","Summer Fall","Green River",2010,859,"NOSAEJ",1,"f0adf674-6427-48d6-b13d-fafdb78a425f"
"Salmon, Chinook (Puget Sound ESU)","Puget Sound Chinook","Puget Sound South","Green River - fall Chinook salmon","Chinook salmon","Summer Fall","Green River",2011,459,"NOSAEJ",1,"f0adf674-6427-48d6-b13d-fafdb78a425f"
"Salmon, Chinook (Puget Sound ESU)","Puget Sound Chinook","Puget Sound South","Green River - fall Chinook salmon","Chinook salmon","Summer Fall","Green River",2012,1638,"NOSAEJ",1,"f0adf674-6427-48d6-b13d-fafdb78a425f"
"Salmon, Chinook (Puget Sound ESU)","Puget Sound Chinook","Puget Sound South","Green River - fall Chinook salmon","Chinook salmon","Summer Fall","Green River",2013,524,"NOSAEJ",1,"f0adf674-6427-48d6-b13d-fafdb78a425f"
"Salmon, Chinook (Puget Sound ESU)","Puget Sound Chinook","Puget Sound South","Green River - fall Chinook salmon","Chinook salmon","Summer Fall","Green River",2014,756,"NOSAEJ",1,"f0adf674-6427-48d6-b13d-fafdb78a425f"
"Salmon, Chinook (Puget Sound ESU)","Puget Sound Chinook","Puget Sound South","Green River - fall Chinook salmon","Chinook salmon","Summer Fall","Green River",2015,864,"NOSAEJ",1,"f0adf674-6427-48d6-b13d-fafdb78a425f"
"Salmon, Chinook (Puget Sound ESU)","Puget Sound Chinook","Puget Sound South","Green River - fall Chinook salmon","Chinook salmon","Summer Fall","Green River",2016,2566,"NOSAEJ",1,"f0adf674-6427-48d6-b13d-fafdb78a425f"
"Salmon, Chinook (Puget Sound ESU)","Puget Sound Chinook","Puget Sound South","Green River - fall Chinook salmon","Chinook salmon","Summer Fall","Green River",2017,2031,"NOSAEJ",1,"f0adf674-6427-48d6-b13d-fafdb78a425f"
"Salmon, Chinook (Puget Sound ESU)","Puget Sound Chinook","Puget Sound South","Green River - fall Chinook salmon","Chinook salmon","Summer Fall","Green River",2018,2177,"NOSAEJ",1,"f0adf674-6427-48d6-b13d-fafdb78a425f"
"Salmon, Chinook (Puget Sound ESU)","Puget Sound Chinook","Puget Sound South","Green River - fall Chinook salmon","Chinook salmon","Summer Fall","Green River",2019,1360,"NOSAEJ",1,"f0adf674-6427-48d6-b13d-fafdb78a425f"
"Salmon, Chinook (Puget Sound ESU)","Puget Sound Chinook","Puget Sound South","Green River - fall Chinook salmon","Chinook salmon","Summer Fall","Green River",2020,1967,"NOSAEJ",1,"f0adf674-6427-48d6-b13d-fafdb78a425f"
"Salmon, Chinook (Puget Sound ESU)","Puget Sound Chinook","Puget Sound South","Green River - fall Chinook salmon","Chinook salmon","Summer Fall","Green River",2021,1200,"NOSAEJ",1,"f0adf674-6427-48d6-b13d-fafdb78a425f"
"Salmon, Chinook (Puget Sound ESU)","Puget Sound Chinook","Puget Sound South","Green River - fall Chinook salmon","Chinook salmon","Summer Fall","Green River",2022,2435,"NOSAEJ",1,"f0adf674-6427-48d6-b13d-fafdb78a425f"
"Salmon, Chinook (Puget Sound ESU)","Puget Sound Chinook","Puget Sound South","Green River - fall Chinook salmon","Chinook salmon","Summer Fall","Green River",2023,484,"NOSAEJ",1,"f0adf674-6427-48d6-b13d-fafdb78a425f"
"Salmon, Chinook (Puget Sound ESU)","Puget Sound Chinook","Puget Sound South","Green River - fall Chinook salmon","Chinook salmon","Summer Fall","Green River",2024,2373,"NOSAEJ",1,"f0adf674-6427-48d6-b13d-fafdb78a425f"
"Salmon, Chinook (Puget Sound ESU)","Puget Sound Chinook","Puget Sound South","Green River - fall Chinook salmon","Chinook salmon","Summer Fall","Green River",2025,478,"NOSAEJ",1,"f0adf674-6427-48d6-b13d-fafdb78a425f"
"Salmon, Chinook (Puget Sound ESU)","Puget Sound Chinook","Puget Sound Central East","Lower Sauk River - summer Chinook salmon","Chinook salmon","Summer","Sauk River",1999,295,"TSAIJ",1,"b64ccbe7-4245-4350-9720-fe6ff32f219d"
"Salmon, Chinook (Puget Sound ESU)","Puget Sound Chinook","Puget Sound Central East","Lower Sauk River - summer Chinook salmon","Chinook salmon","Summer","Sauk River",2000,576,"TSAIJ",1,"b64ccbe7-4245-4350-9720-fe6ff32f219d"
"Salmon, Chinook (Puget Sound ESU)","Puget Sound Chinook","Puget Sound Central East","Lower Sauk River - summer Chinook salmon","Chinook salmon","Summer","Sauk River",2001,1103,"TSAIJ",1,"b64ccbe7-4245-4350-9720-fe6ff32f219d"
"Salmon, Chinook (Puget Sound ESU)","Puget Sound Chinook","Puget Sound Central East","Lower Sauk River - summer Chinook salmon","Chinook salmon","Summer","Sauk River",2002,910,"TSAIJ",1,"b64ccbe7-4245-4350-9720-fe6ff32f219d"
"Salmon, Chinook (Puget Sound ESU)","Puget Sound Chinook","Puget Sound Central East","Lower Sauk River - summer Chinook salmon","Chinook salmon","Summer","Sauk River",2003,1493,"TSAIJ",1,"b64ccbe7-4245-4350-9720-fe6ff32f219d"
"Salmon, Chinook (Puget Sound ESU)","Puget Sound Chinook","Puget Sound Central East","Lower Sauk River - summer Chinook salmon","Chinook salmon","Summer","Sauk River",2004,443,"TSAIJ",1,"b64ccbe7-4245-4350-9720-fe6ff32f219d"
"Salmon, Chinook (Puget Sound ESU)","Puget Sound Chinook","Puget Sound Central East","Lower Sauk River - summer Chinook salmon","Chinook salmon","Summer","Sauk River",2005,875,"TSAIJ",1,"b64ccbe7-4245-4350-9720-fe6ff32f219d"
"Salmon, Chinook (Puget Sound ESU)","Puget Sound Chinook","Puget Sound Central East","Lower Sauk River - summer Chinook salmon","Chinook salmon","Summer","Sauk River",2006,1095,"TSAIJ",1,"b64ccbe7-4245-4350-9720-fe6ff32f219d"
"Salmon, Chinook (Puget Sound ESU)","Puget Sound Chinook","Puget Sound Central East","Lower Sauk River - summer Chinook salmon","Chinook salmon","Summer","Sauk River",2007,383,"TSAIJ",1,"b64ccbe7-4245-4350-9720-fe6ff32f219d"
"Salmon, Chinook (Puget Sound ESU)","Puget Sound Chinook","Puget Sound Central East","Lower Sauk River - summer Chinook salmon","Chinook salmon","Summer","Sauk River",2008,538,"TSAIJ",1,"b64ccbe7-4245-4350-9720-fe6ff32f219d"
"Salmon, Chinook (Puget Sound ESU)","Puget Sound Chinook","Puget Sound Central East","Lower Sauk River - summer Chinook salmon","Chinook salmon","Summer","Sauk River",2009,250,"TSAIJ",1,"b64ccbe7-4245-4350-9720-fe6ff32f219d"
"Salmon, Chinook (Puget Sound ESU)","Puget Sound Chinook","Puget Sound Central East","Lower Sauk River - summer Chinook salmon","Chinook salmon","Summer","Sauk River",2010,356,"TSAIJ",1,"b64ccbe7-4245-4350-9720-fe6ff32f219d"
"Salmon, Chinook (Puget Sound ESU)","Puget Sound Chinook","Puget Sound Central East","Lower Sauk River - summer Chinook salmon","Chinook salmon","Summer","Sauk River",2011,237,"TSAIJ",1,"b64ccbe7-4245-4350-9720-fe6ff32f219d"
"Salmon, Chinook (Puget Sound ESU)","Puget Sound Chinook","Puget Sound Central East","Lower Sauk River - summer Chinook salmon","Chinook salmon","Summer","Sauk River",2012,715,"TSAIJ",1,"b64ccbe7-4245-4350-9720-fe6ff32f219d"
"Salmon, Chinook (Puget Sound ESU)","Puget Sound Chinook","Puget Sound Central East","Lower Sauk River - summer Chinook salmon","Chinook salmon","Summer","Sauk River",2013,530,"TSAIJ",1,"b64ccbe7-4245-4350-9720-fe6ff32f219d"
"Salmon, Chinook (Puget Sound ESU)","Puget Sound Chinook","Puget Sound Central East","Lower Sauk River - summer Chinook salmon","Chinook salmon","Summer","Sauk River",2014,364,"TSAIJ",1,"b64ccbe7-4245-4350-9720-fe6ff32f219d"
"Salmon, Chinook (Puget Sound ESU)","Puget Sound Chinook","Puget Sound Central East","Lower Sauk River - summer Chinook salmon","Chinook salmon","Summer","Sauk River",2015,406,"TSAIJ",1,"b64ccbe7-4245-4350-9720-fe6ff32f219d"
"Salmon, Chinook (Puget Sound ESU)","Puget Sound Chinook","Puget Sound Central East","Lower Sauk River - summer Chinook salmon","Chinook salmon","Summer","Sauk River",2016,1044,"TSAIJ",1,"b64ccbe7-4245-4350-9720-fe6ff32f219d"
"Salmon, Chinook (Puget Sound ESU)","Puget Sound Chinook","Puget Sound Central East","Lower Sauk River - summer Chinook salmon","Chinook salmon","Summer","Sauk River",2017,1001,"TSAIJ",1,"b64ccbe7-4245-4350-9720-fe6ff32f219d"
"Salmon, Chinook (Puget Sound ESU)","Puget Sound Chinook","Puget Sound Central East","Lower Sauk River - summer Chinook salmon","Chinook salmon","Summer","Sauk River",2018,378,"TSAIJ",1,"b64ccbe7-4245-4350-9720-fe6ff32f219d"
"Salmon, Chinook (Puget Sound ESU)","Puget Sound Chinook","Puget Sound Central East","Lower Sauk River - summer Chinook salmon","Chinook salmon","Summer","Sauk River",2019,319,"TSAIJ",1,"b64ccbe7-4245-4350-9720-fe6ff32f219d"
"Salmon, Chinook (Puget Sound ESU)","Puget Sound Chinook","Puget Sound Central East","Lower Sauk River - summer Chinook salmon","Chinook salmon","Summer","Sauk River",2020,423,"TSAIJ",1,"b64ccbe7-4245-4350-9720-fe6ff32f219d"
"Salmon, Chinook (Puget Sound ESU)","Puget Sound Chinook","Puget Sound Central East","Lower Sauk River - summer Chinook salmon","Chinook salmon","Summer","Sauk River",2021,233,"TSAIJ",1,"b64ccbe7-4245-4350-9720-fe6ff32f219d"
"Salmon, Chinook (Puget Sound ESU)","Puget Sound Chinook","Puget Sound Central East","Lower Sauk River - summer Chinook salmon","Chinook salmon","Summer","Sauk River",2022,733,"TSAIJ",1,"b64ccbe7-4245-4350-9720-fe6ff32f219d"
"Salmon, Chinook (Puget Sound ESU)","Puget Sound Chinook","Puget Sound Central East","Lower Sauk River - summer Chinook salmon","Chinook salmon","Summer","Sauk River",2023,559,"TSAIJ",1,"b64ccbe7-4245-4350-9720-fe6ff32f219d"
"Salmon, Chinook (Puget Sound ESU)","Puget Sound Chinook","Puget Sound Central East","Lower Sauk River - summer Chinook salmon","Chinook salmon","Summer","Sauk River",2024,595,"TSAIJ",1,"b64ccbe7-4245-4350-9720-fe6ff32f219d"
"Salmon, Chinook (Puget Sound ESU)","Puget Sound Chinook","Puget Sound Central East","Lower Sauk River - summer Chinook salmon","Chinook salmon","Summer","Sauk River",2025,431,"TSAIJ",1,"b64ccbe7-4245-4350-9720-fe6ff32f219d"
"Salmon, Chinook (Puget Sound ESU)","Puget Sound Chinook","Puget Sound Central East","Lower Skagit River - fall Chinook salmon","Chinook salmon","Fall","Skagit River",1999,1043,"TSAIJ",1,"d0bb0a6c-891d-416c-aaf1-15fbf22b5f60"
"Salmon, Chinook (Puget Sound ESU)","Puget Sound Chinook","Puget Sound Central East","Lower Skagit River - fall Chinook salmon","Chinook salmon","Fall","Skagit River",2000,3262,"TSAIJ",1,"d0bb0a6c-891d-416c-aaf1-15fbf22b5f60"
"Salmon, Chinook (Puget Sound ESU)","Puget Sound Chinook","Puget Sound Central East","Lower Skagit River - fall Chinook salmon","Chinook salmon","Fall","Skagit River",2001,2606,"TSAIJ",1,"d0bb0a6c-891d-416c-aaf1-15fbf22b5f60"
"Salmon, Chinook (Puget Sound ESU)","Puget Sound Chinook","Puget Sound Central East","Lower Skagit River - fall Chinook salmon","Chinook salmon","Fall","Skagit River",2002,4866,"TSAIJ",1,"d0bb0a6c-891d-416c-aaf1-15fbf22b5f60"
"Salmon, Chinook (Puget Sound ESU)","Puget Sound Chinook","Puget Sound Central East","Lower Skagit River - fall Chinook salmon","Chinook salmon","Fall","Skagit River",2003,1161,"TSAIJ",1,"d0bb0a6c-891d-416c-aaf1-15fbf22b5f60"
"Salmon, Chinook (Puget Sound ESU)","Puget Sound Chinook","Puget Sound Central East","Lower Skagit River - fall Chinook salmon","Chinook salmon","Fall","Skagit River",2004,3070,"TSAIJ",1,"d0bb0a6c-891d-416c-aaf1-15fbf22b5f60"
"Salmon, Chinook (Puget Sound ESU)","Puget Sound Chinook","Puget Sound Central East","Lower Skagit River - fall Chinook salmon","Chinook salmon","Fall","Skagit River",2005,3320,"TSAIJ",1,"d0bb0a6c-891d-416c-aaf1-15fbf22b5f60"
"Salmon, Chinook (Puget Sound ESU)","Puget Sound Chinook","Puget Sound Central East","Lower Skagit River - fall Chinook salmon","Chinook salmon","Fall","Skagit River",2006,3508,"TSAIJ",1,"d0bb0a6c-891d-416c-aaf1-15fbf22b5f60"
"Salmon, Chinook (Puget Sound ESU)","Puget Sound Chinook","Puget Sound Central East","Lower Skagit River - fall Chinook salmon","Chinook salmon","Fall","Skagit River",2007,1053,"TSAIJ",1,"d0bb0a6c-891d-416c-aaf1-15fbf22b5f60"
"Salmon, Chinook (Puget Sound ESU)","Puget Sound Chinook","Puget Sound Central East","Lower Skagit River - fall Chinook salmon","Chinook salmon","Fall","Skagit River",2008,2685,"TSAIJ",1,"d0bb0a6c-891d-416c-aaf1-15fbf22b5f60"
"Salmon, Chinook (Puget Sound ESU)","Puget Sound Chinook","Puget Sound Central East","Lower Skagit River - fall Chinook salmon","Chinook salmon","Fall","Skagit River",2009,1439,"TSAIJ",1,"d0bb0a6c-891d-416c-aaf1-15fbf22b5f60"
"Salmon, Chinook (Puget Sound ESU)","Puget Sound Chinook","Puget Sound Central East","Lower Skagit River - fall Chinook salmon","Chinook salmon","Fall","Skagit River",2010,1017,"TSAIJ",1,"d0bb0a6c-891d-416c-aaf1-15fbf22b5f60"
"Salmon, Chinook (Puget Sound ESU)","Puget Sound Chinook","Puget Sound Central East","Lower Skagit River - fall Chinook salmon","Chinook salmon","Fall","Skagit River",2011,820,"TSAIJ",1,"d0bb0a6c-891d-416c-aaf1-15fbf22b5f60"
"Salmon, Chinook (Puget Sound ESU)","Puget Sound Chinook","Puget Sound Central East","Lower Skagit River - fall Chinook salmon","Chinook salmon","Fall","Skagit River",2012,3295,"TSAIJ",1,"d0bb0a6c-891d-416c-aaf1-15fbf22b5f60"
"Salmon, Chinook (Puget Sound ESU)","Puget Sound Chinook","Puget Sound Central East","Lower Skagit River - fall Chinook salmon","Chinook salmon","Fall","Skagit River",2013,1551,"TSAIJ",1,"d0bb0a6c-891d-416c-aaf1-15fbf22b5f60"
"Salmon, Chinook (Puget Sound ESU)","Puget Sound Chinook","Puget Sound Central East","Lower Skagit River - fall Chinook salmon","Chinook salmon","Fall","Skagit River",2014,1785,"TSAIJ",1,"d0bb0a6c-891d-416c-aaf1-15fbf22b5f60"
"Salmon, Chinook (Puget Sound ESU)","Puget Sound Chinook","Puget Sound Central East","Lower Skagit River - fall Chinook salmon","Chinook salmon","Fall","Skagit River",2015,2203,"TSAIJ",1,"d0bb0a6c-891d-416c-aaf1-15fbf22b5f60"
"Salmon, Chinook (Puget Sound ESU)","Puget Sound Chinook","Puget Sound Central East","Lower Skagit River - fall Chinook salmon","Chinook salmon","Fall","Skagit River",2016,2840,"TSAIJ",1,"d0bb0a6c-891d-416c-aaf1-15fbf22b5f60"
"Salmon, Chinook (Puget Sound ESU)","Puget Sound Chinook","Puget Sound Central East","Lower Skagit River - fall Chinook salmon","Chinook salmon","Fall","Skagit River",2017,3786,"TSAIJ",1,"d0bb0a6c-891d-416c-aaf1-15fbf22b5f60"
"Salmon, Chinook (Puget Sound ESU)","Puget Sound Chinook","Puget Sound Central East","Lower Skagit River - fall Chinook salmon","Chinook salmon","Fall","Skagit River",2018,1923,"TSAIJ",1,"d0bb0a6c-891d-416c-aaf1-15fbf22b5f60"
"Salmon, Chinook (Puget Sound ESU)","Puget Sound Chinook","Puget Sound Central East","Lower Skagit River - fall Chinook salmon","Chinook salmon","Fall","Skagit River",2019,1336,"TSAIJ",1,"d0bb0a6c-891d-416c-aaf1-15fbf22b5f60"
"Salmon, Chinook (Puget Sound ESU)","Puget Sound Chinook","Puget Sound Central East","Lower Skagit River - fall Chinook salmon","Chinook salmon","Fall","Skagit River",2020,869,"TSAIJ",1,"d0bb0a6c-891d-416c-aaf1-15fbf22b5f60"
"Salmon, Chinook (Puget Sound ESU)","Puget Sound Chinook","Puget Sound Central East","Lower Skagit River - fall Chinook salmon","Chinook salmon","Fall","Skagit River",2021,664,"TSAIJ",1,"d0bb0a6c-891d-416c-aaf1-15fbf22b5f60"
"Salmon, Chinook (Puget Sound ESU)","Puget Sound Chinook","Puget Sound Central East","Lower Skagit River - fall Chinook salmon","Chinook salmon","Fall","Skagit River",2022,4585,"TSAIJ",1,"d0bb0a6c-891d-416c-aaf1-15fbf22b5f60"
"Salmon, Chinook (Puget Sound ESU)","Puget Sound Chinook","Puget Sound Central East","Lower Skagit River - fall Chinook salmon","Chinook salmon","Fall","Skagit River",2023,2854,"TSAIJ",1,"d0bb0a6c-891d-416c-aaf1-15fbf22b5f60"
"Salmon, Chinook (Puget Sound ESU)","Puget Sound Chinook","Puget Sound Central East","Lower Skagit River - fall Chinook salmon","Chinook salmon","Fall","Skagit River",2024,1587,"TSAIJ",1,"d0bb0a6c-891d-416c-aaf1-15fbf22b5f60"
"Salmon, Chinook (Puget Sound ESU)","Puget Sound Chinook","Puget Sound Central East","Lower Skagit River - fall Chinook salmon","Chinook salmon","Fall","Skagit River",2025,2144,"TSAIJ",1,"d0bb0a6c-891d-416c-aaf1-15fbf22b5f60"
"Salmon, Chinook (Puget Sound ESU)","Puget Sound Chinook","Puget Sound South","Nisqually River - fall Chinook salmon","Chinook salmon","Summer Fall","Nisqually River",2004,269,"NOSAEJ",2,"1dbbced9-cc89-4d9e-97b5-479bf4a1b440"
"Salmon, Chinook (Puget Sound ESU)","Puget Sound Chinook","Puget Sound South","Nisqually River - fall Chinook salmon","Chinook salmon","Summer Fall","Nisqually River",2005,936,"NOSAEJ",2,"1dbbced9-cc89-4d9e-97b5-479bf4a1b440"
"Salmon, Chinook (Puget Sound ESU)","Puget Sound Chinook","Puget Sound South","Nisqually River - fall Chinook salmon","Chinook salmon","Summer Fall","Nisqually River",2006,222,"NOSAEJ",2,"1dbbced9-cc89-4d9e-97b5-479bf4a1b440"
"Salmon, Chinook (Puget Sound ESU)","Puget Sound Chinook","Puget Sound South","Nisqually River - fall Chinook salmon","Chinook salmon","Summer Fall","Nisqually River",2007,741,"NOSAEJ",2,"1dbbced9-cc89-4d9e-97b5-479bf4a1b440"
"Salmon, Chinook (Puget Sound ESU)","Puget Sound Chinook","Puget Sound South","Nisqually River - fall Chinook salmon","Chinook salmon","Summer Fall","Nisqually River",2008,1368,"NOSAEJ",2,"1dbbced9-cc89-4d9e-97b5-479bf4a1b440"
"Salmon, Chinook (Puget Sound ESU)","Puget Sound Chinook","Puget Sound South","Nisqually River - fall Chinook salmon","Chinook salmon","Summer Fall","Nisqually River",2009,185,"NOSAEJ",2,"1dbbced9-cc89-4d9e-97b5-479bf4a1b440"
"Salmon, Chinook (Puget Sound ESU)","Puget Sound Chinook","Puget Sound South","Nisqually River - fall Chinook salmon","Chinook salmon","Summer Fall","Nisqually River",2010,481,"NOSAEJ",2,"1dbbced9-cc89-4d9e-97b5-479bf4a1b440"
"Salmon, Chinook (Puget Sound ESU)","Puget Sound Chinook","Puget Sound South","Nisqually River - fall Chinook salmon","Chinook salmon","Summer Fall","Nisqually River",2011,302,"NOSAEJ",2,"1dbbced9-cc89-4d9e-97b5-479bf4a1b440"
"Salmon, Chinook (Puget Sound ESU)","Puget Sound Chinook","Puget Sound South","Nisqually River - fall Chinook salmon","Chinook salmon","Summer Fall","Nisqually River",2012,617,"NOSAEJ",3,"99ad40e1-de12-4726-a241-1e5b5380e798"
"Salmon, Chinook (Puget Sound ESU)","Puget Sound Chinook","Puget Sound South","Nisqually River - fall Chinook salmon","Chinook salmon","Summer Fall","Nisqually River",2013,738,"NOSAEJ",3,"99ad40e1-de12-4726-a241-1e5b5380e798"
"Salmon, Chinook (Puget Sound ESU)","Puget Sound Chinook","Puget Sound South","Nisqually River - fall Chinook salmon","Chinook salmon","Summer Fall","Nisqually River",2014,528,"NOSAEJ",3,"99ad40e1-de12-4726-a241-1e5b5380e798"
"Salmon, Chinook (Puget Sound ESU)","Puget Sound Chinook","Puget Sound South","Nisqually River - fall Chinook salmon","Chinook salmon","Summer Fall","Nisqually River",2015,715,"NOSAEJ",3,"99ad40e1-de12-4726-a241-1e5b5380e798"
"Salmon, Chinook (Puget Sound ESU)","Puget Sound Chinook","Puget Sound South","Nisqually River - fall Chinook salmon","Chinook salmon","Summer Fall","Nisqually River",2016,796,"NOSAEJ",3,"99ad40e1-de12-4726-a241-1e5b5380e798"
"Salmon, Chinook (Puget Sound ESU)","Puget Sound Chinook","Puget Sound South","Nisqually River - fall Chinook salmon","Chinook salmon","Summer Fall","Nisqually River",2017,1445,"NOSAEJ",3,"99ad40e1-de12-4726-a241-1e5b5380e798"
"Salmon, Chinook (Puget Sound ESU)","Puget Sound Chinook","Puget Sound South","Nisqually River - fall Chinook salmon","Chinook salmon","Summer Fall","Nisqually River",2018,435,"NOSAEJ",3,"99ad40e1-de12-4726-a241-1e5b5380e798"
"Salmon, Chinook (Puget Sound ESU)","Puget Sound Chinook","Puget Sound South","Nisqually River - fall Chinook salmon","Chinook salmon","Summer Fall","Nisqually River",2019,301,"NOSAEJ",3,"99ad40e1-de12-4726-a241-1e5b5380e798"
"Salmon, Chinook (Puget Sound ESU)","Puget Sound Chinook","Puget Sound South","Nisqually River - fall Chinook salmon","Chinook salmon","Summer Fall","Nisqually River",2020,472,"NOSAEJ",3,"99ad40e1-de12-4726-a241-1e5b5380e798"
"Salmon, Chinook (Puget Sound ESU)","Puget Sound Chinook","Puget Sound South","Nisqually River - fall Chinook salmon","Chinook salmon","Summer Fall","Nisqually River",2021,527,"NOSAEJ",3,"99ad40e1-de12-4726-a241-1e5b5380e798"
"Salmon, Chinook (Puget Sound ESU)","Puget Sound Chinook","Puget Sound South","Nisqually River - fall Chinook salmon","Chinook salmon","Summer Fall","Nisqually River",2022,543,"NOSAEJ",3,"99ad40e1-de12-4726-a241-1e5b5380e798"
"Salmon, Chinook (Puget Sound ESU)","Puget Sound Chinook","Puget Sound South","Nisqually River - fall Chinook salmon","Chinook salmon","Summer Fall","Nisqually River",2023,1003,"NOSAEJ",3,"99ad40e1-de12-4726-a241-1e5b5380e798"
"Salmon, Chinook (Puget Sound ESU)","Puget Sound Chinook","Puget Sound South","Nisqually River - fall Chinook salmon","Chinook salmon","Summer Fall","Nisqually River",2024,843,"NOSAEJ",3,"99ad40e1-de12-4726-a241-1e5b5380e798"
"Salmon, Chinook (Puget Sound ESU)","Puget Sound Chinook","Puget Sound South","Nisqually River - fall Chinook salmon","Chinook salmon","Summer Fall","Nisqually River",2025,908,"NOSAEJ",3,"99ad40e1-de12-4726-a241-1e5b5380e798"
"Salmon, Chinook (Puget Sound ESU)","Puget Sound Chinook","Puget Sound Central East","North Fork Stillaguamish River - summer Chinook salmon","Chinook salmon","Summer","North Fork Stillaguamish River",1999,422,"NOSAEJ",1,"6433a4cc-38f7-494e-939c-b924073df42b"
"Salmon, Chinook (Puget Sound ESU)","Puget Sound Chinook","Puget Sound Central East","North Fork Stillaguamish River - summer Chinook salmon","Chinook salmon","Summer","North Fork Stillaguamish River",2000,1343,"NOSAEJ",1,"6433a4cc-38f7-494e-939c-b924073df42b"
"Salmon, Chinook (Puget Sound ESU)","Puget Sound Chinook","Puget Sound Central East","North Fork Stillaguamish River - summer Chinook salmon","Chinook salmon","Summer","North Fork Stillaguamish River",2001,968,"NOSAEJ",1,"6433a4cc-38f7-494e-939c-b924073df42b"
"Salmon, Chinook (Puget Sound ESU)","Puget Sound Chinook","Puget Sound Central East","North Fork Stillaguamish River - summer Chinook salmon","Chinook salmon","Summer","North Fork Stillaguamish River",2002,1058,"NOSAEJ",1,"6433a4cc-38f7-494e-939c-b924073df42b"
"Salmon, Chinook (Puget Sound ESU)","Puget Sound Chinook","Puget Sound Central East","North Fork Stillaguamish River - summer Chinook salmon","Chinook salmon","Summer","North Fork Stillaguamish River",2003,665,"NOSAEJ",1,"6433a4cc-38f7-494e-939c-b924073df42b"
"Salmon, Chinook (Puget Sound ESU)","Puget Sound Chinook","Puget Sound Central East","North Fork Stillaguamish River - summer Chinook salmon","Chinook salmon","Summer","North Fork Stillaguamish River",2004,1245,"NOSAEJ",1,"6433a4cc-38f7-494e-939c-b924073df42b"
"Salmon, Chinook (Puget Sound ESU)","Puget Sound Chinook","Puget Sound Central East","North Fork Stillaguamish River - summer Chinook salmon","Chinook salmon","Summer","North Fork Stillaguamish River",2005,516,"NOSAEJ",1,"6433a4cc-38f7-494e-939c-b924073df42b"
"Salmon, Chinook (Puget Sound ESU)","Puget Sound Chinook","Puget Sound Central East","North Fork Stillaguamish River - summer Chinook salmon","Chinook salmon","Summer","North Fork Stillaguamish River",2006,603,"NOSAEJ",1,"6433a4cc-38f7-494e-939c-b924073df42b"
"Salmon, Chinook (Puget Sound ESU)","Puget Sound Chinook","Puget Sound Central East","North Fork Stillaguamish River - summer Chinook salmon","Chinook salmon","Summer","North Fork Stillaguamish River",2007,216,"NOSAEJ",1,"6433a4cc-38f7-494e-939c-b924073df42b"
"Salmon, Chinook (Puget Sound ESU)","Puget Sound Chinook","Puget Sound Central East","North Fork Stillaguamish River - summer Chinook salmon","Chinook salmon","Summer","North Fork Stillaguamish River",2008,646,"NOSAEJ",1,"6433a4cc-38f7-494e-939c-b924073df42b"
"Salmon, Chinook (Puget Sound ESU)","Puget Sound Chinook","Puget Sound Central East","North Fork Stillaguamish River - summer Chinook salmon","Chinook salmon","Summer","North Fork Stillaguamish River",2009,416,"NOSAEJ",1,"6433a4cc-38f7-494e-939c-b924073df42b"
"Salmon, Chinook (Puget Sound ESU)","Puget Sound Chinook","Puget Sound Central East","North Fork Stillaguamish River - summer Chinook salmon","Chinook salmon","Summer","North Fork Stillaguamish River",2010,296,"NOSAEJ",1,"6433a4cc-38f7-494e-939c-b924073df42b"
"Salmon, Chinook (Puget Sound ESU)","Puget Sound Chinook","Puget Sound Central East","North Fork Stillaguamish River - summer Chinook salmon","Chinook salmon","Summer","North Fork Stillaguamish River",2011,503,"NOSAEJ",1,"6433a4cc-38f7-494e-939c-b924073df42b"
"Salmon, Chinook (Puget Sound ESU)","Puget Sound Chinook","Puget Sound Central East","North Fork Stillaguamish River - summer Chinook salmon","Chinook salmon","Summer","North Fork Stillaguamish River",2012,819,"NOSAEJ",1,"6433a4cc-38f7-494e-939c-b924073df42b"
"Salmon, Chinook (Puget Sound ESU)","Puget Sound Chinook","Puget Sound Central East","North Fork Stillaguamish River - summer Chinook salmon","Chinook salmon","Summer","North Fork Stillaguamish River",2013,561,"NOSAEJ",1,"6433a4cc-38f7-494e-939c-b924073df42b"
"Salmon, Chinook (Puget Sound ESU)","Puget Sound Chinook","Puget Sound Central East","North Fork Stillaguamish River - summer Chinook salmon","Chinook salmon","Summer","North Fork Stillaguamish River",2014,135,"NOSAEJ",1,"6433a4cc-38f7-494e-939c-b924073df42b"
"Salmon, Chinook (Puget Sound ESU)","Puget Sound Chinook","Puget Sound Central East","North Fork Stillaguamish River - summer Chinook salmon","Chinook salmon","Summer","North Fork Stillaguamish River",2015,389,"NOSAEJ",1,"6433a4cc-38f7-494e-939c-b924073df42b"
"Salmon, Chinook (Puget Sound ESU)","Puget Sound Chinook","Puget Sound Central East","North Fork Stillaguamish River - summer Chinook salmon","Chinook salmon","Summer","North Fork Stillaguamish River",2016,606,"NOSAEJ",1,"6433a4cc-38f7-494e-939c-b924073df42b"
"Salmon, Chinook (Puget Sound ESU)","Puget Sound Chinook","Puget Sound Central East","North Fork Stillaguamish River - summer Chinook salmon","Chinook salmon","Summer","North Fork Stillaguamish River",2017,491,"NOSAEJ",1,"6433a4cc-38f7-494e-939c-b924073df42b"
"Salmon, Chinook (Puget Sound ESU)","Puget Sound Chinook","Puget Sound Central East","North Fork Stillaguamish River - summer Chinook salmon","Chinook salmon","Summer","North Fork Stillaguamish River",2018,187,"NOSAEJ",1,"6433a4cc-38f7-494e-939c-b924073df42b"
"Salmon, Chinook (Puget Sound ESU)","Puget Sound Chinook","Puget Sound Central East","North Fork Stillaguamish River - summer Chinook salmon","Chinook salmon","Summer","North Fork Stillaguamish River",2019,175,"NOSAEJ",1,"6433a4cc-38f7-494e-939c-b924073df42b"
"Salmon, Chinook (Puget Sound ESU)","Puget Sound Chinook","Puget Sound Central East","North Fork Stillaguamish River - summer Chinook salmon","Chinook salmon","Summer","North Fork Stillaguamish River",2020,304,"NOSAEJ",1,"6433a4cc-38f7-494e-939c-b924073df42b"
"Salmon, Chinook (Puget Sound ESU)","Puget Sound Chinook","Puget Sound Central East","North Fork Stillaguamish River - summer Chinook salmon","Chinook salmon","Summer","North Fork Stillaguamish River",2021,598,"NOSAEJ",1,"6433a4cc-38f7-494e-939c-b924073df42b"
"Salmon, Chinook (Puget Sound ESU)","Puget Sound Chinook","Puget Sound Central East","North Fork Stillaguamish River - summer Chinook salmon","Chinook salmon","Summer","North Fork Stillaguamish River",2022,680,"NOSAEJ",1,"6433a4cc-38f7-494e-939c-b924073df42b"
"Salmon, Chinook (Puget Sound ESU)","Puget Sound Chinook","Puget Sound Central East","North Fork Stillaguamish River - summer Chinook salmon","Chinook salmon","Summer","North Fork Stillaguamish River",2023,345,"NOSAEJ",1,"6433a4cc-38f7-494e-939c-b924073df42b"
"Salmon, Chinook (Puget Sound ESU)","Puget Sound Chinook","Puget Sound Central East","North Fork Stillaguamish River - summer Chinook salmon","Chinook salmon","Summer","North Fork Stillaguamish River",2024,569,"NOSAEJ",1,"6433a4cc-38f7-494e-939c-b924073df42b"
"Salmon, Chinook (Puget Sound ESU)","Puget Sound Chinook","Puget Sound Central East","North Fork Stillaguamish River - summer Chinook salmon","Chinook salmon","Summer","North Fork Stillaguamish River",2025,611,"NOSAEJ",1,"6433a4cc-38f7-494e-939c-b924073df42b"
"Salmon, Chinook (Puget Sound ESU)","Puget Sound Chinook","Puget Sound Central West","Skokomish River - fall Chinook salmon","Chinook salmon","Summer Fall","Skokomish River",1999,382,"NOSAEJ",2,"f4d3af18-fe40-437c-8838-9f471f8c3450"
"Salmon, Chinook (Puget Sound ESU)","Puget Sound Chinook","Puget Sound Central West","Skokomish River - fall Chinook salmon","Chinook salmon","Summer Fall","Skokomish River",2000,220,"NOSAEJ",2,"f4d3af18-fe40-437c-8838-9f471f8c3450"
"Salmon, Chinook (Puget Sound ESU)","Puget Sound Chinook","Puget Sound Central West","Skokomish River - fall Chinook salmon","Chinook salmon","Summer Fall","Skokomish River",2001,105,"NOSAEJ",2,"f4d3af18-fe40-437c-8838-9f471f8c3450"
"Salmon, Chinook (Puget Sound ESU)","Puget Sound Chinook","Puget Sound Central West","Skokomish River - fall Chinook salmon","Chinook salmon","Summer Fall","Skokomish River",2002,1370,"NOSAEJ",2,"f4d3af18-fe40-437c-8838-9f471f8c3450"
"Salmon, Chinook (Puget Sound ESU)","Puget Sound Chinook","Puget Sound Central West","Skokomish River - fall Chinook salmon","Chinook salmon","Summer Fall","Skokomish River",2003,860,"NOSAEJ",2,"f4d3af18-fe40-437c-8838-9f471f8c3450"
"Salmon, Chinook (Puget Sound ESU)","Puget Sound Chinook","Puget Sound Central West","Skokomish River - fall Chinook salmon","Chinook salmon","Summer Fall","Skokomish River",2004,748,"NOSAEJ",2,"f4d3af18-fe40-437c-8838-9f471f8c3450"
"Salmon, Chinook (Puget Sound ESU)","Puget Sound Chinook","Puget Sound Central West","Skokomish River - fall Chinook salmon","Chinook salmon","Summer Fall","Skokomish River",2005,433,"NOSAEJ",2,"f4d3af18-fe40-437c-8838-9f471f8c3450"
"Salmon, Chinook (Puget Sound ESU)","Puget Sound Chinook","Puget Sound Central West","Skokomish River - fall Chinook salmon","Chinook salmon","Summer Fall","Skokomish River",2006,492,"NOSAEJ",2,"f4d3af18-fe40-437c-8838-9f471f8c3450"
"Salmon, Chinook (Puget Sound ESU)","Puget Sound Chinook","Puget Sound Central West","Skokomish River - fall Chinook salmon","Chinook salmon","Summer Fall","Skokomish River",2007,419,"NOSAEJ",2,"f4d3af18-fe40-437c-8838-9f471f8c3450"
"Salmon, Chinook (Puget Sound ESU)","Puget Sound Chinook","Puget Sound Central West","Skokomish River - fall Chinook salmon","Chinook salmon","Summer Fall","Skokomish River",2008,292,"NOSAEJ",2,"f4d3af18-fe40-437c-8838-9f471f8c3450"
"Salmon, Chinook (Puget Sound ESU)","Puget Sound Chinook","Puget Sound Central West","Skokomish River - fall Chinook salmon","Chinook salmon","Summer Fall","Skokomish River",2009,193,"NOSAEJ",2,"f4d3af18-fe40-437c-8838-9f471f8c3450"
"Salmon, Chinook (Puget Sound ESU)","Puget Sound Chinook","Puget Sound Central West","Skokomish River - fall Chinook salmon","Chinook salmon","Summer Fall","Skokomish River",2010,312,"NOSAEJ",2,"f4d3af18-fe40-437c-8838-9f471f8c3450"
"Salmon, Chinook (Puget Sound ESU)","Puget Sound Chinook","Puget Sound Central West","Skokomish River - fall Chinook salmon","Chinook salmon","Summer Fall","Skokomish River",2011,174,"NOSAEJ",2,"f4d3af18-fe40-437c-8838-9f471f8c3450"
"Salmon, Chinook (Puget Sound ESU)","Puget Sound Chinook","Puget Sound Central West","Skokomish River - fall Chinook salmon","Chinook salmon","Summer Fall","Skokomish River",2012,210,"NOSAEJ",2,"f4d3af18-fe40-437c-8838-9f471f8c3450"
"Salmon, Chinook (Puget Sound ESU)","Puget Sound Chinook","Puget Sound Central West","Skokomish River - fall Chinook salmon","Chinook salmon","Summer Fall","Skokomish River",2013,253,"NOSAEJ",2,"f4d3af18-fe40-437c-8838-9f471f8c3450"
"Salmon, Chinook (Puget Sound ESU)","Puget Sound Chinook","Puget Sound Central West","Skokomish River - fall Chinook salmon","Chinook salmon","Summer Fall","Skokomish River",2014,206,"NOSAEJ",2,"f4d3af18-fe40-437c-8838-9f471f8c3450"
"Salmon, Chinook (Puget Sound ESU)","Puget Sound Chinook","Puget Sound Central West","Skokomish River - fall Chinook salmon","Chinook salmon","Summer Fall","Skokomish River",2015,122,"NOSAEJ",2,"f4d3af18-fe40-437c-8838-9f471f8c3450"
"Salmon, Chinook (Puget Sound ESU)","Puget Sound Chinook","Puget Sound Central West","Skokomish River - fall Chinook salmon","Chinook salmon","Summer Fall","Skokomish River",2016,232,"NOSAEJ",2,"f4d3af18-fe40-437c-8838-9f471f8c3450"
"Salmon, Chinook (Puget Sound ESU)","Puget Sound Chinook","Puget Sound Central West","Skokomish River - fall Chinook salmon","Chinook salmon","Summer Fall","Skokomish River",2017,536,"NOSAEJ",2,"f4d3af18-fe40-437c-8838-9f471f8c3450"
"Salmon, Chinook (Puget Sound ESU)","Puget Sound Chinook","Puget Sound Central West","Skokomish River - fall Chinook salmon","Chinook salmon","Summer Fall","Skokomish River",2018,52,"NOSAEJ",2,"f4d3af18-fe40-437c-8838-9f471f8c3450"
"Salmon, Chinook (Puget Sound ESU)","Puget Sound Chinook","Puget Sound Central West","Skokomish River - fall Chinook salmon","Chinook salmon","Summer Fall","Skokomish River",2019,226,"NOSAEJ",2,"f4d3af18-fe40-437c-8838-9f471f8c3450"
"Salmon, Chinook (Puget Sound ESU)","Puget Sound Chinook","Puget Sound Central West","Skokomish River - fall Chinook salmon","Chinook salmon","Summer Fall","Skokomish River",2020,22,"NOSAEJ",2,"f4d3af18-fe40-437c-8838-9f471f8c3450"
"Salmon, Chinook (Puget Sound ESU)","Puget Sound Chinook","Puget Sound Central West","Skokomish River - fall Chinook salmon","Chinook salmon","Summer Fall","Skokomish River",2021,208,"NOSAEJ",2,"f4d3af18-fe40-437c-8838-9f471f8c3450"
"Salmon, Chinook (Puget Sound ESU)","Puget Sound Chinook","Puget Sound Central West","Skokomish River - fall Chinook salmon","Chinook salmon","Summer Fall","Skokomish River",2022,930,"NOSAEJ",2,"f4d3af18-fe40-437c-8838-9f471f8c3450"
"Salmon, Chinook (Puget Sound ESU)","Puget Sound Chinook","Puget Sound Central West","Skokomish River - fall Chinook salmon","Chinook salmon","Summer Fall","Skokomish River",2023,892,"NOSAEJ",2,"f4d3af18-fe40-437c-8838-9f471f8c3450"
"Salmon, Chinook (Puget Sound ESU)","Puget Sound Chinook","Puget Sound Central West","Skokomish River - fall Chinook salmon","Chinook salmon","Summer Fall","Skokomish River",2024,353,"NOSAEJ",2,"f4d3af18-fe40-437c-8838-9f471f8c3450"
"Salmon, Chinook (Puget Sound ESU)","Puget Sound Chinook","Puget Sound Central West","Skokomish River - fall Chinook salmon","Chinook salmon","Summer Fall","Skokomish River",2025,176,"NOSAEJ",2,"f4d3af18-fe40-437c-8838-9f471f8c3450"
"Salmon, Chinook (Puget Sound ESU)","Puget Sound Chinook","Puget Sound Central East","Skykomish River - summer Chinook salmon","Chinook salmon","Summer Fall","Skykomish River",1999,1401,"NOSAEJ",2,"2452a1ba-2a57-46a8-a698-b345e46d085c"
"Salmon, Chinook (Puget Sound ESU)","Puget Sound Chinook","Puget Sound Central East","Skykomish River - summer Chinook salmon","Chinook salmon","Summer Fall","Skykomish River",2000,1775,"NOSAEJ",2,"2452a1ba-2a57-46a8-a698-b345e46d085c"
"Salmon, Chinook (Puget Sound ESU)","Puget Sound Chinook","Puget Sound Central East","Skykomish River - summer Chinook salmon","Chinook salmon","Summer Fall","Skykomish River",2001,3054,"NOSAEJ",2,"2452a1ba-2a57-46a8-a698-b345e46d085c"
"Salmon, Chinook (Puget Sound ESU)","Puget Sound Chinook","Puget Sound Central East","Skykomish River - summer Chinook salmon","Chinook salmon","Summer Fall","Skykomish River",2006,4642,"NOSAEJ",2,"2452a1ba-2a57-46a8-a698-b345e46d085c"
"Salmon, Chinook (Puget Sound ESU)","Puget Sound Chinook","Puget Sound Central East","Skykomish River - summer Chinook salmon","Chinook salmon","Summer Fall","Skykomish River",2007,1510,"NOSAEJ",2,"2452a1ba-2a57-46a8-a698-b345e46d085c"
"Salmon, Chinook (Puget Sound ESU)","Puget Sound Chinook","Puget Sound Central East","Skykomish River - summer Chinook salmon","Chinook salmon","Summer Fall","Skykomish River",2008,4780,"NOSAEJ",2,"2452a1ba-2a57-46a8-a698-b345e46d085c"
"Salmon, Chinook (Puget Sound ESU)","Puget Sound Chinook","Puget Sound Central East","Skykomish River - summer Chinook salmon","Chinook salmon","Summer Fall","Skykomish River",2009,1146,"NOSAEJ",2,"2452a1ba-2a57-46a8-a698-b345e46d085c"
"Salmon, Chinook (Puget Sound ESU)","Puget Sound Chinook","Puget Sound Central East","Skykomish River - summer Chinook salmon","Chinook salmon","Summer Fall","Skykomish River",2010,1836,"NOSAEJ",2,"2452a1ba-2a57-46a8-a698-b345e46d085c"
"Salmon, Chinook (Puget Sound ESU)","Puget Sound Chinook","Puget Sound Central East","Skykomish River - summer Chinook salmon","Chinook salmon","Summer Fall","Skykomish River",2011,876,"NOSAEJ",2,"2452a1ba-2a57-46a8-a698-b345e46d085c"
"Salmon, Chinook (Puget Sound ESU)","Puget Sound Chinook","Puget Sound Central East","Skykomish River - summer Chinook salmon","Chinook salmon","Summer Fall","Skykomish River",2012,2462,"NOSAEJ",2,"2452a1ba-2a57-46a8-a698-b345e46d085c"
"Salmon, Chinook (Puget Sound ESU)","Puget Sound Chinook","Puget Sound Central East","Skykomish River - summer Chinook salmon","Chinook salmon","Summer Fall","Skykomish River",2013,1860,"NOSAEJ",2,"2452a1ba-2a57-46a8-a698-b345e46d085c"
"Salmon, Chinook (Puget Sound ESU)","Puget Sound Chinook","Puget Sound Central East","Skykomish River - summer Chinook salmon","Chinook salmon","Summer Fall","Skykomish River",2014,1654,"NOSAEJ",2,"2452a1ba-2a57-46a8-a698-b345e46d085c"
"Salmon, Chinook (Puget Sound ESU)","Puget Sound Chinook","Puget Sound Central East","Skykomish River - summer Chinook salmon","Chinook salmon","Summer Fall","Skykomish River",2015,1585,"NOSAEJ",2,"2452a1ba-2a57-46a8-a698-b345e46d085c"
"Salmon, Chinook (Puget Sound ESU)","Puget Sound Chinook","Puget Sound Central East","Skykomish River - summer Chinook salmon","Chinook salmon","Summer Fall","Skykomish River",2016,2363,"NOSAEJ",2,"2452a1ba-2a57-46a8-a698-b345e46d085c"
"Salmon, Chinook (Puget Sound ESU)","Puget Sound Chinook","Puget Sound Central East","Skykomish River - summer Chinook salmon","Chinook salmon","Summer Fall","Skykomish River",2017,2783,"NOSAEJ",2,"2452a1ba-2a57-46a8-a698-b345e46d085c"
"Salmon, Chinook (Puget Sound ESU)","Puget Sound Chinook","Puget Sound Central East","Skykomish River - summer Chinook salmon","Chinook salmon","Summer Fall","Skykomish River",2018,2259,"NOSAEJ",2,"2452a1ba-2a57-46a8-a698-b345e46d085c"
"Salmon, Chinook (Puget Sound ESU)","Puget Sound Chinook","Puget Sound Central East","Skykomish River - summer Chinook salmon","Chinook salmon","Summer Fall","Skykomish River",2019,569,"NOSAEJ",2,"2452a1ba-2a57-46a8-a698-b345e46d085c"
"Salmon, Chinook (Puget Sound ESU)","Puget Sound Chinook","Puget Sound Central East","Skykomish River - summer Chinook salmon","Chinook salmon","Summer Fall","Skykomish River",2020,1975,"NOSAEJ",2,"2452a1ba-2a57-46a8-a698-b345e46d085c"
"Salmon, Chinook (Puget Sound ESU)","Puget Sound Chinook","Puget Sound Central East","Skykomish River - summer Chinook salmon","Chinook salmon","Summer Fall","Skykomish River",2021,1414,"NOSAEJ",2,"2452a1ba-2a57-46a8-a698-b345e46d085c"
"Salmon, Chinook (Puget Sound ESU)","Puget Sound Chinook","Puget Sound Central East","Skykomish River - summer Chinook salmon","Chinook salmon","Summer Fall","Skykomish River",2022,2779,"NOSAEJ",2,"2452a1ba-2a57-46a8-a698-b345e46d085c"
"Salmon, Chinook (Puget Sound ESU)","Puget Sound Chinook","Puget Sound Central East","Skykomish River - summer Chinook salmon","Chinook salmon","Summer Fall","Skykomish River",2023,1138,"NOSAEJ",2,"2452a1ba-2a57-46a8-a698-b345e46d085c"
"Salmon, Chinook (Puget Sound ESU)","Puget Sound Chinook","Puget Sound Central East","Skykomish River - summer Chinook salmon","Chinook salmon","Summer Fall","Skykomish River",2024,3040,"NOSAEJ",2,"2452a1ba-2a57-46a8-a698-b345e46d085c"
"Salmon, Chinook (Puget Sound ESU)","Puget Sound Chinook","Puget Sound Central East","Skykomish River - summer Chinook salmon","Chinook salmon","Summer Fall","Skykomish River",2025,1116,"NOSAEJ",2,"2452a1ba-2a57-46a8-a698-b345e46d085c"
"Salmon, Chinook (Puget Sound ESU)","Puget Sound Chinook","Puget Sound Central East","Snoqualmie River - fall Chinook salmon","Chinook salmon","Fall","Snoqualmie River",1999,1040,"NOSAEJ",2,"83f3ebbf-1e95-4892-96c2-20bae7cf75bb"
"Salmon, Chinook (Puget Sound ESU)","Puget Sound Chinook","Puget Sound Central East","Snoqualmie River - fall Chinook salmon","Chinook salmon","Fall","Snoqualmie River",2000,1248,"NOSAEJ",2,"83f3ebbf-1e95-4892-96c2-20bae7cf75bb"
"Salmon, Chinook (Puget Sound ESU)","Puget Sound Chinook","Puget Sound Central East","Snoqualmie River - fall Chinook salmon","Chinook salmon","Fall","Snoqualmie River",2001,3284,"NOSAEJ",2,"83f3ebbf-1e95-4892-96c2-20bae7cf75bb"
"Salmon, Chinook (Puget Sound ESU)","Puget Sound Chinook","Puget Sound Central East","Snoqualmie River - fall Chinook salmon","Chinook salmon","Fall","Snoqualmie River",2005,968,"NOSAEJ",2,"83f3ebbf-1e95-4892-96c2-20bae7cf75bb"
"Salmon, Chinook (Puget Sound ESU)","Puget Sound Chinook","Puget Sound Central East","Snoqualmie River - fall Chinook salmon","Chinook salmon","Fall","Snoqualmie River",2006,2161,"NOSAEJ",2,"83f3ebbf-1e95-4892-96c2-20bae7cf75bb"
"Salmon, Chinook (Puget Sound ESU)","Puget Sound Chinook","Puget Sound Central East","Snoqualmie River - fall Chinook salmon","Chinook salmon","Fall","Snoqualmie River",2007,1174,"NOSAEJ",2,"83f3ebbf-1e95-4892-96c2-20bae7cf75bb"
"Salmon, Chinook (Puget Sound ESU)","Puget Sound Chinook","Puget Sound Central East","Snoqualmie River - fall Chinook salmon","Chinook salmon","Fall","Snoqualmie River",2008,2190,"NOSAEJ",2,"83f3ebbf-1e95-4892-96c2-20bae7cf75bb"
"Salmon, Chinook (Puget Sound ESU)","Puget Sound Chinook","Puget Sound Central East","Snoqualmie River - fall Chinook salmon","Chinook salmon","Fall","Snoqualmie River",2009,649,"NOSAEJ",2,"83f3ebbf-1e95-4892-96c2-20bae7cf75bb"
"Salmon, Chinook (Puget Sound ESU)","Puget Sound Chinook","Puget Sound Central East","Snoqualmie River - fall Chinook salmon","Chinook salmon","Fall","Snoqualmie River",2010,1585,"NOSAEJ",2,"83f3ebbf-1e95-4892-96c2-20bae7cf75bb"
"Salmon, Chinook (Puget Sound ESU)","Puget Sound Chinook","Puget Sound Central East","Snoqualmie River - fall Chinook salmon","Chinook salmon","Fall","Snoqualmie River",2011,477,"NOSAEJ",2,"83f3ebbf-1e95-4892-96c2-20bae7cf75bb"
"Salmon, Chinook (Puget Sound ESU)","Puget Sound Chinook","Puget Sound Central East","Snoqualmie River - fall Chinook salmon","Chinook salmon","Fall","Snoqualmie River",2012,891,"NOSAEJ",2,"83f3ebbf-1e95-4892-96c2-20bae7cf75bb"
"Salmon, Chinook (Puget Sound ESU)","Puget Sound Chinook","Puget Sound Central East","Snoqualmie River - fall Chinook salmon","Chinook salmon","Fall","Snoqualmie River",2013,770,"NOSAEJ",2,"83f3ebbf-1e95-4892-96c2-20bae7cf75bb"
"Salmon, Chinook (Puget Sound ESU)","Puget Sound Chinook","Puget Sound Central East","Snoqualmie River - fall Chinook salmon","Chinook salmon","Fall","Snoqualmie River",2014,698,"NOSAEJ",2,"83f3ebbf-1e95-4892-96c2-20bae7cf75bb"
"Salmon, Chinook (Puget Sound ESU)","Puget Sound Chinook","Puget Sound Central East","Snoqualmie River - fall Chinook salmon","Chinook salmon","Fall","Snoqualmie River",2015,694,"NOSAEJ",2,"83f3ebbf-1e95-4892-96c2-20bae7cf75bb"
"Salmon, Chinook (Puget Sound ESU)","Puget Sound Chinook","Puget Sound Central East","Snoqualmie River - fall Chinook salmon","Chinook salmon","Fall","Snoqualmie River",2016,1013,"NOSAEJ",2,"83f3ebbf-1e95-4892-96c2-20bae7cf75bb"
"Salmon, Chinook (Puget Sound ESU)","Puget Sound Chinook","Puget Sound Central East","Snoqualmie River - fall Chinook salmon","Chinook salmon","Fall","Snoqualmie River",2017,1409,"NOSAEJ",2,"83f3ebbf-1e95-4892-96c2-20bae7cf75bb"
"Salmon, Chinook (Puget Sound ESU)","Puget Sound Chinook","Puget Sound Central East","Snoqualmie River - fall Chinook salmon","Chinook salmon","Fall","Snoqualmie River",2018,823,"NOSAEJ",2,"83f3ebbf-1e95-4892-96c2-20bae7cf75bb"
"Salmon, Chinook (Puget Sound ESU)","Puget Sound Chinook","Puget Sound Central East","Snoqualmie River - fall Chinook salmon","Chinook salmon","Fall","Snoqualmie River",2019,443,"NOSAEJ",2,"83f3ebbf-1e95-4892-96c2-20bae7cf75bb"
"Salmon, Chinook (Puget Sound ESU)","Puget Sound Chinook","Puget Sound Central East","Snoqualmie River - fall Chinook salmon","Chinook salmon","Fall","Snoqualmie River",2020,804,"NOSAEJ",2,"83f3ebbf-1e95-4892-96c2-20bae7cf75bb"
"Salmon, Chinook (Puget Sound ESU)","Puget Sound Chinook","Puget Sound Central East","Snoqualmie River - fall Chinook salmon","Chinook salmon","Fall","Snoqualmie River",2021,611,"NOSAEJ",2,"83f3ebbf-1e95-4892-96c2-20bae7cf75bb"
"Salmon, Chinook (Puget Sound ESU)","Puget Sound Chinook","Puget Sound Central East","Snoqualmie River - fall Chinook salmon","Chinook salmon","Fall","Snoqualmie River",2022,861,"NOSAEJ",2,"83f3ebbf-1e95-4892-96c2-20bae7cf75bb"
"Salmon, Chinook (Puget Sound ESU)","Puget Sound Chinook","Puget Sound Central East","Snoqualmie River - fall Chinook salmon","Chinook salmon","Fall","Snoqualmie River",2023,423,"NOSAEJ",2,"83f3ebbf-1e95-4892-96c2-20bae7cf75bb"
"Salmon, Chinook (Puget Sound ESU)","Puget Sound Chinook","Puget Sound Central East","Snoqualmie River - fall Chinook salmon","Chinook salmon","Fall","Snoqualmie River",2024,1369,"NOSAEJ",2,"83f3ebbf-1e95-4892-96c2-20bae7cf75bb"
"Salmon, Chinook (Puget Sound ESU)","Puget Sound Chinook","Puget Sound Central East","Snoqualmie River - fall Chinook salmon","Chinook salmon","Fall","Snoqualmie River",2025,428,"NOSAEJ",2,"83f3ebbf-1e95-4892-96c2-20bae7cf75bb"
"Salmon, Chinook (Puget Sound ESU)","Puget Sound Chinook","Puget Sound North East","South Fork Nooksack River - spring Chinook salmon","Chinook salmon","Spring","North Fork Nooksack River, Middle Fork Nooksack River, South Fork Nooksack River",1999,32,"NOSAIJ",2,"88106b42-9321-4d7c-bdc9-3b8a5c245e6d"
"Salmon, Chinook (Puget Sound ESU)","Puget Sound Chinook","Puget Sound North East","South Fork Nooksack River - spring Chinook salmon","Chinook salmon","Spring","North Fork Nooksack River, Middle Fork Nooksack River, South Fork Nooksack River",2000,111,"NOSAIJ",2,"88106b42-9321-4d7c-bdc9-3b8a5c245e6d"
"Salmon, Chinook (Puget Sound ESU)","Puget Sound Chinook","Puget Sound North East","South Fork Nooksack River - spring Chinook salmon","Chinook salmon","Spring","North Fork Nooksack River, Middle Fork Nooksack River, South Fork Nooksack River",2001,159,"NOSAIJ",2,"88106b42-9321-4d7c-bdc9-3b8a5c245e6d"
"Salmon, Chinook (Puget Sound ESU)","Puget Sound Chinook","Puget Sound North East","South Fork Nooksack River - spring Chinook salmon","Chinook salmon","Spring","North Fork Nooksack River, Middle Fork Nooksack River, South Fork Nooksack River",2002,135,"NOSAIJ",2,"88106b42-9321-4d7c-bdc9-3b8a5c245e6d"
"Salmon, Chinook (Puget Sound ESU)","Puget Sound Chinook","Puget Sound North East","South Fork Nooksack River - spring Chinook salmon","Chinook salmon","Spring","North Fork Nooksack River, Middle Fork Nooksack River, South Fork Nooksack River",2003,69,"NOSAIJ",2,"88106b42-9321-4d7c-bdc9-3b8a5c245e6d"
"Salmon, Chinook (Puget Sound ESU)","Puget Sound Chinook","Puget Sound North East","South Fork Nooksack River - spring Chinook salmon","Chinook salmon","Spring","North Fork Nooksack River, Middle Fork Nooksack River, South Fork Nooksack River",2004,29,"NOSAIJ",2,"88106b42-9321-4d7c-bdc9-3b8a5c245e6d"
"Salmon, Chinook (Puget Sound ESU)","Puget Sound Chinook","Puget Sound North East","South Fork Nooksack River - spring Chinook salmon","Chinook salmon","Spring","North Fork Nooksack River, Middle Fork Nooksack River, South Fork Nooksack River",2005,19,"NOSAIJ",2,"88106b42-9321-4d7c-bdc9-3b8a5c245e6d"
"Salmon, Chinook (Puget Sound ESU)","Puget Sound Chinook","Puget Sound North East","South Fork Nooksack River - spring Chinook salmon","Chinook salmon","Spring","North Fork Nooksack River, Middle Fork Nooksack River, South Fork Nooksack River",2006,61,"NOSAIJ",2,"88106b42-9321-4d7c-bdc9-3b8a5c245e6d"
"Salmon, Chinook (Puget Sound ESU)","Puget Sound Chinook","Puget Sound North East","South Fork Nooksack River - spring Chinook salmon","Chinook salmon","Spring","North Fork Nooksack River, Middle Fork Nooksack River, South Fork Nooksack River",2007,26,"NOSAIJ",2,"88106b42-9321-4d7c-bdc9-3b8a5c245e6d"
"Salmon, Chinook (Puget Sound ESU)","Puget Sound Chinook","Puget Sound North East","South Fork Nooksack River - spring Chinook salmon","Chinook salmon","Spring","North Fork Nooksack River, Middle Fork Nooksack River, South Fork Nooksack River",2008,80,"NOSAIJ",2,"88106b42-9321-4d7c-bdc9-3b8a5c245e6d"
"Salmon, Chinook (Puget Sound ESU)","Puget Sound Chinook","Puget Sound North East","South Fork Nooksack River - spring Chinook salmon","Chinook salmon","Spring","North Fork Nooksack River, Middle Fork Nooksack River, South Fork Nooksack River",2009,45,"NOSAIJ",2,"88106b42-9321-4d7c-bdc9-3b8a5c245e6d"
"Salmon, Chinook (Puget Sound ESU)","Puget Sound Chinook","Puget Sound North East","South Fork Nooksack River - spring Chinook salmon","Chinook salmon","Spring","North Fork Nooksack River, Middle Fork Nooksack River, South Fork Nooksack River",2010,21,"NOSAIJ",2,"88106b42-9321-4d7c-bdc9-3b8a5c245e6d"
"Salmon, Chinook (Puget Sound ESU)","Puget Sound Chinook","Puget Sound North East","South Fork Nooksack River - spring Chinook salmon","Chinook salmon","Spring","North Fork Nooksack River, Middle Fork Nooksack River, South Fork Nooksack River",2011,90,"NOSAIJ",2,"88106b42-9321-4d7c-bdc9-3b8a5c245e6d"
"Salmon, Chinook (Puget Sound ESU)","Puget Sound Chinook","Puget Sound North East","South Fork Nooksack River - spring Chinook salmon","Chinook salmon","Spring","North Fork Nooksack River, Middle Fork Nooksack River, South Fork Nooksack River",2012,116,"NOSAIJ",2,"88106b42-9321-4d7c-bdc9-3b8a5c245e6d"
"Salmon, Chinook (Puget Sound ESU)","Puget Sound Chinook","Puget Sound North East","South Fork Nooksack River - spring Chinook salmon","Chinook salmon","Spring","North Fork Nooksack River, Middle Fork Nooksack River, South Fork Nooksack River",2013,10,"NOSAIJ",2,"88106b42-9321-4d7c-bdc9-3b8a5c245e6d"
"Salmon, Chinook (Puget Sound ESU)","Puget Sound Chinook","Puget Sound North East","South Fork Nooksack River - spring Chinook salmon","Chinook salmon","Spring","North Fork Nooksack River, Middle Fork Nooksack River, South Fork Nooksack River",2014,22,"NOSAIJ",2,"88106b42-9321-4d7c-bdc9-3b8a5c245e6d"
"Salmon, Chinook (Puget Sound ESU)","Puget Sound Chinook","Puget Sound North East","South Fork Nooksack River - spring Chinook salmon","Chinook salmon","Spring","North Fork Nooksack River, Middle Fork Nooksack River, South Fork Nooksack River",2015,7,"NOSAIJ",2,"88106b42-9321-4d7c-bdc9-3b8a5c245e6d"
"Salmon, Chinook (Puget Sound ESU)","Puget Sound Chinook","Puget Sound North East","South Fork Nooksack River - spring Chinook salmon","Chinook salmon","Spring","North Fork Nooksack River, Middle Fork Nooksack River, South Fork Nooksack River",2016,319,"NOSAIJ",2,"88106b42-9321-4d7c-bdc9-3b8a5c245e6d"
"Salmon, Chinook (Puget Sound ESU)","Puget Sound Chinook","Puget Sound North East","South Fork Nooksack River - spring Chinook salmon","Chinook salmon","Spring","North Fork Nooksack River, Middle Fork Nooksack River, South Fork Nooksack River",2017,145,"NOSAIJ",2,"88106b42-9321-4d7c-bdc9-3b8a5c245e6d"
"Salmon, Chinook (Puget Sound ESU)","Puget Sound Chinook","Puget Sound North East","South Fork Nooksack River - spring Chinook salmon","Chinook salmon","Spring","North Fork Nooksack River, Middle Fork Nooksack River, South Fork Nooksack River",2018,369,"NOSAIJ",2,"88106b42-9321-4d7c-bdc9-3b8a5c245e6d"
"Salmon, Chinook (Puget Sound ESU)","Puget Sound Chinook","Puget Sound North East","South Fork Nooksack River - spring Chinook salmon","Chinook salmon","Spring","North Fork Nooksack River, Middle Fork Nooksack River, South Fork Nooksack River",2019,61,"NOSAIJ",2,"88106b42-9321-4d7c-bdc9-3b8a5c245e6d"
"Salmon, Chinook (Puget Sound ESU)","Puget Sound Chinook","Puget Sound North East","South Fork Nooksack River - spring Chinook salmon","Chinook salmon","Spring","North Fork Nooksack River, Middle Fork Nooksack River, South Fork Nooksack River",2020,243,"NOSAIJ",2,"88106b42-9321-4d7c-bdc9-3b8a5c245e6d"
"Salmon, Chinook (Puget Sound ESU)","Puget Sound Chinook","Puget Sound North East","South Fork Nooksack River - spring Chinook salmon","Chinook salmon","Spring","North Fork Nooksack River, Middle Fork Nooksack River, South Fork Nooksack River",2021,92,"NOSAIJ",2,"88106b42-9321-4d7c-bdc9-3b8a5c245e6d"
"Salmon, Chinook (Puget Sound ESU)","Puget Sound Chinook","Puget Sound North East","South Fork Nooksack River - spring Chinook salmon","Chinook salmon","Spring","North Fork Nooksack River, Middle Fork Nooksack River, South Fork Nooksack River",2022,275,"NOSAIJ",2,"88106b42-9321-4d7c-bdc9-3b8a5c245e6d"
"Salmon, Chinook (Puget Sound ESU)","Puget Sound Chinook","Puget Sound North East","South Fork Nooksack River - spring Chinook salmon","Chinook salmon","Spring","North Fork Nooksack River, Middle Fork Nooksack River, South Fork Nooksack River",2023,136,"NOSAIJ",2,"88106b42-9321-4d7c-bdc9-3b8a5c245e6d"
"Salmon, Chinook (Puget Sound ESU)","Puget Sound Chinook","Puget Sound Central East","South Fork Stillaguamish River - fall Chinook salmon","Chinook salmon","Fall","South Fork Stillaguamish River",1999,126,"NOSAEJ",1,"4a21b905-5a3d-4609-9901-b25d65efa6f2"
"Salmon, Chinook (Puget Sound ESU)","Puget Sound Chinook","Puget Sound Central East","South Fork Stillaguamish River - fall Chinook salmon","Chinook salmon","Fall","South Fork Stillaguamish River",2000,226,"NOSAEJ",1,"4a21b905-5a3d-4609-9901-b25d65efa6f2"
"Salmon, Chinook (Puget Sound ESU)","Puget Sound Chinook","Puget Sound Central East","South Fork Stillaguamish River - fall Chinook salmon","Chinook salmon","Fall","South Fork Stillaguamish River",2001,259,"NOSAEJ",1,"4a21b905-5a3d-4609-9901-b25d65efa6f2"
"Salmon, Chinook (Puget Sound ESU)","Puget Sound Chinook","Puget Sound Central East","South Fork Stillaguamish River - fall Chinook salmon","Chinook salmon","Fall","South Fork Stillaguamish River",2002,306,"NOSAEJ",1,"4a21b905-5a3d-4609-9901-b25d65efa6f2"
"Salmon, Chinook (Puget Sound ESU)","Puget Sound Chinook","Puget Sound Central East","South Fork Stillaguamish River - fall Chinook salmon","Chinook salmon","Fall","South Fork Stillaguamish River",2003,80,"NOSAEJ",1,"4a21b905-5a3d-4609-9901-b25d65efa6f2"
"Salmon, Chinook (Puget Sound ESU)","Puget Sound Chinook","Puget Sound Central East","South Fork Stillaguamish River - fall Chinook salmon","Chinook salmon","Fall","South Fork Stillaguamish River",2004,159,"NOSAEJ",1,"4a21b905-5a3d-4609-9901-b25d65efa6f2"
"Salmon, Chinook (Puget Sound ESU)","Puget Sound Chinook","Puget Sound Central East","South Fork Stillaguamish River - fall Chinook salmon","Chinook salmon","Fall","South Fork Stillaguamish River",2005,47,"NOSAEJ",1,"4a21b905-5a3d-4609-9901-b25d65efa6f2"
"Salmon, Chinook (Puget Sound ESU)","Puget Sound Chinook","Puget Sound Central East","South Fork Stillaguamish River - fall Chinook salmon","Chinook salmon","Fall","South Fork Stillaguamish River",2006,128,"NOSAEJ",1,"4a21b905-5a3d-4609-9901-b25d65efa6f2"
"Salmon, Chinook (Puget Sound ESU)","Puget Sound Chinook","Puget Sound Central East","South Fork Stillaguamish River - fall Chinook salmon","Chinook salmon","Fall","South Fork Stillaguamish River",2007,14,"NOSAEJ",1,"4a21b905-5a3d-4609-9901-b25d65efa6f2"
"Salmon, Chinook (Puget Sound ESU)","Puget Sound Chinook","Puget Sound Central East","South Fork Stillaguamish River - fall Chinook salmon","Chinook salmon","Fall","South Fork Stillaguamish River",2008,129,"NOSAEJ",1,"4a21b905-5a3d-4609-9901-b25d65efa6f2"
"Salmon, Chinook (Puget Sound ESU)","Puget Sound Chinook","Puget Sound Central East","South Fork Stillaguamish River - fall Chinook salmon","Chinook salmon","Fall","South Fork Stillaguamish River",2009,19,"NOSAEJ",1,"4a21b905-5a3d-4609-9901-b25d65efa6f2"
"Salmon, Chinook (Puget Sound ESU)","Puget Sound Chinook","Puget Sound Central East","South Fork Stillaguamish River - fall Chinook salmon","Chinook salmon","Fall","South Fork Stillaguamish River",2010,8,"NOSAEJ",1,"4a21b905-5a3d-4609-9901-b25d65efa6f2"
"Salmon, Chinook (Puget Sound ESU)","Puget Sound Chinook","Puget Sound Central East","South Fork Stillaguamish River - fall Chinook salmon","Chinook salmon","Fall","South Fork Stillaguamish River",2011,57,"NOSAEJ",1,"4a21b905-5a3d-4609-9901-b25d65efa6f2"
"Salmon, Chinook (Puget Sound ESU)","Puget Sound Chinook","Puget Sound Central East","South Fork Stillaguamish River - fall Chinook salmon","Chinook salmon","Fall","South Fork Stillaguamish River",2012,115,"NOSAEJ",1,"4a21b905-5a3d-4609-9901-b25d65efa6f2"
"Salmon, Chinook (Puget Sound ESU)","Puget Sound Chinook","Puget Sound Central East","South Fork Stillaguamish River - fall Chinook salmon","Chinook salmon","Fall","South Fork Stillaguamish River",2013,59,"NOSAEJ",1,"4a21b905-5a3d-4609-9901-b25d65efa6f2"
"Salmon, Chinook (Puget Sound ESU)","Puget Sound Chinook","Puget Sound Central East","South Fork Stillaguamish River - fall Chinook salmon","Chinook salmon","Fall","South Fork Stillaguamish River",2014,5,"NOSAEJ",1,"4a21b905-5a3d-4609-9901-b25d65efa6f2"
"Salmon, Chinook (Puget Sound ESU)","Puget Sound Chinook","Puget Sound Central East","South Fork Stillaguamish River - fall Chinook salmon","Chinook salmon","Fall","South Fork Stillaguamish River",2015,93,"NOSAEJ",1,"4a21b905-5a3d-4609-9901-b25d65efa6f2"
"Salmon, Chinook (Puget Sound ESU)","Puget Sound Chinook","Puget Sound Central East","South Fork Stillaguamish River - fall Chinook salmon","Chinook salmon","Fall","South Fork Stillaguamish River",2016,96,"NOSAEJ",1,"4a21b905-5a3d-4609-9901-b25d65efa6f2"
"Salmon, Chinook (Puget Sound ESU)","Puget Sound Chinook","Puget Sound Central East","South Fork Stillaguamish River - fall Chinook salmon","Chinook salmon","Fall","South Fork Stillaguamish River",2017,57,"NOSAEJ",1,"4a21b905-5a3d-4609-9901-b25d65efa6f2"
"Salmon, Chinook (Puget Sound ESU)","Puget Sound Chinook","Puget Sound Central East","South Fork Stillaguamish River - fall Chinook salmon","Chinook salmon","Fall","South Fork Stillaguamish River",2018,12,"NOSAEJ",1,"4a21b905-5a3d-4609-9901-b25d65efa6f2"
"Salmon, Chinook (Puget Sound ESU)","Puget Sound Chinook","Puget Sound Central East","South Fork Stillaguamish River - fall Chinook salmon","Chinook salmon","Fall","South Fork Stillaguamish River",2019,20,"NOSAEJ",1,"4a21b905-5a3d-4609-9901-b25d65efa6f2"
"Salmon, Chinook (Puget Sound ESU)","Puget Sound Chinook","Puget Sound Central East","South Fork Stillaguamish River - fall Chinook salmon","Chinook salmon","Fall","South Fork Stillaguamish River",2020,29,"NOSAEJ",1,"4a21b905-5a3d-4609-9901-b25d65efa6f2"
"Salmon, Chinook (Puget Sound ESU)","Puget Sound Chinook","Puget Sound Central East","South Fork Stillaguamish River - fall Chinook salmon","Chinook salmon","Fall","South Fork Stillaguamish River",2021,66,"NOSAEJ",1,"4a21b905-5a3d-4609-9901-b25d65efa6f2"
"Salmon, Chinook (Puget Sound ESU)","Puget Sound Chinook","Puget Sound Central East","South Fork Stillaguamish River - fall Chinook salmon","Chinook salmon","Fall","South Fork Stillaguamish River",2022,146,"NOSAEJ",1,"4a21b905-5a3d-4609-9901-b25d65efa6f2"
"Salmon, Chinook (Puget Sound ESU)","Puget Sound Chinook","Puget Sound Central East","South Fork Stillaguamish River - fall Chinook salmon","Chinook salmon","Fall","South Fork Stillaguamish River",2023,23,"NOSAEJ",1,"4a21b905-5a3d-4609-9901-b25d65efa6f2"
"Salmon, Chinook (Puget Sound ESU)","Puget Sound Chinook","Puget Sound Central East","South Fork Stillaguamish River - fall Chinook salmon","Chinook salmon","Fall","South Fork Stillaguamish River",2024,180,"NOSAEJ",1,"4a21b905-5a3d-4609-9901-b25d65efa6f2"
"Salmon, Chinook (Puget Sound ESU)","Puget Sound Chinook","Puget Sound Central East","South Fork Stillaguamish River - fall Chinook salmon","Chinook salmon","Fall","South Fork Stillaguamish River",2025,126,"NOSAEJ",1,"4a21b905-5a3d-4609-9901-b25d65efa6f2"
"Salmon, Chinook (Puget Sound ESU)","Puget Sound Chinook","Puget Sound Central East","Suiattle River - spring Chinook salmon","Chinook salmon","Spring","Suiattle River",1999,208,"TSAIJ",1,"fc462a3b-ddc6-4788-93c3-97cf3bd11245"
"Salmon, Chinook (Puget Sound ESU)","Puget Sound Chinook","Puget Sound Central East","Suiattle River - spring Chinook salmon","Chinook salmon","Spring","Suiattle River",2000,360,"TSAIJ",1,"fc462a3b-ddc6-4788-93c3-97cf3bd11245"
"Salmon, Chinook (Puget Sound ESU)","Puget Sound Chinook","Puget Sound Central East","Suiattle River - spring Chinook salmon","Chinook salmon","Spring","Suiattle River",2001,688,"TSAIJ",1,"fc462a3b-ddc6-4788-93c3-97cf3bd11245"
"Salmon, Chinook (Puget Sound ESU)","Puget Sound Chinook","Puget Sound Central East","Suiattle River - spring Chinook salmon","Chinook salmon","Spring","Suiattle River",2002,265,"TSAIJ",1,"fc462a3b-ddc6-4788-93c3-97cf3bd11245"
"Salmon, Chinook (Puget Sound ESU)","Puget Sound Chinook","Puget Sound Central East","Suiattle River - spring Chinook salmon","Chinook salmon","Spring","Suiattle River",2003,353,"TSAIJ",1,"fc462a3b-ddc6-4788-93c3-97cf3bd11245"
"Salmon, Chinook (Puget Sound ESU)","Puget Sound Chinook","Puget Sound Central East","Suiattle River - spring Chinook salmon","Chinook salmon","Spring","Suiattle River",2004,495,"TSAIJ",1,"fc462a3b-ddc6-4788-93c3-97cf3bd11245"
"Salmon, Chinook (Puget Sound ESU)","Puget Sound Chinook","Puget Sound Central East","Suiattle River - spring Chinook salmon","Chinook salmon","Spring","Suiattle River",2005,518,"TSAIJ",1,"fc462a3b-ddc6-4788-93c3-97cf3bd11245"
"Salmon, Chinook (Puget Sound ESU)","Puget Sound Chinook","Puget Sound Central East","Suiattle River - spring Chinook salmon","Chinook salmon","Spring","Suiattle River",2006,375,"TSAIJ",1,"4a02ee0b-1674-4144-94dc-480f56ea25d7"
"Salmon, Chinook (Puget Sound ESU)","Puget Sound Chinook","Puget Sound Central East","Suiattle River - spring Chinook salmon","Chinook salmon","Spring","Suiattle River",2007,108,"TSAIJ",1,"4a02ee0b-1674-4144-94dc-480f56ea25d7"
"Salmon, Chinook (Puget Sound ESU)","Puget Sound Chinook","Puget Sound Central East","Suiattle River - spring Chinook salmon","Chinook salmon","Spring","Suiattle River",2008,203,"TSAIJ",1,"4a02ee0b-1674-4144-94dc-480f56ea25d7"
"Salmon, Chinook (Puget Sound ESU)","Puget Sound Chinook","Puget Sound Central East","Suiattle River - spring Chinook salmon","Chinook salmon","Spring","Suiattle River",2009,273,"TSAIJ",1,"4a02ee0b-1674-4144-94dc-480f56ea25d7"
"Salmon, Chinook (Puget Sound ESU)","Puget Sound Chinook","Puget Sound Central East","Suiattle River - spring Chinook salmon","Chinook salmon","Spring","Suiattle River",2010,263,"TSAIJ",1,"4a02ee0b-1674-4144-94dc-480f56ea25d7"
"Salmon, Chinook (Puget Sound ESU)","Puget Sound Chinook","Puget Sound Central East","Suiattle River - spring Chinook salmon","Chinook salmon","Spring","Suiattle River",2011,215,"TSAIJ",1,"4a02ee0b-1674-4144-94dc-480f56ea25d7"
"Salmon, Chinook (Puget Sound ESU)","Puget Sound Chinook","Puget Sound Central East","Suiattle River - spring Chinook salmon","Chinook salmon","Spring","Suiattle River",2012,460,"TSAIJ",1,"4a02ee0b-1674-4144-94dc-480f56ea25d7"
"Salmon, Chinook (Puget Sound ESU)","Puget Sound Chinook","Puget Sound Central East","Suiattle River - spring Chinook salmon","Chinook salmon","Spring","Suiattle River",2013,620,"TSAIJ",1,"4a02ee0b-1674-4144-94dc-480f56ea25d7"
"Salmon, Chinook (Puget Sound ESU)","Puget Sound Chinook","Puget Sound Central East","Suiattle River - spring Chinook salmon","Chinook salmon","Spring","Suiattle River",2014,460,"TSAIJ",1,"4a02ee0b-1674-4144-94dc-480f56ea25d7"
"Salmon, Chinook (Puget Sound ESU)","Puget Sound Chinook","Puget Sound Central East","Suiattle River - spring Chinook salmon","Chinook salmon","Spring","Suiattle River",2015,478,"TSAIJ",1,"4a02ee0b-1674-4144-94dc-480f56ea25d7"
"Salmon, Chinook (Puget Sound ESU)","Puget Sound Chinook","Puget Sound Central East","Suiattle River - spring Chinook salmon","Chinook salmon","Spring","Suiattle River",2016,648,"TSAIJ",1,"4a02ee0b-1674-4144-94dc-480f56ea25d7"
"Salmon, Chinook (Puget Sound ESU)","Puget Sound Chinook","Puget Sound Central East","Suiattle River - spring Chinook salmon","Chinook salmon","Spring","Suiattle River",2017,898,"TSAIJ",1,"4a02ee0b-1674-4144-94dc-480f56ea25d7"
"Salmon, Chinook (Puget Sound ESU)","Puget Sound Chinook","Puget Sound Central East","Suiattle River - spring Chinook salmon","Chinook salmon","Spring","Suiattle River",2018,645,"TSAIJ",1,"4a02ee0b-1674-4144-94dc-480f56ea25d7"
"Salmon, Chinook (Puget Sound ESU)","Puget Sound Chinook","Puget Sound Central East","Suiattle River - spring Chinook salmon","Chinook salmon","Spring","Suiattle River",2019,400,"TSAIJ",1,"4a02ee0b-1674-4144-94dc-480f56ea25d7"
"Salmon, Chinook (Puget Sound ESU)","Puget Sound Chinook","Puget Sound Central East","Suiattle River - spring Chinook salmon","Chinook salmon","Spring","Suiattle River",2020,396,"TSAIJ",1,"4a02ee0b-1674-4144-94dc-480f56ea25d7"
"Salmon, Chinook (Puget Sound ESU)","Puget Sound Chinook","Puget Sound Central East","Suiattle River - spring Chinook salmon","Chinook salmon","Spring","Suiattle River",2021,433,"TSAIJ",1,"4a02ee0b-1674-4144-94dc-480f56ea25d7"
"Salmon, Chinook (Puget Sound ESU)","Puget Sound Chinook","Puget Sound Central East","Suiattle River - spring Chinook salmon","Chinook salmon","Spring","Suiattle River",2022,535,"TSAIJ",1,"fc462a3b-ddc6-4788-93c3-97cf3bd11245"
"Salmon, Chinook (Puget Sound ESU)","Puget Sound Chinook","Puget Sound Central East","Suiattle River - spring Chinook salmon","Chinook salmon","Spring","Suiattle River",2023,360,"TSAIJ",1,"4a02ee0b-1674-4144-94dc-480f56ea25d7"
"Salmon, Chinook (Puget Sound ESU)","Puget Sound Chinook","Puget Sound Central East","Suiattle River - spring Chinook salmon","Chinook salmon","Spring","Suiattle River",2024,645,"TSAIJ",1,"fc462a3b-ddc6-4788-93c3-97cf3bd11245"
"Salmon, Chinook (Puget Sound ESU)","Puget Sound Chinook","Puget Sound Central East","Suiattle River - spring Chinook salmon","Chinook salmon","Spring","Suiattle River",2025,358,"TSAIJ",1,"fc462a3b-ddc6-4788-93c3-97cf3bd11245"
"Salmon, Chinook (Puget Sound ESU)","Puget Sound Chinook","Puget Sound Central East","Upper Sauk River - spring Chinook salmon","Chinook salmon","Spring","Sauk River",1999,180,"TSAIJ",2,"b404821e-21ab-44d4-ab56-05ecdc029ac9"
"Salmon, Chinook (Puget Sound ESU)","Puget Sound Chinook","Puget Sound Central East","Upper Sauk River - spring Chinook salmon","Chinook salmon","Spring","Sauk River",2000,388,"TSAIJ",2,"b404821e-21ab-44d4-ab56-05ecdc029ac9"
"Salmon, Chinook (Puget Sound ESU)","Puget Sound Chinook","Puget Sound Central East","Upper Sauk River - spring Chinook salmon","Chinook salmon","Spring","Sauk River",2001,543,"TSAIJ",2,"b404821e-21ab-44d4-ab56-05ecdc029ac9"
"Salmon, Chinook (Puget Sound ESU)","Puget Sound Chinook","Puget Sound Central East","Upper Sauk River - spring Chinook salmon","Chinook salmon","Spring","Sauk River",2002,460,"TSAIJ",2,"b404821e-21ab-44d4-ab56-05ecdc029ac9"
"Salmon, Chinook (Puget Sound ESU)","Puget Sound Chinook","Puget Sound Central East","Upper Sauk River - spring Chinook salmon","Chinook salmon","Spring","Sauk River",2003,193,"TSAIJ",2,"b404821e-21ab-44d4-ab56-05ecdc029ac9"
"Salmon, Chinook (Puget Sound ESU)","Puget Sound Chinook","Puget Sound Central East","Upper Sauk River - spring Chinook salmon","Chinook salmon","Spring","Sauk River",2004,700,"TSAIJ",2,"b404821e-21ab-44d4-ab56-05ecdc029ac9"
"Salmon, Chinook (Puget Sound ESU)","Puget Sound Chinook","Puget Sound Central East","Upper Sauk River - spring Chinook salmon","Chinook salmon","Spring","Sauk River",2005,308,"TSAIJ",2,"b404821e-21ab-44d4-ab56-05ecdc029ac9"
"Salmon, Chinook (Puget Sound ESU)","Puget Sound Chinook","Puget Sound Central East","Upper Sauk River - spring Chinook salmon","Chinook salmon","Spring","Sauk River",2006,1043,"TSAIJ",2,"b404821e-21ab-44d4-ab56-05ecdc029ac9"
"Salmon, Chinook (Puget Sound ESU)","Puget Sound Chinook","Puget Sound Central East","Upper Sauk River - spring Chinook salmon","Chinook salmon","Spring","Sauk River",2007,282,"TSAIJ",2,"b404821e-21ab-44d4-ab56-05ecdc029ac9"
"Salmon, Chinook (Puget Sound ESU)","Puget Sound Chinook","Puget Sound Central East","Upper Sauk River - spring Chinook salmon","Chinook salmon","Spring","Sauk River",2008,983,"TSAIJ",2,"b404821e-21ab-44d4-ab56-05ecdc029ac9"
"Salmon, Chinook (Puget Sound ESU)","Puget Sound Chinook","Puget Sound Central East","Upper Sauk River - spring Chinook salmon","Chinook salmon","Spring","Sauk River",2009,367,"TSAIJ",2,"b404821e-21ab-44d4-ab56-05ecdc029ac9"
"Salmon, Chinook (Puget Sound ESU)","Puget Sound Chinook","Puget Sound Central East","Upper Sauk River - spring Chinook salmon","Chinook salmon","Spring","Sauk River",2010,768,"TSAIJ",2,"b404821e-21ab-44d4-ab56-05ecdc029ac9"
"Salmon, Chinook (Puget Sound ESU)","Puget Sound Chinook","Puget Sound Central East","Upper Sauk River - spring Chinook salmon","Chinook salmon","Spring","Sauk River",2011,345,"TSAIJ",2,"b404821e-21ab-44d4-ab56-05ecdc029ac9"
"Salmon, Chinook (Puget Sound ESU)","Puget Sound Chinook","Puget Sound Central East","Upper Sauk River - spring Chinook salmon","Chinook salmon","Spring","Sauk River",2012,1826,"TSAIJ",2,"b404821e-21ab-44d4-ab56-05ecdc029ac9"
"Salmon, Chinook (Puget Sound ESU)","Puget Sound Chinook","Puget Sound Central East","Upper Sauk River - spring Chinook salmon","Chinook salmon","Spring","Sauk River",2013,1080,"TSAIJ",2,"b404821e-21ab-44d4-ab56-05ecdc029ac9"
"Salmon, Chinook (Puget Sound ESU)","Puget Sound Chinook","Puget Sound Central East","Upper Sauk River - spring Chinook salmon","Chinook salmon","Spring","Sauk River",2014,923,"TSAIJ",2,"b404821e-21ab-44d4-ab56-05ecdc029ac9"
"Salmon, Chinook (Puget Sound ESU)","Puget Sound Chinook","Puget Sound Central East","Upper Sauk River - spring Chinook salmon","Chinook salmon","Spring","Sauk River",2015,743,"TSAIJ",2,"b404821e-21ab-44d4-ab56-05ecdc029ac9"
"Salmon, Chinook (Puget Sound ESU)","Puget Sound Chinook","Puget Sound Central East","Upper Sauk River - spring Chinook salmon","Chinook salmon","Spring","Sauk River",2016,1502,"TSAIJ",2,"b404821e-21ab-44d4-ab56-05ecdc029ac9"
"Salmon, Chinook (Puget Sound ESU)","Puget Sound Chinook","Puget Sound Central East","Upper Sauk River - spring Chinook salmon","Chinook salmon","Spring","Sauk River",2017,1630,"TSAIJ",2,"b404821e-21ab-44d4-ab56-05ecdc029ac9"
"Salmon, Chinook (Puget Sound ESU)","Puget Sound Chinook","Puget Sound Central East","Upper Sauk River - spring Chinook salmon","Chinook salmon","Spring","Sauk River",2018,1603,"TSAIJ",2,"b404821e-21ab-44d4-ab56-05ecdc029ac9"
"Salmon, Chinook (Puget Sound ESU)","Puget Sound Chinook","Puget Sound Central East","Upper Sauk River - spring Chinook salmon","Chinook salmon","Spring","Sauk River",2019,551,"TSAIJ",2,"b404821e-21ab-44d4-ab56-05ecdc029ac9"
"Salmon, Chinook (Puget Sound ESU)","Puget Sound Chinook","Puget Sound Central East","Upper Sauk River - spring Chinook salmon","Chinook salmon","Spring","Sauk River",2020,938,"TSAIJ",2,"b404821e-21ab-44d4-ab56-05ecdc029ac9"
"Salmon, Chinook (Puget Sound ESU)","Puget Sound Chinook","Puget Sound Central East","Upper Sauk River - spring Chinook salmon","Chinook salmon","Spring","Sauk River",2021,1024,"TSAIJ",2,"b404821e-21ab-44d4-ab56-05ecdc029ac9"
"Salmon, Chinook (Puget Sound ESU)","Puget Sound Chinook","Puget Sound Central East","Upper Sauk River - spring Chinook salmon","Chinook salmon","Spring","Sauk River",2022,2542,"TSAIJ",2,"b404821e-21ab-44d4-ab56-05ecdc029ac9"
"Salmon, Chinook (Puget Sound ESU)","Puget Sound Chinook","Puget Sound Central East","Upper Sauk River - spring Chinook salmon","Chinook salmon","Spring","Sauk River",2023,471,"TSAIJ",2,"b404821e-21ab-44d4-ab56-05ecdc029ac9"
"Salmon, Chinook (Puget Sound ESU)","Puget Sound Chinook","Puget Sound Central East","Upper Sauk River - spring Chinook salmon","Chinook salmon","Spring","Sauk River",2024,1353,"TSAIJ",1,"63929754-9ddb-437a-81c4-b4827b70f889"
"Salmon, Chinook (Puget Sound ESU)","Puget Sound Chinook","Puget Sound Central East","Upper Sauk River - spring Chinook salmon","Chinook salmon","Spring","Sauk River",2025,663,"TSAIJ",1,"63929754-9ddb-437a-81c4-b4827b70f889"
"Salmon, Chinook (Puget Sound ESU)","Puget Sound Chinook","Puget Sound Central East","Upper Skagit River - summer Chinook salmon","Chinook salmon","Summer","Skagit River",1999,3586,"TSAIJ",1,"b0569e65-3f20-4bae-817b-a514c7fe376a"
"Salmon, Chinook (Puget Sound ESU)","Puget Sound Chinook","Puget Sound Central East","Upper Skagit River - summer Chinook salmon","Chinook salmon","Summer","Skagit River",2000,13092,"TSAIJ",1,"b0569e65-3f20-4bae-817b-a514c7fe376a"
"Salmon, Chinook (Puget Sound ESU)","Puget Sound Chinook","Puget Sound Central East","Upper Skagit River - summer Chinook salmon","Chinook salmon","Summer","Skagit River",2001,10084,"TSAIJ",1,"b0569e65-3f20-4bae-817b-a514c7fe376a"
"Salmon, Chinook (Puget Sound ESU)","Puget Sound Chinook","Puget Sound Central East","Upper Skagit River - summer Chinook salmon","Chinook salmon","Summer","Skagit River",2002,13815,"TSAIJ",1,"b0569e65-3f20-4bae-817b-a514c7fe376a"
"Salmon, Chinook (Puget Sound ESU)","Puget Sound Chinook","Puget Sound Central East","Upper Skagit River - summer Chinook salmon","Chinook salmon","Summer","Skagit River",2003,7123,"TSAIJ",1,"b0569e65-3f20-4bae-817b-a514c7fe376a"
"Salmon, Chinook (Puget Sound ESU)","Puget Sound Chinook","Puget Sound Central East","Upper Skagit River - summer Chinook salmon","Chinook salmon","Summer","Skagit River",2004,20040,"TSAIJ",1,"b0569e65-3f20-4bae-817b-a514c7fe376a"
"Salmon, Chinook (Puget Sound ESU)","Puget Sound Chinook","Puget Sound Central East","Upper Skagit River - summer Chinook salmon","Chinook salmon","Summer","Skagit River",2005,16608,"TSAIJ",1,"b0569e65-3f20-4bae-817b-a514c7fe376a"
"Salmon, Chinook (Puget Sound ESU)","Puget Sound Chinook","Puget Sound Central East","Upper Skagit River - summer Chinook salmon","Chinook salmon","Summer","Skagit River",2006,16165,"TSAIJ",1,"b0569e65-3f20-4bae-817b-a514c7fe376a"
"Salmon, Chinook (Puget Sound ESU)","Puget Sound Chinook","Puget Sound Central East","Upper Skagit River - summer Chinook salmon","Chinook salmon","Summer","Skagit River",2007,9845,"TSAIJ",1,"b0569e65-3f20-4bae-817b-a514c7fe376a"
"Salmon, Chinook (Puget Sound ESU)","Puget Sound Chinook","Puget Sound Central East","Upper Skagit River - summer Chinook salmon","Chinook salmon","Summer","Skagit River",2008,8441,"TSAIJ",1,"b0569e65-3f20-4bae-817b-a514c7fe376a"
"Salmon, Chinook (Puget Sound ESU)","Puget Sound Chinook","Puget Sound Central East","Upper Skagit River - summer Chinook salmon","Chinook salmon","Summer","Skagit River",2009,5290,"TSAIJ",1,"b0569e65-3f20-4bae-817b-a514c7fe376a"
"Salmon, Chinook (Puget Sound ESU)","Puget Sound Chinook","Puget Sound Central East","Upper Skagit River - summer Chinook salmon","Chinook salmon","Summer","Skagit River",2010,6644,"TSAIJ",1,"b0569e65-3f20-4bae-817b-a514c7fe376a"
"Salmon, Chinook (Puget Sound ESU)","Puget Sound Chinook","Puget Sound Central East","Upper Skagit River - summer Chinook salmon","Chinook salmon","Summer","Skagit River",2011,4480,"TSAIJ",1,"b0569e65-3f20-4bae-817b-a514c7fe376a"
"Salmon, Chinook (Puget Sound ESU)","Puget Sound Chinook","Puget Sound Central East","Upper Skagit River - summer Chinook salmon","Chinook salmon","Summer","Skagit River",2012,9808,"TSAIJ",1,"b0569e65-3f20-4bae-817b-a514c7fe376a"
"Salmon, Chinook (Puget Sound ESU)","Puget Sound Chinook","Puget Sound Central East","Upper Skagit River - summer Chinook salmon","Chinook salmon","Summer","Skagit River",2013,8801,"TSAIJ",1,"b0569e65-3f20-4bae-817b-a514c7fe376a"
"Salmon, Chinook (Puget Sound ESU)","Puget Sound Chinook","Puget Sound Central East","Upper Skagit River - summer Chinook salmon","Chinook salmon","Summer","Skagit River",2014,8308,"TSAIJ",1,"b0569e65-3f20-4bae-817b-a514c7fe376a"
"Salmon, Chinook (Puget Sound ESU)","Puget Sound Chinook","Puget Sound Central East","Upper Skagit River - summer Chinook salmon","Chinook salmon","Summer","Skagit River",2015,10705,"TSAIJ",1,"b0569e65-3f20-4bae-817b-a514c7fe376a"
"Salmon, Chinook (Puget Sound ESU)","Puget Sound Chinook","Puget Sound Central East","Upper Skagit River - summer Chinook salmon","Chinook salmon","Summer","Skagit River",2016,15406,"TSAIJ",1,"b0569e65-3f20-4bae-817b-a514c7fe376a"
"Salmon, Chinook (Puget Sound ESU)","Puget Sound Chinook","Puget Sound Central East","Upper Skagit River - summer Chinook salmon","Chinook salmon","Summer","Skagit River",2017,7792,"TSAIJ",1,"b0569e65-3f20-4bae-817b-a514c7fe376a"
"Salmon, Chinook (Puget Sound ESU)","Puget Sound Chinook","Puget Sound Central East","Upper Skagit River - summer Chinook salmon","Chinook salmon","Summer","Skagit River",2018,8602,"TSAIJ",1,"b0569e65-3f20-4bae-817b-a514c7fe376a"
"Salmon, Chinook (Puget Sound ESU)","Puget Sound Chinook","Puget Sound Central East","Upper Skagit River - summer Chinook salmon","Chinook salmon","Summer","Skagit River",2019,10155,"TSAIJ",1,"b0569e65-3f20-4bae-817b-a514c7fe376a"
"Salmon, Chinook (Puget Sound ESU)","Puget Sound Chinook","Puget Sound Central East","Upper Skagit River - summer Chinook salmon","Chinook salmon","Summer","Skagit River",2020,9652,"TSAIJ",1,"b0569e65-3f20-4bae-817b-a514c7fe376a"
"Salmon, Chinook (Puget Sound ESU)","Puget Sound Chinook","Puget Sound Central East","Upper Skagit River - summer Chinook salmon","Chinook salmon","Summer","Skagit River",2021,6410,"TSAIJ",1,"b0569e65-3f20-4bae-817b-a514c7fe376a"
"Salmon, Chinook (Puget Sound ESU)","Puget Sound Chinook","Puget Sound Central East","Upper Skagit River - summer Chinook salmon","Chinook salmon","Summer","Skagit River",2022,12005,"TSAIJ",1,"b0569e65-3f20-4bae-817b-a514c7fe376a"
"Salmon, Chinook (Puget Sound ESU)","Puget Sound Chinook","Puget Sound Central East","Upper Skagit River - summer Chinook salmon","Chinook salmon","Summer","Skagit River",2023,8330,"TSAIJ",1,"b0569e65-3f20-4bae-817b-a514c7fe376a"
"Salmon, Chinook (Puget Sound ESU)","Puget Sound Chinook","Puget Sound Central East","Upper Skagit River - summer Chinook salmon","Chinook salmon","Summer","Skagit River",2024,7808,"TSAIJ",1,"b0569e65-3f20-4bae-817b-a514c7fe376a"
"Salmon, Chinook (Puget Sound ESU)","Puget Sound Chinook","Puget Sound Central East","Upper Skagit River - summer Chinook salmon","Chinook salmon","Summer","Skagit River",2025,8037,"TSAIJ",1,"b0569e65-3f20-4bae-817b-a514c7fe376a"
"Salmon, Chinook (Puget Sound ESU)","Puget Sound Chinook","Puget Sound South","White River - spring Chinook salmon","Chinook salmon","Spring","White River",1999,579,"NOSAIJ",1,"1fdd0cfd-8072-46d5-96ba-ef6e2617e882"
"Salmon, Chinook (Puget Sound ESU)","Puget Sound Chinook","Puget Sound South","White River - spring Chinook salmon","Chinook salmon","Spring","White River",2000,788,"NOSAIJ",1,"1fdd0cfd-8072-46d5-96ba-ef6e2617e882"
"Salmon, Chinook (Puget Sound ESU)","Puget Sound Chinook","Puget Sound South","White River - spring Chinook salmon","Chinook salmon","Spring","White River",2001,1375,"NOSAIJ",1,"1fdd0cfd-8072-46d5-96ba-ef6e2617e882"
"Salmon, Chinook (Puget Sound ESU)","Puget Sound Chinook","Puget Sound South","White River - spring Chinook salmon","Chinook salmon","Spring","White River",2002,453,"NOSAIJ",1,"1fdd0cfd-8072-46d5-96ba-ef6e2617e882"
"Salmon, Chinook (Puget Sound ESU)","Puget Sound Chinook","Puget Sound South","White River - spring Chinook salmon","Chinook salmon","Spring","White River",2003,855,"NOSAIJ",1,"1fdd0cfd-8072-46d5-96ba-ef6e2617e882"
"Salmon, Chinook (Puget Sound ESU)","Puget Sound Chinook","Puget Sound South","White River - spring Chinook salmon","Chinook salmon","Spring","White River",2004,1200,"NOSAIJ",1,"1fdd0cfd-8072-46d5-96ba-ef6e2617e882"
"Salmon, Chinook (Puget Sound ESU)","Puget Sound Chinook","Puget Sound South","White River - spring Chinook salmon","Chinook salmon","Spring","White River",2005,856,"NOSAIJ",1,"1fdd0cfd-8072-46d5-96ba-ef6e2617e882"
"Salmon, Chinook (Puget Sound ESU)","Puget Sound Chinook","Puget Sound South","White River - spring Chinook salmon","Chinook salmon","Spring","White River",2006,1221,"NOSAIJ",1,"1fdd0cfd-8072-46d5-96ba-ef6e2617e882"
"Salmon, Chinook (Puget Sound ESU)","Puget Sound Chinook","Puget Sound South","White River - spring Chinook salmon","Chinook salmon","Spring","White River",2007,850,"NOSAIJ",1,"1fdd0cfd-8072-46d5-96ba-ef6e2617e882"
"Salmon, Chinook (Puget Sound ESU)","Puget Sound Chinook","Puget Sound South","White River - spring Chinook salmon","Chinook salmon","Spring","White River",2008,667,"NOSAIJ",1,"1fdd0cfd-8072-46d5-96ba-ef6e2617e882"
"Salmon, Chinook (Puget Sound ESU)","Puget Sound Chinook","Puget Sound South","White River - spring Chinook salmon","Chinook salmon","Spring","White River",2009,306,"NOSAIJ",1,"1fdd0cfd-8072-46d5-96ba-ef6e2617e882"
"Salmon, Chinook (Puget Sound ESU)","Puget Sound Chinook","Puget Sound South","White River - spring Chinook salmon","Chinook salmon","Spring","White River",2010,262,"NOSAIJ",1,"1fdd0cfd-8072-46d5-96ba-ef6e2617e882"
"Salmon, Chinook (Puget Sound ESU)","Puget Sound Chinook","Puget Sound South","White River - spring Chinook salmon","Chinook salmon","Spring","White River",2011,619,"NOSAIJ",1,"1fdd0cfd-8072-46d5-96ba-ef6e2617e882"
"Salmon, Chinook (Puget Sound ESU)","Puget Sound Chinook","Puget Sound South","White River - spring Chinook salmon","Chinook salmon","Spring","White River",2012,849,"NOSAIJ",1,"1fdd0cfd-8072-46d5-96ba-ef6e2617e882"
"Salmon, Chinook (Puget Sound ESU)","Puget Sound Chinook","Puget Sound South","White River - spring Chinook salmon","Chinook salmon","Spring","White River",2013,888,"NOSAIJ",1,"1fdd0cfd-8072-46d5-96ba-ef6e2617e882"
"Salmon, Chinook (Puget Sound ESU)","Puget Sound Chinook","Puget Sound South","White River - spring Chinook salmon","Chinook salmon","Spring","White River",2014,302,"NOSAIJ",1,"1fdd0cfd-8072-46d5-96ba-ef6e2617e882"
"Salmon, Chinook (Puget Sound ESU)","Puget Sound Chinook","Puget Sound South","White River - spring Chinook salmon","Chinook salmon","Spring","White River",2015,542,"NOSAIJ",1,"1fdd0cfd-8072-46d5-96ba-ef6e2617e882"
"Salmon, Chinook (Puget Sound ESU)","Puget Sound Chinook","Puget Sound South","White River - spring Chinook salmon","Chinook salmon","Spring","White River",2016,889,"NOSAIJ",1,"1fdd0cfd-8072-46d5-96ba-ef6e2617e882"
"Salmon, Chinook (Puget Sound ESU)","Puget Sound Chinook","Puget Sound South","White River - spring Chinook salmon","Chinook salmon","Spring","White River",2017,921,"NOSAIJ",1,"1fdd0cfd-8072-46d5-96ba-ef6e2617e882"
"Salmon, Chinook (Puget Sound ESU)","Puget Sound Chinook","Puget Sound South","White River - spring Chinook salmon","Chinook salmon","Spring","White River",2018,583,"NOSAIJ",1,"1fdd0cfd-8072-46d5-96ba-ef6e2617e882"
"Salmon, Chinook (Puget Sound ESU)","Puget Sound Chinook","Puget Sound South","White River - spring Chinook salmon","Chinook salmon","Spring","White River",2019,802,"NOSAIJ",1,"1fdd0cfd-8072-46d5-96ba-ef6e2617e882"
"Salmon, Chinook (Puget Sound ESU)","Puget Sound Chinook","Puget Sound South","White River - spring Chinook salmon","Chinook salmon","Spring","White River",2020,1727,"NOSAIJ",1,"1fdd0cfd-8072-46d5-96ba-ef6e2617e882"
"Salmon, Chinook (Puget Sound ESU)","Puget Sound Chinook","Puget Sound South","White River - spring Chinook salmon","Chinook salmon","Spring","White River",2021,2306,"NOSAIJ",1,"1fdd0cfd-8072-46d5-96ba-ef6e2617e882"
"Salmon, Chinook (Puget Sound ESU)","Puget Sound Chinook","Puget Sound South","White River - spring Chinook salmon","Chinook salmon","Spring","White River",2022,2346,"NOSAIJ",1,"1fdd0cfd-8072-46d5-96ba-ef6e2617e882"
"Salmon, Chinook (Puget Sound ESU)","Puget Sound Chinook","Puget Sound South","White River - spring Chinook salmon","Chinook salmon","Spring","White River",2023,1032,"NOSAIJ",1,"1fdd0cfd-8072-46d5-96ba-ef6e2617e882"
"Salmon, Chinook (Puget Sound ESU)","Puget Sound Chinook","Puget Sound South","White River - spring Chinook salmon","Chinook salmon","Spring","White River",2024,835,"NOSAIJ",1,"1fdd0cfd-8072-46d5-96ba-ef6e2617e882"
"Salmon, Chinook (Puget Sound ESU)","Puget Sound Chinook","Puget Sound South","White River - spring Chinook salmon","Chinook salmon","Spring","White River",2025,679,"NOSAIJ",1,"1fdd0cfd-8072-46d5-96ba-ef6e2617e882"
"Salmon, Chinook (Snake River fall-run ESU)","Snake River fall Chinook","Snake River","Snake River - fall Chinook salmon","Chinook salmon","Fall","Snake River",1992,620,"NOSAIJ",2,"bd39501e-8411-46d8-ade4-2402e563b791"
"Salmon, Chinook (Snake River fall-run ESU)","Snake River fall Chinook","Snake River","Snake River - fall Chinook salmon","Chinook salmon","Fall","Snake River",1993,777,"NOSAIJ",2,"bd39501e-8411-46d8-ade4-2402e563b791"
"Salmon, Chinook (Snake River fall-run ESU)","Snake River fall Chinook","Snake River","Snake River - fall Chinook salmon","Chinook salmon","Fall","Snake River",1994,484,"NOSAIJ",2,"bd39501e-8411-46d8-ade4-2402e563b791"
"Salmon, Chinook (Snake River fall-run ESU)","Snake River fall Chinook","Snake River","Snake River - fall Chinook salmon","Chinook salmon","Fall","Snake River",1995,379,"NOSAIJ",2,"bd39501e-8411-46d8-ade4-2402e563b791"
"Salmon, Chinook (Snake River fall-run ESU)","Snake River fall Chinook","Snake River","Snake River - fall Chinook salmon","Chinook salmon","Fall","Snake River",1996,840,"NOSAIJ",2,"bd39501e-8411-46d8-ade4-2402e563b791"
"Salmon, Chinook (Snake River fall-run ESU)","Snake River fall Chinook","Snake River","Snake River - fall Chinook salmon","Chinook salmon","Fall","Snake River",1997,821,"NOSAIJ",2,"bd39501e-8411-46d8-ade4-2402e563b791"
"Salmon, Chinook (Snake River fall-run ESU)","Snake River fall Chinook","Snake River","Snake River - fall Chinook salmon","Chinook salmon","Fall","Snake River",1998,627,"NOSAIJ",2,"bd39501e-8411-46d8-ade4-2402e563b791"
"Salmon, Chinook (Snake River fall-run ESU)","Snake River fall Chinook","Snake River","Snake River - fall Chinook salmon","Chinook salmon","Fall","Snake River",1999,1722,"NOSAIJ",2,"bd39501e-8411-46d8-ade4-2402e563b791"
"Salmon, Chinook (Snake River fall-run ESU)","Snake River fall Chinook","Snake River","Snake River - fall Chinook salmon","Chinook salmon","Fall","Snake River",2000,3388,"NOSAIJ",3,"4e859fd1-5da7-42a7-9b5a-63b3be3f1ae5"
"Salmon, Chinook (Snake River fall-run ESU)","Snake River fall Chinook","Snake River","Snake River - fall Chinook salmon","Chinook salmon","Fall","Snake River",2001,5681,"NOSAIJ",3,"4e859fd1-5da7-42a7-9b5a-63b3be3f1ae5"
"Salmon, Chinook (Snake River fall-run ESU)","Snake River fall Chinook","Snake River","Snake River - fall Chinook salmon","Chinook salmon","Fall","Snake River",2002,3622,"NOSAIJ",3,"4e859fd1-5da7-42a7-9b5a-63b3be3f1ae5"
"Salmon, Chinook (Snake River fall-run ESU)","Snake River fall Chinook","Snake River","Snake River - fall Chinook salmon","Chinook salmon","Fall","Snake River",2003,6835,"NOSAIJ",4,"3223cf48-e06d-4b6f-aa3c-5844d8f24dfe"
"Salmon, Chinook (Snake River fall-run ESU)","Snake River fall Chinook","Snake River","Snake River - fall Chinook salmon","Chinook salmon","Fall","Snake River",2004,8002,"NOSAIJ",4,"3223cf48-e06d-4b6f-aa3c-5844d8f24dfe"
"Salmon, Chinook (Snake River fall-run ESU)","Snake River fall Chinook","Snake River","Snake River - fall Chinook salmon","Chinook salmon","Fall","Snake River",2005,6088,"NOSAIJ",4,"3223cf48-e06d-4b6f-aa3c-5844d8f24dfe"
"Salmon, Chinook (Snake River fall-run ESU)","Snake River fall Chinook","Snake River","Snake River - fall Chinook salmon","Chinook salmon","Fall","Snake River",2006,5909,"NOSAIJ",4,"3223cf48-e06d-4b6f-aa3c-5844d8f24dfe"
"Salmon, Chinook (Snake River fall-run ESU)","Snake River fall Chinook","Snake River","Snake River - fall Chinook salmon","Chinook salmon","Fall","Snake River",2007,4416,"NOSAIJ",4,"3223cf48-e06d-4b6f-aa3c-5844d8f24dfe"
"Salmon, Chinook (Snake River fall-run ESU)","Snake River fall Chinook","Snake River","Snake River - fall Chinook salmon","Chinook salmon","Fall","Snake River",2008,4589,"NOSAIJ",4,"3223cf48-e06d-4b6f-aa3c-5844d8f24dfe"
"Salmon, Chinook (Snake River fall-run ESU)","Snake River fall Chinook","Snake River","Snake River - fall Chinook salmon","Chinook salmon","Fall","Snake River",2009,5717,"NOSAIJ",4,"3223cf48-e06d-4b6f-aa3c-5844d8f24dfe"
"Salmon, Chinook (Snake River fall-run ESU)","Snake River fall Chinook","Snake River","Snake River - fall Chinook salmon","Chinook salmon","Fall","Snake River",2010,8520,"NOSAIJ",4,"3223cf48-e06d-4b6f-aa3c-5844d8f24dfe"
"Salmon, Chinook (Snake River fall-run ESU)","Snake River fall Chinook","Snake River","Snake River - fall Chinook salmon","Chinook salmon","Fall","Snake River",2011,12932,"NOSAIJ",4,"3223cf48-e06d-4b6f-aa3c-5844d8f24dfe"
"Salmon, Chinook (Snake River fall-run ESU)","Snake River fall Chinook","Snake River","Snake River - fall Chinook salmon","Chinook salmon","Fall","Snake River",2012,16447,"NOSAIJ",4,"3223cf48-e06d-4b6f-aa3c-5844d8f24dfe"
"Salmon, Chinook (Snake River fall-run ESU)","Snake River fall Chinook","Snake River","Snake River - fall Chinook salmon","Chinook salmon","Fall","Snake River",2013,27166,"NOSAIJ",4,"3223cf48-e06d-4b6f-aa3c-5844d8f24dfe"
"Salmon, Chinook (Snake River fall-run ESU)","Snake River fall Chinook","Snake River","Snake River - fall Chinook salmon","Chinook salmon","Fall","Snake River",2014,16965,"NOSAIJ",4,"3223cf48-e06d-4b6f-aa3c-5844d8f24dfe"
"Salmon, Chinook (Snake River fall-run ESU)","Snake River fall Chinook","Snake River","Snake River - fall Chinook salmon","Chinook salmon","Fall","Snake River",2015,17575,"NOSAIJ",4,"3223cf48-e06d-4b6f-aa3c-5844d8f24dfe"
"Salmon, Chinook (Snake River fall-run ESU)","Snake River fall Chinook","Snake River","Snake River - fall Chinook salmon","Chinook salmon","Fall","Snake River",2016,10806,"NOSAIJ",4,"3223cf48-e06d-4b6f-aa3c-5844d8f24dfe"
"Salmon, Chinook (Snake River fall-run ESU)","Snake River fall Chinook","Snake River","Snake River - fall Chinook salmon","Chinook salmon","Fall","Snake River",2017,7571,"NOSAIJ",4,"3223cf48-e06d-4b6f-aa3c-5844d8f24dfe"
"Salmon, Chinook (Snake River fall-run ESU)","Snake River fall Chinook","Snake River","Snake River - fall Chinook salmon","Chinook salmon","Fall","Snake River",2018,6363,"NOSAIJ",4,"3223cf48-e06d-4b6f-aa3c-5844d8f24dfe"
"Salmon, Chinook (Snake River fall-run ESU)","Snake River fall Chinook","Snake River","Snake River - fall Chinook salmon","Chinook salmon","Fall","Snake River",2019,7500,"NOSAIJ",4,"3223cf48-e06d-4b6f-aa3c-5844d8f24dfe"
"Salmon, Chinook (Snake River fall-run ESU)","Snake River fall Chinook","Snake River","Snake River - fall Chinook salmon","Chinook salmon","Fall","Snake River",2020,8741,"NOSAIJ",4,"3223cf48-e06d-4b6f-aa3c-5844d8f24dfe"
"Salmon, Chinook (Snake River fall-run ESU)","Snake River fall Chinook","Snake River","Snake River - fall Chinook salmon","Chinook salmon","Fall","Snake River",2021,7957,"NOSAIJ",4,"3223cf48-e06d-4b6f-aa3c-5844d8f24dfe"
"Salmon, Chinook (Snake River fall-run ESU)","Snake River fall Chinook","Snake River","Snake River - fall Chinook salmon","Chinook salmon","Fall","Snake River",2022,6874,"NOSAIJ",4,"3223cf48-e06d-4b6f-aa3c-5844d8f24dfe"
"Salmon, Chinook (Snake River fall-run ESU)","Snake River fall Chinook","Snake River","Snake River - fall Chinook salmon","Chinook salmon","Fall","Snake River",2023,8392,"NOSAIJ",4,"3223cf48-e06d-4b6f-aa3c-5844d8f24dfe"
"Salmon, Chinook (Snake River fall-run ESU)","Snake River fall Chinook","Snake River","Snake River - fall Chinook salmon","Chinook salmon","Fall","Snake River",2024,7226,"NOSAIJ",4,"3223cf48-e06d-4b6f-aa3c-5844d8f24dfe"
"Salmon, Chinook (Snake River fall-run ESU)","Snake River fall Chinook","Snake River","Snake River - fall Chinook salmon","Chinook salmon","Fall","Snake River",2025,4780,"NOSAIJ",4,"3223cf48-e06d-4b6f-aa3c-5844d8f24dfe"
"Salmon, Chinook (Snake River spring/summer-run ESU)","Snake River spring and summer Chinook","Lower Snake","Asotin Creek - spring Chinook salmon","Chinook salmon","Spring","Asotin Creek",1992,0,"NOSAIJ",1,"425b0630-4edd-465d-ba02-28760d2f6bda"
"Salmon, Chinook (Snake River spring/summer-run ESU)","Snake River spring and summer Chinook","Lower Snake","Asotin Creek - spring Chinook salmon","Chinook salmon","Spring","Asotin Creek",1993,4,"NOSAIJ",1,"425b0630-4edd-465d-ba02-28760d2f6bda"
"Salmon, Chinook (Snake River spring/summer-run ESU)","Snake River spring and summer Chinook","Lower Snake","Asotin Creek - spring Chinook salmon","Chinook salmon","Spring","Asotin Creek",1994,0,"NOSAIJ",1,"425b0630-4edd-465d-ba02-28760d2f6bda"
"Salmon, Chinook (Snake River spring/summer-run ESU)","Snake River spring and summer Chinook","Lower Snake","Asotin Creek - spring Chinook salmon","Chinook salmon","Spring","Asotin Creek",1995,0,"NOSAIJ",1,"425b0630-4edd-465d-ba02-28760d2f6bda"
"Salmon, Chinook (Snake River spring/summer-run ESU)","Snake River spring and summer Chinook","Lower Snake","Asotin Creek - spring Chinook salmon","Chinook salmon","Spring","Asotin Creek",1996,0,"NOSAIJ",1,"425b0630-4edd-465d-ba02-28760d2f6bda"
"Salmon, Chinook (Snake River spring/summer-run ESU)","Snake River spring and summer Chinook","Lower Snake","Asotin Creek - spring Chinook salmon","Chinook salmon","Spring","Asotin Creek",1997,2,"NOSAIJ",1,"425b0630-4edd-465d-ba02-28760d2f6bda"
"Salmon, Chinook (Snake River spring/summer-run ESU)","Snake River spring and summer Chinook","Lower Snake","Asotin Creek - spring Chinook salmon","Chinook salmon","Spring","Asotin Creek",1998,0,"NOSAIJ",1,"425b0630-4edd-465d-ba02-28760d2f6bda"
"Salmon, Chinook (Snake River spring/summer-run ESU)","Snake River spring and summer Chinook","Lower Snake","Asotin Creek - spring Chinook salmon","Chinook salmon","Spring","Asotin Creek",1999,0,"NOSAIJ",1,"425b0630-4edd-465d-ba02-28760d2f6bda"
"Salmon, Chinook (Snake River spring/summer-run ESU)","Snake River spring and summer Chinook","Lower Snake","Asotin Creek - spring Chinook salmon","Chinook salmon","Spring","Asotin Creek",2000,2,"NOSAIJ",1,"425b0630-4edd-465d-ba02-28760d2f6bda"
"Salmon, Chinook (Snake River spring/summer-run ESU)","Snake River spring and summer Chinook","Lower Snake","Asotin Creek - spring Chinook salmon","Chinook salmon","Spring","Asotin Creek",2001,9,"NOSAIJ",2,"ef395160-b1cb-442a-9eb2-c904a5ee9002"
"Salmon, Chinook (Snake River spring/summer-run ESU)","Snake River spring and summer Chinook","Lower Snake","Asotin Creek - spring Chinook salmon","Chinook salmon","Spring","Asotin Creek",2002,9,"NOSAIJ",2,"ef395160-b1cb-442a-9eb2-c904a5ee9002"
"Salmon, Chinook (Snake River spring/summer-run ESU)","Snake River spring and summer Chinook","Lower Snake","Asotin Creek - spring Chinook salmon","Chinook salmon","Spring","Asotin Creek",2003,2,"NOSAIJ",2,"ef395160-b1cb-442a-9eb2-c904a5ee9002"
"Salmon, Chinook (Snake River spring/summer-run ESU)","Snake River spring and summer Chinook","Lower Snake","Asotin Creek - spring Chinook salmon","Chinook salmon","Spring","Asotin Creek",2004,29,"NOSAIJ",2,"ef395160-b1cb-442a-9eb2-c904a5ee9002"
"Salmon, Chinook (Snake River spring/summer-run ESU)","Snake River spring and summer Chinook","Lower Snake","Asotin Creek - spring Chinook salmon","Chinook salmon","Spring","Asotin Creek",2005,4,"NOSAIJ",2,"ef395160-b1cb-442a-9eb2-c904a5ee9002"
"Salmon, Chinook (Snake River spring/summer-run ESU)","Snake River spring and summer Chinook","Lower Snake","Asotin Creek - spring Chinook salmon","Chinook salmon","Spring","Asotin Creek",2006,24,"NOSAIJ",2,"ef395160-b1cb-442a-9eb2-c904a5ee9002"
"Salmon, Chinook (Snake River spring/summer-run ESU)","Snake River spring and summer Chinook","Lower Snake","Asotin Creek - spring Chinook salmon","Chinook salmon","Spring","Asotin Creek",2007,7,"NOSAIJ",2,"ef395160-b1cb-442a-9eb2-c904a5ee9002"
"Salmon, Chinook (Snake River spring/summer-run ESU)","Snake River spring and summer Chinook","Lower Snake","Asotin Creek - spring Chinook salmon","Chinook salmon","Spring","Asotin Creek",2008,13,"NOSAIJ",2,"ef395160-b1cb-442a-9eb2-c904a5ee9002"
"Salmon, Chinook (Snake River spring/summer-run ESU)","Snake River spring and summer Chinook","Lower Snake","Asotin Creek - spring Chinook salmon","Chinook salmon","Spring","Asotin Creek",2009,13,"NOSAIJ",2,"ef395160-b1cb-442a-9eb2-c904a5ee9002"
"Salmon, Chinook (Snake River spring/summer-run ESU)","Snake River spring and summer Chinook","Lower Snake","Asotin Creek - spring Chinook salmon","Chinook salmon","Spring","Asotin Creek",2010,11,"NOSAIJ",2,"ef395160-b1cb-442a-9eb2-c904a5ee9002"
"Salmon, Chinook (Snake River spring/summer-run ESU)","Snake River spring and summer Chinook","Lower Snake","Asotin Creek - spring Chinook salmon","Chinook salmon","Spring","Asotin Creek",2011,35,"NOSAIJ",2,"ef395160-b1cb-442a-9eb2-c904a5ee9002"
"Salmon, Chinook (Snake River spring/summer-run ESU)","Snake River spring and summer Chinook","Lower Snake","Asotin Creek - spring Chinook salmon","Chinook salmon","Spring","Asotin Creek",2012,18,"NOSAIJ",2,"ef395160-b1cb-442a-9eb2-c904a5ee9002"
"Salmon, Chinook (Snake River spring/summer-run ESU)","Snake River spring and summer Chinook","Lower Snake","Asotin Creek - spring Chinook salmon","Chinook salmon","Spring","Asotin Creek",2013,4,"NOSAIJ",2,"ef395160-b1cb-442a-9eb2-c904a5ee9002"
"Salmon, Chinook (Snake River spring/summer-run ESU)","Snake River spring and summer Chinook","Lower Snake","Asotin Creek - spring Chinook salmon","Chinook salmon","Spring","Asotin Creek",2014,2,"NOSAIJ",2,"ef395160-b1cb-442a-9eb2-c904a5ee9002"
"Salmon, Chinook (Snake River spring/summer-run ESU)","Snake River spring and summer Chinook","Lower Snake","Asotin Creek - spring Chinook salmon","Chinook salmon","Spring","Asotin Creek",2015,0,"NOSAIJ",2,"ef395160-b1cb-442a-9eb2-c904a5ee9002"
"Salmon, Chinook (Snake River spring/summer-run ESU)","Snake River spring and summer Chinook","Lower Snake","Asotin Creek - spring Chinook salmon","Chinook salmon","Spring","Asotin Creek",2016,4,"NOSAIJ",2,"ef395160-b1cb-442a-9eb2-c904a5ee9002"
"Salmon, Chinook (Snake River spring/summer-run ESU)","Snake River spring and summer Chinook","Lower Snake","Tucannon River - spring Chinook salmon","Chinook salmon","Spring","Tucannon River",1992,305,"NOSAIJ",3,"f3eee81e-8361-4ab9-b949-f447bd2de166"
"Salmon, Chinook (Snake River spring/summer-run ESU)","Snake River spring and summer Chinook","Lower Snake","Tucannon River - spring Chinook salmon","Chinook salmon","Spring","Tucannon River",1993,245,"NOSAIJ",3,"f3eee81e-8361-4ab9-b949-f447bd2de166"
"Salmon, Chinook (Snake River spring/summer-run ESU)","Snake River spring and summer Chinook","Lower Snake","Tucannon River - spring Chinook salmon","Chinook salmon","Spring","Tucannon River",1994,97,"NOSAIJ",2,"4e1cf5aa-51ca-4099-8f00-9bb61294b03c"
"Salmon, Chinook (Snake River spring/summer-run ESU)","Snake River spring and summer Chinook","Lower Snake","Tucannon River - spring Chinook salmon","Chinook salmon","Spring","Tucannon River",1995,27,"NOSAIJ",3,"f3eee81e-8361-4ab9-b949-f447bd2de166"
"Salmon, Chinook (Snake River spring/summer-run ESU)","Snake River spring and summer Chinook","Lower Snake","Tucannon River - spring Chinook salmon","Chinook salmon","Spring","Tucannon River",1996,117,"NOSAIJ",2,"4e1cf5aa-51ca-4099-8f00-9bb61294b03c"
"Salmon, Chinook (Snake River spring/summer-run ESU)","Snake River spring and summer Chinook","Lower Snake","Tucannon River - spring Chinook salmon","Chinook salmon","Spring","Tucannon River",1997,68,"NOSAIJ",3,"f3eee81e-8361-4ab9-b949-f447bd2de166"
"Salmon, Chinook (Snake River spring/summer-run ESU)","Snake River spring and summer Chinook","Lower Snake","Tucannon River - spring Chinook salmon","Chinook salmon","Spring","Tucannon River",1998,44,"NOSAIJ",2,"4e1cf5aa-51ca-4099-8f00-9bb61294b03c"
"Salmon, Chinook (Snake River spring/summer-run ESU)","Snake River spring and summer Chinook","Lower Snake","Tucannon River - spring Chinook salmon","Chinook salmon","Spring","Tucannon River",1999,4,"NOSAIJ",3,"f3eee81e-8361-4ab9-b949-f447bd2de166"
"Salmon, Chinook (Snake River spring/summer-run ESU)","Snake River spring and summer Chinook","Lower Snake","Tucannon River - spring Chinook salmon","Chinook salmon","Spring","Tucannon River",2000,62,"NOSAIJ",4,"037e10ac-861c-497c-9170-e1ecbcc944a2"
"Salmon, Chinook (Snake River spring/summer-run ESU)","Snake River spring and summer Chinook","Lower Snake","Tucannon River - spring Chinook salmon","Chinook salmon","Spring","Tucannon River",2001,616,"NOSAIJ",4,"037e10ac-861c-497c-9170-e1ecbcc944a2"
"Salmon, Chinook (Snake River spring/summer-run ESU)","Snake River spring and summer Chinook","Lower Snake","Tucannon River - spring Chinook salmon","Chinook salmon","Spring","Tucannon River",2002,224,"NOSAIJ",4,"037e10ac-861c-497c-9170-e1ecbcc944a2"
"Salmon, Chinook (Snake River spring/summer-run ESU)","Snake River spring and summer Chinook","Lower Snake","Tucannon River - spring Chinook salmon","Chinook salmon","Spring","Tucannon River",2003,244,"NOSAIJ",4,"037e10ac-861c-497c-9170-e1ecbcc944a2"
"Salmon, Chinook (Snake River spring/summer-run ESU)","Snake River spring and summer Chinook","Lower Snake","Tucannon River - spring Chinook salmon","Chinook salmon","Spring","Tucannon River",2004,286,"NOSAIJ",4,"037e10ac-861c-497c-9170-e1ecbcc944a2"
"Salmon, Chinook (Snake River spring/summer-run ESU)","Snake River spring and summer Chinook","Lower Snake","Tucannon River - spring Chinook salmon","Chinook salmon","Spring","Tucannon River",2005,203,"NOSAIJ",4,"037e10ac-861c-497c-9170-e1ecbcc944a2"
"Salmon, Chinook (Snake River spring/summer-run ESU)","Snake River spring and summer Chinook","Lower Snake","Tucannon River - spring Chinook salmon","Chinook salmon","Spring","Tucannon River",2006,153,"NOSAIJ",4,"037e10ac-861c-497c-9170-e1ecbcc944a2"
"Salmon, Chinook (Snake River spring/summer-run ESU)","Snake River spring and summer Chinook","Lower Snake","Tucannon River - spring Chinook salmon","Chinook salmon","Spring","Tucannon River",2007,164,"NOSAIJ",4,"037e10ac-861c-497c-9170-e1ecbcc944a2"
"Salmon, Chinook (Snake River spring/summer-run ESU)","Snake River spring and summer Chinook","Lower Snake","Tucannon River - spring Chinook salmon","Chinook salmon","Spring","Tucannon River",2008,486,"NOSAIJ",4,"037e10ac-861c-497c-9170-e1ecbcc944a2"
"Salmon, Chinook (Snake River spring/summer-run ESU)","Snake River spring and summer Chinook","Lower Snake","Tucannon River - spring Chinook salmon","Chinook salmon","Spring","Tucannon River",2009,604,"NOSAIJ",4,"037e10ac-861c-497c-9170-e1ecbcc944a2"
"Salmon, Chinook (Snake River spring/summer-run ESU)","Snake River spring and summer Chinook","Lower Snake","Tucannon River - spring Chinook salmon","Chinook salmon","Spring","Tucannon River",2010,542,"NOSAIJ",4,"037e10ac-861c-497c-9170-e1ecbcc944a2"
"Salmon, Chinook (Snake River spring/summer-run ESU)","Snake River spring and summer Chinook","Lower Snake","Tucannon River - spring Chinook salmon","Chinook salmon","Spring","Tucannon River",2011,597,"NOSAIJ",4,"037e10ac-861c-497c-9170-e1ecbcc944a2"
"Salmon, Chinook (Snake River spring/summer-run ESU)","Snake River spring and summer Chinook","Lower Snake","Tucannon River - spring Chinook salmon","Chinook salmon","Spring","Tucannon River",2012,234,"NOSAIJ",4,"037e10ac-861c-497c-9170-e1ecbcc944a2"
"Salmon, Chinook (Snake River spring/summer-run ESU)","Snake River spring and summer Chinook","Lower Snake","Tucannon River - spring Chinook salmon","Chinook salmon","Spring","Tucannon River",2013,118,"NOSAIJ",4,"037e10ac-861c-497c-9170-e1ecbcc944a2"
"Salmon, Chinook (Snake River spring/summer-run ESU)","Snake River spring and summer Chinook","Lower Snake","Tucannon River - spring Chinook salmon","Chinook salmon","Spring","Tucannon River",2014,213,"NOSAIJ",4,"037e10ac-861c-497c-9170-e1ecbcc944a2"
"Salmon, Chinook (Snake River spring/summer-run ESU)","Snake River spring and summer Chinook","Lower Snake","Tucannon River - spring Chinook salmon","Chinook salmon","Spring","Tucannon River",2015,173,"NOSAIJ",4,"037e10ac-861c-497c-9170-e1ecbcc944a2"
"Salmon, Chinook (Snake River spring/summer-run ESU)","Snake River spring and summer Chinook","Lower Snake","Tucannon River - spring Chinook salmon","Chinook salmon","Spring","Tucannon River",2016,114,"NOSAIJ",4,"037e10ac-861c-497c-9170-e1ecbcc944a2"
"Salmon, Chinook (Snake River spring/summer-run ESU)","Snake River spring and summer Chinook","Lower Snake","Tucannon River - spring Chinook salmon","Chinook salmon","Spring","Tucannon River",2017,49,"NOSAIJ",4,"037e10ac-861c-497c-9170-e1ecbcc944a2"
"Salmon, Chinook (Snake River spring/summer-run ESU)","Snake River spring and summer Chinook","Lower Snake","Tucannon River - spring Chinook salmon","Chinook salmon","Spring","Tucannon River",2018,29,"NOSAIJ",4,"037e10ac-861c-497c-9170-e1ecbcc944a2"
"Salmon, Chinook (Snake River spring/summer-run ESU)","Snake River spring and summer Chinook","Lower Snake","Tucannon River - spring Chinook salmon","Chinook salmon","Spring","Tucannon River",2019,8,"NOSAIJ",4,"037e10ac-861c-497c-9170-e1ecbcc944a2"
"Salmon, Chinook (Snake River spring/summer-run ESU)","Snake River spring and summer Chinook","Lower Snake","Tucannon River - spring Chinook salmon","Chinook salmon","Spring","Tucannon River",2020,17,"NOSAIJ",4,"037e10ac-861c-497c-9170-e1ecbcc944a2"
"Salmon, Chinook (Snake River spring/summer-run ESU)","Snake River spring and summer Chinook","Lower Snake","Tucannon River - spring Chinook salmon","Chinook salmon","Spring","Tucannon River",2021,25,"NOSAIJ",4,"037e10ac-861c-497c-9170-e1ecbcc944a2"
"Salmon, Chinook (Snake River spring/summer-run ESU)","Snake River spring and summer Chinook","Lower Snake","Tucannon River - spring Chinook salmon","Chinook salmon","Spring","Tucannon River",2022,45,"NOSAIJ",4,"037e10ac-861c-497c-9170-e1ecbcc944a2"
"Salmon, Chinook (Snake River spring/summer-run ESU)","Snake River spring and summer Chinook","Lower Snake","Tucannon River - spring Chinook salmon","Chinook salmon","Spring","Tucannon River",2023,9,"NOSAIJ",4,"037e10ac-861c-497c-9170-e1ecbcc944a2"
"Salmon, Chinook (Snake River spring/summer-run ESU)","Snake River spring and summer Chinook","Lower Snake","Tucannon River - spring Chinook salmon","Chinook salmon","Spring","Tucannon River",2024,67,"NOSAIJ",2,"4e1cf5aa-51ca-4099-8f00-9bb61294b03c"
"Salmon, Chinook (Snake River spring/summer-run ESU)","Snake River spring and summer Chinook","Lower Snake","Tucannon River - spring Chinook salmon","Chinook salmon","Spring","Tucannon River",2025,50,"NOSAIJ",4,"037e10ac-861c-497c-9170-e1ecbcc944a2"
"Salmon, Chinook (Upper Columbia River spring-run ESU)","Upper Columbia spring Chinook","North Cascades","Entiat River - spring Chinook salmon","Chinook salmon","Spring","Entiat River",1999,29,"NOSAIJ",4,"20584ed9-1748-48fe-88b9-49bc6105a8ee"
"Salmon, Chinook (Upper Columbia River spring-run ESU)","Upper Columbia spring Chinook","North Cascades","Entiat River - spring Chinook salmon","Chinook salmon","Spring","Entiat River",2000,73,"NOSAIJ",4,"20584ed9-1748-48fe-88b9-49bc6105a8ee"
"Salmon, Chinook (Upper Columbia River spring-run ESU)","Upper Columbia spring Chinook","North Cascades","Entiat River - spring Chinook salmon","Chinook salmon","Spring","Entiat River",2001,226,"NOSAIJ",4,"20584ed9-1748-48fe-88b9-49bc6105a8ee"
"Salmon, Chinook (Upper Columbia River spring-run ESU)","Upper Columbia spring Chinook","North Cascades","Entiat River - spring Chinook salmon","Chinook salmon","Spring","Entiat River",2002,152,"NOSAIJ",4,"20584ed9-1748-48fe-88b9-49bc6105a8ee"
"Salmon, Chinook (Upper Columbia River spring-run ESU)","Upper Columbia spring Chinook","North Cascades","Entiat River - spring Chinook salmon","Chinook salmon","Spring","Entiat River",2003,199,"NOSAIJ",4,"20584ed9-1748-48fe-88b9-49bc6105a8ee"
"Salmon, Chinook (Upper Columbia River spring-run ESU)","Upper Columbia spring Chinook","North Cascades","Entiat River - spring Chinook salmon","Chinook salmon","Spring","Entiat River",2004,102,"NOSAIJ",4,"20584ed9-1748-48fe-88b9-49bc6105a8ee"
"Salmon, Chinook (Upper Columbia River spring-run ESU)","Upper Columbia spring Chinook","North Cascades","Entiat River - spring Chinook salmon","Chinook salmon","Spring","Entiat River",2005,111,"NOSAIJ",4,"20584ed9-1748-48fe-88b9-49bc6105a8ee"
"Salmon, Chinook (Upper Columbia River spring-run ESU)","Upper Columbia spring Chinook","North Cascades","Entiat River - spring Chinook salmon","Chinook salmon","Spring","Entiat River",2006,68,"NOSAIJ",4,"20584ed9-1748-48fe-88b9-49bc6105a8ee"
"Salmon, Chinook (Upper Columbia River spring-run ESU)","Upper Columbia spring Chinook","North Cascades","Entiat River - spring Chinook salmon","Chinook salmon","Spring","Entiat River",2007,83,"NOSAIJ",4,"20584ed9-1748-48fe-88b9-49bc6105a8ee"
"Salmon, Chinook (Upper Columbia River spring-run ESU)","Upper Columbia spring Chinook","North Cascades","Entiat River - spring Chinook salmon","Chinook salmon","Spring","Entiat River",2008,105,"NOSAIJ",4,"20584ed9-1748-48fe-88b9-49bc6105a8ee"
"Salmon, Chinook (Upper Columbia River spring-run ESU)","Upper Columbia spring Chinook","North Cascades","Entiat River - spring Chinook salmon","Chinook salmon","Spring","Entiat River",2009,95,"NOSAIJ",4,"20584ed9-1748-48fe-88b9-49bc6105a8ee"
"Salmon, Chinook (Upper Columbia River spring-run ESU)","Upper Columbia spring Chinook","North Cascades","Entiat River - spring Chinook salmon","Chinook salmon","Spring","Entiat River",2010,259,"NOSAIJ",4,"20584ed9-1748-48fe-88b9-49bc6105a8ee"
"Salmon, Chinook (Upper Columbia River spring-run ESU)","Upper Columbia spring Chinook","North Cascades","Entiat River - spring Chinook salmon","Chinook salmon","Spring","Entiat River",2011,273,"NOSAIJ",4,"20584ed9-1748-48fe-88b9-49bc6105a8ee"
"Salmon, Chinook (Upper Columbia River spring-run ESU)","Upper Columbia spring Chinook","North Cascades","Entiat River - spring Chinook salmon","Chinook salmon","Spring","Entiat River",2012,238,"NOSAIJ",4,"20584ed9-1748-48fe-88b9-49bc6105a8ee"
"Salmon, Chinook (Upper Columbia River spring-run ESU)","Upper Columbia spring Chinook","North Cascades","Entiat River - spring Chinook salmon","Chinook salmon","Spring","Entiat River",2013,149,"NOSAIJ",4,"20584ed9-1748-48fe-88b9-49bc6105a8ee"
"Salmon, Chinook (Upper Columbia River spring-run ESU)","Upper Columbia spring Chinook","North Cascades","Entiat River - spring Chinook salmon","Chinook salmon","Spring","Entiat River",2014,174,"NOSAIJ",4,"20584ed9-1748-48fe-88b9-49bc6105a8ee"
"Salmon, Chinook (Upper Columbia River spring-run ESU)","Upper Columbia spring Chinook","North Cascades","Entiat River - spring Chinook salmon","Chinook salmon","Spring","Entiat River",2015,333,"NOSAIJ",4,"20584ed9-1748-48fe-88b9-49bc6105a8ee"
"Salmon, Chinook (Upper Columbia River spring-run ESU)","Upper Columbia spring Chinook","North Cascades","Entiat River - spring Chinook salmon","Chinook salmon","Spring","Entiat River",2016,288,"NOSAIJ",4,"20584ed9-1748-48fe-88b9-49bc6105a8ee"
"Salmon, Chinook (Upper Columbia River spring-run ESU)","Upper Columbia spring Chinook","North Cascades","Entiat River - spring Chinook salmon","Chinook salmon","Spring","Entiat River",2017,64,"NOSAIJ",4,"20584ed9-1748-48fe-88b9-49bc6105a8ee"
"Salmon, Chinook (Upper Columbia River spring-run ESU)","Upper Columbia spring Chinook","North Cascades","Entiat River - spring Chinook salmon","Chinook salmon","Spring","Entiat River",2018,46,"NOSAIJ",4,"20584ed9-1748-48fe-88b9-49bc6105a8ee"
"Salmon, Chinook (Upper Columbia River spring-run ESU)","Upper Columbia spring Chinook","North Cascades","Entiat River - spring Chinook salmon","Chinook salmon","Spring","Entiat River",2020,120,"NOSAIJ",4,"20584ed9-1748-48fe-88b9-49bc6105a8ee"
"Salmon, Chinook (Upper Columbia River spring-run ESU)","Upper Columbia spring Chinook","North Cascades","Entiat River - spring Chinook salmon","Chinook salmon","Spring","Entiat River",2021,140,"NOSAIJ",4,"20584ed9-1748-48fe-88b9-49bc6105a8ee"
"Salmon, Chinook (Upper Columbia River spring-run ESU)","Upper Columbia spring Chinook","North Cascades","Entiat River - spring Chinook salmon","Chinook salmon","Spring","Entiat River",2022,171,"NOSAIJ",4,"20584ed9-1748-48fe-88b9-49bc6105a8ee"
"Salmon, Chinook (Upper Columbia River spring-run ESU)","Upper Columbia spring Chinook","North Cascades","Entiat River - spring Chinook salmon","Chinook salmon","Spring","Entiat River",2023,122,"NOSAIJ",4,"20584ed9-1748-48fe-88b9-49bc6105a8ee"
"Salmon, Chinook (Upper Columbia River spring-run ESU)","Upper Columbia spring Chinook","North Cascades","Entiat River - spring Chinook salmon","Chinook salmon","Spring","Entiat River",2024,127,"NOSAIJ",4,"20584ed9-1748-48fe-88b9-49bc6105a8ee"
"Salmon, Chinook (Upper Columbia River spring-run ESU)","Upper Columbia spring Chinook","North Cascades","Entiat River - spring Chinook salmon","Chinook salmon","Spring","Entiat River",2025,191,"NOSAIJ",4,"2979832c-f23c-430c-bad6-78b518fa9baf"
"Salmon, Chinook (Upper Columbia River spring-run ESU)","Upper Columbia spring Chinook","North Cascades","Methow River - spring Chinook salmon","Chinook salmon","Spring","Methow River",1999,45,"NOSAIJ",3,"6de355ae-2381-4ab9-b43c-24abdd127ecb"
"Salmon, Chinook (Upper Columbia River spring-run ESU)","Upper Columbia spring Chinook","North Cascades","Methow River - spring Chinook salmon","Chinook salmon","Spring","Methow River",2000,117,"NOSAIJ",3,"6de355ae-2381-4ab9-b43c-24abdd127ecb"
"Salmon, Chinook (Upper Columbia River spring-run ESU)","Upper Columbia spring Chinook","North Cascades","Methow River - spring Chinook salmon","Chinook salmon","Spring","Methow River",2001,1832,"NOSAIJ",3,"6de355ae-2381-4ab9-b43c-24abdd127ecb"
"Salmon, Chinook (Upper Columbia River spring-run ESU)","Upper Columbia spring Chinook","North Cascades","Methow River - spring Chinook salmon","Chinook salmon","Spring","Methow River",2002,345,"NOSAIJ",3,"6de355ae-2381-4ab9-b43c-24abdd127ecb"
"Salmon, Chinook (Upper Columbia River spring-run ESU)","Upper Columbia spring Chinook","North Cascades","Methow River - spring Chinook salmon","Chinook salmon","Spring","Methow River",2003,58,"NOSAIJ",3,"6de355ae-2381-4ab9-b43c-24abdd127ecb"
"Salmon, Chinook (Upper Columbia River spring-run ESU)","Upper Columbia spring Chinook","North Cascades","Methow River - spring Chinook salmon","Chinook salmon","Spring","Methow River",2004,488,"NOSAIJ",4,"8f594c83-2f45-4c7e-974f-9f9cd2142985"
"Salmon, Chinook (Upper Columbia River spring-run ESU)","Upper Columbia spring Chinook","North Cascades","Methow River - spring Chinook salmon","Chinook salmon","Spring","Methow River",2005,527,"NOSAIJ",5,"276e4747-b773-4b0c-b865-b918bc98d908"
"Salmon, Chinook (Upper Columbia River spring-run ESU)","Upper Columbia spring Chinook","North Cascades","Methow River - spring Chinook salmon","Chinook salmon","Spring","Methow River",2006,328,"NOSAIJ",6,"0879e782-ba2c-48c4-8963-98ea7e4302a4"
"Salmon, Chinook (Upper Columbia River spring-run ESU)","Upper Columbia spring Chinook","North Cascades","Methow River - spring Chinook salmon","Chinook salmon","Spring","Methow River",2007,266,"NOSAIJ",6,"0879e782-ba2c-48c4-8963-98ea7e4302a4"
"Salmon, Chinook (Upper Columbia River spring-run ESU)","Upper Columbia spring Chinook","North Cascades","Methow River - spring Chinook salmon","Chinook salmon","Spring","Methow River",2008,298,"NOSAIJ",6,"0879e782-ba2c-48c4-8963-98ea7e4302a4"
"Salmon, Chinook (Upper Columbia River spring-run ESU)","Upper Columbia spring Chinook","North Cascades","Methow River - spring Chinook salmon","Chinook salmon","Spring","Methow River",2009,564,"NOSAIJ",6,"0879e782-ba2c-48c4-8963-98ea7e4302a4"
"Salmon, Chinook (Upper Columbia River spring-run ESU)","Upper Columbia spring Chinook","North Cascades","Methow River - spring Chinook salmon","Chinook salmon","Spring","Methow River",2010,601,"NOSAIJ",6,"0879e782-ba2c-48c4-8963-98ea7e4302a4"
"Salmon, Chinook (Upper Columbia River spring-run ESU)","Upper Columbia spring Chinook","North Cascades","Methow River - spring Chinook salmon","Chinook salmon","Spring","Methow River",2011,961,"NOSAIJ",6,"0879e782-ba2c-48c4-8963-98ea7e4302a4"
"Salmon, Chinook (Upper Columbia River spring-run ESU)","Upper Columbia spring Chinook","North Cascades","Methow River - spring Chinook salmon","Chinook salmon","Spring","Methow River",2012,261,"NOSAIJ",6,"0879e782-ba2c-48c4-8963-98ea7e4302a4"
"Salmon, Chinook (Upper Columbia River spring-run ESU)","Upper Columbia spring Chinook","North Cascades","Methow River - spring Chinook salmon","Chinook salmon","Spring","Methow River",2013,241,"NOSAIJ",6,"0879e782-ba2c-48c4-8963-98ea7e4302a4"
"Salmon, Chinook (Upper Columbia River spring-run ESU)","Upper Columbia spring Chinook","North Cascades","Methow River - spring Chinook salmon","Chinook salmon","Spring","Methow River",2014,508,"NOSAIJ",6,"0879e782-ba2c-48c4-8963-98ea7e4302a4"
"Salmon, Chinook (Upper Columbia River spring-run ESU)","Upper Columbia spring Chinook","North Cascades","Methow River - spring Chinook salmon","Chinook salmon","Spring","Methow River",2015,398,"NOSAIJ",6,"0879e782-ba2c-48c4-8963-98ea7e4302a4"
"Salmon, Chinook (Upper Columbia River spring-run ESU)","Upper Columbia spring Chinook","North Cascades","Methow River - spring Chinook salmon","Chinook salmon","Spring","Methow River",2016,320,"NOSAIJ",6,"0879e782-ba2c-48c4-8963-98ea7e4302a4"
"Salmon, Chinook (Upper Columbia River spring-run ESU)","Upper Columbia spring Chinook","North Cascades","Methow River - spring Chinook salmon","Chinook salmon","Spring","Methow River",2017,176,"NOSAIJ",6,"0879e782-ba2c-48c4-8963-98ea7e4302a4"
"Salmon, Chinook (Upper Columbia River spring-run ESU)","Upper Columbia spring Chinook","North Cascades","Methow River - spring Chinook salmon","Chinook salmon","Spring","Methow River",2018,265,"NOSAIJ",6,"0879e782-ba2c-48c4-8963-98ea7e4302a4"
"Salmon, Chinook (Upper Columbia River spring-run ESU)","Upper Columbia spring Chinook","North Cascades","Methow River - spring Chinook salmon","Chinook salmon","Spring","Methow River",2019,114,"NOSAIJ",6,"0879e782-ba2c-48c4-8963-98ea7e4302a4"
"Salmon, Chinook (Upper Columbia River spring-run ESU)","Upper Columbia spring Chinook","North Cascades","Methow River - spring Chinook salmon","Chinook salmon","Spring","Methow River",2020,165,"NOSAIJ",6,"0879e782-ba2c-48c4-8963-98ea7e4302a4"
"Salmon, Chinook (Upper Columbia River spring-run ESU)","Upper Columbia spring Chinook","North Cascades","Methow River - spring Chinook salmon","Chinook salmon","Spring","Methow River",2021,455,"NOSAIJ",6,"0879e782-ba2c-48c4-8963-98ea7e4302a4"
"Salmon, Chinook (Upper Columbia River spring-run ESU)","Upper Columbia spring Chinook","North Cascades","Methow River - spring Chinook salmon","Chinook salmon","Spring","Methow River",2022,772,"NOSAIJ",6,"0879e782-ba2c-48c4-8963-98ea7e4302a4"
"Salmon, Chinook (Upper Columbia River spring-run ESU)","Upper Columbia spring Chinook","North Cascades","Methow River - spring Chinook salmon","Chinook salmon","Spring","Methow River",2023,268,"NOSAIJ",6,"0879e782-ba2c-48c4-8963-98ea7e4302a4"
"Salmon, Chinook (Upper Columbia River spring-run ESU)","Upper Columbia spring Chinook","North Cascades","Methow River - spring Chinook salmon","Chinook salmon","Spring","Methow River",2024,152,"NOSAIJ",2,"10876031-8fa8-4e3d-bbd8-97b249c8dfd7"
"Salmon, Chinook (Upper Columbia River spring-run ESU)","Upper Columbia spring Chinook","North Cascades","Methow River - spring Chinook salmon","Chinook salmon","Spring","Methow River",2025,242,"NOSAIJ",2,"10876031-8fa8-4e3d-bbd8-97b249c8dfd7"
"Salmon, Chinook (Upper Columbia River spring-run ESU)","Upper Columbia spring Chinook","North Cascades","Wenatchee River - spring Chinook salmon","Chinook salmon","Spring","Wenatchee River",1999,121,"NOSAIJ",3,"875af1a8-3420-439e-a70b-3254928a0639"
"Salmon, Chinook (Upper Columbia River spring-run ESU)","Upper Columbia spring Chinook","North Cascades","Wenatchee River - spring Chinook salmon","Chinook salmon","Spring","Wenatchee River",2000,578,"NOSAIJ",4,"7a0a9eab-1815-4700-9b33-86dcb3436628"
"Salmon, Chinook (Upper Columbia River spring-run ESU)","Upper Columbia spring Chinook","North Cascades","Wenatchee River - spring Chinook salmon","Chinook salmon","Spring","Wenatchee River",2001,1153,"NOSAIJ",4,"7a0a9eab-1815-4700-9b33-86dcb3436628"
"Salmon, Chinook (Upper Columbia River spring-run ESU)","Upper Columbia spring Chinook","North Cascades","Wenatchee River - spring Chinook salmon","Chinook salmon","Spring","Wenatchee River",2002,930,"NOSAIJ",4,"7a0a9eab-1815-4700-9b33-86dcb3436628"
"Salmon, Chinook (Upper Columbia River spring-run ESU)","Upper Columbia spring Chinook","North Cascades","Wenatchee River - spring Chinook salmon","Chinook salmon","Spring","Wenatchee River",2003,505,"NOSAIJ",4,"710b1b45-9413-451d-812b-6dc33f804da0"
"Salmon, Chinook (Upper Columbia River spring-run ESU)","Upper Columbia spring Chinook","North Cascades","Wenatchee River - spring Chinook salmon","Chinook salmon","Spring","Wenatchee River",2004,1028,"NOSAIJ",4,"3cafcba0-7506-450e-9dab-39ea5ef62c52"
"Salmon, Chinook (Upper Columbia River spring-run ESU)","Upper Columbia spring Chinook","North Cascades","Wenatchee River - spring Chinook salmon","Chinook salmon","Spring","Wenatchee River",2005,296,"NOSAIJ",4,"4dfdec75-35b8-406b-a3d7-841a0f522703"
"Salmon, Chinook (Upper Columbia River spring-run ESU)","Upper Columbia spring Chinook","North Cascades","Wenatchee River - spring Chinook salmon","Chinook salmon","Spring","Wenatchee River",2006,306,"NOSAIJ",4,"661161d0-498e-43bd-ad25-54340bfcd133"
"Salmon, Chinook (Upper Columbia River spring-run ESU)","Upper Columbia spring Chinook","North Cascades","Wenatchee River - spring Chinook salmon","Chinook salmon","Spring","Wenatchee River",2007,445,"NOSAIJ",4,"8cf6b5ba-4bd0-4b55-bcbe-2535eef6fb82"
"Salmon, Chinook (Upper Columbia River spring-run ESU)","Upper Columbia spring Chinook","North Cascades","Wenatchee River - spring Chinook salmon","Chinook salmon","Spring","Wenatchee River",2008,365,"NOSAIJ",4,"57ac06ef-2052-449d-9939-fafc02fe8571"
"Salmon, Chinook (Upper Columbia River spring-run ESU)","Upper Columbia spring Chinook","North Cascades","Wenatchee River - spring Chinook salmon","Chinook salmon","Spring","Wenatchee River",2009,616,"NOSAIJ",4,"5e8b11c6-1bcb-481a-addf-cb0d4aa63f95"
"Salmon, Chinook (Upper Columbia River spring-run ESU)","Upper Columbia spring Chinook","North Cascades","Wenatchee River - spring Chinook salmon","Chinook salmon","Spring","Wenatchee River",2010,536,"NOSAIJ",4,"93c91e49-bc9d-40c2-87cc-2601085bd97e"
"Salmon, Chinook (Upper Columbia River spring-run ESU)","Upper Columbia spring Chinook","North Cascades","Wenatchee River - spring Chinook salmon","Chinook salmon","Spring","Wenatchee River",2011,1272,"NOSAIJ",4,"5ae53e2c-2230-46b8-9619-1316bc6d0c2e"
"Salmon, Chinook (Upper Columbia River spring-run ESU)","Upper Columbia spring Chinook","North Cascades","Wenatchee River - spring Chinook salmon","Chinook salmon","Spring","Wenatchee River",2012,956,"NOSAIJ",4,"4df44464-636b-4950-afa4-92ce9d1d1f4b"
"Salmon, Chinook (Upper Columbia River spring-run ESU)","Upper Columbia spring Chinook","North Cascades","Wenatchee River - spring Chinook salmon","Chinook salmon","Spring","Wenatchee River",2013,637,"NOSAIJ",4,"18785ddb-651a-4762-9fab-fd1732bac081"
"Salmon, Chinook (Upper Columbia River spring-run ESU)","Upper Columbia spring Chinook","North Cascades","Wenatchee River - spring Chinook salmon","Chinook salmon","Spring","Wenatchee River",2014,961,"NOSAIJ",4,"ce7e0c7d-8048-45a3-85f6-f8ce20a69047"
"Salmon, Chinook (Upper Columbia River spring-run ESU)","Upper Columbia spring Chinook","North Cascades","Wenatchee River - spring Chinook salmon","Chinook salmon","Spring","Wenatchee River",2015,744,"NOSAIJ",4,"5386fc41-ecda-486b-8975-f0c3d903469a"
"Salmon, Chinook (Upper Columbia River spring-run ESU)","Upper Columbia spring Chinook","North Cascades","Wenatchee River - spring Chinook salmon","Chinook salmon","Spring","Wenatchee River",2016,732,"NOSAIJ",4,"cfbbc13c-aefc-4edd-ac03-62493b6ef5db"
"Salmon, Chinook (Upper Columbia River spring-run ESU)","Upper Columbia spring Chinook","North Cascades","Wenatchee River - spring Chinook salmon","Chinook salmon","Spring","Wenatchee River",2017,338,"NOSAIJ",4,"d4c08a14-34af-4a2f-ad12-9dfcc13fd857"
"Salmon, Chinook (Upper Columbia River spring-run ESU)","Upper Columbia spring Chinook","North Cascades","Wenatchee River - spring Chinook salmon","Chinook salmon","Spring","Wenatchee River",2018,258,"NOSAIJ",4,"b64f84c4-0083-41c7-a4ae-5ad9a22adc1b"
"Salmon, Chinook (Upper Columbia River spring-run ESU)","Upper Columbia spring Chinook","North Cascades","Wenatchee River - spring Chinook salmon","Chinook salmon","Spring","Wenatchee River",2019,247,"NOSAIJ",4,"d9403208-a2fa-40a0-a802-4ded44d96679"
"Salmon, Chinook (Upper Columbia River spring-run ESU)","Upper Columbia spring Chinook","North Cascades","Wenatchee River - spring Chinook salmon","Chinook salmon","Spring","Wenatchee River",2020,330,"NOSAIJ",4,"eafc2f39-83af-4ebd-b947-c06c20a002b1"
"Salmon, Chinook (Upper Columbia River spring-run ESU)","Upper Columbia spring Chinook","North Cascades","Wenatchee River - spring Chinook salmon","Chinook salmon","Spring","Wenatchee River",2021,593,"NOSAIJ",4,"d78b98b6-0ab4-4bb8-9cfe-2b6641b4c496"
"Salmon, Chinook (Upper Columbia River spring-run ESU)","Upper Columbia spring Chinook","North Cascades","Wenatchee River - spring Chinook salmon","Chinook salmon","Spring","Wenatchee River",2022,754,"NOSAIJ",4,"d78b98b6-0ab4-4bb8-9cfe-2b6641b4c496"
"Salmon, Chinook (Upper Columbia River spring-run ESU)","Upper Columbia spring Chinook","North Cascades","Wenatchee River - spring Chinook salmon","Chinook salmon","Spring","Wenatchee River",2023,692,"NOSAIJ",4,"d78b98b6-0ab4-4bb8-9cfe-2b6641b4c496"
"Salmon, Chinook (Upper Columbia River spring-run ESU)","Upper Columbia spring Chinook","North Cascades","Wenatchee River - spring Chinook salmon","Chinook salmon","Spring","Wenatchee River",2024,428,"NOSAIJ",4,"d78b98b6-0ab4-4bb8-9cfe-2b6641b4c496"
"Salmon, Chinook (Upper Columbia River spring-run ESU)","Upper Columbia spring Chinook","North Cascades","Wenatchee River - spring Chinook salmon","Chinook salmon","Spring","Wenatchee River",2025,374,"NOSAIJ",4,"d78b98b6-0ab4-4bb8-9cfe-2b6641b4c496"
"Salmon, chum (Columbia River ESU)","Lower Columbia chum","Coastal","Elochoman River - fall Chum salmon","Chum salmon","Fall","Skamokawa\Elochoman River",2012,41,"TSAEJ",1,"8deb8e32-f9a3-4d3e-8b6a-27f5a2ce3b28"
"Salmon, chum (Columbia River ESU)","Lower Columbia chum","Coastal","Elochoman River - fall Chum salmon","Chum salmon","Fall","Skamokawa\Elochoman River",2013,62,"TSAEJ",1,"8deb8e32-f9a3-4d3e-8b6a-27f5a2ce3b28"
"Salmon, chum (Columbia River ESU)","Lower Columbia chum","Coastal","Elochoman River - fall Chum salmon","Chum salmon","Fall","Skamokawa\Elochoman River",2014,227,"TSAEJ",1,"8deb8e32-f9a3-4d3e-8b6a-27f5a2ce3b28"
"Salmon, chum (Columbia River ESU)","Lower Columbia chum","Coastal","Elochoman River - fall Chum salmon","Chum salmon","Fall","Skamokawa\Elochoman River",2015,720,"TSAEJ",1,"8deb8e32-f9a3-4d3e-8b6a-27f5a2ce3b28"
"Salmon, chum (Columbia River ESU)","Lower Columbia chum","Coastal","Elochoman River - fall Chum salmon","Chum salmon","Fall","Skamokawa\Elochoman River",2016,1796,"TSAEJ",1,"8deb8e32-f9a3-4d3e-8b6a-27f5a2ce3b28"
"Salmon, chum (Columbia River ESU)","Lower Columbia chum","Coastal","Elochoman River - fall Chum salmon","Chum salmon","Fall","Skamokawa\Elochoman River",2017,309,"TSAEJ",1,"8deb8e32-f9a3-4d3e-8b6a-27f5a2ce3b28"
"Salmon, chum (Columbia River ESU)","Lower Columbia chum","Coastal","Elochoman River - fall Chum salmon","Chum salmon","Fall","Skamokawa\Elochoman River",2018,327,"TSAEJ",1,"8deb8e32-f9a3-4d3e-8b6a-27f5a2ce3b28"
"Salmon, chum (Columbia River ESU)","Lower Columbia chum","Coastal","Elochoman River - fall Chum salmon","Chum salmon","Fall","Skamokawa\Elochoman River",2019,618,"TSAEJ",1,"8deb8e32-f9a3-4d3e-8b6a-27f5a2ce3b28"
"Salmon, chum (Columbia River ESU)","Lower Columbia chum","Coastal","Elochoman River - fall Chum salmon","Chum salmon","Fall","Skamokawa\Elochoman River",2020,903,"TSAEJ",1,"8deb8e32-f9a3-4d3e-8b6a-27f5a2ce3b28"
"Salmon, chum (Columbia River ESU)","Lower Columbia chum","Coastal","Elochoman River - fall Chum salmon","Chum salmon","Fall","Skamokawa\Elochoman River",2021,889,"TSAEJ",1,"8deb8e32-f9a3-4d3e-8b6a-27f5a2ce3b28"
"Salmon, chum (Columbia River ESU)","Lower Columbia chum","Coastal","Elochoman River - fall Chum salmon","Chum salmon","Fall","Skamokawa\Elochoman River",2022,1036,"TSAEJ",1,"8deb8e32-f9a3-4d3e-8b6a-27f5a2ce3b28"
"Salmon, chum (Columbia River ESU)","Lower Columbia chum","Coastal","Elochoman River - fall Chum salmon","Chum salmon","Fall","Skamokawa\Elochoman River",2023,418,"TSAEJ",1,"8deb8e32-f9a3-4d3e-8b6a-27f5a2ce3b28"
"Salmon, chum (Columbia River ESU)","Lower Columbia chum","Coastal","Elochoman River - fall Chum salmon","Chum salmon","Fall","Skamokawa\Elochoman River",2024,382,"TSAEJ",1,"8deb8e32-f9a3-4d3e-8b6a-27f5a2ce3b28"
"Salmon, chum (Columbia River ESU)","Lower Columbia chum","Coastal","Grays and Chinook Rivers - fall Chum salmon","Chum salmon","Fall","Grays River",2001,4246,"NOSAEJ",1,"521b7b67-f250-4804-9cf6-510bcbbd3b28"
"Salmon, chum (Columbia River ESU)","Lower Columbia chum","Coastal","Grays and Chinook Rivers - fall Chum salmon","Chum salmon","Fall","Grays River",2002,10493,"NOSAEJ",1,"521b7b67-f250-4804-9cf6-510bcbbd3b28"
"Salmon, chum (Columbia River ESU)","Lower Columbia chum","Coastal","Grays and Chinook Rivers - fall Chum salmon","Chum salmon","Fall","Grays River",2003,15559,"NOSAEJ",1,"521b7b67-f250-4804-9cf6-510bcbbd3b28"
"Salmon, chum (Columbia River ESU)","Lower Columbia chum","Coastal","Grays and Chinook Rivers - fall Chum salmon","Chum salmon","Fall","Grays River",2004,13151,"NOSAEJ",1,"521b7b67-f250-4804-9cf6-510bcbbd3b28"
"Salmon, chum (Columbia River ESU)","Lower Columbia chum","Coastal","Grays and Chinook Rivers - fall Chum salmon","Chum salmon","Fall","Grays River",2005,3795,"NOSAEJ",1,"521b7b67-f250-4804-9cf6-510bcbbd3b28"
"Salmon, chum (Columbia River ESU)","Lower Columbia chum","Coastal","Grays and Chinook Rivers - fall Chum salmon","Chum salmon","Fall","Grays River",2006,6162,"NOSAEJ",1,"521b7b67-f250-4804-9cf6-510bcbbd3b28"
"Salmon, chum (Columbia River ESU)","Lower Columbia chum","Coastal","Grays and Chinook Rivers - fall Chum salmon","Chum salmon","Fall","Grays River",2007,3817,"NOSAEJ",1,"521b7b67-f250-4804-9cf6-510bcbbd3b28"
"Salmon, chum (Columbia River ESU)","Lower Columbia chum","Coastal","Grays and Chinook Rivers - fall Chum salmon","Chum salmon","Fall","Grays River",2008,2401,"NOSAEJ",1,"521b7b67-f250-4804-9cf6-510bcbbd3b28"
"Salmon, chum (Columbia River ESU)","Lower Columbia chum","Coastal","Grays and Chinook Rivers - fall Chum salmon","Chum salmon","Fall","Grays River",2009,2776,"NOSAEJ",1,"521b7b67-f250-4804-9cf6-510bcbbd3b28"
"Salmon, chum (Columbia River ESU)","Lower Columbia chum","Coastal","Grays and Chinook Rivers - fall Chum salmon","Chum salmon","Fall","Grays River",2010,6082,"NOSAEJ",1,"521b7b67-f250-4804-9cf6-510bcbbd3b28"
"Salmon, chum (Columbia River ESU)","Lower Columbia chum","Coastal","Grays and Chinook Rivers - fall Chum salmon","Chum salmon","Fall","Grays River",2011,10052,"NOSAEJ",1,"521b7b67-f250-4804-9cf6-510bcbbd3b28"
"Salmon, chum (Columbia River ESU)","Lower Columbia chum","Coastal","Grays and Chinook Rivers - fall Chum salmon","Chum salmon","Fall","Grays River",2012,7782,"NOSAEJ",1,"521b7b67-f250-4804-9cf6-510bcbbd3b28"
"Salmon, chum (Columbia River ESU)","Lower Columbia chum","Coastal","Grays and Chinook Rivers - fall Chum salmon","Chum salmon","Fall","Grays River",2013,4832,"NOSAEJ",1,"521b7b67-f250-4804-9cf6-510bcbbd3b28"
"Salmon, chum (Columbia River ESU)","Lower Columbia chum","Coastal","Grays and Chinook Rivers - fall Chum salmon","Chum salmon","Fall","Grays River",2014,4267,"NOSAEJ",1,"521b7b67-f250-4804-9cf6-510bcbbd3b28"
"Salmon, chum (Columbia River ESU)","Lower Columbia chum","Coastal","Grays and Chinook Rivers - fall Chum salmon","Chum salmon","Fall","Grays River",2015,10857,"NOSAEJ",1,"521b7b67-f250-4804-9cf6-510bcbbd3b28"
"Salmon, chum (Columbia River ESU)","Lower Columbia chum","Coastal","Grays and Chinook Rivers - fall Chum salmon","Chum salmon","Fall","Grays River",2016,30408,"NOSAEJ",1,"521b7b67-f250-4804-9cf6-510bcbbd3b28"
"Salmon, chum (Columbia River ESU)","Lower Columbia chum","Coastal","Grays and Chinook Rivers - fall Chum salmon","Chum salmon","Fall","Grays River",2017,6217,"NOSAEJ",1,"521b7b67-f250-4804-9cf6-510bcbbd3b28"
"Salmon, chum (Columbia River ESU)","Lower Columbia chum","Coastal","Grays and Chinook Rivers - fall Chum salmon","Chum salmon","Fall","Grays River",2018,6320,"NOSAEJ",1,"521b7b67-f250-4804-9cf6-510bcbbd3b28"
"Salmon, chum (Columbia River ESU)","Lower Columbia chum","Coastal","Grays and Chinook Rivers - fall Chum salmon","Chum salmon","Fall","Grays River",2019,7002,"NOSAEJ",1,"521b7b67-f250-4804-9cf6-510bcbbd3b28"
"Salmon, chum (Columbia River ESU)","Lower Columbia chum","Coastal","Grays and Chinook Rivers - fall Chum salmon","Chum salmon","Fall","Grays River",2020,12726,"NOSAEJ",1,"521b7b67-f250-4804-9cf6-510bcbbd3b28"
"Salmon, chum (Columbia River ESU)","Lower Columbia chum","Coastal","Grays and Chinook Rivers - fall Chum salmon","Chum salmon","Fall","Grays River",2021,16760,"NOSAEJ",1,"521b7b67-f250-4804-9cf6-510bcbbd3b28"
"Salmon, chum (Columbia River ESU)","Lower Columbia chum","Coastal","Grays and Chinook Rivers - fall Chum salmon","Chum salmon","Fall","Grays River",2022,12243,"NOSAEJ",1,"521b7b67-f250-4804-9cf6-510bcbbd3b28"
"Salmon, chum (Columbia River ESU)","Lower Columbia chum","Coastal","Grays and Chinook Rivers - fall Chum salmon","Chum salmon","Fall","Grays River",2023,6226,"NOSAEJ",1,"521b7b67-f250-4804-9cf6-510bcbbd3b28"
"Salmon, chum (Columbia River ESU)","Lower Columbia chum",NA,"Kalama River - fall Chum salmon","Chum salmon","Fall","Kalama River",2012,0,"TSAEJ",3,"e3d087c9-302b-494a-ac9e-d4946a09d5d7"
"Salmon, chum (Columbia River ESU)","Lower Columbia chum",NA,"Kalama River - fall Chum salmon","Chum salmon","Fall","Kalama River",2013,0,"TSAEJ",3,"e3d087c9-302b-494a-ac9e-d4946a09d5d7"
"Salmon, chum (Columbia River ESU)","Lower Columbia chum",NA,"Kalama River - fall Chum salmon","Chum salmon","Fall","Kalama River",2014,1,"TSAEJ",3,"e3d087c9-302b-494a-ac9e-d4946a09d5d7"
"Salmon, chum (Columbia River ESU)","Lower Columbia chum",NA,"Kalama River - fall Chum salmon","Chum salmon","Fall","Kalama River",2015,1,"TSAEJ",3,"e3d087c9-302b-494a-ac9e-d4946a09d5d7"
"Salmon, chum (Columbia River ESU)","Lower Columbia chum",NA,"Kalama River - fall Chum salmon","Chum salmon","Fall","Kalama River",2016,3,"TSAEJ",3,"e3d087c9-302b-494a-ac9e-d4946a09d5d7"
"Salmon, chum (Columbia River ESU)","Lower Columbia chum",NA,"Kalama River - fall Chum salmon","Chum salmon","Fall","Kalama River",2017,1,"TSAEJ",3,"e3d087c9-302b-494a-ac9e-d4946a09d5d7"
"Salmon, chum (Columbia River ESU)","Lower Columbia chum",NA,"Kalama River - fall Chum salmon","Chum salmon","Fall","Kalama River",2018,2,"TSAEJ",3,"e3d087c9-302b-494a-ac9e-d4946a09d5d7"
"Salmon, chum (Columbia River ESU)","Lower Columbia chum",NA,"Kalama River - fall Chum salmon","Chum salmon","Fall","Kalama River",2019,3,"TSAEJ",3,"e3d087c9-302b-494a-ac9e-d4946a09d5d7"
"Salmon, chum (Columbia River ESU)","Lower Columbia chum",NA,"Kalama River - fall Chum salmon","Chum salmon","Fall","Kalama River",2020,0,"TSAEJ",3,"e3d087c9-302b-494a-ac9e-d4946a09d5d7"
"Salmon, chum (Columbia River ESU)","Lower Columbia chum",NA,"Kalama River - fall Chum salmon","Chum salmon","Fall","Kalama River",2021,0,"TSAEJ",3,"e3d087c9-302b-494a-ac9e-d4946a09d5d7"
"Salmon, chum (Columbia River ESU)","Lower Columbia chum",NA,"Kalama River - fall Chum salmon","Chum salmon","Fall","Kalama River",2022,0,"TSAEJ",3,"e3d087c9-302b-494a-ac9e-d4946a09d5d7"
"Salmon, chum (Columbia River ESU)","Lower Columbia chum",NA,"Kalama River - fall Chum salmon","Chum salmon","Fall","Kalama River",2023,0,"TSAEJ",3,"e3d087c9-302b-494a-ac9e-d4946a09d5d7"
"Salmon, chum (Columbia River ESU)","Lower Columbia chum",NA,"Kalama River - fall Chum salmon","Chum salmon","Fall","Kalama River",2024,0,"TSAEJ",3,"e3d087c9-302b-494a-ac9e-d4946a09d5d7"
"Salmon, chum (Columbia River ESU)","Lower Columbia chum",NA,"Lewis River - fall Chum salmon","Chum salmon","Fall","North Fork Lewis River, East Fork Lewis River, Cedar Creek",2012,6,"TSAEJ",1,"8de2b494-b9e6-4a84-aef7-76c3fd66605d"
"Salmon, chum (Columbia River ESU)","Lower Columbia chum",NA,"Lewis River - fall Chum salmon","Chum salmon","Fall","North Fork Lewis River, East Fork Lewis River, Cedar Creek",2013,16,"TSAEJ",1,"8de2b494-b9e6-4a84-aef7-76c3fd66605d"
"Salmon, chum (Columbia River ESU)","Lower Columbia chum",NA,"Lewis River - fall Chum salmon","Chum salmon","Fall","North Fork Lewis River, East Fork Lewis River, Cedar Creek",2014,3,"TSAEJ",1,"8de2b494-b9e6-4a84-aef7-76c3fd66605d"
"Salmon, chum (Columbia River ESU)","Lower Columbia chum",NA,"Lewis River - fall Chum salmon","Chum salmon","Fall","North Fork Lewis River, East Fork Lewis River, Cedar Creek",2015,7,"TSAEJ",1,"8de2b494-b9e6-4a84-aef7-76c3fd66605d"
"Salmon, chum (Columbia River ESU)","Lower Columbia chum",NA,"Lewis River - fall Chum salmon","Chum salmon","Fall","North Fork Lewis River, East Fork Lewis River, Cedar Creek",2016,3,"TSAEJ",1,"8de2b494-b9e6-4a84-aef7-76c3fd66605d"
"Salmon, chum (Columbia River ESU)","Lower Columbia chum",NA,"Lewis River - fall Chum salmon","Chum salmon","Fall","North Fork Lewis River, East Fork Lewis River, Cedar Creek",2017,3,"TSAEJ",1,"8de2b494-b9e6-4a84-aef7-76c3fd66605d"
"Salmon, chum (Columbia River ESU)","Lower Columbia chum",NA,"Lewis River - fall Chum salmon","Chum salmon","Fall","North Fork Lewis River, East Fork Lewis River, Cedar Creek",2018,45,"TSAEJ",1,"8de2b494-b9e6-4a84-aef7-76c3fd66605d"
"Salmon, chum (Columbia River ESU)","Lower Columbia chum",NA,"Lewis River - fall Chum salmon","Chum salmon","Fall","North Fork Lewis River, East Fork Lewis River, Cedar Creek",2019,12,"TSAEJ",1,"8de2b494-b9e6-4a84-aef7-76c3fd66605d"
"Salmon, chum (Columbia River ESU)","Lower Columbia chum",NA,"Lewis River - fall Chum salmon","Chum salmon","Fall","North Fork Lewis River, East Fork Lewis River, Cedar Creek",2020,98,"TSAEJ",1,"8de2b494-b9e6-4a84-aef7-76c3fd66605d"
"Salmon, chum (Columbia River ESU)","Lower Columbia chum",NA,"Lewis River - fall Chum salmon","Chum salmon","Fall","North Fork Lewis River, East Fork Lewis River, Cedar Creek",2021,48,"TSAEJ",1,"8de2b494-b9e6-4a84-aef7-76c3fd66605d"
"Salmon, chum (Columbia River ESU)","Lower Columbia chum",NA,"Lewis River - fall Chum salmon","Chum salmon","Fall","North Fork Lewis River, East Fork Lewis River, Cedar Creek",2022,145,"TSAEJ",1,"8de2b494-b9e6-4a84-aef7-76c3fd66605d"
"Salmon, chum (Columbia River ESU)","Lower Columbia chum",NA,"Lewis River - fall Chum salmon","Chum salmon","Fall","North Fork Lewis River, East Fork Lewis River, Cedar Creek",2023,99,"TSAEJ",1,"8de2b494-b9e6-4a84-aef7-76c3fd66605d"
"Salmon, chum (Columbia River ESU)","Lower Columbia chum",NA,"Lewis River - fall Chum salmon","Chum salmon","Fall","North Fork Lewis River, East Fork Lewis River, Cedar Creek",2024,96,"TSAEJ",1,"8de2b494-b9e6-4a84-aef7-76c3fd66605d"
"Salmon, chum (Columbia River ESU)","Lower Columbia chum","Gorge","Lower Gorge Tributaries - fall Chum salmon","Chum salmon","Fall","Lower Gorge Tributaries",2000,1265,"NOSAEJ",1,"98ded2de-7a75-4c48-af66-0c62c6ce70be"
"Salmon, chum (Columbia River ESU)","Lower Columbia chum","Gorge","Lower Gorge Tributaries - fall Chum salmon","Chum salmon","Fall","Lower Gorge Tributaries",2001,2032,"NOSAEJ",1,"98ded2de-7a75-4c48-af66-0c62c6ce70be"
"Salmon, chum (Columbia River ESU)","Lower Columbia chum","Gorge","Lower Gorge Tributaries - fall Chum salmon","Chum salmon","Fall","Lower Gorge Tributaries",2002,7954,"NOSAEJ",1,"98ded2de-7a75-4c48-af66-0c62c6ce70be"
"Salmon, chum (Columbia River ESU)","Lower Columbia chum","Gorge","Lower Gorge Tributaries - fall Chum salmon","Chum salmon","Fall","Lower Gorge Tributaries",2003,3381,"NOSAEJ",1,"98ded2de-7a75-4c48-af66-0c62c6ce70be"
"Salmon, chum (Columbia River ESU)","Lower Columbia chum","Gorge","Lower Gorge Tributaries - fall Chum salmon","Chum salmon","Fall","Lower Gorge Tributaries",2004,2103,"NOSAEJ",1,"98ded2de-7a75-4c48-af66-0c62c6ce70be"
"Salmon, chum (Columbia River ESU)","Lower Columbia chum","Gorge","Lower Gorge Tributaries - fall Chum salmon","Chum salmon","Fall","Lower Gorge Tributaries",2005,901,"NOSAEJ",1,"98ded2de-7a75-4c48-af66-0c62c6ce70be"
"Salmon, chum (Columbia River ESU)","Lower Columbia chum","Gorge","Lower Gorge Tributaries - fall Chum salmon","Chum salmon","Fall","Lower Gorge Tributaries",2006,1606,"NOSAEJ",1,"98ded2de-7a75-4c48-af66-0c62c6ce70be"
"Salmon, chum (Columbia River ESU)","Lower Columbia chum","Gorge","Lower Gorge Tributaries - fall Chum salmon","Chum salmon","Fall","Lower Gorge Tributaries",2007,510,"NOSAEJ",1,"98ded2de-7a75-4c48-af66-0c62c6ce70be"
"Salmon, chum (Columbia River ESU)","Lower Columbia chum","Gorge","Lower Gorge Tributaries - fall Chum salmon","Chum salmon","Fall","Lower Gorge Tributaries",2008,576,"NOSAEJ",1,"98ded2de-7a75-4c48-af66-0c62c6ce70be"
"Salmon, chum (Columbia River ESU)","Lower Columbia chum","Gorge","Lower Gorge Tributaries - fall Chum salmon","Chum salmon","Fall","Lower Gorge Tributaries",2009,571,"NOSAEJ",1,"98ded2de-7a75-4c48-af66-0c62c6ce70be"
"Salmon, chum (Columbia River ESU)","Lower Columbia chum","Gorge","Lower Gorge Tributaries - fall Chum salmon","Chum salmon","Fall","Lower Gorge Tributaries",2010,2674,"NOSAEJ",1,"98ded2de-7a75-4c48-af66-0c62c6ce70be"
"Salmon, chum (Columbia River ESU)","Lower Columbia chum","Gorge","Lower Gorge Tributaries - fall Chum salmon","Chum salmon","Fall","Lower Gorge Tributaries",2011,3190,"NOSAEJ",1,"98ded2de-7a75-4c48-af66-0c62c6ce70be"
"Salmon, chum (Columbia River ESU)","Lower Columbia chum","Gorge","Lower Gorge Tributaries - fall Chum salmon","Chum salmon","Fall","Lower Gorge Tributaries",2012,1864,"NOSAEJ",1,"98ded2de-7a75-4c48-af66-0c62c6ce70be"
"Salmon, chum (Columbia River ESU)","Lower Columbia chum","Gorge","Lower Gorge Tributaries - fall Chum salmon","Chum salmon","Fall","Lower Gorge Tributaries",2013,1595,"NOSAEJ",1,"98ded2de-7a75-4c48-af66-0c62c6ce70be"
"Salmon, chum (Columbia River ESU)","Lower Columbia chum","Gorge","Lower Gorge Tributaries - fall Chum salmon","Chum salmon","Fall","Lower Gorge Tributaries",2014,2342,"NOSAEJ",1,"98ded2de-7a75-4c48-af66-0c62c6ce70be"
"Salmon, chum (Columbia River ESU)","Lower Columbia chum","Gorge","Lower Gorge Tributaries - fall Chum salmon","Chum salmon","Fall","Lower Gorge Tributaries",2015,5345,"NOSAEJ",1,"98ded2de-7a75-4c48-af66-0c62c6ce70be"
"Salmon, chum (Columbia River ESU)","Lower Columbia chum","Gorge","Lower Gorge Tributaries - fall Chum salmon","Chum salmon","Fall","Lower Gorge Tributaries",2016,6103,"NOSAEJ",1,"98ded2de-7a75-4c48-af66-0c62c6ce70be"
"Salmon, chum (Columbia River ESU)","Lower Columbia chum","Gorge","Lower Gorge Tributaries - fall Chum salmon","Chum salmon","Fall","Lower Gorge Tributaries",2017,1499,"NOSAEJ",1,"98ded2de-7a75-4c48-af66-0c62c6ce70be"
"Salmon, chum (Columbia River ESU)","Lower Columbia chum","Gorge","Lower Gorge Tributaries - fall Chum salmon","Chum salmon","Fall","Lower Gorge Tributaries",2018,4855,"NOSAEJ",1,"98ded2de-7a75-4c48-af66-0c62c6ce70be"
"Salmon, chum (Columbia River ESU)","Lower Columbia chum","Gorge","Lower Gorge Tributaries - fall Chum salmon","Chum salmon","Fall","Lower Gorge Tributaries",2019,5555,"NOSAEJ",1,"98ded2de-7a75-4c48-af66-0c62c6ce70be"
"Salmon, chum (Columbia River ESU)","Lower Columbia chum","Gorge","Lower Gorge Tributaries - fall Chum salmon","Chum salmon","Fall","Lower Gorge Tributaries",2020,3380,"NOSAEJ",1,"98ded2de-7a75-4c48-af66-0c62c6ce70be"
"Salmon, chum (Columbia River ESU)","Lower Columbia chum","Gorge","Lower Gorge Tributaries - fall Chum salmon","Chum salmon","Fall","Lower Gorge Tributaries",2021,8828,"NOSAEJ",1,"98ded2de-7a75-4c48-af66-0c62c6ce70be"
"Salmon, chum (Columbia River ESU)","Lower Columbia chum","Gorge","Lower Gorge Tributaries - fall Chum salmon","Chum salmon","Fall","Lower Gorge Tributaries",2022,7224,"NOSAEJ",1,"98ded2de-7a75-4c48-af66-0c62c6ce70be"
"Salmon, chum (Columbia River ESU)","Lower Columbia chum","Gorge","Lower Gorge Tributaries - fall Chum salmon","Chum salmon","Fall","Lower Gorge Tributaries",2023,8486,"NOSAEJ",1,"98ded2de-7a75-4c48-af66-0c62c6ce70be"
"Salmon, chum (Columbia River ESU)","Lower Columbia chum",NA,"Mill, Abernathy, and Germany Creeks - fall Chum salmon","Chum salmon","Fall","Mill, Abernathy & Germany Creek",2016,70,"TSAEJ",1,"7369cc2e-faaf-4770-a980-81668bcf2843"
"Salmon, chum (Columbia River ESU)","Lower Columbia chum",NA,"Mill, Abernathy, and Germany Creeks - fall Chum salmon","Chum salmon","Fall","Mill, Abernathy & Germany Creek",2017,18,"TSAEJ",1,"7369cc2e-faaf-4770-a980-81668bcf2843"
"Salmon, chum (Columbia River ESU)","Lower Columbia chum",NA,"Mill, Abernathy, and Germany Creeks - fall Chum salmon","Chum salmon","Fall","Mill, Abernathy & Germany Creek",2018,30,"TSAEJ",1,"7369cc2e-faaf-4770-a980-81668bcf2843"
"Salmon, chum (Columbia River ESU)","Lower Columbia chum",NA,"Mill, Abernathy, and Germany Creeks - fall Chum salmon","Chum salmon","Fall","Mill, Abernathy & Germany Creek",2019,46,"TSAEJ",1,"7369cc2e-faaf-4770-a980-81668bcf2843"
"Salmon, chum (Columbia River ESU)","Lower Columbia chum",NA,"Mill, Abernathy, and Germany Creeks - fall Chum salmon","Chum salmon","Fall","Mill, Abernathy & Germany Creek",2020,43,"TSAEJ",1,"7369cc2e-faaf-4770-a980-81668bcf2843"
"Salmon, chum (Columbia River ESU)","Lower Columbia chum",NA,"Mill, Abernathy, and Germany Creeks - fall Chum salmon","Chum salmon","Fall","Mill, Abernathy & Germany Creek",2021,18,"TSAEJ",1,"7369cc2e-faaf-4770-a980-81668bcf2843"
"Salmon, chum (Columbia River ESU)","Lower Columbia chum",NA,"Mill, Abernathy, and Germany Creeks - fall Chum salmon","Chum salmon","Fall","Mill, Abernathy & Germany Creek",2022,165,"TSAEJ",1,"7369cc2e-faaf-4770-a980-81668bcf2843"
"Salmon, chum (Columbia River ESU)","Lower Columbia chum",NA,"Mill, Abernathy, and Germany Creeks - fall Chum salmon","Chum salmon","Fall","Mill, Abernathy & Germany Creek",2023,90,"TSAEJ",1,"7369cc2e-faaf-4770-a980-81668bcf2843"
"Salmon, chum (Columbia River ESU)","Lower Columbia chum",NA,"Mill, Abernathy, and Germany Creeks - fall Chum salmon","Chum salmon","Fall","Mill, Abernathy & Germany Creek",2024,193,"TSAEJ",1,"7369cc2e-faaf-4770-a980-81668bcf2843"
"Salmon, chum (Columbia River ESU)","Lower Columbia chum","Gorge","Upper Gorge Tributaries - fall Chum salmon","Chum salmon","Fall","Upper Gorge Tributaries",1999,43,"NOSAEJ",1,"6279d00b-7ae6-4580-8c58-68a42b41ae17"
"Salmon, chum (Columbia River ESU)","Lower Columbia chum","Gorge","Upper Gorge Tributaries - fall Chum salmon","Chum salmon","Fall","Upper Gorge Tributaries",2000,17,"NOSAEJ",1,"6279d00b-7ae6-4580-8c58-68a42b41ae17"
"Salmon, chum (Columbia River ESU)","Lower Columbia chum","Gorge","Upper Gorge Tributaries - fall Chum salmon","Chum salmon","Fall","Upper Gorge Tributaries",2001,29,"NOSAEJ",1,"6279d00b-7ae6-4580-8c58-68a42b41ae17"
"Salmon, chum (Columbia River ESU)","Lower Columbia chum","Gorge","Upper Gorge Tributaries - fall Chum salmon","Chum salmon","Fall","Upper Gorge Tributaries",2002,98,"NOSAEJ",1,"6279d00b-7ae6-4580-8c58-68a42b41ae17"
"Salmon, chum (Columbia River ESU)","Lower Columbia chum","Gorge","Upper Gorge Tributaries - fall Chum salmon","Chum salmon","Fall","Upper Gorge Tributaries",2003,411,"NOSAEJ",1,"6279d00b-7ae6-4580-8c58-68a42b41ae17"
"Salmon, chum (Columbia River ESU)","Lower Columbia chum","Gorge","Upper Gorge Tributaries - fall Chum salmon","Chum salmon","Fall","Upper Gorge Tributaries",2004,42,"NOSAEJ",1,"6279d00b-7ae6-4580-8c58-68a42b41ae17"
"Salmon, chum (Columbia River ESU)","Lower Columbia chum","Gorge","Upper Gorge Tributaries - fall Chum salmon","Chum salmon","Fall","Upper Gorge Tributaries",2005,139,"NOSAEJ",1,"6279d00b-7ae6-4580-8c58-68a42b41ae17"
"Salmon, chum (Columbia River ESU)","Lower Columbia chum","Gorge","Upper Gorge Tributaries - fall Chum salmon","Chum salmon","Fall","Upper Gorge Tributaries",2006,165,"NOSAEJ",1,"6279d00b-7ae6-4580-8c58-68a42b41ae17"
"Salmon, chum (Columbia River ESU)","Lower Columbia chum","Gorge","Upper Gorge Tributaries - fall Chum salmon","Chum salmon","Fall","Upper Gorge Tributaries",2007,142,"NOSAEJ",1,"6279d00b-7ae6-4580-8c58-68a42b41ae17"
"Salmon, chum (Columbia River ESU)","Lower Columbia chum","Gorge","Upper Gorge Tributaries - fall Chum salmon","Chum salmon","Fall","Upper Gorge Tributaries",2008,75,"NOSAEJ",1,"6279d00b-7ae6-4580-8c58-68a42b41ae17"
"Salmon, chum (Columbia River ESU)","Lower Columbia chum","Gorge","Upper Gorge Tributaries - fall Chum salmon","Chum salmon","Fall","Upper Gorge Tributaries",2009,109,"NOSAEJ",1,"6279d00b-7ae6-4580-8c58-68a42b41ae17"
"Salmon, chum (Columbia River ESU)","Lower Columbia chum","Gorge","Upper Gorge Tributaries - fall Chum salmon","Chum salmon","Fall","Upper Gorge Tributaries",2010,124,"NOSAEJ",1,"6279d00b-7ae6-4580-8c58-68a42b41ae17"
"Salmon, chum (Columbia River ESU)","Lower Columbia chum","Gorge","Upper Gorge Tributaries - fall Chum salmon","Chum salmon","Fall","Upper Gorge Tributaries",2011,50,"NOSAEJ",1,"6279d00b-7ae6-4580-8c58-68a42b41ae17"
"Salmon, chum (Columbia River ESU)","Lower Columbia chum","Gorge","Upper Gorge Tributaries - fall Chum salmon","Chum salmon","Fall","Upper Gorge Tributaries",2012,65,"NOSAEJ",1,"6279d00b-7ae6-4580-8c58-68a42b41ae17"
"Salmon, chum (Columbia River ESU)","Lower Columbia chum","Gorge","Upper Gorge Tributaries - fall Chum salmon","Chum salmon","Fall","Upper Gorge Tributaries",2013,167,"NOSAEJ",1,"6279d00b-7ae6-4580-8c58-68a42b41ae17"
"Salmon, chum (Columbia River ESU)","Lower Columbia chum","Gorge","Upper Gorge Tributaries - fall Chum salmon","Chum salmon","Fall","Upper Gorge Tributaries",2014,122,"NOSAEJ",1,"6279d00b-7ae6-4580-8c58-68a42b41ae17"
"Salmon, chum (Columbia River ESU)","Lower Columbia chum","Gorge","Upper Gorge Tributaries - fall Chum salmon","Chum salmon","Fall","Upper Gorge Tributaries",2015,176,"NOSAEJ",1,"6279d00b-7ae6-4580-8c58-68a42b41ae17"
"Salmon, chum (Columbia River ESU)","Lower Columbia chum","Gorge","Upper Gorge Tributaries - fall Chum salmon","Chum salmon","Fall","Upper Gorge Tributaries",2016,47,"NOSAEJ",1,"6279d00b-7ae6-4580-8c58-68a42b41ae17"
"Salmon, chum (Columbia River ESU)","Lower Columbia chum","Gorge","Upper Gorge Tributaries - fall Chum salmon","Chum salmon","Fall","Upper Gorge Tributaries",2017,21,"NOSAEJ",1,"6279d00b-7ae6-4580-8c58-68a42b41ae17"
"Salmon, chum (Columbia River ESU)","Lower Columbia chum","Gorge","Upper Gorge Tributaries - fall Chum salmon","Chum salmon","Fall","Upper Gorge Tributaries",2018,180,"NOSAEJ",1,"6279d00b-7ae6-4580-8c58-68a42b41ae17"
"Salmon, chum (Columbia River ESU)","Lower Columbia chum","Gorge","Upper Gorge Tributaries - fall Chum salmon","Chum salmon","Fall","Upper Gorge Tributaries",2019,316,"NOSAEJ",1,"6279d00b-7ae6-4580-8c58-68a42b41ae17"
"Salmon, chum (Columbia River ESU)","Lower Columbia chum","Gorge","Upper Gorge Tributaries - fall Chum salmon","Chum salmon","Fall","Upper Gorge Tributaries",2020,193,"NOSAEJ",1,"6279d00b-7ae6-4580-8c58-68a42b41ae17"
"Salmon, chum (Columbia River ESU)","Lower Columbia chum","Gorge","Upper Gorge Tributaries - fall Chum salmon","Chum salmon","Fall","Upper Gorge Tributaries",2021,333,"NOSAEJ",1,"6279d00b-7ae6-4580-8c58-68a42b41ae17"
"Salmon, chum (Columbia River ESU)","Lower Columbia chum","Gorge","Upper Gorge Tributaries - fall Chum salmon","Chum salmon","Fall","Upper Gorge Tributaries",2022,299,"NOSAEJ",1,"6279d00b-7ae6-4580-8c58-68a42b41ae17"
"Salmon, chum (Columbia River ESU)","Lower Columbia chum","Gorge","Upper Gorge Tributaries - fall Chum salmon","Chum salmon","Fall","Upper Gorge Tributaries",2023,615,"NOSAEJ",1,"6279d00b-7ae6-4580-8c58-68a42b41ae17"
"Salmon, chum (Columbia River ESU)","Lower Columbia chum","Cascade","Washougal River - fall Chum salmon","Chum salmon","Fall","Washougal River",2002,3145,"NOSAEJ",1,"2965f92c-085d-453e-a438-a08f4cb7f293"
"Salmon, chum (Columbia River ESU)","Lower Columbia chum","Cascade","Washougal River - fall Chum salmon","Chum salmon","Fall","Washougal River",2003,2932,"NOSAEJ",1,"2965f92c-085d-453e-a438-a08f4cb7f293"
"Salmon, chum (Columbia River ESU)","Lower Columbia chum","Cascade","Washougal River - fall Chum salmon","Chum salmon","Fall","Washougal River",2004,2324,"NOSAEJ",1,"2965f92c-085d-453e-a438-a08f4cb7f293"
"Salmon, chum (Columbia River ESU)","Lower Columbia chum","Cascade","Washougal River - fall Chum salmon","Chum salmon","Fall","Washougal River",2005,902,"NOSAEJ",1,"2965f92c-085d-453e-a438-a08f4cb7f293"
"Salmon, chum (Columbia River ESU)","Lower Columbia chum","Cascade","Washougal River - fall Chum salmon","Chum salmon","Fall","Washougal River",2006,869,"NOSAEJ",1,"2965f92c-085d-453e-a438-a08f4cb7f293"
"Salmon, chum (Columbia River ESU)","Lower Columbia chum","Cascade","Washougal River - fall Chum salmon","Chum salmon","Fall","Washougal River",2007,576,"NOSAEJ",1,"2965f92c-085d-453e-a438-a08f4cb7f293"
"Salmon, chum (Columbia River ESU)","Lower Columbia chum","Cascade","Washougal River - fall Chum salmon","Chum salmon","Fall","Washougal River",2008,644,"NOSAEJ",1,"2965f92c-085d-453e-a438-a08f4cb7f293"
"Salmon, chum (Columbia River ESU)","Lower Columbia chum","Cascade","Washougal River - fall Chum salmon","Chum salmon","Fall","Washougal River",2009,1118,"NOSAEJ",1,"2965f92c-085d-453e-a438-a08f4cb7f293"
"Salmon, chum (Columbia River ESU)","Lower Columbia chum","Cascade","Washougal River - fall Chum salmon","Chum salmon","Fall","Washougal River",2010,2148,"NOSAEJ",1,"2965f92c-085d-453e-a438-a08f4cb7f293"
"Salmon, chum (Columbia River ESU)","Lower Columbia chum","Cascade","Washougal River - fall Chum salmon","Chum salmon","Fall","Washougal River",2011,4801,"NOSAEJ",1,"2965f92c-085d-453e-a438-a08f4cb7f293"
"Salmon, chum (Columbia River ESU)","Lower Columbia chum","Cascade","Washougal River - fall Chum salmon","Chum salmon","Fall","Washougal River",2012,2498,"NOSAEJ",1,"2965f92c-085d-453e-a438-a08f4cb7f293"
"Salmon, chum (Columbia River ESU)","Lower Columbia chum","Cascade","Washougal River - fall Chum salmon","Chum salmon","Fall","Washougal River",2013,1364,"NOSAEJ",1,"2965f92c-085d-453e-a438-a08f4cb7f293"
"Salmon, chum (Columbia River ESU)","Lower Columbia chum","Cascade","Washougal River - fall Chum salmon","Chum salmon","Fall","Washougal River",2014,1387,"NOSAEJ",1,"2965f92c-085d-453e-a438-a08f4cb7f293"
"Salmon, chum (Columbia River ESU)","Lower Columbia chum","Cascade","Washougal River - fall Chum salmon","Chum salmon","Fall","Washougal River",2015,4694,"NOSAEJ",1,"2965f92c-085d-453e-a438-a08f4cb7f293"
"Salmon, chum (Columbia River ESU)","Lower Columbia chum","Cascade","Washougal River - fall Chum salmon","Chum salmon","Fall","Washougal River",2016,5062,"NOSAEJ",1,"2965f92c-085d-453e-a438-a08f4cb7f293"
"Salmon, chum (Columbia River ESU)","Lower Columbia chum","Cascade","Washougal River - fall Chum salmon","Chum salmon","Fall","Washougal River",2017,1570,"NOSAEJ",1,"2965f92c-085d-453e-a438-a08f4cb7f293"
"Salmon, chum (Columbia River ESU)","Lower Columbia chum","Cascade","Washougal River - fall Chum salmon","Chum salmon","Fall","Washougal River",2018,2484,"NOSAEJ",1,"2965f92c-085d-453e-a438-a08f4cb7f293"
"Salmon, chum (Columbia River ESU)","Lower Columbia chum","Cascade","Washougal River - fall Chum salmon","Chum salmon","Fall","Washougal River",2019,1326,"NOSAEJ",1,"2965f92c-085d-453e-a438-a08f4cb7f293"
"Salmon, chum (Columbia River ESU)","Lower Columbia chum","Cascade","Washougal River - fall Chum salmon","Chum salmon","Fall","Washougal River",2020,2242,"NOSAEJ",1,"2965f92c-085d-453e-a438-a08f4cb7f293"
"Salmon, chum (Columbia River ESU)","Lower Columbia chum","Cascade","Washougal River - fall Chum salmon","Chum salmon","Fall","Washougal River",2021,3527,"NOSAEJ",1,"2965f92c-085d-453e-a438-a08f4cb7f293"
"Salmon, chum (Columbia River ESU)","Lower Columbia chum","Cascade","Washougal River - fall Chum salmon","Chum salmon","Fall","Washougal River",2022,4135,"NOSAEJ",1,"2965f92c-085d-453e-a438-a08f4cb7f293"
"Salmon, chum (Columbia River ESU)","Lower Columbia chum","Cascade","Washougal River - fall Chum salmon","Chum salmon","Fall","Washougal River",2023,6137,"NOSAEJ",1,"2965f92c-085d-453e-a438-a08f4cb7f293"
"Salmon, chum (Hood Canal summer-run ESU)","Hood Canal summer chum","Hood Canal","Hood Canal - summer chum salmon","Chum salmon","Summer","Hood Canal",1999,2470,"NOSAEJ",1,"de3c7ff0-ca09-47c5-9e7b-fcd1df8683a8"
"Salmon, chum (Hood Canal summer-run ESU)","Hood Canal summer chum","Hood Canal","Hood Canal - summer chum salmon","Chum salmon","Summer","Hood Canal",2000,8281,"NOSAEJ",1,"de3c7ff0-ca09-47c5-9e7b-fcd1df8683a8"
"Salmon, chum (Hood Canal summer-run ESU)","Hood Canal summer chum","Hood Canal","Hood Canal - summer chum salmon","Chum salmon","Summer","Hood Canal",2001,7204,"NOSAEJ",1,"de3c7ff0-ca09-47c5-9e7b-fcd1df8683a8"
"Salmon, chum (Hood Canal summer-run ESU)","Hood Canal summer chum","Hood Canal","Hood Canal - summer chum salmon","Chum salmon","Summer","Hood Canal",2002,6859,"NOSAEJ",1,"de3c7ff0-ca09-47c5-9e7b-fcd1df8683a8"
"Salmon, chum (Hood Canal summer-run ESU)","Hood Canal summer chum","Hood Canal","Hood Canal - summer chum salmon","Chum salmon","Summer","Hood Canal",2003,27335,"NOSAEJ",1,"de3c7ff0-ca09-47c5-9e7b-fcd1df8683a8"
"Salmon, chum (Hood Canal summer-run ESU)","Hood Canal summer chum","Hood Canal","Hood Canal - summer chum salmon","Chum salmon","Summer","Hood Canal",2004,60374,"NOSAEJ",1,"de3c7ff0-ca09-47c5-9e7b-fcd1df8683a8"
"Salmon, chum (Hood Canal summer-run ESU)","Hood Canal summer chum","Hood Canal","Hood Canal - summer chum salmon","Chum salmon","Summer","Hood Canal",2005,11348,"NOSAEJ",1,"de3c7ff0-ca09-47c5-9e7b-fcd1df8683a8"
"Salmon, chum (Hood Canal summer-run ESU)","Hood Canal summer chum","Hood Canal","Hood Canal - summer chum salmon","Chum salmon","Summer","Hood Canal",2006,21389,"NOSAEJ",1,"de3c7ff0-ca09-47c5-9e7b-fcd1df8683a8"
"Salmon, chum (Hood Canal summer-run ESU)","Hood Canal summer chum","Hood Canal","Hood Canal - summer chum salmon","Chum salmon","Summer","Hood Canal",2007,9376,"NOSAEJ",1,"de3c7ff0-ca09-47c5-9e7b-fcd1df8683a8"
"Salmon, chum (Hood Canal summer-run ESU)","Hood Canal summer chum","Hood Canal","Hood Canal - summer chum salmon","Chum salmon","Summer","Hood Canal",2008,13573,"NOSAEJ",1,"de3c7ff0-ca09-47c5-9e7b-fcd1df8683a8"
"Salmon, chum (Hood Canal summer-run ESU)","Hood Canal summer chum","Hood Canal","Hood Canal - summer chum salmon","Chum salmon","Summer","Hood Canal",2009,6570,"NOSAEJ",1,"de3c7ff0-ca09-47c5-9e7b-fcd1df8683a8"
"Salmon, chum (Hood Canal summer-run ESU)","Hood Canal summer chum","Hood Canal","Hood Canal - summer chum salmon","Chum salmon","Summer","Hood Canal",2010,11294,"NOSAEJ",1,"de3c7ff0-ca09-47c5-9e7b-fcd1df8683a8"
"Salmon, chum (Hood Canal summer-run ESU)","Hood Canal summer chum","Hood Canal","Hood Canal - summer chum salmon","Chum salmon","Summer","Hood Canal",2011,6568,"NOSAEJ",1,"de3c7ff0-ca09-47c5-9e7b-fcd1df8683a8"
"Salmon, chum (Hood Canal summer-run ESU)","Hood Canal summer chum","Hood Canal","Hood Canal - summer chum salmon","Chum salmon","Summer","Hood Canal",2012,26501,"NOSAEJ",1,"de3c7ff0-ca09-47c5-9e7b-fcd1df8683a8"
"Salmon, chum (Hood Canal summer-run ESU)","Hood Canal summer chum","Hood Canal","Hood Canal - summer chum salmon","Chum salmon","Summer","Hood Canal",2013,19965,"NOSAEJ",1,"de3c7ff0-ca09-47c5-9e7b-fcd1df8683a8"
"Salmon, chum (Hood Canal summer-run ESU)","Hood Canal summer chum","Hood Canal","Hood Canal - summer chum salmon","Chum salmon","Summer","Hood Canal",2014,26830,"NOSAEJ",1,"de3c7ff0-ca09-47c5-9e7b-fcd1df8683a8"
"Salmon, chum (Hood Canal summer-run ESU)","Hood Canal summer chum","Hood Canal","Hood Canal - summer chum salmon","Chum salmon","Summer","Hood Canal",2015,31294,"NOSAEJ",1,"de3c7ff0-ca09-47c5-9e7b-fcd1df8683a8"
"Salmon, chum (Hood Canal summer-run ESU)","Hood Canal summer chum","Hood Canal","Hood Canal - summer chum salmon","Chum salmon","Summer","Hood Canal",2016,47366,"NOSAEJ",1,"de3c7ff0-ca09-47c5-9e7b-fcd1df8683a8"
"Salmon, chum (Hood Canal summer-run ESU)","Hood Canal summer chum","Hood Canal","Hood Canal - summer chum salmon","Chum salmon","Summer","Hood Canal",2017,53470,"NOSAEJ",1,"de3c7ff0-ca09-47c5-9e7b-fcd1df8683a8"
"Salmon, chum (Hood Canal summer-run ESU)","Hood Canal summer chum","Hood Canal","Hood Canal - summer chum salmon","Chum salmon","Summer","Hood Canal",2018,12201,"NOSAEJ",1,"de3c7ff0-ca09-47c5-9e7b-fcd1df8683a8"
"Salmon, chum (Hood Canal summer-run ESU)","Hood Canal summer chum","Hood Canal","Hood Canal - summer chum salmon","Chum salmon","Summer","Hood Canal",2019,7435,"NOSAEJ",1,"de3c7ff0-ca09-47c5-9e7b-fcd1df8683a8"
"Salmon, chum (Hood Canal summer-run ESU)","Hood Canal summer chum","Hood Canal","Hood Canal - summer chum salmon","Chum salmon","Summer","Hood Canal",2020,8478,"NOSAEJ",1,"de3c7ff0-ca09-47c5-9e7b-fcd1df8683a8"
"Salmon, chum (Hood Canal summer-run ESU)","Hood Canal summer chum","Hood Canal","Hood Canal - summer chum salmon","Chum salmon","Summer","Hood Canal",2021,16949,"NOSAEJ",1,"de3c7ff0-ca09-47c5-9e7b-fcd1df8683a8"
"Salmon, chum (Hood Canal summer-run ESU)","Hood Canal summer chum","Hood Canal","Hood Canal - summer chum salmon","Chum salmon","Summer","Hood Canal",2022,31277,"NOSAEJ",1,"de3c7ff0-ca09-47c5-9e7b-fcd1df8683a8"
"Salmon, chum (Hood Canal summer-run ESU)","Hood Canal summer chum","Hood Canal","Hood Canal - summer chum salmon","Chum salmon","Summer","Hood Canal",2023,18532,"NOSAEJ",1,"de3c7ff0-ca09-47c5-9e7b-fcd1df8683a8"
"Salmon, chum (Hood Canal summer-run ESU)","Hood Canal summer chum","Hood Canal","Hood Canal - summer chum salmon","Chum salmon","Summer","Hood Canal",2024,40677,"NOSAEJ",1,"de3c7ff0-ca09-47c5-9e7b-fcd1df8683a8"
"Salmon, chum (Hood Canal summer-run ESU)","Hood Canal summer chum","Hood Canal","Hood Canal - summer chum salmon","Chum salmon","Summer","Hood Canal",2025,28377,"NOSAEJ",1,"de3c7ff0-ca09-47c5-9e7b-fcd1df8683a8"
"Salmon, chum (Hood Canal summer-run ESU)","Hood Canal summer chum","Hood Canal","Strait of Juan de Fuca - summer chum salmon","Chum salmon","Summer","Strait of Juan de Fuca tributaries",1999,155,"NOSAEJ",1,"4b26deb4-a4bd-491b-9416-7f3fc0f3a3c0"
"Salmon, chum (Hood Canal summer-run ESU)","Hood Canal summer chum","Hood Canal","Strait of Juan de Fuca - summer chum salmon","Chum salmon","Summer","Strait of Juan de Fuca tributaries",2000,507,"NOSAEJ",1,"4b26deb4-a4bd-491b-9416-7f3fc0f3a3c0"
"Salmon, chum (Hood Canal summer-run ESU)","Hood Canal summer chum","Hood Canal","Strait of Juan de Fuca - summer chum salmon","Chum salmon","Summer","Strait of Juan de Fuca tributaries",2001,1473,"NOSAEJ",1,"4b26deb4-a4bd-491b-9416-7f3fc0f3a3c0"
"Salmon, chum (Hood Canal summer-run ESU)","Hood Canal summer chum","Hood Canal","Strait of Juan de Fuca - summer chum salmon","Chum salmon","Summer","Strait of Juan de Fuca tributaries",2002,4220,"NOSAEJ",1,"4b26deb4-a4bd-491b-9416-7f3fc0f3a3c0"
"Salmon, chum (Hood Canal summer-run ESU)","Hood Canal summer chum","Hood Canal","Strait of Juan de Fuca - summer chum salmon","Chum salmon","Summer","Strait of Juan de Fuca tributaries",2003,4281,"NOSAEJ",1,"4b26deb4-a4bd-491b-9416-7f3fc0f3a3c0"
"Salmon, chum (Hood Canal summer-run ESU)","Hood Canal summer chum","Hood Canal","Strait of Juan de Fuca - summer chum salmon","Chum salmon","Summer","Strait of Juan de Fuca tributaries",2004,5671,"NOSAEJ",1,"4b26deb4-a4bd-491b-9416-7f3fc0f3a3c0"
"Salmon, chum (Hood Canal summer-run ESU)","Hood Canal summer chum","Hood Canal","Strait of Juan de Fuca - summer chum salmon","Chum salmon","Summer","Strait of Juan de Fuca tributaries",2005,5999,"NOSAEJ",1,"4b26deb4-a4bd-491b-9416-7f3fc0f3a3c0"
"Salmon, chum (Hood Canal summer-run ESU)","Hood Canal summer chum","Hood Canal","Strait of Juan de Fuca - summer chum salmon","Chum salmon","Summer","Strait of Juan de Fuca tributaries",2006,6372,"NOSAEJ",1,"4b26deb4-a4bd-491b-9416-7f3fc0f3a3c0"
"Salmon, chum (Hood Canal summer-run ESU)","Hood Canal summer chum","Hood Canal","Strait of Juan de Fuca - summer chum salmon","Chum salmon","Summer","Strait of Juan de Fuca tributaries",2007,3011,"NOSAEJ",1,"4b26deb4-a4bd-491b-9416-7f3fc0f3a3c0"
"Salmon, chum (Hood Canal summer-run ESU)","Hood Canal summer chum","Hood Canal","Strait of Juan de Fuca - summer chum salmon","Chum salmon","Summer","Strait of Juan de Fuca tributaries",2008,3011,"NOSAEJ",1,"4b26deb4-a4bd-491b-9416-7f3fc0f3a3c0"
"Salmon, chum (Hood Canal summer-run ESU)","Hood Canal summer chum","Hood Canal","Strait of Juan de Fuca - summer chum salmon","Chum salmon","Summer","Strait of Juan de Fuca tributaries",2009,2659,"NOSAEJ",1,"4b26deb4-a4bd-491b-9416-7f3fc0f3a3c0"
"Salmon, chum (Hood Canal summer-run ESU)","Hood Canal summer chum","Hood Canal","Strait of Juan de Fuca - summer chum salmon","Chum salmon","Summer","Strait of Juan de Fuca tributaries",2010,5923,"NOSAEJ",1,"4b26deb4-a4bd-491b-9416-7f3fc0f3a3c0"
"Salmon, chum (Hood Canal summer-run ESU)","Hood Canal summer chum","Hood Canal","Strait of Juan de Fuca - summer chum salmon","Chum salmon","Summer","Strait of Juan de Fuca tributaries",2011,4059,"NOSAEJ",1,"4b26deb4-a4bd-491b-9416-7f3fc0f3a3c0"
"Salmon, chum (Hood Canal summer-run ESU)","Hood Canal summer chum","Hood Canal","Strait of Juan de Fuca - summer chum salmon","Chum salmon","Summer","Strait of Juan de Fuca tributaries",2012,4975,"NOSAEJ",1,"4b26deb4-a4bd-491b-9416-7f3fc0f3a3c0"
"Salmon, chum (Hood Canal summer-run ESU)","Hood Canal summer chum","Hood Canal","Strait of Juan de Fuca - summer chum salmon","Chum salmon","Summer","Strait of Juan de Fuca tributaries",2013,12042,"NOSAEJ",1,"4b26deb4-a4bd-491b-9416-7f3fc0f3a3c0"
"Salmon, chum (Hood Canal summer-run ESU)","Hood Canal summer chum","Hood Canal","Strait of Juan de Fuca - summer chum salmon","Chum salmon","Summer","Strait of Juan de Fuca tributaries",2014,7198,"NOSAEJ",1,"4b26deb4-a4bd-491b-9416-7f3fc0f3a3c0"
"Salmon, chum (Hood Canal summer-run ESU)","Hood Canal summer chum","Hood Canal","Strait of Juan de Fuca - summer chum salmon","Chum salmon","Summer","Strait of Juan de Fuca tributaries",2015,15532,"NOSAEJ",1,"4b26deb4-a4bd-491b-9416-7f3fc0f3a3c0"
"Salmon, chum (Hood Canal summer-run ESU)","Hood Canal summer chum","Hood Canal","Strait of Juan de Fuca - summer chum salmon","Chum salmon","Summer","Strait of Juan de Fuca tributaries",2016,9076,"NOSAEJ",1,"4b26deb4-a4bd-491b-9416-7f3fc0f3a3c0"
"Salmon, chum (Hood Canal summer-run ESU)","Hood Canal summer chum","Hood Canal","Strait of Juan de Fuca - summer chum salmon","Chum salmon","Summer","Strait of Juan de Fuca tributaries",2017,2113,"NOSAEJ",1,"4b26deb4-a4bd-491b-9416-7f3fc0f3a3c0"
"Salmon, chum (Hood Canal summer-run ESU)","Hood Canal summer chum","Hood Canal","Strait of Juan de Fuca - summer chum salmon","Chum salmon","Summer","Strait of Juan de Fuca tributaries",2018,1567,"NOSAEJ",1,"4b26deb4-a4bd-491b-9416-7f3fc0f3a3c0"
"Salmon, chum (Hood Canal summer-run ESU)","Hood Canal summer chum","Hood Canal","Strait of Juan de Fuca - summer chum salmon","Chum salmon","Summer","Strait of Juan de Fuca tributaries",2019,4830,"NOSAEJ",1,"4b26deb4-a4bd-491b-9416-7f3fc0f3a3c0"
"Salmon, chum (Hood Canal summer-run ESU)","Hood Canal summer chum","Hood Canal","Strait of Juan de Fuca - summer chum salmon","Chum salmon","Summer","Strait of Juan de Fuca tributaries",2020,3933,"NOSAEJ",1,"4b26deb4-a4bd-491b-9416-7f3fc0f3a3c0"
"Salmon, chum (Hood Canal summer-run ESU)","Hood Canal summer chum","Hood Canal","Strait of Juan de Fuca - summer chum salmon","Chum salmon","Summer","Strait of Juan de Fuca tributaries",2021,3812,"NOSAEJ",1,"4b26deb4-a4bd-491b-9416-7f3fc0f3a3c0"
"Salmon, chum (Hood Canal summer-run ESU)","Hood Canal summer chum","Hood Canal","Strait of Juan de Fuca - summer chum salmon","Chum salmon","Summer","Strait of Juan de Fuca tributaries",2022,11031,"NOSAEJ",1,"4b26deb4-a4bd-491b-9416-7f3fc0f3a3c0"
"Salmon, chum (Hood Canal summer-run ESU)","Hood Canal summer chum","Hood Canal","Strait of Juan de Fuca - summer chum salmon","Chum salmon","Summer","Strait of Juan de Fuca tributaries",2023,4949,"NOSAEJ",1,"4b26deb4-a4bd-491b-9416-7f3fc0f3a3c0"
"Salmon, chum (Hood Canal summer-run ESU)","Hood Canal summer chum","Hood Canal","Strait of Juan de Fuca - summer chum salmon","Chum salmon","Summer","Strait of Juan de Fuca tributaries",2024,10582,"NOSAEJ",1,"4b26deb4-a4bd-491b-9416-7f3fc0f3a3c0"
"Salmon, chum (Hood Canal summer-run ESU)","Hood Canal summer chum","Hood Canal","Strait of Juan de Fuca - summer chum salmon","Chum salmon","Summer","Strait of Juan de Fuca tributaries",2025,6189,"NOSAEJ",1,"4b26deb4-a4bd-491b-9416-7f3fc0f3a3c0"
"Salmon, coho (Lower Columbia River ESU)","Lower Columbia coho","Cascade","Coweeman River - late Coho salmon","Coho salmon","Late","Coweeman River",2010,3919,"NOSAEJ",1,"19dec3df-4275-4883-8c58-e34bc20e983b"
"Salmon, coho (Lower Columbia River ESU)","Lower Columbia coho","Cascade","Coweeman River - late Coho salmon","Coho salmon","Late","Coweeman River",2011,3927,"NOSAEJ",1,"19dec3df-4275-4883-8c58-e34bc20e983b"
"Salmon, coho (Lower Columbia River ESU)","Lower Columbia coho","Cascade","Coweeman River - late Coho salmon","Coho salmon","Late","Coweeman River",2012,3698,"NOSAEJ",1,"19dec3df-4275-4883-8c58-e34bc20e983b"
"Salmon, coho (Lower Columbia River ESU)","Lower Columbia coho","Cascade","Coweeman River - late Coho salmon","Coho salmon","Late","Coweeman River",2013,4144,"NOSAEJ",1,"eb052fff-7d1a-4a14-a693-880f9ba0ac77"
"Salmon, coho (Lower Columbia River ESU)","Lower Columbia coho","Cascade","Coweeman River - late Coho salmon","Coho salmon","Late","Coweeman River",2014,7469,"NOSAEJ",1,"eb052fff-7d1a-4a14-a693-880f9ba0ac77"
"Salmon, coho (Lower Columbia River ESU)","Lower Columbia coho","Cascade","Coweeman River - late Coho salmon","Coho salmon","Late","Coweeman River",2015,1283,"NOSAEJ",1,"eb052fff-7d1a-4a14-a693-880f9ba0ac77"
"Salmon, coho (Lower Columbia River ESU)","Lower Columbia coho","Cascade","Coweeman River - late Coho salmon","Coho salmon","Late","Coweeman River",2016,3346,"NOSAEJ",1,"eb052fff-7d1a-4a14-a693-880f9ba0ac77"
"Salmon, coho (Lower Columbia River ESU)","Lower Columbia coho","Cascade","Coweeman River - late Coho salmon","Coho salmon","Late","Coweeman River",2017,2687,"NOSAEJ",1,"eb052fff-7d1a-4a14-a693-880f9ba0ac77"
"Salmon, coho (Lower Columbia River ESU)","Lower Columbia coho","Cascade","Coweeman River - late Coho salmon","Coho salmon","Late","Coweeman River",2018,2923,"NOSAEJ",1,"eb052fff-7d1a-4a14-a693-880f9ba0ac77"
"Salmon, coho (Lower Columbia River ESU)","Lower Columbia coho","Cascade","Coweeman River - late Coho salmon","Coho salmon","Late","Coweeman River",2019,3416,"NOSAEJ",1,"eb052fff-7d1a-4a14-a693-880f9ba0ac77"
"Salmon, coho (Lower Columbia River ESU)","Lower Columbia coho","Cascade","Coweeman River - late Coho salmon","Coho salmon","Late","Coweeman River",2020,4708,"NOSAEJ",1,"eb052fff-7d1a-4a14-a693-880f9ba0ac77"
"Salmon, coho (Lower Columbia River ESU)","Lower Columbia coho","Cascade","Coweeman River - late Coho salmon","Coho salmon","Late","Coweeman River",2021,4767,"NOSAEJ",1,"eb052fff-7d1a-4a14-a693-880f9ba0ac77"
"Salmon, coho (Lower Columbia River ESU)","Lower Columbia coho","Cascade","Coweeman River - late Coho salmon","Coho salmon","Late","Coweeman River",2022,4101,"NOSAEJ",1,"eb052fff-7d1a-4a14-a693-880f9ba0ac77"
"Salmon, coho (Lower Columbia River ESU)","Lower Columbia coho","Cascade","Coweeman River - late Coho salmon","Coho salmon","Late","Coweeman River",2023,2850,"NOSAEJ",1,"eb052fff-7d1a-4a14-a693-880f9ba0ac77"
"Salmon, coho (Lower Columbia River ESU)","Lower Columbia coho","Cascade","Coweeman River - late Coho salmon","Coho salmon","Late","Coweeman River",2024,2350,"NOSAEJ",1,"eb052fff-7d1a-4a14-a693-880f9ba0ac77"
"Salmon, coho (Lower Columbia River ESU)","Lower Columbia coho","Cascade","East Fork Lewis River - early and late Coho salmon","Coho salmon","Both early & late","East Fork Lewis River",2010,1462,"NOSAEJ",1,"4d85ae84-dc62-4908-8210-8f248b56d72e"
"Salmon, coho (Lower Columbia River ESU)","Lower Columbia coho","Cascade","East Fork Lewis River - early and late Coho salmon","Coho salmon","Both early & late","East Fork Lewis River",2011,1386,"NOSAEJ",1,"4d85ae84-dc62-4908-8210-8f248b56d72e"
"Salmon, coho (Lower Columbia River ESU)","Lower Columbia coho","Cascade","East Fork Lewis River - early and late Coho salmon","Coho salmon","Both early & late","East Fork Lewis River",2012,3226,"NOSAEJ",1,"4d85ae84-dc62-4908-8210-8f248b56d72e"
"Salmon, coho (Lower Columbia River ESU)","Lower Columbia coho","Cascade","East Fork Lewis River - early and late Coho salmon","Coho salmon","Both early & late","East Fork Lewis River",2013,2800,"NOSAEJ",1,"8f484fec-e873-40e2-8136-2a795b90529b"
"Salmon, coho (Lower Columbia River ESU)","Lower Columbia coho","Cascade","East Fork Lewis River - early and late Coho salmon","Coho salmon","Both early & late","East Fork Lewis River",2014,4884,"NOSAEJ",1,"8f484fec-e873-40e2-8136-2a795b90529b"
"Salmon, coho (Lower Columbia River ESU)","Lower Columbia coho","Cascade","East Fork Lewis River - early and late Coho salmon","Coho salmon","Both early & late","East Fork Lewis River",2015,565,"NOSAEJ",1,"8f484fec-e873-40e2-8136-2a795b90529b"
"Salmon, coho (Lower Columbia River ESU)","Lower Columbia coho","Cascade","East Fork Lewis River - early and late Coho salmon","Coho salmon","Both early & late","East Fork Lewis River",2016,1238,"NOSAEJ",1,"8f484fec-e873-40e2-8136-2a795b90529b"
"Salmon, coho (Lower Columbia River ESU)","Lower Columbia coho","Cascade","East Fork Lewis River - early and late Coho salmon","Coho salmon","Both early & late","East Fork Lewis River",2017,1559,"NOSAEJ",1,"8f484fec-e873-40e2-8136-2a795b90529b"
"Salmon, coho (Lower Columbia River ESU)","Lower Columbia coho","Cascade","East Fork Lewis River - early and late Coho salmon","Coho salmon","Both early & late","East Fork Lewis River",2018,1648,"NOSAEJ",1,"8f484fec-e873-40e2-8136-2a795b90529b"
"Salmon, coho (Lower Columbia River ESU)","Lower Columbia coho","Cascade","East Fork Lewis River - early and late Coho salmon","Coho salmon","Both early & late","East Fork Lewis River",2019,2304,"NOSAEJ",1,"8f484fec-e873-40e2-8136-2a795b90529b"
"Salmon, coho (Lower Columbia River ESU)","Lower Columbia coho","Cascade","East Fork Lewis River - early and late Coho salmon","Coho salmon","Both early & late","East Fork Lewis River",2020,2319,"NOSAEJ",1,"8f484fec-e873-40e2-8136-2a795b90529b"
"Salmon, coho (Lower Columbia River ESU)","Lower Columbia coho","Cascade","East Fork Lewis River - early and late Coho salmon","Coho salmon","Both early & late","East Fork Lewis River",2021,4507,"NOSAEJ",1,"8f484fec-e873-40e2-8136-2a795b90529b"
"Salmon, coho (Lower Columbia River ESU)","Lower Columbia coho","Cascade","East Fork Lewis River - early and late Coho salmon","Coho salmon","Both early & late","East Fork Lewis River",2022,3242,"NOSAEJ",1,"8f484fec-e873-40e2-8136-2a795b90529b"
"Salmon, coho (Lower Columbia River ESU)","Lower Columbia coho","Cascade","East Fork Lewis River - early and late Coho salmon","Coho salmon","Both early & late","East Fork Lewis River",2023,1843,"NOSAEJ",1,"8f484fec-e873-40e2-8136-2a795b90529b"
"Salmon, coho (Lower Columbia River ESU)","Lower Columbia coho","Cascade","East Fork Lewis River - early and late Coho salmon","Coho salmon","Both early & late","East Fork Lewis River",2024,4153,"NOSAEJ",1,"8f484fec-e873-40e2-8136-2a795b90529b"
"Salmon, coho (Lower Columbia River ESU)","Lower Columbia coho","Coastal","Elochoman River - late Coho salmon","Coho salmon","Late","Elochoman/Skamokawa",2010,964,"NOSAEJ",1,"498d2d58-a159-44d5-b46e-01856674dba0"
"Salmon, coho (Lower Columbia River ESU)","Lower Columbia coho","Coastal","Elochoman River - late Coho salmon","Coho salmon","Late","Elochoman/Skamokawa",2011,667,"NOSAEJ",1,"498d2d58-a159-44d5-b46e-01856674dba0"
"Salmon, coho (Lower Columbia River ESU)","Lower Columbia coho","Coastal","Elochoman River - late Coho salmon","Coho salmon","Late","Elochoman/Skamokawa",2012,593,"NOSAEJ",1,"498d2d58-a159-44d5-b46e-01856674dba0"
"Salmon, coho (Lower Columbia River ESU)","Lower Columbia coho","Coastal","Elochoman River - late Coho salmon","Coho salmon","Late","Elochoman/Skamokawa",2013,898,"NOSAEJ",1,"f97fcff9-d19a-445a-a36c-2731e561676a"
"Salmon, coho (Lower Columbia River ESU)","Lower Columbia coho","Coastal","Elochoman River - late Coho salmon","Coho salmon","Late","Elochoman/Skamokawa",2014,3673,"NOSAEJ",1,"f97fcff9-d19a-445a-a36c-2731e561676a"
"Salmon, coho (Lower Columbia River ESU)","Lower Columbia coho","Coastal","Elochoman River - late Coho salmon","Coho salmon","Late","Elochoman/Skamokawa",2015,412,"NOSAEJ",1,"f97fcff9-d19a-445a-a36c-2731e561676a"
"Salmon, coho (Lower Columbia River ESU)","Lower Columbia coho","Coastal","Elochoman River - late Coho salmon","Coho salmon","Late","Elochoman/Skamokawa",2016,907,"NOSAEJ",1,"f97fcff9-d19a-445a-a36c-2731e561676a"
"Salmon, coho (Lower Columbia River ESU)","Lower Columbia coho","Coastal","Elochoman River - late Coho salmon","Coho salmon","Late","Elochoman/Skamokawa",2017,1006,"NOSAEJ",1,"f97fcff9-d19a-445a-a36c-2731e561676a"
"Salmon, coho (Lower Columbia River ESU)","Lower Columbia coho","Coastal","Elochoman River - late Coho salmon","Coho salmon","Late","Elochoman/Skamokawa",2018,1189,"NOSAEJ",1,"f97fcff9-d19a-445a-a36c-2731e561676a"
"Salmon, coho (Lower Columbia River ESU)","Lower Columbia coho","Coastal","Elochoman River - late Coho salmon","Coho salmon","Late","Elochoman/Skamokawa",2019,1853,"NOSAEJ",1,"f97fcff9-d19a-445a-a36c-2731e561676a"
"Salmon, coho (Lower Columbia River ESU)","Lower Columbia coho","Coastal","Elochoman River - late Coho salmon","Coho salmon","Late","Elochoman/Skamokawa",2020,1982,"NOSAEJ",1,"f97fcff9-d19a-445a-a36c-2731e561676a"
"Salmon, coho (Lower Columbia River ESU)","Lower Columbia coho","Coastal","Elochoman River - late Coho salmon","Coho salmon","Late","Elochoman/Skamokawa",2021,1747,"NOSAEJ",1,"f97fcff9-d19a-445a-a36c-2731e561676a"
"Salmon, coho (Lower Columbia River ESU)","Lower Columbia coho","Coastal","Elochoman River - late Coho salmon","Coho salmon","Late","Elochoman/Skamokawa",2022,1065,"NOSAEJ",1,"f97fcff9-d19a-445a-a36c-2731e561676a"
"Salmon, coho (Lower Columbia River ESU)","Lower Columbia coho","Coastal","Elochoman River - late Coho salmon","Coho salmon","Late","Elochoman/Skamokawa",2023,1559,"NOSAEJ",1,"f97fcff9-d19a-445a-a36c-2731e561676a"
"Salmon, coho (Lower Columbia River ESU)","Lower Columbia coho","Coastal","Elochoman River - late Coho salmon","Coho salmon","Late","Elochoman/Skamokawa",2024,1975,"NOSAEJ",1,"f97fcff9-d19a-445a-a36c-2731e561676a"
"Salmon, coho (Lower Columbia River ESU)","Lower Columbia coho","Coastal","Grays and Chinook Rivers - late Coho salmon","Coho salmon","Late","Grays River",2010,495,"NOSAEJ",1,"bce0ec54-5e91-43c4-accb-35841377eb50"
"Salmon, coho (Lower Columbia River ESU)","Lower Columbia coho","Coastal","Grays and Chinook Rivers - late Coho salmon","Coho salmon","Late","Grays River",2011,339,"NOSAEJ",1,"bce0ec54-5e91-43c4-accb-35841377eb50"
"Salmon, coho (Lower Columbia River ESU)","Lower Columbia coho","Coastal","Grays and Chinook Rivers - late Coho salmon","Coho salmon","Late","Grays River",2012,471,"NOSAEJ",1,"bce0ec54-5e91-43c4-accb-35841377eb50"
"Salmon, coho (Lower Columbia River ESU)","Lower Columbia coho","Coastal","Grays and Chinook Rivers - late Coho salmon","Coho salmon","Late","Grays River",2013,795,"NOSAEJ",1,"11b8bd4a-2d0a-476f-9dbf-79cdb12a8370"
"Salmon, coho (Lower Columbia River ESU)","Lower Columbia coho","Coastal","Grays and Chinook Rivers - late Coho salmon","Coho salmon","Late","Grays River",2014,2705,"NOSAEJ",1,"11b8bd4a-2d0a-476f-9dbf-79cdb12a8370"
"Salmon, coho (Lower Columbia River ESU)","Lower Columbia coho","Coastal","Grays and Chinook Rivers - late Coho salmon","Coho salmon","Late","Grays River",2015,341,"NOSAEJ",1,"11b8bd4a-2d0a-476f-9dbf-79cdb12a8370"
"Salmon, coho (Lower Columbia River ESU)","Lower Columbia coho","Coastal","Grays and Chinook Rivers - late Coho salmon","Coho salmon","Late","Grays River",2016,674,"NOSAEJ",1,"11b8bd4a-2d0a-476f-9dbf-79cdb12a8370"
"Salmon, coho (Lower Columbia River ESU)","Lower Columbia coho","Coastal","Grays and Chinook Rivers - late Coho salmon","Coho salmon","Late","Grays River",2017,459,"NOSAEJ",1,"11b8bd4a-2d0a-476f-9dbf-79cdb12a8370"
"Salmon, coho (Lower Columbia River ESU)","Lower Columbia coho","Coastal","Grays and Chinook Rivers - late Coho salmon","Coho salmon","Late","Grays River",2018,468,"NOSAEJ",1,"11b8bd4a-2d0a-476f-9dbf-79cdb12a8370"
"Salmon, coho (Lower Columbia River ESU)","Lower Columbia coho","Coastal","Grays and Chinook Rivers - late Coho salmon","Coho salmon","Late","Grays River",2019,800,"NOSAEJ",1,"11b8bd4a-2d0a-476f-9dbf-79cdb12a8370"
"Salmon, coho (Lower Columbia River ESU)","Lower Columbia coho","Coastal","Grays and Chinook Rivers - late Coho salmon","Coho salmon","Late","Grays River",2020,1007,"NOSAEJ",1,"11b8bd4a-2d0a-476f-9dbf-79cdb12a8370"
"Salmon, coho (Lower Columbia River ESU)","Lower Columbia coho","Coastal","Grays and Chinook Rivers - late Coho salmon","Coho salmon","Late","Grays River",2021,1141,"NOSAEJ",1,"11b8bd4a-2d0a-476f-9dbf-79cdb12a8370"
"Salmon, coho (Lower Columbia River ESU)","Lower Columbia coho","Coastal","Grays and Chinook Rivers - late Coho salmon","Coho salmon","Late","Grays River",2022,990,"NOSAEJ",1,"11b8bd4a-2d0a-476f-9dbf-79cdb12a8370"
"Salmon, coho (Lower Columbia River ESU)","Lower Columbia coho","Coastal","Grays and Chinook Rivers - late Coho salmon","Coho salmon","Late","Grays River",2023,923,"NOSAEJ",1,"11b8bd4a-2d0a-476f-9dbf-79cdb12a8370"
"Salmon, coho (Lower Columbia River ESU)","Lower Columbia coho","Coastal","Grays and Chinook Rivers - late Coho salmon","Coho salmon","Late","Grays River",2024,1170,"NOSAEJ",1,"11b8bd4a-2d0a-476f-9dbf-79cdb12a8370"
"Salmon, coho (Lower Columbia River ESU)","Lower Columbia coho","Cascade","Kalama River - late Coho salmon","Coho salmon","Late","Kalama River",2010,72,"NOSAEJ",1,"f8017d59-446f-458f-88cf-148f92dcafcb"
"Salmon, coho (Lower Columbia River ESU)","Lower Columbia coho","Cascade","Kalama River - late Coho salmon","Coho salmon","Late","Kalama River",2011,39,"NOSAEJ",1,"f8017d59-446f-458f-88cf-148f92dcafcb"
"Salmon, coho (Lower Columbia River ESU)","Lower Columbia coho","Cascade","Kalama River - late Coho salmon","Coho salmon","Late","Kalama River",2012,40,"NOSAEJ",1,"f8017d59-446f-458f-88cf-148f92dcafcb"
"Salmon, coho (Lower Columbia River ESU)","Lower Columbia coho","Cascade","Kalama River - late Coho salmon","Coho salmon","Late","Kalama River",2013,50,"NOSAEJ",1,"c4f51997-0b4b-4c27-83a6-3aca37faaab3"
"Salmon, coho (Lower Columbia River ESU)","Lower Columbia coho","Cascade","Kalama River - late Coho salmon","Coho salmon","Late","Kalama River",2014,139,"NOSAEJ",1,"c4f51997-0b4b-4c27-83a6-3aca37faaab3"
"Salmon, coho (Lower Columbia River ESU)","Lower Columbia coho","Cascade","Kalama River - late Coho salmon","Coho salmon","Late","Kalama River",2015,27,"NOSAEJ",1,"c4f51997-0b4b-4c27-83a6-3aca37faaab3"
"Salmon, coho (Lower Columbia River ESU)","Lower Columbia coho","Cascade","Kalama River - late Coho salmon","Coho salmon","Late","Kalama River",2016,64,"NOSAEJ",1,"c4f51997-0b4b-4c27-83a6-3aca37faaab3"
"Salmon, coho (Lower Columbia River ESU)","Lower Columbia coho","Cascade","Kalama River - late Coho salmon","Coho salmon","Late","Kalama River",2017,57,"NOSAEJ",1,"c4f51997-0b4b-4c27-83a6-3aca37faaab3"
"Salmon, coho (Lower Columbia River ESU)","Lower Columbia coho","Cascade","Kalama River - late Coho salmon","Coho salmon","Late","Kalama River",2018,74,"NOSAEJ",1,"c4f51997-0b4b-4c27-83a6-3aca37faaab3"
"Salmon, coho (Lower Columbia River ESU)","Lower Columbia coho","Cascade","Kalama River - late Coho salmon","Coho salmon","Late","Kalama River",2019,124,"NOSAEJ",1,"c4f51997-0b4b-4c27-83a6-3aca37faaab3"
"Salmon, coho (Lower Columbia River ESU)","Lower Columbia coho","Cascade","Kalama River - late Coho salmon","Coho salmon","Late","Kalama River",2020,228,"NOSAEJ",1,"c4f51997-0b4b-4c27-83a6-3aca37faaab3"
"Salmon, coho (Lower Columbia River ESU)","Lower Columbia coho","Cascade","Kalama River - late Coho salmon","Coho salmon","Late","Kalama River",2021,207,"NOSAEJ",1,"c4f51997-0b4b-4c27-83a6-3aca37faaab3"
"Salmon, coho (Lower Columbia River ESU)","Lower Columbia coho","Cascade","Kalama River - late Coho salmon","Coho salmon","Late","Kalama River",2022,209,"NOSAEJ",1,"c4f51997-0b4b-4c27-83a6-3aca37faaab3"
"Salmon, coho (Lower Columbia River ESU)","Lower Columbia coho","Cascade","Kalama River - late Coho salmon","Coho salmon","Late","Kalama River",2023,199,"NOSAEJ",1,"c4f51997-0b4b-4c27-83a6-3aca37faaab3"
"Salmon, coho (Lower Columbia River ESU)","Lower Columbia coho","Cascade","Kalama River - late Coho salmon","Coho salmon","Late","Kalama River",2024,186,"NOSAEJ",1,"c4f51997-0b4b-4c27-83a6-3aca37faaab3"
"Salmon, coho (Lower Columbia River ESU)","Lower Columbia coho","Cascade","Lower Cowlitz River - late Coho salmon","Coho salmon","Late (Type N)","Lower Cowlitz River",2010,7002,"NOSAEJ",1,"42194fa5-80df-4521-be5f-2e4f35880fae"
"Salmon, coho (Lower Columbia River ESU)","Lower Columbia coho","Cascade","Lower Cowlitz River - late Coho salmon","Coho salmon","Late (Type N)","Lower Cowlitz River",2011,5254,"NOSAEJ",1,"42194fa5-80df-4521-be5f-2e4f35880fae"
"Salmon, coho (Lower Columbia River ESU)","Lower Columbia coho","Cascade","Lower Cowlitz River - late Coho salmon","Coho salmon","Late (Type N)","Lower Cowlitz River",2012,4872,"NOSAEJ",1,"66bd8749-3c4e-489b-8457-57ea404451be"
"Salmon, coho (Lower Columbia River ESU)","Lower Columbia coho","Cascade","Lower Cowlitz River - late Coho salmon","Coho salmon","Late (Type N)","Lower Cowlitz River",2013,6192,"NOSAEJ",1,"66bd8749-3c4e-489b-8457-57ea404451be"
"Salmon, coho (Lower Columbia River ESU)","Lower Columbia coho","Cascade","Lower Cowlitz River - late Coho salmon","Coho salmon","Late (Type N)","Lower Cowlitz River",2014,25766,"NOSAEJ",1,"66bd8749-3c4e-489b-8457-57ea404451be"
"Salmon, coho (Lower Columbia River ESU)","Lower Columbia coho","Cascade","Lower Cowlitz River - late Coho salmon","Coho salmon","Late (Type N)","Lower Cowlitz River",2015,2623,"NOSAEJ",1,"66bd8749-3c4e-489b-8457-57ea404451be"
"Salmon, coho (Lower Columbia River ESU)","Lower Columbia coho","Cascade","Lower Cowlitz River - late Coho salmon","Coho salmon","Late (Type N)","Lower Cowlitz River",2016,4634,"NOSAEJ",1,"66bd8749-3c4e-489b-8457-57ea404451be"
"Salmon, coho (Lower Columbia River ESU)","Lower Columbia coho","Cascade","Lower Cowlitz River - late Coho salmon","Coho salmon","Late (Type N)","Lower Cowlitz River",2017,2957,"NOSAEJ",1,"66bd8749-3c4e-489b-8457-57ea404451be"
"Salmon, coho (Lower Columbia River ESU)","Lower Columbia coho","Cascade","Lower Cowlitz River - late Coho salmon","Coho salmon","Late (Type N)","Lower Cowlitz River",2018,2913,"NOSAEJ",1,"66bd8749-3c4e-489b-8457-57ea404451be"
"Salmon, coho (Lower Columbia River ESU)","Lower Columbia coho","Cascade","Lower Cowlitz River - late Coho salmon","Coho salmon","Late (Type N)","Lower Cowlitz River",2019,3331,"NOSAEJ",1,"66bd8749-3c4e-489b-8457-57ea404451be"
"Salmon, coho (Lower Columbia River ESU)","Lower Columbia coho","Cascade","Lower Cowlitz River - late Coho salmon","Coho salmon","Late (Type N)","Lower Cowlitz River",2020,4902,"NOSAEJ",1,"66bd8749-3c4e-489b-8457-57ea404451be"
"Salmon, coho (Lower Columbia River ESU)","Lower Columbia coho","Cascade","Lower Cowlitz River - late Coho salmon","Coho salmon","Late (Type N)","Lower Cowlitz River",2021,5981,"NOSAEJ",1,"66bd8749-3c4e-489b-8457-57ea404451be"
"Salmon, coho (Lower Columbia River ESU)","Lower Columbia coho","Cascade","Lower Cowlitz River - late Coho salmon","Coho salmon","Late (Type N)","Lower Cowlitz River",2022,4705,"NOSAEJ",1,"66bd8749-3c4e-489b-8457-57ea404451be"
"Salmon, coho (Lower Columbia River ESU)","Lower Columbia coho","Cascade","Lower Cowlitz River - late Coho salmon","Coho salmon","Late (Type N)","Lower Cowlitz River",2023,6180,"NOSAEJ",1,"66bd8749-3c4e-489b-8457-57ea404451be"
"Salmon, coho (Lower Columbia River ESU)","Lower Columbia coho","Cascade","Lower Cowlitz River - late Coho salmon","Coho salmon","Late (Type N)","Lower Cowlitz River",2024,11304,"NOSAEJ",1,"66bd8749-3c4e-489b-8457-57ea404451be"
"Salmon, coho (Lower Columbia River ESU)","Lower Columbia coho","Gorge","Lower Gorge Tributaries - late Coho salmon","Coho salmon","Early (Type S)","Lower Gorge Tributaries",2010,605,"NOSAEJ",1,"487440c2-1106-4459-b8d1-58387963dd8e"
"Salmon, coho (Lower Columbia River ESU)","Lower Columbia coho","Gorge","Lower Gorge Tributaries - late Coho salmon","Coho salmon","Early (Type S)","Lower Gorge Tributaries",2011,478,"NOSAEJ",1,"487440c2-1106-4459-b8d1-58387963dd8e"
"Salmon, coho (Lower Columbia River ESU)","Lower Columbia coho","Gorge","Lower Gorge Tributaries - late Coho salmon","Coho salmon","Early (Type S)","Lower Gorge Tributaries",2012,546,"NOSAEJ",1,"487440c2-1106-4459-b8d1-58387963dd8e"
"Salmon, coho (Lower Columbia River ESU)","Lower Columbia coho","Gorge","Lower Gorge Tributaries - late Coho salmon","Coho salmon","Early (Type S)","Lower Gorge Tributaries",2013,712,"NOSAEJ",1,"073c8d75-7715-449e-b255-c7ea7b659600"
"Salmon, coho (Lower Columbia River ESU)","Lower Columbia coho","Gorge","Lower Gorge Tributaries - late Coho salmon","Coho salmon","Early (Type S)","Lower Gorge Tributaries",2014,1992,"NOSAEJ",1,"073c8d75-7715-449e-b255-c7ea7b659600"
"Salmon, coho (Lower Columbia River ESU)","Lower Columbia coho","Gorge","Lower Gorge Tributaries - late Coho salmon","Coho salmon","Early (Type S)","Lower Gorge Tributaries",2015,385,"NOSAEJ",1,"073c8d75-7715-449e-b255-c7ea7b659600"
"Salmon, coho (Lower Columbia River ESU)","Lower Columbia coho","Gorge","Lower Gorge Tributaries - late Coho salmon","Coho salmon","Early (Type S)","Lower Gorge Tributaries",2016,787,"NOSAEJ",1,"073c8d75-7715-449e-b255-c7ea7b659600"
"Salmon, coho (Lower Columbia River ESU)","Lower Columbia coho","Gorge","Lower Gorge Tributaries - late Coho salmon","Coho salmon","Early (Type S)","Lower Gorge Tributaries",2017,566,"NOSAEJ",1,"073c8d75-7715-449e-b255-c7ea7b659600"
"Salmon, coho (Lower Columbia River ESU)","Lower Columbia coho","Gorge","Lower Gorge Tributaries - late Coho salmon","Coho salmon","Early (Type S)","Lower Gorge Tributaries",2018,617,"NOSAEJ",1,"073c8d75-7715-449e-b255-c7ea7b659600"
"Salmon, coho (Lower Columbia River ESU)","Lower Columbia coho","Gorge","Lower Gorge Tributaries - late Coho salmon","Coho salmon","Early (Type S)","Lower Gorge Tributaries",2019,1149,"NOSAEJ",1,"073c8d75-7715-449e-b255-c7ea7b659600"
"Salmon, coho (Lower Columbia River ESU)","Lower Columbia coho","Gorge","Lower Gorge Tributaries - late Coho salmon","Coho salmon","Early (Type S)","Lower Gorge Tributaries",2020,1172,"NOSAEJ",1,"073c8d75-7715-449e-b255-c7ea7b659600"
"Salmon, coho (Lower Columbia River ESU)","Lower Columbia coho","Gorge","Lower Gorge Tributaries - late Coho salmon","Coho salmon","Early (Type S)","Lower Gorge Tributaries",2021,1343,"NOSAEJ",1,"073c8d75-7715-449e-b255-c7ea7b659600"
"Salmon, coho (Lower Columbia River ESU)","Lower Columbia coho","Gorge","Lower Gorge Tributaries - late Coho salmon","Coho salmon","Early (Type S)","Lower Gorge Tributaries",2022,1294,"NOSAEJ",1,"073c8d75-7715-449e-b255-c7ea7b659600"
"Salmon, coho (Lower Columbia River ESU)","Lower Columbia coho","Gorge","Lower Gorge Tributaries - late Coho salmon","Coho salmon","Early (Type S)","Lower Gorge Tributaries",2023,983,"NOSAEJ",1,"073c8d75-7715-449e-b255-c7ea7b659600"
"Salmon, coho (Lower Columbia River ESU)","Lower Columbia coho","Gorge","Lower Gorge Tributaries - late Coho salmon","Coho salmon","Early (Type S)","Lower Gorge Tributaries",2024,1427,"NOSAEJ",1,"073c8d75-7715-449e-b255-c7ea7b659600"
"Salmon, coho (Lower Columbia River ESU)","Lower Columbia coho","Coastal","Mill, Abernathy, and Germany Creeks - late Coho salmon","Coho salmon","Late","Mill/Abernathy/Germany",2010,1094,"NOSAEJ",1,"6d885b61-2b88-4b27-b637-590543af39dd"
"Salmon, coho (Lower Columbia River ESU)","Lower Columbia coho","Coastal","Mill, Abernathy, and Germany Creeks - late Coho salmon","Coho salmon","Late","Mill/Abernathy/Germany",2011,647,"NOSAEJ",1,"6d885b61-2b88-4b27-b637-590543af39dd"
"Salmon, coho (Lower Columbia River ESU)","Lower Columbia coho","Coastal","Mill, Abernathy, and Germany Creeks - late Coho salmon","Coho salmon","Late","Mill/Abernathy/Germany",2012,713,"NOSAEJ",1,"6d885b61-2b88-4b27-b637-590543af39dd"
"Salmon, coho (Lower Columbia River ESU)","Lower Columbia coho","Coastal","Mill, Abernathy, and Germany Creeks - late Coho salmon","Coho salmon","Late","Mill/Abernathy/Germany",2013,935,"NOSAEJ",1,"066276bd-973f-4980-ac15-2eac2188d993"
"Salmon, coho (Lower Columbia River ESU)","Lower Columbia coho","Coastal","Mill, Abernathy, and Germany Creeks - late Coho salmon","Coho salmon","Late","Mill/Abernathy/Germany",2014,3281,"NOSAEJ",1,"066276bd-973f-4980-ac15-2eac2188d993"
"Salmon, coho (Lower Columbia River ESU)","Lower Columbia coho","Coastal","Mill, Abernathy, and Germany Creeks - late Coho salmon","Coho salmon","Late","Mill/Abernathy/Germany",2015,783,"NOSAEJ",1,"066276bd-973f-4980-ac15-2eac2188d993"
"Salmon, coho (Lower Columbia River ESU)","Lower Columbia coho","Coastal","Mill, Abernathy, and Germany Creeks - late Coho salmon","Coho salmon","Late","Mill/Abernathy/Germany",2016,1377,"NOSAEJ",1,"066276bd-973f-4980-ac15-2eac2188d993"
"Salmon, coho (Lower Columbia River ESU)","Lower Columbia coho","Coastal","Mill, Abernathy, and Germany Creeks - late Coho salmon","Coho salmon","Late","Mill/Abernathy/Germany",2017,1039,"NOSAEJ",1,"066276bd-973f-4980-ac15-2eac2188d993"
"Salmon, coho (Lower Columbia River ESU)","Lower Columbia coho","Coastal","Mill, Abernathy, and Germany Creeks - late Coho salmon","Coho salmon","Late","Mill/Abernathy/Germany",2018,1154,"NOSAEJ",1,"066276bd-973f-4980-ac15-2eac2188d993"
"Salmon, coho (Lower Columbia River ESU)","Lower Columbia coho","Coastal","Mill, Abernathy, and Germany Creeks - late Coho salmon","Coho salmon","Late","Mill/Abernathy/Germany",2019,1794,"NOSAEJ",1,"066276bd-973f-4980-ac15-2eac2188d993"
"Salmon, coho (Lower Columbia River ESU)","Lower Columbia coho","Coastal","Mill, Abernathy, and Germany Creeks - late Coho salmon","Coho salmon","Late","Mill/Abernathy/Germany",2020,1843,"NOSAEJ",1,"066276bd-973f-4980-ac15-2eac2188d993"
"Salmon, coho (Lower Columbia River ESU)","Lower Columbia coho","Coastal","Mill, Abernathy, and Germany Creeks - late Coho salmon","Coho salmon","Late","Mill/Abernathy/Germany",2021,1789,"NOSAEJ",1,"066276bd-973f-4980-ac15-2eac2188d993"
"Salmon, coho (Lower Columbia River ESU)","Lower Columbia coho","Coastal","Mill, Abernathy, and Germany Creeks - late Coho salmon","Coho salmon","Late","Mill/Abernathy/Germany",2022,2424,"NOSAEJ",1,"066276bd-973f-4980-ac15-2eac2188d993"
"Salmon, coho (Lower Columbia River ESU)","Lower Columbia coho","Coastal","Mill, Abernathy, and Germany Creeks - late Coho salmon","Coho salmon","Late","Mill/Abernathy/Germany",2023,2820,"NOSAEJ",1,"066276bd-973f-4980-ac15-2eac2188d993"
"Salmon, coho (Lower Columbia River ESU)","Lower Columbia coho","Coastal","Mill, Abernathy, and Germany Creeks - late Coho salmon","Coho salmon","Late","Mill/Abernathy/Germany",2024,4067,"NOSAEJ",1,"066276bd-973f-4980-ac15-2eac2188d993"
"Salmon, coho (Lower Columbia River ESU)","Lower Columbia coho","Cascade","North Fork Lewis River - early and late Coho salmon","Coho salmon","Both early & late","North Fork Lewis River",2010,2221,"NOSAEJ",1,"51c40690-0b7f-4f78-b095-60d585558d9f"
"Salmon, coho (Lower Columbia River ESU)","Lower Columbia coho","Cascade","North Fork Lewis River - early and late Coho salmon","Coho salmon","Both early & late","North Fork Lewis River",2011,1422,"NOSAEJ",1,"c94df98d-447c-44ec-9743-6ced46651ab6"
"Salmon, coho (Lower Columbia River ESU)","Lower Columbia coho","Cascade","North Fork Lewis River - early and late Coho salmon","Coho salmon","Both early & late","North Fork Lewis River",2012,1555,"NOSAEJ",1,"c94df98d-447c-44ec-9743-6ced46651ab6"
"Salmon, coho (Lower Columbia River ESU)","Lower Columbia coho","Cascade","North Fork Lewis River - early and late Coho salmon","Coho salmon","Both early & late","North Fork Lewis River",2013,1396,"NOSAEJ",1,"51c40690-0b7f-4f78-b095-60d585558d9f"
"Salmon, coho (Lower Columbia River ESU)","Lower Columbia coho","Cascade","North Fork Lewis River - early and late Coho salmon","Coho salmon","Both early & late","North Fork Lewis River",2014,10564,"NOSAEJ",1,"51c40690-0b7f-4f78-b095-60d585558d9f"
"Salmon, coho (Lower Columbia River ESU)","Lower Columbia coho","Cascade","North Fork Lewis River - early and late Coho salmon","Coho salmon","Both early & late","North Fork Lewis River",2015,1060,"NOSAEJ",1,"51c40690-0b7f-4f78-b095-60d585558d9f"
"Salmon, coho (Lower Columbia River ESU)","Lower Columbia coho","Cascade","North Fork Lewis River - early and late Coho salmon","Coho salmon","Both early & late","North Fork Lewis River",2016,3651,"NOSAEJ",1,"51c40690-0b7f-4f78-b095-60d585558d9f"
"Salmon, coho (Lower Columbia River ESU)","Lower Columbia coho","Cascade","North Fork Lewis River - early and late Coho salmon","Coho salmon","Both early & late","North Fork Lewis River",2017,4655,"NOSAEJ",1,"51c40690-0b7f-4f78-b095-60d585558d9f"
"Salmon, coho (Lower Columbia River ESU)","Lower Columbia coho","Cascade","North Fork Lewis River - early and late Coho salmon","Coho salmon","Both early & late","North Fork Lewis River",2018,3697,"NOSAEJ",1,"51c40690-0b7f-4f78-b095-60d585558d9f"
"Salmon, coho (Lower Columbia River ESU)","Lower Columbia coho","Cascade","North Fork Lewis River - early and late Coho salmon","Coho salmon","Both early & late","North Fork Lewis River",2019,4467,"NOSAEJ",1,"51c40690-0b7f-4f78-b095-60d585558d9f"
"Salmon, coho (Lower Columbia River ESU)","Lower Columbia coho","Cascade","North Fork Lewis River - early and late Coho salmon","Coho salmon","Both early & late","North Fork Lewis River",2020,7471,"NOSAEJ",1,"51c40690-0b7f-4f78-b095-60d585558d9f"
"Salmon, coho (Lower Columbia River ESU)","Lower Columbia coho","Cascade","North Fork Lewis River - early and late Coho salmon","Coho salmon","Both early & late","North Fork Lewis River",2021,5349,"NOSAEJ",1,"51c40690-0b7f-4f78-b095-60d585558d9f"
"Salmon, coho (Lower Columbia River ESU)","Lower Columbia coho","Cascade","North Fork Lewis River - early and late Coho salmon","Coho salmon","Both early & late","North Fork Lewis River",2022,5802,"NOSAEJ",1,"51c40690-0b7f-4f78-b095-60d585558d9f"
"Salmon, coho (Lower Columbia River ESU)","Lower Columbia coho","Cascade","North Fork Lewis River - early and late Coho salmon","Coho salmon","Both early & late","North Fork Lewis River",2023,4500,"NOSAEJ",1,"51c40690-0b7f-4f78-b095-60d585558d9f"
"Salmon, coho (Lower Columbia River ESU)","Lower Columbia coho","Cascade","North Fork Lewis River - early and late Coho salmon","Coho salmon","Both early & late","North Fork Lewis River",2024,3481,"NOSAEJ",1,"51c40690-0b7f-4f78-b095-60d585558d9f"
"Salmon, coho (Lower Columbia River ESU)","Lower Columbia coho","Cascade","North Fork Toutle River - early and late Coho salmon","Coho salmon","Both early & late","North Fork Toutle River",2010,1758,"NOSAEJ",1,"85829b4c-062b-4e2c-b8f6-19f3e2d3b124"
"Salmon, coho (Lower Columbia River ESU)","Lower Columbia coho","Cascade","North Fork Toutle River - early and late Coho salmon","Coho salmon","Both early & late","North Fork Toutle River",2011,1009,"NOSAEJ",1,"85829b4c-062b-4e2c-b8f6-19f3e2d3b124"
"Salmon, coho (Lower Columbia River ESU)","Lower Columbia coho","Cascade","North Fork Toutle River - early and late Coho salmon","Coho salmon","Both early & late","North Fork Toutle River",2012,1439,"NOSAEJ",1,"85829b4c-062b-4e2c-b8f6-19f3e2d3b124"
"Salmon, coho (Lower Columbia River ESU)","Lower Columbia coho","Cascade","North Fork Toutle River - early and late Coho salmon","Coho salmon","Both early & late","North Fork Toutle River",2013,2422,"NOSAEJ",1,"99cf1e88-a0c6-4b94-8d01-ff394a046dec"
"Salmon, coho (Lower Columbia River ESU)","Lower Columbia coho","Cascade","North Fork Toutle River - early and late Coho salmon","Coho salmon","Both early & late","North Fork Toutle River",2014,5519,"NOSAEJ",1,"99cf1e88-a0c6-4b94-8d01-ff394a046dec"
"Salmon, coho (Lower Columbia River ESU)","Lower Columbia coho","Cascade","North Fork Toutle River - early and late Coho salmon","Coho salmon","Both early & late","North Fork Toutle River",2015,911,"NOSAEJ",1,"99cf1e88-a0c6-4b94-8d01-ff394a046dec"
"Salmon, coho (Lower Columbia River ESU)","Lower Columbia coho","Cascade","North Fork Toutle River - early and late Coho salmon","Coho salmon","Both early & late","North Fork Toutle River",2016,1950,"NOSAEJ",1,"99cf1e88-a0c6-4b94-8d01-ff394a046dec"
"Salmon, coho (Lower Columbia River ESU)","Lower Columbia coho","Cascade","North Fork Toutle River - early and late Coho salmon","Coho salmon","Both early & late","North Fork Toutle River",2017,995,"NOSAEJ",1,"99cf1e88-a0c6-4b94-8d01-ff394a046dec"
"Salmon, coho (Lower Columbia River ESU)","Lower Columbia coho","Cascade","North Fork Toutle River - early and late Coho salmon","Coho salmon","Both early & late","North Fork Toutle River",2018,1026,"NOSAEJ",1,"99cf1e88-a0c6-4b94-8d01-ff394a046dec"
"Salmon, coho (Lower Columbia River ESU)","Lower Columbia coho","Cascade","North Fork Toutle River - early and late Coho salmon","Coho salmon","Both early & late","North Fork Toutle River",2019,2203,"NOSAEJ",1,"99cf1e88-a0c6-4b94-8d01-ff394a046dec"
"Salmon, coho (Lower Columbia River ESU)","Lower Columbia coho","Cascade","North Fork Toutle River - early and late Coho salmon","Coho salmon","Both early & late","North Fork Toutle River",2020,2134,"NOSAEJ",1,"99cf1e88-a0c6-4b94-8d01-ff394a046dec"
"Salmon, coho (Lower Columbia River ESU)","Lower Columbia coho","Cascade","North Fork Toutle River - early and late Coho salmon","Coho salmon","Both early & late","North Fork Toutle River",2021,2308,"NOSAEJ",1,"99cf1e88-a0c6-4b94-8d01-ff394a046dec"
"Salmon, coho (Lower Columbia River ESU)","Lower Columbia coho","Cascade","North Fork Toutle River - early and late Coho salmon","Coho salmon","Both early & late","North Fork Toutle River",2022,2498,"NOSAEJ",1,"99cf1e88-a0c6-4b94-8d01-ff394a046dec"
"Salmon, coho (Lower Columbia River ESU)","Lower Columbia coho","Cascade","North Fork Toutle River - early and late Coho salmon","Coho salmon","Both early & late","North Fork Toutle River",2023,2066,"NOSAEJ",1,"99cf1e88-a0c6-4b94-8d01-ff394a046dec"
"Salmon, coho (Lower Columbia River ESU)","Lower Columbia coho","Cascade","North Fork Toutle River - early and late Coho salmon","Coho salmon","Both early & late","North Fork Toutle River",2024,2522,"NOSAEJ",1,"99cf1e88-a0c6-4b94-8d01-ff394a046dec"
"Salmon, coho (Lower Columbia River ESU)","Lower Columbia coho","Cascade","Salmon Creek - late Coho salmon","Coho salmon","Late","Salmon Creek",2010,1309,"NOSAEJ",1,"12ae0e51-1449-47ab-9e6c-faf76bffe0aa"
"Salmon, coho (Lower Columbia River ESU)","Lower Columbia coho","Cascade","Salmon Creek - late Coho salmon","Coho salmon","Late","Salmon Creek",2011,841,"NOSAEJ",1,"12ae0e51-1449-47ab-9e6c-faf76bffe0aa"
"Salmon, coho (Lower Columbia River ESU)","Lower Columbia coho","Cascade","Salmon Creek - late Coho salmon","Coho salmon","Late","Salmon Creek",2012,920,"NOSAEJ",1,"12ae0e51-1449-47ab-9e6c-faf76bffe0aa"
"Salmon, coho (Lower Columbia River ESU)","Lower Columbia coho","Cascade","Salmon Creek - late Coho salmon","Coho salmon","Late","Salmon Creek",2013,1206,"NOSAEJ",1,"84dbbbb5-ac3d-4036-b329-66584c19750d"
"Salmon, coho (Lower Columbia River ESU)","Lower Columbia coho","Cascade","Salmon Creek - late Coho salmon","Coho salmon","Late","Salmon Creek",2014,3580,"NOSAEJ",1,"84dbbbb5-ac3d-4036-b329-66584c19750d"
"Salmon, coho (Lower Columbia River ESU)","Lower Columbia coho","Cascade","Salmon Creek - late Coho salmon","Coho salmon","Late","Salmon Creek",2015,677,"NOSAEJ",1,"84dbbbb5-ac3d-4036-b329-66584c19750d"
"Salmon, coho (Lower Columbia River ESU)","Lower Columbia coho","Cascade","Salmon Creek - late Coho salmon","Coho salmon","Late","Salmon Creek",2016,1452,"NOSAEJ",1,"84dbbbb5-ac3d-4036-b329-66584c19750d"
"Salmon, coho (Lower Columbia River ESU)","Lower Columbia coho","Cascade","Salmon Creek - late Coho salmon","Coho salmon","Late","Salmon Creek",2017,1245,"NOSAEJ",1,"84dbbbb5-ac3d-4036-b329-66584c19750d"
"Salmon, coho (Lower Columbia River ESU)","Lower Columbia coho","Cascade","Salmon Creek - late Coho salmon","Coho salmon","Late","Salmon Creek",2018,1273,"NOSAEJ",1,"84dbbbb5-ac3d-4036-b329-66584c19750d"
"Salmon, coho (Lower Columbia River ESU)","Lower Columbia coho","Cascade","Salmon Creek - late Coho salmon","Coho salmon","Late","Salmon Creek",2019,1714,"NOSAEJ",1,"84dbbbb5-ac3d-4036-b329-66584c19750d"
"Salmon, coho (Lower Columbia River ESU)","Lower Columbia coho","Cascade","Salmon Creek - late Coho salmon","Coho salmon","Late","Salmon Creek",2020,1746,"NOSAEJ",1,"84dbbbb5-ac3d-4036-b329-66584c19750d"
"Salmon, coho (Lower Columbia River ESU)","Lower Columbia coho","Cascade","Salmon Creek - late Coho salmon","Coho salmon","Late","Salmon Creek",2021,1629,"NOSAEJ",1,"84dbbbb5-ac3d-4036-b329-66584c19750d"
"Salmon, coho (Lower Columbia River ESU)","Lower Columbia coho","Cascade","Salmon Creek - late Coho salmon","Coho salmon","Late","Salmon Creek",2022,1367,"NOSAEJ",1,"84dbbbb5-ac3d-4036-b329-66584c19750d"
"Salmon, coho (Lower Columbia River ESU)","Lower Columbia coho","Cascade","Salmon Creek - late Coho salmon","Coho salmon","Late","Salmon Creek",2023,1107,"NOSAEJ",1,"84dbbbb5-ac3d-4036-b329-66584c19750d"
"Salmon, coho (Lower Columbia River ESU)","Lower Columbia coho","Cascade","Salmon Creek - late Coho salmon","Coho salmon","Late","Salmon Creek",2024,1643,"NOSAEJ",1,"84dbbbb5-ac3d-4036-b329-66584c19750d"
"Salmon, coho (Lower Columbia River ESU)","Lower Columbia coho","Cascade","South Fork Toutle River - early and late Coho salmon","Coho salmon","Both early & late","South Fork Toutle River",2010,1889,"NOSAEJ",1,"45dd9e9d-b86b-4802-ae4d-ad5caa4110c2"
"Salmon, coho (Lower Columbia River ESU)","Lower Columbia coho","Cascade","South Fork Toutle River - early and late Coho salmon","Coho salmon","Both early & late","South Fork Toutle River",2011,1295,"NOSAEJ",1,"45dd9e9d-b86b-4802-ae4d-ad5caa4110c2"
"Salmon, coho (Lower Columbia River ESU)","Lower Columbia coho","Cascade","South Fork Toutle River - early and late Coho salmon","Coho salmon","Both early & late","South Fork Toutle River",2012,2037,"NOSAEJ",1,"45dd9e9d-b86b-4802-ae4d-ad5caa4110c2"
"Salmon, coho (Lower Columbia River ESU)","Lower Columbia coho","Cascade","South Fork Toutle River - early and late Coho salmon","Coho salmon","Both early & late","South Fork Toutle River",2013,2979,"NOSAEJ",1,"1a1a089b-8325-44b9-935c-6687d2de2ea0"
"Salmon, coho (Lower Columbia River ESU)","Lower Columbia coho","Cascade","South Fork Toutle River - early and late Coho salmon","Coho salmon","Both early & late","South Fork Toutle River",2014,10117,"NOSAEJ",1,"1a1a089b-8325-44b9-935c-6687d2de2ea0"
"Salmon, coho (Lower Columbia River ESU)","Lower Columbia coho","Cascade","South Fork Toutle River - early and late Coho salmon","Coho salmon","Both early & late","South Fork Toutle River",2015,1649,"NOSAEJ",1,"1a1a089b-8325-44b9-935c-6687d2de2ea0"
"Salmon, coho (Lower Columbia River ESU)","Lower Columbia coho","Cascade","South Fork Toutle River - early and late Coho salmon","Coho salmon","Both early & late","South Fork Toutle River",2016,2722,"NOSAEJ",1,"1a1a089b-8325-44b9-935c-6687d2de2ea0"
"Salmon, coho (Lower Columbia River ESU)","Lower Columbia coho","Cascade","South Fork Toutle River - early and late Coho salmon","Coho salmon","Both early & late","South Fork Toutle River",2017,1321,"NOSAEJ",1,"1a1a089b-8325-44b9-935c-6687d2de2ea0"
"Salmon, coho (Lower Columbia River ESU)","Lower Columbia coho","Cascade","South Fork Toutle River - early and late Coho salmon","Coho salmon","Both early & late","South Fork Toutle River",2018,1238,"NOSAEJ",1,"1a1a089b-8325-44b9-935c-6687d2de2ea0"
"Salmon, coho (Lower Columbia River ESU)","Lower Columbia coho","Cascade","South Fork Toutle River - early and late Coho salmon","Coho salmon","Both early & late","South Fork Toutle River",2019,2336,"NOSAEJ",1,"1a1a089b-8325-44b9-935c-6687d2de2ea0"
"Salmon, coho (Lower Columbia River ESU)","Lower Columbia coho","Cascade","South Fork Toutle River - early and late Coho salmon","Coho salmon","Both early & late","South Fork Toutle River",2020,2508,"NOSAEJ",1,"1a1a089b-8325-44b9-935c-6687d2de2ea0"
"Salmon, coho (Lower Columbia River ESU)","Lower Columbia coho","Cascade","South Fork Toutle River - early and late Coho salmon","Coho salmon","Both early & late","South Fork Toutle River",2021,2641,"NOSAEJ",1,"1a1a089b-8325-44b9-935c-6687d2de2ea0"
"Salmon, coho (Lower Columbia River ESU)","Lower Columbia coho","Cascade","South Fork Toutle River - early and late Coho salmon","Coho salmon","Both early & late","South Fork Toutle River",2022,1990,"NOSAEJ",1,"1a1a089b-8325-44b9-935c-6687d2de2ea0"
"Salmon, coho (Lower Columbia River ESU)","Lower Columbia coho","Cascade","South Fork Toutle River - early and late Coho salmon","Coho salmon","Both early & late","South Fork Toutle River",2023,1931,"NOSAEJ",1,"1a1a089b-8325-44b9-935c-6687d2de2ea0"
"Salmon, coho (Lower Columbia River ESU)","Lower Columbia coho","Cascade","South Fork Toutle River - early and late Coho salmon","Coho salmon","Both early & late","South Fork Toutle River",2024,2638,"NOSAEJ",1,"1a1a089b-8325-44b9-935c-6687d2de2ea0"
"Salmon, coho (Lower Columbia River ESU)","Lower Columbia coho","Cascade","Tilton River - early and late Coho salmon","Coho salmon","Both early & late","Tilton River",2005,1331,"NOSAEJ",1,"3b73ed07-8d64-4dd1-9908-3cdee015fa55"
"Salmon, coho (Lower Columbia River ESU)","Lower Columbia coho","Cascade","Tilton River - early and late Coho salmon","Coho salmon","Both early & late","Tilton River",2006,738,"NOSAEJ",1,"3b73ed07-8d64-4dd1-9908-3cdee015fa55"
"Salmon, coho (Lower Columbia River ESU)","Lower Columbia coho","Cascade","Tilton River - early and late Coho salmon","Coho salmon","Both early & late","Tilton River",2007,827,"NOSAEJ",1,"3b73ed07-8d64-4dd1-9908-3cdee015fa55"
"Salmon, coho (Lower Columbia River ESU)","Lower Columbia coho","Cascade","Tilton River - early and late Coho salmon","Coho salmon","Both early & late","Tilton River",2008,915,"NOSAEJ",1,"3b73ed07-8d64-4dd1-9908-3cdee015fa55"
"Salmon, coho (Lower Columbia River ESU)","Lower Columbia coho","Cascade","Tilton River - early and late Coho salmon","Coho salmon","Both early & late","Tilton River",2009,1306,"NOSAEJ",1,"3b73ed07-8d64-4dd1-9908-3cdee015fa55"
"Salmon, coho (Lower Columbia River ESU)","Lower Columbia coho","Cascade","Tilton River - early and late Coho salmon","Coho salmon","Both early & late","Tilton River",2010,896,"NOSAEJ",1,"2aa51639-813c-4c67-a67e-164cb399fc57"
"Salmon, coho (Lower Columbia River ESU)","Lower Columbia coho","Cascade","Tilton River - early and late Coho salmon","Coho salmon","Both early & late","Tilton River",2011,1962,"NOSAEJ",1,"2aa51639-813c-4c67-a67e-164cb399fc57"
"Salmon, coho (Lower Columbia River ESU)","Lower Columbia coho","Cascade","Tilton River - early and late Coho salmon","Coho salmon","Both early & late","Tilton River",2012,1269,"NOSAEJ",1,"2aa51639-813c-4c67-a67e-164cb399fc57"
"Salmon, coho (Lower Columbia River ESU)","Lower Columbia coho","Cascade","Tilton River - early and late Coho salmon","Coho salmon","Both early & late","Tilton River",2013,2650,"NOSAEJ",1,"af2ce443-3085-46e6-b0e2-aaf7982cbeea"
"Salmon, coho (Lower Columbia River ESU)","Lower Columbia coho","Cascade","Tilton River - early and late Coho salmon","Coho salmon","Both early & late","Tilton River",2014,8915,"NOSAEJ",1,"af2ce443-3085-46e6-b0e2-aaf7982cbeea"
"Salmon, coho (Lower Columbia River ESU)","Lower Columbia coho","Cascade","Tilton River - early and late Coho salmon","Coho salmon","Both early & late","Tilton River",2015,1360,"NOSAEJ",1,"af2ce443-3085-46e6-b0e2-aaf7982cbeea"
"Salmon, coho (Lower Columbia River ESU)","Lower Columbia coho","Cascade","Tilton River - early and late Coho salmon","Coho salmon","Both early & late","Tilton River",2016,2626,"NOSAEJ",1,"af2ce443-3085-46e6-b0e2-aaf7982cbeea"
"Salmon, coho (Lower Columbia River ESU)","Lower Columbia coho","Cascade","Tilton River - early and late Coho salmon","Coho salmon","Both early & late","Tilton River",2017,5193,"NOSAEJ",1,"af2ce443-3085-46e6-b0e2-aaf7982cbeea"
"Salmon, coho (Lower Columbia River ESU)","Lower Columbia coho","Cascade","Tilton River - early and late Coho salmon","Coho salmon","Both early & late","Tilton River",2018,1321,"NOSAEJ",1,"af2ce443-3085-46e6-b0e2-aaf7982cbeea"
"Salmon, coho (Lower Columbia River ESU)","Lower Columbia coho","Cascade","Tilton River - early and late Coho salmon","Coho salmon","Both early & late","Tilton River",2019,1556,"NOSAEJ",1,"af2ce443-3085-46e6-b0e2-aaf7982cbeea"
"Salmon, coho (Lower Columbia River ESU)","Lower Columbia coho","Cascade","Tilton River - early and late Coho salmon","Coho salmon","Both early & late","Tilton River",2020,2399,"NOSAEJ",1,"af2ce443-3085-46e6-b0e2-aaf7982cbeea"
"Salmon, coho (Lower Columbia River ESU)","Lower Columbia coho","Cascade","Tilton River - early and late Coho salmon","Coho salmon","Both early & late","Tilton River",2021,6393,"NOSAEJ",1,"af2ce443-3085-46e6-b0e2-aaf7982cbeea"
"Salmon, coho (Lower Columbia River ESU)","Lower Columbia coho","Cascade","Tilton River - early and late Coho salmon","Coho salmon","Both early & late","Tilton River",2022,7257,"NOSAEJ",1,"af2ce443-3085-46e6-b0e2-aaf7982cbeea"
"Salmon, coho (Lower Columbia River ESU)","Lower Columbia coho","Cascade","Tilton River - early and late Coho salmon","Coho salmon","Both early & late","Tilton River",2023,1337,"NOSAEJ",1,"af2ce443-3085-46e6-b0e2-aaf7982cbeea"
"Salmon, coho (Lower Columbia River ESU)","Lower Columbia coho","Cascade","Tilton River - early and late Coho salmon","Coho salmon","Both early & late","Tilton River",2024,859,"NOSAEJ",1,"af2ce443-3085-46e6-b0e2-aaf7982cbeea"
"Salmon, coho (Lower Columbia River ESU)","Lower Columbia coho","Cascade","Upper Cowlitz River - early and late Coho salmon","Coho salmon","Both early & late","Upper Cowlitz River",2005,5788,"NOSAEJ",1,"5fd675c5-29c1-4415-941d-1ca05620c229"
"Salmon, coho (Lower Columbia River ESU)","Lower Columbia coho","Cascade","Upper Cowlitz River - early and late Coho salmon","Coho salmon","Both early & late","Upper Cowlitz River",2006,5486,"NOSAEJ",1,"5fd675c5-29c1-4415-941d-1ca05620c229"
"Salmon, coho (Lower Columbia River ESU)","Lower Columbia coho","Cascade","Upper Cowlitz River - early and late Coho salmon","Coho salmon","Both early & late","Upper Cowlitz River",2007,3915,"NOSAEJ",1,"5fd675c5-29c1-4415-941d-1ca05620c229"
"Salmon, coho (Lower Columbia River ESU)","Lower Columbia coho","Cascade","Upper Cowlitz River - early and late Coho salmon","Coho salmon","Both early & late","Upper Cowlitz River",2008,4749,"NOSAEJ",1,"5fd675c5-29c1-4415-941d-1ca05620c229"
"Salmon, coho (Lower Columbia River ESU)","Lower Columbia coho","Cascade","Upper Cowlitz River - early and late Coho salmon","Coho salmon","Both early & late","Upper Cowlitz River",2009,5751,"NOSAEJ",1,"5fd675c5-29c1-4415-941d-1ca05620c229"
"Salmon, coho (Lower Columbia River ESU)","Lower Columbia coho","Cascade","Upper Cowlitz River - early and late Coho salmon","Coho salmon","Both early & late","Upper Cowlitz River",2010,2774,"NOSAEJ",1,"76607c9e-eb81-4fdf-b3e7-c99a187cd207"
"Salmon, coho (Lower Columbia River ESU)","Lower Columbia coho","Cascade","Upper Cowlitz River - early and late Coho salmon","Coho salmon","Both early & late","Upper Cowlitz River",2011,7614,"NOSAEJ",1,"76607c9e-eb81-4fdf-b3e7-c99a187cd207"
"Salmon, coho (Lower Columbia River ESU)","Lower Columbia coho","Cascade","Upper Cowlitz River - early and late Coho salmon","Coho salmon","Both early & late","Upper Cowlitz River",2012,1601,"NOSAEJ",1,"76607c9e-eb81-4fdf-b3e7-c99a187cd207"
"Salmon, coho (Lower Columbia River ESU)","Lower Columbia coho","Cascade","Upper Cowlitz River - early and late Coho salmon","Coho salmon","Both early & late","Upper Cowlitz River",2013,13,"NOSAEJ",1,"293d9849-8ad8-43bb-a5e4-2ca2097b8545"
"Salmon, coho (Lower Columbia River ESU)","Lower Columbia coho","Cascade","Upper Cowlitz River - early and late Coho salmon","Coho salmon","Both early & late","Upper Cowlitz River",2014,6849,"NOSAEJ",1,"293d9849-8ad8-43bb-a5e4-2ca2097b8545"
"Salmon, coho (Lower Columbia River ESU)","Lower Columbia coho","Cascade","Upper Cowlitz River - early and late Coho salmon","Coho salmon","Both early & late","Upper Cowlitz River",2015,373,"NOSAEJ",1,"293d9849-8ad8-43bb-a5e4-2ca2097b8545"
"Salmon, coho (Lower Columbia River ESU)","Lower Columbia coho","Cascade","Upper Cowlitz River - early and late Coho salmon","Coho salmon","Both early & late","Upper Cowlitz River",2016,911,"NOSAEJ",1,"293d9849-8ad8-43bb-a5e4-2ca2097b8545"
"Salmon, coho (Lower Columbia River ESU)","Lower Columbia coho","Cascade","Upper Cowlitz River - early and late Coho salmon","Coho salmon","Both early & late","Upper Cowlitz River",2017,5200,"NOSAEJ",1,"293d9849-8ad8-43bb-a5e4-2ca2097b8545"
"Salmon, coho (Lower Columbia River ESU)","Lower Columbia coho","Cascade","Upper Cowlitz River - early and late Coho salmon","Coho salmon","Both early & late","Upper Cowlitz River",2018,172,"NOSAEJ",1,"293d9849-8ad8-43bb-a5e4-2ca2097b8545"
"Salmon, coho (Lower Columbia River ESU)","Lower Columbia coho","Cascade","Upper Cowlitz River - early and late Coho salmon","Coho salmon","Both early & late","Upper Cowlitz River",2019,3561,"NOSAEJ",1,"293d9849-8ad8-43bb-a5e4-2ca2097b8545"
"Salmon, coho (Lower Columbia River ESU)","Lower Columbia coho","Cascade","Upper Cowlitz River - early and late Coho salmon","Coho salmon","Both early & late","Upper Cowlitz River",2020,8911,"NOSAEJ",1,"293d9849-8ad8-43bb-a5e4-2ca2097b8545"
"Salmon, coho (Lower Columbia River ESU)","Lower Columbia coho","Cascade","Upper Cowlitz River - early and late Coho salmon","Coho salmon","Both early & late","Upper Cowlitz River",2021,9661,"NOSAEJ",1,"293d9849-8ad8-43bb-a5e4-2ca2097b8545"
"Salmon, coho (Lower Columbia River ESU)","Lower Columbia coho","Cascade","Upper Cowlitz River - early and late Coho salmon","Coho salmon","Both early & late","Upper Cowlitz River",2022,11508,"NOSAEJ",1,"293d9849-8ad8-43bb-a5e4-2ca2097b8545"
"Salmon, coho (Lower Columbia River ESU)","Lower Columbia coho","Cascade","Upper Cowlitz River - early and late Coho salmon","Coho salmon","Both early & late","Upper Cowlitz River",2023,6267,"NOSAEJ",1,"293d9849-8ad8-43bb-a5e4-2ca2097b8545"
"Salmon, coho (Lower Columbia River ESU)","Lower Columbia coho","Cascade","Upper Cowlitz River - early and late Coho salmon","Coho salmon","Both early & late","Upper Cowlitz River",2024,12120,"NOSAEJ",1,"293d9849-8ad8-43bb-a5e4-2ca2097b8545"
"Salmon, coho (Lower Columbia River ESU)","Lower Columbia coho","Cascade","Washougal River - late Coho salmon","Coho salmon","Late","Washougal River",2010,690,"NOSAEJ",1,"81f42d33-aebb-4c99-ad31-603d02c86298"
"Salmon, coho (Lower Columbia River ESU)","Lower Columbia coho","Cascade","Washougal River - late Coho salmon","Coho salmon","Late","Washougal River",2011,446,"NOSAEJ",1,"81f42d33-aebb-4c99-ad31-603d02c86298"
"Salmon, coho (Lower Columbia River ESU)","Lower Columbia coho","Cascade","Washougal River - late Coho salmon","Coho salmon","Late","Washougal River",2012,422,"NOSAEJ",1,"81f42d33-aebb-4c99-ad31-603d02c86298"
"Salmon, coho (Lower Columbia River ESU)","Lower Columbia coho","Cascade","Washougal River - late Coho salmon","Coho salmon","Late","Washougal River",2013,477,"NOSAEJ",1,"eefbfb29-cf72-4b06-8cac-86569f190806"
"Salmon, coho (Lower Columbia River ESU)","Lower Columbia coho","Cascade","Washougal River - late Coho salmon","Coho salmon","Late","Washougal River",2014,979,"NOSAEJ",1,"eefbfb29-cf72-4b06-8cac-86569f190806"
"Salmon, coho (Lower Columbia River ESU)","Lower Columbia coho","Cascade","Washougal River - late Coho salmon","Coho salmon","Late","Washougal River",2015,154,"NOSAEJ",1,"eefbfb29-cf72-4b06-8cac-86569f190806"
"Salmon, coho (Lower Columbia River ESU)","Lower Columbia coho","Cascade","Washougal River - late Coho salmon","Coho salmon","Late","Washougal River",2016,325,"NOSAEJ",1,"eefbfb29-cf72-4b06-8cac-86569f190806"
"Salmon, coho (Lower Columbia River ESU)","Lower Columbia coho","Cascade","Washougal River - late Coho salmon","Coho salmon","Late","Washougal River",2017,283,"NOSAEJ",1,"eefbfb29-cf72-4b06-8cac-86569f190806"
"Salmon, coho (Lower Columbia River ESU)","Lower Columbia coho","Cascade","Washougal River - late Coho salmon","Coho salmon","Late","Washougal River",2018,310,"NOSAEJ",1,"eefbfb29-cf72-4b06-8cac-86569f190806"
"Salmon, coho (Lower Columbia River ESU)","Lower Columbia coho","Cascade","Washougal River - late Coho salmon","Coho salmon","Late","Washougal River",2019,580,"NOSAEJ",1,"eefbfb29-cf72-4b06-8cac-86569f190806"
"Salmon, coho (Lower Columbia River ESU)","Lower Columbia coho","Cascade","Washougal River - late Coho salmon","Coho salmon","Late","Washougal River",2020,878,"NOSAEJ",1,"eefbfb29-cf72-4b06-8cac-86569f190806"
"Salmon, coho (Lower Columbia River ESU)","Lower Columbia coho","Cascade","Washougal River - late Coho salmon","Coho salmon","Late","Washougal River",2021,787,"NOSAEJ",1,"eefbfb29-cf72-4b06-8cac-86569f190806"
"Salmon, coho (Lower Columbia River ESU)","Lower Columbia coho","Cascade","Washougal River - late Coho salmon","Coho salmon","Late","Washougal River",2022,835,"NOSAEJ",1,"eefbfb29-cf72-4b06-8cac-86569f190806"
"Salmon, coho (Lower Columbia River ESU)","Lower Columbia coho","Cascade","Washougal River - late Coho salmon","Coho salmon","Late","Washougal River",2023,645,"NOSAEJ",1,"eefbfb29-cf72-4b06-8cac-86569f190806"
"Salmon, coho (Lower Columbia River ESU)","Lower Columbia coho","Cascade","Washougal River - late Coho salmon","Coho salmon","Late","Washougal River",2024,1076,"NOSAEJ",1,"eefbfb29-cf72-4b06-8cac-86569f190806"
"Salmon, sockeye (Ozette Lake ESU)","Ozette Lake sockeye","Ozette Lake","Ozette Lake - sockeye salmon","Sockeye salmon","Unspecified","Lake Ozette",1999,2620,"TSAIJ",2,"e3920932-f645-48f2-b481-c5fa289eb767"
"Salmon, sockeye (Ozette Lake ESU)","Ozette Lake sockeye","Ozette Lake","Ozette Lake - sockeye salmon","Sockeye salmon","Unspecified","Lake Ozette",2000,4851,"TSAIJ",2,"e3920932-f645-48f2-b481-c5fa289eb767"
"Salmon, sockeye (Ozette Lake ESU)","Ozette Lake sockeye","Ozette Lake","Ozette Lake - sockeye salmon","Sockeye salmon","Unspecified","Lake Ozette",2001,4077,"TSAIJ",2,"e3920932-f645-48f2-b481-c5fa289eb767"
"Salmon, sockeye (Ozette Lake ESU)","Ozette Lake sockeye","Ozette Lake","Ozette Lake - sockeye salmon","Sockeye salmon","Unspecified","Lake Ozette",2002,3820,"TSAIJ",2,"e3920932-f645-48f2-b481-c5fa289eb767"
"Salmon, sockeye (Ozette Lake ESU)","Ozette Lake sockeye","Ozette Lake","Ozette Lake - sockeye salmon","Sockeye salmon","Unspecified","Lake Ozette",2003,4876,"TSAIJ",2,"142bc435-c089-4396-8dc4-c57cda2e99e2"
"Salmon, sockeye (Ozette Lake ESU)","Ozette Lake sockeye","Ozette Lake","Ozette Lake - sockeye salmon","Sockeye salmon","Unspecified","Lake Ozette",2004,1779,"TSAIJ",2,"e3920932-f645-48f2-b481-c5fa289eb767"
"Salmon, sockeye (Ozette Lake ESU)","Ozette Lake sockeye","Ozette Lake","Ozette Lake - sockeye salmon","Sockeye salmon","Unspecified","Lake Ozette",2005,1721,"TSAIJ",2,"6dd38564-f3d6-47b6-9af4-1db17dfedef7"
"Salmon, sockeye (Ozette Lake ESU)","Ozette Lake sockeye","Ozette Lake","Ozette Lake - sockeye salmon","Sockeye salmon","Unspecified","Lake Ozette",2006,2075,"TSAIJ",2,"e3920932-f645-48f2-b481-c5fa289eb767"
"Salmon, sockeye (Ozette Lake ESU)","Ozette Lake sockeye","Ozette Lake","Ozette Lake - sockeye salmon","Sockeye salmon","Unspecified","Lake Ozette",2007,748,"TSAIJ",2,"e3920932-f645-48f2-b481-c5fa289eb767"
"Salmon, sockeye (Ozette Lake ESU)","Ozette Lake sockeye","Ozette Lake","Ozette Lake - sockeye salmon","Sockeye salmon","Unspecified","Lake Ozette",2008,2151,"TSAIJ",2,"e3920932-f645-48f2-b481-c5fa289eb767"
"Salmon, sockeye (Ozette Lake ESU)","Ozette Lake sockeye","Ozette Lake","Ozette Lake - sockeye salmon","Sockeye salmon","Unspecified","Lake Ozette",2009,4769,"TSAIJ",2,"e3920932-f645-48f2-b481-c5fa289eb767"
"Salmon, sockeye (Ozette Lake ESU)","Ozette Lake sockeye","Ozette Lake","Ozette Lake - sockeye salmon","Sockeye salmon","Unspecified","Lake Ozette",2010,2986,"TSAIJ",2,"6dd38564-f3d6-47b6-9af4-1db17dfedef7"
"Salmon, sockeye (Ozette Lake ESU)","Ozette Lake sockeye","Ozette Lake","Ozette Lake - sockeye salmon","Sockeye salmon","Unspecified","Lake Ozette",2011,2457,"TSAIJ",2,"e3920932-f645-48f2-b481-c5fa289eb767"
"Salmon, sockeye (Ozette Lake ESU)","Ozette Lake sockeye","Ozette Lake","Ozette Lake - sockeye salmon","Sockeye salmon","Unspecified","Lake Ozette",2013,2650,"TSAIJ",2,"e3920932-f645-48f2-b481-c5fa289eb767"
"Salmon, sockeye (Ozette Lake ESU)","Ozette Lake sockeye","Ozette Lake","Ozette Lake - sockeye salmon","Sockeye salmon","Unspecified","Lake Ozette",2014,5097,"TSAIJ",2,"e3920932-f645-48f2-b481-c5fa289eb767"
"Salmon, sockeye (Ozette Lake ESU)","Ozette Lake sockeye","Ozette Lake","Ozette Lake - sockeye salmon","Sockeye salmon","Unspecified","Lake Ozette",2015,6638,"TSAIJ",2,"e3920932-f645-48f2-b481-c5fa289eb767"
"Salmon, sockeye (Ozette Lake ESU)","Ozette Lake sockeye","Ozette Lake","Ozette Lake - sockeye salmon","Sockeye salmon","Unspecified","Lake Ozette",2016,12829,"TSAIJ",2,"e3920932-f645-48f2-b481-c5fa289eb767"
"Salmon, sockeye (Ozette Lake ESU)","Ozette Lake sockeye","Ozette Lake","Ozette Lake - sockeye salmon","Sockeye salmon","Unspecified","Lake Ozette",2017,5265,"TSAIJ",3,"ac48b166-9b14-4056-8120-052f6b86ee29"
"Salmon, sockeye (Ozette Lake ESU)","Ozette Lake sockeye","Ozette Lake","Ozette Lake - sockeye salmon","Sockeye salmon","Unspecified","Lake Ozette",2018,3264,"TSAIJ",3,"c4d32379-4f48-4d34-8034-5f80bf273664"
"Salmon, sockeye (Ozette Lake ESU)","Ozette Lake sockeye","Ozette Lake","Ozette Lake - sockeye salmon","Sockeye salmon","Unspecified","Lake Ozette",2019,2894,"TSAIJ",3,"c4d32379-4f48-4d34-8034-5f80bf273664"
"Steelhead (Lower Columbia River DPS)","Lower Columbia steelhead","Cascade","Coweeman River - winter Steelhead","Steelhead","Winter","Coweeman River",2007,557,"NOSAEJ",1,"6d2b54c2-1fca-433e-9ce0-74df5e4e2ad9"
"Steelhead (Lower Columbia River DPS)","Lower Columbia steelhead","Cascade","Coweeman River - winter Steelhead","Steelhead","Winter","Coweeman River",2008,706,"NOSAEJ",1,"6d2b54c2-1fca-433e-9ce0-74df5e4e2ad9"
"Steelhead (Lower Columbia River DPS)","Lower Columbia steelhead","Cascade","Coweeman River - winter Steelhead","Steelhead","Winter","Coweeman River",2009,766,"NOSAEJ",1,"6d2b54c2-1fca-433e-9ce0-74df5e4e2ad9"
"Steelhead (Lower Columbia River DPS)","Lower Columbia steelhead","Cascade","Coweeman River - winter Steelhead","Steelhead","Winter","Coweeman River",2010,789,"NOSAEJ",1,"6d2b54c2-1fca-433e-9ce0-74df5e4e2ad9"
"Steelhead (Lower Columbia River DPS)","Lower Columbia steelhead","Cascade","Coweeman River - winter Steelhead","Steelhead","Winter","Coweeman River",2011,774,"NOSAEJ",1,"6d2b54c2-1fca-433e-9ce0-74df5e4e2ad9"
"Steelhead (Lower Columbia River DPS)","Lower Columbia steelhead","Cascade","Coweeman River - winter Steelhead","Steelhead","Winter","Coweeman River",2012,618,"NOSAEJ",1,"6d2b54c2-1fca-433e-9ce0-74df5e4e2ad9"
"Steelhead (Lower Columbia River DPS)","Lower Columbia steelhead","Cascade","Coweeman River - winter Steelhead","Steelhead","Winter","Coweeman River",2013,808,"NOSAEJ",1,"6d2b54c2-1fca-433e-9ce0-74df5e4e2ad9"
"Steelhead (Lower Columbia River DPS)","Lower Columbia steelhead","Cascade","Coweeman River - winter Steelhead","Steelhead","Winter","Coweeman River",2014,563,"NOSAEJ",1,"6d2b54c2-1fca-433e-9ce0-74df5e4e2ad9"
"Steelhead (Lower Columbia River DPS)","Lower Columbia steelhead","Cascade","Coweeman River - winter Steelhead","Steelhead","Winter","Coweeman River",2015,1062,"NOSAEJ",1,"6d2b54c2-1fca-433e-9ce0-74df5e4e2ad9"
"Steelhead (Lower Columbia River DPS)","Lower Columbia steelhead","Cascade","Coweeman River - winter Steelhead","Steelhead","Winter","Coweeman River",2016,892,"NOSAEJ",1,"6d2b54c2-1fca-433e-9ce0-74df5e4e2ad9"
"Steelhead (Lower Columbia River DPS)","Lower Columbia steelhead","Cascade","Coweeman River - winter Steelhead","Steelhead","Winter","Coweeman River",2017,685,"NOSAEJ",1,"6d2b54c2-1fca-433e-9ce0-74df5e4e2ad9"
"Steelhead (Lower Columbia River DPS)","Lower Columbia steelhead","Cascade","Coweeman River - winter Steelhead","Steelhead","Winter","Coweeman River",2018,650,"NOSAEJ",1,"6d2b54c2-1fca-433e-9ce0-74df5e4e2ad9"
"Steelhead (Lower Columbia River DPS)","Lower Columbia steelhead","Cascade","Coweeman River - winter Steelhead","Steelhead","Winter","Coweeman River",2019,424,"NOSAEJ",1,"6d2b54c2-1fca-433e-9ce0-74df5e4e2ad9"
"Steelhead (Lower Columbia River DPS)","Lower Columbia steelhead","Cascade","Coweeman River - winter Steelhead","Steelhead","Winter","Coweeman River",2020,400,"NOSAEJ",1,"6d2b54c2-1fca-433e-9ce0-74df5e4e2ad9"
"Steelhead (Lower Columbia River DPS)","Lower Columbia steelhead","Cascade","Coweeman River - winter Steelhead","Steelhead","Winter","Coweeman River",2021,626,"NOSAEJ",1,"6d2b54c2-1fca-433e-9ce0-74df5e4e2ad9"
"Steelhead (Lower Columbia River DPS)","Lower Columbia steelhead","Cascade","Coweeman River - winter Steelhead","Steelhead","Winter","Coweeman River",2022,524,"NOSAEJ",1,"6d2b54c2-1fca-433e-9ce0-74df5e4e2ad9"
"Steelhead (Lower Columbia River DPS)","Lower Columbia steelhead","Cascade","Coweeman River - winter Steelhead","Steelhead","Winter","Coweeman River",2023,487,"NOSAEJ",1,"6d2b54c2-1fca-433e-9ce0-74df5e4e2ad9"
"Steelhead (Lower Columbia River DPS)","Lower Columbia steelhead","Cascade","Coweeman River - winter Steelhead","Steelhead","Winter","Coweeman River",2024,625,"NOSAEJ",1,"6d2b54c2-1fca-433e-9ce0-74df5e4e2ad9"
"Steelhead (Lower Columbia River DPS)","Lower Columbia steelhead","Cascade","Coweeman River - winter Steelhead","Steelhead","Winter","Coweeman River",2025,823,"NOSAEJ",1,"6d2b54c2-1fca-433e-9ce0-74df5e4e2ad9"
"Steelhead (Lower Columbia River DPS)","Lower Columbia steelhead","Cascade","East Fork Lewis River - summer Steelhead","Steelhead","Summer","East Fork Lewis River",1998,141,"NOSAIJ",1,"ab117681-6fa6-423d-b013-2f62359681f4"
"Steelhead (Lower Columbia River DPS)","Lower Columbia steelhead","Cascade","East Fork Lewis River - summer Steelhead","Steelhead","Summer","East Fork Lewis River",1999,139,"NOSAIJ",1,"ab117681-6fa6-423d-b013-2f62359681f4"
"Steelhead (Lower Columbia River DPS)","Lower Columbia steelhead","Cascade","East Fork Lewis River - summer Steelhead","Steelhead","Summer","East Fork Lewis River",2000,229,"NOSAIJ",1,"ab117681-6fa6-423d-b013-2f62359681f4"
"Steelhead (Lower Columbia River DPS)","Lower Columbia steelhead","Cascade","East Fork Lewis River - summer Steelhead","Steelhead","Summer","East Fork Lewis River",2001,271,"NOSAIJ",1,"ab117681-6fa6-423d-b013-2f62359681f4"
"Steelhead (Lower Columbia River DPS)","Lower Columbia steelhead","Cascade","East Fork Lewis River - summer Steelhead","Steelhead","Summer","East Fork Lewis River",2002,440,"NOSAIJ",1,"ab117681-6fa6-423d-b013-2f62359681f4"
"Steelhead (Lower Columbia River DPS)","Lower Columbia steelhead","Cascade","East Fork Lewis River - summer Steelhead","Steelhead","Summer","East Fork Lewis River",2003,910,"NOSAIJ",1,"ab117681-6fa6-423d-b013-2f62359681f4"
"Steelhead (Lower Columbia River DPS)","Lower Columbia steelhead","Cascade","East Fork Lewis River - summer Steelhead","Steelhead","Summer","East Fork Lewis River",2004,425,"NOSAIJ",1,"ab117681-6fa6-423d-b013-2f62359681f4"
"Steelhead (Lower Columbia River DPS)","Lower Columbia steelhead","Cascade","East Fork Lewis River - summer Steelhead","Steelhead","Summer","East Fork Lewis River",2005,673,"NOSAIJ",1,"ab117681-6fa6-423d-b013-2f62359681f4"
"Steelhead (Lower Columbia River DPS)","Lower Columbia steelhead","Cascade","East Fork Lewis River - summer Steelhead","Steelhead","Summer","East Fork Lewis River",2006,560,"NOSAIJ",1,"ab117681-6fa6-423d-b013-2f62359681f4"
"Steelhead (Lower Columbia River DPS)","Lower Columbia steelhead","Cascade","East Fork Lewis River - summer Steelhead","Steelhead","Summer","East Fork Lewis River",2007,412,"NOSAIJ",1,"ab117681-6fa6-423d-b013-2f62359681f4"
"Steelhead (Lower Columbia River DPS)","Lower Columbia steelhead","Cascade","East Fork Lewis River - summer Steelhead","Steelhead","Summer","East Fork Lewis River",2008,365,"NOSAIJ",1,"ab117681-6fa6-423d-b013-2f62359681f4"
"Steelhead (Lower Columbia River DPS)","Lower Columbia steelhead","Cascade","East Fork Lewis River - summer Steelhead","Steelhead","Summer","East Fork Lewis River",2009,800,"NOSAIJ",1,"ab117681-6fa6-423d-b013-2f62359681f4"
"Steelhead (Lower Columbia River DPS)","Lower Columbia steelhead","Cascade","East Fork Lewis River - summer Steelhead","Steelhead","Summer","East Fork Lewis River",2010,600,"NOSAIJ",1,"ab117681-6fa6-423d-b013-2f62359681f4"
"Steelhead (Lower Columbia River DPS)","Lower Columbia steelhead","Cascade","East Fork Lewis River - summer Steelhead","Steelhead","Summer","East Fork Lewis River",2011,1036,"NOSAIJ",1,"ab117681-6fa6-423d-b013-2f62359681f4"
"Steelhead (Lower Columbia River DPS)","Lower Columbia steelhead","Cascade","East Fork Lewis River - summer Steelhead","Steelhead","Summer","East Fork Lewis River",2012,1084,"NOSAIJ",1,"ab117681-6fa6-423d-b013-2f62359681f4"
"Steelhead (Lower Columbia River DPS)","Lower Columbia steelhead","Cascade","East Fork Lewis River - summer Steelhead","Steelhead","Summer","East Fork Lewis River",2013,1059,"NOSAIJ",1,"ab117681-6fa6-423d-b013-2f62359681f4"
"Steelhead (Lower Columbia River DPS)","Lower Columbia steelhead","Cascade","East Fork Lewis River - summer Steelhead","Steelhead","Summer","East Fork Lewis River",2014,618,"NOSAIJ",1,"ab117681-6fa6-423d-b013-2f62359681f4"
"Steelhead (Lower Columbia River DPS)","Lower Columbia steelhead","Cascade","East Fork Lewis River - summer Steelhead","Steelhead","Summer","East Fork Lewis River",2015,673,"NOSAIJ",1,"ab117681-6fa6-423d-b013-2f62359681f4"
"Steelhead (Lower Columbia River DPS)","Lower Columbia steelhead","Cascade","East Fork Lewis River - summer Steelhead","Steelhead","Summer","East Fork Lewis River",2016,423,"NOSAIJ",1,"ab117681-6fa6-423d-b013-2f62359681f4"
"Steelhead (Lower Columbia River DPS)","Lower Columbia steelhead","Cascade","East Fork Lewis River - summer Steelhead","Steelhead","Summer","East Fork Lewis River",2017,824,"NOSAIJ",1,"ab117681-6fa6-423d-b013-2f62359681f4"
"Steelhead (Lower Columbia River DPS)","Lower Columbia steelhead","Cascade","East Fork Lewis River - summer Steelhead","Steelhead","Summer","East Fork Lewis River",2018,739,"NOSAIJ",1,"ab117681-6fa6-423d-b013-2f62359681f4"
"Steelhead (Lower Columbia River DPS)","Lower Columbia steelhead","Cascade","East Fork Lewis River - summer Steelhead","Steelhead","Summer","East Fork Lewis River",2019,617,"NOSAIJ",1,"ab117681-6fa6-423d-b013-2f62359681f4"
"Steelhead (Lower Columbia River DPS)","Lower Columbia steelhead","Cascade","East Fork Lewis River - summer Steelhead","Steelhead","Summer","East Fork Lewis River",2020,367,"NOSAIJ",1,"ab117681-6fa6-423d-b013-2f62359681f4"
"Steelhead (Lower Columbia River DPS)","Lower Columbia steelhead","Cascade","East Fork Lewis River - summer Steelhead","Steelhead","Summer","East Fork Lewis River",2021,331,"NOSAIJ",1,"ab117681-6fa6-423d-b013-2f62359681f4"
"Steelhead (Lower Columbia River DPS)","Lower Columbia steelhead","Cascade","East Fork Lewis River - summer Steelhead","Steelhead","Summer","East Fork Lewis River",2023,866,"NOSAIJ",1,"ab117681-6fa6-423d-b013-2f62359681f4"
"Steelhead (Lower Columbia River DPS)","Lower Columbia steelhead","Cascade","East Fork Lewis River - summer Steelhead","Steelhead","Summer","East Fork Lewis River",2025,1119,"NOSAIJ",1,"ab117681-6fa6-423d-b013-2f62359681f4"
"Steelhead (Lower Columbia River DPS)","Lower Columbia steelhead","Cascade","East Fork Lewis River - winter Steelhead","Steelhead","Winter","East Fork Lewis River",2007,632,"NOSAEJ",1,"7ba0a322-d38e-4b8d-881e-981003b46e2d"
"Steelhead (Lower Columbia River DPS)","Lower Columbia steelhead","Cascade","East Fork Lewis River - winter Steelhead","Steelhead","Winter","East Fork Lewis River",2008,611,"NOSAEJ",1,"7ba0a322-d38e-4b8d-881e-981003b46e2d"
"Steelhead (Lower Columbia River DPS)","Lower Columbia steelhead","Cascade","East Fork Lewis River - winter Steelhead","Steelhead","Winter","East Fork Lewis River",2009,829,"NOSAEJ",1,"7ba0a322-d38e-4b8d-881e-981003b46e2d"
"Steelhead (Lower Columbia River DPS)","Lower Columbia steelhead","Cascade","East Fork Lewis River - winter Steelhead","Steelhead","Winter","East Fork Lewis River",2010,560,"NOSAEJ",1,"7ba0a322-d38e-4b8d-881e-981003b46e2d"
"Steelhead (Lower Columbia River DPS)","Lower Columbia steelhead","Cascade","East Fork Lewis River - winter Steelhead","Steelhead","Winter","East Fork Lewis River",2011,611,"NOSAEJ",1,"7ba0a322-d38e-4b8d-881e-981003b46e2d"
"Steelhead (Lower Columbia River DPS)","Lower Columbia steelhead","Cascade","East Fork Lewis River - winter Steelhead","Steelhead","Winter","East Fork Lewis River",2012,542,"NOSAEJ",1,"7ba0a322-d38e-4b8d-881e-981003b46e2d"
"Steelhead (Lower Columbia River DPS)","Lower Columbia steelhead","Cascade","East Fork Lewis River - winter Steelhead","Steelhead","Winter","East Fork Lewis River",2013,640,"NOSAEJ",1,"7ba0a322-d38e-4b8d-881e-981003b46e2d"
"Steelhead (Lower Columbia River DPS)","Lower Columbia steelhead","Cascade","East Fork Lewis River - winter Steelhead","Steelhead","Winter","East Fork Lewis River",2014,467,"NOSAEJ",1,"7ba0a322-d38e-4b8d-881e-981003b46e2d"
"Steelhead (Lower Columbia River DPS)","Lower Columbia steelhead","Cascade","East Fork Lewis River - winter Steelhead","Steelhead","Winter","East Fork Lewis River",2015,903,"NOSAEJ",1,"7ba0a322-d38e-4b8d-881e-981003b46e2d"
"Steelhead (Lower Columbia River DPS)","Lower Columbia steelhead","Cascade","East Fork Lewis River - winter Steelhead","Steelhead","Winter","East Fork Lewis River",2016,1020,"NOSAEJ",1,"7ba0a322-d38e-4b8d-881e-981003b46e2d"
"Steelhead (Lower Columbia River DPS)","Lower Columbia steelhead","Cascade","East Fork Lewis River - winter Steelhead","Steelhead","Winter","East Fork Lewis River",2017,858,"NOSAEJ",1,"7ba0a322-d38e-4b8d-881e-981003b46e2d"
"Steelhead (Lower Columbia River DPS)","Lower Columbia steelhead","Cascade","East Fork Lewis River - winter Steelhead","Steelhead","Winter","East Fork Lewis River",2018,821,"NOSAEJ",1,"7ba0a322-d38e-4b8d-881e-981003b46e2d"
"Steelhead (Lower Columbia River DPS)","Lower Columbia steelhead","Cascade","East Fork Lewis River - winter Steelhead","Steelhead","Winter","East Fork Lewis River",2019,513,"NOSAEJ",1,"7ba0a322-d38e-4b8d-881e-981003b46e2d"
"Steelhead (Lower Columbia River DPS)","Lower Columbia steelhead","Cascade","East Fork Lewis River - winter Steelhead","Steelhead","Winter","East Fork Lewis River",2020,716,"NOSAEJ",1,"7ba0a322-d38e-4b8d-881e-981003b46e2d"
"Steelhead (Lower Columbia River DPS)","Lower Columbia steelhead","Cascade","East Fork Lewis River - winter Steelhead","Steelhead","Winter","East Fork Lewis River",2021,601,"NOSAEJ",1,"7ba0a322-d38e-4b8d-881e-981003b46e2d"
"Steelhead (Lower Columbia River DPS)","Lower Columbia steelhead","Cascade","East Fork Lewis River - winter Steelhead","Steelhead","Winter","East Fork Lewis River",2022,413,"NOSAEJ",1,"7ba0a322-d38e-4b8d-881e-981003b46e2d"
"Steelhead (Lower Columbia River DPS)","Lower Columbia steelhead","Cascade","East Fork Lewis River - winter Steelhead","Steelhead","Winter","East Fork Lewis River",2023,472,"NOSAEJ",1,"7ba0a322-d38e-4b8d-881e-981003b46e2d"
"Steelhead (Lower Columbia River DPS)","Lower Columbia steelhead","Cascade","East Fork Lewis River - winter Steelhead","Steelhead","Winter","East Fork Lewis River",2024,370,"NOSAEJ",1,"7ba0a322-d38e-4b8d-881e-981003b46e2d"
"Steelhead (Lower Columbia River DPS)","Lower Columbia steelhead","Cascade","East Fork Lewis River - winter Steelhead","Steelhead","Winter","East Fork Lewis River",2025,453,"NOSAEJ",1,"7ba0a322-d38e-4b8d-881e-981003b46e2d"
"Steelhead (Lower Columbia River DPS)","Lower Columbia steelhead","Cascade","Kalama River - summer Steelhead","Steelhead","Summer","Kalama River",1998,182,"NOSAIJ",1,"ca9cc900-d444-4845-bc6c-575cf78db654"
"Steelhead (Lower Columbia River DPS)","Lower Columbia steelhead","Cascade","Kalama River - summer Steelhead","Steelhead","Summer","Kalama River",1999,187,"NOSAIJ",1,"ca9cc900-d444-4845-bc6c-575cf78db654"
"Steelhead (Lower Columbia River DPS)","Lower Columbia steelhead","Cascade","Kalama River - summer Steelhead","Steelhead","Summer","Kalama River",2000,127,"NOSAIJ",1,"ca9cc900-d444-4845-bc6c-575cf78db654"
"Steelhead (Lower Columbia River DPS)","Lower Columbia steelhead","Cascade","Kalama River - summer Steelhead","Steelhead","Summer","Kalama River",2001,250,"NOSAIJ",1,"ca9cc900-d444-4845-bc6c-575cf78db654"
"Steelhead (Lower Columbia River DPS)","Lower Columbia steelhead","Cascade","Kalama River - summer Steelhead","Steelhead","Summer","Kalama River",2002,413,"NOSAIJ",1,"ca9cc900-d444-4845-bc6c-575cf78db654"
"Steelhead (Lower Columbia River DPS)","Lower Columbia steelhead","Cascade","Kalama River - summer Steelhead","Steelhead","Summer","Kalama River",2003,821,"NOSAIJ",1,"ca9cc900-d444-4845-bc6c-575cf78db654"
"Steelhead (Lower Columbia River DPS)","Lower Columbia steelhead","Cascade","Kalama River - summer Steelhead","Steelhead","Summer","Kalama River",2004,580,"NOSAIJ",1,"ca9cc900-d444-4845-bc6c-575cf78db654"
"Steelhead (Lower Columbia River DPS)","Lower Columbia steelhead","Cascade","Kalama River - summer Steelhead","Steelhead","Summer","Kalama River",2005,476,"NOSAIJ",1,"ca9cc900-d444-4845-bc6c-575cf78db654"
"Steelhead (Lower Columbia River DPS)","Lower Columbia steelhead","Cascade","Kalama River - summer Steelhead","Steelhead","Summer","Kalama River",2006,421,"NOSAIJ",1,"ca9cc900-d444-4845-bc6c-575cf78db654"
"Steelhead (Lower Columbia River DPS)","Lower Columbia steelhead","Cascade","Kalama River - summer Steelhead","Steelhead","Summer","Kalama River",2007,376,"NOSAIJ",1,"ca9cc900-d444-4845-bc6c-575cf78db654"
"Steelhead (Lower Columbia River DPS)","Lower Columbia steelhead","Cascade","Kalama River - summer Steelhead","Steelhead","Summer","Kalama River",2008,241,"NOSAIJ",1,"ca9cc900-d444-4845-bc6c-575cf78db654"
"Steelhead (Lower Columbia River DPS)","Lower Columbia steelhead","Cascade","Kalama River - summer Steelhead","Steelhead","Summer","Kalama River",2009,310,"NOSAIJ",1,"ca9cc900-d444-4845-bc6c-575cf78db654"
"Steelhead (Lower Columbia River DPS)","Lower Columbia steelhead","Cascade","Kalama River - summer Steelhead","Steelhead","Summer","Kalama River",2010,392,"NOSAIJ",1,"ca9cc900-d444-4845-bc6c-575cf78db654"
"Steelhead (Lower Columbia River DPS)","Lower Columbia steelhead","Cascade","Kalama River - summer Steelhead","Steelhead","Summer","Kalama River",2011,583,"NOSAIJ",1,"ca9cc900-d444-4845-bc6c-575cf78db654"
"Steelhead (Lower Columbia River DPS)","Lower Columbia steelhead","Cascade","Kalama River - summer Steelhead","Steelhead","Summer","Kalama River",2012,667,"NOSAIJ",1,"ca9cc900-d444-4845-bc6c-575cf78db654"
"Steelhead (Lower Columbia River DPS)","Lower Columbia steelhead","Cascade","Kalama River - summer Steelhead","Steelhead","Summer","Kalama River",2013,745,"NOSAIJ",1,"ca9cc900-d444-4845-bc6c-575cf78db654"
"Steelhead (Lower Columbia River DPS)","Lower Columbia steelhead","Cascade","Kalama River - summer Steelhead","Steelhead","Summer","Kalama River",2014,401,"NOSAIJ",1,"ca9cc900-d444-4845-bc6c-575cf78db654"
"Steelhead (Lower Columbia River DPS)","Lower Columbia steelhead","Cascade","Kalama River - summer Steelhead","Steelhead","Summer","Kalama River",2015,795,"NOSAIJ",1,"ca9cc900-d444-4845-bc6c-575cf78db654"
"Steelhead (Lower Columbia River DPS)","Lower Columbia steelhead","Cascade","Kalama River - summer Steelhead","Steelhead","Summer","Kalama River",2016,874,"NOSAIJ",1,"ca9cc900-d444-4845-bc6c-575cf78db654"
"Steelhead (Lower Columbia River DPS)","Lower Columbia steelhead","Cascade","Kalama River - summer Steelhead","Steelhead","Summer","Kalama River",2017,648,"NOSAIJ",1,"ca9cc900-d444-4845-bc6c-575cf78db654"
"Steelhead (Lower Columbia River DPS)","Lower Columbia steelhead","Cascade","Kalama River - summer Steelhead","Steelhead","Summer","Kalama River",2018,329,"NOSAIJ",1,"ca9cc900-d444-4845-bc6c-575cf78db654"
"Steelhead (Lower Columbia River DPS)","Lower Columbia steelhead","Cascade","Kalama River - summer Steelhead","Steelhead","Summer","Kalama River",2019,393,"NOSAIJ",1,"ca9cc900-d444-4845-bc6c-575cf78db654"
"Steelhead (Lower Columbia River DPS)","Lower Columbia steelhead","Cascade","Kalama River - summer Steelhead","Steelhead","Summer","Kalama River",2020,322,"NOSAIJ",1,"ca9cc900-d444-4845-bc6c-575cf78db654"
"Steelhead (Lower Columbia River DPS)","Lower Columbia steelhead","Cascade","Kalama River - summer Steelhead","Steelhead","Summer","Kalama River",2021,240,"NOSAIJ",1,"ca9cc900-d444-4845-bc6c-575cf78db654"
"Steelhead (Lower Columbia River DPS)","Lower Columbia steelhead","Cascade","Kalama River - summer Steelhead","Steelhead","Summer","Kalama River",2022,146,"NOSAIJ",1,"ca9cc900-d444-4845-bc6c-575cf78db654"
"Steelhead (Lower Columbia River DPS)","Lower Columbia steelhead","Cascade","Kalama River - summer Steelhead","Steelhead","Summer","Kalama River",2023,447,"NOSAIJ",1,"ca9cc900-d444-4845-bc6c-575cf78db654"
"Steelhead (Lower Columbia River DPS)","Lower Columbia steelhead","Cascade","Kalama River - summer Steelhead","Steelhead","Summer","Kalama River",2024,382,"NOSAIJ",1,"ca9cc900-d444-4845-bc6c-575cf78db654"
"Steelhead (Lower Columbia River DPS)","Lower Columbia steelhead","Cascade","Kalama River - summer Steelhead","Steelhead","Summer","Kalama River",2025,606,"NOSAIJ",1,"ca9cc900-d444-4845-bc6c-575cf78db654"
"Steelhead (Lower Columbia River DPS)","Lower Columbia steelhead","Cascade","Kalama River - winter Steelhead","Steelhead","Winter","Kalama River",2007,1052,"NOSAEJ",1,"262061ae-ebc3-42a4-868b-d8ae4005aa9f"
"Steelhead (Lower Columbia River DPS)","Lower Columbia steelhead","Cascade","Kalama River - winter Steelhead","Steelhead","Winter","Kalama River",2008,770,"NOSAEJ",1,"262061ae-ebc3-42a4-868b-d8ae4005aa9f"
"Steelhead (Lower Columbia River DPS)","Lower Columbia steelhead","Cascade","Kalama River - winter Steelhead","Steelhead","Winter","Kalama River",2009,1041,"NOSAEJ",1,"262061ae-ebc3-42a4-868b-d8ae4005aa9f"
"Steelhead (Lower Columbia River DPS)","Lower Columbia steelhead","Cascade","Kalama River - winter Steelhead","Steelhead","Winter","Kalama River",2010,930,"NOSAEJ",1,"262061ae-ebc3-42a4-868b-d8ae4005aa9f"
"Steelhead (Lower Columbia River DPS)","Lower Columbia steelhead","Cascade","Kalama River - winter Steelhead","Steelhead","Winter","Kalama River",2011,602,"NOSAEJ",1,"262061ae-ebc3-42a4-868b-d8ae4005aa9f"
"Steelhead (Lower Columbia River DPS)","Lower Columbia steelhead","Cascade","Kalama River - winter Steelhead","Steelhead","Winter","Kalama River",2012,1065,"NOSAEJ",1,"262061ae-ebc3-42a4-868b-d8ae4005aa9f"
"Steelhead (Lower Columbia River DPS)","Lower Columbia steelhead","Cascade","Kalama River - winter Steelhead","Steelhead","Winter","Kalama River",2013,873,"NOSAEJ",1,"262061ae-ebc3-42a4-868b-d8ae4005aa9f"
"Steelhead (Lower Columbia River DPS)","Lower Columbia steelhead","Cascade","Kalama River - winter Steelhead","Steelhead","Winter","Kalama River",2014,1054,"NOSAEJ",1,"262061ae-ebc3-42a4-868b-d8ae4005aa9f"
"Steelhead (Lower Columbia River DPS)","Lower Columbia steelhead","Cascade","Kalama River - winter Steelhead","Steelhead","Winter","Kalama River",2015,1258,"NOSAEJ",1,"262061ae-ebc3-42a4-868b-d8ae4005aa9f"
"Steelhead (Lower Columbia River DPS)","Lower Columbia steelhead","Cascade","Kalama River - winter Steelhead","Steelhead","Winter","Kalama River",2016,1232,"NOSAEJ",1,"262061ae-ebc3-42a4-868b-d8ae4005aa9f"
"Steelhead (Lower Columbia River DPS)","Lower Columbia steelhead","Cascade","Kalama River - winter Steelhead","Steelhead","Winter","Kalama River",2017,722,"NOSAEJ",1,"262061ae-ebc3-42a4-868b-d8ae4005aa9f"
"Steelhead (Lower Columbia River DPS)","Lower Columbia steelhead","Cascade","Kalama River - winter Steelhead","Steelhead","Winter","Kalama River",2018,692,"NOSAEJ",1,"262061ae-ebc3-42a4-868b-d8ae4005aa9f"
"Steelhead (Lower Columbia River DPS)","Lower Columbia steelhead","Cascade","Kalama River - winter Steelhead","Steelhead","Winter","Kalama River",2019,211,"NOSAEJ",1,"262061ae-ebc3-42a4-868b-d8ae4005aa9f"
"Steelhead (Lower Columbia River DPS)","Lower Columbia steelhead","Cascade","Kalama River - winter Steelhead","Steelhead","Winter","Kalama River",2020,741,"NOSAEJ",1,"262061ae-ebc3-42a4-868b-d8ae4005aa9f"
"Steelhead (Lower Columbia River DPS)","Lower Columbia steelhead","Cascade","Kalama River - winter Steelhead","Steelhead","Winter","Kalama River",2021,332,"NOSAEJ",1,"262061ae-ebc3-42a4-868b-d8ae4005aa9f"
"Steelhead (Lower Columbia River DPS)","Lower Columbia steelhead","Cascade","Kalama River - winter Steelhead","Steelhead","Winter","Kalama River",2022,788,"NOSAEJ",1,"262061ae-ebc3-42a4-868b-d8ae4005aa9f"
"Steelhead (Lower Columbia River DPS)","Lower Columbia steelhead","Cascade","Kalama River - winter Steelhead","Steelhead","Winter","Kalama River",2023,564,"NOSAEJ",1,"262061ae-ebc3-42a4-868b-d8ae4005aa9f"
"Steelhead (Lower Columbia River DPS)","Lower Columbia steelhead","Cascade","Kalama River - winter Steelhead","Steelhead","Winter","Kalama River",2024,936,"NOSAEJ",1,"262061ae-ebc3-42a4-868b-d8ae4005aa9f"
"Steelhead (Lower Columbia River DPS)","Lower Columbia steelhead","Cascade","Kalama River - winter Steelhead","Steelhead","Winter","Kalama River",2025,454,"NOSAEJ",1,"262061ae-ebc3-42a4-868b-d8ae4005aa9f"
"Steelhead (Lower Columbia River DPS)","Lower Columbia steelhead","Cascade winter","Lower Cowlitz River - winter Steelhead","Steelhead","Winter","Cowlitz River Tributaries",2013,503,"NOSAEJ",1,"f83d176b-60fd-4957-a828-53782ce00712"
"Steelhead (Lower Columbia River DPS)","Lower Columbia steelhead","Cascade winter","Lower Cowlitz River - winter Steelhead","Steelhead","Winter","Cowlitz River Tributaries",2014,556,"NOSAEJ",1,"f83d176b-60fd-4957-a828-53782ce00712"
"Steelhead (Lower Columbia River DPS)","Lower Columbia steelhead","Cascade winter","Lower Cowlitz River - winter Steelhead","Steelhead","Winter","Cowlitz River Tributaries",2015,728,"NOSAEJ",1,"f83d176b-60fd-4957-a828-53782ce00712"
"Steelhead (Lower Columbia River DPS)","Lower Columbia steelhead","Cascade winter","Lower Cowlitz River - winter Steelhead","Steelhead","Winter","Cowlitz River Tributaries",2016,719,"NOSAEJ",1,"f83d176b-60fd-4957-a828-53782ce00712"
"Steelhead (Lower Columbia River DPS)","Lower Columbia steelhead","Cascade winter","Lower Cowlitz River - winter Steelhead","Steelhead","Winter","Cowlitz River Tributaries",2017,292,"NOSAEJ",1,"f83d176b-60fd-4957-a828-53782ce00712"
"Steelhead (Lower Columbia River DPS)","Lower Columbia steelhead","Cascade winter","Lower Cowlitz River - winter Steelhead","Steelhead","Winter","Cowlitz River Tributaries",2018,365,"NOSAEJ",1,"f83d176b-60fd-4957-a828-53782ce00712"
"Steelhead (Lower Columbia River DPS)","Lower Columbia steelhead","Cascade winter","Lower Cowlitz River - winter Steelhead","Steelhead","Winter","Cowlitz River Tributaries",2019,236,"NOSAEJ",1,"f83d176b-60fd-4957-a828-53782ce00712"
"Steelhead (Lower Columbia River DPS)","Lower Columbia steelhead","Cascade winter","Lower Cowlitz River - winter Steelhead","Steelhead","Winter","Cowlitz River Tributaries",2020,271,"NOSAEJ",1,"f83d176b-60fd-4957-a828-53782ce00712"
"Steelhead (Lower Columbia River DPS)","Lower Columbia steelhead","Cascade winter","Lower Cowlitz River - winter Steelhead","Steelhead","Winter","Cowlitz River Tributaries",2021,124,"NOSAEJ",1,"f83d176b-60fd-4957-a828-53782ce00712"
"Steelhead (Lower Columbia River DPS)","Lower Columbia steelhead","Cascade winter","Lower Cowlitz River - winter Steelhead","Steelhead","Winter","Cowlitz River Tributaries",2022,324,"NOSAEJ",1,"f83d176b-60fd-4957-a828-53782ce00712"
"Steelhead (Lower Columbia River DPS)","Lower Columbia steelhead","Cascade winter","Lower Cowlitz River - winter Steelhead","Steelhead","Winter","Cowlitz River Tributaries",2023,390,"NOSAEJ",1,"f83d176b-60fd-4957-a828-53782ce00712"
"Steelhead (Lower Columbia River DPS)","Lower Columbia steelhead","Gorge winter","Lower Gorge Tributaries - winter Steelhead","Steelhead","Winter","Lower Gorge Columbia tributaries",2013,144,"NOSAEJ",1,"1ea9e1a9-1067-48be-a9f1-5c055c298ea7"
"Steelhead (Lower Columbia River DPS)","Lower Columbia steelhead","Gorge winter","Lower Gorge Tributaries - winter Steelhead","Steelhead","Winter","Lower Gorge Columbia tributaries",2014,128,"NOSAEJ",1,"1ea9e1a9-1067-48be-a9f1-5c055c298ea7"
"Steelhead (Lower Columbia River DPS)","Lower Columbia steelhead","Gorge winter","Lower Gorge Tributaries - winter Steelhead","Steelhead","Winter","Lower Gorge Columbia tributaries",2015,197,"NOSAEJ",1,"1ea9e1a9-1067-48be-a9f1-5c055c298ea7"
"Steelhead (Lower Columbia River DPS)","Lower Columbia steelhead","Gorge winter","Lower Gorge Tributaries - winter Steelhead","Steelhead","Winter","Lower Gorge Columbia tributaries",2016,297,"NOSAEJ",1,"1ea9e1a9-1067-48be-a9f1-5c055c298ea7"
"Steelhead (Lower Columbia River DPS)","Lower Columbia steelhead","Gorge winter","Lower Gorge Tributaries - winter Steelhead","Steelhead","Winter","Lower Gorge Columbia tributaries",2017,103,"NOSAEJ",1,"1ea9e1a9-1067-48be-a9f1-5c055c298ea7"
"Steelhead (Lower Columbia River DPS)","Lower Columbia steelhead","Gorge winter","Lower Gorge Tributaries - winter Steelhead","Steelhead","Winter","Lower Gorge Columbia tributaries",2018,122,"NOSAEJ",1,"1ea9e1a9-1067-48be-a9f1-5c055c298ea7"
"Steelhead (Lower Columbia River DPS)","Lower Columbia steelhead","Gorge winter","Lower Gorge Tributaries - winter Steelhead","Steelhead","Winter","Lower Gorge Columbia tributaries",2019,42,"NOSAEJ",1,"1ea9e1a9-1067-48be-a9f1-5c055c298ea7"
"Steelhead (Lower Columbia River DPS)","Lower Columbia steelhead","Gorge winter","Lower Gorge Tributaries - winter Steelhead","Steelhead","Winter","Lower Gorge Columbia tributaries",2020,155,"NOSAEJ",1,"1ea9e1a9-1067-48be-a9f1-5c055c298ea7"
"Steelhead (Lower Columbia River DPS)","Lower Columbia steelhead","Gorge winter","Lower Gorge Tributaries - winter Steelhead","Steelhead","Winter","Lower Gorge Columbia tributaries",2021,98,"NOSAEJ",1,"1ea9e1a9-1067-48be-a9f1-5c055c298ea7"
"Steelhead (Lower Columbia River DPS)","Lower Columbia steelhead","Gorge winter","Lower Gorge Tributaries - winter Steelhead","Steelhead","Winter","Lower Gorge Columbia tributaries",2022,188,"NOSAEJ",1,"1ea9e1a9-1067-48be-a9f1-5c055c298ea7"
"Steelhead (Lower Columbia River DPS)","Lower Columbia steelhead","Gorge winter","Lower Gorge Tributaries - winter Steelhead","Steelhead","Winter","Lower Gorge Columbia tributaries",2023,138,"NOSAEJ",1,"1ea9e1a9-1067-48be-a9f1-5c055c298ea7"
"Steelhead (Lower Columbia River DPS)","Lower Columbia steelhead","Gorge winter","Lower Gorge Tributaries - winter Steelhead","Steelhead","Winter","Lower Gorge Columbia tributaries",2024,125,"NOSAEJ",1,"1ea9e1a9-1067-48be-a9f1-5c055c298ea7"
"Steelhead (Lower Columbia River DPS)","Lower Columbia steelhead","Gorge winter","Lower Gorge Tributaries - winter Steelhead","Steelhead","Winter","Lower Gorge Columbia tributaries",2025,155,"NOSAEJ",1,"1ea9e1a9-1067-48be-a9f1-5c055c298ea7"
"Steelhead (Lower Columbia River DPS)","Lower Columbia steelhead","Cascade","North Fork Toutle River - winter Steelhead","Steelhead","Winter","North Fork Toutle River",2007,696,"NOSAEJ",3,"194a8c52-dda7-4189-96df-8450ed88c68c"
"Steelhead (Lower Columbia River DPS)","Lower Columbia steelhead","Cascade","North Fork Toutle River - winter Steelhead","Steelhead","Winter","North Fork Toutle River",2008,609,"NOSAEJ",3,"194a8c52-dda7-4189-96df-8450ed88c68c"
"Steelhead (Lower Columbia River DPS)","Lower Columbia steelhead","Cascade","North Fork Toutle River - winter Steelhead","Steelhead","Winter","North Fork Toutle River",2009,689,"NOSAEJ",3,"194a8c52-dda7-4189-96df-8450ed88c68c"
"Steelhead (Lower Columbia River DPS)","Lower Columbia steelhead","Cascade","North Fork Toutle River - winter Steelhead","Steelhead","Winter","North Fork Toutle River",2010,705,"NOSAEJ",3,"194a8c52-dda7-4189-96df-8450ed88c68c"
"Steelhead (Lower Columbia River DPS)","Lower Columbia steelhead","Cascade","North Fork Toutle River - winter Steelhead","Steelhead","Winter","North Fork Toutle River",2011,642,"NOSAEJ",3,"194a8c52-dda7-4189-96df-8450ed88c68c"
"Steelhead (Lower Columbia River DPS)","Lower Columbia steelhead","Cascade","North Fork Toutle River - winter Steelhead","Steelhead","Winter","North Fork Toutle River",2012,707,"NOSAEJ",3,"194a8c52-dda7-4189-96df-8450ed88c68c"
"Steelhead (Lower Columbia River DPS)","Lower Columbia steelhead","Cascade","North Fork Toutle River - winter Steelhead","Steelhead","Winter","North Fork Toutle River",2013,781,"NOSAEJ",3,"194a8c52-dda7-4189-96df-8450ed88c68c"
"Steelhead (Lower Columbia River DPS)","Lower Columbia steelhead","Cascade","North Fork Toutle River - winter Steelhead","Steelhead","Winter","North Fork Toutle River",2014,566,"NOSAEJ",3,"194a8c52-dda7-4189-96df-8450ed88c68c"
"Steelhead (Lower Columbia River DPS)","Lower Columbia steelhead","Cascade","North Fork Toutle River - winter Steelhead","Steelhead","Winter","North Fork Toutle River",2015,1645,"NOSAEJ",3,"194a8c52-dda7-4189-96df-8450ed88c68c"
"Steelhead (Lower Columbia River DPS)","Lower Columbia steelhead","Cascade","North Fork Toutle River - winter Steelhead","Steelhead","Winter","North Fork Toutle River",2016,1071,"NOSAEJ",3,"194a8c52-dda7-4189-96df-8450ed88c68c"
"Steelhead (Lower Columbia River DPS)","Lower Columbia steelhead","Cascade","North Fork Toutle River - winter Steelhead","Steelhead","Winter","North Fork Toutle River",2017,414,"NOSAEJ",3,"194a8c52-dda7-4189-96df-8450ed88c68c"
"Steelhead (Lower Columbia River DPS)","Lower Columbia steelhead","Cascade","North Fork Toutle River - winter Steelhead","Steelhead","Winter","North Fork Toutle River",2018,684,"NOSAEJ",3,"194a8c52-dda7-4189-96df-8450ed88c68c"
"Steelhead (Lower Columbia River DPS)","Lower Columbia steelhead","Cascade","North Fork Toutle River - winter Steelhead","Steelhead","Winter","North Fork Toutle River",2019,302,"NOSAEJ",3,"194a8c52-dda7-4189-96df-8450ed88c68c"
"Steelhead (Lower Columbia River DPS)","Lower Columbia steelhead","Cascade","North Fork Toutle River - winter Steelhead","Steelhead","Winter","North Fork Toutle River",2020,588,"NOSAEJ",3,"194a8c52-dda7-4189-96df-8450ed88c68c"
"Steelhead (Lower Columbia River DPS)","Lower Columbia steelhead","Cascade","North Fork Toutle River - winter Steelhead","Steelhead","Winter","North Fork Toutle River",2021,478,"NOSAEJ",3,"194a8c52-dda7-4189-96df-8450ed88c68c"
"Steelhead (Lower Columbia River DPS)","Lower Columbia steelhead","Cascade","North Fork Toutle River - winter Steelhead","Steelhead","Winter","North Fork Toutle River",2022,725,"NOSAEJ",3,"194a8c52-dda7-4189-96df-8450ed88c68c"
"Steelhead (Lower Columbia River DPS)","Lower Columbia steelhead","Cascade","North Fork Toutle River - winter Steelhead","Steelhead","Winter","North Fork Toutle River",2023,513,"NOSAEJ",3,"194a8c52-dda7-4189-96df-8450ed88c68c"
"Steelhead (Lower Columbia River DPS)","Lower Columbia steelhead","Cascade","North Fork Toutle River - winter Steelhead","Steelhead","Winter","North Fork Toutle River",2024,798,"NOSAEJ",3,"194a8c52-dda7-4189-96df-8450ed88c68c"
"Steelhead (Lower Columbia River DPS)","Lower Columbia steelhead","Cascade","North Fork Toutle River - winter Steelhead","Steelhead","Winter","North Fork Toutle River",2025,650,"NOSAEJ",3,"194a8c52-dda7-4189-96df-8450ed88c68c"
"Steelhead (Lower Columbia River DPS)","Lower Columbia steelhead","Cascade","South Fork Toutle River - winter Steelhead","Steelhead","Winter","South Fork Toutle River",2007,778,"NOSAEJ",1,"60fec63c-1d0e-4b4d-8bb8-022ca2597000"
"Steelhead (Lower Columbia River DPS)","Lower Columbia steelhead","Cascade","South Fork Toutle River - winter Steelhead","Steelhead","Winter","South Fork Toutle River",2008,737,"NOSAEJ",1,"60fec63c-1d0e-4b4d-8bb8-022ca2597000"
"Steelhead (Lower Columbia River DPS)","Lower Columbia steelhead","Cascade","South Fork Toutle River - winter Steelhead","Steelhead","Winter","South Fork Toutle River",2009,560,"NOSAEJ",1,"60fec63c-1d0e-4b4d-8bb8-022ca2597000"
"Steelhead (Lower Columbia River DPS)","Lower Columbia steelhead","Cascade","South Fork Toutle River - winter Steelhead","Steelhead","Winter","South Fork Toutle River",2010,460,"NOSAEJ",1,"60fec63c-1d0e-4b4d-8bb8-022ca2597000"
"Steelhead (Lower Columbia River DPS)","Lower Columbia steelhead","Cascade","South Fork Toutle River - winter Steelhead","Steelhead","Winter","South Fork Toutle River",2011,528,"NOSAEJ",1,"60fec63c-1d0e-4b4d-8bb8-022ca2597000"
"Steelhead (Lower Columbia River DPS)","Lower Columbia steelhead","Cascade","South Fork Toutle River - winter Steelhead","Steelhead","Winter","South Fork Toutle River",2012,641,"NOSAEJ",1,"60fec63c-1d0e-4b4d-8bb8-022ca2597000"
"Steelhead (Lower Columbia River DPS)","Lower Columbia steelhead","Cascade","South Fork Toutle River - winter Steelhead","Steelhead","Winter","South Fork Toutle River",2013,1181,"NOSAEJ",1,"60fec63c-1d0e-4b4d-8bb8-022ca2597000"
"Steelhead (Lower Columbia River DPS)","Lower Columbia steelhead","Cascade","South Fork Toutle River - winter Steelhead","Steelhead","Winter","South Fork Toutle River",2014,926,"NOSAEJ",1,"60fec63c-1d0e-4b4d-8bb8-022ca2597000"
"Steelhead (Lower Columbia River DPS)","Lower Columbia steelhead","Cascade","South Fork Toutle River - winter Steelhead","Steelhead","Winter","South Fork Toutle River",2015,1971,"NOSAEJ",1,"60fec63c-1d0e-4b4d-8bb8-022ca2597000"
"Steelhead (Lower Columbia River DPS)","Lower Columbia steelhead","Cascade","South Fork Toutle River - winter Steelhead","Steelhead","Winter","South Fork Toutle River",2016,1627,"NOSAEJ",1,"60fec63c-1d0e-4b4d-8bb8-022ca2597000"
"Steelhead (Lower Columbia River DPS)","Lower Columbia steelhead","Cascade","South Fork Toutle River - winter Steelhead","Steelhead","Winter","South Fork Toutle River",2017,559,"NOSAEJ",1,"60fec63c-1d0e-4b4d-8bb8-022ca2597000"
"Steelhead (Lower Columbia River DPS)","Lower Columbia steelhead","Cascade","South Fork Toutle River - winter Steelhead","Steelhead","Winter","South Fork Toutle River",2018,629,"NOSAEJ",1,"60fec63c-1d0e-4b4d-8bb8-022ca2597000"
"Steelhead (Lower Columbia River DPS)","Lower Columbia steelhead","Cascade","South Fork Toutle River - winter Steelhead","Steelhead","Winter","South Fork Toutle River",2019,422,"NOSAEJ",1,"60fec63c-1d0e-4b4d-8bb8-022ca2597000"
"Steelhead (Lower Columbia River DPS)","Lower Columbia steelhead","Cascade","South Fork Toutle River - winter Steelhead","Steelhead","Winter","South Fork Toutle River",2020,558,"NOSAEJ",1,"60fec63c-1d0e-4b4d-8bb8-022ca2597000"
"Steelhead (Lower Columbia River DPS)","Lower Columbia steelhead","Cascade","South Fork Toutle River - winter Steelhead","Steelhead","Winter","South Fork Toutle River",2021,653,"NOSAEJ",1,"60fec63c-1d0e-4b4d-8bb8-022ca2597000"
"Steelhead (Lower Columbia River DPS)","Lower Columbia steelhead","Cascade","South Fork Toutle River - winter Steelhead","Steelhead","Winter","South Fork Toutle River",2022,704,"NOSAEJ",1,"60fec63c-1d0e-4b4d-8bb8-022ca2597000"
"Steelhead (Lower Columbia River DPS)","Lower Columbia steelhead","Cascade","South Fork Toutle River - winter Steelhead","Steelhead","Winter","South Fork Toutle River",2023,589,"NOSAEJ",1,"60fec63c-1d0e-4b4d-8bb8-022ca2597000"
"Steelhead (Lower Columbia River DPS)","Lower Columbia steelhead","Cascade","South Fork Toutle River - winter Steelhead","Steelhead","Winter","South Fork Toutle River",2024,776,"NOSAEJ",1,"60fec63c-1d0e-4b4d-8bb8-022ca2597000"
"Steelhead (Lower Columbia River DPS)","Lower Columbia steelhead","Cascade","South Fork Toutle River - winter Steelhead","Steelhead","Winter","South Fork Toutle River",2025,681,"NOSAEJ",1,"60fec63c-1d0e-4b4d-8bb8-022ca2597000"
"Steelhead (Lower Columbia River DPS)","Lower Columbia steelhead","Cascade winter","Tilton River - winter Steelhead","Steelhead","Winter","Tilton River",1999,93,"NOSAEJ",1,"6b675c26-93cc-4a78-a818-40c7eff0734a"
"Steelhead (Lower Columbia River DPS)","Lower Columbia steelhead","Cascade winter","Tilton River - winter Steelhead","Steelhead","Winter","Tilton River",2000,141,"NOSAEJ",1,"6b675c26-93cc-4a78-a818-40c7eff0734a"
"Steelhead (Lower Columbia River DPS)","Lower Columbia steelhead","Cascade winter","Tilton River - winter Steelhead","Steelhead","Winter","Tilton River",2001,191,"NOSAEJ",1,"6b675c26-93cc-4a78-a818-40c7eff0734a"
"Steelhead (Lower Columbia River DPS)","Lower Columbia steelhead","Cascade winter","Tilton River - winter Steelhead","Steelhead","Winter","Tilton River",2002,314,"NOSAEJ",1,"6b675c26-93cc-4a78-a818-40c7eff0734a"
"Steelhead (Lower Columbia River DPS)","Lower Columbia steelhead","Cascade winter","Tilton River - winter Steelhead","Steelhead","Winter","Tilton River",2003,318,"NOSAEJ",1,"6b675c26-93cc-4a78-a818-40c7eff0734a"
"Steelhead (Lower Columbia River DPS)","Lower Columbia steelhead","Cascade winter","Tilton River - winter Steelhead","Steelhead","Winter","Tilton River",2004,343,"NOSAEJ",1,"6b675c26-93cc-4a78-a818-40c7eff0734a"
"Steelhead (Lower Columbia River DPS)","Lower Columbia steelhead","Cascade winter","Tilton River - winter Steelhead","Steelhead","Winter","Tilton River",2005,389,"NOSAEJ",1,"6b675c26-93cc-4a78-a818-40c7eff0734a"
"Steelhead (Lower Columbia River DPS)","Lower Columbia steelhead","Cascade winter","Tilton River - winter Steelhead","Steelhead","Winter","Tilton River",2006,97,"NOSAEJ",1,"6b675c26-93cc-4a78-a818-40c7eff0734a"
"Steelhead (Lower Columbia River DPS)","Lower Columbia steelhead","Cascade winter","Tilton River - winter Steelhead","Steelhead","Winter","Tilton River",2007,111,"NOSAEJ",1,"6b675c26-93cc-4a78-a818-40c7eff0734a"
"Steelhead (Lower Columbia River DPS)","Lower Columbia steelhead","Cascade winter","Tilton River - winter Steelhead","Steelhead","Winter","Tilton River",2008,72,"NOSAEJ",1,"6b675c26-93cc-4a78-a818-40c7eff0734a"
"Steelhead (Lower Columbia River DPS)","Lower Columbia steelhead","Cascade winter","Tilton River - winter Steelhead","Steelhead","Winter","Tilton River",2009,140,"NOSAEJ",1,"6b675c26-93cc-4a78-a818-40c7eff0734a"
"Steelhead (Lower Columbia River DPS)","Lower Columbia steelhead","Cascade winter","Tilton River - winter Steelhead","Steelhead","Winter","Tilton River",2010,179,"NOSAEJ",1,"6b675c26-93cc-4a78-a818-40c7eff0734a"
"Steelhead (Lower Columbia River DPS)","Lower Columbia steelhead","Cascade winter","Tilton River - winter Steelhead","Steelhead","Winter","Tilton River",2011,209,"NOSAEJ",1,"6b675c26-93cc-4a78-a818-40c7eff0734a"
"Steelhead (Lower Columbia River DPS)","Lower Columbia steelhead","Cascade winter","Tilton River - winter Steelhead","Steelhead","Winter","Tilton River",2012,284,"NOSAEJ",1,"6b675c26-93cc-4a78-a818-40c7eff0734a"
"Steelhead (Lower Columbia River DPS)","Lower Columbia steelhead","Cascade winter","Tilton River - winter Steelhead","Steelhead","Winter","Tilton River",2013,445,"NOSAEJ",1,"6b675c26-93cc-4a78-a818-40c7eff0734a"
"Steelhead (Lower Columbia River DPS)","Lower Columbia steelhead","Cascade winter","Tilton River - winter Steelhead","Steelhead","Winter","Tilton River",2014,292,"NOSAEJ",1,"6b675c26-93cc-4a78-a818-40c7eff0734a"
"Steelhead (Lower Columbia River DPS)","Lower Columbia steelhead","Cascade winter","Tilton River - winter Steelhead","Steelhead","Winter","Tilton River",2015,363,"NOSAEJ",1,"6b675c26-93cc-4a78-a818-40c7eff0734a"
"Steelhead (Lower Columbia River DPS)","Lower Columbia steelhead","Cascade winter","Tilton River - winter Steelhead","Steelhead","Winter","Tilton River",2016,364,"NOSAEJ",1,"6b675c26-93cc-4a78-a818-40c7eff0734a"
"Steelhead (Lower Columbia River DPS)","Lower Columbia steelhead","Cascade winter","Tilton River - winter Steelhead","Steelhead","Winter","Tilton River",2017,155,"NOSAEJ",1,"6b675c26-93cc-4a78-a818-40c7eff0734a"
"Steelhead (Lower Columbia River DPS)","Lower Columbia steelhead","Cascade winter","Tilton River - winter Steelhead","Steelhead","Winter","Tilton River",2018,166,"NOSAEJ",1,"6b675c26-93cc-4a78-a818-40c7eff0734a"
"Steelhead (Lower Columbia River DPS)","Lower Columbia steelhead","Cascade winter","Tilton River - winter Steelhead","Steelhead","Winter","Tilton River",2019,194,"NOSAEJ",1,"6b675c26-93cc-4a78-a818-40c7eff0734a"
"Steelhead (Lower Columbia River DPS)","Lower Columbia steelhead","Cascade winter","Tilton River - winter Steelhead","Steelhead","Winter","Tilton River",2020,185,"NOSAEJ",1,"6b675c26-93cc-4a78-a818-40c7eff0734a"
"Steelhead (Lower Columbia River DPS)","Lower Columbia steelhead","Cascade winter","Tilton River - winter Steelhead","Steelhead","Winter","Tilton River",2021,54,"NOSAEJ",1,"6b675c26-93cc-4a78-a818-40c7eff0734a"
"Steelhead (Lower Columbia River DPS)","Lower Columbia steelhead","Cascade winter","Tilton River - winter Steelhead","Steelhead","Winter","Tilton River",2022,132,"NOSAEJ",1,"6b675c26-93cc-4a78-a818-40c7eff0734a"
"Steelhead (Lower Columbia River DPS)","Lower Columbia steelhead","Cascade winter","Tilton River - winter Steelhead","Steelhead","Winter","Tilton River",2023,105,"NOSAEJ",1,"6b675c26-93cc-4a78-a818-40c7eff0734a"
"Steelhead (Lower Columbia River DPS)","Lower Columbia steelhead","Cascade winter","Tilton River - winter Steelhead","Steelhead","Winter","Tilton River",2024,341,"NOSAEJ",1,"6b675c26-93cc-4a78-a818-40c7eff0734a"
"Steelhead (Lower Columbia River DPS)","Lower Columbia steelhead","Cascade winter","Tilton River - winter Steelhead","Steelhead","Winter","Tilton River",2025,135,"NOSAEJ",1,"6b675c26-93cc-4a78-a818-40c7eff0734a"
"Steelhead (Lower Columbia River DPS)","Lower Columbia steelhead","Cascade winter","Upper Cowlitz River - winter Steelhead","Steelhead","Winter","Upper Cowlitz River",1998,11,"NOSAEJ",1,"96e6b60e-99ea-4396-a77c-9f1a39cd8fb8"
"Steelhead (Lower Columbia River DPS)","Lower Columbia steelhead","Cascade winter","Upper Cowlitz River - winter Steelhead","Steelhead","Winter","Upper Cowlitz River",1999,52,"NOSAEJ",1,"96e6b60e-99ea-4396-a77c-9f1a39cd8fb8"
"Steelhead (Lower Columbia River DPS)","Lower Columbia steelhead","Cascade winter","Upper Cowlitz River - winter Steelhead","Steelhead","Winter","Upper Cowlitz River",2000,215,"NOSAEJ",1,"96e6b60e-99ea-4396-a77c-9f1a39cd8fb8"
"Steelhead (Lower Columbia River DPS)","Lower Columbia steelhead","Cascade winter","Upper Cowlitz River - winter Steelhead","Steelhead","Winter","Upper Cowlitz River",2001,295,"NOSAEJ",1,"96e6b60e-99ea-4396-a77c-9f1a39cd8fb8"
"Steelhead (Lower Columbia River DPS)","Lower Columbia steelhead","Cascade winter","Upper Cowlitz River - winter Steelhead","Steelhead","Winter","Upper Cowlitz River",2002,766,"NOSAEJ",1,"96e6b60e-99ea-4396-a77c-9f1a39cd8fb8"
"Steelhead (Lower Columbia River DPS)","Lower Columbia steelhead","Cascade winter","Upper Cowlitz River - winter Steelhead","Steelhead","Winter","Upper Cowlitz River",2003,523,"NOSAEJ",1,"96e6b60e-99ea-4396-a77c-9f1a39cd8fb8"
"Steelhead (Lower Columbia River DPS)","Lower Columbia steelhead","Cascade winter","Upper Cowlitz River - winter Steelhead","Steelhead","Winter","Upper Cowlitz River",2004,296,"NOSAEJ",1,"96e6b60e-99ea-4396-a77c-9f1a39cd8fb8"
"Steelhead (Lower Columbia River DPS)","Lower Columbia steelhead","Cascade winter","Upper Cowlitz River - winter Steelhead","Steelhead","Winter","Upper Cowlitz River",2005,280,"NOSAEJ",1,"96e6b60e-99ea-4396-a77c-9f1a39cd8fb8"
"Steelhead (Lower Columbia River DPS)","Lower Columbia steelhead","Cascade winter","Upper Cowlitz River - winter Steelhead","Steelhead","Winter","Upper Cowlitz River",2006,544,"NOSAEJ",1,"96e6b60e-99ea-4396-a77c-9f1a39cd8fb8"
"Steelhead (Lower Columbia River DPS)","Lower Columbia steelhead","Cascade winter","Upper Cowlitz River - winter Steelhead","Steelhead","Winter","Upper Cowlitz River",2007,622,"NOSAEJ",1,"96e6b60e-99ea-4396-a77c-9f1a39cd8fb8"
"Steelhead (Lower Columbia River DPS)","Lower Columbia steelhead","Cascade winter","Upper Cowlitz River - winter Steelhead","Steelhead","Winter","Upper Cowlitz River",2008,517,"NOSAEJ",1,"96e6b60e-99ea-4396-a77c-9f1a39cd8fb8"
"Steelhead (Lower Columbia River DPS)","Lower Columbia steelhead","Cascade winter","Upper Cowlitz River - winter Steelhead","Steelhead","Winter","Upper Cowlitz River",2009,513,"NOSAEJ",1,"96e6b60e-99ea-4396-a77c-9f1a39cd8fb8"
"Steelhead (Lower Columbia River DPS)","Lower Columbia steelhead","Cascade winter","Upper Cowlitz River - winter Steelhead","Steelhead","Winter","Upper Cowlitz River",2010,614,"NOSAEJ",1,"96e6b60e-99ea-4396-a77c-9f1a39cd8fb8"
"Steelhead (Lower Columbia River DPS)","Lower Columbia steelhead","Cascade winter","Upper Cowlitz River - winter Steelhead","Steelhead","Winter","Upper Cowlitz River",2011,627,"NOSAEJ",1,"96e6b60e-99ea-4396-a77c-9f1a39cd8fb8"
"Steelhead (Lower Columbia River DPS)","Lower Columbia steelhead","Cascade winter","Upper Cowlitz River - winter Steelhead","Steelhead","Winter","Upper Cowlitz River",2012,580,"NOSAEJ",1,"96e6b60e-99ea-4396-a77c-9f1a39cd8fb8"
"Steelhead (Lower Columbia River DPS)","Lower Columbia steelhead","Cascade winter","Upper Cowlitz River - winter Steelhead","Steelhead","Winter","Upper Cowlitz River",2013,343,"NOSAEJ",1,"96e6b60e-99ea-4396-a77c-9f1a39cd8fb8"
"Steelhead (Lower Columbia River DPS)","Lower Columbia steelhead","Cascade winter","Upper Cowlitz River - winter Steelhead","Steelhead","Winter","Upper Cowlitz River",2014,24,"NOSAEJ",1,"96e6b60e-99ea-4396-a77c-9f1a39cd8fb8"
"Steelhead (Lower Columbia River DPS)","Lower Columbia steelhead","Cascade winter","Upper Cowlitz River - winter Steelhead","Steelhead","Winter","Upper Cowlitz River",2015,151,"NOSAEJ",1,"96e6b60e-99ea-4396-a77c-9f1a39cd8fb8"
"Steelhead (Lower Columbia River DPS)","Lower Columbia steelhead","Cascade winter","Upper Cowlitz River - winter Steelhead","Steelhead","Winter","Upper Cowlitz River",2016,120,"NOSAEJ",1,"96e6b60e-99ea-4396-a77c-9f1a39cd8fb8"
"Steelhead (Lower Columbia River DPS)","Lower Columbia steelhead","Cascade winter","Upper Cowlitz River - winter Steelhead","Steelhead","Winter","Upper Cowlitz River",2017,216,"NOSAEJ",1,"96e6b60e-99ea-4396-a77c-9f1a39cd8fb8"
"Steelhead (Lower Columbia River DPS)","Lower Columbia steelhead","Cascade winter","Upper Cowlitz River - winter Steelhead","Steelhead","Winter","Upper Cowlitz River",2018,400,"NOSAEJ",1,"96e6b60e-99ea-4396-a77c-9f1a39cd8fb8"
"Steelhead (Lower Columbia River DPS)","Lower Columbia steelhead","Cascade winter","Upper Cowlitz River - winter Steelhead","Steelhead","Winter","Upper Cowlitz River",2019,118,"NOSAEJ",1,"96e6b60e-99ea-4396-a77c-9f1a39cd8fb8"
"Steelhead (Lower Columbia River DPS)","Lower Columbia steelhead","Cascade winter","Upper Cowlitz River - winter Steelhead","Steelhead","Winter","Upper Cowlitz River",2020,513,"NOSAEJ",1,"96e6b60e-99ea-4396-a77c-9f1a39cd8fb8"
"Steelhead (Lower Columbia River DPS)","Lower Columbia steelhead","Cascade winter","Upper Cowlitz River - winter Steelhead","Steelhead","Winter","Upper Cowlitz River",2021,223,"NOSAEJ",1,"96e6b60e-99ea-4396-a77c-9f1a39cd8fb8"
"Steelhead (Lower Columbia River DPS)","Lower Columbia steelhead","Cascade winter","Upper Cowlitz River - winter Steelhead","Steelhead","Winter","Upper Cowlitz River",2022,609,"NOSAEJ",1,"96e6b60e-99ea-4396-a77c-9f1a39cd8fb8"
"Steelhead (Lower Columbia River DPS)","Lower Columbia steelhead","Cascade winter","Upper Cowlitz River - winter Steelhead","Steelhead","Winter","Upper Cowlitz River",2023,285,"NOSAEJ",1,"96e6b60e-99ea-4396-a77c-9f1a39cd8fb8"
"Steelhead (Lower Columbia River DPS)","Lower Columbia steelhead","Cascade winter","Upper Cowlitz River - winter Steelhead","Steelhead","Winter","Upper Cowlitz River",2024,363,"NOSAEJ",1,"96e6b60e-99ea-4396-a77c-9f1a39cd8fb8"
"Steelhead (Lower Columbia River DPS)","Lower Columbia steelhead","Cascade winter","Upper Cowlitz River - winter Steelhead","Steelhead","Winter","Upper Cowlitz River",2025,240,"NOSAEJ",1,"96e6b60e-99ea-4396-a77c-9f1a39cd8fb8"
"Steelhead (Lower Columbia River DPS)","Lower Columbia steelhead","Gorge winter","Upper Gorge Tributaries - winter Steelhead","Steelhead","Winter","Wind River",2000,20,"NOSAEJ",1,"7bbbfed8-1eea-478f-97bd-67f198bba48c"
"Steelhead (Lower Columbia River DPS)","Lower Columbia steelhead","Gorge winter","Upper Gorge Tributaries - winter Steelhead","Steelhead","Winter","Wind River",2001,58,"NOSAEJ",1,"7bbbfed8-1eea-478f-97bd-67f198bba48c"
"Steelhead (Lower Columbia River DPS)","Lower Columbia steelhead","Gorge winter","Upper Gorge Tributaries - winter Steelhead","Steelhead","Winter","Wind River",2002,51,"NOSAEJ",1,"7bbbfed8-1eea-478f-97bd-67f198bba48c"
"Steelhead (Lower Columbia River DPS)","Lower Columbia steelhead","Gorge winter","Upper Gorge Tributaries - winter Steelhead","Steelhead","Winter","Wind River",2003,27,"NOSAEJ",1,"7bbbfed8-1eea-478f-97bd-67f198bba48c"
"Steelhead (Lower Columbia River DPS)","Lower Columbia steelhead","Gorge winter","Upper Gorge Tributaries - winter Steelhead","Steelhead","Winter","Wind River",2004,28,"NOSAEJ",1,"7bbbfed8-1eea-478f-97bd-67f198bba48c"
"Steelhead (Lower Columbia River DPS)","Lower Columbia steelhead","Gorge winter","Upper Gorge Tributaries - winter Steelhead","Steelhead","Winter","Wind River",2005,22,"NOSAEJ",1,"7bbbfed8-1eea-478f-97bd-67f198bba48c"
"Steelhead (Lower Columbia River DPS)","Lower Columbia steelhead","Gorge winter","Upper Gorge Tributaries - winter Steelhead","Steelhead","Winter","Wind River",2006,38,"NOSAEJ",1,"7bbbfed8-1eea-478f-97bd-67f198bba48c"
"Steelhead (Lower Columbia River DPS)","Lower Columbia steelhead","Gorge winter","Upper Gorge Tributaries - winter Steelhead","Steelhead","Winter","Wind River",2007,21,"NOSAEJ",1,"7bbbfed8-1eea-478f-97bd-67f198bba48c"
"Steelhead (Lower Columbia River DPS)","Lower Columbia steelhead","Gorge winter","Upper Gorge Tributaries - winter Steelhead","Steelhead","Winter","Wind River",2008,22,"NOSAEJ",1,"7bbbfed8-1eea-478f-97bd-67f198bba48c"
"Steelhead (Lower Columbia River DPS)","Lower Columbia steelhead","Gorge winter","Upper Gorge Tributaries - winter Steelhead","Steelhead","Winter","Wind River",2009,30,"NOSAEJ",1,"7bbbfed8-1eea-478f-97bd-67f198bba48c"
"Steelhead (Lower Columbia River DPS)","Lower Columbia steelhead","Gorge winter","Upper Gorge Tributaries - winter Steelhead","Steelhead","Winter","Wind River",2010,35,"NOSAEJ",1,"7bbbfed8-1eea-478f-97bd-67f198bba48c"
"Steelhead (Lower Columbia River DPS)","Lower Columbia steelhead","Gorge winter","Upper Gorge Tributaries - winter Steelhead","Steelhead","Winter","Wind River",2011,19,"NOSAEJ",1,"7bbbfed8-1eea-478f-97bd-67f198bba48c"
"Steelhead (Lower Columbia River DPS)","Lower Columbia steelhead","Gorge winter","Upper Gorge Tributaries - winter Steelhead","Steelhead","Winter","Wind River",2012,21,"NOSAEJ",1,"7bbbfed8-1eea-478f-97bd-67f198bba48c"
"Steelhead (Lower Columbia River DPS)","Lower Columbia steelhead","Gorge winter","Upper Gorge Tributaries - winter Steelhead","Steelhead","Winter","Wind River",2013,23,"NOSAEJ",1,"7bbbfed8-1eea-478f-97bd-67f198bba48c"
"Steelhead (Lower Columbia River DPS)","Lower Columbia steelhead","Gorge winter","Upper Gorge Tributaries - winter Steelhead","Steelhead","Winter","Wind River",2014,8,"NOSAEJ",1,"7bbbfed8-1eea-478f-97bd-67f198bba48c"
"Steelhead (Lower Columbia River DPS)","Lower Columbia steelhead","Gorge winter","Upper Gorge Tributaries - winter Steelhead","Steelhead","Winter","Wind River",2015,13,"NOSAEJ",1,"7bbbfed8-1eea-478f-97bd-67f198bba48c"
"Steelhead (Lower Columbia River DPS)","Lower Columbia steelhead","Gorge winter","Upper Gorge Tributaries - winter Steelhead","Steelhead","Winter","Wind River",2016,12,"NOSAEJ",1,"7bbbfed8-1eea-478f-97bd-67f198bba48c"
"Steelhead (Lower Columbia River DPS)","Lower Columbia steelhead","Gorge winter","Upper Gorge Tributaries - winter Steelhead","Steelhead","Winter","Wind River",2017,10,"NOSAEJ",1,"7bbbfed8-1eea-478f-97bd-67f198bba48c"
"Steelhead (Lower Columbia River DPS)","Lower Columbia steelhead","Gorge winter","Upper Gorge Tributaries - winter Steelhead","Steelhead","Winter","Wind River",2018,25,"NOSAEJ",1,"7bbbfed8-1eea-478f-97bd-67f198bba48c"
"Steelhead (Lower Columbia River DPS)","Lower Columbia steelhead","Gorge winter","Upper Gorge Tributaries - winter Steelhead","Steelhead","Winter","Wind River",2019,17,"NOSAEJ",1,"7bbbfed8-1eea-478f-97bd-67f198bba48c"
"Steelhead (Lower Columbia River DPS)","Lower Columbia steelhead","Gorge winter","Upper Gorge Tributaries - winter Steelhead","Steelhead","Winter","Wind River",2020,14,"NOSAEJ",1,"7bbbfed8-1eea-478f-97bd-67f198bba48c"
"Steelhead (Lower Columbia River DPS)","Lower Columbia steelhead","Gorge winter","Upper Gorge Tributaries - winter Steelhead","Steelhead","Winter","Wind River",2021,9,"NOSAEJ",1,"7bbbfed8-1eea-478f-97bd-67f198bba48c"
"Steelhead (Lower Columbia River DPS)","Lower Columbia steelhead","Gorge winter","Upper Gorge Tributaries - winter Steelhead","Steelhead","Winter","Wind River",2022,15,"NOSAEJ",1,"7bbbfed8-1eea-478f-97bd-67f198bba48c"
"Steelhead (Lower Columbia River DPS)","Lower Columbia steelhead","Gorge winter","Upper Gorge Tributaries - winter Steelhead","Steelhead","Winter","Wind River",2023,16,"NOSAEJ",1,"7bbbfed8-1eea-478f-97bd-67f198bba48c"
"Steelhead (Lower Columbia River DPS)","Lower Columbia steelhead","Gorge winter","Upper Gorge Tributaries - winter Steelhead","Steelhead","Winter","Wind River",2024,20,"NOSAEJ",1,"7bbbfed8-1eea-478f-97bd-67f198bba48c"
"Steelhead (Lower Columbia River DPS)","Lower Columbia steelhead","Cascade","Washougal River - summer Steelhead","Steelhead","Summer","Washougal River",1998,120,"NOSAIJ",1,"8f41ac3b-4bde-46d6-9e71-d74a91555c72"
"Steelhead (Lower Columbia River DPS)","Lower Columbia steelhead","Cascade","Washougal River - summer Steelhead","Steelhead","Summer","Washougal River",1999,135,"NOSAIJ",1,"8f41ac3b-4bde-46d6-9e71-d74a91555c72"
"Steelhead (Lower Columbia River DPS)","Lower Columbia steelhead","Cascade","Washougal River - summer Steelhead","Steelhead","Summer","Washougal River",2000,140,"NOSAIJ",1,"8f41ac3b-4bde-46d6-9e71-d74a91555c72"
"Steelhead (Lower Columbia River DPS)","Lower Columbia steelhead","Cascade","Washougal River - summer Steelhead","Steelhead","Summer","Washougal River",2001,184,"NOSAIJ",1,"8f41ac3b-4bde-46d6-9e71-d74a91555c72"
"Steelhead (Lower Columbia River DPS)","Lower Columbia steelhead","Cascade","Washougal River - summer Steelhead","Steelhead","Summer","Washougal River",2002,404,"NOSAIJ",1,"8f41ac3b-4bde-46d6-9e71-d74a91555c72"
"Steelhead (Lower Columbia River DPS)","Lower Columbia steelhead","Cascade","Washougal River - summer Steelhead","Steelhead","Summer","Washougal River",2003,607,"NOSAIJ",1,"8f41ac3b-4bde-46d6-9e71-d74a91555c72"
"Steelhead (Lower Columbia River DPS)","Lower Columbia steelhead","Cascade","Washougal River - summer Steelhead","Steelhead","Summer","Washougal River",2005,608,"NOSAIJ",1,"8f41ac3b-4bde-46d6-9e71-d74a91555c72"
"Steelhead (Lower Columbia River DPS)","Lower Columbia steelhead","Cascade","Washougal River - summer Steelhead","Steelhead","Summer","Washougal River",2006,636,"NOSAIJ",1,"8f41ac3b-4bde-46d6-9e71-d74a91555c72"
"Steelhead (Lower Columbia River DPS)","Lower Columbia steelhead","Cascade","Washougal River - summer Steelhead","Steelhead","Summer","Washougal River",2007,681,"NOSAIJ",1,"8f41ac3b-4bde-46d6-9e71-d74a91555c72"
"Steelhead (Lower Columbia River DPS)","Lower Columbia steelhead","Cascade","Washougal River - summer Steelhead","Steelhead","Summer","Washougal River",2008,803,"NOSAIJ",1,"8f41ac3b-4bde-46d6-9e71-d74a91555c72"
"Steelhead (Lower Columbia River DPS)","Lower Columbia steelhead","Cascade","Washougal River - summer Steelhead","Steelhead","Summer","Washougal River",2009,430,"NOSAIJ",1,"8f41ac3b-4bde-46d6-9e71-d74a91555c72"
"Steelhead (Lower Columbia River DPS)","Lower Columbia steelhead","Cascade","Washougal River - summer Steelhead","Steelhead","Summer","Washougal River",2010,308,"NOSAIJ",1,"8f41ac3b-4bde-46d6-9e71-d74a91555c72"
"Steelhead (Lower Columbia River DPS)","Lower Columbia steelhead","Cascade","Washougal River - summer Steelhead","Steelhead","Summer","Washougal River",2012,842,"NOSAIJ",1,"8f41ac3b-4bde-46d6-9e71-d74a91555c72"
"Steelhead (Lower Columbia River DPS)","Lower Columbia steelhead","Cascade","Washougal River - summer Steelhead","Steelhead","Summer","Washougal River",2013,1464,"NOSAIJ",1,"8f41ac3b-4bde-46d6-9e71-d74a91555c72"
"Steelhead (Lower Columbia River DPS)","Lower Columbia steelhead","Cascade","Washougal River - summer Steelhead","Steelhead","Summer","Washougal River",2014,553,"NOSAIJ",1,"8f41ac3b-4bde-46d6-9e71-d74a91555c72"
"Steelhead (Lower Columbia River DPS)","Lower Columbia steelhead","Cascade","Washougal River - summer Steelhead","Steelhead","Summer","Washougal River",2015,703,"NOSAIJ",1,"8f41ac3b-4bde-46d6-9e71-d74a91555c72"
"Steelhead (Lower Columbia River DPS)","Lower Columbia steelhead","Cascade","Washougal River - summer Steelhead","Steelhead","Summer","Washougal River",2016,726,"NOSAIJ",1,"8f41ac3b-4bde-46d6-9e71-d74a91555c72"
"Steelhead (Lower Columbia River DPS)","Lower Columbia steelhead","Cascade","Washougal River - summer Steelhead","Steelhead","Summer","Washougal River",2017,613,"NOSAIJ",1,"8f41ac3b-4bde-46d6-9e71-d74a91555c72"
"Steelhead (Lower Columbia River DPS)","Lower Columbia steelhead","Cascade","Washougal River - summer Steelhead","Steelhead","Summer","Washougal River",2018,567,"NOSAIJ",1,"8f41ac3b-4bde-46d6-9e71-d74a91555c72"
"Steelhead (Lower Columbia River DPS)","Lower Columbia steelhead","Cascade","Washougal River - summer Steelhead","Steelhead","Summer","Washougal River",2019,876,"NOSAIJ",1,"8f41ac3b-4bde-46d6-9e71-d74a91555c72"
"Steelhead (Lower Columbia River DPS)","Lower Columbia steelhead","Cascade","Washougal River - summer Steelhead","Steelhead","Summer","Washougal River",2020,457,"NOSAIJ",1,"8f41ac3b-4bde-46d6-9e71-d74a91555c72"
"Steelhead (Lower Columbia River DPS)","Lower Columbia steelhead","Cascade","Washougal River - summer Steelhead","Steelhead","Summer","Washougal River",2021,392,"NOSAIJ",1,"8f41ac3b-4bde-46d6-9e71-d74a91555c72"
"Steelhead (Lower Columbia River DPS)","Lower Columbia steelhead","Cascade","Washougal River - summer Steelhead","Steelhead","Summer","Washougal River",2022,145,"NOSAIJ",1,"8f41ac3b-4bde-46d6-9e71-d74a91555c72"
"Steelhead (Lower Columbia River DPS)","Lower Columbia steelhead","Cascade","Washougal River - summer Steelhead","Steelhead","Summer","Washougal River",2023,480,"NOSAIJ",1,"8f41ac3b-4bde-46d6-9e71-d74a91555c72"
"Steelhead (Lower Columbia River DPS)","Lower Columbia steelhead","Cascade","Washougal River - summer Steelhead","Steelhead","Summer","Washougal River",2025,807,"NOSAIJ",1,"8f41ac3b-4bde-46d6-9e71-d74a91555c72"
"Steelhead (Lower Columbia River DPS)","Lower Columbia steelhead","Cascade","Washougal River - winter Steelhead","Steelhead","Winter","Washougal River",2007,1036,"NOSAEJ",1,"b106b214-c16f-4467-8bd8-8e8ebb9bb8b5"
"Steelhead (Lower Columbia River DPS)","Lower Columbia steelhead","Cascade","Washougal River - winter Steelhead","Steelhead","Winter","Washougal River",2008,1371,"NOSAEJ",1,"b106b214-c16f-4467-8bd8-8e8ebb9bb8b5"
"Steelhead (Lower Columbia River DPS)","Lower Columbia steelhead","Cascade","Washougal River - winter Steelhead","Steelhead","Winter","Washougal River",2009,1360,"NOSAEJ",1,"b106b214-c16f-4467-8bd8-8e8ebb9bb8b5"
"Steelhead (Lower Columbia River DPS)","Lower Columbia steelhead","Cascade","Washougal River - winter Steelhead","Steelhead","Winter","Washougal River",2010,703,"NOSAEJ",1,"b106b214-c16f-4467-8bd8-8e8ebb9bb8b5"
"Steelhead (Lower Columbia River DPS)","Lower Columbia steelhead","Cascade","Washougal River - winter Steelhead","Steelhead","Winter","Washougal River",2011,733,"NOSAEJ",1,"b106b214-c16f-4467-8bd8-8e8ebb9bb8b5"
"Steelhead (Lower Columbia River DPS)","Lower Columbia steelhead","Cascade","Washougal River - winter Steelhead","Steelhead","Winter","Washougal River",2012,813,"NOSAEJ",1,"b106b214-c16f-4467-8bd8-8e8ebb9bb8b5"
"Steelhead (Lower Columbia River DPS)","Lower Columbia steelhead","Cascade","Washougal River - winter Steelhead","Steelhead","Winter","Washougal River",2013,1142,"NOSAEJ",1,"b106b214-c16f-4467-8bd8-8e8ebb9bb8b5"
"Steelhead (Lower Columbia River DPS)","Lower Columbia steelhead","Cascade","Washougal River - winter Steelhead","Steelhead","Winter","Washougal River",2014,640,"NOSAEJ",1,"b106b214-c16f-4467-8bd8-8e8ebb9bb8b5"
"Steelhead (Lower Columbia River DPS)","Lower Columbia steelhead","Cascade","Washougal River - winter Steelhead","Steelhead","Winter","Washougal River",2015,1020,"NOSAEJ",1,"b106b214-c16f-4467-8bd8-8e8ebb9bb8b5"
"Steelhead (Lower Columbia River DPS)","Lower Columbia steelhead","Cascade","Washougal River - winter Steelhead","Steelhead","Winter","Washougal River",2016,925,"NOSAEJ",1,"b106b214-c16f-4467-8bd8-8e8ebb9bb8b5"
"Steelhead (Lower Columbia River DPS)","Lower Columbia steelhead","Cascade","Washougal River - winter Steelhead","Steelhead","Winter","Washougal River",2017,377,"NOSAEJ",1,"b106b214-c16f-4467-8bd8-8e8ebb9bb8b5"
"Steelhead (Lower Columbia River DPS)","Lower Columbia steelhead","Cascade","Washougal River - winter Steelhead","Steelhead","Winter","Washougal River",2018,398,"NOSAEJ",1,"b106b214-c16f-4467-8bd8-8e8ebb9bb8b5"
"Steelhead (Lower Columbia River DPS)","Lower Columbia steelhead","Cascade","Washougal River - winter Steelhead","Steelhead","Winter","Washougal River",2019,251,"NOSAEJ",1,"b106b214-c16f-4467-8bd8-8e8ebb9bb8b5"
"Steelhead (Lower Columbia River DPS)","Lower Columbia steelhead","Cascade","Washougal River - winter Steelhead","Steelhead","Winter","Washougal River",2020,386,"NOSAEJ",1,"b106b214-c16f-4467-8bd8-8e8ebb9bb8b5"
"Steelhead (Lower Columbia River DPS)","Lower Columbia steelhead","Cascade","Washougal River - winter Steelhead","Steelhead","Winter","Washougal River",2021,328,"NOSAEJ",1,"b106b214-c16f-4467-8bd8-8e8ebb9bb8b5"
"Steelhead (Lower Columbia River DPS)","Lower Columbia steelhead","Cascade","Washougal River - winter Steelhead","Steelhead","Winter","Washougal River",2022,273,"NOSAEJ",1,"b106b214-c16f-4467-8bd8-8e8ebb9bb8b5"
"Steelhead (Lower Columbia River DPS)","Lower Columbia steelhead","Cascade","Washougal River - winter Steelhead","Steelhead","Winter","Washougal River",2023,377,"NOSAEJ",1,"b106b214-c16f-4467-8bd8-8e8ebb9bb8b5"
"Steelhead (Lower Columbia River DPS)","Lower Columbia steelhead","Cascade","Washougal River - winter Steelhead","Steelhead","Winter","Washougal River",2024,143,"NOSAEJ",1,"b106b214-c16f-4467-8bd8-8e8ebb9bb8b5"
"Steelhead (Lower Columbia River DPS)","Lower Columbia steelhead","Cascade","Washougal River - winter Steelhead","Steelhead","Winter","Washougal River",2025,314,"NOSAEJ",1,"b106b214-c16f-4467-8bd8-8e8ebb9bb8b5"
"Steelhead (Lower Columbia River DPS)","Lower Columbia steelhead","Gorge","Wind River - summer Steelhead","Steelhead","Summer","Wind River",2009,607,"NOSAIJ",1,"ca60dbb5-2c68-4964-88ee-0ebdd6e0b0ac"
"Steelhead (Lower Columbia River DPS)","Lower Columbia steelhead","Gorge","Wind River - summer Steelhead","Steelhead","Summer","Wind River",2010,767,"NOSAIJ",1,"ca60dbb5-2c68-4964-88ee-0ebdd6e0b0ac"
"Steelhead (Lower Columbia River DPS)","Lower Columbia steelhead","Gorge","Wind River - summer Steelhead","Steelhead","Summer","Wind River",2011,1500,"NOSAIJ",1,"ca60dbb5-2c68-4964-88ee-0ebdd6e0b0ac"
"Steelhead (Lower Columbia River DPS)","Lower Columbia steelhead","Gorge","Wind River - summer Steelhead","Steelhead","Summer","Wind River",2012,817,"NOSAIJ",1,"ca60dbb5-2c68-4964-88ee-0ebdd6e0b0ac"
"Steelhead (Lower Columbia River DPS)","Lower Columbia steelhead","Gorge","Wind River - summer Steelhead","Steelhead","Summer","Wind River",2013,762,"NOSAIJ",1,"ca60dbb5-2c68-4964-88ee-0ebdd6e0b0ac"
"Steelhead (Lower Columbia River DPS)","Lower Columbia steelhead","Gorge","Wind River - summer Steelhead","Steelhead","Summer","Wind River",2014,282,"NOSAIJ",1,"ca60dbb5-2c68-4964-88ee-0ebdd6e0b0ac"
"Steelhead (Lower Columbia River DPS)","Lower Columbia steelhead","Gorge","Wind River - summer Steelhead","Steelhead","Summer","Wind River",2015,577,"NOSAIJ",1,"ca60dbb5-2c68-4964-88ee-0ebdd6e0b0ac"
"Steelhead (Lower Columbia River DPS)","Lower Columbia steelhead","Gorge","Wind River - summer Steelhead","Steelhead","Summer","Wind River",2016,1015,"NOSAIJ",1,"ca60dbb5-2c68-4964-88ee-0ebdd6e0b0ac"
"Steelhead (Lower Columbia River DPS)","Lower Columbia steelhead","Gorge","Wind River - summer Steelhead","Steelhead","Summer","Wind River",2017,1061,"NOSAIJ",1,"ca60dbb5-2c68-4964-88ee-0ebdd6e0b0ac"
"Steelhead (Lower Columbia River DPS)","Lower Columbia steelhead","Gorge","Wind River - summer Steelhead","Steelhead","Summer","Wind River",2018,241,"NOSAIJ",1,"ca60dbb5-2c68-4964-88ee-0ebdd6e0b0ac"
"Steelhead (Lower Columbia River DPS)","Lower Columbia steelhead","Gorge","Wind River - summer Steelhead","Steelhead","Summer","Wind River",2019,481,"NOSAIJ",1,"ca60dbb5-2c68-4964-88ee-0ebdd6e0b0ac"
"Steelhead (Lower Columbia River DPS)","Lower Columbia steelhead","Gorge","Wind River - summer Steelhead","Steelhead","Summer","Wind River",2020,392,"NOSAIJ",1,"ca60dbb5-2c68-4964-88ee-0ebdd6e0b0ac"
"Steelhead (Lower Columbia River DPS)","Lower Columbia steelhead","Gorge","Wind River - summer Steelhead","Steelhead","Summer","Wind River",2021,501,"NOSAIJ",1,"ca60dbb5-2c68-4964-88ee-0ebdd6e0b0ac"
"Steelhead (Lower Columbia River DPS)","Lower Columbia steelhead","Gorge","Wind River - summer Steelhead","Steelhead","Summer","Wind River",2022,208,"NOSAIJ",1,"ca60dbb5-2c68-4964-88ee-0ebdd6e0b0ac"
"Steelhead (Lower Columbia River DPS)","Lower Columbia steelhead","Gorge","Wind River - summer Steelhead","Steelhead","Summer","Wind River",2023,935,"NOSAIJ",1,"ca60dbb5-2c68-4964-88ee-0ebdd6e0b0ac"
"Steelhead (Lower Columbia River DPS)","Lower Columbia steelhead","Gorge","Wind River - summer Steelhead","Steelhead","Summer","Wind River",2024,546,"NOSAIJ",1,"ca60dbb5-2c68-4964-88ee-0ebdd6e0b0ac"
"Steelhead (Middle Columbia River DPS)","Mid-Columbia steelhead","Cascades Eastern Slope Tributaries","Klickitat River - summer and winter Steelhead","Steelhead","Summer Winter","Klickitat River",2006,1577,"NOSAIJ",1,"82aba8a4-c181-4560-800e-9c691737cf42"
"Steelhead (Middle Columbia River DPS)","Mid-Columbia steelhead","Cascades Eastern Slope Tributaries","Klickitat River - summer and winter Steelhead","Steelhead","Summer Winter","Klickitat River",2007,1669,"NOSAIJ",1,"82aba8a4-c181-4560-800e-9c691737cf42"
"Steelhead (Middle Columbia River DPS)","Mid-Columbia steelhead","Cascades Eastern Slope Tributaries","Klickitat River - summer and winter Steelhead","Steelhead","Summer Winter","Klickitat River",2010,1290,"NOSAIJ",1,"82aba8a4-c181-4560-800e-9c691737cf42"
"Steelhead (Middle Columbia River DPS)","Mid-Columbia steelhead","Cascades Eastern Slope Tributaries","Klickitat River - summer and winter Steelhead","Steelhead","Summer Winter","Klickitat River",2011,1111,"NOSAIJ",1,"82aba8a4-c181-4560-800e-9c691737cf42"
"Steelhead (Middle Columbia River DPS)","Mid-Columbia steelhead","Cascades Eastern Slope Tributaries","Klickitat River - summer and winter Steelhead","Steelhead","Summer Winter","Klickitat River",2012,2483,"NOSAIJ",1,"82aba8a4-c181-4560-800e-9c691737cf42"
"Steelhead (Middle Columbia River DPS)","Mid-Columbia steelhead","Cascades Eastern Slope Tributaries","Klickitat River - summer and winter Steelhead","Steelhead","Summer Winter","Klickitat River",2013,1063,"NOSAIJ",1,"82aba8a4-c181-4560-800e-9c691737cf42"
"Steelhead (Middle Columbia River DPS)","Mid-Columbia steelhead","Cascades Eastern Slope Tributaries","Klickitat River - summer and winter Steelhead","Steelhead","Summer Winter","Klickitat River",2014,1222,"NOSAIJ",1,"82aba8a4-c181-4560-800e-9c691737cf42"
"Steelhead (Middle Columbia River DPS)","Mid-Columbia steelhead","Cascades Eastern Slope Tributaries","Klickitat River - summer and winter Steelhead","Steelhead","Summer Winter","Klickitat River",2015,2956,"NOSAIJ",1,"82aba8a4-c181-4560-800e-9c691737cf42"
"Steelhead (Middle Columbia River DPS)","Mid-Columbia steelhead","Cascades Eastern Slope Tributaries","Klickitat River - summer and winter Steelhead","Steelhead","Summer Winter","Klickitat River",2016,3270,"NOSAIJ",1,"82aba8a4-c181-4560-800e-9c691737cf42"
"Steelhead (Middle Columbia River DPS)","Mid-Columbia steelhead","Cascades Eastern Slope Tributaries","Klickitat River - summer and winter Steelhead","Steelhead","Summer Winter","Klickitat River",2017,544,"NOSAIJ",1,"82aba8a4-c181-4560-800e-9c691737cf42"
"Steelhead (Middle Columbia River DPS)","Mid-Columbia steelhead","Cascades Eastern Slope Tributaries","Klickitat River - summer and winter Steelhead","Steelhead","Summer Winter","Klickitat River",2018,1785,"NOSAIJ",1,"82aba8a4-c181-4560-800e-9c691737cf42"
"Steelhead (Middle Columbia River DPS)","Mid-Columbia steelhead","Cascades Eastern Slope Tributaries","Klickitat River - summer and winter Steelhead","Steelhead","Summer Winter","Klickitat River",2019,1025,"NOSAIJ",1,"82aba8a4-c181-4560-800e-9c691737cf42"
"Steelhead (Middle Columbia River DPS)","Mid-Columbia steelhead","Cascades Eastern Slope Tributaries","Klickitat River - summer and winter Steelhead","Steelhead","Summer Winter","Klickitat River",2020,1009,"NOSAIJ",1,"82aba8a4-c181-4560-800e-9c691737cf42"
"Steelhead (Middle Columbia River DPS)","Mid-Columbia steelhead","Cascades Eastern Slope Tributaries","Klickitat River - summer and winter Steelhead","Steelhead","Summer Winter","Klickitat River",2021,2991,"NOSAIJ",1,"82aba8a4-c181-4560-800e-9c691737cf42"
"Steelhead (Middle Columbia River DPS)","Mid-Columbia steelhead","Cascades Eastern Slope Tributaries","Klickitat River - summer and winter Steelhead","Steelhead","Summer Winter","Klickitat River",2022,763,"NOSAIJ",1,"82aba8a4-c181-4560-800e-9c691737cf42"
"Steelhead (Middle Columbia River DPS)","Mid-Columbia steelhead","Cascades Eastern Slope Tributaries","Klickitat River - summer and winter Steelhead","Steelhead","Summer Winter","Klickitat River",2023,835,"NOSAIJ",1,"82aba8a4-c181-4560-800e-9c691737cf42"
"Steelhead (Middle Columbia River DPS)","Mid-Columbia steelhead","Cascades Eastern Slope Tributaries","Klickitat River - summer and winter Steelhead","Steelhead","Summer Winter","Klickitat River",2024,457,"NOSAIJ",1,"82aba8a4-c181-4560-800e-9c691737cf42"
"Steelhead (Middle Columbia River DPS)","Mid-Columbia steelhead","Cascades Eastern Slope Tributaries","Klickitat River - summer and winter Steelhead","Steelhead","Summer Winter","Klickitat River",2025,751,"NOSAIJ",1,"82aba8a4-c181-4560-800e-9c691737cf42"
"Steelhead (Middle Columbia River DPS)","Mid-Columbia steelhead","Yakima River Group","Naches River - summer Steelhead","Steelhead","Summer","Naches River",1999,329,"NOSAIJ",1,"50053e37-ba98-461e-9240-a2500ba1525d"
"Steelhead (Middle Columbia River DPS)","Mid-Columbia steelhead","Yakima River Group","Naches River - summer Steelhead","Steelhead","Summer","Naches River",2000,507,"NOSAIJ",1,"50053e37-ba98-461e-9240-a2500ba1525d"
"Steelhead (Middle Columbia River DPS)","Mid-Columbia steelhead","Yakima River Group","Naches River - summer Steelhead","Steelhead","Summer","Naches River",2001,983,"NOSAIJ",1,"50053e37-ba98-461e-9240-a2500ba1525d"
"Steelhead (Middle Columbia River DPS)","Mid-Columbia steelhead","Yakima River Group","Naches River - summer Steelhead","Steelhead","Summer","Naches River",2002,1454,"NOSAIJ",1,"50053e37-ba98-461e-9240-a2500ba1525d"
"Steelhead (Middle Columbia River DPS)","Mid-Columbia steelhead","Yakima River Group","Naches River - summer Steelhead","Steelhead","Summer","Naches River",2003,709,"NOSAIJ",1,"50053e37-ba98-461e-9240-a2500ba1525d"
"Steelhead (Middle Columbia River DPS)","Mid-Columbia steelhead","Yakima River Group","Naches River - summer Steelhead","Steelhead","Summer","Naches River",2004,886,"NOSAIJ",1,"50053e37-ba98-461e-9240-a2500ba1525d"
"Steelhead (Middle Columbia River DPS)","Mid-Columbia steelhead","Yakima River Group","Naches River - summer Steelhead","Steelhead","Summer","Naches River",2005,1092,"NOSAIJ",1,"50053e37-ba98-461e-9240-a2500ba1525d"
"Steelhead (Middle Columbia River DPS)","Mid-Columbia steelhead","Yakima River Group","Naches River - summer Steelhead","Steelhead","Summer","Naches River",2006,646,"NOSAIJ",1,"50053e37-ba98-461e-9240-a2500ba1525d"
"Steelhead (Middle Columbia River DPS)","Mid-Columbia steelhead","Yakima River Group","Naches River - summer Steelhead","Steelhead","Summer","Naches River",2007,492,"NOSAIJ",1,"50053e37-ba98-461e-9240-a2500ba1525d"
"Steelhead (Middle Columbia River DPS)","Mid-Columbia steelhead","Yakima River Group","Naches River - summer Steelhead","Steelhead","Summer","Naches River",2008,976,"NOSAIJ",1,"50053e37-ba98-461e-9240-a2500ba1525d"
"Steelhead (Middle Columbia River DPS)","Mid-Columbia steelhead","Yakima River Group","Naches River - summer Steelhead","Steelhead","Summer","Naches River",2009,1114,"NOSAIJ",1,"50053e37-ba98-461e-9240-a2500ba1525d"
"Steelhead (Middle Columbia River DPS)","Mid-Columbia steelhead","Yakima River Group","Naches River - summer Steelhead","Steelhead","Summer","Naches River",2010,2138,"NOSAIJ",1,"50053e37-ba98-461e-9240-a2500ba1525d"
"Steelhead (Middle Columbia River DPS)","Mid-Columbia steelhead","Yakima River Group","Naches River - summer Steelhead","Steelhead","Summer","Naches River",2011,1963,"NOSAIJ",1,"50053e37-ba98-461e-9240-a2500ba1525d"
"Steelhead (Middle Columbia River DPS)","Mid-Columbia steelhead","Yakima River Group","Naches River - summer Steelhead","Steelhead","Summer","Naches River",2012,2203,"NOSAIJ",1,"50053e37-ba98-461e-9240-a2500ba1525d"
"Steelhead (Middle Columbia River DPS)","Mid-Columbia steelhead","Yakima River Group","Naches River - summer Steelhead","Steelhead","Summer","Naches River",2013,1683,"NOSAIJ",1,"50053e37-ba98-461e-9240-a2500ba1525d"
"Steelhead (Middle Columbia River DPS)","Mid-Columbia steelhead","Yakima River Group","Naches River - summer Steelhead","Steelhead","Summer","Naches River",2014,1506,"NOSAIJ",1,"50053e37-ba98-461e-9240-a2500ba1525d"
"Steelhead (Middle Columbia River DPS)","Mid-Columbia steelhead","Yakima River Group","Naches River - summer Steelhead","Steelhead","Summer","Naches River",2015,1785,"NOSAIJ",1,"50053e37-ba98-461e-9240-a2500ba1525d"
"Steelhead (Middle Columbia River DPS)","Mid-Columbia steelhead","Yakima River Group","Naches River - summer Steelhead","Steelhead","Summer","Naches River",2016,1409,"NOSAIJ",1,"50053e37-ba98-461e-9240-a2500ba1525d"
"Steelhead (Middle Columbia River DPS)","Mid-Columbia steelhead","Yakima River Group","Naches River - summer Steelhead","Steelhead","Summer","Naches River",2017,577,"NOSAIJ",1,"50053e37-ba98-461e-9240-a2500ba1525d"
"Steelhead (Middle Columbia River DPS)","Mid-Columbia steelhead","Yakima River Group","Naches River - summer Steelhead","Steelhead","Summer","Naches River",2018,492,"NOSAIJ",1,"50053e37-ba98-461e-9240-a2500ba1525d"
"Steelhead (Middle Columbia River DPS)","Mid-Columbia steelhead","Yakima River Group","Naches River - summer Steelhead","Steelhead","Summer","Naches River",2019,306,"NOSAIJ",1,"50053e37-ba98-461e-9240-a2500ba1525d"
"Steelhead (Middle Columbia River DPS)","Mid-Columbia steelhead","Yakima River Group","Naches River - summer Steelhead","Steelhead","Summer","Naches River",2020,507,"NOSAIJ",1,"50053e37-ba98-461e-9240-a2500ba1525d"
"Steelhead (Middle Columbia River DPS)","Mid-Columbia steelhead","Yakima River Group","Naches River - summer Steelhead","Steelhead","Summer","Naches River",2021,503,"NOSAIJ",1,"50053e37-ba98-461e-9240-a2500ba1525d"
"Steelhead (Middle Columbia River DPS)","Mid-Columbia steelhead","Yakima River Group","Naches River - summer Steelhead","Steelhead","Summer","Naches River",2022,91,"NOSAIJ",1,"50053e37-ba98-461e-9240-a2500ba1525d"
"Steelhead (Middle Columbia River DPS)","Mid-Columbia steelhead","Yakima River Group","Naches River - summer Steelhead","Steelhead","Summer","Naches River",2023,202,"NOSAIJ",1,"50053e37-ba98-461e-9240-a2500ba1525d"
"Steelhead (Middle Columbia River DPS)","Mid-Columbia steelhead","Yakima River Group","Naches River - summer Steelhead","Steelhead","Summer","Naches River",2024,773,"NOSAIJ",1,"50053e37-ba98-461e-9240-a2500ba1525d"
"Steelhead (Middle Columbia River DPS)","Mid-Columbia steelhead","Yakima River Group","Naches River - summer Steelhead","Steelhead","Summer","Naches River",2025,882,"NOSAIJ",1,"50053e37-ba98-461e-9240-a2500ba1525d"
"Steelhead (Middle Columbia River DPS)","Mid-Columbia steelhead","Cascades Eastern Slope Tributaries","Rock Creek - summer Steelhead","Steelhead","Summer","Rock Creek",2011,718,"NOSAIJ",1,"10dad7f5-e1c4-4016-aece-f0d071483e6c"
"Steelhead (Middle Columbia River DPS)","Mid-Columbia steelhead","Cascades Eastern Slope Tributaries","Rock Creek - summer Steelhead","Steelhead","Summer","Rock Creek",2012,645,"NOSAIJ",1,"10dad7f5-e1c4-4016-aece-f0d071483e6c"
"Steelhead (Middle Columbia River DPS)","Mid-Columbia steelhead","Cascades Eastern Slope Tributaries","Rock Creek - summer Steelhead","Steelhead","Summer","Rock Creek",2013,265,"NOSAIJ",1,"f5619e08-8e4e-45c9-8ad2-2e5453f585e6"
"Steelhead (Middle Columbia River DPS)","Mid-Columbia steelhead","Cascades Eastern Slope Tributaries","Rock Creek - summer Steelhead","Steelhead","Summer","Rock Creek",2014,248,"NOSAIJ",1,"9291011a-a47e-4bfd-869b-57edd2b1b896"
"Steelhead (Middle Columbia River DPS)","Mid-Columbia steelhead","Cascades Eastern Slope Tributaries","Rock Creek - summer Steelhead","Steelhead","Summer","Rock Creek",2015,400,"NOSAIJ",1,"9291011a-a47e-4bfd-869b-57edd2b1b896"
"Steelhead (Middle Columbia River DPS)","Mid-Columbia steelhead","Cascades Eastern Slope Tributaries","Rock Creek - summer Steelhead","Steelhead","Summer","Rock Creek",2016,660,"NOSAIJ",1,"9291011a-a47e-4bfd-869b-57edd2b1b896"
"Steelhead (Middle Columbia River DPS)","Mid-Columbia steelhead","Cascades Eastern Slope Tributaries","Rock Creek - summer Steelhead","Steelhead","Summer","Rock Creek",2017,125,"NOSAIJ",1,"9291011a-a47e-4bfd-869b-57edd2b1b896"
"Steelhead (Middle Columbia River DPS)","Mid-Columbia steelhead","Cascades Eastern Slope Tributaries","Rock Creek - summer Steelhead","Steelhead","Summer","Rock Creek",2018,152,"NOSAIJ",1,"9291011a-a47e-4bfd-869b-57edd2b1b896"
"Steelhead (Middle Columbia River DPS)","Mid-Columbia steelhead","Cascades Eastern Slope Tributaries","Rock Creek - summer Steelhead","Steelhead","Summer","Rock Creek",2019,165,"NOSAIJ",1,"9291011a-a47e-4bfd-869b-57edd2b1b896"
"Steelhead (Middle Columbia River DPS)","Mid-Columbia steelhead","Cascades Eastern Slope Tributaries","Rock Creek - summer Steelhead","Steelhead","Summer","Rock Creek",2021,145,"NOSAIJ",1,"9291011a-a47e-4bfd-869b-57edd2b1b896"
"Steelhead (Middle Columbia River DPS)","Mid-Columbia steelhead","Yakima River Group","Satus Creek - summer Steelhead","Steelhead","Summer","Satus Creek",1999,335,"NOSAIJ",1,"02025611-2855-484d-8823-0193bcde184f"
"Steelhead (Middle Columbia River DPS)","Mid-Columbia steelhead","Yakima River Group","Satus Creek - summer Steelhead","Steelhead","Summer","Satus Creek",2000,397,"NOSAIJ",1,"02025611-2855-484d-8823-0193bcde184f"
"Steelhead (Middle Columbia River DPS)","Mid-Columbia steelhead","Yakima River Group","Satus Creek - summer Steelhead","Steelhead","Summer","Satus Creek",2001,645,"NOSAIJ",1,"02025611-2855-484d-8823-0193bcde184f"
"Steelhead (Middle Columbia River DPS)","Mid-Columbia steelhead","Yakima River Group","Satus Creek - summer Steelhead","Steelhead","Summer","Satus Creek",2002,1155,"NOSAIJ",1,"02025611-2855-484d-8823-0193bcde184f"
"Steelhead (Middle Columbia River DPS)","Mid-Columbia steelhead","Yakima River Group","Satus Creek - summer Steelhead","Steelhead","Summer","Satus Creek",2003,646,"NOSAIJ",1,"02025611-2855-484d-8823-0193bcde184f"
"Steelhead (Middle Columbia River DPS)","Mid-Columbia steelhead","Yakima River Group","Satus Creek - summer Steelhead","Steelhead","Summer","Satus Creek",2004,567,"NOSAIJ",1,"02025611-2855-484d-8823-0193bcde184f"
"Steelhead (Middle Columbia River DPS)","Mid-Columbia steelhead","Yakima River Group","Satus Creek - summer Steelhead","Steelhead","Summer","Satus Creek",2005,890,"NOSAIJ",1,"02025611-2855-484d-8823-0193bcde184f"
"Steelhead (Middle Columbia River DPS)","Mid-Columbia steelhead","Yakima River Group","Satus Creek - summer Steelhead","Steelhead","Summer","Satus Creek",2006,746,"NOSAIJ",1,"02025611-2855-484d-8823-0193bcde184f"
"Steelhead (Middle Columbia River DPS)","Mid-Columbia steelhead","Yakima River Group","Satus Creek - summer Steelhead","Steelhead","Summer","Satus Creek",2007,521,"NOSAIJ",1,"02025611-2855-484d-8823-0193bcde184f"
"Steelhead (Middle Columbia River DPS)","Mid-Columbia steelhead","Yakima River Group","Satus Creek - summer Steelhead","Steelhead","Summer","Satus Creek",2008,946,"NOSAIJ",1,"02025611-2855-484d-8823-0193bcde184f"
"Steelhead (Middle Columbia River DPS)","Mid-Columbia steelhead","Yakima River Group","Satus Creek - summer Steelhead","Steelhead","Summer","Satus Creek",2009,1044,"NOSAIJ",1,"02025611-2855-484d-8823-0193bcde184f"
"Steelhead (Middle Columbia River DPS)","Mid-Columbia steelhead","Yakima River Group","Satus Creek - summer Steelhead","Steelhead","Summer","Satus Creek",2010,2751,"NOSAIJ",1,"02025611-2855-484d-8823-0193bcde184f"
"Steelhead (Middle Columbia River DPS)","Mid-Columbia steelhead","Yakima River Group","Satus Creek - summer Steelhead","Steelhead","Summer","Satus Creek",2011,2274,"NOSAIJ",1,"02025611-2855-484d-8823-0193bcde184f"
"Steelhead (Middle Columbia River DPS)","Mid-Columbia steelhead","Yakima River Group","Satus Creek - summer Steelhead","Steelhead","Summer","Satus Creek",2012,1812,"NOSAIJ",1,"02025611-2855-484d-8823-0193bcde184f"
"Steelhead (Middle Columbia River DPS)","Mid-Columbia steelhead","Yakima River Group","Satus Creek - summer Steelhead","Steelhead","Summer","Satus Creek",2013,928,"NOSAIJ",1,"02025611-2855-484d-8823-0193bcde184f"
"Steelhead (Middle Columbia River DPS)","Mid-Columbia steelhead","Yakima River Group","Satus Creek - summer Steelhead","Steelhead","Summer","Satus Creek",2014,919,"NOSAIJ",1,"02025611-2855-484d-8823-0193bcde184f"
"Steelhead (Middle Columbia River DPS)","Mid-Columbia steelhead","Yakima River Group","Satus Creek - summer Steelhead","Steelhead","Summer","Satus Creek",2015,1093,"NOSAIJ",1,"02025611-2855-484d-8823-0193bcde184f"
"Steelhead (Middle Columbia River DPS)","Mid-Columbia steelhead","Yakima River Group","Satus Creek - summer Steelhead","Steelhead","Summer","Satus Creek",2016,1233,"NOSAIJ",1,"02025611-2855-484d-8823-0193bcde184f"
"Steelhead (Middle Columbia River DPS)","Mid-Columbia steelhead","Yakima River Group","Satus Creek - summer Steelhead","Steelhead","Summer","Satus Creek",2017,400,"NOSAIJ",1,"02025611-2855-484d-8823-0193bcde184f"
"Steelhead (Middle Columbia River DPS)","Mid-Columbia steelhead","Yakima River Group","Satus Creek - summer Steelhead","Steelhead","Summer","Satus Creek",2018,341,"NOSAIJ",1,"02025611-2855-484d-8823-0193bcde184f"
"Steelhead (Middle Columbia River DPS)","Mid-Columbia steelhead","Yakima River Group","Satus Creek - summer Steelhead","Steelhead","Summer","Satus Creek",2019,269,"NOSAIJ",1,"02025611-2855-484d-8823-0193bcde184f"
"Steelhead (Middle Columbia River DPS)","Mid-Columbia steelhead","Yakima River Group","Satus Creek - summer Steelhead","Steelhead","Summer","Satus Creek",2020,335,"NOSAIJ",1,"02025611-2855-484d-8823-0193bcde184f"
"Steelhead (Middle Columbia River DPS)","Mid-Columbia steelhead","Yakima River Group","Satus Creek - summer Steelhead","Steelhead","Summer","Satus Creek",2021,372,"NOSAIJ",1,"02025611-2855-484d-8823-0193bcde184f"
"Steelhead (Middle Columbia River DPS)","Mid-Columbia steelhead","Yakima River Group","Satus Creek - summer Steelhead","Steelhead","Summer","Satus Creek",2022,53,"NOSAIJ",1,"02025611-2855-484d-8823-0193bcde184f"
"Steelhead (Middle Columbia River DPS)","Mid-Columbia steelhead","Yakima River Group","Satus Creek - summer Steelhead","Steelhead","Summer","Satus Creek",2023,135,"NOSAIJ",1,"02025611-2855-484d-8823-0193bcde184f"
"Steelhead (Middle Columbia River DPS)","Mid-Columbia steelhead","Yakima River Group","Satus Creek - summer Steelhead","Steelhead","Summer","Satus Creek",2024,140,"NOSAIJ",1,"02025611-2855-484d-8823-0193bcde184f"
"Steelhead (Middle Columbia River DPS)","Mid-Columbia steelhead","Yakima River Group","Satus Creek - summer Steelhead","Steelhead","Summer","Satus Creek",2025,125,"NOSAIJ",1,"02025611-2855-484d-8823-0193bcde184f"
"Steelhead (Middle Columbia River DPS)","Mid-Columbia steelhead","Yakima River Group","Toppenish Creek - summer Steelhead","Steelhead","Summer","Toppenish Creek",1999,201,"NOSAIJ",1,"83565b87-a197-442d-97a1-866fcf0ab440"
"Steelhead (Middle Columbia River DPS)","Mid-Columbia steelhead","Yakima River Group","Toppenish Creek - summer Steelhead","Steelhead","Summer","Toppenish Creek",2000,434,"NOSAIJ",1,"83565b87-a197-442d-97a1-866fcf0ab440"
"Steelhead (Middle Columbia River DPS)","Mid-Columbia steelhead","Yakima River Group","Toppenish Creek - summer Steelhead","Steelhead","Summer","Toppenish Creek",2001,909,"NOSAIJ",1,"83565b87-a197-442d-97a1-866fcf0ab440"
"Steelhead (Middle Columbia River DPS)","Mid-Columbia steelhead","Yakima River Group","Toppenish Creek - summer Steelhead","Steelhead","Summer","Toppenish Creek",2002,1129,"NOSAIJ",1,"83565b87-a197-442d-97a1-866fcf0ab440"
"Steelhead (Middle Columbia River DPS)","Mid-Columbia steelhead","Yakima River Group","Toppenish Creek - summer Steelhead","Steelhead","Summer","Toppenish Creek",2003,460,"NOSAIJ",1,"83565b87-a197-442d-97a1-866fcf0ab440"
"Steelhead (Middle Columbia River DPS)","Mid-Columbia steelhead","Yakima River Group","Toppenish Creek - summer Steelhead","Steelhead","Summer","Toppenish Creek",2004,790,"NOSAIJ",1,"83565b87-a197-442d-97a1-866fcf0ab440"
"Steelhead (Middle Columbia River DPS)","Mid-Columbia steelhead","Yakima River Group","Toppenish Creek - summer Steelhead","Steelhead","Summer","Toppenish Creek",2005,801,"NOSAIJ",1,"83565b87-a197-442d-97a1-866fcf0ab440"
"Steelhead (Middle Columbia River DPS)","Mid-Columbia steelhead","Yakima River Group","Toppenish Creek - summer Steelhead","Steelhead","Summer","Toppenish Creek",2006,260,"NOSAIJ",1,"83565b87-a197-442d-97a1-866fcf0ab440"
"Steelhead (Middle Columbia River DPS)","Mid-Columbia steelhead","Yakima River Group","Toppenish Creek - summer Steelhead","Steelhead","Summer","Toppenish Creek",2007,263,"NOSAIJ",1,"83565b87-a197-442d-97a1-866fcf0ab440"
"Steelhead (Middle Columbia River DPS)","Mid-Columbia steelhead","Yakima River Group","Toppenish Creek - summer Steelhead","Steelhead","Summer","Toppenish Creek",2008,585,"NOSAIJ",1,"83565b87-a197-442d-97a1-866fcf0ab440"
"Steelhead (Middle Columbia River DPS)","Mid-Columbia steelhead","Yakima River Group","Toppenish Creek - summer Steelhead","Steelhead","Summer","Toppenish Creek",2009,693,"NOSAIJ",1,"83565b87-a197-442d-97a1-866fcf0ab440"
"Steelhead (Middle Columbia River DPS)","Mid-Columbia steelhead","Yakima River Group","Toppenish Creek - summer Steelhead","Steelhead","Summer","Toppenish Creek",2010,621,"NOSAIJ",1,"83565b87-a197-442d-97a1-866fcf0ab440"
"Steelhead (Middle Columbia River DPS)","Mid-Columbia steelhead","Yakima River Group","Toppenish Creek - summer Steelhead","Steelhead","Summer","Toppenish Creek",2011,799,"NOSAIJ",1,"83565b87-a197-442d-97a1-866fcf0ab440"
"Steelhead (Middle Columbia River DPS)","Mid-Columbia steelhead","Yakima River Group","Toppenish Creek - summer Steelhead","Steelhead","Summer","Toppenish Creek",2012,667,"NOSAIJ",1,"83565b87-a197-442d-97a1-866fcf0ab440"
"Steelhead (Middle Columbia River DPS)","Mid-Columbia steelhead","Yakima River Group","Toppenish Creek - summer Steelhead","Steelhead","Summer","Toppenish Creek",2013,510,"NOSAIJ",1,"83565b87-a197-442d-97a1-866fcf0ab440"
"Steelhead (Middle Columbia River DPS)","Mid-Columbia steelhead","Yakima River Group","Toppenish Creek - summer Steelhead","Steelhead","Summer","Toppenish Creek",2014,356,"NOSAIJ",1,"83565b87-a197-442d-97a1-866fcf0ab440"
"Steelhead (Middle Columbia River DPS)","Mid-Columbia steelhead","Yakima River Group","Toppenish Creek - summer Steelhead","Steelhead","Summer","Toppenish Creek",2015,504,"NOSAIJ",1,"83565b87-a197-442d-97a1-866fcf0ab440"
"Steelhead (Middle Columbia River DPS)","Mid-Columbia steelhead","Yakima River Group","Toppenish Creek - summer Steelhead","Steelhead","Summer","Toppenish Creek",2016,295,"NOSAIJ",1,"83565b87-a197-442d-97a1-866fcf0ab440"
"Steelhead (Middle Columbia River DPS)","Mid-Columbia steelhead","Yakima River Group","Toppenish Creek - summer Steelhead","Steelhead","Summer","Toppenish Creek",2017,154,"NOSAIJ",1,"83565b87-a197-442d-97a1-866fcf0ab440"
"Steelhead (Middle Columbia River DPS)","Mid-Columbia steelhead","Yakima River Group","Toppenish Creek - summer Steelhead","Steelhead","Summer","Toppenish Creek",2018,131,"NOSAIJ",1,"83565b87-a197-442d-97a1-866fcf0ab440"
"Steelhead (Middle Columbia River DPS)","Mid-Columbia steelhead","Yakima River Group","Toppenish Creek - summer Steelhead","Steelhead","Summer","Toppenish Creek",2019,287,"NOSAIJ",1,"83565b87-a197-442d-97a1-866fcf0ab440"
"Steelhead (Middle Columbia River DPS)","Mid-Columbia steelhead","Yakima River Group","Toppenish Creek - summer Steelhead","Steelhead","Summer","Toppenish Creek",2020,164,"NOSAIJ",1,"83565b87-a197-442d-97a1-866fcf0ab440"
"Steelhead (Middle Columbia River DPS)","Mid-Columbia steelhead","Yakima River Group","Toppenish Creek - summer Steelhead","Steelhead","Summer","Toppenish Creek",2021,162,"NOSAIJ",1,"83565b87-a197-442d-97a1-866fcf0ab440"
"Steelhead (Middle Columbia River DPS)","Mid-Columbia steelhead","Yakima River Group","Toppenish Creek - summer Steelhead","Steelhead","Summer","Toppenish Creek",2022,37,"NOSAIJ",1,"83565b87-a197-442d-97a1-866fcf0ab440"
"Steelhead (Middle Columbia River DPS)","Mid-Columbia steelhead","Yakima River Group","Toppenish Creek - summer Steelhead","Steelhead","Summer","Toppenish Creek",2023,72,"NOSAIJ",1,"83565b87-a197-442d-97a1-866fcf0ab440"
"Steelhead (Middle Columbia River DPS)","Mid-Columbia steelhead","Yakima River Group","Toppenish Creek - summer Steelhead","Steelhead","Summer","Toppenish Creek",2024,117,"NOSAIJ",1,"83565b87-a197-442d-97a1-866fcf0ab440"
"Steelhead (Middle Columbia River DPS)","Mid-Columbia steelhead","Yakima River Group","Toppenish Creek - summer Steelhead","Steelhead","Summer","Toppenish Creek",2025,127,"NOSAIJ",1,"83565b87-a197-442d-97a1-866fcf0ab440"
"Steelhead (Middle Columbia River DPS)","Mid-Columbia steelhead","Walla Walla and Umatilla","Touchet River - summer Steelhead","Steelhead","Summer","Touchet River",1999,368,"NOSAIJ",1,"f97113d1-546e-49d3-b7c1-c39fc9e080e6"
"Steelhead (Middle Columbia River DPS)","Mid-Columbia steelhead","Walla Walla and Umatilla","Touchet River - summer Steelhead","Steelhead","Summer","Touchet River",2000,296,"NOSAIJ",1,"f97113d1-546e-49d3-b7c1-c39fc9e080e6"
"Steelhead (Middle Columbia River DPS)","Mid-Columbia steelhead","Walla Walla and Umatilla","Touchet River - summer Steelhead","Steelhead","Summer","Touchet River",2001,296,"NOSAIJ",1,"f97113d1-546e-49d3-b7c1-c39fc9e080e6"
"Steelhead (Middle Columbia River DPS)","Mid-Columbia steelhead","Walla Walla and Umatilla","Touchet River - summer Steelhead","Steelhead","Summer","Touchet River",2002,504,"NOSAIJ",1,"f97113d1-546e-49d3-b7c1-c39fc9e080e6"
"Steelhead (Middle Columbia River DPS)","Mid-Columbia steelhead","Walla Walla and Umatilla","Touchet River - summer Steelhead","Steelhead","Summer","Touchet River",2003,486,"NOSAIJ",1,"f97113d1-546e-49d3-b7c1-c39fc9e080e6"
"Steelhead (Middle Columbia River DPS)","Mid-Columbia steelhead","Walla Walla and Umatilla","Touchet River - summer Steelhead","Steelhead","Summer","Touchet River",2004,269,"NOSAIJ",1,"f97113d1-546e-49d3-b7c1-c39fc9e080e6"
"Steelhead (Middle Columbia River DPS)","Mid-Columbia steelhead","Walla Walla and Umatilla","Touchet River - summer Steelhead","Steelhead","Summer","Touchet River",2005,462,"NOSAIJ",1,"f97113d1-546e-49d3-b7c1-c39fc9e080e6"
"Steelhead (Middle Columbia River DPS)","Mid-Columbia steelhead","Walla Walla and Umatilla","Touchet River - summer Steelhead","Steelhead","Summer","Touchet River",2006,286,"NOSAIJ",1,"f97113d1-546e-49d3-b7c1-c39fc9e080e6"
"Steelhead (Middle Columbia River DPS)","Mid-Columbia steelhead","Walla Walla and Umatilla","Touchet River - summer Steelhead","Steelhead","Summer","Touchet River",2007,377,"NOSAIJ",1,"f97113d1-546e-49d3-b7c1-c39fc9e080e6"
"Steelhead (Middle Columbia River DPS)","Mid-Columbia steelhead","Walla Walla and Umatilla","Touchet River - summer Steelhead","Steelhead","Summer","Touchet River",2008,312,"NOSAIJ",1,"f97113d1-546e-49d3-b7c1-c39fc9e080e6"
"Steelhead (Middle Columbia River DPS)","Mid-Columbia steelhead","Walla Walla and Umatilla","Touchet River - summer Steelhead","Steelhead","Summer","Touchet River",2009,274,"NOSAIJ",1,"f97113d1-546e-49d3-b7c1-c39fc9e080e6"
"Steelhead (Middle Columbia River DPS)","Mid-Columbia steelhead","Walla Walla and Umatilla","Touchet River - summer Steelhead","Steelhead","Summer","Touchet River",2010,767,"NOSAIJ",1,"f97113d1-546e-49d3-b7c1-c39fc9e080e6"
"Steelhead (Middle Columbia River DPS)","Mid-Columbia steelhead","Walla Walla and Umatilla","Touchet River - summer Steelhead","Steelhead","Summer","Touchet River",2011,464,"NOSAIJ",1,"f97113d1-546e-49d3-b7c1-c39fc9e080e6"
"Steelhead (Middle Columbia River DPS)","Mid-Columbia steelhead","Walla Walla and Umatilla","Touchet River - summer Steelhead","Steelhead","Summer","Touchet River",2012,295,"NOSAIJ",1,"f97113d1-546e-49d3-b7c1-c39fc9e080e6"
"Steelhead (Middle Columbia River DPS)","Mid-Columbia steelhead","Walla Walla and Umatilla","Touchet River - summer Steelhead","Steelhead","Summer","Touchet River",2013,494,"NOSAIJ",1,"f97113d1-546e-49d3-b7c1-c39fc9e080e6"
"Steelhead (Middle Columbia River DPS)","Mid-Columbia steelhead","Walla Walla and Umatilla","Touchet River - summer Steelhead","Steelhead","Summer","Touchet River",2014,187,"NOSAIJ",1,"f97113d1-546e-49d3-b7c1-c39fc9e080e6"
"Steelhead (Middle Columbia River DPS)","Mid-Columbia steelhead","Walla Walla and Umatilla","Touchet River - summer Steelhead","Steelhead","Summer","Touchet River",2015,462,"NOSAIJ",1,"f97113d1-546e-49d3-b7c1-c39fc9e080e6"
"Steelhead (Middle Columbia River DPS)","Mid-Columbia steelhead","Walla Walla and Umatilla","Touchet River - summer Steelhead","Steelhead","Summer","Touchet River",2016,298,"NOSAIJ",1,"f97113d1-546e-49d3-b7c1-c39fc9e080e6"
"Steelhead (Middle Columbia River DPS)","Mid-Columbia steelhead","Walla Walla and Umatilla","Touchet River - summer Steelhead","Steelhead","Summer","Touchet River",2017,79,"NOSAIJ",1,"f97113d1-546e-49d3-b7c1-c39fc9e080e6"
"Steelhead (Middle Columbia River DPS)","Mid-Columbia steelhead","Walla Walla and Umatilla","Touchet River - summer Steelhead","Steelhead","Summer","Touchet River",2018,119,"NOSAIJ",1,"f97113d1-546e-49d3-b7c1-c39fc9e080e6"
"Steelhead (Middle Columbia River DPS)","Mid-Columbia steelhead","Walla Walla and Umatilla","Touchet River - summer Steelhead","Steelhead","Summer","Touchet River",2019,87,"NOSAIJ",1,"f97113d1-546e-49d3-b7c1-c39fc9e080e6"
"Steelhead (Middle Columbia River DPS)","Mid-Columbia steelhead","Walla Walla and Umatilla","Touchet River - summer Steelhead","Steelhead","Summer","Touchet River",2020,227,"NOSAIJ",1,"f97113d1-546e-49d3-b7c1-c39fc9e080e6"
"Steelhead (Middle Columbia River DPS)","Mid-Columbia steelhead","Walla Walla and Umatilla","Touchet River - summer Steelhead","Steelhead","Summer","Touchet River",2021,382,"NOSAIJ",1,"f97113d1-546e-49d3-b7c1-c39fc9e080e6"
"Steelhead (Middle Columbia River DPS)","Mid-Columbia steelhead","Walla Walla and Umatilla","Touchet River - summer Steelhead","Steelhead","Summer","Touchet River",2022,309,"NOSAIJ",1,"f97113d1-546e-49d3-b7c1-c39fc9e080e6"
"Steelhead (Middle Columbia River DPS)","Mid-Columbia steelhead","Walla Walla and Umatilla","Touchet River - summer Steelhead","Steelhead","Summer","Touchet River",2023,199,"NOSAIJ",1,"f97113d1-546e-49d3-b7c1-c39fc9e080e6"
"Steelhead (Middle Columbia River DPS)","Mid-Columbia steelhead","Walla Walla and Umatilla","Touchet River - summer Steelhead","Steelhead","Summer","Touchet River",2024,541,"NOSAIJ",1,"f97113d1-546e-49d3-b7c1-c39fc9e080e6"
"Steelhead (Middle Columbia River DPS)","Mid-Columbia steelhead","Walla Walla and Umatilla","Touchet River - summer Steelhead","Steelhead","Summer","Touchet River",2025,483,"NOSAIJ",1,"f97113d1-546e-49d3-b7c1-c39fc9e080e6"
"Steelhead (Middle Columbia River DPS)","Mid-Columbia steelhead","Yakima River Group","Yakima River Upper Mainstem - summer Steelhead","Steelhead","Summer","Yakima River",1999,41,"NOSAIJ",1,"282534ea-f100-4f63-a9a0-b3f43eba4380"
"Steelhead (Middle Columbia River DPS)","Mid-Columbia steelhead","Yakima River Group","Yakima River Upper Mainstem - summer Steelhead","Steelhead","Summer","Yakima River",2000,59,"NOSAIJ",1,"282534ea-f100-4f63-a9a0-b3f43eba4380"
"Steelhead (Middle Columbia River DPS)","Mid-Columbia steelhead","Yakima River Group","Yakima River Upper Mainstem - summer Steelhead","Steelhead","Summer","Yakima River",2001,161,"NOSAIJ",1,"282534ea-f100-4f63-a9a0-b3f43eba4380"
"Steelhead (Middle Columbia River DPS)","Mid-Columbia steelhead","Yakima River Group","Yakima River Upper Mainstem - summer Steelhead","Steelhead","Summer","Yakima River",2002,260,"NOSAIJ",1,"282534ea-f100-4f63-a9a0-b3f43eba4380"
"Steelhead (Middle Columbia River DPS)","Mid-Columbia steelhead","Yakima River Group","Yakima River Upper Mainstem - summer Steelhead","Steelhead","Summer","Yakima River",2003,133,"NOSAIJ",1,"282534ea-f100-4f63-a9a0-b3f43eba4380"
"Steelhead (Middle Columbia River DPS)","Mid-Columbia steelhead","Yakima River Group","Yakima River Upper Mainstem - summer Steelhead","Steelhead","Summer","Yakima River",2004,195,"NOSAIJ",1,"282534ea-f100-4f63-a9a0-b3f43eba4380"
"Steelhead (Middle Columbia River DPS)","Mid-Columbia steelhead","Yakima River Group","Yakima River Upper Mainstem - summer Steelhead","Steelhead","Summer","Yakima River",2005,223,"NOSAIJ",1,"282534ea-f100-4f63-a9a0-b3f43eba4380"
"Steelhead (Middle Columbia River DPS)","Mid-Columbia steelhead","Yakima River Group","Yakima River Upper Mainstem - summer Steelhead","Steelhead","Summer","Yakima River",2006,123,"NOSAIJ",1,"282534ea-f100-4f63-a9a0-b3f43eba4380"
"Steelhead (Middle Columbia River DPS)","Mid-Columbia steelhead","Yakima River Group","Yakima River Upper Mainstem - summer Steelhead","Steelhead","Summer","Yakima River",2007,79,"NOSAIJ",1,"282534ea-f100-4f63-a9a0-b3f43eba4380"
"Steelhead (Middle Columbia River DPS)","Mid-Columbia steelhead","Yakima River Group","Yakima River Upper Mainstem - summer Steelhead","Steelhead","Summer","Yakima River",2008,190,"NOSAIJ",1,"282534ea-f100-4f63-a9a0-b3f43eba4380"
"Steelhead (Middle Columbia River DPS)","Mid-Columbia steelhead","Yakima River Group","Yakima River Upper Mainstem - summer Steelhead","Steelhead","Summer","Yakima River",2009,216,"NOSAIJ",1,"282534ea-f100-4f63-a9a0-b3f43eba4380"
"Steelhead (Middle Columbia River DPS)","Mid-Columbia steelhead","Yakima River Group","Yakima River Upper Mainstem - summer Steelhead","Steelhead","Summer","Yakima River",2010,367,"NOSAIJ",1,"282534ea-f100-4f63-a9a0-b3f43eba4380"
"Steelhead (Middle Columbia River DPS)","Mid-Columbia steelhead","Yakima River Group","Yakima River Upper Mainstem - summer Steelhead","Steelhead","Summer","Yakima River",2011,364,"NOSAIJ",1,"282534ea-f100-4f63-a9a0-b3f43eba4380"
"Steelhead (Middle Columbia River DPS)","Mid-Columbia steelhead","Yakima River Group","Yakima River Upper Mainstem - summer Steelhead","Steelhead","Summer","Yakima River",2012,475,"NOSAIJ",1,"282534ea-f100-4f63-a9a0-b3f43eba4380"
"Steelhead (Middle Columbia River DPS)","Mid-Columbia steelhead","Yakima River Group","Yakima River Upper Mainstem - summer Steelhead","Steelhead","Summer","Yakima River",2013,334,"NOSAIJ",1,"282534ea-f100-4f63-a9a0-b3f43eba4380"
"Steelhead (Middle Columbia River DPS)","Mid-Columbia steelhead","Yakima River Group","Yakima River Upper Mainstem - summer Steelhead","Steelhead","Summer","Yakima River",2014,423,"NOSAIJ",1,"282534ea-f100-4f63-a9a0-b3f43eba4380"
"Steelhead (Middle Columbia River DPS)","Mid-Columbia steelhead","Yakima River Group","Yakima River Upper Mainstem - summer Steelhead","Steelhead","Summer","Yakima River",2015,550,"NOSAIJ",1,"282534ea-f100-4f63-a9a0-b3f43eba4380"
"Steelhead (Middle Columbia River DPS)","Mid-Columbia steelhead","Yakima River Group","Yakima River Upper Mainstem - summer Steelhead","Steelhead","Summer","Yakima River",2016,528,"NOSAIJ",1,"282534ea-f100-4f63-a9a0-b3f43eba4380"
"Steelhead (Middle Columbia River DPS)","Mid-Columbia steelhead","Yakima River Group","Yakima River Upper Mainstem - summer Steelhead","Steelhead","Summer","Yakima River",2017,272,"NOSAIJ",1,"282534ea-f100-4f63-a9a0-b3f43eba4380"
"Steelhead (Middle Columbia River DPS)","Mid-Columbia steelhead","Yakima River Group","Yakima River Upper Mainstem - summer Steelhead","Steelhead","Summer","Yakima River",2018,160,"NOSAIJ",1,"282534ea-f100-4f63-a9a0-b3f43eba4380"
"Steelhead (Middle Columbia River DPS)","Mid-Columbia steelhead","Yakima River Group","Yakima River Upper Mainstem - summer Steelhead","Steelhead","Summer","Yakima River",2019,122,"NOSAIJ",1,"282534ea-f100-4f63-a9a0-b3f43eba4380"
"Steelhead (Middle Columbia River DPS)","Mid-Columbia steelhead","Yakima River Group","Yakima River Upper Mainstem - summer Steelhead","Steelhead","Summer","Yakima River",2020,168,"NOSAIJ",1,"282534ea-f100-4f63-a9a0-b3f43eba4380"
"Steelhead (Middle Columbia River DPS)","Mid-Columbia steelhead","Yakima River Group","Yakima River Upper Mainstem - summer Steelhead","Steelhead","Summer","Yakima River",2021,225,"NOSAIJ",1,"282534ea-f100-4f63-a9a0-b3f43eba4380"
"Steelhead (Middle Columbia River DPS)","Mid-Columbia steelhead","Yakima River Group","Yakima River Upper Mainstem - summer Steelhead","Steelhead","Summer","Yakima River",2022,20,"NOSAIJ",1,"282534ea-f100-4f63-a9a0-b3f43eba4380"
"Steelhead (Middle Columbia River DPS)","Mid-Columbia steelhead","Yakima River Group","Yakima River Upper Mainstem - summer Steelhead","Steelhead","Summer","Yakima River",2023,59,"NOSAIJ",1,"282534ea-f100-4f63-a9a0-b3f43eba4380"
"Steelhead (Middle Columbia River DPS)","Mid-Columbia steelhead","Yakima River Group","Yakima River Upper Mainstem - summer Steelhead","Steelhead","Summer","Yakima River",2024,80,"NOSAIJ",1,"282534ea-f100-4f63-a9a0-b3f43eba4380"
"Steelhead (Middle Columbia River DPS)","Mid-Columbia steelhead","Yakima River Group","Yakima River Upper Mainstem - summer Steelhead","Steelhead","Summer","Yakima River",2025,112,"NOSAIJ",1,"282534ea-f100-4f63-a9a0-b3f43eba4380"
"Steelhead (Puget Sound DPS)","Puget Sound steelhead","Puget Sound Steelhead DPS","Dungeness River - summer and winter Steelhead","Steelhead","Winter","Dungeness River",2011,455,"TSAIJ",1,"51bf7aea-9c77-4633-9ae6-0be928ff2071"
"Steelhead (Puget Sound DPS)","Puget Sound steelhead","Puget Sound Steelhead DPS","Dungeness River - summer and winter Steelhead","Steelhead","Winter","Dungeness River",2013,619,"TSAIJ",1,"51bf7aea-9c77-4633-9ae6-0be928ff2071"
"Steelhead (Puget Sound DPS)","Puget Sound steelhead","Puget Sound Steelhead DPS","Dungeness River - summer and winter Steelhead","Steelhead","Winter","Dungeness River",2014,585,"TSAIJ",1,"51bf7aea-9c77-4633-9ae6-0be928ff2071"
"Steelhead (Puget Sound DPS)","Puget Sound steelhead","Puget Sound Steelhead DPS","Dungeness River - summer and winter Steelhead","Steelhead","Winter","Dungeness River",2015,618,"TSAIJ",1,"51bf7aea-9c77-4633-9ae6-0be928ff2071"
"Steelhead (Puget Sound DPS)","Puget Sound steelhead","Puget Sound Steelhead DPS","Dungeness River - summer and winter Steelhead","Steelhead","Winter","Dungeness River",2017,311,"TSAIJ",1,"51bf7aea-9c77-4633-9ae6-0be928ff2071"
"Steelhead (Puget Sound DPS)","Puget Sound steelhead","Puget Sound Steelhead DPS","Dungeness River - summer and winter Steelhead","Steelhead","Winter","Dungeness River",2019,467,"TSAIJ",1,"51bf7aea-9c77-4633-9ae6-0be928ff2071"
"Steelhead (Puget Sound DPS)","Puget Sound steelhead","Puget Sound Steelhead DPS","Dungeness River - summer and winter Steelhead","Steelhead","Winter","Dungeness River",2021,329,"TSAIJ",1,"51bf7aea-9c77-4633-9ae6-0be928ff2071"
"Steelhead (Puget Sound DPS)","Puget Sound steelhead","Puget Sound Steelhead DPS","Dungeness River - summer and winter Steelhead","Steelhead","Winter","Dungeness River",2022,386,"TSAIJ",1,"51bf7aea-9c77-4633-9ae6-0be928ff2071"
"Steelhead (Puget Sound DPS)","Puget Sound steelhead","Puget Sound Steelhead DPS","Dungeness River - summer and winter Steelhead","Steelhead","Winter","Dungeness River",2023,309,"TSAIJ",1,"51bf7aea-9c77-4633-9ae6-0be928ff2071"
"Steelhead (Puget Sound DPS)","Puget Sound steelhead","Puget Sound Steelhead DPS","Dungeness River - summer and winter Steelhead","Steelhead","Winter","Dungeness River",2024,402,"TSAIJ",1,"51bf7aea-9c77-4633-9ae6-0be928ff2071"
"Steelhead (Puget Sound DPS)","Puget Sound steelhead","Puget Sound Steelhead DPS","Dungeness River - summer and winter Steelhead","Steelhead","Winter","Dungeness River",2025,554,"TSAIJ",1,"51bf7aea-9c77-4633-9ae6-0be928ff2071"
"Steelhead (Puget Sound DPS)","Puget Sound steelhead","Puget Sound Steelhead DPS","Elwha River - winter Steelhead","Steelhead","Winter","Elwha River",2019,802,"NOSAIJ",1,"4e48ca0a-b285-4f38-993f-6547db948656"
"Steelhead (Puget Sound DPS)","Puget Sound steelhead","Puget Sound Steelhead DPS","Elwha River - winter Steelhead","Steelhead","Winter","Elwha River",2020,1528,"NOSAIJ",1,"4e48ca0a-b285-4f38-993f-6547db948656"
"Steelhead (Puget Sound DPS)","Puget Sound steelhead","Puget Sound Steelhead DPS","Elwha River - winter Steelhead","Steelhead","Winter","Elwha River",2021,1238,"NOSAIJ",1,"4e48ca0a-b285-4f38-993f-6547db948656"
"Steelhead (Puget Sound DPS)","Puget Sound steelhead","Puget Sound Steelhead DPS","Elwha River - winter Steelhead","Steelhead","Winter","Elwha River",2022,1990,"NOSAIJ",1,"4e48ca0a-b285-4f38-993f-6547db948656"
"Steelhead (Puget Sound DPS)","Puget Sound steelhead","Puget Sound Steelhead DPS","Elwha River - winter Steelhead","Steelhead","Winter","Elwha River",2023,1130,"NOSAIJ",1,"4e48ca0a-b285-4f38-993f-6547db948656"
"Steelhead (Puget Sound DPS)","Puget Sound steelhead","Puget Sound Steelhead DPS","Elwha River - winter Steelhead","Steelhead","Winter","Elwha River",2024,1242,"NOSAIJ",1,"d02fdfae-1e90-4dd4-9a88-9d8104500a19"
"Steelhead (Puget Sound DPS)","Puget Sound steelhead","Puget Sound Steelhead DPS","Elwha River - winter Steelhead","Steelhead","Winter","Elwha River",2025,1042,"NOSAIJ",1,"4e48ca0a-b285-4f38-993f-6547db948656"
"Steelhead (Puget Sound DPS)","Puget Sound steelhead","Puget Sound Steelhead DPS","Nisqually River - winter Steelhead","Steelhead","Winter","Nisqually River",2007,444,"NOSAIJ",2,"09b221dc-7cdd-44ae-9619-9a9d2a101daf"
"Steelhead (Puget Sound DPS)","Puget Sound steelhead","Puget Sound Steelhead DPS","Nisqually River - winter Steelhead","Steelhead","Winter","Nisqually River",2008,730,"NOSAIJ",2,"09b221dc-7cdd-44ae-9619-9a9d2a101daf"
"Steelhead (Puget Sound DPS)","Puget Sound steelhead","Puget Sound Steelhead DPS","Nisqually River - winter Steelhead","Steelhead","Winter","Nisqually River",2009,307,"NOSAIJ",2,"09b221dc-7cdd-44ae-9619-9a9d2a101daf"
"Steelhead (Puget Sound DPS)","Puget Sound steelhead","Puget Sound Steelhead DPS","Nisqually River - winter Steelhead","Steelhead","Winter","Nisqually River",2010,761,"NOSAIJ",2,"09b221dc-7cdd-44ae-9619-9a9d2a101daf"
"Steelhead (Puget Sound DPS)","Puget Sound steelhead","Puget Sound Steelhead DPS","Nisqually River - winter Steelhead","Steelhead","Winter","Nisqually River",2011,297,"NOSAIJ",2,"09b221dc-7cdd-44ae-9619-9a9d2a101daf"
"Steelhead (Puget Sound DPS)","Puget Sound steelhead","Puget Sound Steelhead DPS","Nisqually River - winter Steelhead","Steelhead","Winter","Nisqually River",2012,266,"NOSAIJ",2,"09b221dc-7cdd-44ae-9619-9a9d2a101daf"
"Steelhead (Puget Sound DPS)","Puget Sound steelhead","Puget Sound Steelhead DPS","Nisqually River - winter Steelhead","Steelhead","Winter","Nisqually River",2013,694,"NOSAIJ",2,"09b221dc-7cdd-44ae-9619-9a9d2a101daf"
"Steelhead (Puget Sound DPS)","Puget Sound steelhead","Puget Sound Steelhead DPS","Nisqually River - winter Steelhead","Steelhead","Winter","Nisqually River",2014,585,"NOSAIJ",2,"09b221dc-7cdd-44ae-9619-9a9d2a101daf"
"Steelhead (Puget Sound DPS)","Puget Sound steelhead","Puget Sound Steelhead DPS","Nisqually River - winter Steelhead","Steelhead","Winter","Nisqually River",2015,1129,"NOSAIJ",2,"09b221dc-7cdd-44ae-9619-9a9d2a101daf"
"Steelhead (Puget Sound DPS)","Puget Sound steelhead","Puget Sound Steelhead DPS","Nisqually River - winter Steelhead","Steelhead","Winter","Nisqually River",2016,2035,"NOSAIJ",2,"09b221dc-7cdd-44ae-9619-9a9d2a101daf"
"Steelhead (Puget Sound DPS)","Puget Sound steelhead","Puget Sound Steelhead DPS","Nisqually River - winter Steelhead","Steelhead","Winter","Nisqually River",2017,622,"NOSAIJ",2,"09b221dc-7cdd-44ae-9619-9a9d2a101daf"
"Steelhead (Puget Sound DPS)","Puget Sound steelhead","Puget Sound Steelhead DPS","Nisqually River - winter Steelhead","Steelhead","Winter","Nisqually River",2018,1767,"NOSAIJ",2,"09b221dc-7cdd-44ae-9619-9a9d2a101daf"
"Steelhead (Puget Sound DPS)","Puget Sound steelhead","Puget Sound Steelhead DPS","Nisqually River - winter Steelhead","Steelhead","Winter","Nisqually River",2019,1957,"NOSAIJ",2,"09b221dc-7cdd-44ae-9619-9a9d2a101daf"
"Steelhead (Puget Sound DPS)","Puget Sound steelhead","Puget Sound Steelhead DPS","Nisqually River - winter Steelhead","Steelhead","Winter","Nisqually River",2020,1411,"NOSAIJ",2,"09b221dc-7cdd-44ae-9619-9a9d2a101daf"
"Steelhead (Puget Sound DPS)","Puget Sound steelhead","Puget Sound Steelhead DPS","Nisqually River - winter Steelhead","Steelhead","Winter","Nisqually River",2021,1168,"NOSAIJ",2,"09b221dc-7cdd-44ae-9619-9a9d2a101daf"
"Steelhead (Puget Sound DPS)","Puget Sound steelhead","Puget Sound Steelhead DPS","Nisqually River - winter Steelhead","Steelhead","Winter","Nisqually River",2022,604,"NOSAIJ",2,"09b221dc-7cdd-44ae-9619-9a9d2a101daf"
"Steelhead (Puget Sound DPS)","Puget Sound steelhead","Puget Sound Steelhead DPS","Nisqually River - winter Steelhead","Steelhead","Winter","Nisqually River",2023,650,"NOSAIJ",2,"09b221dc-7cdd-44ae-9619-9a9d2a101daf"
"Steelhead (Puget Sound DPS)","Puget Sound steelhead","Puget Sound Steelhead DPS","Nisqually River - winter Steelhead","Steelhead","Winter","Nisqually River",2024,1533,"NOSAIJ",2,"09b221dc-7cdd-44ae-9619-9a9d2a101daf"
"Steelhead (Puget Sound DPS)","Puget Sound steelhead","Puget Sound Steelhead DPS","Nisqually River - winter Steelhead","Steelhead","Winter","Nisqually River",2025,928,"NOSAIJ",2,"09b221dc-7cdd-44ae-9619-9a9d2a101daf"
"Steelhead (Puget Sound DPS)","Puget Sound steelhead","Puget Sound Steelhead DPS","Nooksack River - winter Steelhead","Steelhead","Winter","Nooksack River",2010,1901,"NOSAIJ",1,"dcfc1e5a-23b8-4a75-85f8-1423f0e692f1"
"Steelhead (Puget Sound DPS)","Puget Sound steelhead","Puget Sound Steelhead DPS","Nooksack River - winter Steelhead","Steelhead","Winter","Nooksack River",2011,1774,"NOSAIJ",1,"dcfc1e5a-23b8-4a75-85f8-1423f0e692f1"
"Steelhead (Puget Sound DPS)","Puget Sound steelhead","Puget Sound Steelhead DPS","Nooksack River - winter Steelhead","Steelhead","Winter","Nooksack River",2012,1747,"NOSAIJ",1,"dcfc1e5a-23b8-4a75-85f8-1423f0e692f1"
"Steelhead (Puget Sound DPS)","Puget Sound steelhead","Puget Sound Steelhead DPS","Nooksack River - winter Steelhead","Steelhead","Winter","Nooksack River",2013,1805,"NOSAIJ",1,"dcfc1e5a-23b8-4a75-85f8-1423f0e692f1"
"Steelhead (Puget Sound DPS)","Puget Sound steelhead","Puget Sound Steelhead DPS","Nooksack River - winter Steelhead","Steelhead","Winter","Nooksack River",2014,1521,"NOSAIJ",1,"dcfc1e5a-23b8-4a75-85f8-1423f0e692f1"
"Steelhead (Puget Sound DPS)","Puget Sound steelhead","Puget Sound Steelhead DPS","Nooksack River - winter Steelhead","Steelhead","Winter","Nooksack River",2015,2082,"NOSAIJ",1,"dcfc1e5a-23b8-4a75-85f8-1423f0e692f1"
"Steelhead (Puget Sound DPS)","Puget Sound steelhead","Puget Sound Steelhead DPS","Nooksack River - winter Steelhead","Steelhead","Winter","Nooksack River",2016,1842,"NOSAIJ",1,"dcfc1e5a-23b8-4a75-85f8-1423f0e692f1"
"Steelhead (Puget Sound DPS)","Puget Sound steelhead","Puget Sound Steelhead DPS","Nooksack River - winter Steelhead","Steelhead","Winter","Nooksack River",2017,1714,"NOSAIJ",1,"dcfc1e5a-23b8-4a75-85f8-1423f0e692f1"
"Steelhead (Puget Sound DPS)","Puget Sound steelhead","Puget Sound Steelhead DPS","Nooksack River - winter Steelhead","Steelhead","Winter","Nooksack River",2018,2006,"NOSAIJ",1,"dcfc1e5a-23b8-4a75-85f8-1423f0e692f1"
"Steelhead (Puget Sound DPS)","Puget Sound steelhead","Puget Sound Steelhead DPS","Nooksack River - winter Steelhead","Steelhead","Winter","Nooksack River",2019,1643,"NOSAIJ",1,"dcfc1e5a-23b8-4a75-85f8-1423f0e692f1"
"Steelhead (Puget Sound DPS)","Puget Sound steelhead","Puget Sound Steelhead DPS","Nooksack River - winter Steelhead","Steelhead","Winter","Nooksack River",2021,1314,"NOSAIJ",1,"dcfc1e5a-23b8-4a75-85f8-1423f0e692f1"
"Steelhead (Puget Sound DPS)","Puget Sound steelhead","Puget Sound Steelhead DPS","Nooksack River - winter Steelhead","Steelhead","Winter","Nooksack River",2022,1303,"NOSAIJ",1,"dcfc1e5a-23b8-4a75-85f8-1423f0e692f1"
"Steelhead (Puget Sound DPS)","Puget Sound steelhead","Puget Sound Steelhead DPS","Nooksack River - winter Steelhead","Steelhead","Winter","Nooksack River",2023,1447,"NOSAIJ",1,"dcfc1e5a-23b8-4a75-85f8-1423f0e692f1"
"Steelhead (Puget Sound DPS)","Puget Sound steelhead","Puget Sound Steelhead DPS","Nooksack River - winter Steelhead","Steelhead","Winter","Nooksack River",2024,1229,"NOSAIJ",1,"dcfc1e5a-23b8-4a75-85f8-1423f0e692f1"
"Steelhead (Puget Sound DPS)","Puget Sound steelhead","Puget Sound Steelhead DPS","Nooksack River - winter Steelhead","Steelhead","Winter","Nooksack River",2025,900,"NOSAIJ",1,"dcfc1e5a-23b8-4a75-85f8-1423f0e692f1"
"Steelhead (Puget Sound DPS)","Puget Sound steelhead","Puget Sound Steelhead DPS","Pilchuck River - winter Steelhead","Steelhead","Winter","Pilchuck River",2007,976,"TSAIJ",1,"751f6812-0bde-4468-a5ab-5a97801ade9d"
"Steelhead (Puget Sound DPS)","Puget Sound steelhead","Puget Sound Steelhead DPS","Pilchuck River - winter Steelhead","Steelhead","Winter","Pilchuck River",2008,646,"TSAIJ",1,"751f6812-0bde-4468-a5ab-5a97801ade9d"
"Steelhead (Puget Sound DPS)","Puget Sound steelhead","Puget Sound Steelhead DPS","Pilchuck River - winter Steelhead","Steelhead","Winter","Pilchuck River",2009,344,"TSAIJ",1,"751f6812-0bde-4468-a5ab-5a97801ade9d"
"Steelhead (Puget Sound DPS)","Puget Sound steelhead","Puget Sound Steelhead DPS","Pilchuck River - winter Steelhead","Steelhead","Winter","Pilchuck River",2010,294,"TSAIJ",1,"751f6812-0bde-4468-a5ab-5a97801ade9d"
"Steelhead (Puget Sound DPS)","Puget Sound steelhead","Puget Sound Steelhead DPS","Pilchuck River - winter Steelhead","Steelhead","Winter","Pilchuck River",2011,552,"TSAIJ",1,"751f6812-0bde-4468-a5ab-5a97801ade9d"
"Steelhead (Puget Sound DPS)","Puget Sound steelhead","Puget Sound Steelhead DPS","Pilchuck River - winter Steelhead","Steelhead","Winter","Pilchuck River",2012,848,"TSAIJ",1,"751f6812-0bde-4468-a5ab-5a97801ade9d"
"Steelhead (Puget Sound DPS)","Puget Sound steelhead","Puget Sound Steelhead DPS","Pilchuck River - winter Steelhead","Steelhead","Winter","Pilchuck River",2013,1036,"TSAIJ",1,"751f6812-0bde-4468-a5ab-5a97801ade9d"
"Steelhead (Puget Sound DPS)","Puget Sound steelhead","Puget Sound Steelhead DPS","Pilchuck River - winter Steelhead","Steelhead","Winter","Pilchuck River",2014,676,"TSAIJ",1,"751f6812-0bde-4468-a5ab-5a97801ade9d"
"Steelhead (Puget Sound DPS)","Puget Sound steelhead","Puget Sound Steelhead DPS","Pilchuck River - winter Steelhead","Steelhead","Winter","Pilchuck River",2015,1008,"TSAIJ",1,"751f6812-0bde-4468-a5ab-5a97801ade9d"
"Steelhead (Puget Sound DPS)","Puget Sound steelhead","Puget Sound Steelhead DPS","Pilchuck River - winter Steelhead","Steelhead","Winter","Pilchuck River",2016,822,"TSAIJ",1,"751f6812-0bde-4468-a5ab-5a97801ade9d"
"Steelhead (Puget Sound DPS)","Puget Sound steelhead","Puget Sound Steelhead DPS","Pilchuck River - winter Steelhead","Steelhead","Winter","Pilchuck River",2017,644,"TSAIJ",1,"751f6812-0bde-4468-a5ab-5a97801ade9d"
"Steelhead (Puget Sound DPS)","Puget Sound steelhead","Puget Sound Steelhead DPS","Pilchuck River - winter Steelhead","Steelhead","Winter","Pilchuck River",2018,588,"TSAIJ",1,"751f6812-0bde-4468-a5ab-5a97801ade9d"
"Steelhead (Puget Sound DPS)","Puget Sound steelhead","Puget Sound Steelhead DPS","Pilchuck River - winter Steelhead","Steelhead","Winter","Pilchuck River",2019,336,"TSAIJ",1,"751f6812-0bde-4468-a5ab-5a97801ade9d"
"Steelhead (Puget Sound DPS)","Puget Sound steelhead","Puget Sound Steelhead DPS","Pilchuck River - winter Steelhead","Steelhead","Winter","Pilchuck River",2020,626,"TSAIJ",1,"751f6812-0bde-4468-a5ab-5a97801ade9d"
"Steelhead (Puget Sound DPS)","Puget Sound steelhead","Puget Sound Steelhead DPS","Pilchuck River - winter Steelhead","Steelhead","Winter","Pilchuck River",2021,316,"TSAIJ",1,"751f6812-0bde-4468-a5ab-5a97801ade9d"
"Steelhead (Puget Sound DPS)","Puget Sound steelhead","Puget Sound Steelhead DPS","Pilchuck River - winter Steelhead","Steelhead","Winter","Pilchuck River",2022,276,"TSAIJ",1,"751f6812-0bde-4468-a5ab-5a97801ade9d"
"Steelhead (Puget Sound DPS)","Puget Sound steelhead","Puget Sound Steelhead DPS","Pilchuck River - winter Steelhead","Steelhead","Winter","Pilchuck River",2023,134,"TSAIJ",1,"751f6812-0bde-4468-a5ab-5a97801ade9d"
"Steelhead (Puget Sound DPS)","Puget Sound steelhead","Puget Sound Steelhead DPS","Pilchuck River - winter Steelhead","Steelhead","Winter","Pilchuck River",2024,230,"TSAIJ",1,"751f6812-0bde-4468-a5ab-5a97801ade9d"
"Steelhead (Puget Sound DPS)","Puget Sound steelhead","Puget Sound Steelhead DPS","Pilchuck River - winter Steelhead","Steelhead","Winter","Pilchuck River",2025,178,"TSAIJ",1,"751f6812-0bde-4468-a5ab-5a97801ade9d"
"Steelhead (Puget Sound DPS)","Puget Sound steelhead","North Sound","Samish River and Bellingham Bay Tributaries - winter Steelhead","Steelhead","Winter","Samish River",2007,494,"TSAIJ",1,"811f45d1-00fe-495c-8daa-7d548d6967b1"
"Steelhead (Puget Sound DPS)","Puget Sound steelhead","North Sound","Samish River and Bellingham Bay Tributaries - winter Steelhead","Steelhead","Winter","Samish River",2008,432,"TSAIJ",1,"811f45d1-00fe-495c-8daa-7d548d6967b1"
"Steelhead (Puget Sound DPS)","Puget Sound steelhead","North Sound","Samish River and Bellingham Bay Tributaries - winter Steelhead","Steelhead","Winter","Samish River",2009,434,"TSAIJ",1,"811f45d1-00fe-495c-8daa-7d548d6967b1"
"Steelhead (Puget Sound DPS)","Puget Sound steelhead","North Sound","Samish River and Bellingham Bay Tributaries - winter Steelhead","Steelhead","Winter","Samish River",2010,697,"TSAIJ",1,"454eaada-b40c-46b7-9187-df63eb78b474"
"Steelhead (Puget Sound DPS)","Puget Sound steelhead","North Sound","Samish River and Bellingham Bay Tributaries - winter Steelhead","Steelhead","Winter","Samish River",2011,1028,"TSAIJ",1,"454eaada-b40c-46b7-9187-df63eb78b474"
"Steelhead (Puget Sound DPS)","Puget Sound steelhead","North Sound","Samish River and Bellingham Bay Tributaries - winter Steelhead","Steelhead","Winter","Samish River",2012,524,"TSAIJ",1,"454eaada-b40c-46b7-9187-df63eb78b474"
"Steelhead (Puget Sound DPS)","Puget Sound steelhead","North Sound","Samish River and Bellingham Bay Tributaries - winter Steelhead","Steelhead","Winter","Samish River",2013,916,"TSAIJ",1,"454eaada-b40c-46b7-9187-df63eb78b474"
"Steelhead (Puget Sound DPS)","Puget Sound steelhead","North Sound","Samish River and Bellingham Bay Tributaries - winter Steelhead","Steelhead","Winter","Samish River",2014,680,"TSAIJ",1,"454eaada-b40c-46b7-9187-df63eb78b474"
"Steelhead (Puget Sound DPS)","Puget Sound steelhead","North Sound","Samish River and Bellingham Bay Tributaries - winter Steelhead","Steelhead","Winter","Samish River",2015,1876,"TSAIJ",1,"454eaada-b40c-46b7-9187-df63eb78b474"
"Steelhead (Puget Sound DPS)","Puget Sound steelhead","North Sound","Samish River and Bellingham Bay Tributaries - winter Steelhead","Steelhead","Winter","Samish River",2016,1456,"TSAIJ",1,"454eaada-b40c-46b7-9187-df63eb78b474"
"Steelhead (Puget Sound DPS)","Puget Sound steelhead","North Sound","Samish River and Bellingham Bay Tributaries - winter Steelhead","Steelhead","Winter","Samish River",2017,862,"TSAIJ",1,"454eaada-b40c-46b7-9187-df63eb78b474"
"Steelhead (Puget Sound DPS)","Puget Sound steelhead","North Sound","Samish River and Bellingham Bay Tributaries - winter Steelhead","Steelhead","Winter","Samish River",2018,1232,"TSAIJ",1,"454eaada-b40c-46b7-9187-df63eb78b474"
"Steelhead (Puget Sound DPS)","Puget Sound steelhead","North Sound","Samish River and Bellingham Bay Tributaries - winter Steelhead","Steelhead","Winter","Samish River",2019,390,"TSAIJ",1,"454eaada-b40c-46b7-9187-df63eb78b474"
"Steelhead (Puget Sound DPS)","Puget Sound steelhead","North Sound","Samish River and Bellingham Bay Tributaries - winter Steelhead","Steelhead","Winter","Samish River",2021,767,"TSAIJ",1,"454eaada-b40c-46b7-9187-df63eb78b474"
"Steelhead (Puget Sound DPS)","Puget Sound steelhead","North Sound","Samish River and Bellingham Bay Tributaries - winter Steelhead","Steelhead","Winter","Samish River",2022,746,"TSAIJ",1,"454eaada-b40c-46b7-9187-df63eb78b474"
"Steelhead (Puget Sound DPS)","Puget Sound steelhead","North Sound","Samish River and Bellingham Bay Tributaries - winter Steelhead","Steelhead","Winter","Samish River",2023,899,"TSAIJ",1,"454eaada-b40c-46b7-9187-df63eb78b474"
"Steelhead (Puget Sound DPS)","Puget Sound steelhead","North Sound","Samish River and Bellingham Bay Tributaries - winter Steelhead","Steelhead","Winter","Samish River",2024,457,"TSAIJ",1,"454eaada-b40c-46b7-9187-df63eb78b474"
"Steelhead (Puget Sound DPS)","Puget Sound steelhead","North Sound","Samish River and Bellingham Bay Tributaries - winter Steelhead","Steelhead","Winter","Samish River",2025,180,"TSAIJ",1,"454eaada-b40c-46b7-9187-df63eb78b474"
"Steelhead (Puget Sound DPS)","Puget Sound steelhead","Puget Sound Steelhead DPS","Skagit River - summer and winter Steelhead","Steelhead","Summer Winter","Skagit River",2007,4242,"TSAIJ",1,"7cbe5a62-5208-426b-a4d4-91ea286d3e08"
"Steelhead (Puget Sound DPS)","Puget Sound steelhead","Puget Sound Steelhead DPS","Skagit River - summer and winter Steelhead","Steelhead","Summer Winter","Skagit River",2008,4887,"TSAIJ",1,"7cbe5a62-5208-426b-a4d4-91ea286d3e08"
"Steelhead (Puget Sound DPS)","Puget Sound steelhead","Puget Sound Steelhead DPS","Skagit River - summer and winter Steelhead","Steelhead","Summer Winter","Skagit River",2009,2502,"TSAIJ",1,"7cbe5a62-5208-426b-a4d4-91ea286d3e08"
"Steelhead (Puget Sound DPS)","Puget Sound steelhead","Puget Sound Steelhead DPS","Skagit River - summer and winter Steelhead","Steelhead","Summer Winter","Skagit River",2010,3981,"TSAIJ",1,"7cbe5a62-5208-426b-a4d4-91ea286d3e08"
"Steelhead (Puget Sound DPS)","Puget Sound steelhead","Puget Sound Steelhead DPS","Skagit River - summer and winter Steelhead","Steelhead","Summer Winter","Skagit River",2011,5462,"TSAIJ",1,"7cbe5a62-5208-426b-a4d4-91ea286d3e08"
"Steelhead (Puget Sound DPS)","Puget Sound steelhead","Puget Sound Steelhead DPS","Skagit River - summer and winter Steelhead","Steelhead","Summer Winter","Skagit River",2012,6185,"TSAIJ",1,"7cbe5a62-5208-426b-a4d4-91ea286d3e08"
"Steelhead (Puget Sound DPS)","Puget Sound steelhead","Puget Sound Steelhead DPS","Skagit River - summer and winter Steelhead","Steelhead","Summer Winter","Skagit River",2013,8727,"TSAIJ",1,"7cbe5a62-5208-426b-a4d4-91ea286d3e08"
"Steelhead (Puget Sound DPS)","Puget Sound steelhead","Puget Sound Steelhead DPS","Skagit River - summer and winter Steelhead","Steelhead","Summer Winter","Skagit River",2014,9084,"TSAIJ",1,"7cbe5a62-5208-426b-a4d4-91ea286d3e08"
"Steelhead (Puget Sound DPS)","Puget Sound steelhead","Puget Sound Steelhead DPS","Skagit River - summer and winter Steelhead","Steelhead","Summer Winter","Skagit River",2015,8644,"TSAIJ",1,"7cbe5a62-5208-426b-a4d4-91ea286d3e08"
"Steelhead (Puget Sound DPS)","Puget Sound steelhead","Puget Sound Steelhead DPS","Skagit River - summer and winter Steelhead","Steelhead","Summer Winter","Skagit River",2016,7926,"TSAIJ",1,"7cbe5a62-5208-426b-a4d4-91ea286d3e08"
"Steelhead (Puget Sound DPS)","Puget Sound steelhead","Puget Sound Steelhead DPS","Skagit River - summer and winter Steelhead","Steelhead","Summer Winter","Skagit River",2017,6380,"TSAIJ",1,"7cbe5a62-5208-426b-a4d4-91ea286d3e08"
"Steelhead (Puget Sound DPS)","Puget Sound steelhead","Puget Sound Steelhead DPS","Skagit River - summer and winter Steelhead","Steelhead","Summer Winter","Skagit River",2018,6084,"TSAIJ",1,"7cbe5a62-5208-426b-a4d4-91ea286d3e08"
"Steelhead (Puget Sound DPS)","Puget Sound steelhead","Puget Sound Steelhead DPS","Skagit River - summer and winter Steelhead","Steelhead","Summer Winter","Skagit River",2019,4314,"TSAIJ",1,"7cbe5a62-5208-426b-a4d4-91ea286d3e08"
"Steelhead (Puget Sound DPS)","Puget Sound steelhead","Puget Sound Steelhead DPS","Skagit River - summer and winter Steelhead","Steelhead","Summer Winter","Skagit River",2020,3020,"TSAIJ",1,"920eaf8e-e900-4b5b-9b51-cb8e684b77cc"
"Steelhead (Puget Sound DPS)","Puget Sound steelhead","Puget Sound Steelhead DPS","Skagit River - summer and winter Steelhead","Steelhead","Summer Winter","Skagit River",2021,3369,"TSAIJ",1,"7cbe5a62-5208-426b-a4d4-91ea286d3e08"
"Steelhead (Puget Sound DPS)","Puget Sound steelhead","Puget Sound Steelhead DPS","Skagit River - summer and winter Steelhead","Steelhead","Summer Winter","Skagit River",2022,5601,"TSAIJ",1,"920eaf8e-e900-4b5b-9b51-cb8e684b77cc"
"Steelhead (Puget Sound DPS)","Puget Sound steelhead","Puget Sound Steelhead DPS","Skagit River - summer and winter Steelhead","Steelhead","Summer Winter","Skagit River",2023,4589,"TSAIJ",1,"920eaf8e-e900-4b5b-9b51-cb8e684b77cc"
"Steelhead (Puget Sound DPS)","Puget Sound steelhead","Puget Sound Steelhead DPS","Skagit River - summer and winter Steelhead","Steelhead","Summer Winter","Skagit River",2024,6873,"TSAIJ",1,"7cbe5a62-5208-426b-a4d4-91ea286d3e08"
"Steelhead (Puget Sound DPS)","Puget Sound steelhead","Puget Sound Steelhead DPS","Skagit River - summer and winter Steelhead","Steelhead","Summer Winter","Skagit River",2025,4512,"TSAIJ",1,"7cbe5a62-5208-426b-a4d4-91ea286d3e08"
"Steelhead (Puget Sound DPS)","Puget Sound steelhead","Puget Sound Steelhead DPS","Snohomish/Skykomish Rivers - winter Steelhead","Steelhead","Winter","Snohomish/Skykomish Rivers",2010,732,"TSAIJ",1,"c120bfb0-ab7d-4fb4-b1fa-8fa406a00e2f"
"Steelhead (Puget Sound DPS)","Puget Sound steelhead","Puget Sound Steelhead DPS","Snohomish/Skykomish Rivers - winter Steelhead","Steelhead","Winter","Snohomish/Skykomish Rivers",2011,1150,"TSAIJ",1,"c120bfb0-ab7d-4fb4-b1fa-8fa406a00e2f"
"Steelhead (Puget Sound DPS)","Puget Sound steelhead","Puget Sound Steelhead DPS","Snohomish/Skykomish Rivers - winter Steelhead","Steelhead","Winter","Snohomish/Skykomish Rivers",2012,876,"TSAIJ",1,"c120bfb0-ab7d-4fb4-b1fa-8fa406a00e2f"
"Steelhead (Puget Sound DPS)","Puget Sound steelhead","Puget Sound Steelhead DPS","Snohomish/Skykomish Rivers - winter Steelhead","Steelhead","Winter","Snohomish/Skykomish Rivers",2013,1008,"TSAIJ",1,"c120bfb0-ab7d-4fb4-b1fa-8fa406a00e2f"
"Steelhead (Puget Sound DPS)","Puget Sound steelhead","Puget Sound Steelhead DPS","Snohomish/Skykomish Rivers - winter Steelhead","Steelhead","Winter","Snohomish/Skykomish Rivers",2014,1188,"TSAIJ",1,"c120bfb0-ab7d-4fb4-b1fa-8fa406a00e2f"
"Steelhead (Puget Sound DPS)","Puget Sound steelhead","Puget Sound Steelhead DPS","Snohomish/Skykomish Rivers - winter Steelhead","Steelhead","Winter","Snohomish/Skykomish Rivers",2015,940,"TSAIJ",1,"c120bfb0-ab7d-4fb4-b1fa-8fa406a00e2f"
"Steelhead (Puget Sound DPS)","Puget Sound steelhead","Puget Sound Steelhead DPS","Snohomish/Skykomish Rivers - winter Steelhead","Steelhead","Winter","Snohomish/Skykomish Rivers",2016,1312,"TSAIJ",1,"c120bfb0-ab7d-4fb4-b1fa-8fa406a00e2f"
"Steelhead (Puget Sound DPS)","Puget Sound steelhead","Puget Sound Steelhead DPS","Snohomish/Skykomish Rivers - winter Steelhead","Steelhead","Winter","Snohomish/Skykomish Rivers",2017,888,"TSAIJ",1,"c120bfb0-ab7d-4fb4-b1fa-8fa406a00e2f"
"Steelhead (Puget Sound DPS)","Puget Sound steelhead","Puget Sound Steelhead DPS","Snohomish/Skykomish Rivers - winter Steelhead","Steelhead","Winter","Snohomish/Skykomish Rivers",2018,372,"TSAIJ",1,"c120bfb0-ab7d-4fb4-b1fa-8fa406a00e2f"
"Steelhead (Puget Sound DPS)","Puget Sound steelhead","Puget Sound Steelhead DPS","Snohomish/Skykomish Rivers - winter Steelhead","Steelhead","Winter","Snohomish/Skykomish Rivers",2019,385,"TSAIJ",1,"c120bfb0-ab7d-4fb4-b1fa-8fa406a00e2f"
"Steelhead (Puget Sound DPS)","Puget Sound steelhead","Puget Sound Steelhead DPS","Snohomish/Skykomish Rivers - winter Steelhead","Steelhead","Winter","Snohomish/Skykomish Rivers",2020,538,"TSAIJ",1,"c120bfb0-ab7d-4fb4-b1fa-8fa406a00e2f"
"Steelhead (Puget Sound DPS)","Puget Sound steelhead","Puget Sound Steelhead DPS","Snohomish/Skykomish Rivers - winter Steelhead","Steelhead","Winter","Snohomish/Skykomish Rivers",2021,546,"TSAIJ",1,"c120bfb0-ab7d-4fb4-b1fa-8fa406a00e2f"
"Steelhead (Puget Sound DPS)","Puget Sound steelhead","Puget Sound Steelhead DPS","Snohomish/Skykomish Rivers - winter Steelhead","Steelhead","Winter","Snohomish/Skykomish Rivers",2022,748,"TSAIJ",1,"c120bfb0-ab7d-4fb4-b1fa-8fa406a00e2f"
"Steelhead (Puget Sound DPS)","Puget Sound steelhead","Puget Sound Steelhead DPS","Snohomish/Skykomish Rivers - winter Steelhead","Steelhead","Winter","Snohomish/Skykomish Rivers",2023,772,"TSAIJ",1,"c120bfb0-ab7d-4fb4-b1fa-8fa406a00e2f"
"Steelhead (Puget Sound DPS)","Puget Sound steelhead","Puget Sound Steelhead DPS","Snohomish/Skykomish Rivers - winter Steelhead","Steelhead","Winter","Snohomish/Skykomish Rivers",2024,1194,"TSAIJ",1,"c120bfb0-ab7d-4fb4-b1fa-8fa406a00e2f"
"Steelhead (Puget Sound DPS)","Puget Sound steelhead","Puget Sound Steelhead DPS","Snohomish/Skykomish Rivers - winter Steelhead","Steelhead","Winter","Snohomish/Skykomish Rivers",2025,594,"TSAIJ",1,"c120bfb0-ab7d-4fb4-b1fa-8fa406a00e2f"
"Steelhead (Puget Sound DPS)","Puget Sound steelhead","Puget Sound Steelhead DPS","Snoqualmie River - winter Steelhead","Steelhead","Winter","Snoqualmie River",2007,992,"TSAIJ",1,"bc35defa-0976-47da-8ee3-1837e9fbaea4"
"Steelhead (Puget Sound DPS)","Puget Sound steelhead","Puget Sound Steelhead DPS","Snoqualmie River - winter Steelhead","Steelhead","Winter","Snoqualmie River",2010,662,"TSAIJ",1,"bc35defa-0976-47da-8ee3-1837e9fbaea4"
"Steelhead (Puget Sound DPS)","Puget Sound steelhead","Puget Sound Steelhead DPS","Snoqualmie River - winter Steelhead","Steelhead","Winter","Snoqualmie River",2011,664,"TSAIJ",1,"bc35defa-0976-47da-8ee3-1837e9fbaea4"
"Steelhead (Puget Sound DPS)","Puget Sound steelhead","Puget Sound Steelhead DPS","Snoqualmie River - winter Steelhead","Steelhead","Winter","Snoqualmie River",2012,792,"TSAIJ",1,"bc35defa-0976-47da-8ee3-1837e9fbaea4"
"Steelhead (Puget Sound DPS)","Puget Sound steelhead","Puget Sound Steelhead DPS","Snoqualmie River - winter Steelhead","Steelhead","Winter","Snoqualmie River",2013,614,"TSAIJ",1,"bc35defa-0976-47da-8ee3-1837e9fbaea4"
"Steelhead (Puget Sound DPS)","Puget Sound steelhead","Puget Sound Steelhead DPS","Snoqualmie River - winter Steelhead","Steelhead","Winter","Snoqualmie River",2014,822,"TSAIJ",1,"bc35defa-0976-47da-8ee3-1837e9fbaea4"
"Steelhead (Puget Sound DPS)","Puget Sound steelhead","Puget Sound Steelhead DPS","Snoqualmie River - winter Steelhead","Steelhead","Winter","Snoqualmie River",2015,966,"TSAIJ",1,"bc35defa-0976-47da-8ee3-1837e9fbaea4"
"Steelhead (Puget Sound DPS)","Puget Sound steelhead","Puget Sound Steelhead DPS","Snoqualmie River - winter Steelhead","Steelhead","Winter","Snoqualmie River",2016,986,"TSAIJ",1,"bc35defa-0976-47da-8ee3-1837e9fbaea4"
"Steelhead (Puget Sound DPS)","Puget Sound steelhead","Puget Sound Steelhead DPS","Snoqualmie River - winter Steelhead","Steelhead","Winter","Snoqualmie River",2017,460,"TSAIJ",1,"bc35defa-0976-47da-8ee3-1837e9fbaea4"
"Steelhead (Puget Sound DPS)","Puget Sound steelhead","Puget Sound Steelhead DPS","Snoqualmie River - winter Steelhead","Steelhead","Winter","Snoqualmie River",2018,292,"TSAIJ",1,"bc35defa-0976-47da-8ee3-1837e9fbaea4"
"Steelhead (Puget Sound DPS)","Puget Sound steelhead","Puget Sound Steelhead DPS","Snoqualmie River - winter Steelhead","Steelhead","Winter","Snoqualmie River",2019,244,"TSAIJ",1,"bc35defa-0976-47da-8ee3-1837e9fbaea4"
"Steelhead (Puget Sound DPS)","Puget Sound steelhead","Puget Sound Steelhead DPS","Snoqualmie River - winter Steelhead","Steelhead","Winter","Snoqualmie River",2020,434,"TSAIJ",1,"bc35defa-0976-47da-8ee3-1837e9fbaea4"
"Steelhead (Puget Sound DPS)","Puget Sound steelhead","Puget Sound Steelhead DPS","Snoqualmie River - winter Steelhead","Steelhead","Winter","Snoqualmie River",2021,592,"TSAIJ",1,"bc35defa-0976-47da-8ee3-1837e9fbaea4"
"Steelhead (Puget Sound DPS)","Puget Sound steelhead","Puget Sound Steelhead DPS","Snoqualmie River - winter Steelhead","Steelhead","Winter","Snoqualmie River",2022,838,"TSAIJ",1,"bc35defa-0976-47da-8ee3-1837e9fbaea4"
"Steelhead (Puget Sound DPS)","Puget Sound steelhead","Puget Sound Steelhead DPS","Snoqualmie River - winter Steelhead","Steelhead","Winter","Snoqualmie River",2023,560,"TSAIJ",1,"bc35defa-0976-47da-8ee3-1837e9fbaea4"
"Steelhead (Puget Sound DPS)","Puget Sound steelhead","Puget Sound Steelhead DPS","Snoqualmie River - winter Steelhead","Steelhead","Winter","Snoqualmie River",2024,748,"TSAIJ",1,"bc35defa-0976-47da-8ee3-1837e9fbaea4"
"Steelhead (Puget Sound DPS)","Puget Sound steelhead","Puget Sound Steelhead DPS","Snoqualmie River - winter Steelhead","Steelhead","Winter","Snoqualmie River",2025,488,"TSAIJ",1,"bc35defa-0976-47da-8ee3-1837e9fbaea4"
"Steelhead (Puget Sound DPS)","Puget Sound steelhead","Hood Canal and Strait of Juan de Fuca","South Hood Canal Tributaries - winter Steelhead","Steelhead","Winter","Tahuya River,Union River",2007,201,"TSAEJ",1,"7ca0b66d-5e0c-4f34-91f0-54b52d0af38c"
"Steelhead (Puget Sound DPS)","Puget Sound steelhead","Hood Canal and Strait of Juan de Fuca","South Hood Canal Tributaries - winter Steelhead","Steelhead","Winter","Tahuya River,Union River",2008,159,"TSAEJ",1,"7ca0b66d-5e0c-4f34-91f0-54b52d0af38c"
"Steelhead (Puget Sound DPS)","Puget Sound steelhead","Hood Canal and Strait of Juan de Fuca","South Hood Canal Tributaries - winter Steelhead","Steelhead","Winter","Tahuya River,Union River",2009,68,"TSAEJ",1,"7ca0b66d-5e0c-4f34-91f0-54b52d0af38c"
"Steelhead (Puget Sound DPS)","Puget Sound steelhead","Hood Canal and Strait of Juan de Fuca","South Hood Canal Tributaries - winter Steelhead","Steelhead","Winter","Tahuya River,Union River",2010,89,"TSAEJ",1,"7ca0b66d-5e0c-4f34-91f0-54b52d0af38c"
"Steelhead (Puget Sound DPS)","Puget Sound steelhead","Hood Canal and Strait of Juan de Fuca","South Hood Canal Tributaries - winter Steelhead","Steelhead","Winter","Tahuya River,Union River",2011,58,"TSAEJ",1,"7ca0b66d-5e0c-4f34-91f0-54b52d0af38c"
"Steelhead (Puget Sound DPS)","Puget Sound steelhead","Hood Canal and Strait of Juan de Fuca","South Hood Canal Tributaries - winter Steelhead","Steelhead","Winter","Tahuya River,Union River",2012,94,"TSAEJ",1,"7ca0b66d-5e0c-4f34-91f0-54b52d0af38c"
"Steelhead (Puget Sound DPS)","Puget Sound steelhead","Hood Canal and Strait of Juan de Fuca","South Hood Canal Tributaries - winter Steelhead","Steelhead","Winter","Tahuya River,Union River",2013,76,"TSAEJ",1,"7ca0b66d-5e0c-4f34-91f0-54b52d0af38c"
"Steelhead (Puget Sound DPS)","Puget Sound steelhead","Hood Canal and Strait of Juan de Fuca","South Hood Canal Tributaries - winter Steelhead","Steelhead","Winter","Tahuya River,Union River",2014,43,"TSAEJ",1,"7ca0b66d-5e0c-4f34-91f0-54b52d0af38c"
"Steelhead (Puget Sound DPS)","Puget Sound steelhead","Hood Canal and Strait of Juan de Fuca","South Hood Canal Tributaries - winter Steelhead","Steelhead","Winter","Tahuya River,Union River",2015,90,"TSAEJ",1,"7ca0b66d-5e0c-4f34-91f0-54b52d0af38c"
"Steelhead (Puget Sound DPS)","Puget Sound steelhead","Hood Canal and Strait of Juan de Fuca","South Hood Canal Tributaries - winter Steelhead","Steelhead","Winter","Tahuya River,Union River",2016,77,"TSAEJ",1,"7ca0b66d-5e0c-4f34-91f0-54b52d0af38c"
"Steelhead (Puget Sound DPS)","Puget Sound steelhead","Hood Canal and Strait of Juan de Fuca","South Hood Canal Tributaries - winter Steelhead","Steelhead","Winter","Tahuya River,Union River",2017,29,"TSAEJ",1,"7ca0b66d-5e0c-4f34-91f0-54b52d0af38c"
"Steelhead (Puget Sound DPS)","Puget Sound steelhead","Hood Canal and Strait of Juan de Fuca","South Hood Canal Tributaries - winter Steelhead","Steelhead","Winter","Tahuya River,Union River",2018,132,"TSAEJ",1,"7ca0b66d-5e0c-4f34-91f0-54b52d0af38c"
"Steelhead (Puget Sound DPS)","Puget Sound steelhead","Hood Canal and Strait of Juan de Fuca","South Hood Canal Tributaries - winter Steelhead","Steelhead","Winter","Tahuya River,Union River",2019,112,"TSAEJ",1,"7ca0b66d-5e0c-4f34-91f0-54b52d0af38c"
"Steelhead (Puget Sound DPS)","Puget Sound steelhead","Hood Canal and Strait of Juan de Fuca","South Hood Canal Tributaries - winter Steelhead","Steelhead","Winter","Tahuya River,Union River",2020,89,"TSAEJ",1,"7ca0b66d-5e0c-4f34-91f0-54b52d0af38c"
"Steelhead (Puget Sound DPS)","Puget Sound steelhead","Hood Canal and Strait of Juan de Fuca","South Hood Canal Tributaries - winter Steelhead","Steelhead","Winter","Tahuya River,Union River",2021,79,"TSAEJ",1,"7ca0b66d-5e0c-4f34-91f0-54b52d0af38c"
"Steelhead (Puget Sound DPS)","Puget Sound steelhead","Hood Canal and Strait of Juan de Fuca","South Hood Canal Tributaries - winter Steelhead","Steelhead","Winter","Tahuya River,Union River",2022,45,"TSAEJ",1,"7ca0b66d-5e0c-4f34-91f0-54b52d0af38c"
"Steelhead (Puget Sound DPS)","Puget Sound steelhead","Hood Canal and Strait of Juan de Fuca","South Hood Canal Tributaries - winter Steelhead","Steelhead","Winter","Tahuya River,Union River",2023,57,"TSAEJ",1,"7ca0b66d-5e0c-4f34-91f0-54b52d0af38c"
"Steelhead (Puget Sound DPS)","Puget Sound steelhead","Hood Canal and Strait of Juan de Fuca","South Hood Canal Tributaries - winter Steelhead","Steelhead","Winter","Tahuya River,Union River",2024,83,"TSAEJ",1,"7ca0b66d-5e0c-4f34-91f0-54b52d0af38c"
"Steelhead (Puget Sound DPS)","Puget Sound steelhead","Hood Canal and Strait of Juan de Fuca","South Hood Canal Tributaries - winter Steelhead","Steelhead","Winter","Tahuya River,Union River",2025,40,"TSAEJ",1,"7ca0b66d-5e0c-4f34-91f0-54b52d0af38c"
"Steelhead (Puget Sound DPS)","Puget Sound steelhead","Puget Sound Steelhead DPS","Tolt River - summer Steelhead","Steelhead","Summer","Tolt River",2007,50,"TSAIJ",1,"2dc160b2-589d-44a5-bfcd-f242c964811f"
"Steelhead (Puget Sound DPS)","Puget Sound steelhead","Puget Sound Steelhead DPS","Tolt River - summer Steelhead","Steelhead","Summer","Tolt River",2008,52,"TSAIJ",1,"2dc160b2-589d-44a5-bfcd-f242c964811f"
"Steelhead (Puget Sound DPS)","Puget Sound steelhead","Puget Sound Steelhead DPS","Tolt River - summer Steelhead","Steelhead","Summer","Tolt River",2009,86,"TSAIJ",1,"2dc160b2-589d-44a5-bfcd-f242c964811f"
"Steelhead (Puget Sound DPS)","Puget Sound steelhead","Puget Sound Steelhead DPS","Tolt River - summer Steelhead","Steelhead","Summer","Tolt River",2010,116,"TSAIJ",1,"2dc160b2-589d-44a5-bfcd-f242c964811f"
"Steelhead (Puget Sound DPS)","Puget Sound steelhead","Puget Sound Steelhead DPS","Tolt River - summer Steelhead","Steelhead","Summer","Tolt River",2011,68,"TSAIJ",1,"2dc160b2-589d-44a5-bfcd-f242c964811f"
"Steelhead (Puget Sound DPS)","Puget Sound steelhead","Puget Sound Steelhead DPS","Tolt River - summer Steelhead","Steelhead","Summer","Tolt River",2012,122,"TSAIJ",1,"2dc160b2-589d-44a5-bfcd-f242c964811f"
"Steelhead (Puget Sound DPS)","Puget Sound steelhead","Puget Sound Steelhead DPS","Tolt River - summer Steelhead","Steelhead","Summer","Tolt River",2013,126,"TSAIJ",1,"2dc160b2-589d-44a5-bfcd-f242c964811f"
"Steelhead (Puget Sound DPS)","Puget Sound steelhead","Puget Sound Steelhead DPS","Tolt River - summer Steelhead","Steelhead","Summer","Tolt River",2014,124,"TSAIJ",1,"2dc160b2-589d-44a5-bfcd-f242c964811f"
"Steelhead (Puget Sound DPS)","Puget Sound steelhead","Puget Sound Steelhead DPS","Tolt River - summer Steelhead","Steelhead","Summer","Tolt River",2015,56,"TSAIJ",1,"2dc160b2-589d-44a5-bfcd-f242c964811f"
"Steelhead (Puget Sound DPS)","Puget Sound steelhead","Puget Sound Steelhead DPS","Tolt River - summer Steelhead","Steelhead","Summer","Tolt River",2016,16,"TSAIJ",1,"2dc160b2-589d-44a5-bfcd-f242c964811f"
"Steelhead (Puget Sound DPS)","Puget Sound steelhead","Puget Sound Steelhead DPS","Tolt River - summer Steelhead","Steelhead","Summer","Tolt River",2017,62,"TSAIJ",1,"2dc160b2-589d-44a5-bfcd-f242c964811f"
"Steelhead (Puget Sound DPS)","Puget Sound steelhead","Puget Sound Steelhead DPS","Tolt River - summer Steelhead","Steelhead","Summer","Tolt River",2018,30,"TSAIJ",1,"2dc160b2-589d-44a5-bfcd-f242c964811f"
"Steelhead (Puget Sound DPS)","Puget Sound steelhead","Puget Sound Steelhead DPS","Tolt River - summer Steelhead","Steelhead","Summer","Tolt River",2019,58,"TSAIJ",1,"2dc160b2-589d-44a5-bfcd-f242c964811f"
"Steelhead (Puget Sound DPS)","Puget Sound steelhead","Puget Sound Steelhead DPS","Tolt River - summer Steelhead","Steelhead","Summer","Tolt River",2020,38,"TSAIJ",1,"2dc160b2-589d-44a5-bfcd-f242c964811f"
"Steelhead (Puget Sound DPS)","Puget Sound steelhead","Puget Sound Steelhead DPS","Tolt River - summer Steelhead","Steelhead","Summer","Tolt River",2021,40,"TSAIJ",1,"2dc160b2-589d-44a5-bfcd-f242c964811f"
"Steelhead (Puget Sound DPS)","Puget Sound steelhead","Puget Sound Steelhead DPS","Tolt River - summer Steelhead","Steelhead","Summer","Tolt River",2022,44,"TSAIJ",1,"2dc160b2-589d-44a5-bfcd-f242c964811f"
"Steelhead (Puget Sound DPS)","Puget Sound steelhead","Puget Sound Steelhead DPS","Tolt River - summer Steelhead","Steelhead","Summer","Tolt River",2023,98,"TSAIJ",1,"2dc160b2-589d-44a5-bfcd-f242c964811f"
"Steelhead (Puget Sound DPS)","Puget Sound steelhead","Puget Sound Steelhead DPS","Tolt River - summer Steelhead","Steelhead","Summer","Tolt River",2024,108,"TSAIJ",1,"2dc160b2-589d-44a5-bfcd-f242c964811f"
"Steelhead (Puget Sound DPS)","Puget Sound steelhead","Puget Sound Steelhead DPS","Tolt River - summer Steelhead","Steelhead","Summer","Tolt River",2025,64,"TSAIJ",1,"2dc160b2-589d-44a5-bfcd-f242c964811f"
"Steelhead (Puget Sound DPS)","Puget Sound steelhead","Puget Sound Steelhead DPS","White River - winter Steelhead","Steelhead","Winter","White River",2007,276,"NOSAIJ",2,"fcb7a6a6-9818-4e6b-ad88-ebcc4dec4697"
"Steelhead (Puget Sound DPS)","Puget Sound steelhead","Puget Sound Steelhead DPS","White River - winter Steelhead","Steelhead","Winter","White River",2008,183,"NOSAIJ",2,"fcb7a6a6-9818-4e6b-ad88-ebcc4dec4697"
"Steelhead (Puget Sound DPS)","Puget Sound steelhead","Puget Sound Steelhead DPS","White River - winter Steelhead","Steelhead","Winter","White River",2009,146,"NOSAIJ",2,"fcb7a6a6-9818-4e6b-ad88-ebcc4dec4697"
"Steelhead (Puget Sound DPS)","Puget Sound steelhead","Puget Sound Steelhead DPS","White River - winter Steelhead","Steelhead","Winter","White River",2010,502,"NOSAIJ",2,"fcb7a6a6-9818-4e6b-ad88-ebcc4dec4697"
"Steelhead (Puget Sound DPS)","Puget Sound steelhead","Puget Sound Steelhead DPS","White River - winter Steelhead","Steelhead","Winter","White River",2011,517,"NOSAIJ",2,"fcb7a6a6-9818-4e6b-ad88-ebcc4dec4697"
"Steelhead (Puget Sound DPS)","Puget Sound steelhead","Puget Sound Steelhead DPS","White River - winter Steelhead","Steelhead","Winter","White River",2012,554,"NOSAIJ",2,"fcb7a6a6-9818-4e6b-ad88-ebcc4dec4697"
"Steelhead (Puget Sound DPS)","Puget Sound steelhead","Puget Sound Steelhead DPS","White River - winter Steelhead","Steelhead","Winter","White River",2013,546,"NOSAIJ",2,"fcb7a6a6-9818-4e6b-ad88-ebcc4dec4697"
"Steelhead (Puget Sound DPS)","Puget Sound steelhead","Puget Sound Steelhead DPS","White River - winter Steelhead","Steelhead","Winter","White River",2014,456,"NOSAIJ",2,"fcb7a6a6-9818-4e6b-ad88-ebcc4dec4697"
"Steelhead (Puget Sound DPS)","Puget Sound steelhead","Puget Sound Steelhead DPS","White River - winter Steelhead","Steelhead","Winter","White River",2015,293,"NOSAIJ",2,"fcb7a6a6-9818-4e6b-ad88-ebcc4dec4697"
"Steelhead (Puget Sound DPS)","Puget Sound steelhead","Puget Sound Steelhead DPS","White River - winter Steelhead","Steelhead","Winter","White River",2016,510,"NOSAIJ",2,"fcb7a6a6-9818-4e6b-ad88-ebcc4dec4697"
"Steelhead (Puget Sound DPS)","Puget Sound steelhead","Puget Sound Steelhead DPS","White River - winter Steelhead","Steelhead","Winter","White River",2017,359,"NOSAIJ",2,"fcb7a6a6-9818-4e6b-ad88-ebcc4dec4697"
"Steelhead (Puget Sound DPS)","Puget Sound steelhead","Puget Sound Steelhead DPS","White River - winter Steelhead","Steelhead","Winter","White River",2018,771,"NOSAIJ",2,"fcb7a6a6-9818-4e6b-ad88-ebcc4dec4697"
"Steelhead (Puget Sound DPS)","Puget Sound steelhead","Puget Sound Steelhead DPS","White River - winter Steelhead","Steelhead","Winter","White River",2019,521,"NOSAIJ",2,"fcb7a6a6-9818-4e6b-ad88-ebcc4dec4697"
"Steelhead (Puget Sound DPS)","Puget Sound steelhead","Puget Sound Steelhead DPS","White River - winter Steelhead","Steelhead","Winter","White River",2020,370,"NOSAIJ",2,"fcb7a6a6-9818-4e6b-ad88-ebcc4dec4697"
"Steelhead (Puget Sound DPS)","Puget Sound steelhead","Puget Sound Steelhead DPS","White River - winter Steelhead","Steelhead","Winter","White River",2021,138,"NOSAIJ",2,"fcb7a6a6-9818-4e6b-ad88-ebcc4dec4697"
"Steelhead (Puget Sound DPS)","Puget Sound steelhead","Puget Sound Steelhead DPS","White River - winter Steelhead","Steelhead","Winter","White River",2022,205,"NOSAIJ",2,"fcb7a6a6-9818-4e6b-ad88-ebcc4dec4697"
"Steelhead (Puget Sound DPS)","Puget Sound steelhead","Puget Sound Steelhead DPS","White River - winter Steelhead","Steelhead","Winter","White River",2023,119,"NOSAIJ",2,"fcb7a6a6-9818-4e6b-ad88-ebcc4dec4697"
"Steelhead (Puget Sound DPS)","Puget Sound steelhead","Puget Sound Steelhead DPS","White River - winter Steelhead","Steelhead","Winter","White River",2024,301,"NOSAIJ",2,"fcb7a6a6-9818-4e6b-ad88-ebcc4dec4697"
"Steelhead (Puget Sound DPS)","Puget Sound steelhead","Puget Sound Steelhead DPS","White River - winter Steelhead","Steelhead","Winter","White River",2025,182,"NOSAIJ",2,"fcb7a6a6-9818-4e6b-ad88-ebcc4dec4697"
"Steelhead (Snake River Basin DPS)","Snake River steelhead","Lower Snake","Joseph Creek - summer Steelhead","Steelhead","Summer","Joseph Creek                                      ",2011,1739,"NOSAIJ",2,"0f63a7ed-534c-4748-ad95-96b1b62b82de"
"Steelhead (Snake River Basin DPS)","Snake River steelhead","Lower Snake","Joseph Creek - summer Steelhead","Steelhead","Summer","Joseph Creek                                      ",2012,1915,"NOSAIJ",2,"0f63a7ed-534c-4748-ad95-96b1b62b82de"
"Steelhead (Snake River Basin DPS)","Snake River steelhead","Lower Snake","Joseph Creek - summer Steelhead","Steelhead","Summer","Joseph Creek                                      ",2013,1788,"NOSAIJ",2,"0f63a7ed-534c-4748-ad95-96b1b62b82de"
"Steelhead (Snake River Basin DPS)","Snake River steelhead","Lower Snake","Joseph Creek - summer Steelhead","Steelhead","Summer","Joseph Creek                                      ",2014,2036,"NOSAIJ",2,"0f63a7ed-534c-4748-ad95-96b1b62b82de"
"Steelhead (Snake River Basin DPS)","Snake River steelhead","Lower Snake","Joseph Creek - summer Steelhead","Steelhead","Summer","Joseph Creek                                      ",2015,3212,"NOSAIJ",2,"0f63a7ed-534c-4748-ad95-96b1b62b82de"
"Steelhead (Snake River Basin DPS)","Snake River steelhead","Lower Snake","Joseph Creek - summer Steelhead","Steelhead","Summer","Joseph Creek                                      ",2016,1914,"NOSAIJ",2,"0f63a7ed-534c-4748-ad95-96b1b62b82de"
"Steelhead (Snake River Basin DPS)","Snake River steelhead","Lower Snake","Joseph Creek - summer Steelhead","Steelhead","Summer","Joseph Creek                                      ",2017,615,"NOSAIJ",2,"0f63a7ed-534c-4748-ad95-96b1b62b82de"
"Steelhead (Snake River Basin DPS)","Snake River steelhead","Lower Snake","Joseph Creek - summer Steelhead","Steelhead","Summer","Joseph Creek                                      ",2018,750,"NOSAIJ",2,"0f63a7ed-534c-4748-ad95-96b1b62b82de"
"Steelhead (Snake River Basin DPS)","Snake River steelhead","Lower Snake","Joseph Creek - summer Steelhead","Steelhead","Summer","Joseph Creek                                      ",2019,478,"NOSAIJ",2,"0f63a7ed-534c-4748-ad95-96b1b62b82de"
"Steelhead (Snake River Basin DPS)","Snake River steelhead","Lower Snake","Joseph Creek - summer Steelhead","Steelhead","Summer","Joseph Creek and Tributaries",2020,523,"NOSAIJ",3,"17ae3103-2fa6-4edc-b6ec-0574f48c00ad"
"Steelhead (Snake River Basin DPS)","Snake River steelhead","Lower Snake","Joseph Creek - summer Steelhead","Steelhead","Summer","Joseph Creek and Tributaries",2021,739,"NOSAIJ",3,"17ae3103-2fa6-4edc-b6ec-0574f48c00ad"
"Steelhead (Snake River Basin DPS)","Snake River steelhead","Lower Snake","Joseph Creek - summer Steelhead","Steelhead","Summer","Joseph Creek and Tributaries",2022,280,"NOSAIJ",3,"17ae3103-2fa6-4edc-b6ec-0574f48c00ad"
"Steelhead (Snake River Basin DPS)","Snake River steelhead","Lower Snake","Joseph Creek - summer Steelhead","Steelhead","Summer","Joseph Creek and Tributaries",2023,333,"NOSAIJ",3,"17ae3103-2fa6-4edc-b6ec-0574f48c00ad"
"Steelhead (Snake River Basin DPS)","Snake River steelhead","Lower Snake","Joseph Creek - summer Steelhead","Steelhead","Summer","Joseph Creek                                      ",2024,482,"NOSAIJ",2,"0f63a7ed-534c-4748-ad95-96b1b62b82de"
"Steelhead (Snake River Basin DPS)","Snake River steelhead","Lower Snake","Joseph Creek - summer Steelhead","Steelhead","Summer","Joseph Creek                                      ",2025,618,"NOSAIJ",2,"0f63a7ed-534c-4748-ad95-96b1b62b82de"
"Steelhead (Snake River Basin DPS)","Snake River steelhead","Lower Snake","Tucannon River - summer Steelhead","Steelhead","Summer","Tucannon River",2010,1362,"NOSAIJ",1,"264600fb-4554-47ce-9bc0-5031504de8e8"
"Steelhead (Snake River Basin DPS)","Snake River steelhead","Lower Snake","Tucannon River - summer Steelhead","Steelhead","Summer","Tucannon River",2011,1067,"NOSAIJ",1,"264600fb-4554-47ce-9bc0-5031504de8e8"
"Steelhead (Snake River Basin DPS)","Snake River steelhead","Lower Snake","Tucannon River - summer Steelhead","Steelhead","Summer","Tucannon River",2012,1210,"NOSAIJ",1,"264600fb-4554-47ce-9bc0-5031504de8e8"
"Steelhead (Snake River Basin DPS)","Snake River steelhead","Lower Snake","Tucannon River - summer Steelhead","Steelhead","Summer","Tucannon River",2013,626,"NOSAIJ",1,"264600fb-4554-47ce-9bc0-5031504de8e8"
"Steelhead (Snake River Basin DPS)","Snake River steelhead","Lower Snake","Tucannon River - summer Steelhead","Steelhead","Summer","Tucannon River",2014,733,"NOSAIJ",1,"264600fb-4554-47ce-9bc0-5031504de8e8"
"Steelhead (Snake River Basin DPS)","Snake River steelhead","Lower Snake","Tucannon River - summer Steelhead","Steelhead","Summer","Tucannon River",2015,1164,"NOSAIJ",1,"264600fb-4554-47ce-9bc0-5031504de8e8"
"Steelhead (Snake River Basin DPS)","Snake River steelhead","Lower Snake","Tucannon River - summer Steelhead","Steelhead","Summer","Tucannon River",2016,884,"NOSAIJ",1,"264600fb-4554-47ce-9bc0-5031504de8e8"
"Steelhead (Snake River Basin DPS)","Snake River steelhead","Lower Snake","Tucannon River - summer Steelhead","Steelhead","Summer","Tucannon River",2017,370,"NOSAIJ",1,"264600fb-4554-47ce-9bc0-5031504de8e8"
"Steelhead (Snake River Basin DPS)","Snake River steelhead","Lower Snake","Tucannon River - summer Steelhead","Steelhead","Summer","Tucannon River",2018,596,"NOSAIJ",1,"264600fb-4554-47ce-9bc0-5031504de8e8"
"Steelhead (Snake River Basin DPS)","Snake River steelhead","Lower Snake","Tucannon River - summer Steelhead","Steelhead","Summer","Tucannon River",2019,337,"NOSAIJ",1,"264600fb-4554-47ce-9bc0-5031504de8e8"
"Steelhead (Snake River Basin DPS)","Snake River steelhead","Lower Snake","Tucannon River - summer Steelhead","Steelhead","Summer","Tucannon River",2020,433,"NOSAIJ",1,"264600fb-4554-47ce-9bc0-5031504de8e8"
"Steelhead (Snake River Basin DPS)","Snake River steelhead","Lower Snake","Tucannon River - summer Steelhead","Steelhead","Summer","Tucannon River",2021,417,"NOSAIJ",1,"264600fb-4554-47ce-9bc0-5031504de8e8"
"Steelhead (Snake River Basin DPS)","Snake River steelhead","Lower Snake","Tucannon River - summer Steelhead","Steelhead","Summer","Tucannon River",2022,316,"NOSAIJ",1,"264600fb-4554-47ce-9bc0-5031504de8e8"
"Steelhead (Snake River Basin DPS)","Snake River steelhead","Lower Snake","Tucannon River - summer Steelhead","Steelhead","Summer","Tucannon River",2023,481,"NOSAIJ",1,"264600fb-4554-47ce-9bc0-5031504de8e8"
"Steelhead (Snake River Basin DPS)","Snake River steelhead","Lower Snake","Tucannon River - summer Steelhead","Steelhead","Summer","Tucannon River",2024,560,"NOSAIJ",1,"264600fb-4554-47ce-9bc0-5031504de8e8"
"Steelhead (Snake River Basin DPS)","Snake River steelhead","Lower Snake","Tucannon River - summer Steelhead","Steelhead","Summer","Tucannon River",2025,553,"NOSAIJ",1,"264600fb-4554-47ce-9bc0-5031504de8e8"
"Steelhead (Upper Columbia River DPS)","Upper Columbia steelhead","North Cascades","Entiat River - summer Steelhead","Steelhead","Summer","Entiat River",1997,31,"NOSAIJ",1,"3f615efb-a965-486c-b5bf-cacd5b3f1393"
"Steelhead (Upper Columbia River DPS)","Upper Columbia steelhead","North Cascades","Entiat River - summer Steelhead","Steelhead","Summer","Entiat River",1998,37,"NOSAIJ",1,"3f615efb-a965-486c-b5bf-cacd5b3f1393"
"Steelhead (Upper Columbia River DPS)","Upper Columbia steelhead","North Cascades","Entiat River - summer Steelhead","Steelhead","Summer","Entiat River",1999,38,"NOSAIJ",1,"3f615efb-a965-486c-b5bf-cacd5b3f1393"
"Steelhead (Upper Columbia River DPS)","Upper Columbia steelhead","North Cascades","Entiat River - summer Steelhead","Steelhead","Summer","Entiat River",2000,51,"NOSAIJ",1,"3f615efb-a965-486c-b5bf-cacd5b3f1393"
"Steelhead (Upper Columbia River DPS)","Upper Columbia steelhead","North Cascades","Entiat River - summer Steelhead","Steelhead","Summer","Entiat River",2001,98,"NOSAIJ",1,"3f615efb-a965-486c-b5bf-cacd5b3f1393"
"Steelhead (Upper Columbia River DPS)","Upper Columbia steelhead","North Cascades","Entiat River - summer Steelhead","Steelhead","Summer","Entiat River",2002,266,"NOSAIJ",1,"3f615efb-a965-486c-b5bf-cacd5b3f1393"
"Steelhead (Upper Columbia River DPS)","Upper Columbia steelhead","North Cascades","Entiat River - summer Steelhead","Steelhead","Summer","Entiat River",2003,117,"NOSAIJ",1,"3f615efb-a965-486c-b5bf-cacd5b3f1393"
"Steelhead (Upper Columbia River DPS)","Upper Columbia steelhead","North Cascades","Entiat River - summer Steelhead","Steelhead","Summer","Entiat River",2004,94,"NOSAIJ",1,"3f615efb-a965-486c-b5bf-cacd5b3f1393"
"Steelhead (Upper Columbia River DPS)","Upper Columbia steelhead","North Cascades","Entiat River - summer Steelhead","Steelhead","Summer","Entiat River",2005,116,"NOSAIJ",1,"3f615efb-a965-486c-b5bf-cacd5b3f1393"
"Steelhead (Upper Columbia River DPS)","Upper Columbia steelhead","North Cascades","Entiat River - summer Steelhead","Steelhead","Summer","Entiat River",2006,128,"NOSAIJ",1,"3f615efb-a965-486c-b5bf-cacd5b3f1393"
"Steelhead (Upper Columbia River DPS)","Upper Columbia steelhead","North Cascades","Entiat River - summer Steelhead","Steelhead","Summer","Entiat River",2007,59,"NOSAIJ",1,"3f615efb-a965-486c-b5bf-cacd5b3f1393"
"Steelhead (Upper Columbia River DPS)","Upper Columbia steelhead","North Cascades","Entiat River - summer Steelhead","Steelhead","Summer","Entiat River",2008,123,"NOSAIJ",1,"3f615efb-a965-486c-b5bf-cacd5b3f1393"
"Steelhead (Upper Columbia River DPS)","Upper Columbia steelhead","North Cascades","Entiat River - summer Steelhead","Steelhead","Summer","Entiat River",2009,102,"NOSAIJ",1,"3f615efb-a965-486c-b5bf-cacd5b3f1393"
"Steelhead (Upper Columbia River DPS)","Upper Columbia steelhead","North Cascades","Entiat River - summer Steelhead","Steelhead","Summer","Entiat River",2010,297,"NOSAIJ",1,"3f615efb-a965-486c-b5bf-cacd5b3f1393"
"Steelhead (Upper Columbia River DPS)","Upper Columbia steelhead","North Cascades","Entiat River - summer Steelhead","Steelhead","Summer","Entiat River",2011,695,"NOSAIJ",1,"250062cd-de57-446a-a541-2c604f6f20d3"
"Steelhead (Upper Columbia River DPS)","Upper Columbia steelhead","North Cascades","Entiat River - summer Steelhead","Steelhead","Summer","Entiat River",2012,519,"NOSAIJ",1,"250062cd-de57-446a-a541-2c604f6f20d3"
"Steelhead (Upper Columbia River DPS)","Upper Columbia steelhead","North Cascades","Entiat River - summer Steelhead","Steelhead","Summer","Entiat River",2013,243,"NOSAIJ",1,"250062cd-de57-446a-a541-2c604f6f20d3"
"Steelhead (Upper Columbia River DPS)","Upper Columbia steelhead","North Cascades","Entiat River - summer Steelhead","Steelhead","Summer","Entiat River",2014,420,"NOSAIJ",1,"250062cd-de57-446a-a541-2c604f6f20d3"
"Steelhead (Upper Columbia River DPS)","Upper Columbia steelhead","North Cascades","Entiat River - summer Steelhead","Steelhead","Summer","Entiat River",2015,583,"NOSAIJ",1,"250062cd-de57-446a-a541-2c604f6f20d3"
"Steelhead (Upper Columbia River DPS)","Upper Columbia steelhead","North Cascades","Entiat River - summer Steelhead","Steelhead","Summer","Entiat River",2016,586,"NOSAIJ",1,"250062cd-de57-446a-a541-2c604f6f20d3"
"Steelhead (Upper Columbia River DPS)","Upper Columbia steelhead","North Cascades","Entiat River - summer Steelhead","Steelhead","Summer","Entiat River",2017,238,"NOSAIJ",1,"250062cd-de57-446a-a541-2c604f6f20d3"
"Steelhead (Upper Columbia River DPS)","Upper Columbia steelhead","North Cascades","Entiat River - summer Steelhead","Steelhead","Summer","Entiat River",2018,111,"NOSAIJ",1,"250062cd-de57-446a-a541-2c604f6f20d3"
"Steelhead (Upper Columbia River DPS)","Upper Columbia steelhead","North Cascades","Entiat River - summer Steelhead","Steelhead","Summer","Entiat River",2019,147,"NOSAIJ",1,"250062cd-de57-446a-a541-2c604f6f20d3"
"Steelhead (Upper Columbia River DPS)","Upper Columbia steelhead","North Cascades","Entiat River - summer Steelhead","Steelhead","Summer","Entiat River",2020,290,"NOSAIJ",1,"250062cd-de57-446a-a541-2c604f6f20d3"
"Steelhead (Upper Columbia River DPS)","Upper Columbia steelhead","North Cascades","Entiat River - summer Steelhead","Steelhead","Summer","Entiat River",2021,412,"NOSAIJ",1,"250062cd-de57-446a-a541-2c604f6f20d3"
"Steelhead (Upper Columbia River DPS)","Upper Columbia steelhead","North Cascades","Entiat River - summer Steelhead","Steelhead","Summer","Entiat River",2022,223,"NOSAIJ",1,"250062cd-de57-446a-a541-2c604f6f20d3"
"Steelhead (Upper Columbia River DPS)","Upper Columbia steelhead","North Cascades","Entiat River - summer Steelhead","Steelhead","Summer","Entiat River",2023,235,"NOSAIJ",1,"250062cd-de57-446a-a541-2c604f6f20d3"
"Steelhead (Upper Columbia River DPS)","Upper Columbia steelhead","North Cascades","Entiat River - summer Steelhead","Steelhead","Summer","Entiat River",2024,245,"NOSAIJ",1,"250062cd-de57-446a-a541-2c604f6f20d3"
"Steelhead (Upper Columbia River DPS)","Upper Columbia steelhead","North Cascades","Entiat River - summer Steelhead","Steelhead","Summer","Entiat River",2025,286,"NOSAIJ",1,"250062cd-de57-446a-a541-2c604f6f20d3"
"Steelhead (Upper Columbia River DPS)","Upper Columbia steelhead","North Cascades","Methow River - summer Steelhead","Steelhead","Summer","Methow River",1997,164,"NOSAIJ",2,"ce70003d-2653-4c34-88d5-b8b55fa18159"
"Steelhead (Upper Columbia River DPS)","Upper Columbia steelhead","North Cascades","Methow River - summer Steelhead","Steelhead","Summer","Methow River",1998,69,"NOSAIJ",2,"ce70003d-2653-4c34-88d5-b8b55fa18159"
"Steelhead (Upper Columbia River DPS)","Upper Columbia steelhead","North Cascades","Methow River - summer Steelhead","Steelhead","Summer","Methow River",1999,136,"NOSAIJ",2,"ce70003d-2653-4c34-88d5-b8b55fa18159"
"Steelhead (Upper Columbia River DPS)","Upper Columbia steelhead","North Cascades","Methow River - summer Steelhead","Steelhead","Summer","Methow River",2000,242,"NOSAIJ",2,"ce70003d-2653-4c34-88d5-b8b55fa18159"
"Steelhead (Upper Columbia River DPS)","Upper Columbia steelhead","North Cascades","Methow River - summer Steelhead","Steelhead","Summer","Methow River",2001,336,"NOSAIJ",2,"ce70003d-2653-4c34-88d5-b8b55fa18159"
"Steelhead (Upper Columbia River DPS)","Upper Columbia steelhead","North Cascades","Methow River - summer Steelhead","Steelhead","Summer","Methow River",2002,562,"NOSAIJ",2,"ce70003d-2653-4c34-88d5-b8b55fa18159"
"Steelhead (Upper Columbia River DPS)","Upper Columbia steelhead","North Cascades","Methow River - summer Steelhead","Steelhead","Summer","Methow River",2003,489,"NOSAIJ",2,"ce70003d-2653-4c34-88d5-b8b55fa18159"
"Steelhead (Upper Columbia River DPS)","Upper Columbia steelhead","North Cascades","Methow River - summer Steelhead","Steelhead","Summer","Methow River",2004,652,"NOSAIJ",2,"3ffb12d1-7ed9-44c6-bf93-6286025112bd"
"Steelhead (Upper Columbia River DPS)","Upper Columbia steelhead","North Cascades","Methow River - summer Steelhead","Steelhead","Summer","Methow River",2005,496,"NOSAIJ",2,"4307e177-2559-433a-a8f8-a2d75a757189"
"Steelhead (Upper Columbia River DPS)","Upper Columbia steelhead","North Cascades","Methow River - summer Steelhead","Steelhead","Summer","Methow River",2006,422,"NOSAIJ",2,"4307e177-2559-433a-a8f8-a2d75a757189"
"Steelhead (Upper Columbia River DPS)","Upper Columbia steelhead","North Cascades","Methow River - summer Steelhead","Steelhead","Summer","Methow River",2007,369,"NOSAIJ",2,"4307e177-2559-433a-a8f8-a2d75a757189"
"Steelhead (Upper Columbia River DPS)","Upper Columbia steelhead","North Cascades","Methow River - summer Steelhead","Steelhead","Summer","Methow River",2008,729,"NOSAIJ",3,"03c66cf9-f906-422a-96e4-451869683469"
"Steelhead (Upper Columbia River DPS)","Upper Columbia steelhead","North Cascades","Methow River - summer Steelhead","Steelhead","Summer","Methow River",2009,656,"NOSAIJ",3,"af815f28-3fec-443e-9939-ce08ce855808"
"Steelhead (Upper Columbia River DPS)","Upper Columbia steelhead","North Cascades","Methow River - summer Steelhead","Steelhead","Summer","Methow River",2010,1106,"NOSAIJ",3,"af815f28-3fec-443e-9939-ce08ce855808"
"Steelhead (Upper Columbia River DPS)","Upper Columbia steelhead","North Cascades","Methow River - summer Steelhead","Steelhead","Summer","Methow River",2011,1119,"NOSAIJ",3,"af815f28-3fec-443e-9939-ce08ce855808"
"Steelhead (Upper Columbia River DPS)","Upper Columbia steelhead","North Cascades","Methow River - summer Steelhead","Steelhead","Summer","Methow River",2012,987,"NOSAIJ",3,"af815f28-3fec-443e-9939-ce08ce855808"
"Steelhead (Upper Columbia River DPS)","Upper Columbia steelhead","North Cascades","Methow River - summer Steelhead","Steelhead","Summer","Methow River",2013,511,"NOSAIJ",3,"af815f28-3fec-443e-9939-ce08ce855808"
"Steelhead (Upper Columbia River DPS)","Upper Columbia steelhead","North Cascades","Methow River - summer Steelhead","Steelhead","Summer","Methow River",2014,640,"NOSAIJ",3,"af815f28-3fec-443e-9939-ce08ce855808"
"Steelhead (Upper Columbia River DPS)","Upper Columbia steelhead","North Cascades","Methow River - summer Steelhead","Steelhead","Summer","Methow River",2015,785,"NOSAIJ",3,"af815f28-3fec-443e-9939-ce08ce855808"
"Steelhead (Upper Columbia River DPS)","Upper Columbia steelhead","North Cascades","Methow River - summer Steelhead","Steelhead","Summer","Methow River",2016,849,"NOSAIJ",3,"af815f28-3fec-443e-9939-ce08ce855808"
"Steelhead (Upper Columbia River DPS)","Upper Columbia steelhead","North Cascades","Methow River - summer Steelhead","Steelhead","Summer","Methow River",2017,396,"NOSAIJ",3,"af815f28-3fec-443e-9939-ce08ce855808"
"Steelhead (Upper Columbia River DPS)","Upper Columbia steelhead","North Cascades","Methow River - summer Steelhead","Steelhead","Summer","Methow River",2018,461,"NOSAIJ",3,"988cc7a5-7a04-4be4-a473-a9f7b7825858"
"Steelhead (Upper Columbia River DPS)","Upper Columbia steelhead","North Cascades","Methow River - summer Steelhead","Steelhead","Summer","Methow River",2019,452,"NOSAIJ",3,"988cc7a5-7a04-4be4-a473-a9f7b7825858"
"Steelhead (Upper Columbia River DPS)","Upper Columbia steelhead","North Cascades","Methow River - summer Steelhead","Steelhead","Summer","Methow River",2020,535,"NOSAIJ",3,"e86bdfdd-0ccf-4567-b7d5-3ada174fb550"
"Steelhead (Upper Columbia River DPS)","Upper Columbia steelhead","North Cascades","Methow River - summer Steelhead","Steelhead","Summer","Methow River",2021,376,"NOSAIJ",3,"e86bdfdd-0ccf-4567-b7d5-3ada174fb550"
"Steelhead (Upper Columbia River DPS)","Upper Columbia steelhead","North Cascades","Methow River - summer Steelhead","Steelhead","Summer","Methow River",2022,425,"NOSAIJ",3,"e86bdfdd-0ccf-4567-b7d5-3ada174fb550"
"Steelhead (Upper Columbia River DPS)","Upper Columbia steelhead","North Cascades","Methow River - summer Steelhead","Steelhead","Summer","Methow River",2023,454,"NOSAIJ",3,"e86bdfdd-0ccf-4567-b7d5-3ada174fb550"
"Steelhead (Upper Columbia River DPS)","Upper Columbia steelhead","North Cascades","Methow River - summer Steelhead","Steelhead","Summer","Methow River",2024,809,"NOSAIJ",3,"03c66cf9-f906-422a-96e4-451869683469"
"Steelhead (Upper Columbia River DPS)","Upper Columbia steelhead","North Cascades","Methow River - summer Steelhead","Steelhead","Summer","Methow River",2025,666,"NOSAIJ",3,"03c66cf9-f906-422a-96e4-451869683469"
"Steelhead (Upper Columbia River DPS)","Upper Columbia steelhead","North Cascades","Okanogan River - summer Steelhead","Steelhead","Summer","Okanogan River",1997,27,"NOSAIJ",2,"09f078ae-83c7-453a-96ea-44a411ba22dc"
"Steelhead (Upper Columbia River DPS)","Upper Columbia steelhead","North Cascades","Okanogan River - summer Steelhead","Steelhead","Summer","Okanogan River",1998,20,"NOSAIJ",2,"09f078ae-83c7-453a-96ea-44a411ba22dc"
"Steelhead (Upper Columbia River DPS)","Upper Columbia steelhead","North Cascades","Okanogan River - summer Steelhead","Steelhead","Summer","Okanogan River",1999,40,"NOSAIJ",2,"09f078ae-83c7-453a-96ea-44a411ba22dc"
"Steelhead (Upper Columbia River DPS)","Upper Columbia steelhead","North Cascades","Okanogan River - summer Steelhead","Steelhead","Summer","Okanogan River",2000,64,"NOSAIJ",2,"09f078ae-83c7-453a-96ea-44a411ba22dc"
"Steelhead (Upper Columbia River DPS)","Upper Columbia steelhead","North Cascades","Okanogan River - summer Steelhead","Steelhead","Summer","Okanogan River",2001,99,"NOSAIJ",2,"09f078ae-83c7-453a-96ea-44a411ba22dc"
"Steelhead (Upper Columbia River DPS)","Upper Columbia steelhead","North Cascades","Okanogan River - summer Steelhead","Steelhead","Summer","Okanogan River",2002,157,"NOSAIJ",2,"09f078ae-83c7-453a-96ea-44a411ba22dc"
"Steelhead (Upper Columbia River DPS)","Upper Columbia steelhead","North Cascades","Okanogan River - summer Steelhead","Steelhead","Summer","Okanogan River",2003,142,"NOSAIJ",2,"09f078ae-83c7-453a-96ea-44a411ba22dc"
"Steelhead (Upper Columbia River DPS)","Upper Columbia steelhead","North Cascades","Okanogan River - summer Steelhead","Steelhead","Summer","Okanogan River",2004,189,"NOSAIJ",2,"09f078ae-83c7-453a-96ea-44a411ba22dc"
"Steelhead (Upper Columbia River DPS)","Upper Columbia steelhead","North Cascades","Okanogan River - summer Steelhead","Steelhead","Summer","Okanogan River",2005,146,"NOSAIJ",2,"09f078ae-83c7-453a-96ea-44a411ba22dc"
"Steelhead (Upper Columbia River DPS)","Upper Columbia steelhead","North Cascades","Okanogan River - summer Steelhead","Steelhead","Summer","Okanogan River",2006,197,"NOSAIJ",1,"730220dd-9dff-404a-aed7-b3c074296ef5"
"Steelhead (Upper Columbia River DPS)","Upper Columbia steelhead","North Cascades","Okanogan River - summer Steelhead","Steelhead","Summer","Okanogan River",2007,152,"NOSAIJ",1,"e14ac331-96b4-47d6-913f-ee730867eae8"
"Steelhead (Upper Columbia River DPS)","Upper Columbia steelhead","North Cascades","Okanogan River - summer Steelhead","Steelhead","Summer","Okanogan River",2008,225,"NOSAIJ",1,"bf2a1b72-be99-49b2-93f2-72c3613b53b4"
"Steelhead (Upper Columbia River DPS)","Upper Columbia steelhead","North Cascades","Okanogan River - summer Steelhead","Steelhead","Summer","Okanogan River",2009,212,"NOSAIJ",1,"8200044d-de31-4967-ad3d-b394c40f8921"
"Steelhead (Upper Columbia River DPS)","Upper Columbia steelhead","North Cascades","Okanogan River - summer Steelhead","Steelhead","Summer","Okanogan River",2010,728,"NOSAIJ",1,"29de25d7-faca-416a-85c1-e56cf2b02d16"
"Steelhead (Upper Columbia River DPS)","Upper Columbia steelhead","North Cascades","Okanogan River - summer Steelhead","Steelhead","Summer","Okanogan River",2011,333,"NOSAIJ",1,"619c720b-5870-4340-baaa-f91a75110b50"
"Steelhead (Upper Columbia River DPS)","Upper Columbia steelhead","North Cascades","Okanogan River - summer Steelhead","Steelhead","Summer","Okanogan River",2012,327,"NOSAIJ",1,"c4e10ee0-6b9b-4855-8ca4-15d4da2127cc"
"Steelhead (Upper Columbia River DPS)","Upper Columbia steelhead","North Cascades","Okanogan River - summer Steelhead","Steelhead","Summer","Okanogan River",2013,250,"NOSAIJ",1,"2ccf7715-8064-4ae8-b33a-cc474b7f58cf"
"Steelhead (Upper Columbia River DPS)","Upper Columbia steelhead","North Cascades","Okanogan River - summer Steelhead","Steelhead","Summer","Okanogan River",2014,518,"NOSAIJ",1,"f2c00cb7-cbe5-48c2-8d8f-8e415463b7ff"
"Steelhead (Upper Columbia River DPS)","Upper Columbia steelhead","North Cascades","Okanogan River - summer Steelhead","Steelhead","Summer","Okanogan River",2015,452,"NOSAIJ",1,"976577d3-cdae-4567-bd31-270236c05a64"
"Steelhead (Upper Columbia River DPS)","Upper Columbia steelhead","North Cascades","Okanogan River - summer Steelhead","Steelhead","Summer","Okanogan River",2016,391,"NOSAIJ",1,"41fa5b04-34f5-4b7a-8f1f-7adc9bfae0c6"
"Steelhead (Upper Columbia River DPS)","Upper Columbia steelhead","North Cascades","Okanogan River - summer Steelhead","Steelhead","Summer","Okanogan River",2017,115,"NOSAIJ",1,"b21edad5-141f-4b7e-a44d-8a1dd189a866"
"Steelhead (Upper Columbia River DPS)","Upper Columbia steelhead","North Cascades","Okanogan River - summer Steelhead","Steelhead","Summer","Okanogan River",2018,120,"NOSAIJ",1,"a900930b-8fcb-4662-a646-f233b78bd29a"
"Steelhead (Upper Columbia River DPS)","Upper Columbia steelhead","North Cascades","Okanogan River - summer Steelhead","Steelhead","Summer","Okanogan River",2019,167,"NOSAIJ",1,"9daebbbe-b2af-411f-ad25-b86baea2cad4"
"Steelhead (Upper Columbia River DPS)","Upper Columbia steelhead","North Cascades","Okanogan River - summer Steelhead","Steelhead","Summer","Okanogan River",2020,260,"NOSAIJ",1,"b98753de-c953-4aff-841b-66469beaba39"
"Steelhead (Upper Columbia River DPS)","Upper Columbia steelhead","North Cascades","Okanogan River - summer Steelhead","Steelhead","Summer","Okanogan River",2021,137,"NOSAIJ",2,"09f078ae-83c7-453a-96ea-44a411ba22dc"
"Steelhead (Upper Columbia River DPS)","Upper Columbia steelhead","North Cascades","Okanogan River - summer Steelhead","Steelhead","Summer","Okanogan River",2022,111,"NOSAIJ",2,"09f078ae-83c7-453a-96ea-44a411ba22dc"
"Steelhead (Upper Columbia River DPS)","Upper Columbia steelhead","North Cascades","Okanogan River - summer Steelhead","Steelhead","Summer","Okanogan River",2023,151,"NOSAIJ",2,"09f078ae-83c7-453a-96ea-44a411ba22dc"
"Steelhead (Upper Columbia River DPS)","Upper Columbia steelhead","North Cascades","Okanogan River - summer Steelhead","Steelhead","Summer","Okanogan River",2024,176,"NOSAIJ",1,"b21edad5-141f-4b7e-a44d-8a1dd189a866"
"Steelhead (Upper Columbia River DPS)","Upper Columbia steelhead","North Cascades","Okanogan River - summer Steelhead","Steelhead","Summer","Okanogan River",2025,124,"NOSAIJ",1,"b21edad5-141f-4b7e-a44d-8a1dd189a866"
"Steelhead (Upper Columbia River DPS)","Upper Columbia steelhead","North Cascades","Wenatchee River - summer Steelhead","Steelhead","Summer","Wenatchee River",1997,276,"NOSAIJ",1,"b8a66eb6-2979-4f8d-848a-5821f3b91532"
"Steelhead (Upper Columbia River DPS)","Upper Columbia steelhead","North Cascades","Wenatchee River - summer Steelhead","Steelhead","Summer","Wenatchee River",1998,261,"NOSAIJ",1,"b8a66eb6-2979-4f8d-848a-5821f3b91532"
"Steelhead (Upper Columbia River DPS)","Upper Columbia steelhead","North Cascades","Wenatchee River - summer Steelhead","Steelhead","Summer","Wenatchee River",1999,207,"NOSAIJ",1,"b8a66eb6-2979-4f8d-848a-5821f3b91532"
"Steelhead (Upper Columbia River DPS)","Upper Columbia steelhead","North Cascades","Wenatchee River - summer Steelhead","Steelhead","Summer","Wenatchee River",2000,262,"NOSAIJ",1,"b8a66eb6-2979-4f8d-848a-5821f3b91532"
"Steelhead (Upper Columbia River DPS)","Upper Columbia steelhead","North Cascades","Wenatchee River - summer Steelhead","Steelhead","Summer","Wenatchee River",2001,537,"NOSAIJ",1,"b8a66eb6-2979-4f8d-848a-5821f3b91532"
"Steelhead (Upper Columbia River DPS)","Upper Columbia steelhead","North Cascades","Wenatchee River - summer Steelhead","Steelhead","Summer","Wenatchee River",2002,1195,"NOSAIJ",1,"b8a66eb6-2979-4f8d-848a-5821f3b91532"
"Steelhead (Upper Columbia River DPS)","Upper Columbia steelhead","North Cascades","Wenatchee River - summer Steelhead","Steelhead","Summer","Wenatchee River",2003,632,"NOSAIJ",1,"b8a66eb6-2979-4f8d-848a-5821f3b91532"
"Steelhead (Upper Columbia River DPS)","Upper Columbia steelhead","North Cascades","Wenatchee River - summer Steelhead","Steelhead","Summer","Wenatchee River",2004,1264,"NOSAIJ",2,"fec389a2-6d37-4e8c-995f-1db2714d7fe4"
"Steelhead (Upper Columbia River DPS)","Upper Columbia steelhead","North Cascades","Wenatchee River - summer Steelhead","Steelhead","Summer","Wenatchee River",2005,1303,"NOSAIJ",2,"fec389a2-6d37-4e8c-995f-1db2714d7fe4"
"Steelhead (Upper Columbia River DPS)","Upper Columbia steelhead","North Cascades","Wenatchee River - summer Steelhead","Steelhead","Summer","Wenatchee River",2006,714,"NOSAIJ",2,"fec389a2-6d37-4e8c-995f-1db2714d7fe4"
"Steelhead (Upper Columbia River DPS)","Upper Columbia steelhead","North Cascades","Wenatchee River - summer Steelhead","Steelhead","Summer","Wenatchee River",2007,181,"NOSAIJ",2,"fec389a2-6d37-4e8c-995f-1db2714d7fe4"
"Steelhead (Upper Columbia River DPS)","Upper Columbia steelhead","North Cascades","Wenatchee River - summer Steelhead","Steelhead","Summer","Wenatchee River",2008,363,"NOSAIJ",2,"fec389a2-6d37-4e8c-995f-1db2714d7fe4"
"Steelhead (Upper Columbia River DPS)","Upper Columbia steelhead","North Cascades","Wenatchee River - summer Steelhead","Steelhead","Summer","Wenatchee River",2009,447,"NOSAIJ",2,"fec389a2-6d37-4e8c-995f-1db2714d7fe4"
"Steelhead (Upper Columbia River DPS)","Upper Columbia steelhead","North Cascades","Wenatchee River - summer Steelhead","Steelhead","Summer","Wenatchee River",2010,1441,"NOSAIJ",2,"fec389a2-6d37-4e8c-995f-1db2714d7fe4"
"Steelhead (Upper Columbia River DPS)","Upper Columbia steelhead","North Cascades","Wenatchee River - summer Steelhead","Steelhead","Summer","Wenatchee River",2011,1077,"NOSAIJ",3,"6be6d338-1d3d-4601-8fbd-d5ce8204ea3a"
"Steelhead (Upper Columbia River DPS)","Upper Columbia steelhead","North Cascades","Wenatchee River - summer Steelhead","Steelhead","Summer","Wenatchee River",2012,1034,"NOSAIJ",3,"6be6d338-1d3d-4601-8fbd-d5ce8204ea3a"
"Steelhead (Upper Columbia River DPS)","Upper Columbia steelhead","North Cascades","Wenatchee River - summer Steelhead","Steelhead","Summer","Wenatchee River",2013,957,"NOSAIJ",3,"6be6d338-1d3d-4601-8fbd-d5ce8204ea3a"
"Steelhead (Upper Columbia River DPS)","Upper Columbia steelhead","North Cascades","Wenatchee River - summer Steelhead","Steelhead","Summer","Wenatchee River",2014,874,"NOSAIJ",4,"ba439fb4-2b7a-4292-8434-3c7d52926eff"
"Steelhead (Upper Columbia River DPS)","Upper Columbia steelhead","North Cascades","Wenatchee River - summer Steelhead","Steelhead","Summer","Wenatchee River",2015,957,"NOSAIJ",4,"ba439fb4-2b7a-4292-8434-3c7d52926eff"
"Steelhead (Upper Columbia River DPS)","Upper Columbia steelhead","North Cascades","Wenatchee River - summer Steelhead","Steelhead","Summer","Wenatchee River",2016,709,"NOSAIJ",4,"ba439fb4-2b7a-4292-8434-3c7d52926eff"
"Steelhead (Upper Columbia River DPS)","Upper Columbia steelhead","North Cascades","Wenatchee River - summer Steelhead","Steelhead","Summer","Wenatchee River",2017,257,"NOSAIJ",4,"ba439fb4-2b7a-4292-8434-3c7d52926eff"
"Steelhead (Upper Columbia River DPS)","Upper Columbia steelhead","North Cascades","Wenatchee River - summer Steelhead","Steelhead","Summer","Wenatchee River",2018,320,"NOSAIJ",4,"ba439fb4-2b7a-4292-8434-3c7d52926eff"
"Steelhead (Upper Columbia River DPS)","Upper Columbia steelhead","North Cascades","Wenatchee River - summer Steelhead","Steelhead","Summer","Wenatchee River",2019,225,"NOSAIJ",4,"ba439fb4-2b7a-4292-8434-3c7d52926eff"
"Steelhead (Upper Columbia River DPS)","Upper Columbia steelhead","North Cascades","Wenatchee River - summer Steelhead","Steelhead","Summer","Wenatchee River",2020,528,"NOSAIJ",5,"64cd87e4-305f-4c08-88fb-30b5ce33cf9c"
"Steelhead (Upper Columbia River DPS)","Upper Columbia steelhead","North Cascades","Wenatchee River - summer Steelhead","Steelhead","Summer","Wenatchee River",2021,730,"NOSAIJ",4,"ba439fb4-2b7a-4292-8434-3c7d52926eff"
"Steelhead (Upper Columbia River DPS)","Upper Columbia steelhead","North Cascades","Wenatchee River - summer Steelhead","Steelhead","Summer","Wenatchee River",2022,329,"NOSAIJ",4,"ba439fb4-2b7a-4292-8434-3c7d52926eff"
"Steelhead (Upper Columbia River DPS)","Upper Columbia steelhead","North Cascades","Wenatchee River - summer Steelhead","Steelhead","Summer","Wenatchee River",2023,318,"NOSAIJ",4,"ba439fb4-2b7a-4292-8434-3c7d52926eff"
"Steelhead (Upper Columbia River DPS)","Upper Columbia steelhead","North Cascades","Wenatchee River - summer Steelhead","Steelhead","Summer","Wenatchee River",2024,592,"NOSAIJ",4,"ba439fb4-2b7a-4292-8434-3c7d52926eff"
"Steelhead (Upper Columbia River DPS)","Upper Columbia steelhead","North Cascades","Wenatchee River - summer Steelhead","Steelhead","Summer","Wenatchee River",2025,565,"NOSAIJ",4,"ba439fb4-2b7a-4292-8434-3c7d52926eff"
